seasons=all bundles=93884 pending=93884 force=True shard=1/10 assigned=9389
2026-08-23 23:51:41,291 INFO ncaa_identity: contest_id=1343389 season=2010 league=wbb -- teams  not built; ids emitted as nulls
2026-08-23 23:51:41,297 INFO ncaa_identity: contest_id=1343389 teams 0/2188 matched, players 0/851 matched
2026-08-23 23:51:42,493 INFO ncaa_identity: contest_id=1343399 season=2010 league=wbb -- teams  not built; ids emitted as nulls
2026-08-23 23:51:42,497 INFO ncaa_identity: contest_id=1343399 teams 0/2166 matched, players 0/785 matched
2026-08-23 23:51:43,555 INFO ncaa_identity: contest_id=1343409 season=2010 league=wbb -- teams  not built; ids emitted as nulls
2026-08-23 23:51:43,561 INFO ncaa_identity: contest_id=1343409 teams 0/2234 matched, players 0/895 matched
2026-08-23 23:51:45,048 INFO ncaa_identity: contest_id=1343419 season=2010 league=wbb -- teams  not built; ids emitted as nulls
2026-08-23 23:51:45,052 INFO ncaa_identity: contest_id=1343419 teams 0/1968 matched, players 0/702 matched
2026-08-23 23:51:46,238 INFO ncaa_identity: contest_id=1343429 season=2010 league=wbb -- teams  not built; ids emitted as nulls
2026-08-23 23:51:46,242 INFO ncaa_identity: contest_id=1343429 teams 0/1918 matched, players 0/583 matched
2026-08-23 23:51:47,625 INFO ncaa_identity: contest_id=1343439 season=2010 league=wbb -- teams  not built; ids emitted as nulls
2026-08-23 23:51:47,630 INFO ncaa_identity: contest_id=1343439 teams 0/2200 matched, players 0/764 matched
2026-08-23 23:51:49,005 INFO ncaa_identity: contest_id=1343449 season=2010 league=wbb -- teams  not built; ids emitted as nulls
2026-08-23 23:51:49,008 INFO ncaa_identity: contest_id=1343449 teams 0/1684 matched, players 0/626 matched
2026-08-23 23:51:49,949 INFO ncaa_identity: contest_id=1343459 season=2010 league=wbb -- teams  not built; ids emitted as nulls
2026-08-23 23:51:49,953 INFO ncaa_identity: contest_id=1343459 teams 0/2210 matched, players 0/705 matched
2026-08-23 23:51:51,121 INFO ncaa_identity: contest_id=1343469 season=2010 league=wbb -- teams  not built; ids emitted as nulls
2026-08-23 23:51:51,125 INFO ncaa_identity: contest_id=1343469 teams 0/2042 matched, players 0/714 matched
2026-08-23 23:51:52,755 INFO ncaa_identity: contest_id=1343480 season=2010 league=wbb -- teams  not built; ids emitted as nulls
2026-08-23 23:51:52,759 INFO ncaa_identity: contest_id=1343480 teams 0/2102 matched, players 0/673 matched
2026-08-23 23:51:53,959 INFO ncaa_identity: contest_id=1343490 season=2010 league=wbb -- teams  not built; ids emitted as nulls
2026-08-23 23:51:53,964 INFO ncaa_identity: contest_id=1343490 teams 0/2502 matched, players 0/946 matched
2026-08-23 23:51:55,176 INFO ncaa_identity: contest_id=1343500 season=2010 league=wbb -- teams  not built; ids emitted as nulls
2026-08-23 23:51:55,181 INFO ncaa_identity: contest_id=1343500 teams 0/2250 matched, players 0/908 matched
2026-08-23 23:51:56,436 INFO ncaa_identity: contest_id=1343510 season=2010 league=wbb -- teams  not built; ids emitted as nulls
2026-08-23 23:51:56,460 INFO ncaa_identity: contest_id=1343510 teams 0/2723 matched, players 0/7692 matched
2026-08-23 23:51:57,332 INFO ncaa_identity: contest_id=1343520 season=2010 league=wbb -- teams  not built; ids emitted as nulls
2026-08-23 23:51:57,337 INFO ncaa_identity: contest_id=1343520 teams 0/1868 matched, players 0/710 matched
2026-08-23 23:51:58,403 INFO ncaa_identity: contest_id=1343530 season=2010 league=wbb -- teams  not built; ids emitted as nulls
2026-08-23 23:51:58,408 INFO ncaa_identity: contest_id=1343530 teams 0/2244 matched, players 0/830 matched
2026-08-23 23:51:59,396 INFO ncaa_identity: contest_id=1343541 season=2010 league=wbb -- teams  not built; ids emitted as nulls
2026-08-23 23:51:59,399 INFO ncaa_identity: contest_id=1343541 teams 0/1651 matched, players 0/506 matched
2026-08-23 23:52:00,428 INFO ncaa_identity: contest_id=1343552 season=2010 league=wbb -- teams  not built; ids emitted as nulls
2026-08-23 23:52:00,437 INFO ncaa_identity: contest_id=1343552 teams 0/2680 matched, players 0/1177 matched
2026-08-23 23:52:01,301 INFO ncaa_identity: contest_id=1343568 season=2010 league=wbb -- teams  not built; ids emitted as nulls
2026-08-23 23:52:01,306 INFO ncaa_identity: contest_id=1343568 teams 0/2124 matched, players 0/780 matched
2026-08-23 23:52:02,815 INFO ncaa_identity: contest_id=1343590 season=2010 league=wbb -- teams  not built; ids emitted as nulls
2026-08-23 23:52:02,820 INFO ncaa_identity: contest_id=1343590 teams 0/2136 matched, players 0/758 matched
2026-08-23 23:52:04,056 INFO ncaa_identity: contest_id=1343625 season=2010 league=wbb -- teams  not built; ids emitted as nulls
2026-08-23 23:52:04,060 INFO ncaa_identity: contest_id=1343625 teams 0/2124 matched, players 0/672 matched
2026-08-23 23:52:05,359 INFO ncaa_identity: contest_id=1343647 season=2010 league=wbb -- teams  not built; ids emitted as nulls
2026-08-23 23:52:05,362 INFO ncaa_identity: contest_id=1343647 teams 0/1704 matched, players 0/549 matched
2026-08-23 23:52:06,437 INFO ncaa_identity: contest_id=1343682 season=2010 league=wbb -- teams  not built; ids emitted as nulls
2026-08-23 23:52:06,446 INFO ncaa_identity: contest_id=1343682 teams 0/2032 matched, players 0/664 matched
2026-08-23 23:52:07,598 INFO ncaa_identity: contest_id=1343695 season=2010 league=wbb -- teams  not built; ids emitted as nulls
2026-08-23 23:52:07,603 INFO ncaa_identity: contest_id=1343695 teams 0/2176 matched, players 0/844 matched
2026-08-23 23:52:09,185 INFO ncaa_identity: contest_id=1343734 season=2010 league=wbb -- teams  not built; ids emitted as nulls
2026-08-23 23:52:09,191 INFO ncaa_identity: contest_id=1343734 teams 0/2474 matched, players 0/936 matched
2026-08-23 23:52:10,406 INFO ncaa_identity: contest_id=1343751 season=2010 league=wbb -- teams  not built; ids emitted as nulls
2026-08-23 23:52:10,412 INFO ncaa_identity: contest_id=1343751 teams 0/2470 matched, players 0/927 matched
2026-08-23 23:52:11,528 INFO ncaa_identity: contest_id=1343785 season=2010 league=wbb -- teams  not built; ids emitted as nulls
2026-08-23 23:52:11,534 INFO ncaa_identity: contest_id=1343785 teams 0/2400 matched, players 0/1065 matched
2026-08-23 23:52:12,707 INFO ncaa_identity: contest_id=1343814 season=2010 league=wbb -- teams  not built; ids emitted as nulls
2026-08-23 23:52:12,712 INFO ncaa_identity: contest_id=1343814 teams 0/1954 matched, players 0/712 matched
2026-08-23 23:52:13,715 INFO ncaa_identity: contest_id=1343853 season=2010 league=wbb -- teams  not built; ids emitted as nulls
2026-08-23 23:52:13,720 INFO ncaa_identity: contest_id=1343853 teams 0/2254 matched, players 0/943 matched
2026-08-23 23:52:14,953 INFO ncaa_identity: contest_id=1343884 season=2010 league=wbb -- teams  not built; ids emitted as nulls
2026-08-23 23:52:14,958 INFO ncaa_identity: contest_id=1343884 teams 0/2232 matched, players 0/932 matched
2026-08-23 23:52:16,056 INFO ncaa_identity: contest_id=1343913 season=2010 league=wbb -- teams  not built; ids emitted as nulls
2026-08-23 23:52:16,060 INFO ncaa_identity: contest_id=1343913 teams 0/1939 matched, players 0/671 matched
2026-08-23 23:52:17,265 INFO ncaa_identity: contest_id=1343960 season=2010 league=wbb -- teams  not built; ids emitted as nulls
2026-08-23 23:52:17,274 INFO ncaa_identity: contest_id=1343960 teams 0/2222 matched, players 0/883 matched
2026-08-23 23:52:18,729 INFO ncaa_identity: contest_id=1344002 season=2010 league=wbb -- teams  not built; ids emitted as nulls
2026-08-23 23:52:18,735 INFO ncaa_identity: contest_id=1344002 teams 0/2079 matched, players 0/813 matched
2026-08-23 23:52:20,046 INFO ncaa_identity: contest_id=1344041 season=2010 league=wbb -- teams  not built; ids emitted as nulls
2026-08-23 23:52:20,074 INFO ncaa_identity: contest_id=1344041 teams 0/2906 matched, players 0/8241 matched
2026-08-23 23:52:21,301 INFO ncaa_identity: contest_id=1344051 season=2010 league=wbb -- teams  not built; ids emitted as nulls
2026-08-23 23:52:21,322 INFO ncaa_identity: contest_id=1344051 teams 0/2585 matched, players 0/7280 matched
2026-08-23 23:52:22,350 INFO ncaa_identity: contest_id=1344070 season=2010 league=wbb -- teams  not built; ids emitted as nulls
2026-08-23 23:52:22,355 INFO ncaa_identity: contest_id=1344070 teams 0/2312 matched, players 0/946 matched
2026-08-23 23:52:23,340 INFO ncaa_identity: contest_id=1344091 season=2010 league=wbb -- teams  not built; ids emitted as nulls
2026-08-23 23:52:23,346 INFO ncaa_identity: contest_id=1344091 teams 0/1864 matched, players 0/703 matched
2026-08-23 23:52:24,303 INFO ncaa_identity: contest_id=1344117 season=2010 league=wbb -- teams  not built; ids emitted as nulls
2026-08-23 23:52:24,307 INFO ncaa_identity: contest_id=1344117 teams 0/1886 matched, players 0/547 matched
2026-08-23 23:52:25,950 INFO ncaa_identity: contest_id=1344133 season=2010 league=wbb -- teams  not built; ids emitted as nulls
2026-08-23 23:52:25,959 INFO ncaa_identity: contest_id=1344133 teams 0/3054 matched, players 0/1222 matched
2026-08-23 23:52:27,294 INFO ncaa_identity: contest_id=1344146 season=2010 league=wbb -- teams  not built; ids emitted as nulls
2026-08-23 23:52:27,316 INFO ncaa_identity: contest_id=1344146 teams 0/2476 matched, players 0/6949 matched
2026-08-23 23:52:28,439 INFO ncaa_identity: contest_id=1344160 season=2010 league=wbb -- teams  not built; ids emitted as nulls
2026-08-23 23:52:28,444 INFO ncaa_identity: contest_id=1344160 teams 0/1828 matched, players 0/722 matched
2026-08-23 23:52:29,424 INFO ncaa_identity: contest_id=1344179 season=2010 league=wbb -- teams  not built; ids emitted as nulls
2026-08-23 23:52:29,430 INFO ncaa_identity: contest_id=1344179 teams 0/2308 matched, players 0/1014 matched
2026-08-23 23:52:30,449 INFO ncaa_identity: contest_id=1344206 season=2010 league=wbb -- teams  not built; ids emitted as nulls
2026-08-23 23:52:30,453 INFO ncaa_identity: contest_id=1344206 teams 0/2016 matched, players 0/711 matched
2026-08-23 23:52:31,666 INFO ncaa_identity: contest_id=1344254 season=2010 league=wbb -- teams  not built; ids emitted as nulls
2026-08-23 23:52:31,672 INFO ncaa_identity: contest_id=1344254 teams 0/2334 matched, players 0/766 matched
2026-08-23 23:52:32,679 INFO ncaa_identity: contest_id=1344294 season=2010 league=wbb -- teams  not built; ids emitted as nulls
2026-08-23 23:52:32,684 INFO ncaa_identity: contest_id=1344294 teams 0/2190 matched, players 0/903 matched
2026-08-23 23:52:33,733 INFO ncaa_identity: contest_id=1344309 season=2010 league=wbb -- teams  not built; ids emitted as nulls
2026-08-23 23:52:33,737 INFO ncaa_identity: contest_id=1344309 teams 0/2160 matched, players 0/805 matched
2026-08-23 23:52:34,766 INFO ncaa_identity: contest_id=1344439 season=2010 league=wbb -- teams  not built; ids emitted as nulls
2026-08-23 23:52:34,769 INFO ncaa_identity: contest_id=1344439 teams 0/1478 matched, players 0/387 matched
2026-08-23 23:52:35,851 INFO ncaa_identity: contest_id=1344466 season=2010 league=wbb -- teams  not built; ids emitted as nulls
2026-08-23 23:52:35,856 INFO ncaa_identity: contest_id=1344466 teams 0/2076 matched, players 0/750 matched
2026-08-23 23:52:36,769 INFO ncaa_identity: contest_id=1344495 season=2010 league=wbb -- teams  not built; ids emitted as nulls
2026-08-23 23:52:36,773 INFO ncaa_identity: contest_id=1344495 teams 0/2072 matched, players 0/821 matched
2026-08-23 23:52:38,175 INFO ncaa_identity: contest_id=1344571 season=2010 league=wbb -- teams  not built; ids emitted as nulls
2026-08-23 23:52:38,179 INFO ncaa_identity: contest_id=1344571 teams 0/1774 matched, players 0/545 matched
2026-08-23 23:52:39,344 INFO ncaa_identity: contest_id=1344616 season=2010 league=wbb -- teams  not built; ids emitted as nulls
2026-08-23 23:52:39,349 INFO ncaa_identity: contest_id=1344616 teams 0/2179 matched, players 0/890 matched
2026-08-23 23:52:40,313 INFO ncaa_identity: contest_id=1344641 season=2010 league=wbb -- teams  not built; ids emitted as nulls
2026-08-23 23:52:40,317 INFO ncaa_identity: contest_id=1344641 teams 0/1738 matched, players 0/642 matched
2026-08-23 23:52:41,687 INFO ncaa_identity: contest_id=1344654 season=2010 league=wbb -- teams  not built; ids emitted as nulls
2026-08-23 23:52:41,691 INFO ncaa_identity: contest_id=1344654 teams 0/1962 matched, players 0/650 matched
2026-08-23 23:52:42,470 INFO ncaa_identity: contest_id=1344822 season=2010 league=wbb -- teams  not built; ids emitted as nulls
2026-08-23 23:52:42,473 INFO ncaa_identity: contest_id=1344822 teams 0/1302 matched, players 0/343 matched
2026-08-23 23:52:43,736 INFO ncaa_identity: contest_id=1344846 season=2010 league=wbb -- teams  not built; ids emitted as nulls
2026-08-23 23:52:43,743 INFO ncaa_identity: contest_id=1344846 teams 0/2438 matched, players 0/999 matched
2026-08-23 23:52:45,248 INFO ncaa_identity: contest_id=1344864 season=2010 league=wbb -- teams  not built; ids emitted as nulls
2026-08-23 23:52:45,252 INFO ncaa_identity: contest_id=1344864 teams 0/1982 matched, players 0/748 matched
2026-08-23 23:52:46,454 INFO ncaa_identity: contest_id=1344887 season=2010 league=wbb -- teams  not built; ids emitted as nulls
2026-08-23 23:52:46,459 INFO ncaa_identity: contest_id=1344887 teams 0/2304 matched, players 0/907 matched
2026-08-23 23:52:47,881 INFO ncaa_identity: contest_id=1344902 season=2010 league=wbb -- teams  not built; ids emitted as nulls
2026-08-23 23:52:47,886 INFO ncaa_identity: contest_id=1344902 teams 0/2380 matched, players 0/841 matched
2026-08-23 23:52:48,987 INFO ncaa_identity: contest_id=1344915 season=2010 league=wbb -- teams  not built; ids emitted as nulls
2026-08-23 23:52:48,992 INFO ncaa_identity: contest_id=1344915 teams 0/2500 matched, players 0/836 matched
2026-08-23 23:52:50,159 INFO ncaa_identity: contest_id=1344947 season=2010 league=wbb -- teams  not built; ids emitted as nulls
2026-08-23 23:52:50,164 INFO ncaa_identity: contest_id=1344947 teams 0/2419 matched, players 0/1057 matched
2026-08-23 23:52:51,453 INFO ncaa_identity: contest_id=1344972 season=2010 league=wbb -- teams  not built; ids emitted as nulls
2026-08-23 23:52:51,457 INFO ncaa_identity: contest_id=1344972 teams 0/1702 matched, players 0/707 matched
2026-08-23 23:52:52,800 INFO ncaa_identity: contest_id=1344998 season=2010 league=wbb -- teams  not built; ids emitted as nulls
2026-08-23 23:52:52,811 INFO ncaa_identity: contest_id=1344998 teams 0/2284 matched, players 0/1013 matched
2026-08-23 23:52:52,956 INFO 5 starters not found for period 1; using estimate
2026-08-23 23:52:52,956 INFO 5 starters not found for period 1; using estimate
2026-08-23 23:52:52,958 INFO 5 starters not found for period 2; using estimate
2026-08-23 23:52:52,958 INFO 5 starters not found for period 2; using estimate
2026-08-23 23:52:54,079 INFO ncaa_identity: contest_id=1345018 season=2010 league=wbb -- teams  not built; ids emitted as nulls
2026-08-23 23:52:54,096 INFO ncaa_identity: contest_id=1345018 teams 0/1991 matched, players 0/3049 matched
2026-08-23 23:52:55,412 INFO ncaa_identity: contest_id=1345046 season=2010 league=wbb -- teams  not built; ids emitted as nulls
2026-08-23 23:52:55,416 INFO ncaa_identity: contest_id=1345046 teams 0/2062 matched, players 0/748 matched
2026-08-23 23:52:55,525 INFO 5 starters not found for period 1; using estimate
2026-08-23 23:52:55,525 INFO 5 starters not found for period 1; using estimate
2026-08-23 23:52:55,526 INFO 5 starters not found for period 2; using estimate
2026-08-23 23:52:55,526 INFO 5 starters not found for period 2; using estimate
2026-08-23 23:52:56,459 INFO ncaa_identity: contest_id=1345113 season=2010 league=wbb -- teams  not built; ids emitted as nulls
2026-08-23 23:52:56,470 INFO ncaa_identity: contest_id=1345113 teams 0/2198 matched, players 0/3945 matched
2026-08-23 23:52:57,961 INFO ncaa_identity: contest_id=1345134 season=2010 league=wbb -- teams  not built; ids emitted as nulls
2026-08-23 23:52:57,966 INFO ncaa_identity: contest_id=1345134 teams 0/1954 matched, players 0/733 matched
2026-08-23 23:52:58,954 INFO ncaa_identity: contest_id=1345191 season=2010 league=wbb -- teams  not built; ids emitted as nulls
2026-08-23 23:52:58,959 INFO ncaa_identity: contest_id=1345191 teams 0/1948 matched, players 0/670 matched
2026-08-23 23:53:00,268 INFO ncaa_identity: contest_id=1345219 season=2010 league=wbb -- teams  not built; ids emitted as nulls
2026-08-23 23:53:00,300 INFO ncaa_identity: contest_id=1345219 teams 0/2537 matched, players 0/7147 matched
2026-08-23 23:53:01,439 INFO ncaa_identity: contest_id=1345240 season=2010 league=wbb -- teams  not built; ids emitted as nulls
2026-08-23 23:53:01,443 INFO ncaa_identity: contest_id=1345240 teams 0/1879 matched, players 0/631 matched
2026-08-23 23:53:02,697 INFO ncaa_identity: contest_id=1345326 season=2010 league=wbb -- teams  not built; ids emitted as nulls
2026-08-23 23:53:02,718 INFO ncaa_identity: contest_id=1345326 teams 0/2629 matched, players 0/7407 matched
2026-08-23 23:53:03,821 INFO ncaa_identity: contest_id=1345338 season=2010 league=wbb -- teams  not built; ids emitted as nulls
2026-08-23 23:53:03,825 INFO ncaa_identity: contest_id=1345338 teams 0/2096 matched, players 0/776 matched
2026-08-23 23:53:04,866 INFO ncaa_identity: contest_id=1345351 season=2010 league=wbb -- teams  not built; ids emitted as nulls
2026-08-23 23:53:04,871 INFO ncaa_identity: contest_id=1345351 teams 0/1946 matched, players 0/779 matched
2026-08-23 23:53:06,276 INFO ncaa_identity: contest_id=1345369 season=2010 league=wbb -- teams  not built; ids emitted as nulls
2026-08-23 23:53:06,280 INFO ncaa_identity: contest_id=1345369 teams 0/1594 matched, players 0/416 matched
2026-08-23 23:53:07,462 INFO ncaa_identity: contest_id=1345384 season=2010 league=wbb -- teams  not built; ids emitted as nulls
2026-08-23 23:53:07,466 INFO ncaa_identity: contest_id=1345384 teams 0/1976 matched, players 0/732 matched
2026-08-23 23:53:08,451 INFO ncaa_identity: contest_id=1345403 season=2010 league=wbb -- teams  not built; ids emitted as nulls
2026-08-23 23:53:08,455 INFO ncaa_identity: contest_id=1345403 teams 0/1741 matched, players 0/612 matched
2026-08-23 23:53:09,719 INFO ncaa_identity: contest_id=1345421 season=2010 league=wbb -- teams  not built; ids emitted as nulls
2026-08-23 23:53:09,724 INFO ncaa_identity: contest_id=1345421 teams 0/2044 matched, players 0/812 matched
2026-08-23 23:53:10,798 INFO ncaa_identity: contest_id=1345432 season=2010 league=wbb -- teams  not built; ids emitted as nulls
2026-08-23 23:53:10,802 INFO ncaa_identity: contest_id=1345432 teams 0/2070 matched, players 0/712 matched
2026-08-23 23:53:12,235 INFO ncaa_identity: contest_id=1345448 season=2010 league=wbb -- teams  not built; ids emitted as nulls
2026-08-23 23:53:12,245 INFO ncaa_identity: contest_id=1345448 teams 0/2211 matched, players 0/841 matched
2026-08-23 23:53:13,184 INFO ncaa_identity: contest_id=1345467 season=2010 league=wbb -- teams  not built; ids emitted as nulls
2026-08-23 23:53:13,188 INFO ncaa_identity: contest_id=1345467 teams 0/1931 matched, players 0/661 matched
2026-08-23 23:53:14,015 INFO ncaa_identity: contest_id=1345480 season=2010 league=wbb -- teams  not built; ids emitted as nulls
2026-08-23 23:53:14,019 INFO ncaa_identity: contest_id=1345480 teams 0/1790 matched, players 0/717 matched
2026-08-23 23:53:15,215 INFO ncaa_identity: contest_id=1345498 season=2010 league=wbb -- teams  not built; ids emitted as nulls
2026-08-23 23:53:15,219 INFO ncaa_identity: contest_id=1345498 teams 0/2040 matched, players 0/741 matched
2026-08-23 23:53:16,201 INFO ncaa_identity: contest_id=1345515 season=2010 league=wbb -- teams  not built; ids emitted as nulls
2026-08-23 23:53:16,205 INFO ncaa_identity: contest_id=1345515 teams 0/1782 matched, players 0/745 matched
2026-08-23 23:53:17,207 INFO ncaa_identity: contest_id=1345533 season=2010 league=wbb -- teams  not built; ids emitted as nulls
2026-08-23 23:53:17,210 INFO ncaa_identity: contest_id=1345533 teams 0/1758 matched, players 0/546 matched
2026-08-23 23:53:18,176 INFO ncaa_identity: contest_id=1345550 season=2010 league=wbb -- teams  not built; ids emitted as nulls
2026-08-23 23:53:18,179 INFO ncaa_identity: contest_id=1345550 teams 0/1888 matched, players 0/611 matched
2026-08-23 23:53:19,378 INFO ncaa_identity: contest_id=1345567 season=2010 league=wbb -- teams  not built; ids emitted as nulls
2026-08-23 23:53:19,400 INFO ncaa_identity: contest_id=1345567 teams 0/2809 matched, players 0/7910 matched
2026-08-23 23:53:20,386 INFO ncaa_identity: contest_id=1345589 season=2010 league=wbb -- teams  not built; ids emitted as nulls
2026-08-23 23:53:20,390 INFO ncaa_identity: contest_id=1345589 teams 0/2032 matched, players 0/811 matched
2026-08-23 23:53:21,406 INFO ncaa_identity: contest_id=1345634 season=2010 league=wbb -- teams  not built; ids emitted as nulls
2026-08-23 23:53:21,410 INFO ncaa_identity: contest_id=1345634 teams 0/1842 matched, players 0/640 matched
2026-08-23 23:53:22,785 INFO ncaa_identity: contest_id=1345678 season=2010 league=wbb -- teams  not built; ids emitted as nulls
2026-08-23 23:53:22,790 INFO ncaa_identity: contest_id=1345678 teams 0/2096 matched, players 0/844 matched
2026-08-23 23:53:23,958 INFO ncaa_identity: contest_id=1345694 season=2010 league=wbb -- teams  not built; ids emitted as nulls
2026-08-23 23:53:23,963 INFO ncaa_identity: contest_id=1345694 teams 0/2135 matched, players 0/863 matched
2026-08-23 23:53:24,881 INFO ncaa_identity: contest_id=1345737 season=2010 league=wbb -- teams  not built; ids emitted as nulls
2026-08-23 23:53:24,884 INFO ncaa_identity: contest_id=1345737 teams 0/1678 matched, players 0/600 matched
2026-08-23 23:53:25,741 INFO ncaa_identity: contest_id=1345755 season=2010 league=wbb -- teams  not built; ids emitted as nulls
2026-08-23 23:53:25,745 INFO ncaa_identity: contest_id=1345755 teams 0/1703 matched, players 0/585 matched
2026-08-23 23:53:27,193 INFO ncaa_identity: contest_id=1345770 season=2010 league=wbb -- teams  not built; ids emitted as nulls
2026-08-23 23:53:27,199 INFO ncaa_identity: contest_id=1345770 teams 0/2172 matched, players 0/910 matched
2026-08-23 23:53:28,502 INFO ncaa_identity: contest_id=1345792 season=2010 league=wbb -- teams  not built; ids emitted as nulls
2026-08-23 23:53:28,507 INFO ncaa_identity: contest_id=1345792 teams 0/2070 matched, players 0/632 matched
2026-08-23 23:53:29,765 INFO ncaa_identity: contest_id=1345816 season=2010 league=wbb -- teams  not built; ids emitted as nulls
2026-08-23 23:53:29,769 INFO ncaa_identity: contest_id=1345816 teams 0/1946 matched, players 0/545 matched
2026-08-23 23:53:30,898 INFO ncaa_identity: contest_id=1345839 season=2010 league=wbb -- teams  not built; ids emitted as nulls
2026-08-23 23:53:30,904 INFO ncaa_identity: contest_id=1345839 teams 0/2462 matched, players 0/970 matched
2026-08-23 23:53:32,016 INFO ncaa_identity: contest_id=1345867 season=2010 league=wbb -- teams  not built; ids emitted as nulls
2026-08-23 23:53:32,020 INFO ncaa_identity: contest_id=1345867 teams 0/1940 matched, players 0/674 matched
2026-08-23 23:53:33,318 INFO ncaa_identity: contest_id=1345892 season=2010 league=wbb -- teams  not built; ids emitted as nulls
2026-08-23 23:53:33,323 INFO ncaa_identity: contest_id=1345892 teams 0/1910 matched, players 0/744 matched
2026-08-23 23:53:34,536 INFO ncaa_identity: contest_id=1345903 season=2010 league=wbb -- teams  not built; ids emitted as nulls
2026-08-23 23:53:34,542 INFO ncaa_identity: contest_id=1345903 teams 0/2158 matched, players 0/829 matched
2026-08-23 23:53:35,568 INFO ncaa_identity: contest_id=1345937 season=2010 league=wbb -- teams  not built; ids emitted as nulls
2026-08-23 23:53:35,572 INFO ncaa_identity: contest_id=1345937 teams 0/1976 matched, players 0/739 matched
2026-08-23 23:53:36,651 INFO ncaa_identity: contest_id=1345983 season=2010 league=wbb -- teams  not built; ids emitted as nulls
2026-08-23 23:53:36,655 INFO ncaa_identity: contest_id=1345983 teams 0/1968 matched, players 0/715 matched
2026-08-23 23:53:38,015 INFO ncaa_identity: contest_id=1346037 season=2010 league=wbb -- teams  not built; ids emitted as nulls
2026-08-23 23:53:38,018 INFO ncaa_identity: contest_id=1346037 teams 0/1780 matched, players 0/537 matched
2026-08-23 23:53:39,354 INFO ncaa_identity: contest_id=1346067 season=2010 league=wbb -- teams  not built; ids emitted as nulls
2026-08-23 23:53:39,358 INFO ncaa_identity: contest_id=1346067 teams 0/2034 matched, players 0/606 matched
2026-08-23 23:53:40,464 INFO ncaa_identity: contest_id=1346093 season=2010 league=wbb -- teams  not built; ids emitted as nulls
2026-08-23 23:53:40,468 INFO ncaa_identity: contest_id=1346093 teams 0/1742 matched, players 0/579 matched
2026-08-23 23:53:41,869 INFO ncaa_identity: contest_id=1346130 season=2010 league=wbb -- teams  not built; ids emitted as nulls
2026-08-23 23:53:41,873 INFO ncaa_identity: contest_id=1346130 teams 0/1952 matched, players 0/736 matched
2026-08-23 23:53:42,004 INFO 5 starters not found for period 1; using estimate
2026-08-23 23:53:42,004 INFO 5 starters not found for period 1; using estimate
2026-08-23 23:53:42,005 INFO 5 starters not found for period 2; using estimate
2026-08-23 23:53:42,005 INFO 5 starters not found for period 2; using estimate
2026-08-23 23:53:43,155 INFO ncaa_identity: contest_id=1346183 season=2010 league=wbb -- teams  not built; ids emitted as nulls
2026-08-23 23:53:43,165 INFO ncaa_identity: contest_id=1346183 teams 0/2321 matched, players 0/3595 matched
2026-08-23 23:53:44,175 INFO ncaa_identity: contest_id=1346232 season=2010 league=wbb -- teams  not built; ids emitted as nulls
2026-08-23 23:53:44,179 INFO ncaa_identity: contest_id=1346232 teams 0/1865 matched, players 0/714 matched
2026-08-23 23:53:45,690 INFO ncaa_identity: contest_id=1346252 season=2010 league=wbb -- teams  not built; ids emitted as nulls
2026-08-23 23:53:45,695 INFO ncaa_identity: contest_id=1346252 teams 0/2080 matched, players 0/877 matched
2026-08-23 23:53:47,038 INFO ncaa_identity: contest_id=1346267 season=2010 league=wbb -- teams  not built; ids emitted as nulls
2026-08-23 23:53:47,043 INFO ncaa_identity: contest_id=1346267 teams 0/2342 matched, players 0/832 matched
2026-08-23 23:53:48,211 INFO ncaa_identity: contest_id=1346309 season=2010 league=wbb -- teams  not built; ids emitted as nulls
2026-08-23 23:53:48,215 INFO ncaa_identity: contest_id=1346309 teams 0/1726 matched, players 0/575 matched
2026-08-23 23:53:49,324 INFO ncaa_identity: contest_id=1346325 season=2010 league=wbb -- teams  not built; ids emitted as nulls
2026-08-23 23:53:49,328 INFO ncaa_identity: contest_id=1346325 teams 0/1934 matched, players 0/652 matched
2026-08-23 23:53:50,333 INFO ncaa_identity: contest_id=1346359 season=2010 league=wbb -- teams  not built; ids emitted as nulls
2026-08-23 23:53:50,337 INFO ncaa_identity: contest_id=1346359 teams 0/1948 matched, players 0/754 matched
2026-08-23 23:53:51,486 INFO ncaa_identity: contest_id=1346377 season=2010 league=wbb -- teams  not built; ids emitted as nulls
2026-08-23 23:53:51,490 INFO ncaa_identity: contest_id=1346377 teams 0/1820 matched, players 0/621 matched
2026-08-23 23:53:52,322 INFO ncaa_identity: contest_id=1346421 season=2010 league=wbb -- teams  not built; ids emitted as nulls
2026-08-23 23:53:52,325 INFO ncaa_identity: contest_id=1346421 teams 0/1712 matched, players 0/516 matched
2026-08-23 23:53:53,476 INFO ncaa_identity: contest_id=1346480 season=2010 league=wbb -- teams  not built; ids emitted as nulls
2026-08-23 23:53:53,481 INFO ncaa_identity: contest_id=1346480 teams 0/2390 matched, players 0/951 matched
2026-08-23 23:53:55,108 INFO ncaa_identity: contest_id=1346490 season=2010 league=wbb -- teams  not built; ids emitted as nulls
2026-08-23 23:53:55,113 INFO ncaa_identity: contest_id=1346490 teams 0/2196 matched, players 0/744 matched
2026-08-23 23:53:55,225 INFO 5 starters not found for period 1; using estimate
2026-08-23 23:53:55,225 INFO 5 starters not found for period 1; using estimate
2026-08-23 23:53:55,226 INFO 5 starters not found for period 2; using estimate
2026-08-23 23:53:55,227 INFO 5 starters not found for period 2; using estimate
2026-08-23 23:53:56,202 INFO ncaa_identity: contest_id=1346514 season=2010 league=wbb -- teams  not built; ids emitted as nulls
2026-08-23 23:53:56,212 INFO ncaa_identity: contest_id=1346514 teams 0/1972 matched, players 0/3580 matched
2026-08-23 23:53:57,062 INFO ncaa_identity: contest_id=1346585 season=2010 league=wbb -- teams  not built; ids emitted as nulls
2026-08-23 23:53:57,066 INFO ncaa_identity: contest_id=1346585 teams 0/1950 matched, players 0/703 matched
2026-08-23 23:53:58,216 INFO ncaa_identity: contest_id=1346606 season=2010 league=wbb -- teams  not built; ids emitted as nulls
2026-08-23 23:53:58,221 INFO ncaa_identity: contest_id=1346606 teams 0/2106 matched, players 0/779 matched
2026-08-23 23:53:59,329 INFO ncaa_identity: contest_id=1346616 season=2010 league=wbb -- teams  not built; ids emitted as nulls
2026-08-23 23:53:59,333 INFO ncaa_identity: contest_id=1346616 teams 0/2200 matched, players 0/700 matched
2026-08-23 23:54:00,515 INFO ncaa_identity: contest_id=1346627 season=2010 league=wbb -- teams  not built; ids emitted as nulls
2026-08-23 23:54:00,520 INFO ncaa_identity: contest_id=1346627 teams 0/2308 matched, players 0/884 matched
2026-08-23 23:54:01,788 INFO ncaa_identity: contest_id=1346661 season=2010 league=wbb -- teams  not built; ids emitted as nulls
2026-08-23 23:54:01,792 INFO ncaa_identity: contest_id=1346661 teams 0/1926 matched, players 0/628 matched
2026-08-23 23:54:03,039 INFO ncaa_identity: contest_id=1346684 season=2010 league=wbb -- teams  not built; ids emitted as nulls
2026-08-23 23:54:03,043 INFO ncaa_identity: contest_id=1346684 teams 0/1688 matched, players 0/452 matched
2026-08-23 23:54:04,004 INFO ncaa_identity: contest_id=1346768 season=2010 league=wbb -- teams  not built; ids emitted as nulls
2026-08-23 23:54:04,008 INFO ncaa_identity: contest_id=1346768 teams 0/1908 matched, players 0/739 matched
2026-08-23 23:54:05,347 INFO ncaa_identity: contest_id=1346841 season=2010 league=wbb -- teams  not built; ids emitted as nulls
2026-08-23 23:54:05,352 INFO ncaa_identity: contest_id=1346841 teams 0/1976 matched, players 0/706 matched
2026-08-23 23:54:06,648 INFO ncaa_identity: contest_id=1346862 season=2010 league=wbb -- teams  not built; ids emitted as nulls
2026-08-23 23:54:06,653 INFO ncaa_identity: contest_id=1346862 teams 0/1928 matched, players 0/723 matched
2026-08-23 23:54:07,684 INFO ncaa_identity: contest_id=1346888 season=2010 league=wbb -- teams  not built; ids emitted as nulls
2026-08-23 23:54:07,688 INFO ncaa_identity: contest_id=1346888 teams 0/1895 matched, players 0/732 matched
2026-08-23 23:54:09,332 INFO ncaa_identity: contest_id=1346985 season=2010 league=wbb -- teams  not built; ids emitted as nulls
2026-08-23 23:54:09,337 INFO ncaa_identity: contest_id=1346985 teams 0/2052 matched, players 0/664 matched
2026-08-23 23:54:10,692 INFO ncaa_identity: contest_id=1346998 season=2010 league=wbb -- teams  not built; ids emitted as nulls
2026-08-23 23:54:10,723 INFO ncaa_identity: contest_id=1346998 teams 0/2675 matched, players 0/7503 matched
2026-08-23 23:54:12,201 INFO ncaa_identity: contest_id=1347010 season=2010 league=wbb -- teams  not built; ids emitted as nulls
2026-08-23 23:54:12,205 INFO ncaa_identity: contest_id=1347010 teams 0/1820 matched, players 0/739 matched
2026-08-23 23:54:13,362 INFO ncaa_identity: contest_id=1347025 season=2010 league=wbb -- teams  not built; ids emitted as nulls
2026-08-23 23:54:13,367 INFO ncaa_identity: contest_id=1347025 teams 0/2146 matched, players 0/745 matched
2026-08-23 23:54:14,651 INFO ncaa_identity: contest_id=1347042 season=2010 league=wbb -- teams  not built; ids emitted as nulls
2026-08-23 23:54:14,657 INFO ncaa_identity: contest_id=1347042 teams 0/2300 matched, players 0/923 matched
2026-08-23 23:54:15,647 INFO ncaa_identity: contest_id=1347053 season=2010 league=wbb -- teams  not built; ids emitted as nulls
2026-08-23 23:54:15,651 INFO ncaa_identity: contest_id=1347053 teams 0/1640 matched, players 0/520 matched
2026-08-23 23:54:17,388 INFO ncaa_identity: contest_id=1347074 season=2010 league=wbb -- teams  not built; ids emitted as nulls
2026-08-23 23:54:17,392 INFO ncaa_identity: contest_id=1347074 teams 0/1884 matched, players 0/661 matched
2026-08-23 23:54:18,538 INFO ncaa_identity: contest_id=1347117 season=2010 league=wbb -- teams  not built; ids emitted as nulls
2026-08-23 23:54:18,543 INFO ncaa_identity: contest_id=1347117 teams 0/2148 matched, players 0/827 matched
2026-08-23 23:54:20,008 INFO ncaa_identity: contest_id=1347143 season=2010 league=wbb -- teams  not built; ids emitted as nulls
2026-08-23 23:54:20,014 INFO ncaa_identity: contest_id=1347143 teams 0/2284 matched, players 0/1050 matched
2026-08-23 23:54:20,964 INFO ncaa_identity: contest_id=1347187 season=2010 league=wbb -- teams  not built; ids emitted as nulls
2026-08-23 23:54:20,968 INFO ncaa_identity: contest_id=1347187 teams 0/1804 matched, players 0/727 matched
2026-08-23 23:54:21,821 INFO ncaa_identity: contest_id=1347227 season=2010 league=wbb -- teams  not built; ids emitted as nulls
2026-08-23 23:54:21,825 INFO ncaa_identity: contest_id=1347227 teams 0/1694 matched, players 0/633 matched
2026-08-23 23:54:22,758 INFO ncaa_identity: contest_id=1347237 season=2010 league=wbb -- teams  not built; ids emitted as nulls
2026-08-23 23:54:22,763 INFO ncaa_identity: contest_id=1347237 teams 0/1976 matched, players 0/752 matched
2026-08-23 23:54:23,912 INFO ncaa_identity: contest_id=1347260 season=2010 league=wbb -- teams  not built; ids emitted as nulls
2026-08-23 23:54:23,916 INFO ncaa_identity: contest_id=1347260 teams 0/2084 matched, players 0/764 matched
2026-08-23 23:54:25,167 INFO ncaa_identity: contest_id=1347290 season=2010 league=wbb -- teams  not built; ids emitted as nulls
2026-08-23 23:54:25,171 INFO ncaa_identity: contest_id=1347290 teams 0/2023 matched, players 0/791 matched
2026-08-23 23:54:26,131 INFO ncaa_identity: contest_id=1347342 season=2010 league=wbb -- teams  not built; ids emitted as nulls
2026-08-23 23:54:26,136 INFO ncaa_identity: contest_id=1347342 teams 0/1990 matched, players 0/747 matched
2026-08-23 23:54:27,169 INFO ncaa_identity: contest_id=1347359 season=2010 league=wbb -- teams  not built; ids emitted as nulls
2026-08-23 23:54:27,173 INFO ncaa_identity: contest_id=1347359 teams 0/2034 matched, players 0/641 matched
2026-08-23 23:54:28,648 INFO ncaa_identity: contest_id=1347434 season=2010 league=wbb -- teams  not built; ids emitted as nulls
2026-08-23 23:54:28,653 INFO ncaa_identity: contest_id=1347434 teams 0/2159 matched, players 0/846 matched
2026-08-23 23:54:29,598 INFO ncaa_identity: contest_id=1347467 season=2010 league=wbb -- teams  not built; ids emitted as nulls
2026-08-23 23:54:29,603 INFO ncaa_identity: contest_id=1347467 teams 0/1840 matched, players 0/641 matched
2026-08-23 23:54:29,734 INFO 5 starters not found for period 1; using estimate
2026-08-23 23:54:29,735 INFO 5 starters not found for period 1; using estimate
2026-08-23 23:54:29,736 INFO 5 starters not found for period 2; using estimate
2026-08-23 23:54:29,736 INFO 5 starters not found for period 2; using estimate
2026-08-23 23:54:31,021 INFO ncaa_identity: contest_id=1347518 season=2010 league=wbb -- teams  not built; ids emitted as nulls
2026-08-23 23:54:31,030 INFO ncaa_identity: contest_id=1347518 teams 0/2299 matched, players 0/3519 matched
2026-08-23 23:54:31,871 INFO ncaa_identity: contest_id=1347569 season=2010 league=wbb -- teams  not built; ids emitted as nulls
2026-08-23 23:54:31,875 INFO ncaa_identity: contest_id=1347569 teams 0/1774 matched, players 0/573 matched
2026-08-23 23:54:32,894 INFO ncaa_identity: contest_id=1347602 season=2010 league=wbb -- teams  not built; ids emitted as nulls
2026-08-23 23:54:32,914 INFO ncaa_identity: contest_id=1347602 teams 0/2205 matched, players 0/6222 matched
2026-08-23 23:54:34,002 INFO ncaa_identity: contest_id=1347642 season=2010 league=wbb -- teams  not built; ids emitted as nulls
2026-08-23 23:54:34,006 INFO ncaa_identity: contest_id=1347642 teams 0/2004 matched, players 0/678 matched
2026-08-23 23:54:35,166 INFO ncaa_identity: contest_id=1347688 season=2010 league=wbb -- teams  not built; ids emitted as nulls
2026-08-23 23:54:35,174 INFO ncaa_identity: contest_id=1347688 teams 0/2256 matched, players 0/864 matched
2026-08-23 23:54:36,247 INFO ncaa_identity: contest_id=1347760 season=2010 league=wbb -- teams  not built; ids emitted as nulls
2026-08-23 23:54:36,265 INFO ncaa_identity: contest_id=1347760 teams 0/2239 matched, players 0/6341 matched
2026-08-23 23:54:37,242 INFO ncaa_identity: contest_id=1347781 season=2010 league=wbb -- teams  not built; ids emitted as nulls
2026-08-23 23:54:37,247 INFO ncaa_identity: contest_id=1347781 teams 0/2018 matched, players 0/804 matched
2026-08-23 23:54:38,592 INFO ncaa_identity: contest_id=1347799 season=2010 league=wbb -- teams  not built; ids emitted as nulls
2026-08-23 23:54:38,596 INFO ncaa_identity: contest_id=1347799 teams 0/2259 matched, players 0/782 matched
2026-08-23 23:54:39,584 INFO ncaa_identity: contest_id=1347809 season=2010 league=wbb -- teams  not built; ids emitted as nulls
2026-08-23 23:54:39,588 INFO ncaa_identity: contest_id=1347809 teams 0/1862 matched, players 0/642 matched
2026-08-23 23:54:40,871 INFO ncaa_identity: contest_id=1347826 season=2010 league=wbb -- teams  not built; ids emitted as nulls
2026-08-23 23:54:40,876 INFO ncaa_identity: contest_id=1347826 teams 0/2272 matched, players 0/895 matched
2026-08-23 23:54:41,908 INFO ncaa_identity: contest_id=1347836 season=2010 league=wbb -- teams  not built; ids emitted as nulls
2026-08-23 23:54:41,913 INFO ncaa_identity: contest_id=1347836 teams 0/2354 matched, players 0/897 matched
2026-08-23 23:54:43,001 INFO ncaa_identity: contest_id=1347867 season=2010 league=wbb -- teams  not built; ids emitted as nulls
2026-08-23 23:54:43,007 INFO ncaa_identity: contest_id=1347867 teams 0/2334 matched, players 0/767 matched
2026-08-23 23:54:44,292 INFO ncaa_identity: contest_id=1347887 season=2010 league=wbb -- teams  not built; ids emitted as nulls
2026-08-23 23:54:44,296 INFO ncaa_identity: contest_id=1347887 teams 0/2044 matched, players 0/771 matched
2026-08-23 23:54:45,474 INFO ncaa_identity: contest_id=1347918 season=2010 league=wbb -- teams  not built; ids emitted as nulls
2026-08-23 23:54:45,478 INFO ncaa_identity: contest_id=1347918 teams 0/1945 matched, players 0/626 matched
2026-08-23 23:54:46,466 INFO ncaa_identity: contest_id=1347944 season=2010 league=wbb -- teams  not built; ids emitted as nulls
2026-08-23 23:54:46,470 INFO ncaa_identity: contest_id=1347944 teams 0/1896 matched, players 0/602 matched
2026-08-23 23:54:48,276 INFO ncaa_identity: contest_id=1347970 season=2010 league=wbb -- teams  not built; ids emitted as nulls
2026-08-23 23:54:48,281 INFO ncaa_identity: contest_id=1347970 teams 0/2196 matched, players 0/804 matched
2026-08-23 23:54:49,392 INFO ncaa_identity: contest_id=1347981 season=2010 league=wbb -- teams  not built; ids emitted as nulls
2026-08-23 23:54:49,397 INFO ncaa_identity: contest_id=1347981 teams 0/2040 matched, players 0/856 matched
2026-08-23 23:54:50,511 INFO ncaa_identity: contest_id=1348009 season=2010 league=wbb -- teams  not built; ids emitted as nulls
2026-08-23 23:54:50,515 INFO ncaa_identity: contest_id=1348009 teams 0/1548 matched, players 0/493 matched
2026-08-23 23:54:52,092 INFO ncaa_identity: contest_id=1348031 season=2010 league=wbb -- teams  not built; ids emitted as nulls
2026-08-23 23:54:52,114 INFO ncaa_identity: contest_id=1348031 teams 0/2228 matched, players 0/6277 matched
2026-08-23 23:54:53,267 INFO ncaa_identity: contest_id=1348064 season=2010 league=wbb -- teams  not built; ids emitted as nulls
2026-08-23 23:54:53,272 INFO ncaa_identity: contest_id=1348064 teams 0/1978 matched, players 0/736 matched
2026-08-23 23:54:54,531 INFO ncaa_identity: contest_id=1348089 season=2010 league=wbb -- teams  not built; ids emitted as nulls
2026-08-23 23:54:54,536 INFO ncaa_identity: contest_id=1348089 teams 0/2306 matched, players 0/848 matched
2026-08-23 23:54:56,548 INFO ncaa_identity: contest_id=1348135 season=2010 league=wbb -- teams  not built; ids emitted as nulls
2026-08-23 23:54:56,554 INFO ncaa_identity: contest_id=1348135 teams 0/2321 matched, players 0/901 matched
2026-08-23 23:54:57,884 INFO ncaa_identity: contest_id=1348172 season=2010 league=wbb -- teams  not built; ids emitted as nulls
2026-08-23 23:54:57,888 INFO ncaa_identity: contest_id=1348172 teams 0/2048 matched, players 0/810 matched
2026-08-23 23:54:59,285 INFO ncaa_identity: contest_id=1348188 season=2010 league=wbb -- teams  not built; ids emitted as nulls
2026-08-23 23:54:59,290 INFO ncaa_identity: contest_id=1348188 teams 0/1936 matched, players 0/732 matched
2026-08-23 23:55:00,416 INFO ncaa_identity: contest_id=1348198 season=2010 league=wbb -- teams  not built; ids emitted as nulls
2026-08-23 23:55:00,420 INFO ncaa_identity: contest_id=1348198 teams 0/1844 matched, players 0/517 matched
2026-08-23 23:55:00,529 INFO 5 starters not found for period 1; using estimate
2026-08-23 23:55:00,530 INFO 5 starters not found for period 1; using estimate
2026-08-23 23:55:00,530 INFO 5 starters not found for period 2; using estimate
2026-08-23 23:55:00,531 INFO 5 starters not found for period 2; using estimate
2026-08-23 23:55:01,600 INFO ncaa_identity: contest_id=1348212 season=2010 league=wbb -- teams  not built; ids emitted as nulls
2026-08-23 23:55:01,608 INFO ncaa_identity: contest_id=1348212 teams 0/1986 matched, players 0/2542 matched
2026-08-23 23:55:01,721 INFO 5 starters not found for period 1; using estimate
2026-08-23 23:55:01,722 INFO 5 starters not found for period 1; using estimate
2026-08-23 23:55:01,723 INFO 5 starters not found for period 2; using estimate
2026-08-23 23:55:01,723 INFO 5 starters not found for period 2; using estimate
2026-08-23 23:55:03,031 INFO ncaa_identity: contest_id=1348237 season=2010 league=wbb -- teams  not built; ids emitted as nulls
2026-08-23 23:55:03,042 INFO ncaa_identity: contest_id=1348237 teams 0/2315 matched, players 0/3592 matched
2026-08-23 23:55:04,085 INFO ncaa_identity: contest_id=1348302 season=2010 league=wbb -- teams  not built; ids emitted as nulls
2026-08-23 23:55:04,089 INFO ncaa_identity: contest_id=1348302 teams 0/2038 matched, players 0/811 matched
2026-08-23 23:55:05,135 INFO ncaa_identity: contest_id=1348319 season=2010 league=wbb -- teams  not built; ids emitted as nulls
2026-08-23 23:55:05,159 INFO ncaa_identity: contest_id=1348319 teams 0/2615 matched, players 0/7388 matched
2026-08-23 23:55:06,411 INFO ncaa_identity: contest_id=1348331 season=2010 league=wbb -- teams  not built; ids emitted as nulls
2026-08-23 23:55:06,416 INFO ncaa_identity: contest_id=1348331 teams 0/2062 matched, players 0/826 matched
2026-08-23 23:55:07,741 INFO ncaa_identity: contest_id=1348341 season=2010 league=wbb -- teams  not built; ids emitted as nulls
2026-08-23 23:55:07,746 INFO ncaa_identity: contest_id=1348341 teams 0/2236 matched, players 0/887 matched
2026-08-23 23:55:09,658 INFO ncaa_identity: contest_id=1348354 season=2010 league=wbb -- teams  not built; ids emitted as nulls
2026-08-23 23:55:09,663 INFO ncaa_identity: contest_id=1348354 teams 0/1928 matched, players 0/762 matched
2026-08-23 23:55:10,767 INFO ncaa_identity: contest_id=1348368 season=2010 league=wbb -- teams  not built; ids emitted as nulls
2026-08-23 23:55:10,771 INFO ncaa_identity: contest_id=1348368 teams 0/2162 matched, players 0/730 matched
2026-08-23 23:55:12,048 INFO ncaa_identity: contest_id=1348395 season=2010 league=wbb -- teams  not built; ids emitted as nulls
2026-08-23 23:55:12,053 INFO ncaa_identity: contest_id=1348395 teams 0/2578 matched, players 0/995 matched
2026-08-23 23:55:13,622 INFO ncaa_identity: contest_id=1348409 season=2010 league=wbb -- teams  not built; ids emitted as nulls
2026-08-23 23:55:13,627 INFO ncaa_identity: contest_id=1348409 teams 0/2246 matched, players 0/964 matched
2026-08-23 23:55:14,705 INFO ncaa_identity: contest_id=1348425 season=2010 league=wbb -- teams  not built; ids emitted as nulls
2026-08-23 23:55:14,709 INFO ncaa_identity: contest_id=1348425 teams 0/2062 matched, players 0/621 matched
2026-08-23 23:55:15,877 INFO ncaa_identity: contest_id=1348447 season=2010 league=wbb -- teams  not built; ids emitted as nulls
2026-08-23 23:55:15,881 INFO ncaa_identity: contest_id=1348447 teams 0/1797 matched, players 0/593 matched
2026-08-23 23:55:16,841 INFO ncaa_identity: contest_id=1348459 season=2010 league=wbb -- teams  not built; ids emitted as nulls
2026-08-23 23:55:16,845 INFO ncaa_identity: contest_id=1348459 teams 0/1828 matched, players 0/661 matched
2026-08-23 23:55:17,948 INFO ncaa_identity: contest_id=1348470 season=2010 league=wbb -- teams  not built; ids emitted as nulls
2026-08-23 23:55:17,953 INFO ncaa_identity: contest_id=1348470 teams 0/2172 matched, players 0/738 matched
2026-08-23 23:55:19,052 INFO ncaa_identity: contest_id=1348485 season=2010 league=wbb -- teams  not built; ids emitted as nulls
2026-08-23 23:55:19,056 INFO ncaa_identity: contest_id=1348485 teams 0/1760 matched, players 0/527 matched
2026-08-23 23:55:20,072 INFO ncaa_identity: contest_id=1348514 season=2010 league=wbb -- teams  not built; ids emitted as nulls
2026-08-23 23:55:20,076 INFO ncaa_identity: contest_id=1348514 teams 0/1780 matched, players 0/693 matched
2026-08-23 23:55:20,980 INFO ncaa_identity: contest_id=1348529 season=2010 league=wbb -- teams  not built; ids emitted as nulls
2026-08-23 23:55:20,984 INFO ncaa_identity: contest_id=1348529 teams 0/2026 matched, players 0/788 matched
2026-08-23 23:55:21,080 INFO 5 starters not found for period 1; using estimate
2026-08-23 23:55:21,081 INFO 5 starters not found for period 1; using estimate
2026-08-23 23:55:21,081 INFO 5 starters not found for period 2; using estimate
2026-08-23 23:55:21,082 INFO 5 starters not found for period 2; using estimate
2026-08-23 23:55:21,930 INFO ncaa_identity: contest_id=1348540 season=2010 league=wbb -- teams  not built; ids emitted as nulls
2026-08-23 23:55:21,938 INFO ncaa_identity: contest_id=1348540 teams 0/2077 matched, players 0/3246 matched
2026-08-23 23:55:23,137 INFO ncaa_identity: contest_id=1348550 season=2010 league=wbb -- teams  not built; ids emitted as nulls
2026-08-23 23:55:23,141 INFO ncaa_identity: contest_id=1348550 teams 0/1898 matched, players 0/731 matched
2026-08-23 23:55:24,257 INFO ncaa_identity: contest_id=1348562 season=2010 league=wbb -- teams  not built; ids emitted as nulls
2026-08-23 23:55:24,262 INFO ncaa_identity: contest_id=1348562 teams 0/2106 matched, players 0/810 matched
2026-08-23 23:55:25,491 INFO ncaa_identity: contest_id=1348583 season=2010 league=wbb -- teams  not built; ids emitted as nulls
2026-08-23 23:55:25,495 INFO ncaa_identity: contest_id=1348583 teams 0/1708 matched, players 0/559 matched
2026-08-23 23:55:26,483 INFO ncaa_identity: contest_id=1348600 season=2010 league=wbb -- teams  not built; ids emitted as nulls
2026-08-23 23:55:26,487 INFO ncaa_identity: contest_id=1348600 teams 0/1844 matched, players 0/645 matched
2026-08-23 23:55:27,462 INFO ncaa_identity: contest_id=1348615 season=2010 league=wbb -- teams  not built; ids emitted as nulls
2026-08-23 23:55:27,466 INFO ncaa_identity: contest_id=1348615 teams 0/1948 matched, players 0/646 matched
2026-08-23 23:55:28,869 INFO ncaa_identity: contest_id=1348625 season=2010 league=wbb -- teams  not built; ids emitted as nulls
2026-08-23 23:55:28,873 INFO ncaa_identity: contest_id=1348625 teams 0/2052 matched, players 0/831 matched
2026-08-23 23:55:29,874 INFO ncaa_identity: contest_id=1348635 season=2010 league=wbb -- teams  not built; ids emitted as nulls
2026-08-23 23:55:29,881 INFO ncaa_identity: contest_id=1348635 teams 0/1864 matched, players 0/688 matched
2026-08-23 23:55:31,041 INFO ncaa_identity: contest_id=1348649 season=2010 league=wbb -- teams  not built; ids emitted as nulls
2026-08-23 23:55:31,045 INFO ncaa_identity: contest_id=1348649 teams 0/2138 matched, players 0/768 matched
2026-08-23 23:55:32,347 INFO ncaa_identity: contest_id=1348678 season=2010 league=wbb -- teams  not built; ids emitted as nulls
2026-08-23 23:55:32,351 INFO ncaa_identity: contest_id=1348678 teams 0/1783 matched, players 0/637 matched
2026-08-23 23:55:33,413 INFO ncaa_identity: contest_id=1348697 season=2010 league=wbb -- teams  not built; ids emitted as nulls
2026-08-23 23:55:33,418 INFO ncaa_identity: contest_id=1348697 teams 0/2106 matched, players 0/837 matched
2026-08-23 23:55:34,422 INFO ncaa_identity: contest_id=1348717 season=2010 league=wbb -- teams  not built; ids emitted as nulls
2026-08-23 23:55:34,430 INFO ncaa_identity: contest_id=1348717 teams 0/2126 matched, players 0/661 matched
2026-08-23 23:55:36,285 INFO ncaa_identity: contest_id=1348730 season=2010 league=wbb -- teams  not built; ids emitted as nulls
2026-08-23 23:55:36,291 INFO ncaa_identity: contest_id=1348730 teams 0/2442 matched, players 0/1044 matched
2026-08-23 23:55:37,219 INFO ncaa_identity: contest_id=1348746 season=2010 league=wbb -- teams  not built; ids emitted as nulls
2026-08-23 23:55:37,222 INFO ncaa_identity: contest_id=1348746 teams 0/1480 matched, players 0/413 matched
2026-08-23 23:55:38,404 INFO ncaa_identity: contest_id=1348765 season=2010 league=wbb -- teams  not built; ids emitted as nulls
2026-08-23 23:55:38,409 INFO ncaa_identity: contest_id=1348765 teams 0/2398 matched, players 0/845 matched
2026-08-23 23:55:39,852 INFO ncaa_identity: contest_id=1348780 season=2010 league=wbb -- teams  not built; ids emitted as nulls
2026-08-23 23:55:39,856 INFO ncaa_identity: contest_id=1348780 teams 0/1980 matched, players 0/710 matched
2026-08-23 23:55:40,977 INFO ncaa_identity: contest_id=1348821 season=2010 league=wbb -- teams  not built; ids emitted as nulls
2026-08-23 23:55:40,986 INFO ncaa_identity: contest_id=1348821 teams 0/1700 matched, players 0/498 matched
2026-08-23 23:55:42,090 INFO ncaa_identity: contest_id=1348858 season=2010 league=wbb -- teams  not built; ids emitted as nulls
2026-08-23 23:55:42,105 INFO ncaa_identity: contest_id=1348858 teams 0/2184 matched, players 0/827 matched
2026-08-23 23:55:43,593 INFO ncaa_identity: contest_id=1348886 season=2010 league=wbb -- teams  not built; ids emitted as nulls
2026-08-23 23:55:43,598 INFO ncaa_identity: contest_id=1348886 teams 0/2019 matched, players 0/747 matched
2026-08-23 23:55:44,711 INFO ncaa_identity: contest_id=1348904 season=2010 league=wbb -- teams  not built; ids emitted as nulls
2026-08-23 23:55:44,717 INFO ncaa_identity: contest_id=1348904 teams 0/2348 matched, players 0/826 matched
2026-08-23 23:55:45,831 INFO ncaa_identity: contest_id=1348915 season=2010 league=wbb -- teams  not built; ids emitted as nulls
2026-08-23 23:55:45,835 INFO ncaa_identity: contest_id=1348915 teams 0/1788 matched, players 0/621 matched
2026-08-23 23:55:47,176 INFO ncaa_identity: contest_id=1348925 season=2010 league=wbb -- teams  not built; ids emitted as nulls
2026-08-23 23:55:47,181 INFO ncaa_identity: contest_id=1348925 teams 0/2017 matched, players 0/776 matched
2026-08-23 23:55:48,344 INFO ncaa_identity: contest_id=1348943 season=2010 league=wbb -- teams  not built; ids emitted as nulls
2026-08-23 23:55:48,348 INFO ncaa_identity: contest_id=1348943 teams 0/2080 matched, players 0/665 matched
2026-08-23 23:55:49,466 INFO ncaa_identity: contest_id=1348956 season=2010 league=wbb -- teams  not built; ids emitted as nulls
2026-08-23 23:55:49,470 INFO ncaa_identity: contest_id=1348956 teams 0/2048 matched, players 0/728 matched
2026-08-23 23:55:51,120 INFO ncaa_identity: contest_id=1349008 season=2010 league=wbb -- teams  not built; ids emitted as nulls
2026-08-23 23:55:51,125 INFO ncaa_identity: contest_id=1349008 teams 0/2080 matched, players 0/654 matched
2026-08-23 23:55:52,322 INFO ncaa_identity: contest_id=1349045 season=2010 league=wbb -- teams  not built; ids emitted as nulls
2026-08-23 23:55:52,327 INFO ncaa_identity: contest_id=1349045 teams 0/2120 matched, players 0/834 matched
2026-08-23 23:55:53,446 INFO ncaa_identity: contest_id=1349058 season=2010 league=wbb -- teams  not built; ids emitted as nulls
2026-08-23 23:55:53,451 INFO ncaa_identity: contest_id=1349058 teams 0/2206 matched, players 0/803 matched
2026-08-23 23:55:54,911 INFO ncaa_identity: contest_id=1349070 season=2010 league=wbb -- teams  not built; ids emitted as nulls
2026-08-23 23:55:54,916 INFO ncaa_identity: contest_id=1349070 teams 0/2114 matched, players 0/740 matched
2026-08-23 23:55:56,159 INFO ncaa_identity: contest_id=1349101 season=2010 league=wbb -- teams  not built; ids emitted as nulls
2026-08-23 23:55:56,164 INFO ncaa_identity: contest_id=1349101 teams 0/2186 matched, players 0/886 matched
2026-08-23 23:55:56,261 INFO 5 starters not found for period 1; using estimate
2026-08-23 23:55:56,261 INFO 5 starters not found for period 1; using estimate
2026-08-23 23:55:56,261 INFO 5 starters not found for period 2; using estimate
2026-08-23 23:55:56,262 INFO 5 starters not found for period 2; using estimate
2026-08-23 23:55:57,171 INFO ncaa_identity: contest_id=1349148 season=2010 league=wbb -- teams  not built; ids emitted as nulls
2026-08-23 23:55:57,179 INFO ncaa_identity: contest_id=1349148 teams 0/2001 matched, players 0/2114 matched
2026-08-23 23:55:58,312 INFO ncaa_identity: contest_id=1349177 season=2010 league=wbb -- teams  not built; ids emitted as nulls
2026-08-23 23:55:58,316 INFO ncaa_identity: contest_id=1349177 teams 0/1638 matched, players 0/533 matched
2026-08-23 23:55:59,302 INFO ncaa_identity: contest_id=1349195 season=2010 league=wbb -- teams  not built; ids emitted as nulls
2026-08-23 23:55:59,307 INFO ncaa_identity: contest_id=1349195 teams 0/1982 matched, players 0/748 matched
2026-08-23 23:56:00,800 INFO ncaa_identity: contest_id=1349208 season=2010 league=wbb -- teams  not built; ids emitted as nulls
2026-08-23 23:56:00,805 INFO ncaa_identity: contest_id=1349208 teams 0/2502 matched, players 0/894 matched
2026-08-23 23:56:01,682 INFO ncaa_identity: contest_id=1349218 season=2010 league=wbb -- teams  not built; ids emitted as nulls
2026-08-23 23:56:01,686 INFO ncaa_identity: contest_id=1349218 teams 0/1826 matched, players 0/533 matched
2026-08-23 23:56:02,610 INFO ncaa_identity: contest_id=1349230 season=2010 league=wbb -- teams  not built; ids emitted as nulls
2026-08-23 23:56:02,615 INFO ncaa_identity: contest_id=1349230 teams 0/2032 matched, players 0/738 matched
2026-08-23 23:56:04,033 INFO ncaa_identity: contest_id=1349267 season=2010 league=wbb -- teams  not built; ids emitted as nulls
2026-08-23 23:56:04,038 INFO ncaa_identity: contest_id=1349267 teams 0/2299 matched, players 0/848 matched
2026-08-23 23:56:05,166 INFO ncaa_identity: contest_id=1349280 season=2010 league=wbb -- teams  not built; ids emitted as nulls
2026-08-23 23:56:05,170 INFO ncaa_identity: contest_id=1349280 teams 0/2164 matched, players 0/585 matched
2026-08-23 23:56:06,104 INFO ncaa_identity: contest_id=1349390 season=2010 league=wbb -- teams  not built; ids emitted as nulls
2026-08-23 23:56:06,108 INFO ncaa_identity: contest_id=1349390 teams 0/1693 matched, players 0/489 matched
2026-08-23 23:56:06,447 WARNING ncaa_parse: family=lineups contest_id=1349415 team=Alabama produced NO good stints (21 bad, roster=10) -- parsed successfully but contributed nothing
2026-08-23 23:56:06,689 WARNING ncaa_parse: family=lineups contest_id=1349415 team=Georgia produced NO good stints (12 bad, roster=8) -- parsed successfully but contributed nothing
2026-08-23 23:56:06,920 INFO ncaa_identity: contest_id=1349415 season=2010 league=wbb -- teams  not built; ids emitted as nulls
2026-08-23 23:56:06,924 INFO ncaa_identity: contest_id=1349415 teams 0/1742 matched, players 0/435 matched
2026-08-23 23:56:08,291 INFO ncaa_identity: contest_id=1349434 season=2010 league=wbb -- teams  not built; ids emitted as nulls
2026-08-23 23:56:08,295 INFO ncaa_identity: contest_id=1349434 teams 0/1984 matched, players 0/748 matched
2026-08-23 23:56:09,302 INFO ncaa_identity: contest_id=1349449 season=2010 league=wbb -- teams  not built; ids emitted as nulls
2026-08-23 23:56:09,306 INFO ncaa_identity: contest_id=1349449 teams 0/1880 matched, players 0/680 matched
2026-08-23 23:56:10,214 INFO ncaa_identity: contest_id=1349476 season=2010 league=wbb -- teams  not built; ids emitted as nulls
2026-08-23 23:56:10,218 INFO ncaa_identity: contest_id=1349476 teams 0/1634 matched, players 0/586 matched
2026-08-23 23:56:11,439 INFO ncaa_identity: contest_id=1349534 season=2010 league=wbb -- teams  not built; ids emitted as nulls
2026-08-23 23:56:11,444 INFO ncaa_identity: contest_id=1349534 teams 0/2214 matched, players 0/806 matched
2026-08-23 23:56:12,782 INFO ncaa_identity: contest_id=1349544 season=2010 league=wbb -- teams  not built; ids emitted as nulls
2026-08-23 23:56:12,787 INFO ncaa_identity: contest_id=1349544 teams 0/2249 matched, players 0/779 matched
2026-08-23 23:56:13,812 INFO ncaa_identity: contest_id=1349559 season=2010 league=wbb -- teams  not built; ids emitted as nulls
2026-08-23 23:56:13,817 INFO ncaa_identity: contest_id=1349559 teams 0/2082 matched, players 0/798 matched
2026-08-23 23:56:15,404 INFO ncaa_identity: contest_id=1349587 season=2010 league=wbb -- teams  not built; ids emitted as nulls
2026-08-23 23:56:15,408 INFO ncaa_identity: contest_id=1349587 teams 0/1750 matched, players 0/653 matched
2026-08-23 23:56:16,558 INFO ncaa_identity: contest_id=1349604 season=2010 league=wbb -- teams  not built; ids emitted as nulls
2026-08-23 23:56:16,563 INFO ncaa_identity: contest_id=1349604 teams 0/2020 matched, players 0/752 matched
2026-08-23 23:56:18,039 INFO ncaa_identity: contest_id=1349614 season=2010 league=wbb -- teams  not built; ids emitted as nulls
2026-08-23 23:56:18,044 INFO ncaa_identity: contest_id=1349614 teams 0/2004 matched, players 0/782 matched
2026-08-23 23:56:19,059 INFO ncaa_identity: contest_id=1349669 season=2010 league=wbb -- teams  not built; ids emitted as nulls
2026-08-23 23:56:19,064 INFO ncaa_identity: contest_id=1349669 teams 0/2074 matched, players 0/843 matched
2026-08-23 23:56:20,146 INFO ncaa_identity: contest_id=1349699 season=2010 league=wbb -- teams  not built; ids emitted as nulls
2026-08-23 23:56:20,151 INFO ncaa_identity: contest_id=1349699 teams 0/2070 matched, players 0/771 matched
2026-08-23 23:56:21,295 INFO ncaa_identity: contest_id=1349738 season=2010 league=wbb -- teams  not built; ids emitted as nulls
2026-08-23 23:56:21,300 INFO ncaa_identity: contest_id=1349738 teams 0/2020 matched, players 0/883 matched
2026-08-23 23:56:22,560 INFO ncaa_identity: contest_id=1349774 season=2010 league=wbb -- teams  not built; ids emitted as nulls
2026-08-23 23:56:22,565 INFO ncaa_identity: contest_id=1349774 teams 0/2044 matched, players 0/810 matched
2026-08-23 23:56:23,624 INFO ncaa_identity: contest_id=1349813 season=2010 league=wbb -- teams  not built; ids emitted as nulls
2026-08-23 23:56:23,628 INFO ncaa_identity: contest_id=1349813 teams 0/1694 matched, players 0/549 matched
2026-08-23 23:56:24,676 INFO ncaa_identity: contest_id=1349864 season=2010 league=wbb -- teams  not built; ids emitted as nulls
2026-08-23 23:56:24,680 INFO ncaa_identity: contest_id=1349864 teams 0/1892 matched, players 0/693 matched
2026-08-23 23:56:26,367 INFO ncaa_identity: contest_id=1349901 season=2010 league=wbb -- teams  not built; ids emitted as nulls
2026-08-23 23:56:26,373 INFO ncaa_identity: contest_id=1349901 teams 0/2776 matched, players 0/1064 matched
2026-08-23 23:56:27,336 INFO ncaa_identity: contest_id=1349942 season=2010 league=wbb -- teams  not built; ids emitted as nulls
2026-08-23 23:56:27,340 INFO ncaa_identity: contest_id=1349942 teams 0/1990 matched, players 0/793 matched
2026-08-23 23:56:28,398 INFO ncaa_identity: contest_id=1349955 season=2010 league=wbb -- teams  not built; ids emitted as nulls
2026-08-23 23:56:28,402 INFO ncaa_identity: contest_id=1349955 teams 0/2060 matched, players 0/899 matched
2026-08-23 23:56:29,665 INFO ncaa_identity: contest_id=1349998 season=2010 league=wbb -- teams  not built; ids emitted as nulls
2026-08-23 23:56:29,670 INFO ncaa_identity: contest_id=1349998 teams 0/1944 matched, players 0/775 matched
2026-08-23 23:56:30,827 INFO ncaa_identity: contest_id=1350008 season=2010 league=wbb -- teams  not built; ids emitted as nulls
2026-08-23 23:56:30,831 INFO ncaa_identity: contest_id=1350008 teams 0/1791 matched, players 0/658 matched
2026-08-23 23:56:30,921 INFO 5 starters not found for period 1; using estimate
2026-08-23 23:56:30,922 INFO 5 starters not found for period 1; using estimate
2026-08-23 23:56:30,922 INFO 5 starters not found for period 2; using estimate
2026-08-23 23:56:30,922 INFO 5 starters not found for period 2; using estimate
2026-08-23 23:56:31,927 INFO ncaa_identity: contest_id=1350050 season=2010 league=wbb -- teams  not built; ids emitted as nulls
2026-08-23 23:56:31,935 INFO ncaa_identity: contest_id=1350050 teams 0/1702 matched, players 0/3084 matched
2026-08-23 23:56:32,820 INFO ncaa_identity: contest_id=1350087 season=2010 league=wbb -- teams  not built; ids emitted as nulls
2026-08-23 23:56:32,824 INFO ncaa_identity: contest_id=1350087 teams 0/1658 matched, players 0/572 matched
2026-08-23 23:56:34,487 INFO ncaa_identity: contest_id=1350127 season=2010 league=wbb -- teams  not built; ids emitted as nulls
2026-08-23 23:56:34,491 INFO ncaa_identity: contest_id=1350127 teams 0/1780 matched, players 0/546 matched
2026-08-23 23:56:35,476 INFO ncaa_identity: contest_id=1350166 season=2010 league=wbb -- teams  not built; ids emitted as nulls
2026-08-23 23:56:35,481 INFO ncaa_identity: contest_id=1350166 teams 0/1956 matched, players 0/694 matched
2026-08-23 23:56:36,780 INFO ncaa_identity: contest_id=1350216 season=2010 league=wbb -- teams  not built; ids emitted as nulls
2026-08-23 23:56:36,790 INFO ncaa_identity: contest_id=1350216 teams 0/2217 matched, players 0/619 matched
2026-08-23 23:56:38,036 INFO ncaa_identity: contest_id=1350255 season=2010 league=wbb -- teams  not built; ids emitted as nulls
2026-08-23 23:56:38,058 INFO ncaa_identity: contest_id=1350255 teams 0/2498 matched, players 0/7002 matched
2026-08-23 23:56:39,185 INFO ncaa_identity: contest_id=1350284 season=2010 league=wbb -- teams  not built; ids emitted as nulls
2026-08-23 23:56:39,189 INFO ncaa_identity: contest_id=1350284 teams 0/2004 matched, players 0/665 matched
2026-08-23 23:56:40,672 INFO ncaa_identity: contest_id=1350307 season=2010 league=wbb -- teams  not built; ids emitted as nulls
2026-08-23 23:56:40,676 INFO ncaa_identity: contest_id=1350307 teams 0/1922 matched, players 0/733 matched
2026-08-23 23:56:41,813 INFO ncaa_identity: contest_id=1350321 season=2010 league=wbb -- teams  not built; ids emitted as nulls
2026-08-23 23:56:41,818 INFO ncaa_identity: contest_id=1350321 teams 0/2146 matched, players 0/904 matched
2026-08-23 23:56:42,836 INFO ncaa_identity: contest_id=1350342 season=2010 league=wbb -- teams  not built; ids emitted as nulls
2026-08-23 23:56:42,841 INFO ncaa_identity: contest_id=1350342 teams 0/1818 matched, players 0/791 matched
2026-08-23 23:56:44,131 INFO ncaa_identity: contest_id=1350401 season=2010 league=wbb -- teams  not built; ids emitted as nulls
2026-08-23 23:56:44,135 INFO ncaa_identity: contest_id=1350401 teams 0/1964 matched, players 0/701 matched
2026-08-23 23:56:45,211 INFO ncaa_identity: contest_id=1350417 season=2010 league=wbb -- teams  not built; ids emitted as nulls
2026-08-23 23:56:45,215 INFO ncaa_identity: contest_id=1350417 teams 0/1946 matched, players 0/655 matched
2026-08-23 23:56:46,325 INFO ncaa_identity: contest_id=1350461 season=2010 league=wbb -- teams  not built; ids emitted as nulls
2026-08-23 23:56:46,329 INFO ncaa_identity: contest_id=1350461 teams 0/2020 matched, players 0/795 matched
2026-08-23 23:56:47,799 INFO ncaa_identity: contest_id=1350472 season=2010 league=wbb -- teams  not built; ids emitted as nulls
2026-08-23 23:56:47,805 INFO ncaa_identity: contest_id=1350472 teams 0/2222 matched, players 0/800 matched
2026-08-23 23:56:48,803 INFO ncaa_identity: contest_id=1350563 season=2010 league=wbb -- teams  not built; ids emitted as nulls
2026-08-23 23:56:48,807 INFO ncaa_identity: contest_id=1350563 teams 0/2018 matched, players 0/789 matched
2026-08-23 23:56:49,771 INFO ncaa_identity: contest_id=1350577 season=2010 league=wbb -- teams  not built; ids emitted as nulls
2026-08-23 23:56:49,776 INFO ncaa_identity: contest_id=1350577 teams 0/2338 matched, players 0/960 matched
2026-08-23 23:56:51,026 INFO ncaa_identity: contest_id=1350589 season=2010 league=wbb -- teams  not built; ids emitted as nulls
2026-08-23 23:56:51,029 INFO ncaa_identity: contest_id=1350589 teams 0/1634 matched, players 0/514 matched
2026-08-23 23:56:51,965 INFO ncaa_identity: contest_id=1350620 season=2010 league=wbb -- teams  not built; ids emitted as nulls
2026-08-23 23:56:51,970 INFO ncaa_identity: contest_id=1350620 teams 0/1754 matched, players 0/621 matched
2026-08-23 23:56:52,865 INFO ncaa_identity: contest_id=1350642 season=2010 league=wbb -- teams  not built; ids emitted as nulls
2026-08-23 23:56:52,869 INFO ncaa_identity: contest_id=1350642 teams 0/1892 matched, players 0/621 matched
2026-08-23 23:56:54,137 INFO ncaa_identity: contest_id=1350670 season=2010 league=wbb -- teams  not built; ids emitted as nulls
2026-08-23 23:56:54,142 INFO ncaa_identity: contest_id=1350670 teams 0/1962 matched, players 0/727 matched
2026-08-23 23:56:55,113 INFO ncaa_identity: contest_id=1350689 season=2010 league=wbb -- teams  not built; ids emitted as nulls
2026-08-23 23:56:55,117 INFO ncaa_identity: contest_id=1350689 teams 0/2042 matched, players 0/666 matched
2026-08-23 23:56:56,042 INFO ncaa_identity: contest_id=1350761 season=2010 league=wbb -- teams  not built; ids emitted as nulls
2026-08-23 23:56:56,047 INFO ncaa_identity: contest_id=1350761 teams 0/2114 matched, players 0/905 matched
2026-08-23 23:56:56,973 INFO ncaa_identity: contest_id=1350818 season=2010 league=wbb -- teams  not built; ids emitted as nulls
2026-08-23 23:56:56,978 INFO ncaa_identity: contest_id=1350818 teams 0/1920 matched, players 0/722 matched
2026-08-23 23:56:58,053 INFO ncaa_identity: contest_id=1350834 season=2010 league=wbb -- teams  not built; ids emitted as nulls
2026-08-23 23:56:58,057 INFO ncaa_identity: contest_id=1350834 teams 0/1686 matched, players 0/534 matched
2026-08-23 23:56:59,136 INFO ncaa_identity: contest_id=1350889 season=2010 league=wbb -- teams  not built; ids emitted as nulls
2026-08-23 23:56:59,141 INFO ncaa_identity: contest_id=1350889 teams 0/2012 matched, players 0/828 matched
2026-08-23 23:57:00,304 INFO ncaa_identity: contest_id=1350936 season=2010 league=wbb -- teams  not built; ids emitted as nulls
2026-08-23 23:57:00,309 INFO ncaa_identity: contest_id=1350936 teams 0/2018 matched, players 0/809 matched
2026-08-23 23:57:01,708 INFO ncaa_identity: contest_id=1350990 season=2010 league=wbb -- teams  not built; ids emitted as nulls
2026-08-23 23:57:01,712 INFO ncaa_identity: contest_id=1350990 teams 0/2178 matched, players 0/801 matched
2026-08-23 23:57:02,732 INFO ncaa_identity: contest_id=1351000 season=2010 league=wbb -- teams  not built; ids emitted as nulls
2026-08-23 23:57:02,737 INFO ncaa_identity: contest_id=1351000 teams 0/2106 matched, players 0/699 matched
2026-08-23 23:57:03,868 INFO ncaa_identity: contest_id=1351026 season=2010 league=wbb -- teams  not built; ids emitted as nulls
2026-08-23 23:57:03,872 INFO ncaa_identity: contest_id=1351026 teams 0/1734 matched, players 0/658 matched
2026-08-23 23:57:05,418 INFO ncaa_identity: contest_id=1351057 season=2010 league=wbb -- teams  not built; ids emitted as nulls
2026-08-23 23:57:05,423 INFO ncaa_identity: contest_id=1351057 teams 0/1968 matched, players 0/638 matched
2026-08-23 23:57:06,460 INFO ncaa_identity: contest_id=1351081 season=2010 league=wbb -- teams  not built; ids emitted as nulls
2026-08-23 23:57:06,464 INFO ncaa_identity: contest_id=1351081 teams 0/1860 matched, players 0/683 matched
2026-08-23 23:57:07,764 INFO ncaa_identity: contest_id=1351102 season=2010 league=wbb -- teams  not built; ids emitted as nulls
2026-08-23 23:57:07,770 INFO ncaa_identity: contest_id=1351102 teams 0/2622 matched, players 0/1096 matched
2026-08-23 23:57:09,091 INFO ncaa_identity: contest_id=1351157 season=2010 league=wbb -- teams  not built; ids emitted as nulls
2026-08-23 23:57:09,095 INFO ncaa_identity: contest_id=1351157 teams 0/1968 matched, players 0/746 matched
2026-08-23 23:57:10,160 INFO ncaa_identity: contest_id=1351204 season=2010 league=wbb -- teams  not built; ids emitted as nulls
2026-08-23 23:57:10,165 INFO ncaa_identity: contest_id=1351204 teams 0/2224 matched, players 0/782 matched
2026-08-23 23:57:11,286 INFO ncaa_identity: contest_id=1351253 season=2010 league=wbb -- teams  not built; ids emitted as nulls
2026-08-23 23:57:11,290 INFO ncaa_identity: contest_id=1351253 teams 0/1878 matched, players 0/581 matched
2026-08-23 23:57:12,695 INFO ncaa_identity: contest_id=1351270 season=2010 league=wbb -- teams  not built; ids emitted as nulls
2026-08-23 23:57:12,700 INFO ncaa_identity: contest_id=1351270 teams 0/2232 matched, players 0/708 matched
2026-08-23 23:57:13,838 INFO ncaa_identity: contest_id=1351280 season=2010 league=wbb -- teams  not built; ids emitted as nulls
2026-08-23 23:57:13,843 INFO ncaa_identity: contest_id=1351280 teams 0/2000 matched, players 0/601 matched
2026-08-23 23:57:14,893 INFO ncaa_identity: contest_id=1351290 season=2010 league=wbb -- teams  not built; ids emitted as nulls
2026-08-23 23:57:14,897 INFO ncaa_identity: contest_id=1351290 teams 0/1928 matched, players 0/762 matched
2026-08-23 23:57:16,299 INFO ncaa_identity: contest_id=1351320 season=2010 league=wbb -- teams  not built; ids emitted as nulls
2026-08-23 23:57:16,302 INFO ncaa_identity: contest_id=1351320 teams 0/1603 matched, players 0/493 matched
2026-08-23 23:57:17,294 INFO ncaa_identity: contest_id=1351410 season=2010 league=wbb -- teams  not built; ids emitted as nulls
2026-08-23 23:57:17,298 INFO ncaa_identity: contest_id=1351410 teams 0/1857 matched, players 0/632 matched
2026-08-23 23:57:18,375 INFO ncaa_identity: contest_id=1351449 season=2010 league=wbb -- teams  not built; ids emitted as nulls
2026-08-23 23:57:18,379 INFO ncaa_identity: contest_id=1351449 teams 0/1870 matched, players 0/668 matched
2026-08-23 23:57:19,552 INFO ncaa_identity: contest_id=1351472 season=2010 league=wbb -- teams  not built; ids emitted as nulls
2026-08-23 23:57:19,556 INFO ncaa_identity: contest_id=1351472 teams 0/1610 matched, players 0/549 matched
2026-08-23 23:57:20,620 INFO ncaa_identity: contest_id=1351482 season=2010 league=wbb -- teams  not built; ids emitted as nulls
2026-08-23 23:57:20,625 INFO ncaa_identity: contest_id=1351482 teams 0/2004 matched, players 0/629 matched
2026-08-23 23:57:21,604 INFO ncaa_identity: contest_id=1351492 season=2010 league=wbb -- teams  not built; ids emitted as nulls
2026-08-23 23:57:21,608 INFO ncaa_identity: contest_id=1351492 teams 0/2063 matched, players 0/756 matched
2026-08-23 23:57:22,709 INFO ncaa_identity: contest_id=1351536 season=2010 league=wbb -- teams  not built; ids emitted as nulls
2026-08-23 23:57:22,715 INFO ncaa_identity: contest_id=1351536 teams 0/2040 matched, players 0/704 matched
2026-08-23 23:57:24,174 INFO ncaa_identity: contest_id=1351560 season=2010 league=wbb -- teams  not built; ids emitted as nulls
2026-08-23 23:57:24,179 INFO ncaa_identity: contest_id=1351560 teams 0/2254 matched, players 0/744 matched
2026-08-23 23:57:25,248 INFO ncaa_identity: contest_id=1351661 season=2010 league=wbb -- teams  not built; ids emitted as nulls
2026-08-23 23:57:25,252 INFO ncaa_identity: contest_id=1351661 teams 0/1970 matched, players 0/602 matched
2026-08-23 23:57:26,198 INFO ncaa_identity: contest_id=1351674 season=2010 league=wbb -- teams  not built; ids emitted as nulls
2026-08-23 23:57:26,202 INFO ncaa_identity: contest_id=1351674 teams 0/1658 matched, players 0/636 matched
2026-08-23 23:57:27,404 INFO ncaa_identity: contest_id=1351687 season=2010 league=wbb -- teams  not built; ids emitted as nulls
2026-08-23 23:57:27,408 INFO ncaa_identity: contest_id=1351687 teams 0/1868 matched, players 0/627 matched
2026-08-23 23:57:28,430 INFO ncaa_identity: contest_id=1351717 season=2010 league=wbb -- teams  not built; ids emitted as nulls
2026-08-23 23:57:28,434 INFO ncaa_identity: contest_id=1351717 teams 0/1938 matched, players 0/654 matched
2026-08-23 23:57:30,135 INFO ncaa_identity: contest_id=1351728 season=2010 league=wbb -- teams  not built; ids emitted as nulls
2026-08-23 23:57:30,139 INFO ncaa_identity: contest_id=1351728 teams 0/2110 matched, players 0/807 matched
2026-08-23 23:57:31,283 INFO ncaa_identity: contest_id=1351738 season=2010 league=wbb -- teams  not built; ids emitted as nulls
2026-08-23 23:57:31,288 INFO ncaa_identity: contest_id=1351738 teams 0/2286 matched, players 0/852 matched
2026-08-23 23:57:32,126 INFO ncaa_identity: contest_id=1351756 season=2010 league=wbb -- teams  not built; ids emitted as nulls
2026-08-23 23:57:32,130 INFO ncaa_identity: contest_id=1351756 teams 0/1832 matched, players 0/703 matched
2026-08-23 23:57:33,015 INFO ncaa_identity: contest_id=1351870 season=2010 league=wbb -- teams  not built; ids emitted as nulls
2026-08-23 23:57:33,019 INFO ncaa_identity: contest_id=1351870 teams 0/1832 matched, players 0/593 matched
2026-08-23 23:57:34,215 INFO ncaa_identity: contest_id=1351938 season=2010 league=wbb -- teams  not built; ids emitted as nulls
2026-08-23 23:57:34,218 INFO ncaa_identity: contest_id=1351938 teams 0/1554 matched, players 0/483 matched
2026-08-23 23:57:35,332 INFO ncaa_identity: contest_id=1351992 season=2010 league=wbb -- teams  not built; ids emitted as nulls
2026-08-23 23:57:35,336 INFO ncaa_identity: contest_id=1351992 teams 0/1852 matched, players 0/675 matched
2026-08-23 23:57:36,281 INFO ncaa_identity: contest_id=1352028 season=2010 league=wbb -- teams  not built; ids emitted as nulls
2026-08-23 23:57:36,285 INFO ncaa_identity: contest_id=1352028 teams 0/1836 matched, players 0/571 matched
2026-08-23 23:57:37,494 INFO ncaa_identity: contest_id=1352057 season=2010 league=wbb -- teams  not built; ids emitted as nulls
2026-08-23 23:57:37,498 INFO ncaa_identity: contest_id=1352057 teams 0/1847 matched, players 0/656 matched
2026-08-23 23:57:39,098 INFO ncaa_identity: contest_id=1352120 season=2010 league=wbb -- teams  not built; ids emitted as nulls
2026-08-23 23:57:39,102 INFO ncaa_identity: contest_id=1352120 teams 0/1950 matched, players 0/732 matched
2026-08-23 23:57:40,251 INFO ncaa_identity: contest_id=1352148 season=2010 league=wbb -- teams  not built; ids emitted as nulls
2026-08-23 23:57:40,255 INFO ncaa_identity: contest_id=1352148 teams 0/1838 matched, players 0/604 matched
2026-08-23 23:57:41,506 INFO ncaa_identity: contest_id=1352174 season=2010 league=wbb -- teams  not built; ids emitted as nulls
2026-08-23 23:57:41,510 INFO ncaa_identity: contest_id=1352174 teams 0/1708 matched, players 0/631 matched
2026-08-23 23:57:42,469 INFO ncaa_identity: contest_id=1352198 season=2010 league=wbb -- teams  not built; ids emitted as nulls
2026-08-23 23:57:42,473 INFO ncaa_identity: contest_id=1352198 teams 0/1668 matched, players 0/652 matched
2026-08-23 23:57:43,572 INFO ncaa_identity: contest_id=1352208 season=2010 league=wbb -- teams  not built; ids emitted as nulls
2026-08-23 23:57:43,577 INFO ncaa_identity: contest_id=1352208 teams 0/2302 matched, players 0/935 matched
2026-08-23 23:57:44,821 INFO ncaa_identity: contest_id=1352221 season=2010 league=wbb -- teams  not built; ids emitted as nulls
2026-08-23 23:57:44,825 INFO ncaa_identity: contest_id=1352221 teams 0/2065 matched, players 0/689 matched
2026-08-23 23:57:45,802 INFO ncaa_identity: contest_id=1352284 season=2010 league=wbb -- teams  not built; ids emitted as nulls
2026-08-23 23:57:45,806 INFO ncaa_identity: contest_id=1352284 teams 0/1813 matched, players 0/537 matched
2026-08-23 23:57:47,139 INFO ncaa_identity: contest_id=1352391 season=2010 league=wbb -- teams  not built; ids emitted as nulls
2026-08-23 23:57:47,142 INFO ncaa_identity: contest_id=1352391 teams 0/1832 matched, players 0/503 matched
2026-08-23 23:57:48,224 INFO ncaa_identity: contest_id=1352494 season=2010 league=wbb -- teams  not built; ids emitted as nulls
2026-08-23 23:57:48,228 INFO ncaa_identity: contest_id=1352494 teams 0/2030 matched, players 0/667 matched
2026-08-23 23:57:49,512 INFO ncaa_identity: contest_id=1352538 season=2010 league=wbb -- teams  not built; ids emitted as nulls
2026-08-23 23:57:49,520 INFO ncaa_identity: contest_id=1352538 teams 0/1826 matched, players 0/762 matched
2026-08-23 23:57:50,871 INFO ncaa_identity: contest_id=1352549 season=2010 league=wbb -- teams  not built; ids emitted as nulls
2026-08-23 23:57:50,877 INFO ncaa_identity: contest_id=1352549 teams 0/2536 matched, players 0/1052 matched
2026-08-23 23:57:52,327 INFO ncaa_identity: contest_id=1352563 season=2010 league=wbb -- teams  not built; ids emitted as nulls
2026-08-23 23:57:52,331 INFO ncaa_identity: contest_id=1352563 teams 0/1917 matched, players 0/619 matched
2026-08-23 23:57:52,444 INFO 5 starters not found for period 1; using estimate
2026-08-23 23:57:52,445 INFO 5 starters not found for period 1; using estimate
2026-08-23 23:57:52,445 INFO 5 starters not found for period 2; using estimate
2026-08-23 23:57:52,446 INFO 5 starters not found for period 2; using estimate
2026-08-23 23:57:53,429 INFO ncaa_identity: contest_id=1352583 season=2010 league=wbb -- teams  not built; ids emitted as nulls
2026-08-23 23:57:53,441 INFO ncaa_identity: contest_id=1352583 teams 0/1932 matched, players 0/4366 matched
2026-08-23 23:57:54,824 INFO ncaa_identity: contest_id=1352606 season=2010 league=wbb -- teams  not built; ids emitted as nulls
2026-08-23 23:57:54,829 INFO ncaa_identity: contest_id=1352606 teams 0/1784 matched, players 0/729 matched
2026-08-23 23:57:56,405 INFO ncaa_identity: contest_id=1352618 season=2010 league=wbb -- teams  not built; ids emitted as nulls
2026-08-23 23:57:56,409 INFO ncaa_identity: contest_id=1352618 teams 0/2022 matched, players 0/680 matched
2026-08-23 23:57:57,590 INFO ncaa_identity: contest_id=1352657 season=2010 league=wbb -- teams  not built; ids emitted as nulls
2026-08-23 23:57:57,596 INFO ncaa_identity: contest_id=1352657 teams 0/2640 matched, players 0/1098 matched
2026-08-23 23:57:58,642 INFO ncaa_identity: contest_id=1352667 season=2010 league=wbb -- teams  not built; ids emitted as nulls
2026-08-23 23:57:58,646 INFO ncaa_identity: contest_id=1352667 teams 0/1814 matched, players 0/672 matched
2026-08-23 23:57:59,756 INFO ncaa_identity: contest_id=1352683 season=2010 league=wbb -- teams  not built; ids emitted as nulls
2026-08-23 23:57:59,760 INFO ncaa_identity: contest_id=1352683 teams 0/1892 matched, players 0/669 matched
2026-08-23 23:58:01,110 INFO ncaa_identity: contest_id=1352693 season=2010 league=wbb -- teams  not built; ids emitted as nulls
2026-08-23 23:58:01,114 INFO ncaa_identity: contest_id=1352693 teams 0/1680 matched, players 0/614 matched
2026-08-23 23:58:02,074 INFO ncaa_identity: contest_id=1352780 season=2010 league=wbb -- teams  not built; ids emitted as nulls
2026-08-23 23:58:02,078 INFO ncaa_identity: contest_id=1352780 teams 0/1764 matched, players 0/579 matched
2026-08-23 23:58:03,016 INFO ncaa_identity: contest_id=1352792 season=2010 league=wbb -- teams  not built; ids emitted as nulls
2026-08-23 23:58:03,021 INFO ncaa_identity: contest_id=1352792 teams 0/1886 matched, players 0/623 matched
2026-08-23 23:58:04,677 INFO ncaa_identity: contest_id=1352807 season=2010 league=wbb -- teams  not built; ids emitted as nulls
2026-08-23 23:58:04,682 INFO ncaa_identity: contest_id=1352807 teams 0/2170 matched, players 0/794 matched
2026-08-23 23:58:05,802 INFO ncaa_identity: contest_id=1352823 season=2010 league=wbb -- teams  not built; ids emitted as nulls
2026-08-23 23:58:05,805 INFO ncaa_identity: contest_id=1352823 teams 0/1664 matched, players 0/540 matched
2026-08-23 23:58:07,400 INFO ncaa_identity: contest_id=1352851 season=2010 league=wbb -- teams  not built; ids emitted as nulls
2026-08-23 23:58:07,405 INFO ncaa_identity: contest_id=1352851 teams 0/2248 matched, players 0/790 matched
2026-08-23 23:58:08,297 INFO ncaa_identity: contest_id=1352879 season=2010 league=wbb -- teams  not built; ids emitted as nulls
2026-08-23 23:58:08,301 INFO ncaa_identity: contest_id=1352879 teams 0/1524 matched, players 0/544 matched
2026-08-23 23:58:09,576 INFO ncaa_identity: contest_id=1352915 season=2010 league=wbb -- teams  not built; ids emitted as nulls
2026-08-23 23:58:09,580 INFO ncaa_identity: contest_id=1352915 teams 0/1846 matched, players 0/672 matched
2026-08-23 23:58:11,118 INFO ncaa_identity: contest_id=1352998 season=2010 league=wbb -- teams  not built; ids emitted as nulls
2026-08-23 23:58:11,123 INFO ncaa_identity: contest_id=1352998 teams 0/1974 matched, players 0/690 matched
2026-08-23 23:58:12,149 INFO ncaa_identity: contest_id=1353021 season=2010 league=wbb -- teams  not built; ids emitted as nulls
2026-08-23 23:58:12,154 INFO ncaa_identity: contest_id=1353021 teams 0/1882 matched, players 0/580 matched
2026-08-23 23:58:13,091 INFO ncaa_identity: contest_id=1353099 season=2010 league=wbb -- teams  not built; ids emitted as nulls
2026-08-23 23:58:13,094 INFO ncaa_identity: contest_id=1353099 teams 0/1870 matched, players 0/594 matched
2026-08-23 23:58:14,788 INFO ncaa_identity: contest_id=1353114 season=2010 league=wbb -- teams  not built; ids emitted as nulls
2026-08-23 23:58:14,793 INFO ncaa_identity: contest_id=1353114 teams 0/2156 matched, players 0/818 matched
2026-08-23 23:58:15,983 INFO ncaa_identity: contest_id=1353132 season=2010 league=wbb -- teams  not built; ids emitted as nulls
2026-08-23 23:58:15,988 INFO ncaa_identity: contest_id=1353132 teams 0/1786 matched, players 0/717 matched
2026-08-23 23:58:17,148 INFO ncaa_identity: contest_id=1353150 season=2010 league=wbb -- teams  not built; ids emitted as nulls
2026-08-23 23:58:17,167 INFO ncaa_identity: contest_id=1353150 teams 0/2432 matched, players 0/1048 matched
2026-08-23 23:58:18,314 INFO ncaa_identity: contest_id=1353195 season=2010 league=wbb -- teams  not built; ids emitted as nulls
2026-08-23 23:58:18,317 INFO ncaa_identity: contest_id=1353195 teams 0/1185 matched, players 0/322 matched
2026-08-23 23:58:19,445 INFO ncaa_identity: contest_id=1353205 season=2010 league=wbb -- teams  not built; ids emitted as nulls
2026-08-23 23:58:19,449 INFO ncaa_identity: contest_id=1353205 teams 0/1996 matched, players 0/686 matched
2026-08-23 23:58:20,368 INFO ncaa_identity: contest_id=1353229 season=2010 league=wbb -- teams  not built; ids emitted as nulls
2026-08-23 23:58:20,372 INFO ncaa_identity: contest_id=1353229 teams 0/1709 matched, players 0/600 matched
2026-08-23 23:58:21,459 INFO ncaa_identity: contest_id=1353247 season=2010 league=wbb -- teams  not built; ids emitted as nulls
2026-08-23 23:58:21,463 INFO ncaa_identity: contest_id=1353247 teams 0/1956 matched, players 0/696 matched
2026-08-23 23:58:22,929 INFO ncaa_identity: contest_id=1353297 season=2010 league=wbb -- teams  not built; ids emitted as nulls
2026-08-23 23:58:22,933 INFO ncaa_identity: contest_id=1353297 teams 0/2012 matched, players 0/602 matched
2026-08-23 23:58:23,896 INFO ncaa_identity: contest_id=1353321 season=2010 league=wbb -- teams  not built; ids emitted as nulls
2026-08-23 23:58:23,900 INFO ncaa_identity: contest_id=1353321 teams 0/1644 matched, players 0/601 matched
2026-08-23 23:58:25,011 INFO ncaa_identity: contest_id=1353405 season=2010 league=wbb -- teams  not built; ids emitted as nulls
2026-08-23 23:58:25,015 INFO ncaa_identity: contest_id=1353405 teams 0/1944 matched, players 0/681 matched
2026-08-23 23:58:25,113 INFO 5 starters not found for period 1; using estimate
2026-08-23 23:58:25,114 INFO 5 starters not found for period 1; using estimate
2026-08-23 23:58:25,114 INFO 5 starters not found for period 2; using estimate
2026-08-23 23:58:25,119 INFO 5 starters not found for period 2; using estimate
2026-08-23 23:58:26,297 INFO ncaa_identity: contest_id=1353459 season=2010 league=wbb -- teams  not built; ids emitted as nulls
2026-08-23 23:58:26,307 INFO ncaa_identity: contest_id=1353459 teams 0/1848 matched, players 0/3337 matched
2026-08-23 23:58:27,594 INFO ncaa_identity: contest_id=1353478 season=2010 league=wbb -- teams  not built; ids emitted as nulls
2026-08-23 23:58:27,599 INFO ncaa_identity: contest_id=1353478 teams 0/2536 matched, players 0/1010 matched
2026-08-23 23:58:29,186 INFO ncaa_identity: contest_id=1353488 season=2010 league=wbb -- teams  not built; ids emitted as nulls
2026-08-23 23:58:29,191 INFO ncaa_identity: contest_id=1353488 teams 0/2542 matched, players 0/989 matched
2026-08-23 23:58:30,178 INFO ncaa_identity: contest_id=1353498 season=2010 league=wbb -- teams  not built; ids emitted as nulls
2026-08-23 23:58:30,181 INFO ncaa_identity: contest_id=1353498 teams 0/1784 matched, players 0/519 matched
2026-08-23 23:58:31,277 INFO ncaa_identity: contest_id=1353563 season=2010 league=wbb -- teams  not built; ids emitted as nulls
2026-08-23 23:58:31,281 INFO ncaa_identity: contest_id=1353563 teams 0/1922 matched, players 0/587 matched
2026-08-23 23:58:31,411 INFO 5 starters not found for period 1; using estimate
2026-08-23 23:58:31,412 INFO 5 starters not found for period 1; using estimate
2026-08-23 23:58:31,412 INFO 5 starters not found for period 2; using estimate
2026-08-23 23:58:31,413 INFO 5 starters not found for period 2; using estimate
2026-08-23 23:58:32,545 INFO ncaa_identity: contest_id=1353586 season=2010 league=wbb -- teams  not built; ids emitted as nulls
2026-08-23 23:58:32,557 INFO ncaa_identity: contest_id=1353586 teams 0/2199 matched, players 0/3404 matched
2026-08-23 23:58:33,572 INFO ncaa_identity: contest_id=1353627 season=2010 league=wbb -- teams  not built; ids emitted as nulls
2026-08-23 23:58:33,577 INFO ncaa_identity: contest_id=1353627 teams 0/2198 matched, players 0/760 matched
2026-08-23 23:58:34,508 INFO ncaa_identity: contest_id=1353656 season=2010 league=wbb -- teams  not built; ids emitted as nulls
2026-08-23 23:58:34,513 INFO ncaa_identity: contest_id=1353656 teams 0/2190 matched, players 0/810 matched
2026-08-23 23:58:35,690 INFO ncaa_identity: contest_id=1353680 season=2010 league=wbb -- teams  not built; ids emitted as nulls
2026-08-23 23:58:35,694 INFO ncaa_identity: contest_id=1353680 teams 0/1874 matched, players 0/618 matched
2026-08-23 23:58:36,756 INFO ncaa_identity: contest_id=1353696 season=2010 league=wbb -- teams  not built; ids emitted as nulls
2026-08-23 23:58:36,760 INFO ncaa_identity: contest_id=1353696 teams 0/1900 matched, players 0/710 matched
2026-08-23 23:58:37,698 INFO ncaa_identity: contest_id=1353723 season=2010 league=wbb -- teams  not built; ids emitted as nulls
2026-08-23 23:58:37,701 INFO ncaa_identity: contest_id=1353723 teams 0/1351 matched, players 0/355 matched
2026-08-23 23:58:38,908 INFO ncaa_identity: contest_id=1353763 season=2010 league=wbb -- teams  not built; ids emitted as nulls
2026-08-23 23:58:38,913 INFO ncaa_identity: contest_id=1353763 teams 0/2078 matched, players 0/813 matched
2026-08-23 23:58:39,993 INFO ncaa_identity: contest_id=1353842 season=2010 league=wbb -- teams  not built; ids emitted as nulls
2026-08-23 23:58:39,998 INFO ncaa_identity: contest_id=1353842 teams 0/1920 matched, players 0/713 matched
2026-08-23 23:58:40,993 INFO ncaa_identity: contest_id=1353860 season=2010 league=wbb -- teams  not built; ids emitted as nulls
2026-08-23 23:58:41,000 INFO ncaa_identity: contest_id=1353860 teams 0/2164 matched, players 0/823 matched
2026-08-23 23:58:42,160 INFO ncaa_identity: contest_id=1353870 season=2010 league=wbb -- teams  not built; ids emitted as nulls
2026-08-23 23:58:42,164 INFO ncaa_identity: contest_id=1353870 teams 0/1756 matched, players 0/702 matched
2026-08-23 23:58:43,161 INFO ncaa_identity: contest_id=1353884 season=2010 league=wbb -- teams  not built; ids emitted as nulls
2026-08-23 23:58:43,165 INFO ncaa_identity: contest_id=1353884 teams 0/1686 matched, players 0/538 matched
2026-08-23 23:58:43,938 INFO ncaa_identity: contest_id=1353907 season=2010 league=wbb -- teams  not built; ids emitted as nulls
2026-08-23 23:58:43,940 INFO ncaa_identity: contest_id=1353907 teams 0/1006 matched, players 0/343 matched
2026-08-23 23:58:45,084 INFO ncaa_identity: contest_id=1353956 season=2010 league=wbb -- teams  not built; ids emitted as nulls
2026-08-23 23:58:45,089 INFO ncaa_identity: contest_id=1353956 teams 0/2040 matched, players 0/802 matched
2026-08-23 23:58:46,639 INFO ncaa_identity: contest_id=1353988 season=2010 league=wbb -- teams  not built; ids emitted as nulls
2026-08-23 23:58:46,643 INFO ncaa_identity: contest_id=1353988 teams 0/1864 matched, players 0/752 matched
2026-08-23 23:58:47,649 INFO ncaa_identity: contest_id=1354042 season=2010 league=wbb -- teams  not built; ids emitted as nulls
2026-08-23 23:58:47,653 INFO ncaa_identity: contest_id=1354042 teams 0/2016 matched, players 0/799 matched
2026-08-23 23:58:47,752 INFO 5 starters not found for period 1; using estimate
2026-08-23 23:58:47,752 INFO 5 starters not found for period 1; using estimate
2026-08-23 23:58:47,753 INFO 5 starters not found for period 2; using estimate
2026-08-23 23:58:47,753 INFO 5 starters not found for period 2; using estimate
2026-08-23 23:58:49,281 INFO ncaa_identity: contest_id=1354143 season=2010 league=wbb -- teams  not built; ids emitted as nulls
2026-08-23 23:58:49,290 INFO ncaa_identity: contest_id=1354143 teams 0/2081 matched, players 0/3237 matched
2026-08-23 23:58:50,442 INFO ncaa_identity: contest_id=1354201 season=2010 league=wbb -- teams  not built; ids emitted as nulls
2026-08-23 23:58:50,447 INFO ncaa_identity: contest_id=1354201 teams 0/1962 matched, players 0/748 matched
2026-08-23 23:58:51,402 INFO ncaa_identity: contest_id=1354211 season=2010 league=wbb -- teams  not built; ids emitted as nulls
2026-08-23 23:58:51,406 INFO ncaa_identity: contest_id=1354211 teams 0/1656 matched, players 0/649 matched
2026-08-23 23:58:52,424 INFO ncaa_identity: contest_id=1354228 season=2010 league=wbb -- teams  not built; ids emitted as nulls
2026-08-23 23:58:52,428 INFO ncaa_identity: contest_id=1354228 teams 0/1827 matched, players 0/626 matched
2026-08-23 23:58:53,514 INFO ncaa_identity: contest_id=1354282 season=2010 league=wbb -- teams  not built; ids emitted as nulls
2026-08-23 23:58:53,517 INFO ncaa_identity: contest_id=1354282 teams 0/1658 matched, players 0/595 matched
2026-08-23 23:58:54,619 INFO ncaa_identity: contest_id=1354343 season=2010 league=wbb -- teams  not built; ids emitted as nulls
2026-08-23 23:58:54,623 INFO ncaa_identity: contest_id=1354343 teams 0/1528 matched, players 0/535 matched
2026-08-23 23:58:55,635 INFO ncaa_identity: contest_id=1354358 season=2010 league=wbb -- teams  not built; ids emitted as nulls
2026-08-23 23:58:55,639 INFO ncaa_identity: contest_id=1354358 teams 0/1866 matched, players 0/605 matched
2026-08-23 23:58:56,654 INFO ncaa_identity: contest_id=1354376 season=2010 league=wbb -- teams  not built; ids emitted as nulls
2026-08-23 23:58:56,659 INFO ncaa_identity: contest_id=1354376 teams 0/2126 matched, players 0/834 matched
2026-08-23 23:58:57,831 INFO ncaa_identity: contest_id=1354386 season=2010 league=wbb -- teams  not built; ids emitted as nulls
2026-08-23 23:58:57,836 INFO ncaa_identity: contest_id=1354386 teams 0/2049 matched, players 0/714 matched
2026-08-23 23:58:59,167 INFO ncaa_identity: contest_id=1354420 season=2010 league=wbb -- teams  not built; ids emitted as nulls
2026-08-23 23:58:59,172 INFO ncaa_identity: contest_id=1354420 teams 0/2024 matched, players 0/670 matched
2026-08-23 23:59:00,083 INFO ncaa_identity: contest_id=1354468 season=2010 league=wbb -- teams  not built; ids emitted as nulls
2026-08-23 23:59:00,086 INFO ncaa_identity: contest_id=1354468 teams 0/1510 matched, players 0/395 matched
2026-08-23 23:59:01,257 INFO ncaa_identity: contest_id=1354512 season=2010 league=wbb -- teams  not built; ids emitted as nulls
2026-08-23 23:59:01,262 INFO ncaa_identity: contest_id=1354512 teams 0/2179 matched, players 0/782 matched
2026-08-23 23:59:02,515 INFO ncaa_identity: contest_id=1354531 season=2010 league=wbb -- teams  not built; ids emitted as nulls
2026-08-23 23:59:02,519 INFO ncaa_identity: contest_id=1354531 teams 0/1870 matched, players 0/651 matched
2026-08-23 23:59:03,447 INFO ncaa_identity: contest_id=1354542 season=2010 league=wbb -- teams  not built; ids emitted as nulls
2026-08-23 23:59:03,451 INFO ncaa_identity: contest_id=1354542 teams 0/1898 matched, players 0/572 matched
2026-08-23 23:59:04,826 INFO ncaa_identity: contest_id=1354552 season=2010 league=wbb -- teams  not built; ids emitted as nulls
2026-08-23 23:59:04,833 INFO ncaa_identity: contest_id=1354552 teams 0/2786 matched, players 0/1205 matched
2026-08-23 23:59:06,184 INFO ncaa_identity: contest_id=1354581 season=2010 league=wbb -- teams  not built; ids emitted as nulls
2026-08-23 23:59:06,187 INFO ncaa_identity: contest_id=1354581 teams 0/1585 matched, players 0/590 matched
2026-08-23 23:59:07,685 INFO ncaa_identity: contest_id=1354591 season=2010 league=wbb -- teams  not built; ids emitted as nulls
2026-08-23 23:59:07,695 INFO ncaa_identity: contest_id=1354591 teams 0/2794 matched, players 0/1095 matched
2026-08-23 23:59:09,332 INFO ncaa_identity: contest_id=1354612 season=2010 league=wbb -- teams  not built; ids emitted as nulls
2026-08-23 23:59:09,336 INFO ncaa_identity: contest_id=1354612 teams 0/2046 matched, players 0/790 matched
2026-08-23 23:59:10,567 INFO ncaa_identity: contest_id=1354652 season=2010 league=wbb -- teams  not built; ids emitted as nulls
2026-08-23 23:59:10,573 INFO ncaa_identity: contest_id=1354652 teams 0/2064 matched, players 0/794 matched
2026-08-23 23:59:11,714 INFO ncaa_identity: contest_id=1354672 season=2010 league=wbb -- teams  not built; ids emitted as nulls
2026-08-23 23:59:11,719 INFO ncaa_identity: contest_id=1354672 teams 0/2224 matched, players 0/933 matched
2026-08-23 23:59:12,985 INFO ncaa_identity: contest_id=1354692 season=2010 league=wbb -- teams  not built; ids emitted as nulls
2026-08-23 23:59:12,989 INFO ncaa_identity: contest_id=1354692 teams 0/1808 matched, players 0/695 matched
2026-08-23 23:59:13,937 INFO ncaa_identity: contest_id=1354740 season=2010 league=wbb -- teams  not built; ids emitted as nulls
2026-08-23 23:59:13,941 INFO ncaa_identity: contest_id=1354740 teams 0/2224 matched, players 0/742 matched
2026-08-23 23:59:14,974 INFO ncaa_identity: contest_id=1354854 season=2010 league=wbb -- teams  not built; ids emitted as nulls
2026-08-23 23:59:14,979 INFO ncaa_identity: contest_id=1354854 teams 0/2274 matched, players 0/949 matched
2026-08-23 23:59:16,468 INFO ncaa_identity: contest_id=1354874 season=2010 league=wbb -- teams  not built; ids emitted as nulls
2026-08-23 23:59:16,473 INFO ncaa_identity: contest_id=1354874 teams 0/2052 matched, players 0/660 matched
2026-08-23 23:59:17,329 INFO ncaa_identity: contest_id=1354886 season=2010 league=wbb -- teams  not built; ids emitted as nulls
2026-08-23 23:59:17,332 INFO ncaa_identity: contest_id=1354886 teams 0/1858 matched, players 0/628 matched
2026-08-23 23:59:18,461 INFO ncaa_identity: contest_id=1354896 season=2010 league=wbb -- teams  not built; ids emitted as nulls
2026-08-23 23:59:18,465 INFO ncaa_identity: contest_id=1354896 teams 0/1784 matched, players 0/597 matched
2026-08-23 23:59:19,400 INFO ncaa_identity: contest_id=1354931 season=2010 league=wbb -- teams  not built; ids emitted as nulls
2026-08-23 23:59:19,405 INFO ncaa_identity: contest_id=1354931 teams 0/2152 matched, players 0/796 matched
2026-08-23 23:59:20,302 INFO ncaa_identity: contest_id=1354941 season=2010 league=wbb -- teams  not built; ids emitted as nulls
2026-08-23 23:59:20,307 INFO ncaa_identity: contest_id=1354941 teams 0/1880 matched, players 0/662 matched
2026-08-23 23:59:21,448 INFO ncaa_identity: contest_id=1354953 season=2010 league=wbb -- teams  not built; ids emitted as nulls
2026-08-23 23:59:21,456 INFO ncaa_identity: contest_id=1354953 teams 0/2272 matched, players 0/861 matched
2026-08-23 23:59:22,938 INFO ncaa_identity: contest_id=1354964 season=2010 league=wbb -- teams  not built; ids emitted as nulls
2026-08-23 23:59:22,943 INFO ncaa_identity: contest_id=1354964 teams 0/2210 matched, players 0/814 matched
2026-08-23 23:59:23,867 INFO ncaa_identity: contest_id=1355026 season=2010 league=wbb -- teams  not built; ids emitted as nulls
2026-08-23 23:59:23,871 INFO ncaa_identity: contest_id=1355026 teams 0/1898 matched, players 0/703 matched
2026-08-23 23:59:23,950 INFO 5 starters not found for period 1; using estimate
2026-08-23 23:59:23,950 INFO 5 starters not found for period 1; using estimate
2026-08-23 23:59:23,951 INFO 5 starters not found for period 2; using estimate
2026-08-23 23:59:23,951 INFO 5 starters not found for period 2; using estimate
2026-08-23 23:59:24,683 INFO ncaa_identity: contest_id=1355118 season=2010 league=wbb -- teams  not built; ids emitted as nulls
2026-08-23 23:59:24,690 INFO ncaa_identity: contest_id=1355118 teams 0/1711 matched, players 0/2672 matched
2026-08-23 23:59:26,259 INFO ncaa_identity: contest_id=1355128 season=2010 league=wbb -- teams  not built; ids emitted as nulls
2026-08-23 23:59:26,265 INFO ncaa_identity: contest_id=1355128 teams 0/2336 matched, players 0/881 matched
2026-08-23 23:59:27,211 INFO ncaa_identity: contest_id=1355139 season=2010 league=wbb -- teams  not built; ids emitted as nulls
2026-08-23 23:59:27,215 INFO ncaa_identity: contest_id=1355139 teams 0/1827 matched, players 0/601 matched
2026-08-23 23:59:28,203 INFO ncaa_identity: contest_id=1355150 season=2010 league=wbb -- teams  not built; ids emitted as nulls
2026-08-23 23:59:28,208 INFO ncaa_identity: contest_id=1355150 teams 0/2265 matched, players 0/743 matched
2026-08-23 23:59:29,543 INFO ncaa_identity: contest_id=1355226 season=2010 league=wbb -- teams  not built; ids emitted as nulls
2026-08-23 23:59:29,547 INFO ncaa_identity: contest_id=1355226 teams 0/1938 matched, players 0/729 matched
2026-08-23 23:59:30,531 INFO ncaa_identity: contest_id=1355244 season=2010 league=wbb -- teams  not built; ids emitted as nulls
2026-08-23 23:59:30,534 INFO ncaa_identity: contest_id=1355244 teams 0/1500 matched, players 0/515 matched
2026-08-23 23:59:31,496 INFO ncaa_identity: contest_id=1355257 season=2010 league=wbb -- teams  not built; ids emitted as nulls
2026-08-23 23:59:31,500 INFO ncaa_identity: contest_id=1355257 teams 0/1892 matched, players 0/598 matched
2026-08-23 23:59:32,696 INFO ncaa_identity: contest_id=1355268 season=2010 league=wbb -- teams  not built; ids emitted as nulls
2026-08-23 23:59:32,701 INFO ncaa_identity: contest_id=1355268 teams 0/2021 matched, players 0/765 matched
2026-08-23 23:59:33,892 INFO ncaa_identity: contest_id=1355278 season=2010 league=wbb -- teams  not built; ids emitted as nulls
2026-08-23 23:59:33,897 INFO ncaa_identity: contest_id=1355278 teams 0/2415 matched, players 0/960 matched
2026-08-23 23:59:34,852 INFO ncaa_identity: contest_id=1355288 season=2010 league=wbb -- teams  not built; ids emitted as nulls
2026-08-23 23:59:34,856 INFO ncaa_identity: contest_id=1355288 teams 0/1556 matched, players 0/553 matched
2026-08-23 23:59:36,325 INFO ncaa_identity: contest_id=1355412 season=2010 league=wbb -- teams  not built; ids emitted as nulls
2026-08-23 23:59:36,329 INFO ncaa_identity: contest_id=1355412 teams 0/2093 matched, players 0/743 matched
2026-08-23 23:59:37,508 INFO ncaa_identity: contest_id=1355463 season=2010 league=wbb -- teams  not built; ids emitted as nulls
2026-08-23 23:59:37,511 INFO ncaa_identity: contest_id=1355463 teams 0/1832 matched, players 0/650 matched
2026-08-23 23:59:38,498 INFO ncaa_identity: contest_id=1355526 season=2010 league=wbb -- teams  not built; ids emitted as nulls
2026-08-23 23:59:38,502 INFO ncaa_identity: contest_id=1355526 teams 0/1694 matched, players 0/563 matched
2026-08-23 23:59:39,493 INFO ncaa_identity: contest_id=1355536 season=2010 league=wbb -- teams  not built; ids emitted as nulls
2026-08-23 23:59:39,496 INFO ncaa_identity: contest_id=1355536 teams 0/2040 matched, players 0/648 matched
2026-08-23 23:59:41,057 INFO ncaa_identity: contest_id=1355547 season=2010 league=wbb -- teams  not built; ids emitted as nulls
2026-08-23 23:59:41,063 INFO ncaa_identity: contest_id=1355547 teams 0/2154 matched, players 0/831 matched
2026-08-23 23:59:42,367 INFO ncaa_identity: contest_id=1355559 season=2010 league=wbb -- teams  not built; ids emitted as nulls
2026-08-23 23:59:42,371 INFO ncaa_identity: contest_id=1355559 teams 0/2090 matched, players 0/723 matched
2026-08-23 23:59:43,538 INFO ncaa_identity: contest_id=1355587 season=2010 league=wbb -- teams  not built; ids emitted as nulls
2026-08-23 23:59:43,543 INFO ncaa_identity: contest_id=1355587 teams 0/2309 matched, players 0/880 matched
2026-08-23 23:59:45,086 INFO ncaa_identity: contest_id=1355600 season=2010 league=wbb -- teams  not built; ids emitted as nulls
2026-08-23 23:59:45,091 INFO ncaa_identity: contest_id=1355600 teams 0/2058 matched, players 0/781 matched
2026-08-23 23:59:45,206 INFO 5 starters not found for period 1; using estimate
2026-08-23 23:59:45,207 INFO 5 starters not found for period 1; using estimate
2026-08-23 23:59:45,207 INFO 5 starters not found for period 2; using estimate
2026-08-23 23:59:45,207 INFO 5 starters not found for period 2; using estimate
2026-08-23 23:59:46,121 INFO ncaa_identity: contest_id=1355610 season=2010 league=wbb -- teams  not built; ids emitted as nulls
2026-08-23 23:59:46,132 INFO ncaa_identity: contest_id=1355610 teams 0/1999 matched, players 0/3103 matched
2026-08-23 23:59:47,094 INFO ncaa_identity: contest_id=1355647 season=2010 league=wbb -- teams  not built; ids emitted as nulls
2026-08-23 23:59:47,105 INFO ncaa_identity: contest_id=1355647 teams 0/1832 matched, players 0/750 matched
2026-08-23 23:59:48,322 INFO ncaa_identity: contest_id=1355722 season=2010 league=wbb -- teams  not built; ids emitted as nulls
2026-08-23 23:59:48,326 INFO ncaa_identity: contest_id=1355722 teams 0/1790 matched, players 0/605 matched
2026-08-23 23:59:49,350 INFO ncaa_identity: contest_id=1355807 season=2010 league=wbb -- teams  not built; ids emitted as nulls
2026-08-23 23:59:49,354 INFO ncaa_identity: contest_id=1355807 teams 0/1844 matched, players 0/531 matched
2026-08-23 23:59:50,398 INFO ncaa_identity: contest_id=1355895 season=2010 league=wbb -- teams  not built; ids emitted as nulls
2026-08-23 23:59:50,402 INFO ncaa_identity: contest_id=1355895 teams 0/1874 matched, players 0/677 matched
2026-08-23 23:59:51,796 INFO ncaa_identity: contest_id=1355908 season=2010 league=wbb -- teams  not built; ids emitted as nulls
2026-08-23 23:59:51,800 INFO ncaa_identity: contest_id=1355908 teams 0/1928 matched, players 0/618 matched
2026-08-23 23:59:53,060 INFO ncaa_identity: contest_id=1355949 season=2010 league=wbb -- teams  not built; ids emitted as nulls
2026-08-23 23:59:53,064 INFO ncaa_identity: contest_id=1355949 teams 0/2026 matched, players 0/783 matched
2026-08-23 23:59:54,030 INFO ncaa_identity: contest_id=1355962 season=2010 league=wbb -- teams  not built; ids emitted as nulls
2026-08-23 23:59:54,034 INFO ncaa_identity: contest_id=1355962 teams 0/1844 matched, players 0/648 matched
2026-08-23 23:59:55,262 INFO ncaa_identity: contest_id=1355981 season=2010 league=wbb -- teams  not built; ids emitted as nulls
2026-08-23 23:59:55,266 INFO ncaa_identity: contest_id=1355981 teams 0/2022 matched, players 0/764 matched
2026-08-23 23:59:56,188 INFO ncaa_identity: contest_id=1355993 season=2010 league=wbb -- teams  not built; ids emitted as nulls
2026-08-23 23:59:56,192 INFO ncaa_identity: contest_id=1355993 teams 0/1852 matched, players 0/707 matched
2026-08-23 23:59:57,687 INFO ncaa_identity: contest_id=1356004 season=2010 league=wbb -- teams  not built; ids emitted as nulls
2026-08-23 23:59:57,692 INFO ncaa_identity: contest_id=1356004 teams 0/2278 matched, players 0/974 matched
2026-08-23 23:59:58,713 INFO ncaa_identity: contest_id=1356037 season=2010 league=wbb -- teams  not built; ids emitted as nulls
2026-08-23 23:59:58,718 INFO ncaa_identity: contest_id=1356037 teams 0/2032 matched, players 0/739 matched
2026-08-23 23:59:59,719 INFO ncaa_identity: contest_id=1356091 season=2010 league=wbb -- teams  not built; ids emitted as nulls
2026-08-23 23:59:59,724 INFO ncaa_identity: contest_id=1356091 teams 0/1886 matched, players 0/726 matched
2026-08-24 00:00:00,917 INFO ncaa_identity: contest_id=1356159 season=2010 league=wbb -- teams  not built; ids emitted as nulls
2026-08-24 00:00:00,922 INFO ncaa_identity: contest_id=1356159 teams 0/2122 matched, players 0/861 matched
2026-08-24 00:00:01,982 INFO ncaa_identity: contest_id=1356200 season=2010 league=wbb -- teams  not built; ids emitted as nulls
2026-08-24 00:00:01,986 INFO ncaa_identity: contest_id=1356200 teams 0/1846 matched, players 0/685 matched
2026-08-24 00:00:02,443 INFO 5 starters not found for period 1; using estimate
2026-08-24 00:00:02,443 INFO 5 starters not found for period 1; using estimate
2026-08-24 00:00:02,443 INFO 5 starters not found for period 2; using estimate
2026-08-24 00:00:02,444 INFO 5 starters not found for period 2; using estimate
2026-08-24 00:00:03,494 INFO ncaa_identity: contest_id=1356259 season=2010 league=wbb -- teams  not built; ids emitted as nulls
2026-08-24 00:00:03,503 INFO ncaa_identity: contest_id=1356259 teams 0/1929 matched, players 0/2937 matched
2026-08-24 00:00:04,514 INFO ncaa_identity: contest_id=1356333 season=2010 league=wbb -- teams  not built; ids emitted as nulls
2026-08-24 00:00:04,518 INFO ncaa_identity: contest_id=1356333 teams 0/1658 matched, players 0/666 matched
2026-08-24 00:00:05,552 INFO ncaa_identity: contest_id=1356361 season=2010 league=wbb -- teams  not built; ids emitted as nulls
2026-08-24 00:00:05,556 INFO ncaa_identity: contest_id=1356361 teams 0/1684 matched, players 0/520 matched
2026-08-24 00:00:06,623 INFO ncaa_identity: contest_id=1356376 season=2010 league=wbb -- teams  not built; ids emitted as nulls
2026-08-24 00:00:06,628 INFO ncaa_identity: contest_id=1356376 teams 0/2042 matched, players 0/841 matched
2026-08-24 00:00:07,874 INFO ncaa_identity: contest_id=1356390 season=2010 league=wbb -- teams  not built; ids emitted as nulls
2026-08-24 00:00:07,878 INFO ncaa_identity: contest_id=1356390 teams 0/1772 matched, players 0/612 matched
2026-08-24 00:00:08,961 INFO ncaa_identity: contest_id=1356417 season=2010 league=wbb -- teams  not built; ids emitted as nulls
2026-08-24 00:00:08,964 INFO ncaa_identity: contest_id=1356417 teams 0/1746 matched, players 0/551 matched
2026-08-24 00:00:09,938 INFO ncaa_identity: contest_id=1356441 season=2010 league=wbb -- teams  not built; ids emitted as nulls
2026-08-24 00:00:09,947 INFO ncaa_identity: contest_id=1356441 teams 0/2234 matched, players 0/836 matched
2026-08-24 00:00:11,221 INFO ncaa_identity: contest_id=1356489 season=2010 league=wbb -- teams  not built; ids emitted as nulls
2026-08-24 00:00:11,225 INFO ncaa_identity: contest_id=1356489 teams 0/1848 matched, players 0/723 matched
2026-08-24 00:00:12,241 INFO ncaa_identity: contest_id=1356523 season=2010 league=wbb -- teams  not built; ids emitted as nulls
2026-08-24 00:00:12,246 INFO ncaa_identity: contest_id=1356523 teams 0/1820 matched, players 0/736 matched
2026-08-24 00:00:13,362 INFO ncaa_identity: contest_id=1356556 season=2010 league=wbb -- teams  not built; ids emitted as nulls
2026-08-24 00:00:13,365 INFO ncaa_identity: contest_id=1356556 teams 0/1718 matched, players 0/651 matched
2026-08-24 00:00:14,616 INFO ncaa_identity: contest_id=1356641 season=2010 league=wbb -- teams  not built; ids emitted as nulls
2026-08-24 00:00:14,620 INFO ncaa_identity: contest_id=1356641 teams 0/2016 matched, players 0/747 matched
2026-08-24 00:00:15,619 INFO ncaa_identity: contest_id=1356657 season=2010 league=wbb -- teams  not built; ids emitted as nulls
2026-08-24 00:00:15,624 INFO ncaa_identity: contest_id=1356657 teams 0/1942 matched, players 0/744 matched
2026-08-24 00:00:16,449 INFO ncaa_identity: contest_id=1356674 season=2010 league=wbb -- teams  not built; ids emitted as nulls
2026-08-24 00:00:16,452 INFO ncaa_identity: contest_id=1356674 teams 0/1746 matched, players 0/471 matched
2026-08-24 00:00:17,819 INFO ncaa_identity: contest_id=1356725 season=2010 league=wbb -- teams  not built; ids emitted as nulls
2026-08-24 00:00:17,823 INFO ncaa_identity: contest_id=1356725 teams 0/2308 matched, players 0/665 matched
2026-08-24 00:00:18,799 INFO ncaa_identity: contest_id=1356811 season=2010 league=wbb -- teams  not built; ids emitted as nulls
2026-08-24 00:00:18,804 INFO ncaa_identity: contest_id=1356811 teams 0/2100 matched, players 0/807 matched
2026-08-24 00:00:19,671 INFO ncaa_identity: contest_id=1356826 season=2010 league=wbb -- teams  not built; ids emitted as nulls
2026-08-24 00:00:19,675 INFO ncaa_identity: contest_id=1356826 teams 0/1844 matched, players 0/660 matched
2026-08-24 00:00:20,835 INFO ncaa_identity: contest_id=1356910 season=2010 league=wbb -- teams  not built; ids emitted as nulls
2026-08-24 00:00:20,840 INFO ncaa_identity: contest_id=1356910 teams 0/2016 matched, players 0/827 matched
2026-08-24 00:00:21,758 INFO ncaa_identity: contest_id=1356932 season=2010 league=wbb -- teams  not built; ids emitted as nulls
2026-08-24 00:00:21,762 INFO ncaa_identity: contest_id=1356932 teams 0/1848 matched, players 0/666 matched
2026-08-24 00:00:22,568 INFO ncaa_identity: contest_id=1356950 season=2010 league=wbb -- teams  not built; ids emitted as nulls
2026-08-24 00:00:22,572 INFO ncaa_identity: contest_id=1356950 teams 0/1650 matched, players 0/540 matched
2026-08-24 00:00:23,926 INFO ncaa_identity: contest_id=1356964 season=2010 league=wbb -- teams  not built; ids emitted as nulls
2026-08-24 00:00:23,930 INFO ncaa_identity: contest_id=1356964 teams 0/1772 matched, players 0/537 matched
2026-08-24 00:00:24,969 INFO ncaa_identity: contest_id=1356975 season=2010 league=wbb -- teams  not built; ids emitted as nulls
2026-08-24 00:00:24,973 INFO ncaa_identity: contest_id=1356975 teams 0/2036 matched, players 0/840 matched
2026-08-24 00:00:26,050 INFO ncaa_identity: contest_id=1356988 season=2010 league=wbb -- teams  not built; ids emitted as nulls
2026-08-24 00:00:26,055 INFO ncaa_identity: contest_id=1356988 teams 0/2122 matched, players 0/771 matched
2026-08-24 00:00:26,984 INFO ncaa_identity: contest_id=1357016 season=2010 league=wbb -- teams  not built; ids emitted as nulls
2026-08-24 00:00:26,986 INFO ncaa_identity: contest_id=1357016 teams 0/1276 matched, players 0/332 matched
2026-08-24 00:00:28,251 INFO ncaa_identity: contest_id=1357029 season=2010 league=wbb -- teams  not built; ids emitted as nulls
2026-08-24 00:00:28,256 INFO ncaa_identity: contest_id=1357029 teams 0/2081 matched, players 0/705 matched
2026-08-24 00:00:29,351 INFO ncaa_identity: contest_id=1357052 season=2010 league=wbb -- teams  not built; ids emitted as nulls
2026-08-24 00:00:29,357 INFO ncaa_identity: contest_id=1357052 teams 0/2178 matched, players 0/943 matched
2026-08-24 00:00:30,544 INFO ncaa_identity: contest_id=1357066 season=2010 league=wbb -- teams  not built; ids emitted as nulls
2026-08-24 00:00:30,575 INFO ncaa_identity: contest_id=1357066 teams 0/2667 matched, players 0/7561 matched
2026-08-24 00:00:31,744 INFO ncaa_identity: contest_id=1357081 season=2010 league=wbb -- teams  not built; ids emitted as nulls
2026-08-24 00:00:31,749 INFO ncaa_identity: contest_id=1357081 teams 0/1862 matched, players 0/744 matched
2026-08-24 00:00:32,701 INFO ncaa_identity: contest_id=1357097 season=2010 league=wbb -- teams  not built; ids emitted as nulls
2026-08-24 00:00:32,706 INFO ncaa_identity: contest_id=1357097 teams 0/1794 matched, players 0/635 matched
2026-08-24 00:00:33,771 INFO ncaa_identity: contest_id=1357127 season=2010 league=wbb -- teams  not built; ids emitted as nulls
2026-08-24 00:00:33,776 INFO ncaa_identity: contest_id=1357127 teams 0/2024 matched, players 0/840 matched
2026-08-24 00:00:35,160 INFO ncaa_identity: contest_id=1357150 season=2010 league=wbb -- teams  not built; ids emitted as nulls
2026-08-24 00:00:35,165 INFO ncaa_identity: contest_id=1357150 teams 0/1940 matched, players 0/695 matched
2026-08-24 00:00:36,261 INFO ncaa_identity: contest_id=1357232 season=2010 league=wbb -- teams  not built; ids emitted as nulls
2026-08-24 00:00:36,266 INFO ncaa_identity: contest_id=1357232 teams 0/2060 matched, players 0/754 matched
2026-08-24 00:00:37,231 INFO ncaa_identity: contest_id=1357269 season=2010 league=wbb -- teams  not built; ids emitted as nulls
2026-08-24 00:00:37,235 INFO ncaa_identity: contest_id=1357269 teams 0/1708 matched, players 0/677 matched
2026-08-24 00:00:38,002 INFO ncaa_identity: contest_id=1357293 season=2010 league=wbb -- teams  not built; ids emitted as nulls
2026-08-24 00:00:38,006 INFO ncaa_identity: contest_id=1357293 teams 0/1484 matched, players 0/518 matched
2026-08-24 00:00:38,404 INFO 5 starters not found for period 1; using estimate
2026-08-24 00:00:38,405 INFO 5 starters not found for period 1; using estimate
2026-08-24 00:00:38,405 INFO 5 starters not found for period 2; using estimate
2026-08-24 00:00:38,406 INFO 5 starters not found for period 2; using estimate
2026-08-24 00:00:39,270 INFO ncaa_identity: contest_id=1357330 season=2010 league=wbb -- teams  not built; ids emitted as nulls
2026-08-24 00:00:39,279 INFO ncaa_identity: contest_id=1357330 teams 0/1869 matched, players 0/2967 matched
2026-08-24 00:00:40,161 INFO ncaa_identity: contest_id=1357352 season=2010 league=wbb -- teams  not built; ids emitted as nulls
2026-08-24 00:00:40,170 INFO ncaa_identity: contest_id=1357352 teams 0/2024 matched, players 0/691 matched
2026-08-24 00:00:41,478 INFO ncaa_identity: contest_id=1357362 season=2010 league=wbb -- teams  not built; ids emitted as nulls
2026-08-24 00:00:41,482 INFO ncaa_identity: contest_id=1357362 teams 0/2027 matched, players 0/720 matched
2026-08-24 00:00:42,390 INFO ncaa_identity: contest_id=1357372 season=2010 league=wbb -- teams  not built; ids emitted as nulls
2026-08-24 00:00:42,393 INFO ncaa_identity: contest_id=1357372 teams 0/1834 matched, players 0/601 matched
2026-08-24 00:00:43,266 INFO ncaa_identity: contest_id=1357396 season=2010 league=wbb -- teams  not built; ids emitted as nulls
2026-08-24 00:00:43,270 INFO ncaa_identity: contest_id=1357396 teams 0/1856 matched, players 0/620 matched
2026-08-24 00:00:44,243 INFO ncaa_identity: contest_id=1357423 season=2010 league=wbb -- teams  not built; ids emitted as nulls
2026-08-24 00:00:44,247 INFO ncaa_identity: contest_id=1357423 teams 0/1966 matched, players 0/782 matched
2026-08-24 00:00:45,454 INFO ncaa_identity: contest_id=1357449 season=2010 league=wbb -- teams  not built; ids emitted as nulls
2026-08-24 00:00:45,458 INFO ncaa_identity: contest_id=1357449 teams 0/1838 matched, players 0/607 matched
2026-08-24 00:00:46,498 INFO ncaa_identity: contest_id=1357472 season=2010 league=wbb -- teams  not built; ids emitted as nulls
2026-08-24 00:00:46,503 INFO ncaa_identity: contest_id=1357472 teams 0/2254 matched, players 0/849 matched
2026-08-24 00:00:47,431 INFO ncaa_identity: contest_id=1357485 season=2010 league=wbb -- teams  not built; ids emitted as nulls
2026-08-24 00:00:47,437 INFO ncaa_identity: contest_id=1357485 teams 0/1971 matched, players 0/700 matched
2026-08-24 00:00:48,494 INFO ncaa_identity: contest_id=1357558 season=2010 league=wbb -- teams  not built; ids emitted as nulls
2026-08-24 00:00:48,498 INFO ncaa_identity: contest_id=1357558 teams 0/1730 matched, players 0/599 matched
2026-08-24 00:00:49,593 INFO ncaa_identity: contest_id=1357574 season=2010 league=wbb -- teams  not built; ids emitted as nulls
2026-08-24 00:00:49,596 INFO ncaa_identity: contest_id=1357574 teams 0/1374 matched, players 0/361 matched
2026-08-24 00:00:50,758 INFO ncaa_identity: contest_id=1357623 season=2010 league=wbb -- teams  not built; ids emitted as nulls
2026-08-24 00:00:50,762 INFO ncaa_identity: contest_id=1357623 teams 0/2084 matched, players 0/758 matched
2026-08-24 00:00:52,202 INFO ncaa_identity: contest_id=1357639 season=2010 league=wbb -- teams  not built; ids emitted as nulls
2026-08-24 00:00:52,206 INFO ncaa_identity: contest_id=1357639 teams 0/1738 matched, players 0/541 matched
2026-08-24 00:00:53,574 INFO ncaa_identity: contest_id=1357649 season=2010 league=wbb -- teams  not built; ids emitted as nulls
2026-08-24 00:00:53,579 INFO ncaa_identity: contest_id=1357649 teams 0/2074 matched, players 0/810 matched
2026-08-24 00:00:54,988 INFO ncaa_identity: contest_id=1357660 season=2010 league=wbb -- teams  not built; ids emitted as nulls
2026-08-24 00:00:54,992 INFO ncaa_identity: contest_id=1357660 teams 0/1713 matched, players 0/484 matched
2026-08-24 00:00:56,744 INFO ncaa_identity: contest_id=1357707 season=2010 league=wbb -- teams  not built; ids emitted as nulls
2026-08-24 00:00:56,749 INFO ncaa_identity: contest_id=1357707 teams 0/2294 matched, players 0/953 matched
2026-08-24 00:00:57,922 INFO ncaa_identity: contest_id=1357720 season=2010 league=wbb -- teams  not built; ids emitted as nulls
2026-08-24 00:00:57,927 INFO ncaa_identity: contest_id=1357720 teams 0/1882 matched, players 0/707 matched
2026-08-24 00:00:59,028 INFO ncaa_identity: contest_id=1357731 season=2010 league=wbb -- teams  not built; ids emitted as nulls
2026-08-24 00:00:59,033 INFO ncaa_identity: contest_id=1357731 teams 0/2160 matched, players 0/865 matched
2026-08-24 00:01:00,491 INFO ncaa_identity: contest_id=1357765 season=2010 league=wbb -- teams  not built; ids emitted as nulls
2026-08-24 00:01:00,496 INFO ncaa_identity: contest_id=1357765 teams 0/2312 matched, players 0/933 matched
2026-08-24 00:01:01,578 INFO ncaa_identity: contest_id=1357779 season=2010 league=wbb -- teams  not built; ids emitted as nulls
2026-08-24 00:01:01,581 INFO ncaa_identity: contest_id=1357779 teams 0/1740 matched, players 0/579 matched
2026-08-24 00:01:02,970 INFO ncaa_identity: contest_id=1357791 season=2010 league=wbb -- teams  not built; ids emitted as nulls
2026-08-24 00:01:02,975 INFO ncaa_identity: contest_id=1357791 teams 0/2158 matched, players 0/833 matched
2026-08-24 00:01:04,116 INFO ncaa_identity: contest_id=1357841 season=2010 league=wbb -- teams  not built; ids emitted as nulls
2026-08-24 00:01:04,120 INFO ncaa_identity: contest_id=1357841 teams 0/1692 matched, players 0/628 matched
2026-08-24 00:01:05,286 INFO ncaa_identity: contest_id=1357851 season=2010 league=wbb -- teams  not built; ids emitted as nulls
2026-08-24 00:01:05,291 INFO ncaa_identity: contest_id=1357851 teams 0/2202 matched, players 0/834 matched
2026-08-24 00:01:06,634 INFO ncaa_identity: contest_id=1357872 season=2010 league=wbb -- teams  not built; ids emitted as nulls
2026-08-24 00:01:06,647 INFO ncaa_identity: contest_id=1357872 teams 0/1986 matched, players 0/816 matched
2026-08-24 00:01:08,456 INFO ncaa_identity: contest_id=1357886 season=2010 league=wbb -- teams  not built; ids emitted as nulls
2026-08-24 00:01:08,461 INFO ncaa_identity: contest_id=1357886 teams 0/1943 matched, players 0/723 matched
2026-08-24 00:01:09,969 INFO ncaa_identity: contest_id=1357908 season=2010 league=wbb -- teams  not built; ids emitted as nulls
2026-08-24 00:01:09,973 INFO ncaa_identity: contest_id=1357908 teams 0/2220 matched, players 0/995 matched
2026-08-24 00:01:11,405 INFO ncaa_identity: contest_id=1357921 season=2010 league=wbb -- teams  not built; ids emitted as nulls
2026-08-24 00:01:11,410 INFO ncaa_identity: contest_id=1357921 teams 0/1953 matched, players 0/782 matched
2026-08-24 00:01:12,686 INFO ncaa_identity: contest_id=1357932 season=2010 league=wbb -- teams  not built; ids emitted as nulls
2026-08-24 00:01:12,689 INFO ncaa_identity: contest_id=1357932 teams 0/2024 matched, players 0/683 matched
2026-08-24 00:01:14,126 INFO ncaa_identity: contest_id=1357965 season=2010 league=wbb -- teams  not built; ids emitted as nulls
2026-08-24 00:01:14,130 INFO ncaa_identity: contest_id=1357965 teams 0/1950 matched, players 0/668 matched
2026-08-24 00:01:16,116 INFO ncaa_identity: contest_id=1357995 season=2010 league=wbb -- teams  not built; ids emitted as nulls
2026-08-24 00:01:16,120 INFO ncaa_identity: contest_id=1357995 teams 0/1877 matched, players 0/706 matched
2026-08-24 00:01:18,001 INFO ncaa_identity: contest_id=1358010 season=2010 league=wbb -- teams  not built; ids emitted as nulls
2026-08-24 00:01:18,005 INFO ncaa_identity: contest_id=1358010 teams 0/2042 matched, players 0/620 matched
2026-08-24 00:01:19,280 INFO ncaa_identity: contest_id=1358030 season=2010 league=wbb -- teams  not built; ids emitted as nulls
2026-08-24 00:01:19,283 INFO ncaa_identity: contest_id=1358030 teams 0/1676 matched, players 0/551 matched
2026-08-24 00:01:20,894 INFO ncaa_identity: contest_id=1358050 season=2010 league=wbb -- teams  not built; ids emitted as nulls
2026-08-24 00:01:20,898 INFO ncaa_identity: contest_id=1358050 teams 0/2164 matched, players 0/714 matched
2026-08-24 00:01:22,125 INFO ncaa_identity: contest_id=1358063 season=2010 league=wbb -- teams  not built; ids emitted as nulls
2026-08-24 00:01:22,131 INFO ncaa_identity: contest_id=1358063 teams 0/2202 matched, players 0/897 matched
2026-08-24 00:01:23,841 INFO ncaa_identity: contest_id=1358076 season=2010 league=wbb -- teams  not built; ids emitted as nulls
2026-08-24 00:01:23,846 INFO ncaa_identity: contest_id=1358076 teams 0/2150 matched, players 0/892 matched
2026-08-24 00:01:25,146 INFO ncaa_identity: contest_id=1358095 season=2010 league=wbb -- teams  not built; ids emitted as nulls
2026-08-24 00:01:25,150 INFO ncaa_identity: contest_id=1358095 teams 0/2002 matched, players 0/625 matched
2026-08-24 00:01:26,542 INFO ncaa_identity: contest_id=1358105 season=2010 league=wbb -- teams  not built; ids emitted as nulls
2026-08-24 00:01:26,546 INFO ncaa_identity: contest_id=1358105 teams 0/1974 matched, players 0/655 matched
2026-08-24 00:01:27,997 INFO ncaa_identity: contest_id=1358141 season=2010 league=wbb -- teams  not built; ids emitted as nulls
2026-08-24 00:01:28,003 INFO ncaa_identity: contest_id=1358141 teams 0/1908 matched, players 0/715 matched
2026-08-24 00:01:29,611 INFO ncaa_identity: contest_id=1358171 season=2010 league=wbb -- teams  not built; ids emitted as nulls
2026-08-24 00:01:29,616 INFO ncaa_identity: contest_id=1358171 teams 0/1748 matched, players 0/638 matched
2026-08-24 00:01:31,085 INFO ncaa_identity: contest_id=1358186 season=2010 league=wbb -- teams  not built; ids emitted as nulls
2026-08-24 00:01:31,089 INFO ncaa_identity: contest_id=1358186 teams 0/1860 matched, players 0/727 matched
2026-08-24 00:01:32,268 INFO ncaa_identity: contest_id=1358199 season=2010 league=wbb -- teams  not built; ids emitted as nulls
2026-08-24 00:01:32,272 INFO ncaa_identity: contest_id=1358199 teams 0/2000 matched, players 0/735 matched
2026-08-24 00:01:33,586 INFO ncaa_identity: contest_id=1358221 season=2010 league=wbb -- teams  not built; ids emitted as nulls
2026-08-24 00:01:33,590 INFO ncaa_identity: contest_id=1358221 teams 0/2026 matched, players 0/623 matched
2026-08-24 00:01:34,965 INFO ncaa_identity: contest_id=1358236 season=2010 league=wbb -- teams  not built; ids emitted as nulls
2026-08-24 00:01:34,971 INFO ncaa_identity: contest_id=1358236 teams 0/2298 matched, players 0/772 matched
2026-08-24 00:01:36,763 INFO ncaa_identity: contest_id=1358249 season=2010 league=wbb -- teams  not built; ids emitted as nulls
2026-08-24 00:01:36,767 INFO ncaa_identity: contest_id=1358249 teams 0/2092 matched, players 0/734 matched
2026-08-24 00:01:38,325 INFO ncaa_identity: contest_id=1358268 season=2010 league=wbb -- teams  not built; ids emitted as nulls
2026-08-24 00:01:38,332 INFO ncaa_identity: contest_id=1358268 teams 0/2970 matched, players 0/1092 matched
2026-08-24 00:01:39,418 INFO ncaa_identity: contest_id=1358280 season=2010 league=wbb -- teams  not built; ids emitted as nulls
2026-08-24 00:01:39,424 INFO ncaa_identity: contest_id=1358280 teams 0/1382 matched, players 0/363 matched
2026-08-24 00:01:40,974 INFO ncaa_identity: contest_id=1358304 season=2010 league=wbb -- teams  not built; ids emitted as nulls
2026-08-24 00:01:40,978 INFO ncaa_identity: contest_id=1358304 teams 0/1770 matched, players 0/451 matched
2026-08-24 00:01:42,199 INFO ncaa_identity: contest_id=1358327 season=2010 league=wbb -- teams  not built; ids emitted as nulls
2026-08-24 00:01:42,204 INFO ncaa_identity: contest_id=1358327 teams 0/2136 matched, players 0/891 matched
2026-08-24 00:01:43,646 INFO ncaa_identity: contest_id=1358340 season=2010 league=wbb -- teams  not built; ids emitted as nulls
2026-08-24 00:01:43,650 INFO ncaa_identity: contest_id=1358340 teams 0/1872 matched, players 0/523 matched
2026-08-24 00:01:44,782 INFO ncaa_identity: contest_id=1358361 season=2010 league=wbb -- teams  not built; ids emitted as nulls
2026-08-24 00:01:44,787 INFO ncaa_identity: contest_id=1358361 teams 0/2034 matched, players 0/810 matched
2026-08-24 00:01:46,221 INFO ncaa_identity: contest_id=1358372 season=2010 league=wbb -- teams  not built; ids emitted as nulls
2026-08-24 00:01:46,225 INFO ncaa_identity: contest_id=1358372 teams 0/1774 matched, players 0/612 matched
2026-08-24 00:01:47,527 INFO ncaa_identity: contest_id=1358386 season=2010 league=wbb -- teams  not built; ids emitted as nulls
2026-08-24 00:01:47,531 INFO ncaa_identity: contest_id=1358386 teams 0/1620 matched, players 0/452 matched
2026-08-24 00:01:48,545 INFO ncaa_identity: contest_id=1358402 season=2010 league=wbb -- teams  not built; ids emitted as nulls
2026-08-24 00:01:48,548 INFO ncaa_identity: contest_id=1358402 teams 0/1582 matched, players 0/499 matched
2026-08-24 00:01:50,121 INFO ncaa_identity: contest_id=1358416 season=2010 league=wbb -- teams  not built; ids emitted as nulls
2026-08-24 00:01:50,125 INFO ncaa_identity: contest_id=1358416 teams 0/1966 matched, players 0/751 matched
2026-08-24 00:01:51,259 INFO ncaa_identity: contest_id=1358429 season=2010 league=wbb -- teams  not built; ids emitted as nulls
2026-08-24 00:01:51,265 INFO ncaa_identity: contest_id=1358429 teams 0/2400 matched, players 0/986 matched
2026-08-24 00:01:52,326 INFO ncaa_identity: contest_id=1358439 season=2010 league=wbb -- teams  not built; ids emitted as nulls
2026-08-24 00:01:52,329 INFO ncaa_identity: contest_id=1358439 teams 0/1586 matched, players 0/522 matched
2026-08-24 00:01:53,508 INFO ncaa_identity: contest_id=1358449 season=2010 league=wbb -- teams  not built; ids emitted as nulls
2026-08-24 00:01:53,512 INFO ncaa_identity: contest_id=1358449 teams 0/1904 matched, players 0/654 matched
2026-08-24 00:01:54,968 INFO ncaa_identity: contest_id=1358460 season=2010 league=wbb -- teams  not built; ids emitted as nulls
2026-08-24 00:01:54,972 INFO ncaa_identity: contest_id=1358460 teams 0/1998 matched, players 0/730 matched
2026-08-24 00:01:56,428 INFO ncaa_identity: contest_id=1358470 season=2010 league=wbb -- teams  not built; ids emitted as nulls
2026-08-24 00:01:56,433 INFO ncaa_identity: contest_id=1358470 teams 0/1870 matched, players 0/555 matched
2026-08-24 00:01:57,592 INFO ncaa_identity: contest_id=1358483 season=2010 league=wbb -- teams  not built; ids emitted as nulls
2026-08-24 00:01:57,596 INFO ncaa_identity: contest_id=1358483 teams 0/1990 matched, players 0/651 matched
2026-08-24 00:01:58,968 INFO ncaa_identity: contest_id=1358493 season=2010 league=wbb -- teams  not built; ids emitted as nulls
2026-08-24 00:01:58,971 INFO ncaa_identity: contest_id=1358493 teams 0/1702 matched, players 0/486 matched
2026-08-24 00:02:00,444 INFO ncaa_identity: contest_id=1358503 season=2010 league=wbb -- teams  not built; ids emitted as nulls
2026-08-24 00:02:00,467 INFO ncaa_identity: contest_id=1358503 teams 0/2803 matched, players 0/7926 matched
2026-08-24 00:02:01,712 INFO ncaa_identity: contest_id=1358530 season=2010 league=wbb -- teams  not built; ids emitted as nulls
2026-08-24 00:02:01,716 INFO ncaa_identity: contest_id=1358530 teams 0/1822 matched, players 0/672 matched
2026-08-24 00:02:03,292 INFO ncaa_identity: contest_id=1358557 season=2010 league=wbb -- teams  not built; ids emitted as nulls
2026-08-24 00:02:03,296 INFO ncaa_identity: contest_id=1358557 teams 0/1768 matched, players 0/622 matched
2026-08-24 00:02:04,458 INFO ncaa_identity: contest_id=1358570 season=2010 league=wbb -- teams  not built; ids emitted as nulls
2026-08-24 00:02:04,462 INFO ncaa_identity: contest_id=1358570 teams 0/1696 matched, players 0/514 matched
2026-08-24 00:02:05,357 INFO ncaa_identity: contest_id=1358590 season=2010 league=wbb -- teams  not built; ids emitted as nulls
2026-08-24 00:02:05,360 INFO ncaa_identity: contest_id=1358590 teams 0/1540 matched, players 0/439 matched
2026-08-24 00:02:06,502 INFO ncaa_identity: contest_id=1358617 season=2010 league=wbb -- teams  not built; ids emitted as nulls
2026-08-24 00:02:06,506 INFO ncaa_identity: contest_id=1358617 teams 0/1748 matched, players 0/512 matched
2026-08-24 00:02:08,013 INFO ncaa_identity: contest_id=1358629 season=2010 league=wbb -- teams  not built; ids emitted as nulls
2026-08-24 00:02:08,016 INFO ncaa_identity: contest_id=1358629 teams 0/1586 matched, players 0/489 matched
2026-08-24 00:02:09,365 INFO ncaa_identity: contest_id=1358651 season=2010 league=wbb -- teams  not built; ids emitted as nulls
2026-08-24 00:02:09,383 INFO ncaa_identity: contest_id=1358651 teams 0/2308 matched, players 0/6457 matched
2026-08-24 00:02:10,600 INFO ncaa_identity: contest_id=1358661 season=2010 league=wbb -- teams  not built; ids emitted as nulls
2026-08-24 00:02:10,605 INFO ncaa_identity: contest_id=1358661 teams 0/2364 matched, players 0/915 matched
2026-08-24 00:02:12,204 INFO ncaa_identity: contest_id=1358671 season=2010 league=wbb -- teams  not built; ids emitted as nulls
2026-08-24 00:02:12,208 INFO ncaa_identity: contest_id=1358671 teams 0/1954 matched, players 0/702 matched
2026-08-24 00:02:13,285 INFO ncaa_identity: contest_id=1358681 season=2010 league=wbb -- teams  not built; ids emitted as nulls
2026-08-24 00:02:13,289 INFO ncaa_identity: contest_id=1358681 teams 0/1990 matched, players 0/766 matched
2026-08-24 00:02:14,501 INFO ncaa_identity: contest_id=1358693 season=2010 league=wbb -- teams  not built; ids emitted as nulls
2026-08-24 00:02:14,506 INFO ncaa_identity: contest_id=1358693 teams 0/1754 matched, players 0/678 matched
2026-08-24 00:02:16,172 INFO ncaa_identity: contest_id=1358705 season=2010 league=wbb -- teams  not built; ids emitted as nulls
2026-08-24 00:02:16,176 INFO ncaa_identity: contest_id=1358705 teams 0/1832 matched, players 0/643 matched
2026-08-24 00:02:17,290 INFO ncaa_identity: contest_id=1358716 season=2010 league=wbb -- teams  not built; ids emitted as nulls
2026-08-24 00:02:17,295 INFO ncaa_identity: contest_id=1358716 teams 0/2160 matched, players 0/789 matched
2026-08-24 00:02:18,712 INFO ncaa_identity: contest_id=1358726 season=2010 league=wbb -- teams  not built; ids emitted as nulls
2026-08-24 00:02:18,717 INFO ncaa_identity: contest_id=1358726 teams 0/2074 matched, players 0/824 matched
2026-08-24 00:02:19,960 INFO ncaa_identity: contest_id=1358736 season=2010 league=wbb -- teams  not built; ids emitted as nulls
2026-08-24 00:02:19,964 INFO ncaa_identity: contest_id=1358736 teams 0/1740 matched, players 0/616 matched
2026-08-24 00:02:20,984 INFO ncaa_identity: contest_id=1358747 season=2010 league=wbb -- teams  not built; ids emitted as nulls
2026-08-24 00:02:20,989 INFO ncaa_identity: contest_id=1358747 teams 0/2190 matched, players 0/882 matched
2026-08-24 00:02:22,236 INFO ncaa_identity: contest_id=1358759 season=2010 league=wbb -- teams  not built; ids emitted as nulls
2026-08-24 00:02:22,240 INFO ncaa_identity: contest_id=1358759 teams 0/1564 matched, players 0/555 matched
2026-08-24 00:02:23,870 INFO ncaa_identity: contest_id=1358773 season=2010 league=wbb -- teams  not built; ids emitted as nulls
2026-08-24 00:02:23,873 INFO ncaa_identity: contest_id=1358773 teams 0/1586 matched, players 0/568 matched
2026-08-24 00:02:24,978 INFO ncaa_identity: contest_id=1358784 season=2010 league=wbb -- teams  not built; ids emitted as nulls
2026-08-24 00:02:24,982 INFO ncaa_identity: contest_id=1358784 teams 0/1958 matched, players 0/674 matched
2026-08-24 00:02:26,097 INFO ncaa_identity: contest_id=1358794 season=2010 league=wbb -- teams  not built; ids emitted as nulls
2026-08-24 00:02:26,101 INFO ncaa_identity: contest_id=1358794 teams 0/2108 matched, players 0/804 matched
2026-08-24 00:02:29,514 INFO ncaa_identity: contest_id=878045 teams 1357/2701 matched, players 3480/7617 matched
2026-08-24 00:02:31,213 INFO ncaa_identity: contest_id=878058 teams 1360/2647 matched, players 3709/7436 matched
2026-08-24 00:02:32,689 INFO ncaa_identity: contest_id=878072 teams 2526/2526 matched, players 6722/7122 matched
2026-08-24 00:02:34,488 INFO ncaa_identity: contest_id=878082 teams 2512/2512 matched, players 6345/7112 matched
2026-08-24 00:02:36,085 INFO ncaa_identity: contest_id=878092 teams 3158/3158 matched, players 8384/8927 matched
2026-08-24 00:02:40,438 INFO ncaa_identity: contest_id=878129 teams 2382/2382 matched, players 5702/6713 matched
2026-08-24 00:02:46,640 INFO ncaa_identity: contest_id=878178 teams 2635/2635 matched, players 7040/7448 matched
2026-08-24 00:02:48,797 WARNING ncaa_parse: family=lineups contest_id=878226 team=UTRGV produced NO good stints (6 bad, roster=10) -- parsed successfully but contributed nothing
2026-08-24 00:02:49,499 INFO ncaa_identity: contest_id=878226 teams 1078/2163 matched, players 2455/6051 matched
2026-08-24 00:02:50,920 INFO ncaa_identity: contest_id=878246 teams 2576/2576 matched, players 6719/7261 matched
2026-08-24 00:02:53,151 INFO ncaa_identity: contest_id=878257 teams 1716/3353 matched, players 4794/9463 matched
2026-08-24 00:02:56,008 INFO ncaa_identity: contest_id=878317 teams 2065/2065 matched, players 736/767 matched
2026-08-24 00:02:57,679 INFO ncaa_identity: contest_id=878328 teams 3025/3025 matched, players 7973/8560 matched
2026-08-24 00:03:02,588 INFO ncaa_identity: contest_id=878365 teams 2263/2263 matched, players 6062/6332 matched
2026-08-24 00:03:04,109 INFO ncaa_identity: contest_id=878378 teams 2425/2425 matched, players 6437/6777 matched
2026-08-24 00:03:05,756 INFO ncaa_identity: contest_id=878438 teams 2873/2873 matched, players 7950/8099 matched
2026-08-24 00:03:07,146 INFO ncaa_identity: contest_id=878456 teams 1313/2563 matched, players 3722/7279 matched
2026-08-24 00:03:08,743 INFO ncaa_identity: contest_id=878495 teams 2552/2552 matched, players 6960/7205 matched
2026-08-24 00:03:11,785 INFO ncaa_identity: contest_id=878592 teams 2315/2315 matched, players 5966/6504 matched
2026-08-24 00:03:13,707 INFO ncaa_identity: contest_id=878619 teams 2807/2807 matched, players 7517/7924 matched
2026-08-24 00:03:16,719 INFO ncaa_identity: contest_id=878690 teams 1327/2517 matched, players 3585/7071 matched
2026-08-24 00:03:22,714 INFO ncaa_identity: contest_id=878782 teams 1187/2408 matched, players 3373/6756 matched
2026-08-24 00:03:24,238 INFO ncaa_identity: contest_id=878797 teams 2647/2647 matched, players 6928/7512 matched
2026-08-24 00:03:30,186 INFO ncaa_identity: contest_id=878888 teams 1361/2669 matched, players 3527/7516 matched
2026-08-24 00:03:35,915 INFO ncaa_identity: contest_id=879037 teams 2375/2375 matched, players 6166/6700 matched
2026-08-24 00:03:38,895 INFO ncaa_identity: contest_id=879176 teams 2806/2806 matched, players 7642/7890 matched
2026-08-24 00:03:40,500 INFO ncaa_identity: contest_id=879204 teams 2634/2634 matched, players 6665/7457 matched
2026-08-24 00:03:46,061 INFO ncaa_identity: contest_id=879369 teams 1253/2545 matched, players 3625/7210 matched
2026-08-24 00:03:47,564 INFO ncaa_identity: contest_id=879458 teams 1312/2623 matched, players 3781/7390 matched
2026-08-24 00:03:50,911 INFO ncaa_identity: contest_id=879565 teams 2796/2796 matched, players 7818/7910 matched
2026-08-24 00:03:52,635 INFO ncaa_identity: contest_id=879580 teams 2680/2680 matched, players 7097/7546 matched
2026-08-24 00:03:54,056 INFO ncaa_identity: contest_id=879597 teams 1184/2303 matched, players 3310/6508 matched
2026-08-24 00:03:55,502 INFO ncaa_identity: contest_id=879613 teams 2806/2806 matched, players 7707/7913 matched
2026-08-24 00:03:57,043 INFO ncaa_identity: contest_id=879652 teams 2585/2585 matched, players 7089/7299 matched
2026-08-24 00:03:58,680 INFO ncaa_identity: contest_id=879678 teams 1275/2592 matched, players 3339/7375 matched
2026-08-24 00:04:00,372 INFO ncaa_identity: contest_id=879699 teams 2407/2407 matched, players 6831/6834 matched
2026-08-24 00:04:01,820 INFO ncaa_identity: contest_id=879712 teams 2581/2581 matched, players 6987/7313 matched
2026-08-24 00:04:04,925 INFO ncaa_identity: contest_id=879759 teams 2407/2407 matched, players 6498/6789 matched
2026-08-24 00:04:07,909 INFO ncaa_identity: contest_id=879829 teams 1068/2164 matched, players 3050/6051 matched
2026-08-24 00:04:09,220 INFO ncaa_identity: contest_id=879878 teams 1173/2329 matched, players 3304/6573 matched
2026-08-24 00:04:12,184 INFO ncaa_identity: contest_id=879984 teams 1293/2548 matched, players 3237/7139 matched
2026-08-24 00:04:13,508 INFO ncaa_identity: contest_id=880023 teams 2444/2444 matched, players 6334/6910 matched
2026-08-24 00:04:16,317 INFO ncaa_identity: contest_id=880060 teams 2407/2407 matched, players 6375/6763 matched
2026-08-24 00:04:19,528 INFO ncaa_identity: contest_id=880086 teams 1240/2448 matched, players 3490/6917 matched
2026-08-24 00:04:21,068 INFO ncaa_identity: contest_id=880104 teams 2708/2708 matched, players 7561/7624 matched
2026-08-24 00:04:23,734 INFO ncaa_identity: contest_id=880141 teams 1997/1997 matched, players 5268/5622 matched
2026-08-24 00:04:27,275 WARNING ncaa_parse: family=lineups contest_id=880188 team=Sam Houston SKIPPED (1 parse error(s)): Duplicate players after widening: LatishaMorgan <- ['Morgan, LaTisha', 'Morgan, LaTisha'] (roster of 12)
2026-08-24 00:04:27,878 INFO ncaa_identity: contest_id=880188 teams 2425/2425 matched, players 6357/6767 matched
2026-08-24 00:04:35,581 INFO ncaa_identity: contest_id=880307 teams 2742/2742 matched, players 7305/7749 matched
2026-08-24 00:04:37,178 INFO ncaa_identity: contest_id=880344 teams 2587/2587 matched, players 6606/7286 matched
2026-08-24 00:04:38,677 INFO ncaa_identity: contest_id=880377 teams 2355/2355 matched, players 6305/6606 matched
2026-08-24 00:04:46,710 INFO ncaa_identity: contest_id=880489 teams 2251/2251 matched, players 5946/6342 matched
2026-08-24 00:04:55,506 INFO ncaa_identity: contest_id=880626 teams 1032/2011 matched, players 2863/5657 matched
2026-08-24 00:05:00,295 INFO ncaa_identity: contest_id=880744 teams 1496/2920 matched, players 3603/8273 matched
2026-08-24 00:05:01,902 INFO ncaa_identity: contest_id=880786 teams 2314/2314 matched, players 6032/6580 matched
2026-08-24 00:05:04,826 INFO ncaa_identity: contest_id=880863 teams 2624/2624 matched, players 7012/7471 matched
2026-08-24 00:05:06,479 INFO ncaa_identity: contest_id=880889 teams 1069/2127 matched, players 3025/6023 matched
2026-08-24 00:05:07,867 INFO ncaa_identity: contest_id=880915 teams 2662/2662 matched, players 6781/7487 matched
2026-08-24 00:05:12,370 INFO ncaa_identity: contest_id=881016 teams 2359/2359 matched, players 6466/6642 matched
2026-08-24 00:05:13,613 INFO ncaa_identity: contest_id=881045 teams 2394/2394 matched, players 6238/6786 matched
2026-08-24 00:05:22,347 INFO ncaa_identity: contest_id=881220 teams 2088/2088 matched, players 5599/5883 matched
2026-08-24 00:05:23,834 INFO ncaa_identity: contest_id=881269 teams 2330/2330 matched, players 6363/6597 matched
2026-08-24 00:05:31,498 INFO ncaa_identity: contest_id=881515 teams 2678/2678 matched, players 7423/7561 matched
2026-08-24 00:05:36,668 INFO ncaa_identity: contest_id=881668 teams 2573/2573 matched, players 6990/7252 matched
2026-08-24 00:05:38,328 INFO ncaa_identity: contest_id=881679 teams 2259/2259 matched, players 5479/6333 matched
2026-08-24 00:05:44,100 INFO ncaa_identity: contest_id=881751 teams 1096/2174 matched, players 3054/6090 matched
2026-08-24 00:05:45,482 INFO ncaa_identity: contest_id=881778 teams 1170/2235 matched, players 3164/6297 matched
2026-08-24 00:05:46,784 INFO ncaa_identity: contest_id=881806 teams 2554/2554 matched, players 6592/7169 matched
2026-08-24 00:05:48,092 INFO ncaa_identity: contest_id=881844 teams 2218/2218 matched, players 5957/6272 matched
2026-08-24 00:05:49,903 INFO ncaa_identity: contest_id=881880 teams 1369/2589 matched, players 3757/7270 matched
2026-08-24 00:05:55,486 INFO ncaa_identity: contest_id=882024 teams 2588/2588 matched, players 7250/7318 matched
2026-08-24 00:05:57,063 INFO ncaa_identity: contest_id=882066 teams 2440/2440 matched, players 6223/6846 matched
2026-08-24 00:05:59,946 INFO ncaa_identity: contest_id=882127 teams 2369/2369 matched, players 5922/6708 matched
2026-08-24 00:06:01,821 INFO ncaa_identity: contest_id=882165 teams 2451/2451 matched, players 6334/6897 matched
2026-08-24 00:06:05,938 INFO ncaa_identity: contest_id=882259 teams 2590/2590 matched, players 6814/7312 matched
2026-08-24 00:06:07,518 INFO ncaa_identity: contest_id=882278 teams 2291/2291 matched, players 6296/6476 matched
2026-08-24 00:06:08,889 INFO ncaa_identity: contest_id=882305 teams 2389/2389 matched, players 6302/6703 matched
2026-08-24 00:06:15,391 INFO ncaa_identity: contest_id=882520 teams 2597/2597 matched, players 6996/7308 matched
2026-08-24 00:06:15,794 WARNING ncaa_parse: family=lineups contest_id=882533 team=Minnesota produced NO good stints (2 bad, roster=9) -- parsed successfully but contributed nothing
2026-08-24 00:06:16,127 WARNING ncaa_parse: family=lineups contest_id=882533 team=Cal Poly produced NO good stints (2 bad, roster=10) -- parsed successfully but contributed nothing
2026-08-24 00:06:16,484 INFO ncaa_identity: contest_id=882533 teams 1443/1443 matched, players 282/388 matched
2026-08-24 00:06:18,080 INFO ncaa_identity: contest_id=882558 teams 2348/2348 matched, players 6431/6625 matched
2026-08-24 00:06:21,023 INFO ncaa_identity: contest_id=882607 teams 2242/2242 matched, players 5984/6284 matched
2026-08-24 00:06:22,465 INFO ncaa_identity: contest_id=882628 teams 2745/2745 matched, players 7242/7714 matched
2026-08-24 00:06:24,158 INFO ncaa_identity: contest_id=882671 teams 1334/2723 matched, players 3467/7718 matched
2026-08-24 00:06:28,439 INFO ncaa_identity: contest_id=882753 teams 1156/2289 matched, players 3243/6426 matched
2026-08-24 00:06:29,917 INFO ncaa_identity: contest_id=882774 teams 2580/2580 matched, players 6807/7254 matched
2026-08-24 00:06:35,766 INFO ncaa_identity: contest_id=882934 teams 2297/2297 matched, players 6003/6498 matched
2026-08-24 00:06:40,223 INFO ncaa_identity: contest_id=883007 teams 2435/2435 matched, players 6762/6882 matched
2026-08-24 00:06:41,985 INFO ncaa_identity: contest_id=883043 teams 2534/2534 matched, players 6935/7093 matched
2026-08-24 00:06:44,990 INFO ncaa_identity: contest_id=883090 teams 2332/2332 matched, players 5925/6527 matched
2026-08-24 00:06:48,000 INFO ncaa_identity: contest_id=883118 teams 2593/2593 matched, players 6823/7331 matched
2026-08-24 00:06:50,801 INFO ncaa_identity: contest_id=883154 teams 2675/2675 matched, players 7096/7547 matched
2026-08-24 00:06:53,828 INFO ncaa_identity: contest_id=883198 teams 2280/2280 matched, players 6170/6470 matched
2026-08-24 00:06:55,234 INFO ncaa_identity: contest_id=883210 teams 2368/2368 matched, players 6505/6706 matched
2026-08-24 00:07:08,566 INFO ncaa_identity: contest_id=883334 teams 2186/2186 matched, players 5730/6077 matched
2026-08-24 00:07:11,627 INFO ncaa_identity: contest_id=883362 teams 2456/2456 matched, players 6626/6989 matched
2026-08-24 00:07:14,508 WARNING ncaa_parse: family=lineups contest_id=883396 team=Minnesota produced NO good stints (2 bad, roster=9) -- parsed successfully but contributed nothing
2026-08-24 00:07:15,188 INFO ncaa_identity: contest_id=883396 teams 1607/1607 matched, players 310/432 matched
2026-08-24 00:07:16,947 INFO ncaa_identity: contest_id=883409 teams 1264/2472 matched, players 3517/6919 matched
2026-08-24 00:07:18,501 INFO ncaa_identity: contest_id=883428 teams 1025/2088 matched, players 2640/5887 matched
2026-08-24 00:07:20,397 INFO ncaa_identity: contest_id=883438 teams 2834/2834 matched, players 7320/7940 matched
2026-08-24 00:07:23,286 INFO ncaa_identity: contest_id=883462 teams 2371/2371 matched, players 6480/6679 matched
2026-08-24 00:07:28,028 INFO ncaa_identity: contest_id=883509 teams 3162/3162 matched, players 8641/8945 matched
2026-08-24 00:07:29,361 INFO ncaa_identity: contest_id=883524 teams 2535/2535 matched, players 6201/7132 matched
2026-08-24 00:07:32,349 INFO ncaa_identity: contest_id=883570 teams 2127/2127 matched, players 5517/6012 matched
2026-08-24 00:07:34,090 INFO ncaa_identity: contest_id=883594 teams 2608/2608 matched, players 6945/7293 matched
2026-08-24 00:07:35,799 INFO ncaa_identity: contest_id=883628 teams 2976/2976 matched, players 8335/8362 matched
2026-08-24 00:07:40,327 INFO ncaa_identity: contest_id=883694 teams 2411/2411 matched, players 6774/6831 matched
2026-08-24 00:07:46,568 INFO ncaa_identity: contest_id=883774 teams 2306/2306 matched, players 6007/6499 matched
2026-08-24 00:07:49,902 INFO ncaa_identity: contest_id=883840 teams 3070/3070 matched, players 8631/8651 matched
2026-08-24 00:07:59,175 INFO ncaa_identity: contest_id=883957 teams 1197/2383 matched, players 3300/6721 matched
2026-08-24 00:08:03,821 INFO ncaa_identity: contest_id=884015 teams 2563/2563 matched, players 6942/7242 matched
2026-08-24 00:08:07,505 INFO ncaa_identity: contest_id=884053 teams 2523/2523 matched, players 6904/7120 matched
2026-08-24 00:08:08,908 INFO ncaa_identity: contest_id=884067 teams 2208/2208 matched, players 5717/6190 matched
2026-08-24 00:08:10,338 INFO ncaa_identity: contest_id=884096 teams 1153/2290 matched, players 3320/6413 matched
2026-08-24 00:08:12,135 INFO ncaa_identity: contest_id=884123 teams 1439/2748 matched, players 3989/7778 matched
2026-08-24 00:08:13,681 INFO ncaa_identity: contest_id=884177 teams 1276/2480 matched, players 3441/6988 matched
2026-08-24 00:08:15,131 INFO ncaa_identity: contest_id=884204 teams 1115/2168 matched, players 2583/6089 matched
2026-08-24 00:08:18,330 INFO 5 starters not found for period 4; using estimate
2026-08-24 00:08:20,841 INFO ncaa_identity: contest_id=884363 teams 2345/2345 matched, players 6512/6575 matched
2026-08-24 00:08:23,588 INFO ncaa_identity: contest_id=884463 teams 2593/2593 matched, players 7084/7318 matched
2026-08-24 00:08:27,306 INFO ncaa_identity: contest_id=884555 teams 2142/2142 matched, players 5182/6025 matched
2026-08-24 00:08:31,679 INFO ncaa_identity: contest_id=884630 teams 2021/2021 matched, players 5527/5672 matched
2026-08-24 00:08:34,149 INFO ncaa_identity: contest_id=884712 teams 1257/2512 matched, players 3523/7041 matched
2026-08-24 00:08:45,953 INFO ncaa_identity: contest_id=884992 teams 2767/2767 matched, players 7526/7804 matched
2026-08-24 00:08:47,166 INFO ncaa_identity: contest_id=885029 teams 2276/2276 matched, players 6064/6392 matched
2026-08-24 00:08:53,236 INFO ncaa_identity: contest_id=885167 teams 2925/2925 matched, players 8244/8303 matched
2026-08-24 00:08:58,548 INFO ncaa_identity: contest_id=885250 teams 1115/2264 matched, players 3157/6392 matched
2026-08-24 00:09:02,103 INFO ncaa_identity: contest_id=885292 teams 1503/3130 matched, players 4376/8853 matched
2026-08-24 00:09:03,893 INFO ncaa_identity: contest_id=885329 teams 2226/2226 matched, players 5972/6295 matched
2026-08-24 00:09:05,063 INFO ncaa_identity: contest_id=885416 teams 2279/2279 matched, players 6401/6413 matched
2026-08-24 00:09:14,436 INFO ncaa_identity: contest_id=885600 teams 2394/2394 matched, players 6536/6714 matched
2026-08-24 00:09:22,349 INFO ncaa_identity: contest_id=885773 teams 2184/2184 matched, players 5734/6147 matched
2026-08-24 00:09:26,700 INFO ncaa_identity: contest_id=885885 teams 2212/2212 matched, players 5820/6269 matched
2026-08-24 00:09:32,945 INFO ncaa_identity: contest_id=886022 teams 2791/2791 matched, players 7832/7917 matched
2026-08-24 00:09:37,646 INFO ncaa_identity: contest_id=886174 teams 2404/2404 matched, players 6333/6784 matched
2026-08-24 00:09:46,098 INFO ncaa_identity: contest_id=886311 teams 1874/1874 matched, players 4802/5266 matched
2026-08-24 00:09:48,751 INFO ncaa_identity: contest_id=886365 teams 2417/2417 matched, players 6481/6773 matched
2026-08-24 00:09:49,775 INFO ncaa_identity: contest_id=886397 teams 2484/2484 matched, players 6607/6995 matched
2026-08-24 00:09:52,221 INFO ncaa_identity: contest_id=886479 teams 1871/1871 matched, players 5238/5249 matched
2026-08-24 00:09:54,728 INFO ncaa_identity: contest_id=886563 teams 2375/2375 matched, players 6568/6655 matched
2026-08-24 00:10:00,743 INFO ncaa_identity: contest_id=886724 teams 2133/2133 matched, players 5614/6009 matched
2026-08-24 00:10:02,257 INFO ncaa_identity: contest_id=886745 teams 2387/2387 matched, players 6141/6770 matched
2026-08-24 00:10:05,062 INFO ncaa_identity: contest_id=886799 teams 2317/2317 matched, players 6490/6533 matched
2026-08-24 00:10:06,489 INFO ncaa_identity: contest_id=886854 teams 2716/2716 matched, players 7340/7631 matched
2026-08-24 00:10:09,435 INFO ncaa_identity: contest_id=886997 teams 2663/2663 matched, players 6707/7463 matched
2026-08-24 00:10:17,321 INFO ncaa_identity: contest_id=887166 teams 2521/2521 matched, players 6654/7035 matched
2026-08-24 00:10:18,960 INFO ncaa_identity: contest_id=887181 teams 2539/2539 matched, players 6161/7150 matched
2026-08-24 00:10:23,064 INFO ncaa_identity: contest_id=887265 teams 1987/1987 matched, players 5119/5577 matched
2026-08-24 00:10:25,613 INFO ncaa_identity: contest_id=887363 teams 2455/2455 matched, players 6894/6942 matched
2026-08-24 00:10:26,884 INFO ncaa_identity: contest_id=887375 teams 2337/2337 matched, players 6523/6608 matched
2026-08-24 00:10:30,526 INFO ncaa_identity: contest_id=887423 teams 1986/1986 matched, players 5115/5615 matched
2026-08-24 00:10:33,195 INFO ncaa_identity: contest_id=887467 teams 2339/2339 matched, players 6476/6575 matched
2026-08-24 00:10:35,823 INFO ncaa_identity: contest_id=887518 teams 22/2037 matched, players 0/5757 matched
2026-08-24 00:10:37,259 INFO ncaa_identity: contest_id=887611 teams 2487/2487 matched, players 6404/6967 matched
2026-08-24 00:10:38,687 INFO ncaa_identity: contest_id=887646 teams 2276/2276 matched, players 6044/6408 matched
2026-08-24 00:10:42,797 INFO ncaa_identity: contest_id=887737 teams 2135/2135 matched, players 6009/6016 matched
2026-08-24 00:10:49,591 INFO ncaa_identity: contest_id=887875 teams 2295/2295 matched, players 5974/6461 matched
2026-08-24 00:11:03,966 INFO ncaa_identity: contest_id=888252 teams 2192/2192 matched, players 6055/6104 matched
2026-08-24 00:11:07,003 INFO ncaa_identity: contest_id=888289 teams 2194/2194 matched, players 5889/6180 matched
2026-08-24 00:11:10,057 INFO ncaa_identity: contest_id=888355 teams 2336/2336 matched, players 6215/6555 matched
2026-08-24 00:11:12,912 INFO ncaa_identity: contest_id=888455 teams 2520/2520 matched, players 7028/7103 matched
2026-08-24 00:11:17,547 INFO ncaa_identity: contest_id=888506 teams 2203/2203 matched, players 6100/6204 matched
2026-08-24 00:11:18,815 INFO ncaa_identity: contest_id=888531 teams 2046/2046 matched, players 5269/5710 matched
2026-08-24 00:11:19,935 INFO ncaa_identity: contest_id=888547 teams 1997/1997 matched, players 4832/5619 matched
2026-08-24 00:11:32,881 INFO ncaa_identity: contest_id=888856 teams 2633/2633 matched, players 6932/7461 matched
2026-08-24 00:11:39,070 INFO ncaa_identity: contest_id=889043 teams 2462/2462 matched, players 6580/6920 matched
2026-08-24 00:11:40,695 INFO ncaa_identity: contest_id=889074 teams 2182/2182 matched, players 5814/6150 matched
2026-08-24 00:11:42,196 INFO ncaa_identity: contest_id=889106 teams 2423/2423 matched, players 6446/6815 matched
2026-08-24 00:11:46,794 INFO ncaa_identity: contest_id=889200 teams 2416/2416 matched, players 6276/6810 matched
2026-08-24 00:11:48,881 INFO ncaa_identity: contest_id=889215 teams 2693/2693 matched, players 7183/7620 matched
2026-08-24 00:11:51,150 INFO ncaa_identity: contest_id=889268 teams 1160/2317 matched, players 3177/6544 matched
2026-08-24 00:11:53,005 INFO ncaa_identity: contest_id=889296 teams 2700/2700 matched, players 6749/7587 matched
2026-08-24 00:11:54,186 INFO ncaa_identity: contest_id=889401 teams 2481/2481 matched, players 6508/7015 matched
2026-08-24 00:11:56,924 INFO ncaa_identity: contest_id=889473 teams 2743/2743 matched, players 7672/7736 matched
2026-08-24 00:11:58,100 INFO ncaa_identity: contest_id=889498 teams 2425/2425 matched, players 6793/6871 matched
2026-08-24 00:11:59,633 INFO ncaa_identity: contest_id=889510 teams 2328/2328 matched, players 5919/6585 matched
2026-08-24 00:12:00,862 INFO ncaa_identity: contest_id=889524 teams 1801/1801 matched, players 595/604 matched
2026-08-24 00:12:03,546 INFO ncaa_identity: contest_id=889579 teams 1128/2299 matched, players 3219/6471 matched
2026-08-24 00:12:07,880 INFO ncaa_identity: contest_id=889695 teams 2424/2424 matched, players 6724/6797 matched
2026-08-24 00:12:09,144 INFO ncaa_identity: contest_id=889784 teams 1024/2071 matched, players 2911/5861 matched
2026-08-24 00:12:13,373 INFO ncaa_identity: contest_id=889857 teams 2570/2570 matched, players 6774/7287 matched
2026-08-24 00:12:17,718 INFO ncaa_identity: contest_id=889959 teams 2290/2290 matched, players 6130/6477 matched
2026-08-24 00:12:19,892 INFO ncaa_identity: contest_id=889973 teams 3638/3638 matched, players 9617/10332 matched
2026-08-24 00:12:24,400 INFO ncaa_identity: contest_id=890050 teams 2534/2534 matched, players 6804/7105 matched
2026-08-24 00:12:27,325 INFO ncaa_identity: contest_id=890159 teams 2064/2064 matched, players 4607/5806 matched
2026-08-24 00:12:28,673 INFO ncaa_identity: contest_id=890199 teams 2140/2140 matched, players 5803/5999 matched
2026-08-24 00:12:30,458 INFO ncaa_identity: contest_id=890261 teams 2652/2652 matched, players 7381/7512 matched
2026-08-24 00:12:32,988 INFO ncaa_identity: contest_id=890350 teams 2223/2223 matched, players 5818/6273 matched
2026-08-24 00:12:36,017 INFO ncaa_identity: contest_id=890396 teams 2389/2389 matched, players 6597/6697 matched
2026-08-24 00:12:40,726 INFO ncaa_identity: contest_id=890472 teams 2408/2408 matched, players 5617/6772 matched
2026-08-24 00:12:41,946 INFO ncaa_identity: contest_id=890516 teams 2108/2108 matched, players 5761/5937 matched
2026-08-24 00:12:45,141 INFO ncaa_identity: contest_id=890590 teams 2772/2772 matched, players 7274/7841 matched
2026-08-24 00:12:52,675 INFO ncaa_identity: contest_id=890673 teams 1963/1963 matched, players 5220/5503 matched
2026-08-24 00:12:56,049 INFO ncaa_identity: contest_id=890690 teams 1232/2481 matched, players 3377/7033 matched
2026-08-24 00:13:07,951 INFO ncaa_identity: contest_id=890874 teams 2581/2581 matched, players 7062/7244 matched
2026-08-24 00:13:17,272 INFO ncaa_identity: contest_id=891011 teams 2424/2424 matched, players 6520/6846 matched
2026-08-24 00:13:21,914 INFO ncaa_identity: contest_id=891031 teams 2464/2464 matched, players 6783/6884 matched
2026-08-24 00:13:29,018 INFO ncaa_identity: contest_id=891082 teams 1183/2428 matched, players 3428/6853 matched
2026-08-24 00:13:32,112 INFO ncaa_identity: contest_id=891107 teams 2581/2581 matched, players 6655/7284 matched
2026-08-24 00:13:37,956 INFO ncaa_identity: contest_id=891141 teams 2320/2320 matched, players 5948/6567 matched
2026-08-24 00:13:42,445 INFO ncaa_identity: contest_id=891277 teams 2625/2625 matched, players 7032/7436 matched
2026-08-24 00:13:47,013 INFO ncaa_identity: contest_id=891459 teams 1303/2594 matched, players 3610/7288 matched
2026-08-24 00:13:51,597 INFO ncaa_identity: contest_id=891557 teams 2546/2546 matched, players 6633/7151 matched
2026-08-24 00:13:52,692 INFO ncaa_identity: contest_id=891573 teams 2030/2030 matched, players 5678/5719 matched
2026-08-24 00:13:54,149 INFO ncaa_identity: contest_id=891597 teams 2511/2511 matched, players 6922/7064 matched
2026-08-24 00:13:55,521 INFO ncaa_identity: contest_id=891610 teams 1998/1998 matched, players 5573/5610 matched
2026-08-24 00:13:56,764 INFO ncaa_identity: contest_id=891636 teams 2552/2552 matched, players 7027/7197 matched
2026-08-24 00:13:59,386 INFO ncaa_identity: contest_id=891690 teams 1049/2063 matched, players 2914/5810 matched
2026-08-24 00:14:04,386 INFO ncaa_identity: contest_id=891757 teams 1090/2165 matched, players 3078/6122 matched
2026-08-24 00:14:05,929 INFO ncaa_identity: contest_id=891770 teams 2327/2327 matched, players 6150/6550 matched
2026-08-24 00:14:07,210 INFO ncaa_identity: contest_id=891782 teams 2446/2446 matched, players 6752/6904 matched
2026-08-24 00:14:10,098 INFO ncaa_identity: contest_id=891924 teams 2284/2284 matched, players 5929/6438 matched
2026-08-24 00:14:11,542 INFO ncaa_identity: contest_id=891947 teams 2258/2258 matched, players 5501/6365 matched
2026-08-24 00:14:16,948 INFO ncaa_identity: contest_id=892047 teams 2300/2300 matched, players 6176/6481 matched
2026-08-24 00:14:19,439 INFO ncaa_identity: contest_id=892069 teams 2471/2471 matched, players 6397/6979 matched
2026-08-24 00:14:21,027 INFO ncaa_identity: contest_id=892081 teams 2518/2518 matched, players 6675/7102 matched
2026-08-24 00:14:22,485 INFO ncaa_identity: contest_id=892112 teams 2426/2426 matched, players 6442/6882 matched
2026-08-24 00:14:26,212 INFO ncaa_identity: contest_id=892234 teams 2469/2469 matched, players 6816/6971 matched
2026-08-24 00:14:29,304 INFO ncaa_identity: contest_id=892292 teams 2304/2304 matched, players 6445/6465 matched
2026-08-24 00:14:35,947 INFO ncaa_identity: contest_id=892392 teams 1702/1702 matched, players 591/602 matched
2026-08-24 00:14:38,131 INFO ncaa_identity: contest_id=892443 teams 2043/2043 matched, players 5461/5740 matched
2026-08-24 00:14:47,965 INFO ncaa_identity: contest_id=892566 teams 1468/2922 matched, players 4110/8285 matched
2026-08-24 00:14:49,248 INFO ncaa_identity: contest_id=892586 teams 2140/2140 matched, players 4943/6016 matched
2026-08-24 00:14:51,975 INFO ncaa_identity: contest_id=892632 teams 2369/2369 matched, players 5976/6699 matched
2026-08-24 00:15:00,620 INFO ncaa_identity: contest_id=892752 teams 2451/2451 matched, players 6113/6910 matched
2026-08-24 00:15:03,027 INFO ncaa_identity: contest_id=892776 teams 2470/2470 matched, players 6555/7015 matched
2026-08-24 00:15:05,634 INFO ncaa_identity: contest_id=892811 teams 2895/2895 matched, players 7453/8188 matched
2026-08-24 00:15:06,869 INFO ncaa_identity: contest_id=892848 teams 2033/2033 matched, players 5331/5732 matched
2026-08-24 00:15:13,653 INFO ncaa_identity: contest_id=892936 teams 2443/2443 matched, players 6829/6890 matched
2026-08-24 00:15:20,838 INFO ncaa_identity: contest_id=893010 teams 2027/2027 matched, players 5402/5706 matched
2026-08-24 00:15:22,007 INFO ncaa_identity: contest_id=893023 teams 2441/2441 matched, players 6797/6863 matched
2026-08-24 00:15:24,543 INFO ncaa_identity: contest_id=893059 teams 1208/1208 matched, players 295/310 matched
2026-08-24 00:15:29,343 INFO ncaa_identity: contest_id=893111 teams 2660/2660 matched, players 7051/7507 matched
2026-08-24 00:15:35,060 INFO ncaa_identity: contest_id=893151 teams 2479/2479 matched, players 6463/7018 matched
2026-08-24 00:15:36,419 INFO ncaa_identity: contest_id=893161 teams 1166/2293 matched, players 3255/6480 matched
2026-08-24 00:15:39,167 INFO ncaa_identity: contest_id=893183 teams 2736/2736 matched, players 7308/7772 matched
2026-08-24 00:15:40,298 INFO ncaa_identity: contest_id=893209 teams 2025/2025 matched, players 5170/5718 matched
2026-08-24 00:15:41,550 INFO ncaa_identity: contest_id=893227 teams 2801/2801 matched, players 7305/7855 matched
2026-08-24 00:15:44,030 INFO ncaa_identity: contest_id=893264 teams 1921/1921 matched, players 5374/5419 matched
2026-08-24 00:15:51,064 INFO ncaa_identity: contest_id=893349 teams 2591/2591 matched, players 6763/7333 matched
2026-08-24 00:15:53,033 INFO ncaa_identity: contest_id=893359 teams 3123/3123 matched, players 8283/8806 matched
2026-08-24 00:15:56,228 INFO ncaa_identity: contest_id=893385 teams 2301/2301 matched, players 6382/6433 matched
2026-08-24 00:16:08,722 INFO ncaa_identity: contest_id=805023 teams 3172/3172 matched, players 7844/8903 matched
2026-08-24 00:16:16,076 INFO ncaa_identity: contest_id=805079 teams 2030/2030 matched, players 5633/5696 matched
2026-08-24 00:16:19,274 INFO ncaa_identity: contest_id=805103 teams 2212/2212 matched, players 5669/6200 matched
2026-08-24 00:16:22,516 INFO ncaa_identity: contest_id=805126 teams 1291/2567 matched, players 3627/7198 matched
2026-08-24 00:16:25,693 INFO ncaa_identity: contest_id=805163 teams 1207/2413 matched, players 3092/6768 matched
2026-08-24 00:16:27,180 INFO ncaa_identity: contest_id=805178 teams 1095/2199 matched, players 3110/6200 matched
2026-08-24 00:16:28,582 INFO ncaa_identity: contest_id=805192 teams 1287/2599 matched, players 3645/7347 matched
2026-08-24 00:16:29,892 INFO ncaa_identity: contest_id=805220 teams 2220/2220 matched, players 5967/6233 matched
2026-08-24 00:16:31,271 INFO ncaa_identity: contest_id=805242 teams 2159/2159 matched, players 5970/6084 matched
2026-08-24 00:16:32,560 INFO ncaa_identity: contest_id=805285 teams 1274/2501 matched, players 3530/7057 matched
2026-08-24 00:16:33,919 INFO ncaa_identity: contest_id=805333 teams 2531/2531 matched, players 6596/7152 matched
2026-08-24 00:16:42,877 INFO ncaa_identity: contest_id=805405 teams 1268/2540 matched, players 3641/7212 matched
2026-08-24 00:16:44,167 INFO ncaa_identity: contest_id=805423 teams 2363/2363 matched, players 6641/6689 matched
2026-08-24 00:16:45,791 INFO ncaa_identity: contest_id=805438 teams 2615/2615 matched, players 7159/7315 matched
2026-08-24 00:16:48,720 INFO ncaa_identity: contest_id=805469 teams 1298/2552 matched, players 3659/7194 matched
2026-08-24 00:16:50,134 INFO ncaa_identity: contest_id=805489 teams 2176/2176 matched, players 6025/6103 matched
2026-08-24 00:16:51,413 INFO ncaa_identity: contest_id=805524 teams 2549/2549 matched, players 6779/7224 matched
2026-08-24 00:16:54,398 INFO ncaa_identity: contest_id=805614 teams 2347/2347 matched, players 6418/6604 matched
2026-08-24 00:16:55,554 INFO ncaa_identity: contest_id=805725 teams 2141/2141 matched, players 5170/5981 matched
2026-08-24 00:16:57,117 INFO ncaa_identity: contest_id=805739 teams 1434/2772 matched, players 3980/7828 matched
2026-08-24 00:16:58,416 INFO ncaa_identity: contest_id=805753 teams 2752/2752 matched, players 7292/7791 matched
2026-08-24 00:17:00,363 INFO ncaa_identity: contest_id=805772 teams 2564/2564 matched, players 6803/7217 matched
2026-08-24 00:17:03,236 INFO ncaa_identity: contest_id=805832 teams 2674/2674 matched, players 7479/7583 matched
2026-08-24 00:17:07,646 INFO ncaa_identity: contest_id=805877 teams 2768/2768 matched, players 7440/7798 matched
2026-08-24 00:17:13,386 INFO ncaa_identity: contest_id=805969 teams 2508/2508 matched, players 6760/7064 matched
2026-08-24 00:17:14,677 INFO ncaa_identity: contest_id=806026 teams 1328/2626 matched, players 3728/7417 matched
2026-08-24 00:17:14,789 INFO 5 starters not found for period 4; using estimate
2026-08-24 00:17:18,234 INFO ncaa_identity: contest_id=806157 teams 2671/2671 matched, players 6261/7513 matched
2026-08-24 00:17:20,042 INFO ncaa_identity: contest_id=806183 teams 2676/2676 matched, players 7169/7540 matched
2026-08-24 00:17:23,008 INFO ncaa_identity: contest_id=806233 teams 2243/2243 matched, players 6019/6319 matched
2026-08-24 00:17:26,860 INFO ncaa_identity: contest_id=806431 teams 2100/2100 matched, players 810/850 matched
2026-08-24 00:17:28,104 INFO ncaa_identity: contest_id=806540 teams 2417/2417 matched, players 6531/6762 matched
2026-08-24 00:17:30,893 INFO ncaa_identity: contest_id=806571 teams 2569/2569 matched, players 6776/7254 matched
2026-08-24 00:17:35,621 INFO ncaa_identity: contest_id=806663 teams 2095/2095 matched, players 5757/5921 matched
2026-08-24 00:17:42,484 INFO ncaa_identity: contest_id=806802 teams 2617/2617 matched, players 6856/7335 matched
2026-08-24 00:17:45,081 INFO ncaa_identity: contest_id=806873 teams 2454/2454 matched, players 6509/6942 matched
2026-08-24 00:17:48,067 INFO ncaa_identity: contest_id=807003 teams 2975/2975 matched, players 8034/8371 matched
2026-08-24 00:17:49,169 INFO ncaa_identity: contest_id=807016 teams 2194/2194 matched, players 5597/6183 matched
2026-08-24 00:17:50,682 INFO ncaa_identity: contest_id=807044 teams 1414/2757 matched, players 3932/7789 matched
2026-08-24 00:17:53,244 INFO ncaa_identity: contest_id=807081 teams 2456/2456 matched, players 6425/6941 matched
2026-08-24 00:17:56,107 INFO ncaa_identity: contest_id=807108 teams 2171/2171 matched, players 864/866 matched
2026-08-24 00:17:59,091 INFO ncaa_identity: contest_id=807149 teams 2334/2334 matched, players 5489/6521 matched
2026-08-24 00:18:00,354 INFO ncaa_identity: contest_id=807167 teams 2413/2413 matched, players 6202/6818 matched
2026-08-24 00:18:01,480 INFO ncaa_identity: contest_id=807183 teams 2204/2204 matched, players 5658/6212 matched
2026-08-24 00:18:03,053 INFO ncaa_identity: contest_id=807205 teams 1276/2562 matched, players 3360/7256 matched
2026-08-24 00:18:09,233 INFO ncaa_identity: contest_id=807302 teams 2006/2006 matched, players 5617/5646 matched
2026-08-24 00:18:10,600 INFO ncaa_identity: contest_id=807353 teams 1236/2385 matched, players 3073/6712 matched
2026-08-24 00:18:16,942 INFO ncaa_identity: contest_id=807476 teams 2291/2291 matched, players 6189/6456 matched
2026-08-24 00:18:18,254 INFO ncaa_identity: contest_id=807498 teams 1949/1949 matched, players 5015/5511 matched
2026-08-24 00:18:19,839 INFO ncaa_identity: contest_id=807522 teams 2585/2585 matched, players 6611/7258 matched
2026-08-24 00:18:22,607 INFO ncaa_identity: contest_id=807550 teams 2517/2517 matched, players 6601/7071 matched
2026-08-24 00:18:25,485 INFO ncaa_identity: contest_id=807616 teams 2632/2632 matched, players 7156/7413 matched
2026-08-24 00:18:31,090 INFO ncaa_identity: contest_id=807744 teams 1122/2196 matched, players 3185/6196 matched
2026-08-24 00:18:32,713 INFO ncaa_identity: contest_id=807807 teams 1290/2495 matched, players 2677/6998 matched
2026-08-24 00:18:36,204 INFO ncaa_identity: contest_id=807897 teams 2197/2197 matched, players 5639/6201 matched
2026-08-24 00:18:37,633 INFO ncaa_identity: contest_id=807919 teams 2326/2326 matched, players 6289/6584 matched
2026-08-24 00:18:39,125 INFO ncaa_identity: contest_id=807931 teams 2160/2160 matched, players 5743/6056 matched
2026-08-24 00:18:40,318 INFO ncaa_identity: contest_id=807992 teams 991/1960 matched, players 2761/5476 matched
2026-08-24 00:18:44,420 INFO ncaa_identity: contest_id=808082 teams 2630/2630 matched, players 7131/7443 matched
2026-08-24 00:18:45,864 INFO ncaa_identity: contest_id=808098 teams 2373/2373 matched, players 6297/6714 matched
2026-08-24 00:18:46,833 INFO ncaa_identity: contest_id=808167 teams 2265/2265 matched, players 6275/6402 matched
2026-08-24 00:18:49,404 INFO ncaa_identity: contest_id=808198 teams 2465/2465 matched, players 6407/6980 matched
2026-08-24 00:18:50,751 INFO ncaa_identity: contest_id=808256 teams 3177/3177 matched, players 7816/8958 matched
2026-08-24 00:18:53,347 INFO ncaa_identity: contest_id=808339 teams 2335/2335 matched, players 6082/6589 matched
2026-08-24 00:18:54,569 INFO ncaa_identity: contest_id=808378 teams 2373/2373 matched, players 6104/6708 matched
2026-08-24 00:18:56,172 INFO ncaa_identity: contest_id=808412 teams 2640/2640 matched, players 7131/7408 matched
2026-08-24 00:19:00,384 INFO ncaa_identity: contest_id=808584 teams 2390/2390 matched, players 6212/6752 matched
2026-08-24 00:19:01,687 INFO ncaa_identity: contest_id=808636 teams 2199/2199 matched, players 5455/6199 matched
2026-08-24 00:19:04,137 INFO ncaa_identity: contest_id=808676 teams 2301/2301 matched, players 6414/6434 matched
2026-08-24 00:19:05,794 INFO ncaa_identity: contest_id=808692 teams 3031/3031 matched, players 6920/8603 matched
2026-08-24 00:19:11,436 INFO ncaa_identity: contest_id=808757 teams 1293/2580 matched, players 3697/7295 matched
2026-08-24 00:19:13,880 INFO ncaa_identity: contest_id=808813 teams 2166/2166 matched, players 5919/6081 matched
2026-08-24 00:19:17,976 INFO ncaa_identity: contest_id=808956 teams 2533/2533 matched, players 6704/7123 matched
2026-08-24 00:19:24,409 INFO ncaa_identity: contest_id=809111 teams 2647/2647 matched, players 6491/7483 matched
2026-08-24 00:19:25,684 INFO ncaa_identity: contest_id=809139 teams 1333/2731 matched, players 3826/7704 matched
2026-08-24 00:19:29,820 INFO ncaa_identity: contest_id=809291 teams 2922/2922 matched, players 7972/8257 matched
2026-08-24 00:19:31,516 INFO 5 starters not found for period 3; using estimate
2026-08-24 00:19:33,130 INFO ncaa_identity: contest_id=809354 teams 3649/3649 matched, players 9722/10403 matched
2026-08-24 00:19:38,349 INFO ncaa_identity: contest_id=809550 teams 2489/2489 matched, players 6856/7037 matched
2026-08-24 00:19:41,068 INFO ncaa_identity: contest_id=809608 teams 2478/2478 matched, players 6253/6957 matched
2026-08-24 00:19:43,638 INFO ncaa_identity: contest_id=809628 teams 2262/2262 matched, players 5773/6357 matched
2026-08-24 00:19:47,540 INFO ncaa_identity: contest_id=809710 teams 1825/1825 matched, players 5075/5105 matched
2026-08-24 00:19:49,921 INFO ncaa_identity: contest_id=809777 teams 2679/2679 matched, players 7479/7507 matched
2026-08-24 00:19:51,578 INFO ncaa_identity: contest_id=809797 teams 2447/2447 matched, players 6478/6933 matched
2026-08-24 00:20:00,519 INFO ncaa_identity: contest_id=809992 teams 2549/2549 matched, players 5935/7196 matched
2026-08-24 00:20:02,929 INFO ncaa_identity: contest_id=810057 teams 2308/2308 matched, players 6075/6446 matched
2026-08-24 00:20:08,445 INFO ncaa_identity: contest_id=810183 teams 2613/2613 matched, players 7031/7381 matched
2026-08-24 00:20:11,289 INFO ncaa_identity: contest_id=810212 teams 2363/2363 matched, players 6363/6651 matched
2026-08-24 00:20:13,281 INFO ncaa_identity: contest_id=810242 teams 2821/2821 matched, players 7412/7997 matched
2026-08-24 00:20:14,485 INFO ncaa_identity: contest_id=810264 teams 2430/2430 matched, players 5830/6892 matched
2026-08-24 00:20:17,277 INFO ncaa_identity: contest_id=810297 teams 2313/2313 matched, players 6387/6520 matched
2026-08-24 00:20:18,452 INFO ncaa_identity: contest_id=810310 teams 2344/2344 matched, players 6501/6620 matched
2026-08-24 00:20:23,000 INFO ncaa_identity: contest_id=810391 teams 2128/2128 matched, players 5596/5970 matched
2026-08-24 00:20:25,787 INFO ncaa_identity: contest_id=810415 teams 2346/2346 matched, players 5826/6594 matched
2026-08-24 00:20:27,391 INFO ncaa_identity: contest_id=810427 teams 2989/2989 matched, players 8232/8473 matched
2026-08-24 00:20:30,458 INFO ncaa_identity: contest_id=810476 teams 2672/2672 matched, players 7206/7556 matched
2026-08-24 00:20:33,199 INFO ncaa_identity: contest_id=810496 teams 2907/2907 matched, players 7639/8170 matched
2026-08-24 00:20:34,836 INFO ncaa_identity: contest_id=810507 teams 2564/2564 matched, players 6737/7198 matched
2026-08-24 00:20:43,144 INFO ncaa_identity: contest_id=810582 teams 2542/2542 matched, players 6407/7211 matched
2026-08-24 00:20:47,481 INFO ncaa_identity: contest_id=810623 teams 2186/2186 matched, players 5985/6166 matched
2026-08-24 00:20:48,628 INFO ncaa_identity: contest_id=810635 teams 1995/1995 matched, players 5248/5590 matched
2026-08-24 00:20:49,980 INFO ncaa_identity: contest_id=810646 teams 2194/2194 matched, players 5993/6155 matched
2026-08-24 00:20:51,462 INFO ncaa_identity: contest_id=810658 teams 2355/2355 matched, players 6196/6602 matched
2026-08-24 00:20:52,718 INFO ncaa_identity: contest_id=810668 teams 1129/2243 matched, players 3148/6295 matched
2026-08-24 00:20:54,279 INFO ncaa_identity: contest_id=810695 teams 2490/2490 matched, players 6417/7061 matched
2026-08-24 00:20:57,217 INFO ncaa_identity: contest_id=810729 teams 2595/2595 matched, players 6358/7322 matched
2026-08-24 00:21:02,384 INFO ncaa_identity: contest_id=810793 teams 2297/2297 matched, players 5753/6434 matched
2026-08-24 00:21:06,903 INFO ncaa_identity: contest_id=810892 teams 1496/3004 matched, players 4238/8517 matched
2026-08-24 00:21:11,264 INFO ncaa_identity: contest_id=810948 teams 2279/2279 matched, players 5906/6396 matched
2026-08-24 00:21:16,391 INFO ncaa_identity: contest_id=811097 teams 2594/2594 matched, players 6636/7312 matched
2026-08-24 00:21:21,177 INFO ncaa_identity: contest_id=811139 teams 2556/2556 matched, players 7134/7199 matched
2026-08-24 00:21:28,634 INFO ncaa_identity: contest_id=811265 teams 2217/2217 matched, players 5481/6246 matched
2026-08-24 00:21:29,756 INFO ncaa_identity: contest_id=811277 teams 2228/2228 matched, players 6068/6290 matched
2026-08-24 00:21:32,407 INFO ncaa_identity: contest_id=811312 teams 2290/2290 matched, players 6152/6413 matched
2026-08-24 00:21:33,592 INFO ncaa_identity: contest_id=811363 teams 2574/2574 matched, players 6834/7238 matched
2026-08-24 00:21:37,336 INFO ncaa_identity: contest_id=811476 teams 2246/2246 matched, players 5980/6345 matched
2026-08-24 00:21:38,856 INFO ncaa_identity: contest_id=811508 teams 2443/2443 matched, players 6618/6892 matched
2026-08-24 00:21:45,405 INFO ncaa_identity: contest_id=811671 teams 2494/2494 matched, players 6865/7056 matched
2026-08-24 00:21:52,230 INFO ncaa_identity: contest_id=811875 teams 2112/2112 matched, players 5503/5938 matched
2026-08-24 00:21:53,382 INFO ncaa_identity: contest_id=811903 teams 1873/1873 matched, players 5212/5228 matched
2026-08-24 00:21:54,539 INFO ncaa_identity: contest_id=811924 teams 2111/2111 matched, players 5918/5936 matched
2026-08-24 00:21:57,340 INFO ncaa_identity: contest_id=811981 teams 2957/2957 matched, players 7816/8385 matched
2026-08-24 00:22:00,954 INFO ncaa_identity: contest_id=812061 teams 2088/2088 matched, players 5330/5843 matched
2026-08-24 00:22:07,361 INFO ncaa_identity: contest_id=812308 teams 1036/2104 matched, players 2978/5874 matched
2026-08-24 00:22:16,637 INFO ncaa_identity: contest_id=812433 teams 2930/2930 matched, players 7806/8256 matched
2026-08-24 00:22:19,721 INFO ncaa_identity: contest_id=812569 teams 2559/2559 matched, players 6544/7228 matched
2026-08-24 00:22:20,907 INFO ncaa_identity: contest_id=812612 teams 2302/2302 matched, players 6076/6435 matched
2026-08-24 00:22:22,081 INFO ncaa_identity: contest_id=812642 teams 2442/2442 matched, players 6691/6885 matched
2026-08-24 00:22:27,725 INFO ncaa_identity: contest_id=812779 teams 3054/3054 matched, players 8176/8647 matched
2026-08-24 00:22:31,828 INFO ncaa_identity: contest_id=812841 teams 2443/2443 matched, players 6392/6868 matched
2026-08-24 00:22:33,469 INFO ncaa_identity: contest_id=812901 teams 1511/3003 matched, players 3461/8431 matched
2026-08-24 00:22:34,778 INFO ncaa_identity: contest_id=812964 teams 2436/2436 matched, players 6787/6867 matched
2026-08-24 00:22:37,490 INFO ncaa_identity: contest_id=813041 teams 2214/2214 matched, players 5700/6254 matched
2026-08-24 00:22:40,666 INFO ncaa_identity: contest_id=813096 teams 2234/2234 matched, players 6161/6232 matched
2026-08-24 00:22:42,169 INFO ncaa_identity: contest_id=813144 teams 2046/2046 matched, players 5708/5757 matched
2026-08-24 00:22:44,005 INFO ncaa_identity: contest_id=813163 teams 2940/2940 matched, players 7086/8351 matched
2026-08-24 00:22:45,342 INFO ncaa_identity: contest_id=813184 teams 1257/2449 matched, players 3524/6920 matched
2026-08-24 00:22:48,235 INFO ncaa_identity: contest_id=813230 teams 2705/2705 matched, players 7468/7613 matched
2026-08-24 00:22:49,793 INFO ncaa_identity: contest_id=813247 teams 1860/1860 matched, players 4754/5213 matched
2026-08-24 00:22:52,358 INFO ncaa_identity: contest_id=813435 teams 1923/1923 matched, players 4968/5366 matched
2026-08-24 00:22:54,023 INFO ncaa_identity: contest_id=813448 teams 2259/2259 matched, players 6039/6311 matched
2026-08-24 00:22:59,320 INFO ncaa_identity: contest_id=813515 teams 2138/2138 matched, players 5926/6031 matched
2026-08-24 00:23:00,845 INFO ncaa_identity: contest_id=813541 teams 2876/2876 matched, players 6968/8122 matched
2026-08-24 00:23:02,267 INFO ncaa_identity: contest_id=813563 teams 2497/2497 matched, players 6645/7021 matched
2026-08-24 00:23:04,762 INFO ncaa_identity: contest_id=813686 teams 1288/2461 matched, players 2819/6967 matched
2026-08-24 00:23:08,339 INFO ncaa_identity: contest_id=813797 teams 2100/2100 matched, players 5362/5923 matched
2026-08-24 00:23:11,179 INFO ncaa_identity: contest_id=813901 teams 2101/2101 matched, players 5551/5881 matched
2026-08-24 00:23:13,669 INFO ncaa_identity: contest_id=813938 teams 3041/3041 matched, players 7959/8636 matched
2026-08-24 00:23:14,647 INFO ncaa_identity: contest_id=813951 teams 1871/1871 matched, players 5086/5221 matched
2026-08-24 00:23:17,770 INFO ncaa_identity: contest_id=813983 teams 2571/2571 matched, players 6871/7302 matched
2026-08-24 00:23:19,223 INFO ncaa_identity: contest_id=814052 teams 2174/2174 matched, players 5969/6120 matched
2026-08-24 00:23:21,361 INFO ncaa_identity: contest_id=814166 teams 2151/2151 matched, players 5591/6034 matched
2026-08-24 00:23:22,773 INFO ncaa_identity: contest_id=814196 teams 2248/2248 matched, players 5793/6335 matched
2026-08-24 00:23:25,418 INFO ncaa_identity: contest_id=814270 teams 2182/2182 matched, players 5947/6133 matched
2026-08-24 00:23:26,614 INFO ncaa_identity: contest_id=814288 teams 2210/2210 matched, players 5830/6209 matched
2026-08-24 00:23:28,672 INFO ncaa_identity: contest_id=814312 teams 2705/2705 matched, players 7590/7595 matched
2026-08-24 00:23:29,858 INFO ncaa_identity: contest_id=814347 teams 2440/2440 matched, players 6792/6911 matched
2026-08-24 00:23:32,607 INFO ncaa_identity: contest_id=814390 teams 2309/2309 matched, players 6416/6499 matched
2026-08-24 00:23:33,792 INFO ncaa_identity: contest_id=814467 teams 1158/2376 matched, players 3319/6717 matched
2026-08-24 00:23:35,165 INFO ncaa_identity: contest_id=814559 teams 2236/2236 matched, players 5834/6224 matched
2026-08-24 00:23:36,899 INFO ncaa_identity: contest_id=814572 teams 2357/2357 matched, players 6360/6647 matched
2026-08-24 00:23:39,872 INFO ncaa_identity: contest_id=814596 teams 2196/2196 matched, players 6046/6207 matched
2026-08-24 00:23:42,396 INFO ncaa_identity: contest_id=814633 teams 2334/2334 matched, players 6439/6592 matched
2026-08-24 00:23:45,048 INFO ncaa_identity: contest_id=814663 teams 2302/2302 matched, players 6180/6471 matched
2026-08-24 00:23:46,572 INFO ncaa_identity: contest_id=814680 teams 2236/2236 matched, players 5791/6255 matched
2026-08-24 00:23:54,218 INFO ncaa_identity: contest_id=814920 teams 2385/2385 matched, players 6252/6754 matched
2026-08-24 00:23:55,438 INFO ncaa_identity: contest_id=814995 teams 2238/2238 matched, players 6271/6294 matched
2026-08-24 00:23:59,604 INFO ncaa_identity: contest_id=815048 teams 2372/2372 matched, players 6633/6689 matched
2026-08-24 00:24:04,126 INFO ncaa_identity: contest_id=815177 teams 2383/2383 matched, players 6641/6739 matched
2026-08-24 00:24:09,433 INFO ncaa_identity: contest_id=815302 teams 2257/2257 matched, players 6217/6334 matched
2026-08-24 00:24:10,690 INFO ncaa_identity: contest_id=815330 teams 2175/2175 matched, players 5617/6102 matched
2026-08-24 00:24:13,171 INFO ncaa_identity: contest_id=815389 teams 1231/2368 matched, players 3391/6644 matched
2026-08-24 00:24:24,532 INFO ncaa_identity: contest_id=815699 teams 2602/2602 matched, players 7049/7280 matched
2026-08-24 00:24:25,779 INFO ncaa_identity: contest_id=815719 teams 2243/2243 matched, players 6307/6322 matched
2026-08-24 00:24:27,086 INFO ncaa_identity: contest_id=815738 teams 2623/2623 matched, players 7070/7405 matched
2026-08-24 00:24:30,074 INFO ncaa_identity: contest_id=815767 teams 2442/2442 matched, players 6802/6838 matched
2026-08-24 00:24:31,585 INFO ncaa_identity: contest_id=815824 teams 2469/2469 matched, players 6012/6953 matched
2026-08-24 00:24:35,518 INFO ncaa_identity: contest_id=815963 teams 2106/2106 matched, players 5660/5895 matched
2026-08-24 00:24:38,182 INFO ncaa_identity: contest_id=816085 teams 2109/2109 matched, players 4828/5905 matched
2026-08-24 00:24:41,503 INFO ncaa_identity: contest_id=816118 teams 2346/2346 matched, players 6212/6630 matched
2026-08-24 00:24:43,406 INFO ncaa_identity: contest_id=816131 teams 3099/3099 matched, players 7870/8765 matched
2026-08-24 00:24:45,071 INFO ncaa_identity: contest_id=816149 teams 2323/2323 matched, players 6051/6572 matched
2026-08-24 00:24:47,933 INFO ncaa_identity: contest_id=816205 teams 2198/2198 matched, players 6110/6220 matched
2026-08-24 00:24:49,182 INFO ncaa_identity: contest_id=816305 teams 2579/2579 matched, players 6682/7260 matched
2026-08-24 00:24:51,988 INFO ncaa_identity: contest_id=816362 teams 2490/2490 matched, players 6212/7000 matched
2026-08-24 00:24:53,404 INFO ncaa_identity: contest_id=816392 teams 2010/2010 matched, players 5526/5631 matched
2026-08-24 00:25:01,322 INFO ncaa_identity: contest_id=816518 teams 1203/2381 matched, players 3250/6704 matched
2026-08-24 00:25:04,425 INFO ncaa_identity: contest_id=816562 teams 952/1985 matched, players 2819/5554 matched
2026-08-24 00:25:05,554 INFO ncaa_identity: contest_id=816584 teams 2362/2362 matched, players 6634/6665 matched
2026-08-24 00:25:07,062 INFO ncaa_identity: contest_id=816647 teams 2258/2258 matched, players 6344/6374 matched
2026-08-24 00:25:08,339 INFO ncaa_identity: contest_id=816768 teams 1967/1967 matched, players 5399/5517 matched
2026-08-24 00:25:14,799 INFO ncaa_identity: contest_id=816834 teams 2257/2257 matched, players 6074/6335 matched
2026-08-24 00:25:17,851 INFO ncaa_identity: contest_id=816859 teams 2508/2508 matched, players 6701/7060 matched
2026-08-24 00:25:19,222 INFO ncaa_identity: contest_id=816919 teams 1250/2441 matched, players 3481/6886 matched
2026-08-24 00:25:21,080 INFO ncaa_identity: contest_id=817017 teams 2644/2644 matched, players 6981/7468 matched
2026-08-24 00:25:22,347 INFO ncaa_identity: contest_id=817064 teams 2276/2276 matched, players 6410/6417 matched
2026-08-24 00:25:25,553 INFO ncaa_identity: contest_id=817166 teams 2580/2580 matched, players 6635/7296 matched
2026-08-24 00:25:26,901 INFO ncaa_identity: contest_id=817181 teams 2443/2443 matched, players 6558/6902 matched
2026-08-24 00:25:28,830 INFO ncaa_identity: contest_id=817200 teams 2395/2395 matched, players 6733/6757 matched
2026-08-24 00:25:30,211 INFO ncaa_identity: contest_id=817214 teams 2225/2225 matched, players 5727/6273 matched
2026-08-24 00:25:32,970 INFO ncaa_identity: contest_id=817274 teams 2063/2063 matched, players 5426/5796 matched
2026-08-24 00:25:35,445 INFO ncaa_identity: contest_id=817395 teams 2147/2147 matched, players 5810/6072 matched
2026-08-24 00:25:36,950 INFO ncaa_identity: contest_id=817414 teams 2210/2210 matched, players 5827/6212 matched
2026-08-24 00:25:39,554 INFO ncaa_identity: contest_id=817475 teams 2293/2293 matched, players 5975/6464 matched
2026-08-24 00:25:41,896 INFO ncaa_identity: contest_id=817533 teams 2125/2125 matched, players 5596/6019 matched
2026-08-24 00:25:45,014 INFO ncaa_identity: contest_id=817585 teams 2267/2267 matched, players 5873/6385 matched
2026-08-24 00:25:46,798 INFO ncaa_identity: contest_id=817607 teams 2179/2179 matched, players 6034/6073 matched
2026-08-24 00:25:48,216 INFO ncaa_identity: contest_id=817627 teams 2400/2400 matched, players 6514/6750 matched
2026-08-24 00:25:54,984 INFO ncaa_identity: contest_id=817862 teams 2062/2062 matched, players 5805/5822 matched
2026-08-24 00:25:56,508 INFO ncaa_identity: contest_id=817873 teams 1721/1721 matched, players 599/640 matched
2026-08-24 00:25:59,806 INFO ncaa_identity: contest_id=817912 teams 2476/2476 matched, players 6637/6996 matched
2026-08-24 00:26:04,541 INFO ncaa_identity: contest_id=818069 teams 2307/2307 matched, players 5263/6480 matched
2026-08-24 00:26:05,950 INFO ncaa_identity: contest_id=818094 teams 1917/1917 matched, players 4769/5384 matched
2026-08-24 00:26:15,545 INFO ncaa_identity: contest_id=818288 teams 2873/2873 matched, players 6959/8159 matched
2026-08-24 00:26:16,974 INFO ncaa_identity: contest_id=818304 teams 2358/2358 matched, players 5333/6639 matched
2026-08-24 00:26:20,132 INFO ncaa_identity: contest_id=818387 teams 2487/2487 matched, players 6972/7021 matched
2026-08-24 00:26:21,445 INFO ncaa_identity: contest_id=818447 teams 1117/2265 matched, players 3190/6365 matched
2026-08-24 00:26:24,501 INFO ncaa_identity: contest_id=818499 teams 1165/2343 matched, players 3267/6554 matched
2026-08-24 00:26:27,445 INFO ncaa_identity: contest_id=818556 teams 1587/1587 matched, players 473/483 matched
2026-08-24 00:26:29,583 INFO ncaa_identity: contest_id=818576 teams 2338/2338 matched, players 6011/6623 matched
2026-08-24 00:26:31,330 INFO ncaa_identity: contest_id=818595 teams 2244/2244 matched, players 6147/6343 matched
2026-08-24 00:26:37,871 INFO ncaa_identity: contest_id=818801 teams 1294/2635 matched, players 3652/7484 matched
2026-08-24 00:26:39,549 INFO ncaa_identity: contest_id=818887 teams 1927/1927 matched, players 4941/5448 matched
2026-08-24 00:26:49,466 INFO ncaa_identity: contest_id=819002 teams 2009/2009 matched, players 4857/5625 matched
2026-08-24 00:27:00,184 INFO ncaa_identity: contest_id=819237 teams 2369/2369 matched, players 6612/6706 matched
2026-08-24 00:27:01,594 INFO ncaa_identity: contest_id=819251 teams 2514/2514 matched, players 6625/7101 matched
2026-08-24 00:27:03,043 INFO ncaa_identity: contest_id=819264 teams 2292/2292 matched, players 6398/6411 matched
2026-08-24 00:27:06,780 INFO ncaa_identity: contest_id=819354 teams 2240/2240 matched, players 6018/6287 matched
2026-08-24 00:27:12,730 INFO ncaa_identity: contest_id=819479 teams 2273/2273 matched, players 6388/6423 matched
2026-08-24 00:27:13,816 INFO ncaa_identity: contest_id=819492 teams 2338/2338 matched, players 6087/6578 matched
2026-08-24 00:27:15,061 INFO ncaa_identity: contest_id=819504 teams 1138/2246 matched, players 3256/6340 matched
2026-08-24 00:27:19,232 INFO ncaa_identity: contest_id=819541 teams 2233/2233 matched, players 6110/6276 matched
2026-08-24 00:27:25,330 INFO ncaa_identity: contest_id=819701 teams 2491/2491 matched, players 6839/7067 matched
2026-08-24 00:27:26,941 INFO ncaa_identity: contest_id=819711 teams 2791/2791 matched, players 7365/7885 matched
2026-08-24 00:27:30,142 INFO ncaa_identity: contest_id=819731 teams 2238/2238 matched, players 6021/6248 matched
2026-08-24 00:27:32,988 INFO ncaa_identity: contest_id=819770 teams 2626/2626 matched, players 7398/7406 matched
2026-08-24 00:27:34,522 INFO ncaa_identity: contest_id=819780 teams 2473/2473 matched, players 6712/6961 matched
2026-08-24 00:27:35,946 INFO ncaa_identity: contest_id=819790 teams 3076/3076 matched, players 7877/8635 matched
2026-08-24 00:27:38,927 INFO ncaa_identity: contest_id=819848 teams 1892/1892 matched, players 4841/5305 matched
2026-08-24 00:27:42,895 INFO ncaa_identity: contest_id=819916 teams 2303/2303 matched, players 6438/6491 matched
2026-08-24 00:27:45,420 INFO ncaa_identity: contest_id=819936 teams 2305/2305 matched, players 6368/6482 matched
2026-08-24 00:27:46,745 INFO ncaa_identity: contest_id=819953 teams 2313/2313 matched, players 6236/6501 matched
2026-08-24 00:27:53,268 INFO ncaa_identity: contest_id=820082 teams 2124/2124 matched, players 5894/5987 matched
2026-08-24 00:27:57,321 INFO ncaa_identity: contest_id=820120 teams 2310/2310 matched, players 6172/6555 matched
2026-08-24 00:27:58,735 INFO ncaa_identity: contest_id=820130 teams 2662/2662 matched, players 6771/7518 matched
2026-08-24 00:28:02,468 WARNING ncaa_parse: family=lineups contest_id=820182 team=Richmond produced NO good stints (25 bad, roster=10) -- parsed successfully but contributed nothing
2026-08-24 00:28:03,003 WARNING ncaa_parse: family=lineups contest_id=820182 team=Saint Joseph's produced NO good stints (26 bad, roster=10) -- parsed successfully but contributed nothing
2026-08-24 00:28:03,473 INFO ncaa_identity: contest_id=820182 teams 2341/2341 matched, players 6115/6506 matched
2026-08-24 00:28:07,449 INFO ncaa_identity: contest_id=820251 teams 2419/2419 matched, players 6012/6820 matched
2026-08-24 00:28:10,983 WARNING ncaa_parse: family=lineups contest_id=820296 team=St. John's (NY) produced NO good stints (22 bad, roster=9) -- parsed successfully but contributed nothing
2026-08-24 00:28:11,503 WARNING ncaa_parse: family=lineups contest_id=820296 team=UConn produced NO good stints (22 bad, roster=11) -- parsed successfully but contributed nothing
2026-08-24 00:28:12,047 INFO ncaa_identity: contest_id=820296 teams 2043/2043 matched, players 5246/5687 matched
2026-08-24 00:28:13,514 INFO ncaa_identity: contest_id=820307 teams 2213/2213 matched, players 5972/6159 matched
2026-08-24 00:28:15,247 INFO ncaa_identity: contest_id=820317 teams 2178/2178 matched, players 5735/6141 matched
2026-08-24 00:28:21,244 INFO ncaa_identity: contest_id=820361 teams 2515/2515 matched, players 6797/7065 matched
2026-08-24 00:28:22,988 INFO ncaa_identity: contest_id=820375 teams 2173/2173 matched, players 5737/6117 matched
2026-08-24 00:28:27,112 INFO ncaa_identity: contest_id=820433 teams 2639/2639 matched, players 7173/7450 matched
2026-08-24 00:28:31,218 INFO ncaa_identity: contest_id=820486 teams 937/1898 matched, players 2626/5345 matched
2026-08-24 00:28:35,043 INFO ncaa_identity: contest_id=820540 teams 2111/2111 matched, players 5686/5932 matched
2026-08-24 00:28:38,007 INFO ncaa_identity: contest_id=820560 teams 2513/2513 matched, players 6768/7100 matched
2026-08-24 00:28:39,405 INFO ncaa_identity: contest_id=820573 teams 2267/2267 matched, players 5968/6376 matched
2026-08-24 00:28:43,917 INFO ncaa_identity: contest_id=820609 teams 2824/2824 matched, players 7942/7982 matched
2026-08-24 00:28:45,067 INFO ncaa_identity: contest_id=820619 teams 2213/2213 matched, players 6132/6231 matched
2026-08-24 00:28:47,952 INFO ncaa_identity: contest_id=820639 teams 2100/2100 matched, players 5580/5897 matched
2026-08-24 00:28:49,351 INFO ncaa_identity: contest_id=820653 teams 1990/1990 matched, players 4981/5601 matched
2026-08-24 00:28:52,503 INFO ncaa_identity: contest_id=820676 teams 2188/2188 matched, players 5730/6173 matched
2026-08-24 00:28:54,350 INFO ncaa_identity: contest_id=820686 teams 2604/2604 matched, players 6843/7407 matched
2026-08-24 00:28:57,221 INFO ncaa_identity: contest_id=622604 teams 2639/2639 matched, players 6852/7505 matched
2026-08-24 00:28:58,475 INFO ncaa_identity: contest_id=622616 teams 1038/2068 matched, players 2940/5823 matched
2026-08-24 00:28:59,927 INFO ncaa_identity: contest_id=622626 teams 2465/2465 matched, players 6379/6968 matched
2026-08-24 00:29:01,090 INFO ncaa_identity: contest_id=622638 teams 2403/2403 matched, players 6546/6777 matched
2026-08-24 00:29:02,608 INFO ncaa_identity: contest_id=622648 teams 2004/2004 matched, players 751/753 matched
2026-08-24 00:29:10,472 INFO ncaa_identity: contest_id=622712 teams 1385/2707 matched, players 3872/7668 matched
2026-08-24 00:29:13,597 INFO ncaa_identity: contest_id=622771 teams 2146/2146 matched, players 738/753 matched
2026-08-24 00:29:17,478 INFO ncaa_identity: contest_id=622834 teams 1159/2236 matched, players 3177/6271 matched
2026-08-24 00:29:21,853 INFO ncaa_identity: contest_id=622907 teams 2527/2527 matched, players 6659/7135 matched
2026-08-24 00:29:23,322 INFO ncaa_identity: contest_id=622921 teams 2808/2808 matched, players 7694/7939 matched
2026-08-24 00:29:27,870 INFO ncaa_identity: contest_id=622969 teams 2494/2494 matched, players 6850/7041 matched
2026-08-24 00:29:29,751 INFO ncaa_identity: contest_id=622979 teams 2655/2655 matched, players 7155/7452 matched
2026-08-24 00:29:32,696 INFO ncaa_identity: contest_id=623002 teams 2633/2633 matched, players 6842/7482 matched
2026-08-24 00:29:33,999 INFO ncaa_identity: contest_id=623021 teams 1315/2485 matched, players 3551/6992 matched
2026-08-24 00:29:35,626 INFO ncaa_identity: contest_id=623038 teams 2351/2351 matched, players 6116/6613 matched
2026-08-24 00:29:38,278 INFO ncaa_identity: contest_id=623069 teams 2720/2720 matched, players 7400/7678 matched
2026-08-24 00:29:43,419 INFO ncaa_identity: contest_id=623129 teams 2274/2274 matched, players 6057/6410 matched
2026-08-24 00:29:46,850 INFO ncaa_identity: contest_id=623179 teams 2566/2566 matched, players 6912/7215 matched
2026-08-24 00:29:48,298 INFO ncaa_identity: contest_id=623203 teams 2778/2778 matched, players 7125/7826 matched
2026-08-24 00:29:52,638 INFO ncaa_identity: contest_id=623294 teams 2873/2873 matched, players 7759/8133 matched
2026-08-24 00:29:54,816 INFO ncaa_identity: contest_id=623319 teams 2506/2506 matched, players 5904/7084 matched
2026-08-24 00:29:58,295 INFO ncaa_identity: contest_id=623354 teams 2489/2489 matched, players 6895/6966 matched
2026-08-24 00:29:59,492 INFO ncaa_identity: contest_id=623506 teams 2325/2325 matched, players 6252/6573 matched
2026-08-24 00:30:03,690 INFO ncaa_identity: contest_id=623593 teams 2502/2502 matched, players 6775/7077 matched
2026-08-24 00:30:05,330 INFO ncaa_identity: contest_id=623615 teams 2730/2730 matched, players 7068/7698 matched
2026-08-24 00:30:08,975 INFO ncaa_identity: contest_id=623876 teams 2135/2135 matched, players 5665/5971 matched
2026-08-24 00:30:10,455 INFO ncaa_identity: contest_id=623886 teams 1752/1752 matched, players 622/654 matched
2026-08-24 00:30:12,473 INFO ncaa_identity: contest_id=623898 teams 3366/3366 matched, players 9016/9569 matched
2026-08-24 00:30:13,621 INFO ncaa_identity: contest_id=623909 teams 2096/2096 matched, players 5253/5904 matched
2026-08-24 00:30:20,693 INFO ncaa_identity: contest_id=624012 teams 1440/2825 matched, players 3982/7932 matched
2026-08-24 00:30:22,279 INFO ncaa_identity: contest_id=624025 teams 2529/2529 matched, players 6320/7042 matched
2026-08-24 00:30:23,965 INFO ncaa_identity: contest_id=624067 teams 2294/2294 matched, players 6009/6485 matched
2026-08-24 00:30:25,360 INFO ncaa_identity: contest_id=624109 teams 2769/2769 matched, players 7292/7800 matched
2026-08-24 00:30:28,557 INFO ncaa_identity: contest_id=624156 teams 2216/2216 matched, players 5994/6278 matched
2026-08-24 00:30:30,047 INFO ncaa_identity: contest_id=624180 teams 2370/2370 matched, players 6196/6604 matched
2026-08-24 00:30:32,026 INFO ncaa_identity: contest_id=624283 teams 1498/3016 matched, players 4256/8560 matched
2026-08-24 00:30:33,198 INFO ncaa_identity: contest_id=624324 teams 1025/2047 matched, players 2855/5739 matched
2026-08-24 00:30:36,556 INFO ncaa_identity: contest_id=624349 teams 2689/2689 matched, players 7210/7626 matched
2026-08-24 00:30:41,227 INFO ncaa_identity: contest_id=624399 teams 1053/2101 matched, players 1948/5886 matched
2026-08-24 00:30:47,265 INFO ncaa_identity: contest_id=624457 teams 2609/2609 matched, players 7258/7361 matched
2026-08-24 00:30:48,609 INFO ncaa_identity: contest_id=624487 teams 2091/2091 matched, players 5897/5899 matched
2026-08-24 00:30:50,097 INFO ncaa_identity: contest_id=624507 teams 2147/2147 matched, players 5975/6027 matched
2026-08-24 00:30:51,890 INFO ncaa_identity: contest_id=624533 teams 2175/2175 matched, players 5642/6137 matched
2026-08-24 00:30:54,511 INFO ncaa_identity: contest_id=624583 teams 3027/3027 matched, players 8314/8577 matched
2026-08-24 00:30:56,299 INFO ncaa_identity: contest_id=624604 teams 2547/2547 matched, players 6912/7172 matched
2026-08-24 00:30:59,530 INFO ncaa_identity: contest_id=624689 teams 2689/2689 matched, players 7190/7586 matched
2026-08-24 00:31:00,963 INFO ncaa_identity: contest_id=624713 teams 2585/2585 matched, players 6906/7204 matched
2026-08-24 00:31:02,496 INFO ncaa_identity: contest_id=624739 teams 2186/2186 matched, players 4929/6155 matched
2026-08-24 00:31:04,234 INFO ncaa_identity: contest_id=624756 teams 2446/2446 matched, players 3651/6935 matched
2026-08-24 00:31:05,789 INFO ncaa_identity: contest_id=624782 teams 2203/2203 matched, players 5938/6230 matched
2026-08-24 00:31:10,450 INFO ncaa_identity: contest_id=624847 teams 2374/2374 matched, players 6198/6652 matched
2026-08-24 00:31:16,120 INFO ncaa_identity: contest_id=624923 teams 2978/2978 matched, players 7464/8419 matched
2026-08-24 00:31:17,479 INFO ncaa_identity: contest_id=624979 teams 1183/2387 matched, players 3355/6716 matched
2026-08-24 00:31:19,166 INFO ncaa_identity: contest_id=625004 teams 2572/2572 matched, players 6809/7247 matched
2026-08-24 00:31:26,857 INFO ncaa_identity: contest_id=625186 teams 2016/2016 matched, players 4628/5652 matched
2026-08-24 00:31:28,362 INFO ncaa_identity: contest_id=625207 teams 1068/2230 matched, players 3056/6229 matched
2026-08-24 00:31:29,684 INFO ncaa_identity: contest_id=625229 teams 2732/2732 matched, players 7459/7753 matched
2026-08-24 00:31:31,514 INFO ncaa_identity: contest_id=625247 teams 2269/2269 matched, players 6227/6416 matched
2026-08-24 00:31:32,994 INFO ncaa_identity: contest_id=625324 teams 2653/2653 matched, players 6894/7518 matched
2026-08-24 00:31:34,425 INFO ncaa_identity: contest_id=625350 teams 2597/2597 matched, players 7123/7323 matched
2026-08-24 00:31:35,862 INFO ncaa_identity: contest_id=625377 teams 1131/2118 matched, players 2903/5958 matched
2026-08-24 00:31:40,257 INFO ncaa_identity: contest_id=625484 teams 2339/2339 matched, players 6065/6511 matched
2026-08-24 00:31:41,668 INFO 5 starters not found for period 3; using estimate
2026-08-24 00:31:46,165 INFO ncaa_identity: contest_id=625617 teams 2284/2284 matched, players 6405/6426 matched
2026-08-24 00:31:47,928 INFO ncaa_identity: contest_id=625648 teams 2426/2426 matched, players 6567/6814 matched
2026-08-24 00:31:50,901 INFO ncaa_identity: contest_id=625712 teams 1165/2359 matched, players 2878/6600 matched
2026-08-24 00:31:52,249 INFO ncaa_identity: contest_id=625732 teams 2385/2385 matched, players 6493/6725 matched
2026-08-24 00:31:55,212 INFO ncaa_identity: contest_id=625925 teams 1113/2240 matched, players 3097/6291 matched
2026-08-24 00:32:01,730 INFO ncaa_identity: contest_id=625989 teams 2129/2129 matched, players 5822/5948 matched
2026-08-24 00:32:03,343 INFO ncaa_identity: contest_id=626012 teams 2594/2594 matched, players 7099/7304 matched
2026-08-24 00:32:04,940 INFO ncaa_identity: contest_id=626037 teams 1935/1935 matched, players 4552/5426 matched
2026-08-24 00:32:07,222 INFO ncaa_identity: contest_id=626060 teams 2758/2758 matched, players 7400/7781 matched
2026-08-24 00:32:11,140 INFO ncaa_identity: contest_id=626146 teams 2400/2400 matched, players 6626/6745 matched
2026-08-24 00:32:14,401 INFO ncaa_identity: contest_id=626234 teams 1091/2164 matched, players 3007/6049 matched
2026-08-24 00:32:19,590 INFO ncaa_identity: contest_id=626307 teams 1069/2221 matched, players 3092/6225 matched
2026-08-24 00:32:20,991 INFO ncaa_identity: contest_id=626330 teams 2296/2296 matched, players 6076/6486 matched
2026-08-24 00:32:22,697 INFO ncaa_identity: contest_id=626394 teams 1128/2255 matched, players 3220/6380 matched
2026-08-24 00:32:24,506 INFO ncaa_identity: contest_id=626434 teams 2555/2555 matched, players 6761/7219 matched
2026-08-24 00:32:28,031 INFO ncaa_identity: contest_id=626511 teams 2518/2518 matched, players 6646/7129 matched
2026-08-24 00:32:29,508 INFO ncaa_identity: contest_id=626534 teams 2467/2467 matched, players 6493/6947 matched
2026-08-24 00:32:36,818 INFO ncaa_identity: contest_id=626719 teams 2712/2712 matched, players 6791/7656 matched
2026-08-24 00:32:41,395 INFO ncaa_identity: contest_id=626802 teams 2342/2342 matched, players 6063/6569 matched
2026-08-24 00:32:42,965 INFO ncaa_identity: contest_id=626934 teams 2448/2448 matched, players 5813/6860 matched
2026-08-24 00:32:46,046 INFO ncaa_identity: contest_id=626958 teams 2286/2286 matched, players 6378/6453 matched
2026-08-24 00:32:47,584 INFO ncaa_identity: contest_id=626972 teams 1239/2479 matched, players 3163/6978 matched
2026-08-24 00:32:52,539 INFO ncaa_identity: contest_id=627085 teams 1482/2920 matched, players 3826/8231 matched
2026-08-24 00:32:54,413 INFO ncaa_identity: contest_id=627110 teams 2612/2612 matched, players 7185/7349 matched
2026-08-24 00:32:55,886 INFO ncaa_identity: contest_id=627147 teams 1276/2456 matched, players 3469/6952 matched
2026-08-24 00:33:00,868 INFO ncaa_identity: contest_id=627277 teams 2405/2405 matched, players 6456/6773 matched
2026-08-24 00:33:02,488 INFO ncaa_identity: contest_id=627313 teams 2612/2612 matched, players 7150/7381 matched
2026-08-24 00:33:05,594 INFO ncaa_identity: contest_id=627439 teams 2854/2854 matched, players 7424/8029 matched
2026-08-24 00:33:07,352 INFO ncaa_identity: contest_id=627452 teams 2814/2814 matched, players 7726/7981 matched
2026-08-24 00:33:16,200 INFO ncaa_identity: contest_id=627531 teams 2332/2332 matched, players 6020/6497 matched
2026-08-24 00:33:20,099 INFO ncaa_identity: contest_id=627626 teams 1381/2821 matched, players 3879/7995 matched
2026-08-24 00:33:21,557 INFO ncaa_identity: contest_id=627640 teams 2120/2120 matched, players 5674/5951 matched
2026-08-24 00:33:26,699 INFO ncaa_identity: contest_id=627752 teams 1135/2230 matched, players 3138/6303 matched
2026-08-24 00:33:28,093 INFO ncaa_identity: contest_id=627774 teams 2227/2227 matched, players 5932/6262 matched
2026-08-24 00:33:31,246 INFO ncaa_identity: contest_id=627825 teams 2250/2250 matched, players 5803/6368 matched
2026-08-24 00:33:32,569 INFO ncaa_identity: contest_id=627861 teams 1864/1864 matched, players 731/735 matched
2026-08-24 00:33:34,450 INFO ncaa_identity: contest_id=627877 teams 2712/2712 matched, players 7586/7641 matched
2026-08-24 00:33:37,306 INFO ncaa_identity: contest_id=627902 teams 2168/2168 matched, players 5668/6123 matched
2026-08-24 00:33:39,170 INFO ncaa_identity: contest_id=627917 teams 2263/2263 matched, players 834/897 matched
2026-08-24 00:33:46,775 INFO ncaa_identity: contest_id=627976 teams 2450/2450 matched, players 6430/6873 matched
2026-08-24 00:33:48,232 INFO ncaa_identity: contest_id=627988 teams 1187/2290 matched, players 3229/6462 matched
2026-08-24 00:33:49,704 INFO ncaa_identity: contest_id=628003 teams 2229/2229 matched, players 5875/6264 matched
2026-08-24 00:33:51,478 INFO ncaa_identity: contest_id=628018 teams 2309/2309 matched, players 6122/6505 matched
2026-08-24 00:33:52,620 INFO ncaa_identity: contest_id=628029 teams 1889/1889 matched, players 5021/5317 matched
2026-08-24 00:33:54,007 INFO ncaa_identity: contest_id=628041 teams 2143/2143 matched, players 5786/6008 matched
2026-08-24 00:33:57,161 INFO ncaa_identity: contest_id=628067 teams 1108/2172 matched, players 3073/6127 matched
2026-08-24 00:34:03,891 INFO ncaa_identity: contest_id=628116 teams 2670/2670 matched, players 7096/7566 matched
2026-08-24 00:34:05,349 INFO ncaa_identity: contest_id=628133 teams 1366/2714 matched, players 3825/7701 matched
2026-08-24 00:34:09,005 INFO ncaa_identity: contest_id=628200 teams 2586/2586 matched, players 6736/7267 matched
2026-08-24 00:34:15,181 INFO ncaa_identity: contest_id=628255 teams 2339/2339 matched, players 6162/6603 matched
2026-08-24 00:34:18,261 INFO ncaa_identity: contest_id=628322 teams 1051/2035 matched, players 2918/5745 matched
2026-08-24 00:34:23,386 INFO ncaa_identity: contest_id=628422 teams 2871/2871 matched, players 7749/8076 matched
2026-08-24 00:34:25,354 INFO ncaa_identity: contest_id=628443 teams 2646/2646 matched, players 7099/7460 matched
2026-08-24 00:34:28,623 INFO ncaa_identity: contest_id=628503 teams 2070/2070 matched, players 5750/5831 matched
2026-08-24 00:34:30,179 INFO ncaa_identity: contest_id=628522 teams 1259/2504 matched, players 3421/6997 matched
2026-08-24 00:34:31,827 INFO ncaa_identity: contest_id=628566 teams 2381/2381 matched, players 6251/6700 matched
2026-08-24 00:34:33,608 INFO ncaa_identity: contest_id=628578 teams 2881/2881 matched, players 7932/8115 matched
2026-08-24 00:34:35,116 INFO ncaa_identity: contest_id=628589 teams 2331/2331 matched, players 5779/6545 matched
2026-08-24 00:34:36,784 INFO ncaa_identity: contest_id=628644 teams 1072/2180 matched, players 3037/6094 matched
2026-08-24 00:34:38,345 INFO ncaa_identity: contest_id=628666 teams 2041/2041 matched, players 5361/5759 matched
2026-08-24 00:34:39,901 INFO ncaa_identity: contest_id=628692 teams 2903/2903 matched, players 7646/8227 matched
2026-08-24 00:34:43,020 INFO ncaa_identity: contest_id=628732 teams 2267/2267 matched, players 5874/6405 matched
2026-08-24 00:34:46,603 INFO ncaa_identity: contest_id=628804 teams 2591/2591 matched, players 6566/7303 matched
2026-08-24 00:34:55,962 INFO ncaa_identity: contest_id=628994 teams 2390/2390 matched, players 6113/6702 matched
2026-08-24 00:34:57,237 INFO ncaa_identity: contest_id=629048 teams 1025/2097 matched, players 2498/5866 matched
2026-08-24 00:35:00,757 INFO ncaa_identity: contest_id=629108 teams 2799/2799 matched, players 7304/7914 matched
2026-08-24 00:35:02,348 INFO ncaa_identity: contest_id=629145 teams 2035/2035 matched, players 5392/5759 matched
2026-08-24 00:35:05,069 INFO ncaa_identity: contest_id=629199 teams 1112/2111 matched, players 2985/5913 matched
2026-08-24 00:35:11,898 INFO ncaa_identity: contest_id=629448 teams 2704/2704 matched, players 7171/7601 matched
2026-08-24 00:35:20,485 INFO ncaa_identity: contest_id=629536 teams 2144/2144 matched, players 5473/6065 matched
2026-08-24 00:35:25,461 INFO ncaa_identity: contest_id=629623 teams 2331/2331 matched, players 6348/6548 matched
2026-08-24 00:35:33,600 INFO ncaa_identity: contest_id=629921 teams 2014/2014 matched, players 5235/5671 matched
2026-08-24 00:35:40,138 INFO ncaa_identity: contest_id=629995 teams 2553/2553 matched, players 6839/7189 matched
2026-08-24 00:35:43,347 INFO ncaa_identity: contest_id=630164 teams 2350/2350 matched, players 6446/6644 matched
2026-08-24 00:35:44,830 INFO ncaa_identity: contest_id=630194 teams 2446/2446 matched, players 6605/6912 matched
2026-08-24 00:35:46,607 INFO ncaa_identity: contest_id=630234 teams 22/2802 matched, players 0/7907 matched
2026-08-24 00:35:47,798 INFO ncaa_identity: contest_id=630264 teams 778/1633 matched, players 320/604 matched
2026-08-24 00:35:49,697 INFO ncaa_identity: contest_id=630296 teams 3052/3052 matched, players 8514/8641 matched
2026-08-24 00:35:50,958 INFO ncaa_identity: contest_id=630315 teams 2156/2156 matched, players 5923/6076 matched
2026-08-24 00:35:52,437 INFO ncaa_identity: contest_id=630347 teams 2454/2454 matched, players 5933/6895 matched
2026-08-24 00:35:55,317 INFO ncaa_identity: contest_id=630387 teams 1914/1914 matched, players 4644/5404 matched
2026-08-24 00:36:00,357 INFO ncaa_identity: contest_id=630598 teams 2469/2469 matched, players 6770/6935 matched
2026-08-24 00:36:03,137 INFO ncaa_identity: contest_id=630621 teams 2568/2568 matched, players 7093/7275 matched
2026-08-24 00:36:05,143 INFO ncaa_identity: contest_id=630631 teams 3041/3041 matched, players 8441/8590 matched
2026-08-24 00:36:06,501 INFO ncaa_identity: contest_id=630642 teams 2353/2353 matched, players 6138/6615 matched
2026-08-24 00:36:07,927 INFO ncaa_identity: contest_id=630669 teams 2293/2293 matched, players 5948/6459 matched
2026-08-24 00:36:09,698 INFO ncaa_identity: contest_id=630684 teams 2083/2083 matched, players 5380/5870 matched
2026-08-24 00:36:11,057 INFO ncaa_identity: contest_id=630698 teams 2191/2191 matched, players 5672/6195 matched
2026-08-24 00:36:12,743 INFO ncaa_identity: contest_id=630751 teams 2553/2553 matched, players 6577/7137 matched
2026-08-24 00:36:14,386 INFO ncaa_identity: contest_id=630836 teams 2515/2515 matched, players 6906/7081 matched
2026-08-24 00:36:15,593 INFO ncaa_identity: contest_id=630866 teams 2408/2408 matched, players 6145/6764 matched
2026-08-24 00:36:22,899 INFO ncaa_identity: contest_id=631067 teams 2119/2119 matched, players 5487/5981 matched
2026-08-24 00:36:25,662 INFO ncaa_identity: contest_id=631106 teams 2450/2450 matched, players 6358/6932 matched
2026-08-24 00:36:26,986 INFO ncaa_identity: contest_id=631120 teams 2310/2310 matched, players 5914/6464 matched
2026-08-24 00:36:31,751 INFO ncaa_identity: contest_id=631274 teams 2709/2709 matched, players 7284/7665 matched
2026-08-24 00:36:33,466 INFO ncaa_identity: contest_id=631299 teams 2270/2270 matched, players 5784/6382 matched
2026-08-24 00:36:36,276 INFO ncaa_identity: contest_id=631368 teams 2071/2071 matched, players 4909/5793 matched
2026-08-24 00:36:37,700 INFO ncaa_identity: contest_id=631398 teams 2696/2696 matched, players 7544/7578 matched
2026-08-24 00:36:41,219 INFO ncaa_identity: contest_id=631457 teams 2226/2226 matched, players 5884/6242 matched
2026-08-24 00:36:42,882 INFO ncaa_identity: contest_id=631496 teams 2434/2434 matched, players 6250/6869 matched
2026-08-24 00:36:44,943 INFO ncaa_identity: contest_id=631514 teams 2310/2310 matched, players 5910/6499 matched
2026-08-24 00:36:52,797 INFO ncaa_identity: contest_id=631731 teams 2408/2408 matched, players 6552/6765 matched
2026-08-24 00:36:59,282 INFO ncaa_identity: contest_id=631808 teams 2723/2723 matched, players 7585/7710 matched
2026-08-24 00:37:00,909 INFO ncaa_identity: contest_id=631830 teams 2232/2232 matched, players 5927/6309 matched
2026-08-24 00:37:02,291 INFO ncaa_identity: contest_id=631930 teams 1096/2198 matched, players 3065/6211 matched
2026-08-24 00:37:03,621 INFO ncaa_identity: contest_id=631971 teams 2322/2322 matched, players 6225/6565 matched
2026-08-24 00:37:06,997 INFO ncaa_identity: contest_id=632054 teams 2329/2329 matched, players 5611/6570 matched
2026-08-24 00:37:15,848 INFO ncaa_identity: contest_id=632225 teams 2946/2946 matched, players 7610/8350 matched
2026-08-24 00:37:21,643 INFO ncaa_identity: contest_id=632404 teams 1762/1762 matched, players 4433/4925 matched
2026-08-24 00:37:29,385 INFO ncaa_identity: contest_id=632571 teams 2175/2175 matched, players 5690/6085 matched
2026-08-24 00:37:30,994 INFO ncaa_identity: contest_id=632598 teams 2552/2552 matched, players 6482/7184 matched
2026-08-24 00:37:33,924 INFO ncaa_identity: contest_id=632663 teams 2330/2330 matched, players 5944/6574 matched
2026-08-24 00:37:35,186 INFO ncaa_identity: contest_id=632771 teams 1954/1954 matched, players 5336/5489 matched
2026-08-24 00:37:36,748 INFO ncaa_identity: contest_id=632817 teams 1887/1887 matched, players 4936/5318 matched
2026-08-24 00:37:40,341 INFO ncaa_identity: contest_id=632841 teams 2716/2716 matched, players 6466/7665 matched
2026-08-24 00:37:41,818 INFO ncaa_identity: contest_id=632852 teams 1933/1933 matched, players 5335/5412 matched
2026-08-24 00:37:45,240 INFO ncaa_identity: contest_id=632895 teams 2286/2286 matched, players 5977/6397 matched
2026-08-24 00:37:48,109 INFO ncaa_identity: contest_id=632921 teams 2268/2268 matched, players 5931/6409 matched
2026-08-24 00:37:51,012 INFO ncaa_identity: contest_id=633040 teams 2430/2430 matched, players 6539/6866 matched
2026-08-24 00:37:52,531 INFO ncaa_identity: contest_id=633085 teams 2306/2306 matched, players 5491/6564 matched
2026-08-24 00:37:57,330 INFO ncaa_identity: contest_id=633221 teams 2386/2386 matched, players 6417/6730 matched
2026-08-24 00:37:59,982 INFO ncaa_identity: contest_id=633247 teams 2585/2585 matched, players 7090/7301 matched
2026-08-24 00:38:04,473 INFO ncaa_identity: contest_id=633286 teams 2449/2449 matched, players 6601/6912 matched
2026-08-24 00:38:09,991 INFO ncaa_identity: contest_id=633502 teams 2308/2308 matched, players 5961/6497 matched
2026-08-24 00:38:14,155 INFO ncaa_identity: contest_id=633595 teams 2396/2396 matched, players 6545/6800 matched
2026-08-24 00:38:15,908 INFO ncaa_identity: contest_id=633630 teams 2795/2795 matched, players 7773/7864 matched
2026-08-24 00:38:19,157 INFO ncaa_identity: contest_id=633686 teams 2202/2202 matched, players 6095/6176 matched
2026-08-24 00:38:33,462 INFO ncaa_identity: contest_id=633928 teams 1879/1879 matched, players 5098/5291 matched
2026-08-24 00:38:39,124 INFO ncaa_identity: contest_id=633938 teams 2453/2453 matched, players 6682/6894 matched
2026-08-24 00:38:43,907 INFO ncaa_identity: contest_id=633951 teams 2487/2487 matched, players 6102/7024 matched
2026-08-24 00:38:53,363 INFO ncaa_identity: contest_id=633986 teams 2166/2166 matched, players 5540/6071 matched
2026-08-24 00:39:10,363 INFO ncaa_identity: contest_id=634132 teams 2170/2170 matched, players 5681/6095 matched
2026-08-24 00:39:29,097 INFO ncaa_identity: contest_id=634341 teams 1872/1872 matched, players 4969/5258 matched
2026-08-24 00:39:33,597 INFO ncaa_identity: contest_id=634360 teams 2036/2036 matched, players 4652/5683 matched
2026-08-24 00:39:41,124 INFO ncaa_identity: contest_id=634393 teams 2051/2051 matched, players 5483/5769 matched
2026-08-24 00:39:59,857 INFO ncaa_identity: contest_id=634550 teams 2340/2340 matched, players 5939/6558 matched
2026-08-24 00:40:18,263 INFO ncaa_identity: contest_id=634662 teams 2718/2718 matched, players 7541/7663 matched
2026-08-24 00:40:21,524 INFO ncaa_identity: contest_id=634679 teams 25/2417 matched, players 0/6831 matched
2026-08-24 00:40:25,144 INFO ncaa_identity: contest_id=634702 teams 2523/2523 matched, players 6225/7076 matched
2026-08-24 00:40:29,600 INFO ncaa_identity: contest_id=634733 teams 2119/2119 matched, players 5690/5955 matched
2026-08-24 00:40:34,158 INFO ncaa_identity: contest_id=634752 teams 2043/2043 matched, players 5293/5770 matched
2026-08-24 00:40:37,167 INFO ncaa_identity: contest_id=634853 teams 2642/2642 matched, players 6988/7484 matched
2026-08-24 00:40:39,013 INFO ncaa_identity: contest_id=634920 teams 2333/2333 matched, players 5838/6573 matched
2026-08-24 00:40:42,195 INFO ncaa_identity: contest_id=634945 teams 2258/2258 matched, players 6126/6321 matched
2026-08-24 00:40:45,142 INFO ncaa_identity: contest_id=634973 teams 2140/2140 matched, players 5529/6031 matched
2026-08-24 00:40:49,383 INFO ncaa_identity: contest_id=635054 teams 1218/2578 matched, players 3505/7259 matched
2026-08-24 00:40:51,164 INFO ncaa_identity: contest_id=635080 teams 2183/2183 matched, players 5680/6144 matched
2026-08-24 00:40:52,756 INFO ncaa_identity: contest_id=635189 teams 2103/2103 matched, players 5542/5913 matched
2026-08-24 00:40:57,474 INFO ncaa_identity: contest_id=635311 teams 2089/2089 matched, players 5742/5922 matched
2026-08-24 00:40:58,999 INFO ncaa_identity: contest_id=635393 teams 2223/2223 matched, players 6197/6255 matched
2026-08-24 00:41:00,363 INFO ncaa_identity: contest_id=635405 teams 2262/2262 matched, players 5372/6393 matched
2026-08-24 00:41:08,321 INFO ncaa_identity: contest_id=635541 teams 2320/2320 matched, players 6493/6555 matched
2026-08-24 00:41:10,281 INFO ncaa_identity: contest_id=635595 teams 2578/2578 matched, players 5864/7220 matched
2026-08-24 00:41:13,439 INFO ncaa_identity: contest_id=635650 teams 2534/2534 matched, players 7083/7107 matched
2026-08-24 00:41:15,393 INFO ncaa_identity: contest_id=635689 teams 1361/2593 matched, players 3698/7296 matched
2026-08-24 00:41:16,976 INFO ncaa_identity: contest_id=635704 teams 2520/2520 matched, players 6852/7145 matched
2026-08-24 00:41:18,676 INFO ncaa_identity: contest_id=635751 teams 2066/2066 matched, players 5765/5805 matched
2026-08-24 00:41:20,777 INFO ncaa_identity: contest_id=635774 teams 2535/2535 matched, players 6532/7138 matched
2026-08-24 00:41:25,769 INFO ncaa_identity: contest_id=635850 teams 2484/2484 matched, players 6637/6975 matched
2026-08-24 00:41:27,157 INFO ncaa_identity: contest_id=635908 teams 2554/2554 matched, players 6698/7174 matched
2026-08-24 00:41:31,909 INFO ncaa_identity: contest_id=636059 teams 1997/1997 matched, players 5439/5598 matched
2026-08-24 00:41:33,169 INFO ncaa_identity: contest_id=636072 teams 2363/2363 matched, players 5417/6691 matched
2026-08-24 00:41:38,992 INFO ncaa_identity: contest_id=636124 teams 1113/2233 matched, players 3118/6260 matched
2026-08-24 00:41:40,442 INFO ncaa_identity: contest_id=636139 teams 2404/2404 matched, players 6110/6719 matched
2026-08-24 00:41:53,991 INFO ncaa_identity: contest_id=636396 teams 2524/2524 matched, players 6371/7141 matched
2026-08-24 00:41:55,570 INFO ncaa_identity: contest_id=636413 teams 2089/2089 matched, players 5787/5883 matched
2026-08-24 00:41:58,550 INFO ncaa_identity: contest_id=636500 teams 2162/2162 matched, players 5946/6071 matched
2026-08-24 00:42:05,770 INFO ncaa_identity: contest_id=636633 teams 2212/2212 matched, players 5742/6221 matched
2026-08-24 00:42:10,525 INFO ncaa_identity: contest_id=636686 teams 2313/2313 matched, players 6034/6512 matched
2026-08-24 00:42:13,712 INFO ncaa_identity: contest_id=636720 teams 2298/2298 matched, players 6202/6511 matched
2026-08-24 00:42:15,188 INFO ncaa_identity: contest_id=636768 teams 1057/2149 matched, players 3007/6053 matched
2026-08-24 00:42:23,709 INFO ncaa_identity: contest_id=636936 teams 2064/2064 matched, players 5235/5816 matched
2026-08-24 00:42:25,208 INFO ncaa_identity: contest_id=636946 teams 2219/2219 matched, players 5927/6236 matched
2026-08-24 00:42:27,479 INFO ncaa_identity: contest_id=636987 teams 2002/2002 matched, players 5087/5629 matched
2026-08-24 00:42:29,062 INFO ncaa_identity: contest_id=637021 teams 2689/2689 matched, players 6790/7610 matched
2026-08-24 00:42:30,305 INFO ncaa_identity: contest_id=637040 teams 1208/2334 matched, players 3217/6581 matched
2026-08-24 00:42:32,157 INFO ncaa_identity: contest_id=637067 teams 2570/2570 matched, players 6796/7255 matched
2026-08-24 00:42:35,522 INFO ncaa_identity: contest_id=637125 teams 2530/2530 matched, players 6741/7116 matched
2026-08-24 00:42:39,080 INFO ncaa_identity: contest_id=637148 teams 2616/2616 matched, players 7175/7404 matched
2026-08-24 00:42:40,877 INFO ncaa_identity: contest_id=637160 teams 2378/2378 matched, players 6053/6664 matched
2026-08-24 00:42:42,539 INFO ncaa_identity: contest_id=637170 teams 2497/2497 matched, players 6559/7033 matched
2026-08-24 00:42:46,954 INFO ncaa_identity: contest_id=637227 teams 2464/2464 matched, players 6838/7013 matched
2026-08-24 00:42:48,427 INFO ncaa_identity: contest_id=637242 teams 2253/2253 matched, players 6104/6335 matched
2026-08-24 00:42:49,997 INFO ncaa_identity: contest_id=637309 teams 2487/2487 matched, players 6654/6977 matched
2026-08-24 00:42:57,738 INFO ncaa_identity: contest_id=637367 teams 2295/2295 matched, players 6405/6467 matched
2026-08-24 00:42:59,618 INFO ncaa_identity: contest_id=637380 teams 2576/2576 matched, players 6942/7280 matched
2026-08-24 00:43:01,134 INFO ncaa_identity: contest_id=637393 teams 2192/2192 matched, players 5704/6181 matched
2026-08-24 00:43:04,144 INFO ncaa_identity: contest_id=637416 teams 2061/2061 matched, players 5009/5801 matched
2026-08-24 00:43:08,500 INFO ncaa_identity: contest_id=637538 teams 1862/1862 matched, players 699/730 matched
2026-08-24 00:43:11,460 INFO ncaa_identity: contest_id=637558 teams 2415/2415 matched, players 6436/6809 matched
2026-08-24 00:43:15,320 INFO ncaa_identity: contest_id=637599 teams 1956/1956 matched, players 5321/5533 matched
2026-08-24 00:43:19,716 INFO ncaa_identity: contest_id=637651 teams 2500/2500 matched, players 6881/7062 matched
2026-08-24 00:43:21,229 INFO ncaa_identity: contest_id=637679 teams 2627/2627 matched, players 4940/7426 matched
2026-08-24 00:43:22,600 INFO ncaa_identity: contest_id=637690 teams 1286/2613 matched, players 3233/7411 matched
2026-08-24 00:43:26,955 INFO ncaa_identity: contest_id=637720 teams 2111/2111 matched, players 5644/5917 matched
2026-08-24 00:43:29,370 INFO ncaa_identity: contest_id=637764 teams 1727/1727 matched, players 664/670 matched
2026-08-24 00:43:35,164 INFO ncaa_identity: contest_id=637834 teams 2351/2351 matched, players 6321/6650 matched
2026-08-24 00:43:36,562 INFO ncaa_identity: contest_id=637857 teams 2248/2248 matched, players 5900/6342 matched
2026-08-24 00:43:37,992 INFO ncaa_identity: contest_id=637869 teams 2348/2348 matched, players 5660/6603 matched
2026-08-24 00:43:39,538 INFO ncaa_identity: contest_id=637880 teams 2186/2186 matched, players 5996/6101 matched
2026-08-24 00:43:43,680 INFO ncaa_identity: contest_id=637910 teams 1964/1964 matched, players 5482/5552 matched
2026-08-24 00:43:46,662 INFO ncaa_identity: contest_id=637954 teams 2235/2235 matched, players 6215/6282 matched
2026-08-24 00:43:49,751 INFO ncaa_identity: contest_id=637982 teams 1144/2339 matched, players 3302/6579 matched
2026-08-24 00:43:53,561 INFO ncaa_identity: contest_id=638023 teams 1964/1964 matched, players 5064/5552 matched
2026-08-24 00:44:12,039 INFO ncaa_identity: contest_id=638225 teams 2713/2713 matched, players 7029/7632 matched
2026-08-24 00:44:14,955 INFO ncaa_identity: contest_id=638245 teams 2570/2570 matched, players 7218/7280 matched
2026-08-24 00:44:17,601 INFO ncaa_identity: contest_id=638265 teams 2067/2067 matched, players 5453/5828 matched
2026-08-24 00:44:18,734 INFO ncaa_identity: contest_id=638275 teams 1579/1579 matched, players 4338/4449 matched
2026-08-24 00:44:21,124 INFO ncaa_identity: contest_id=638295 teams 2252/2252 matched, players 6095/6392 matched
2026-08-24 00:44:24,300 WARNING ncaa_parse: family=lineups contest_id=638325 team=North Carolina produced NO good stints (19 bad, roster=9) -- parsed successfully but contributed nothing
2026-08-24 00:44:25,046 WARNING ncaa_parse: family=lineups contest_id=638325 team=Delaware produced NO good stints (28 bad, roster=9) -- parsed successfully but contributed nothing
2026-08-24 00:44:29,123 INFO ncaa_identity: contest_id=638362 teams 1989/1989 matched, players 5114/5618 matched
2026-08-24 00:44:32,518 INFO ncaa_identity: contest_id=541415 teams 2649/2649 matched, players 7127/7482 matched
2026-08-24 00:44:37,525 INFO ncaa_identity: contest_id=541448 teams 2664/2664 matched, players 6999/7526 matched
2026-08-24 00:44:39,281 INFO ncaa_identity: contest_id=541458 teams 1251/2450 matched, players 3468/6905 matched
2026-08-24 00:44:42,498 INFO ncaa_identity: contest_id=541479 teams 3075/3075 matched, players 8476/8683 matched
2026-08-24 00:44:47,057 INFO ncaa_identity: contest_id=541529 teams 1101/2184 matched, players 431/754 matched
2026-08-24 00:44:48,768 INFO ncaa_identity: contest_id=541541 teams 1519/3058 matched, players 4312/8631 matched
2026-08-24 00:44:52,171 INFO ncaa_identity: contest_id=541595 teams 3263/3263 matched, players 9001/9230 matched
2026-08-24 00:44:55,505 INFO ncaa_identity: contest_id=541642 teams 1425/2830 matched, players 3977/7980 matched
2026-08-24 00:45:01,455 INFO ncaa_identity: contest_id=541742 teams 2598/2598 matched, players 6778/7301 matched
2026-08-24 00:45:05,711 INFO ncaa_identity: contest_id=541781 teams 1208/2318 matched, players 2715/6505 matched
2026-08-24 00:45:07,626 INFO ncaa_identity: contest_id=541805 teams 2907/2907 matched, players 7681/8268 matched
2026-08-24 00:45:09,149 INFO ncaa_identity: contest_id=541816 teams 2698/2698 matched, players 6846/7549 matched
2026-08-24 00:45:11,975 INFO ncaa_identity: contest_id=541842 teams 1250/2559 matched, players 2675/7161 matched
2026-08-24 00:45:14,757 INFO ncaa_identity: contest_id=541871 teams 1253/2462 matched, players 3518/6942 matched
2026-08-24 00:45:15,963 INFO ncaa_identity: contest_id=541882 teams 2413/2413 matched, players 6604/6850 matched
2026-08-24 00:45:17,330 INFO ncaa_identity: contest_id=541924 teams 1538/2925 matched, players 4091/8272 matched
2026-08-24 00:45:20,148 INFO ncaa_identity: contest_id=541946 teams 2531/2531 matched, players 6986/7130 matched
2026-08-24 00:45:21,794 INFO ncaa_identity: contest_id=541958 teams 2610/2610 matched, players 7392/7433 matched
2026-08-24 00:45:23,156 INFO ncaa_identity: contest_id=541992 teams 2266/2266 matched, players 6186/6371 matched
2026-08-24 00:45:24,700 INFO ncaa_identity: contest_id=542002 teams 1336/2578 matched, players 3649/7287 matched
2026-08-24 00:45:27,719 INFO ncaa_identity: contest_id=542026 teams 2644/2644 matched, players 7279/7439 matched
2026-08-24 00:45:29,141 INFO ncaa_identity: contest_id=542039 teams 1262/2491 matched, players 3625/7044 matched
2026-08-24 00:45:32,160 INFO ncaa_identity: contest_id=542095 teams 2872/2872 matched, players 7683/8125 matched
2026-08-24 00:45:33,503 INFO ncaa_identity: contest_id=542118 teams 2788/2788 matched, players 7284/7880 matched
2026-08-24 00:45:35,002 INFO ncaa_identity: contest_id=542134 teams 2323/2323 matched, players 6027/6538 matched
2026-08-24 00:45:36,160 INFO ncaa_identity: contest_id=542290 teams 2139/2139 matched, players 5495/6028 matched
2026-08-24 00:45:37,534 INFO ncaa_identity: contest_id=542316 teams 2346/2346 matched, players 6190/6612 matched
2026-08-24 00:45:38,968 INFO ncaa_identity: contest_id=542344 teams 2392/2392 matched, players 6569/6760 matched
2026-08-24 00:45:45,199 INFO ncaa_identity: contest_id=542652 teams 2468/2468 matched, players 6720/6979 matched
2026-08-24 00:45:46,592 INFO ncaa_identity: contest_id=542666 teams 2054/2054 matched, players 5367/5810 matched
2026-08-24 00:45:48,073 INFO ncaa_identity: contest_id=542678 teams 2574/2574 matched, players 7217/7258 matched
2026-08-24 00:45:54,311 INFO ncaa_identity: contest_id=542774 teams 2573/2573 matched, players 7072/7248 matched
2026-08-24 00:45:57,310 INFO ncaa_identity: contest_id=542815 teams 2359/2359 matched, players 6354/6647 matched
2026-08-24 00:45:58,666 INFO ncaa_identity: contest_id=542850 teams 2467/2467 matched, players 6484/6997 matched
2026-08-24 00:45:59,867 INFO ncaa_identity: contest_id=542873 teams 2368/2368 matched, players 6158/6691 matched
2026-08-24 00:46:04,607 INFO ncaa_identity: contest_id=542999 teams 2741/2741 matched, players 7689/7745 matched
2026-08-24 00:46:05,945 INFO ncaa_identity: contest_id=543021 teams 2236/2236 matched, players 6059/6281 matched
2026-08-24 00:46:09,081 INFO ncaa_identity: contest_id=543057 teams 2193/2193 matched, players 5653/6145 matched
2026-08-24 00:46:13,902 INFO ncaa_identity: contest_id=543160 teams 1599/3271 matched, players 4596/9257 matched
2026-08-24 00:46:17,894 INFO ncaa_identity: contest_id=543237 teams 2539/2539 matched, players 6280/7176 matched
2026-08-24 00:46:19,864 INFO ncaa_identity: contest_id=543260 teams 2750/2750 matched, players 7221/7758 matched
2026-08-24 00:46:22,544 INFO ncaa_identity: contest_id=543339 teams 2477/2477 matched, players 6469/6964 matched
2026-08-24 00:46:27,273 INFO ncaa_identity: contest_id=543426 teams 2459/2459 matched, players 6624/6924 matched
2026-08-24 00:46:28,464 INFO ncaa_identity: contest_id=543445 teams 2261/2261 matched, players 6258/6385 matched
2026-08-24 00:46:33,594 INFO ncaa_identity: contest_id=543626 teams 1181/2359 matched, players 3358/6618 matched
2026-08-24 00:46:36,804 INFO ncaa_identity: contest_id=543715 teams 2659/2659 matched, players 7040/7503 matched
2026-08-24 00:46:38,810 INFO ncaa_identity: contest_id=543726 teams 2991/2991 matched, players 7798/8486 matched
2026-08-24 00:46:40,219 INFO ncaa_identity: contest_id=543739 teams 1937/1937 matched, players 5014/5455 matched
2026-08-24 00:46:43,254 INFO ncaa_identity: contest_id=543784 teams 1409/2810 matched, players 3452/7947 matched
2026-08-24 00:46:50,074 INFO ncaa_identity: contest_id=543944 teams 2465/2465 matched, players 5753/6977 matched
2026-08-24 00:46:56,045 INFO ncaa_identity: contest_id=544105 teams 2519/2519 matched, players 6883/7097 matched
2026-08-24 00:46:57,451 INFO ncaa_identity: contest_id=544128 teams 2407/2407 matched, players 6680/6773 matched
2026-08-24 00:46:58,898 INFO ncaa_identity: contest_id=544141 teams 2545/2545 matched, players 6888/7197 matched
2026-08-24 00:47:00,476 INFO ncaa_identity: contest_id=544153 teams 2800/2800 matched, players 6748/7909 matched
2026-08-24 00:47:01,631 INFO ncaa_identity: contest_id=544164 teams 2018/2018 matched, players 5288/5688 matched
2026-08-24 00:47:03,215 INFO ncaa_identity: contest_id=544181 teams 1223/2474 matched, players 3474/6973 matched
2026-08-24 00:47:06,095 INFO ncaa_identity: contest_id=544219 teams 2597/2597 matched, players 6954/7340 matched
2026-08-24 00:47:11,170 INFO ncaa_identity: contest_id=544264 teams 2380/2380 matched, players 6407/6726 matched
2026-08-24 00:47:12,750 INFO ncaa_identity: contest_id=544293 teams 3093/3093 matched, players 7954/8775 matched
2026-08-24 00:47:15,346 INFO ncaa_identity: contest_id=544333 teams 1310/2593 matched, players 3594/7295 matched
2026-08-24 00:47:17,164 INFO ncaa_identity: contest_id=544389 teams 1515/2874 matched, players 4135/8122 matched
2026-08-24 00:47:18,477 INFO ncaa_identity: contest_id=544425 teams 2440/2440 matched, players 6752/6885 matched
2026-08-24 00:47:21,362 INFO ncaa_identity: contest_id=544457 teams 1231/2553 matched, players 3480/7236 matched
2026-08-24 00:47:24,192 INFO ncaa_identity: contest_id=544487 teams 2298/2298 matched, players 6196/6541 matched
2026-08-24 00:47:25,604 INFO ncaa_identity: contest_id=544502 teams 2182/2182 matched, players 5528/6149 matched
2026-08-24 00:47:28,353 INFO ncaa_identity: contest_id=544549 teams 2202/2202 matched, players 5884/6223 matched
2026-08-24 00:47:32,415 INFO ncaa_identity: contest_id=544621 teams 1957/1957 matched, players 4904/5518 matched
2026-08-24 00:47:35,448 INFO ncaa_identity: contest_id=544693 teams 1271/2517 matched, players 3568/7095 matched
2026-08-24 00:47:36,553 INFO ncaa_identity: contest_id=544722 teams 2145/2145 matched, players 5765/6053 matched
2026-08-24 00:47:38,182 INFO ncaa_identity: contest_id=544778 teams 1007/2072 matched, players 2800/5786 matched
2026-08-24 00:47:40,447 INFO ncaa_identity: contest_id=544843 teams 2102/2102 matched, players 5199/5949 matched
2026-08-24 00:47:41,852 INFO ncaa_identity: contest_id=544868 teams 2131/2131 matched, players 5886/5997 matched
2026-08-24 00:47:43,016 INFO ncaa_identity: contest_id=544882 teams 2425/2425 matched, players 6555/6847 matched
2026-08-24 00:47:44,435 INFO ncaa_identity: contest_id=544905 teams 2471/2471 matched, players 6746/6942 matched
2026-08-24 00:47:45,977 INFO ncaa_identity: contest_id=544923 teams 2348/2348 matched, players 6323/6679 matched
2026-08-24 00:47:47,481 INFO ncaa_identity: contest_id=545016 teams 2774/2774 matched, players 7717/7888 matched
2026-08-24 00:47:49,062 INFO ncaa_identity: contest_id=545037 teams 2206/2206 matched, players 5355/6192 matched
2026-08-24 00:47:52,152 INFO ncaa_identity: contest_id=545140 teams 2029/2029 matched, players 4974/5731 matched
2026-08-24 00:47:56,598 INFO ncaa_identity: contest_id=545252 teams 1332/2705 matched, players 3477/7654 matched
2026-08-24 00:47:58,345 INFO ncaa_identity: contest_id=545285 teams 2120/2120 matched, players 5917/5972 matched
2026-08-24 00:47:59,653 INFO ncaa_identity: contest_id=545315 teams 2255/2255 matched, players 5759/6313 matched
2026-08-24 00:48:02,670 INFO ncaa_identity: contest_id=545366 teams 2734/2734 matched, players 7276/7730 matched
2026-08-24 00:48:05,553 INFO ncaa_identity: contest_id=545530 teams 2122/2122 matched, players 5944/5972 matched
2026-08-24 00:48:11,471 INFO ncaa_identity: contest_id=545620 teams 2277/2277 matched, players 5346/6414 matched
2026-08-24 00:48:13,032 INFO ncaa_identity: contest_id=545642 teams 1377/2724 matched, players 3776/7651 matched
2026-08-24 00:48:17,215 INFO ncaa_identity: contest_id=545757 teams 1297/2597 matched, players 3568/7356 matched
2026-08-24 00:48:20,330 INFO ncaa_identity: contest_id=545856 teams 2868/2868 matched, players 7270/8079 matched
2026-08-24 00:48:24,660 INFO ncaa_identity: contest_id=545942 teams 2712/2712 matched, players 7372/7666 matched
2026-08-24 00:48:27,601 INFO ncaa_identity: contest_id=546081 teams 2415/2415 matched, players 6334/6822 matched
2026-08-24 00:48:33,310 INFO ncaa_identity: contest_id=546131 teams 2001/2001 matched, players 5230/5675 matched
2026-08-24 00:48:34,452 INFO ncaa_identity: contest_id=546154 teams 2004/2004 matched, players 5267/5634 matched
2026-08-24 00:48:38,709 INFO ncaa_identity: contest_id=546239 teams 2787/2787 matched, players 7551/7854 matched
2026-08-24 00:48:42,761 INFO ncaa_identity: contest_id=546329 teams 1264/2506 matched, players 3239/7059 matched
2026-08-24 00:48:45,065 INFO ncaa_identity: contest_id=546372 teams 2204/2204 matched, players 5627/6179 matched
2026-08-24 00:48:48,974 INFO ncaa_identity: contest_id=546449 teams 2436/2436 matched, players 6446/6913 matched
2026-08-24 00:48:54,608 INFO ncaa_identity: contest_id=546547 teams 2332/2332 matched, players 6271/6561 matched
2026-08-24 00:48:57,750 INFO ncaa_identity: contest_id=546581 teams 2500/2500 matched, players 6595/7066 matched
2026-08-24 00:49:05,266 INFO ncaa_identity: contest_id=546713 teams 2655/2655 matched, players 7042/7483 matched
2026-08-24 00:49:09,801 INFO ncaa_identity: contest_id=546768 teams 1201/2507 matched, players 3439/7071 matched
2026-08-24 00:49:13,723 INFO ncaa_identity: contest_id=546855 teams 2404/2404 matched, players 6390/6807 matched
2026-08-24 00:49:15,098 INFO ncaa_identity: contest_id=546872 teams 2645/2645 matched, players 7313/7463 matched
2026-08-24 00:49:20,982 INFO ncaa_identity: contest_id=546940 teams 2608/2608 matched, players 6860/7356 matched
2026-08-24 00:49:24,391 INFO ncaa_identity: contest_id=546964 teams 2566/2566 matched, players 6906/7252 matched
2026-08-24 00:49:25,843 INFO ncaa_identity: contest_id=546979 teams 1387/2638 matched, players 3791/7495 matched
2026-08-24 00:49:27,504 INFO ncaa_identity: contest_id=547009 teams 2420/2420 matched, players 5296/6809 matched
2026-08-24 00:49:32,092 INFO ncaa_identity: contest_id=547052 teams 2489/2489 matched, players 6947/7031 matched
2026-08-24 00:49:36,431 INFO ncaa_identity: contest_id=547086 teams 2405/2405 matched, players 5763/6790 matched
2026-08-24 00:49:39,319 INFO ncaa_identity: contest_id=547134 teams 1072/2159 matched, players 2985/6067 matched
2026-08-24 00:49:42,170 INFO ncaa_identity: contest_id=547176 teams 2442/2442 matched, players 6458/6911 matched
2026-08-24 00:49:43,732 INFO ncaa_identity: contest_id=547192 teams 2281/2281 matched, players 6405/6444 matched
2026-08-24 00:49:46,194 INFO ncaa_identity: contest_id=547236 teams 2447/2447 matched, players 6398/6894 matched
2026-08-24 00:49:47,862 INFO ncaa_identity: contest_id=547271 teams 2241/2241 matched, players 5996/6351 matched
2026-08-24 00:49:48,871 INFO ncaa_identity: contest_id=547292 teams 2481/2481 matched, players 6190/7009 matched
2026-08-24 00:49:51,697 INFO 5 starters not found for period 3; using estimate
2026-08-24 00:49:52,876 INFO ncaa_identity: contest_id=547348 teams 2614/2614 matched, players 7083/7398 matched
2026-08-24 00:49:54,215 INFO ncaa_identity: contest_id=547360 teams 1895/1895 matched, players 640/695 matched
2026-08-24 00:50:02,009 INFO ncaa_identity: contest_id=547495 teams 2155/2155 matched, players 5567/6064 matched
2026-08-24 00:50:04,728 INFO ncaa_identity: contest_id=547574 teams 2991/2991 matched, players 7792/8418 matched
2026-08-24 00:50:13,869 INFO ncaa_identity: contest_id=547736 teams 3287/3287 matched, players 8334/9225 matched
2026-08-24 00:50:15,561 INFO ncaa_identity: contest_id=547754 teams 2809/2809 matched, players 6877/7916 matched
2026-08-24 00:50:16,713 INFO ncaa_identity: contest_id=547819 teams 2197/2197 matched, players 5947/6152 matched
2026-08-24 00:50:18,629 INFO ncaa_identity: contest_id=547925 teams 3141/3141 matched, players 7950/8979 matched
2026-08-24 00:50:20,086 INFO ncaa_identity: contest_id=547959 teams 2489/2489 matched, players 6836/7039 matched
2026-08-24 00:50:29,414 INFO ncaa_identity: contest_id=548128 teams 2888/2888 matched, players 7607/8180 matched
2026-08-24 00:50:30,786 INFO ncaa_identity: contest_id=548198 teams 2288/2288 matched, players 6126/6452 matched
2026-08-24 00:50:33,615 INFO ncaa_identity: contest_id=548250 teams 2461/2461 matched, players 6353/6923 matched
2026-08-24 00:50:34,652 INFO ncaa_identity: contest_id=548267 teams 2037/2037 matched, players 5271/5717 matched
2026-08-24 00:50:37,158 INFO ncaa_identity: contest_id=548383 teams 2242/2242 matched, players 6326/6341 matched
2026-08-24 00:50:40,937 INFO ncaa_identity: contest_id=548442 teams 2088/2088 matched, players 5391/5875 matched
2026-08-24 00:50:42,203 INFO ncaa_identity: contest_id=548461 teams 1946/1946 matched, players 5155/5451 matched
2026-08-24 00:50:49,993 INFO ncaa_identity: contest_id=548722 teams 2071/2071 matched, players 5600/5836 matched
2026-08-24 00:50:53,850 INFO ncaa_identity: contest_id=548802 teams 2299/2299 matched, players 5937/6508 matched
2026-08-24 00:50:55,120 INFO ncaa_identity: contest_id=548829 teams 2318/2318 matched, players 5854/6555 matched
2026-08-24 00:50:57,576 INFO ncaa_identity: contest_id=548872 teams 2334/2334 matched, players 5480/6543 matched
2026-08-24 00:51:03,947 INFO ncaa_identity: contest_id=549108 teams 2798/2798 matched, players 7453/7922 matched
2026-08-24 00:51:05,505 INFO ncaa_identity: contest_id=549119 teams 2781/2781 matched, players 7659/7878 matched
2026-08-24 00:51:06,793 INFO ncaa_identity: contest_id=549131 teams 2645/2645 matched, players 7070/7467 matched
2026-08-24 00:51:08,320 INFO ncaa_identity: contest_id=549162 teams 2591/2591 matched, players 6606/7307 matched
2026-08-24 00:51:13,595 INFO ncaa_identity: contest_id=549344 teams 2282/2282 matched, players 6304/6465 matched
2026-08-24 00:51:20,150 INFO ncaa_identity: contest_id=549520 teams 2172/2172 matched, players 5198/6144 matched
2026-08-24 00:51:21,567 INFO ncaa_identity: contest_id=549537 teams 2472/2472 matched, players 6466/6979 matched
2026-08-24 00:51:23,929 INFO ncaa_identity: contest_id=549572 teams 1231/2482 matched, players 3504/7005 matched
2026-08-24 00:51:26,905 INFO ncaa_identity: contest_id=549646 teams 1467/2898 matched, players 3925/8137 matched
2026-08-24 00:51:28,014 INFO ncaa_identity: contest_id=549684 teams 2222/2222 matched, players 5103/5763 matched
2026-08-24 00:51:29,493 INFO ncaa_identity: contest_id=549740 teams 2409/2409 matched, players 6678/6757 matched
2026-08-24 00:51:37,036 INFO ncaa_identity: contest_id=549888 teams 2560/2560 matched, players 7227/7263 matched
2026-08-24 00:51:39,723 INFO ncaa_identity: contest_id=549946 teams 2571/2571 matched, players 6803/7283 matched
2026-08-24 00:51:43,524 INFO ncaa_identity: contest_id=550131 teams 2571/2571 matched, players 6394/7191 matched
2026-08-24 00:51:44,859 INFO ncaa_identity: contest_id=550185 teams 2197/2197 matched, players 5926/6220 matched
2026-08-24 00:51:53,946 INFO ncaa_identity: contest_id=550337 teams 2068/2068 matched, players 5516/5801 matched
2026-08-24 00:51:56,423 INFO ncaa_identity: contest_id=550420 teams 2206/2206 matched, players 5696/6199 matched
2026-08-24 00:51:57,978 INFO ncaa_identity: contest_id=550454 teams 2639/2639 matched, players 6884/7372 matched
2026-08-24 00:52:01,881 INFO ncaa_identity: contest_id=550592 teams 2399/2399 matched, players 6422/6790 matched
2026-08-24 00:52:06,936 INFO ncaa_identity: contest_id=550656 teams 2622/2622 matched, players 7347/7385 matched
2026-08-24 00:52:08,438 INFO ncaa_identity: contest_id=550730 teams 2392/2392 matched, players 6258/6752 matched
2026-08-24 00:52:09,355 INFO ncaa_identity: contest_id=550755 teams 1749/1749 matched, players 4535/4887 matched
2026-08-24 00:52:13,905 INFO ncaa_identity: contest_id=550892 teams 3160/3160 matched, players 8656/8921 matched
2026-08-24 00:52:19,428 INFO ncaa_identity: contest_id=550992 teams 2256/2256 matched, players 6097/6345 matched
2026-08-24 00:52:21,249 INFO ncaa_identity: contest_id=551021 teams 0/3551 matched, players 0/10133 matched
2026-08-24 00:52:26,552 INFO ncaa_identity: contest_id=551235 teams 2805/2805 matched, players 7371/7938 matched
2026-08-24 00:52:27,941 INFO ncaa_identity: contest_id=551267 teams 2018/2018 matched, players 5459/5702 matched
2026-08-24 00:52:32,822 INFO ncaa_identity: contest_id=551333 teams 2415/2415 matched, players 5378/6778 matched
2026-08-24 00:52:35,615 INFO ncaa_identity: contest_id=551358 teams 1358/2669 matched, players 3207/7567 matched
2026-08-24 00:52:36,713 INFO ncaa_identity: contest_id=551388 teams 2285/2285 matched, players 5850/6444 matched
2026-08-24 00:52:42,205 INFO ncaa_identity: contest_id=551556 teams 2790/2790 matched, players 7898/7919 matched
2026-08-24 00:52:44,924 INFO ncaa_identity: contest_id=551647 teams 3273/3273 matched, players 8195/9308 matched
2026-08-24 00:52:54,406 INFO ncaa_identity: contest_id=551847 teams 2804/2804 matched, players 7885/7918 matched
2026-08-24 00:52:56,055 INFO ncaa_identity: contest_id=551907 teams 2577/2577 matched, players 7223/7228 matched
2026-08-24 00:52:57,094 INFO ncaa_identity: contest_id=551938 teams 2019/2019 matched, players 5298/5695 matched
2026-08-24 00:52:58,094 INFO ncaa_identity: contest_id=551962 teams 1914/1914 matched, players 5090/5399 matched
2026-08-24 00:52:59,416 INFO ncaa_identity: contest_id=551980 teams 2543/2543 matched, players 7153/7165 matched
2026-08-24 00:53:03,334 INFO ncaa_identity: contest_id=552042 teams 2627/2627 matched, players 6847/7433 matched
2026-08-24 00:53:04,751 INFO ncaa_identity: contest_id=552069 teams 1443/3022 matched, players 3966/8536 matched
2026-08-24 00:53:06,300 INFO ncaa_identity: contest_id=552092 teams 2452/2452 matched, players 6561/6889 matched
2026-08-24 00:53:09,086 INFO ncaa_identity: contest_id=552145 teams 2218/2218 matched, players 5955/6244 matched
2026-08-24 00:53:13,257 INFO ncaa_identity: contest_id=552351 teams 2302/2302 matched, players 6433/6500 matched
2026-08-24 00:53:14,443 INFO ncaa_identity: contest_id=552366 teams 2491/2491 matched, players 6893/7000 matched
2026-08-24 00:53:17,201 INFO ncaa_identity: contest_id=552396 teams 2450/2450 matched, players 6100/6838 matched
2026-08-24 00:53:18,516 INFO ncaa_identity: contest_id=552415 teams 2324/2324 matched, players 5196/6561 matched
2026-08-24 00:53:20,787 INFO ncaa_identity: contest_id=552478 teams 2048/2048 matched, players 5360/5732 matched
2026-08-24 00:53:22,320 INFO ncaa_identity: contest_id=552547 teams 2488/2488 matched, players 6524/7039 matched
2026-08-24 00:53:23,521 INFO ncaa_identity: contest_id=552572 teams 2403/2403 matched, players 6625/6778 matched
2026-08-24 00:53:27,498 INFO ncaa_identity: contest_id=552681 teams 2280/2280 matched, players 6296/6437 matched
2026-08-24 00:53:28,757 INFO ncaa_identity: contest_id=552702 teams 1088/2189 matched, players 3120/6206 matched
2026-08-24 00:53:32,343 INFO ncaa_identity: contest_id=552757 teams 2442/2442 matched, players 6386/6908 matched
2026-08-24 00:53:35,116 INFO ncaa_identity: contest_id=552883 teams 2353/2353 matched, players 5897/6633 matched
2026-08-24 00:53:39,537 INFO ncaa_identity: contest_id=552992 teams 2341/2341 matched, players 6354/6602 matched
2026-08-24 00:53:43,620 INFO ncaa_identity: contest_id=553069 teams 2605/2605 matched, players 7139/7343 matched
2026-08-24 00:53:46,267 INFO ncaa_identity: contest_id=553124 teams 2279/2279 matched, players 6369/6433 matched
2026-08-24 00:53:48,957 INFO ncaa_identity: contest_id=553179 teams 2519/2519 matched, players 6259/7082 matched
2026-08-24 00:53:53,058 INFO ncaa_identity: contest_id=553382 teams 1181/2321 matched, players 2911/6521 matched
2026-08-24 00:53:54,600 INFO ncaa_identity: contest_id=553414 teams 2320/2320 matched, players 5894/6543 matched
2026-08-24 00:53:55,682 INFO ncaa_identity: contest_id=553427 teams 2048/2048 matched, players 5436/5797 matched
2026-08-24 00:53:58,179 INFO ncaa_identity: contest_id=553453 teams 2406/2406 matched, players 6546/6776 matched
2026-08-24 00:54:02,070 INFO ncaa_identity: contest_id=553530 teams 2549/2549 matched, players 6897/7193 matched
2026-08-24 00:54:04,942 INFO ncaa_identity: contest_id=553655 teams 2304/2304 matched, players 6234/6513 matched
2026-08-24 00:54:10,252 INFO ncaa_identity: contest_id=553812 teams 2228/2228 matched, players 5779/6296 matched
2026-08-24 00:54:12,969 INFO ncaa_identity: contest_id=553837 teams 1898/1898 matched, players 4889/5340 matched
2026-08-24 00:54:18,438 INFO ncaa_identity: contest_id=553993 teams 2764/2764 matched, players 6390/7770 matched
2026-08-24 00:54:21,024 INFO ncaa_identity: contest_id=554051 teams 2527/2527 matched, players 6634/7137 matched
2026-08-24 00:54:22,595 INFO ncaa_identity: contest_id=554076 teams 2786/2786 matched, players 7432/7898 matched
2026-08-24 00:54:23,739 INFO ncaa_identity: contest_id=554100 teams 2066/2066 matched, players 4541/5837 matched
2026-08-24 00:54:26,548 INFO ncaa_identity: contest_id=554148 teams 2609/2609 matched, players 6896/7347 matched
2026-08-24 00:54:28,836 INFO ncaa_identity: contest_id=554195 teams 1948/1948 matched, players 5214/5456 matched
2026-08-24 00:54:40,748 INFO ncaa_identity: contest_id=554532 teams 2656/2656 matched, players 5331/7529 matched
2026-08-24 00:54:43,654 INFO ncaa_identity: contest_id=554580 teams 2304/2304 matched, players 6253/6511 matched
2026-08-24 00:54:45,315 INFO ncaa_identity: contest_id=554656 teams 1214/2358 matched, players 3397/6662 matched
2026-08-24 00:54:46,590 INFO ncaa_identity: contest_id=554707 teams 2430/2430 matched, players 6838/6870 matched
2026-08-24 00:54:48,103 INFO ncaa_identity: contest_id=554733 teams 2454/2454 matched, players 6497/6924 matched
2026-08-24 00:54:49,244 INFO ncaa_identity: contest_id=554753 teams 2443/2443 matched, players 6501/6909 matched
2026-08-24 00:54:51,029 INFO ncaa_identity: contest_id=554777 teams 2476/2476 matched, players 6224/6973 matched
2026-08-24 00:54:52,526 INFO ncaa_identity: contest_id=554882 teams 2315/2315 matched, players 5973/6558 matched
2026-08-24 00:54:53,752 INFO ncaa_identity: contest_id=554898 teams 2310/2310 matched, players 6438/6589 matched
2026-08-24 00:54:56,350 INFO ncaa_identity: contest_id=554932 teams 2250/2250 matched, players 5904/6347 matched
2026-08-24 00:55:00,176 INFO ncaa_identity: contest_id=555034 teams 2149/2149 matched, players 5419/6034 matched
2026-08-24 00:55:01,574 INFO ncaa_identity: contest_id=555092 teams 1912/1912 matched, players 5152/5366 matched
2026-08-24 00:55:04,996 INFO ncaa_identity: contest_id=555138 teams 2308/2308 matched, players 6250/6513 matched
2026-08-24 00:55:06,303 INFO ncaa_identity: contest_id=555173 teams 1854/1854 matched, players 4815/5237 matched
2026-08-24 00:55:07,628 INFO ncaa_identity: contest_id=555201 teams 2470/2470 matched, players 6633/7011 matched
2026-08-24 00:55:11,668 INFO ncaa_identity: contest_id=555265 teams 2373/2373 matched, players 5708/6675 matched
2026-08-24 00:55:13,156 INFO ncaa_identity: contest_id=555296 teams 2314/2314 matched, players 5829/6489 matched
2026-08-24 00:55:14,395 INFO ncaa_identity: contest_id=555312 teams 2270/2270 matched, players 5835/6383 matched
2026-08-24 00:55:15,687 INFO ncaa_identity: contest_id=555338 teams 2431/2431 matched, players 6328/6872 matched
2026-08-24 00:55:17,351 INFO ncaa_identity: contest_id=555473 teams 2511/2511 matched, players 6372/7060 matched
2026-08-24 00:55:20,170 INFO ncaa_identity: contest_id=555535 teams 2901/2901 matched, players 7981/8214 matched
2026-08-24 00:55:22,769 INFO ncaa_identity: contest_id=555560 teams 2209/2209 matched, players 5793/6243 matched
2026-08-24 00:55:24,386 INFO ncaa_identity: contest_id=555588 teams 2719/2719 matched, players 6359/7616 matched
2026-08-24 00:55:25,701 INFO ncaa_identity: contest_id=555600 teams 2737/2737 matched, players 7368/7760 matched
2026-08-24 00:55:27,247 INFO ncaa_identity: contest_id=555610 teams 2940/2940 matched, players 8073/8258 matched
2026-08-24 00:55:28,428 INFO ncaa_identity: contest_id=555726 teams 2239/2239 matched, players 6290/6327 matched
2026-08-24 00:55:34,974 INFO ncaa_identity: contest_id=555842 teams 2112/2112 matched, players 5801/5964 matched
2026-08-24 00:55:36,484 INFO ncaa_identity: contest_id=555852 teams 2557/2557 matched, players 7051/7238 matched
2026-08-24 00:55:38,833 INFO ncaa_identity: contest_id=555878 teams 2037/2037 matched, players 5232/5761 matched
2026-08-24 00:55:40,500 INFO ncaa_identity: contest_id=555891 teams 2515/2515 matched, players 6871/7088 matched
2026-08-24 00:55:41,640 INFO ncaa_identity: contest_id=555901 teams 1179/2288 matched, players 3235/6474 matched
2026-08-24 00:55:44,174 INFO ncaa_identity: contest_id=555995 teams 2540/2540 matched, players 6307/7185 matched
2026-08-24 00:55:47,868 INFO ncaa_identity: contest_id=556091 teams 2191/2191 matched, players 6098/6200 matched
2026-08-24 00:55:50,809 INFO ncaa_identity: contest_id=556118 teams 2627/2627 matched, players 6968/7413 matched
2026-08-24 00:55:54,827 INFO ncaa_identity: contest_id=556154 teams 2624/2624 matched, players 7225/7415 matched
2026-08-24 00:55:56,052 INFO ncaa_identity: contest_id=556165 teams 2309/2309 matched, players 6493/6495 matched
2026-08-24 00:55:57,823 INFO ncaa_identity: contest_id=556175 teams 2031/2031 matched, players 5553/5687 matched
2026-08-24 00:56:01,152 INFO ncaa_identity: contest_id=556331 teams 2127/2127 matched, players 5818/5993 matched
2026-08-24 00:56:02,400 INFO ncaa_identity: contest_id=556344 teams 2460/2460 matched, players 5977/6913 matched
2026-08-24 00:56:05,179 INFO ncaa_identity: contest_id=556365 teams 2130/2130 matched, players 5460/5984 matched
2026-08-24 00:56:08,183 INFO ncaa_identity: contest_id=556405 teams 2458/2458 matched, players 6375/6955 matched
2026-08-24 00:56:09,438 INFO ncaa_identity: contest_id=556415 teams 2548/2548 matched, players 6488/7195 matched
2026-08-24 00:56:10,844 INFO ncaa_identity: contest_id=556425 teams 2241/2241 matched, players 6075/6291 matched
2026-08-24 00:56:11,981 INFO ncaa_identity: contest_id=556444 teams 2364/2364 matched, players 5342/6649 matched
2026-08-24 00:56:15,763 INFO ncaa_identity: contest_id=556491 teams 2477/2477 matched, players 6956/6994 matched
2026-08-24 00:56:20,137 INFO ncaa_identity: contest_id=556552 teams 2805/2805 matched, players 7343/7889 matched
2026-08-24 00:56:25,214 INFO ncaa_identity: contest_id=556616 teams 2627/2627 matched, players 6941/7433 matched
2026-08-24 00:56:26,676 INFO ncaa_identity: contest_id=556637 teams 2557/2557 matched, players 7085/7176 matched
2026-08-24 00:56:29,393 INFO ncaa_identity: contest_id=556681 teams 2568/2568 matched, players 6800/7267 matched
2026-08-24 00:56:30,622 INFO ncaa_identity: contest_id=556707 teams 2519/2519 matched, players 6823/7048 matched
2026-08-24 00:56:37,890 INFO ncaa_identity: contest_id=556777 teams 2556/2556 matched, players 7076/7163 matched
2026-08-24 00:56:39,122 INFO ncaa_identity: contest_id=556787 teams 2076/2076 matched, players 5255/5824 matched
2026-08-24 00:56:42,738 INFO ncaa_identity: contest_id=556832 teams 2937/2937 matched, players 8143/8274 matched
2026-08-24 00:56:44,281 INFO ncaa_identity: contest_id=556854 teams 2156/2156 matched, players 5933/6091 matched
2026-08-24 00:56:46,353 INFO ncaa_identity: contest_id=556876 teams 2582/2582 matched, players 7010/7261 matched
2026-08-24 00:56:55,623 INFO ncaa_identity: contest_id=556907 teams 2231/2231 matched, players 5785/6294 matched
2026-08-24 00:57:05,224 INFO ncaa_identity: contest_id=556933 teams 2735/2735 matched, players 7412/7745 matched
2026-08-24 00:57:13,886 INFO ncaa_identity: contest_id=556953 teams 2190/2190 matched, players 5696/6170 matched
2026-08-24 00:57:17,609 INFO ncaa_identity: contest_id=556963 teams 2360/2360 matched, players 6470/6604 matched
2026-08-24 00:57:21,424 INFO ncaa_identity: contest_id=556973 teams 1981/1981 matched, players 5003/5537 matched
2026-08-24 00:57:24,987 INFO ncaa_identity: contest_id=556985 teams 1009/1956 matched, players 2768/5499 matched
2026-08-24 00:57:38,815 INFO ncaa_identity: contest_id=557043 teams 2415/2415 matched, players 6468/6830 matched
2026-08-24 00:57:52,113 INFO ncaa_identity: contest_id=557116 teams 2472/2472 matched, players 6562/6959 matched
2026-08-24 00:58:16,613 INFO ncaa_identity: contest_id=557208 teams 2032/2032 matched, players 5374/5719 matched
2026-08-24 00:58:29,129 INFO ncaa_identity: contest_id=557245 teams 1213/2503 matched, players 3464/7074 matched
2026-08-24 00:58:34,126 INFO ncaa_identity: contest_id=557255 teams 2588/2588 matched, players 6921/7267 matched
2026-08-24 00:58:57,627 INFO ncaa_identity: contest_id=557322 teams 2516/2516 matched, players 6856/7068 matched
2026-08-24 00:59:08,677 INFO ncaa_identity: contest_id=385652 teams 2462/2462 matched, players 6507/6928 matched
2026-08-24 00:59:12,086 INFO ncaa_identity: contest_id=385665 teams 3036/3036 matched, players 8440/8624 matched
2026-08-24 00:59:29,026 INFO ncaa_identity: contest_id=385711 teams 2452/2452 matched, players 6695/6921 matched
2026-08-24 00:59:34,452 INFO ncaa_identity: contest_id=385721 teams 2998/2998 matched, players 7961/8450 matched
2026-08-24 00:59:42,315 INFO ncaa_identity: contest_id=385744 teams 2358/2358 matched, players 6282/6665 matched
2026-08-24 00:59:46,360 INFO ncaa_identity: contest_id=385755 teams 2646/2646 matched, players 7109/7453 matched
2026-08-24 00:59:50,412 INFO ncaa_identity: contest_id=385781 teams 2357/2357 matched, players 5666/6649 matched
2026-08-24 00:59:54,437 INFO ncaa_identity: contest_id=385818 teams 2365/2365 matched, players 6529/6659 matched
2026-08-24 01:00:11,186 INFO ncaa_identity: contest_id=386061 teams 1423/2868 matched, players 4150/8136 matched
2026-08-24 01:00:14,009 INFO ncaa_identity: contest_id=386230 teams 2275/2275 matched, players 5985/6428 matched
2026-08-24 01:00:32,031 INFO ncaa_identity: contest_id=386283 teams 2558/2558 matched, players 5766/7229 matched
2026-08-24 01:00:35,718 INFO ncaa_identity: contest_id=386313 teams 3159/3159 matched, players 8431/8977 matched
2026-08-24 01:00:36,942 INFO ncaa_identity: contest_id=386446 teams 2460/2460 matched, players 6594/6941 matched
2026-08-24 01:00:39,664 INFO ncaa_identity: contest_id=386473 teams 1030/2072 matched, players 2914/5846 matched
2026-08-24 01:00:42,498 INFO ncaa_identity: contest_id=386512 teams 2678/2678 matched, players 6985/7590 matched
2026-08-24 01:00:44,643 INFO ncaa_identity: contest_id=386533 teams 1667/3322 matched, players 4552/9435 matched
2026-08-24 01:00:49,187 INFO ncaa_identity: contest_id=386585 teams 2484/2484 matched, players 6423/7025 matched
2026-08-24 01:00:50,832 INFO ncaa_identity: contest_id=386616 teams 1239/2451 matched, players 3470/6851 matched
2026-08-24 01:00:53,508 INFO ncaa_identity: contest_id=386699 teams 2629/2629 matched, players 7085/7504 matched
2026-08-24 01:00:54,751 INFO ncaa_identity: contest_id=386720 teams 2262/2262 matched, players 6311/6338 matched
2026-08-24 01:01:00,626 INFO ncaa_identity: contest_id=386873 teams 1480/2855 matched, players 3981/8042 matched
2026-08-24 01:01:01,901 INFO ncaa_identity: contest_id=386890 teams 2771/2771 matched, players 7561/7833 matched
2026-08-24 01:01:03,451 INFO ncaa_identity: contest_id=386911 teams 2669/2669 matched, players 7182/7507 matched
2026-08-24 01:01:04,505 INFO ncaa_identity: contest_id=386942 teams 1104/2235 matched, players 3169/6321 matched
2026-08-24 01:01:06,848 INFO ncaa_identity: contest_id=386983 teams 2146/2146 matched, players 5811/6050 matched
2026-08-24 01:01:08,144 INFO ncaa_identity: contest_id=387001 teams 2417/2417 matched, players 6736/6799 matched
2026-08-24 01:01:12,615 INFO ncaa_identity: contest_id=387136 teams 2269/2269 matched, players 6148/6398 matched
2026-08-24 01:01:15,159 INFO ncaa_identity: contest_id=387208 teams 1317/2594 matched, players 3585/7273 matched
2026-08-24 01:01:17,049 INFO ncaa_identity: contest_id=387229 teams 2783/2783 matched, players 7773/7882 matched
2026-08-24 01:01:19,977 INFO ncaa_identity: contest_id=387347 teams 1336/2681 matched, players 3788/7547 matched
2026-08-24 01:01:21,396 INFO ncaa_identity: contest_id=387434 teams 2384/2384 matched, players 6213/6731 matched
2026-08-24 01:01:22,490 INFO ncaa_identity: contest_id=387487 teams 2479/2479 matched, players 6920/6994 matched
2026-08-24 01:01:24,040 INFO ncaa_identity: contest_id=387498 teams 2626/2626 matched, players 7125/7387 matched
2026-08-24 01:01:30,126 INFO ncaa_identity: contest_id=387568 teams 3034/3034 matched, players 8003/8642 matched
2026-08-24 01:01:32,826 INFO ncaa_identity: contest_id=387606 teams 2385/2385 matched, players 6428/6758 matched
2026-08-24 01:01:33,907 INFO ncaa_identity: contest_id=387632 teams 1119/2251 matched, players 2810/6394 matched
2026-08-24 01:01:36,713 INFO ncaa_identity: contest_id=387706 teams 1392/2740 matched, players 3867/7716 matched
2026-08-24 01:01:38,239 INFO ncaa_identity: contest_id=387726 teams 2732/2732 matched, players 7452/7732 matched
2026-08-24 01:01:40,066 INFO ncaa_identity: contest_id=387746 teams 2907/2907 matched, players 7618/8224 matched
2026-08-24 01:01:44,872 INFO ncaa_identity: contest_id=387916 teams 2760/2760 matched, players 7404/7855 matched
2026-08-24 01:01:46,555 INFO ncaa_identity: contest_id=387954 teams 2304/2304 matched, players 5070/6495 matched
2026-08-24 01:01:47,820 INFO ncaa_identity: contest_id=387964 teams 2227/2227 matched, players 5512/6306 matched
2026-08-24 01:01:50,546 INFO ncaa_identity: contest_id=388004 teams 1108/2196 matched, players 2018/6114 matched
2026-08-24 01:01:55,057 INFO ncaa_identity: contest_id=388040 teams 2534/2534 matched, players 6988/7218 matched
2026-08-24 01:01:56,632 INFO ncaa_identity: contest_id=388051 teams 2750/2750 matched, players 7579/7748 matched
2026-08-24 01:01:57,951 INFO ncaa_identity: contest_id=388068 teams 1065/2090 matched, players 2200/5869 matched
2026-08-24 01:02:00,950 INFO ncaa_identity: contest_id=388114 teams 2384/2384 matched, players 6340/6750 matched
2026-08-24 01:02:02,224 INFO ncaa_identity: contest_id=388127 teams 2242/2242 matched, players 863/904 matched
2026-08-24 01:02:04,221 INFO ncaa_identity: contest_id=388143 teams 3577/3577 matched, players 9225/10094 matched
2026-08-24 01:02:11,339 INFO 5 starters not found for period 4; using estimate
2026-08-24 01:02:16,590 INFO ncaa_identity: contest_id=388366 teams 2354/2354 matched, players 6282/6620 matched
2026-08-24 01:02:18,360 INFO ncaa_identity: contest_id=388384 teams 2908/2908 matched, players 7589/8178 matched
2026-08-24 01:02:20,193 INFO ncaa_identity: contest_id=388398 teams 2813/2813 matched, players 7324/7938 matched
2026-08-24 01:02:24,710 INFO ncaa_identity: contest_id=388463 teams 2817/2817 matched, players 7387/7903 matched
2026-08-24 01:02:27,119 INFO ncaa_identity: contest_id=388508 teams 2416/2416 matched, players 5660/6802 matched
2026-08-24 01:02:28,581 INFO ncaa_identity: contest_id=388532 teams 1982/1982 matched, players 5263/5613 matched
2026-08-24 01:02:29,824 INFO ncaa_identity: contest_id=388547 teams 1998/1998 matched, players 4950/5625 matched
2026-08-24 01:02:31,379 INFO ncaa_identity: contest_id=388602 teams 1223/2397 matched, players 3350/6737 matched
2026-08-24 01:02:32,843 INFO ncaa_identity: contest_id=388634 teams 2602/2602 matched, players 7039/7317 matched
2026-08-24 01:02:34,079 INFO ncaa_identity: contest_id=388652 teams 2173/2173 matched, players 5964/6135 matched
2026-08-24 01:02:35,562 INFO ncaa_identity: contest_id=388666 teams 2098/2098 matched, players 5394/5890 matched
2026-08-24 01:02:36,788 INFO ncaa_identity: contest_id=388697 teams 1359/2627 matched, players 3744/7359 matched
2026-08-24 01:02:42,806 INFO ncaa_identity: contest_id=388806 teams 2259/2259 matched, players 5296/6380 matched
2026-08-24 01:02:45,699 INFO ncaa_identity: contest_id=388847 teams 2225/2225 matched, players 6147/6233 matched
2026-08-24 01:02:48,608 INFO ncaa_identity: contest_id=388968 teams 2565/2565 matched, players 6006/7215 matched
2026-08-24 01:02:53,484 INFO ncaa_identity: contest_id=389023 teams 2099/2099 matched, players 5141/5879 matched
2026-08-24 01:02:54,886 INFO ncaa_identity: contest_id=389106 teams 2337/2337 matched, players 6438/6603 matched
2026-08-24 01:02:58,060 INFO ncaa_identity: contest_id=389170 teams 1145/2306 matched, players 2650/6486 matched
2026-08-24 01:03:01,208 INFO ncaa_identity: contest_id=389228 teams 2341/2341 matched, players 5983/6629 matched
2026-08-24 01:03:06,016 INFO ncaa_identity: contest_id=389317 teams 2528/2528 matched, players 6144/7138 matched
2026-08-24 01:03:07,749 INFO ncaa_identity: contest_id=389342 teams 2594/2594 matched, players 7103/7308 matched
2026-08-24 01:03:10,427 INFO ncaa_identity: contest_id=389494 teams 1139/2195 matched, players 3148/6185 matched
2026-08-24 01:03:12,059 INFO ncaa_identity: contest_id=389575 teams 2481/2481 matched, players 6785/6981 matched
2026-08-24 01:03:13,487 INFO ncaa_identity: contest_id=389585 teams 2683/2683 matched, players 6771/7581 matched
2026-08-24 01:03:14,989 INFO ncaa_identity: contest_id=389596 teams 2507/2507 matched, players 6194/7042 matched
2026-08-24 01:03:16,460 INFO ncaa_identity: contest_id=389607 teams 2336/2336 matched, players 6234/6606 matched
2026-08-24 01:03:19,783 INFO ncaa_identity: contest_id=389629 teams 2315/2315 matched, players 6099/6521 matched
2026-08-24 01:03:21,058 INFO ncaa_identity: contest_id=389653 teams 2094/2094 matched, players 5676/5908 matched
2026-08-24 01:03:23,905 INFO ncaa_identity: contest_id=389709 teams 2361/2361 matched, players 6533/6596 matched
2026-08-24 01:03:25,353 INFO ncaa_identity: contest_id=389738 teams 2635/2635 matched, players 4749/7453 matched
2026-08-24 01:03:26,749 INFO ncaa_identity: contest_id=389781 teams 2481/2481 matched, players 6624/6993 matched
2026-08-24 01:03:27,919 INFO ncaa_identity: contest_id=389792 teams 2355/2355 matched, players 5464/6570 matched
2026-08-24 01:03:29,231 INFO ncaa_identity: contest_id=389810 teams 2083/2083 matched, players 5577/5852 matched
2026-08-24 01:03:30,432 INFO ncaa_identity: contest_id=389857 teams 2617/2617 matched, players 6969/7400 matched
2026-08-24 01:03:34,374 INFO ncaa_identity: contest_id=389957 teams 1229/2443 matched, players 3185/6848 matched
2026-08-24 01:03:37,769 INFO ncaa_identity: contest_id=390010 teams 2798/2798 matched, players 7647/7909 matched
2026-08-24 01:03:39,490 INFO ncaa_identity: contest_id=390036 teams 2507/2507 matched, players 6284/7091 matched
2026-08-24 01:03:42,058 INFO ncaa_identity: contest_id=390179 teams 1222/2468 matched, players 3442/6939 matched
2026-08-24 01:03:45,500 INFO ncaa_identity: contest_id=390229 teams 2175/2175 matched, players 5271/6117 matched
2026-08-24 01:03:53,499 INFO ncaa_identity: contest_id=390296 teams 2402/2402 matched, players 6279/6755 matched
2026-08-24 01:04:01,799 INFO ncaa_identity: contest_id=390480 teams 2936/2936 matched, players 7985/8299 matched
2026-08-24 01:04:03,428 INFO ncaa_identity: contest_id=390502 teams 2114/2114 matched, players 5657/5957 matched
2026-08-24 01:04:04,563 INFO ncaa_identity: contest_id=390521 teams 2214/2214 matched, players 6119/6203 matched
2026-08-24 01:04:07,122 INFO ncaa_identity: contest_id=390587 teams 2019/2019 matched, players 5361/5689 matched
2026-08-24 01:04:08,379 INFO ncaa_identity: contest_id=390604 teams 1335/2582 matched, players 3646/7289 matched
2026-08-24 01:04:09,781 INFO ncaa_identity: contest_id=390616 teams 2768/2768 matched, players 7443/7912 matched
2026-08-24 01:04:11,413 INFO ncaa_identity: contest_id=390656 teams 1402/2616 matched, players 3755/7238 matched
2026-08-24 01:04:14,354 INFO ncaa_identity: contest_id=390711 teams 2455/2455 matched, players 6752/6912 matched
2026-08-24 01:04:17,739 INFO ncaa_identity: contest_id=390747 teams 2567/2567 matched, players 5914/7253 matched
2026-08-24 01:04:18,901 INFO ncaa_identity: contest_id=390796 teams 2254/2254 matched, players 5874/6390 matched
2026-08-24 01:04:20,067 INFO ncaa_identity: contest_id=390813 teams 2030/2030 matched, players 5638/5721 matched
2026-08-24 01:04:24,860 INFO ncaa_identity: contest_id=390877 teams 2379/2379 matched, players 6496/6687 matched
2026-08-24 01:04:28,780 INFO ncaa_identity: contest_id=390994 teams 2528/2528 matched, players 6980/7139 matched
2026-08-24 01:04:30,045 INFO ncaa_identity: contest_id=391014 teams 2453/2453 matched, players 6744/6913 matched
2026-08-24 01:04:40,748 INFO ncaa_identity: contest_id=391123 teams 1181/2373 matched, players 2991/6691 matched
2026-08-24 01:04:42,648 INFO ncaa_identity: contest_id=391139 teams 2626/2626 matched, players 7171/7370 matched
2026-08-24 01:04:44,106 INFO ncaa_identity: contest_id=391153 teams 2751/2751 matched, players 6383/7781 matched
2026-08-24 01:04:45,755 INFO ncaa_identity: contest_id=391163 teams 2588/2588 matched, players 6788/7339 matched
2026-08-24 01:04:47,281 INFO ncaa_identity: contest_id=391173 teams 2603/2603 matched, players 7054/7339 matched
2026-08-24 01:04:57,325 INFO ncaa_identity: contest_id=391260 teams 0/2455 matched, players 0/6912 matched
2026-08-24 01:04:58,466 INFO ncaa_identity: contest_id=391288 teams 2297/2297 matched, players 5531/6492 matched
2026-08-24 01:05:00,073 INFO ncaa_identity: contest_id=391298 teams 2527/2527 matched, players 6584/7147 matched
2026-08-24 01:05:01,305 INFO ncaa_identity: contest_id=391308 teams 2297/2297 matched, players 5955/6443 matched
2026-08-24 01:05:02,700 INFO ncaa_identity: contest_id=391321 teams 2014/2014 matched, players 5433/5679 matched
2026-08-24 01:05:03,902 INFO ncaa_identity: contest_id=391335 teams 2006/2006 matched, players 5020/5683 matched
2026-08-24 01:05:07,724 INFO ncaa_identity: contest_id=391420 teams 2534/2534 matched, players 6573/7154 matched
2026-08-24 01:05:10,560 INFO ncaa_identity: contest_id=391448 teams 2553/2553 matched, players 6597/7112 matched
2026-08-24 01:05:12,012 INFO ncaa_identity: contest_id=391462 teams 1290/2513 matched, players 3270/7110 matched
2026-08-24 01:05:13,236 INFO ncaa_identity: contest_id=391488 teams 1448/2806 matched, players 4078/7950 matched
2026-08-24 01:05:15,701 INFO ncaa_identity: contest_id=391569 teams 2367/2367 matched, players 6550/6720 matched
2026-08-24 01:05:21,491 INFO ncaa_identity: contest_id=391679 teams 1586/3141 matched, players 4386/8899 matched
2026-08-24 01:05:22,883 INFO ncaa_identity: contest_id=391699 teams 2204/2204 matched, players 5973/6182 matched
2026-08-24 01:05:26,627 INFO ncaa_identity: contest_id=391779 teams 1063/2063 matched, players 2967/5838 matched
2026-08-24 01:05:32,336 INFO ncaa_identity: contest_id=391896 teams 2358/2358 matched, players 6241/6706 matched
2026-08-24 01:05:35,327 INFO ncaa_identity: contest_id=391943 teams 2517/2517 matched, players 7056/7086 matched
2026-08-24 01:05:36,569 INFO ncaa_identity: contest_id=391959 teams 2405/2405 matched, players 5302/6796 matched
2026-08-24 01:05:42,599 INFO ncaa_identity: contest_id=392173 teams 2315/2315 matched, players 6021/6525 matched
2026-08-24 01:05:45,201 INFO ncaa_identity: contest_id=392191 teams 3289/3289 matched, players 8417/9295 matched
2026-08-24 01:05:47,258 INFO ncaa_identity: contest_id=392205 teams 2643/2643 matched, players 6891/7453 matched
2026-08-24 01:05:48,313 INFO ncaa_identity: contest_id=392221 teams 2090/2090 matched, players 5769/5849 matched
2026-08-24 01:05:50,578 INFO ncaa_identity: contest_id=392273 teams 2202/2202 matched, players 5871/6176 matched
2026-08-24 01:05:55,798 INFO ncaa_identity: contest_id=392394 teams 1866/1866 matched, players 4961/5253 matched
2026-08-24 01:05:56,987 INFO ncaa_identity: contest_id=392454 teams 1238/2418 matched, players 3460/6836 matched
2026-08-24 01:06:02,113 INFO ncaa_identity: contest_id=392610 teams 2204/2204 matched, players 6162/6188 matched
2026-08-24 01:06:06,708 INFO ncaa_identity: contest_id=392714 teams 1271/2475 matched, players 3525/7002 matched
2026-08-24 01:06:09,526 INFO ncaa_identity: contest_id=392747 teams 2473/2473 matched, players 5192/6963 matched
2026-08-24 01:06:10,718 INFO ncaa_identity: contest_id=392836 teams 2455/2455 matched, players 6704/6941 matched
2026-08-24 01:06:12,264 INFO ncaa_identity: contest_id=392861 teams 2768/2768 matched, players 6819/7826 matched
2026-08-24 01:06:17,405 INFO ncaa_identity: contest_id=393008 teams 2120/2120 matched, players 5884/5939 matched
2026-08-24 01:06:22,556 INFO ncaa_identity: contest_id=393097 teams 2484/2484 matched, players 6981/7025 matched
2026-08-24 01:06:26,578 INFO ncaa_identity: contest_id=393192 teams 2316/2316 matched, players 5849/6535 matched
2026-08-24 01:06:29,203 INFO ncaa_identity: contest_id=393363 teams 2453/2453 matched, players 6443/6882 matched
2026-08-24 01:06:30,691 INFO ncaa_identity: contest_id=393374 teams 2135/2135 matched, players 5325/6007 matched
2026-08-24 01:06:37,876 INFO ncaa_identity: contest_id=393458 teams 1491/3005 matched, players 4138/8528 matched
2026-08-24 01:06:39,142 INFO ncaa_identity: contest_id=393529 teams 2456/2456 matched, players 5496/6922 matched
2026-08-24 01:06:42,206 INFO ncaa_identity: contest_id=393636 teams 2093/2093 matched, players 5316/5829 matched
2026-08-24 01:06:43,935 INFO ncaa_identity: contest_id=393656 teams 2456/2456 matched, players 6430/6969 matched
2026-08-24 01:06:54,496 INFO ncaa_identity: contest_id=393885 teams 2567/2567 matched, players 6725/7189 matched
2026-08-24 01:06:56,059 INFO ncaa_identity: contest_id=393939 teams 2395/2395 matched, players 6354/6779 matched
2026-08-24 01:06:58,701 INFO ncaa_identity: contest_id=394027 teams 2183/2183 matched, players 5446/6113 matched
2026-08-24 01:07:01,094 INFO ncaa_identity: contest_id=394087 teams 2666/2666 matched, players 7032/7533 matched
2026-08-24 01:07:02,435 INFO ncaa_identity: contest_id=394110 teams 1088/2166 matched, players 3133/6087 matched
2026-08-24 01:07:04,965 INFO ncaa_identity: contest_id=394156 teams 18/2247 matched, players 0/6288 matched
2026-08-24 01:07:08,064 INFO ncaa_identity: contest_id=394210 teams 2698/2698 matched, players 6623/7653 matched
2026-08-24 01:07:09,586 INFO ncaa_identity: contest_id=394225 teams 2294/2294 matched, players 6202/6426 matched
2026-08-24 01:07:12,514 INFO ncaa_identity: contest_id=394338 teams 2606/2606 matched, players 6797/7380 matched
2026-08-24 01:07:13,755 INFO ncaa_identity: contest_id=394460 teams 2275/2275 matched, players 5987/6413 matched
2026-08-24 01:07:14,794 INFO ncaa_identity: contest_id=394472 teams 2235/2235 matched, players 5938/6360 matched
2026-08-24 01:07:16,251 INFO ncaa_identity: contest_id=394485 teams 2335/2335 matched, players 5778/6555 matched
2026-08-24 01:07:17,648 INFO ncaa_identity: contest_id=394497 teams 2322/2322 matched, players 6279/6533 matched
2026-08-24 01:07:18,803 INFO ncaa_identity: contest_id=394508 teams 2525/2525 matched, players 6699/7165 matched
2026-08-24 01:07:24,244 INFO ncaa_identity: contest_id=394601 teams 2136/2136 matched, players 5987/6001 matched
2026-08-24 01:07:31,092 INFO ncaa_identity: contest_id=394870 teams 2191/2191 matched, players 5129/6176 matched
2026-08-24 01:07:34,052 INFO ncaa_identity: contest_id=394901 teams 2756/2756 matched, players 6824/7870 matched
2026-08-24 01:07:36,486 INFO ncaa_identity: contest_id=394928 teams 2338/2338 matched, players 6309/6579 matched
2026-08-24 01:07:37,419 INFO ncaa_identity: contest_id=394942 teams 2161/2161 matched, players 5802/6100 matched
2026-08-24 01:07:40,031 INFO ncaa_identity: contest_id=395045 teams 2382/2382 matched, players 6301/6716 matched
2026-08-24 01:07:41,235 INFO ncaa_identity: contest_id=395077 teams 2075/2075 matched, players 5367/5817 matched
2026-08-24 01:07:42,865 INFO ncaa_identity: contest_id=395130 teams 2595/2595 matched, players 6950/7325 matched
2026-08-24 01:07:45,467 INFO ncaa_identity: contest_id=395187 teams 2347/2347 matched, players 6039/6633 matched
2026-08-24 01:07:47,954 INFO ncaa_identity: contest_id=395233 teams 1255/2527 matched, players 3537/7102 matched
2026-08-24 01:07:49,628 INFO ncaa_identity: contest_id=395262 teams 2589/2589 matched, players 6469/7268 matched
2026-08-24 01:07:51,000 INFO ncaa_identity: contest_id=395279 teams 2125/2125 matched, players 5433/5938 matched
2026-08-24 01:07:52,679 INFO ncaa_identity: contest_id=395304 teams 2247/2247 matched, players 5943/6318 matched
2026-08-24 01:07:55,356 INFO ncaa_identity: contest_id=395350 teams 2508/2508 matched, players 6555/7070 matched
2026-08-24 01:07:56,817 INFO ncaa_identity: contest_id=395439 teams 2275/2275 matched, players 5867/6410 matched
2026-08-24 01:07:59,198 INFO ncaa_identity: contest_id=395560 teams 2372/2372 matched, players 6710/6723 matched
2026-08-24 01:08:00,686 INFO ncaa_identity: contest_id=395571 teams 2617/2617 matched, players 6926/7398 matched
2026-08-24 01:08:03,396 INFO ncaa_identity: contest_id=395592 teams 2002/2002 matched, players 5093/5624 matched
2026-08-24 01:08:09,318 INFO ncaa_identity: contest_id=395702 teams 2719/2719 matched, players 7340/7715 matched
2026-08-24 01:08:14,120 INFO ncaa_identity: contest_id=395877 teams 2700/2700 matched, players 7175/7631 matched
2026-08-24 01:08:20,340 INFO ncaa_identity: contest_id=395947 teams 2410/2410 matched, players 5779/6788 matched
2026-08-24 01:08:24,607 INFO ncaa_identity: contest_id=396025 teams 2083/2083 matched, players 482/623 matched
2026-08-24 01:08:29,469 INFO ncaa_identity: contest_id=396181 teams 2628/2628 matched, players 6440/7419 matched
2026-08-24 01:08:30,785 INFO ncaa_identity: contest_id=396198 teams 2411/2411 matched, players 6731/6776 matched
2026-08-24 01:08:32,407 INFO ncaa_identity: contest_id=396224 teams 0/2810 matched, players 0/7948 matched
2026-08-24 01:08:35,265 INFO ncaa_identity: contest_id=396283 teams 1930/1930 matched, players 5337/5415 matched
2026-08-24 01:08:38,927 INFO ncaa_identity: contest_id=396360 teams 2110/2110 matched, players 5110/5952 matched
2026-08-24 01:08:42,544 INFO ncaa_identity: contest_id=396402 teams 2034/2034 matched, players 5593/5731 matched
2026-08-24 01:08:45,272 INFO ncaa_identity: contest_id=396609 teams 2096/2096 matched, players 4891/5912 matched
2026-08-24 01:08:49,364 INFO ncaa_identity: contest_id=396646 teams 2344/2344 matched, players 6224/6636 matched
2026-08-24 01:08:51,017 INFO ncaa_identity: contest_id=396657 teams 2495/2495 matched, players 6493/7015 matched
2026-08-24 01:08:55,335 INFO ncaa_identity: contest_id=396737 teams 2068/2068 matched, players 5485/5826 matched
2026-08-24 01:09:01,129 INFO ncaa_identity: contest_id=397000 teams 2392/2392 matched, players 6442/6769 matched
2026-08-24 01:09:02,369 INFO ncaa_identity: contest_id=397020 teams 1975/1975 matched, players 4927/5569 matched
2026-08-24 01:09:05,263 INFO ncaa_identity: contest_id=397050 teams 2738/2738 matched, players 7673/7715 matched
2026-08-24 01:09:12,570 INFO ncaa_identity: contest_id=397193 teams 2513/2513 matched, players 6830/7087 matched
2026-08-24 01:09:13,998 INFO ncaa_identity: contest_id=397255 teams 1029/2055 matched, players 2919/5792 matched
2026-08-24 01:09:18,497 INFO ncaa_identity: contest_id=397330 teams 2521/2521 matched, players 6789/7110 matched
2026-08-24 01:09:19,968 INFO ncaa_identity: contest_id=397357 teams 1962/1962 matched, players 4896/5511 matched
2026-08-24 01:09:22,891 INFO ncaa_identity: contest_id=397407 teams 2361/2361 matched, players 6328/6666 matched
2026-08-24 01:09:24,194 INFO ncaa_identity: contest_id=397440 teams 1055/2116 matched, players 2145/5964 matched
2026-08-24 01:09:26,011 INFO ncaa_identity: contest_id=397465 teams 2425/2425 matched, players 6094/6823 matched
2026-08-24 01:09:28,805 INFO ncaa_identity: contest_id=397559 teams 2465/2465 matched, players 6768/6894 matched
2026-08-24 01:09:30,582 INFO ncaa_identity: contest_id=397673 teams 2337/2337 matched, players 6447/6612 matched
2026-08-24 01:09:31,840 INFO ncaa_identity: contest_id=397713 teams 2291/2291 matched, players 5932/6436 matched
2026-08-24 01:09:37,792 INFO ncaa_identity: contest_id=397762 teams 2496/2496 matched, players 6657/7039 matched
2026-08-24 01:09:40,763 INFO ncaa_identity: contest_id=397803 teams 2425/2425 matched, players 6010/6829 matched
2026-08-24 01:09:42,198 INFO ncaa_identity: contest_id=397833 teams 2575/2575 matched, players 6616/7292 matched
2026-08-24 01:09:43,427 INFO ncaa_identity: contest_id=397882 teams 2424/2424 matched, players 6317/6813 matched
2026-08-24 01:09:45,066 INFO ncaa_identity: contest_id=397927 teams 2629/2629 matched, players 6990/7432 matched
2026-08-24 01:09:48,283 INFO ncaa_identity: contest_id=397972 teams 2184/2184 matched, players 5779/6201 matched
2026-08-24 01:09:49,826 INFO ncaa_identity: contest_id=398056 teams 1042/2109 matched, players 2371/5958 matched
2026-08-24 01:09:55,265 INFO ncaa_identity: contest_id=398166 teams 2391/2391 matched, players 5874/6793 matched
2026-08-24 01:09:59,742 INFO ncaa_identity: contest_id=398267 teams 2289/2289 matched, players 6437/6456 matched
2026-08-24 01:10:08,560 INFO ncaa_identity: contest_id=398475 teams 2016/2016 matched, players 5449/5641 matched
2026-08-24 01:10:11,984 INFO ncaa_identity: contest_id=398512 teams 2146/2146 matched, players 6040/6062 matched
2026-08-24 01:10:15,020 INFO ncaa_identity: contest_id=398561 teams 2463/2463 matched, players 6538/6921 matched
2026-08-24 01:10:26,306 INFO ncaa_identity: contest_id=398844 teams 2492/2492 matched, players 6440/7025 matched
2026-08-24 01:10:29,120 INFO ncaa_identity: contest_id=398893 teams 2522/2522 matched, players 6606/7151 matched
2026-08-24 01:10:33,952 INFO ncaa_identity: contest_id=399025 teams 2563/2563 matched, players 6899/7231 matched
2026-08-24 01:10:35,138 INFO ncaa_identity: contest_id=399061 teams 1929/1929 matched, players 4812/5372 matched
2026-08-24 01:10:44,931 INFO ncaa_identity: contest_id=399256 teams 2754/2754 matched, players 7198/7788 matched
2026-08-24 01:10:51,454 INFO ncaa_identity: contest_id=399378 teams 2104/2104 matched, players 5243/5926 matched
2026-08-24 01:10:54,651 INFO ncaa_identity: contest_id=399461 teams 2446/2446 matched, players 6367/6932 matched
2026-08-24 01:10:57,895 INFO ncaa_identity: contest_id=399506 teams 2535/2535 matched, players 3512/7123 matched
2026-08-24 01:10:59,374 INFO ncaa_identity: contest_id=399533 teams 2500/2500 matched, players 6727/6993 matched
2026-08-24 01:11:01,058 INFO ncaa_identity: contest_id=399564 teams 2850/2850 matched, players 7630/8076 matched
2026-08-24 01:11:03,431 INFO ncaa_identity: contest_id=399597 teams 2023/2023 matched, players 5185/5698 matched
2026-08-24 01:11:06,308 INFO ncaa_identity: contest_id=399632 teams 2321/2321 matched, players 6127/6500 matched
2026-08-24 01:11:12,019 INFO ncaa_identity: contest_id=399866 teams 2341/2341 matched, players 6354/6604 matched
2026-08-24 01:11:14,517 INFO ncaa_identity: contest_id=399894 teams 1811/1811 matched, players 4611/5099 matched
2026-08-24 01:11:15,570 INFO ncaa_identity: contest_id=399926 teams 1958/1958 matched, players 5319/5499 matched
2026-08-24 01:11:23,897 INFO ncaa_identity: contest_id=400100 teams 2261/2261 matched, players 6055/6337 matched
2026-08-24 01:11:30,820 INFO ncaa_identity: contest_id=400223 teams 2224/2224 matched, players 6094/6224 matched
2026-08-24 01:11:32,282 INFO ncaa_identity: contest_id=400237 teams 2945/2945 matched, players 7484/8303 matched
2026-08-24 01:11:33,883 INFO ncaa_identity: contest_id=400251 teams 2198/2198 matched, players 5637/6172 matched
2026-08-24 01:11:37,793 INFO ncaa_identity: contest_id=400347 teams 2693/2693 matched, players 7002/7609 matched
2026-08-24 01:11:39,102 INFO ncaa_identity: contest_id=400412 teams 2520/2520 matched, players 6198/7131 matched
2026-08-24 01:11:42,348 INFO ncaa_identity: contest_id=400441 teams 2435/2435 matched, players 6558/6896 matched
2026-08-24 01:11:43,423 INFO ncaa_identity: contest_id=400454 teams 2051/2051 matched, players 5067/5786 matched
2026-08-24 01:11:44,830 INFO ncaa_identity: contest_id=400465 teams 2240/2240 matched, players 6226/6341 matched
2026-08-24 01:11:45,892 INFO ncaa_identity: contest_id=400476 teams 1972/1972 matched, players 5388/5542 matched
2026-08-24 01:11:52,435 INFO ncaa_identity: contest_id=400522 teams 2801/2801 matched, players 7466/7879 matched
2026-08-24 01:11:55,333 INFO ncaa_identity: contest_id=400668 teams 1297/2507 matched, players 3538/7117 matched
2026-08-24 01:11:58,437 INFO ncaa_identity: contest_id=400689 teams 2697/2697 matched, players 7633/7652 matched
2026-08-24 01:11:59,689 INFO ncaa_identity: contest_id=400699 teams 2891/2891 matched, players 7521/8156 matched
2026-08-24 01:12:01,356 INFO ncaa_identity: contest_id=400709 teams 2517/2517 matched, players 6839/7127 matched
2026-08-24 01:12:04,319 INFO ncaa_identity: contest_id=400752 teams 1690/3534 matched, players 3054/10076 matched
2026-08-24 01:12:11,744 INFO ncaa_identity: contest_id=400857 teams 2238/2238 matched, players 5440/6262 matched
2026-08-24 01:12:15,900 INFO ncaa_identity: contest_id=400887 teams 2438/2438 matched, players 6601/6875 matched
2026-08-24 01:12:28,827 INFO ncaa_identity: contest_id=401052 teams 2778/2778 matched, players 7220/7861 matched
2026-08-24 01:12:33,574 INFO ncaa_identity: contest_id=401093 teams 1970/1970 matched, players 5246/5487 matched
2026-08-24 01:12:36,410 INFO ncaa_identity: contest_id=401114 teams 2619/2619 matched, players 6260/7417 matched
2026-08-24 01:12:39,337 INFO ncaa_identity: contest_id=401175 teams 2137/2137 matched, players 5380/6036 matched
2026-08-24 01:12:42,555 INFO ncaa_identity: contest_id=401207 teams 1960/1960 matched, players 5002/5496 matched
2026-08-24 01:12:45,511 INFO ncaa_identity: contest_id=401243 teams 2242/2242 matched, players 5790/6321 matched
2026-08-24 01:12:49,921 INFO ncaa_identity: contest_id=401275 teams 1828/1828 matched, players 3782/5151 matched
2026-08-24 01:12:51,914 WARNING ncaa_parse: family=lineups contest_id=401295 team=Cal Poly produced NO good stints (9 bad, roster=11) -- parsed successfully but contributed nothing
2026-08-24 01:12:52,393 WARNING ncaa_parse: family=lineups contest_id=401295 team=Cal St. Fullerton produced NO good stints (22 bad, roster=7) -- parsed successfully but contributed nothing
2026-08-24 01:12:54,936 INFO ncaa_identity: contest_id=401305 teams 3061/3061 matched, players 7158/8673 matched
2026-08-24 01:12:58,670 INFO ncaa_identity: contest_id=401339 teams 2558/2558 matched, players 6659/7245 matched
2026-08-24 01:13:05,020 INFO ncaa_identity: contest_id=401459 teams 975/1963 matched, players 2828/5532 matched
2026-08-24 01:13:06,702 INFO ncaa_identity: contest_id=401480 teams 3607/3607 matched, players 9718/10311 matched
2026-08-24 01:13:14,065 INFO ncaa_identity: contest_id=401537 teams 2517/2517 matched, players 5678/7098 matched
2026-08-24 01:13:17,244 INFO ncaa_identity: contest_id=401560 teams 2443/2443 matched, players 6904/6913 matched
2026-08-24 01:13:23,934 INFO ncaa_identity: contest_id=401617 teams 2451/2451 matched, players 6918/6958 matched
2026-08-24 01:13:27,740 INFO ncaa_identity: contest_id=459384 teams 2651/2651 matched, players 7109/7434 matched
2026-08-24 01:13:29,209 INFO ncaa_identity: contest_id=459399 teams 2313/2313 matched, players 6173/6500 matched
2026-08-24 01:13:31,465 INFO ncaa_identity: contest_id=459409 teams 1493/2968 matched, players 3471/8409 matched
2026-08-24 01:13:32,953 INFO ncaa_identity: contest_id=459424 teams 2307/2307 matched, players 6014/6495 matched
2026-08-24 01:13:34,593 INFO ncaa_identity: contest_id=459442 teams 1997/1997 matched, players 5401/5594 matched
2026-08-24 01:13:39,252 INFO ncaa_identity: contest_id=459494 teams 2668/2668 matched, players 6578/7555 matched
2026-08-24 01:13:41,382 INFO ncaa_identity: contest_id=459511 teams 2519/2519 matched, players 6673/7123 matched
2026-08-24 01:13:42,943 INFO ncaa_identity: contest_id=459531 teams 3359/3359 matched, players 9133/9543 matched
2026-08-24 01:13:47,669 INFO ncaa_identity: contest_id=459571 teams 1715/3392 matched, players 4096/9532 matched
2026-08-24 01:13:49,060 INFO ncaa_identity: contest_id=459591 teams 2387/2387 matched, players 6345/6726 matched
2026-08-24 01:13:51,155 INFO ncaa_identity: contest_id=459608 teams 1685/3379 matched, players 4121/9589 matched
2026-08-24 01:13:52,768 INFO ncaa_identity: contest_id=459704 teams 2356/2356 matched, players 5952/6652 matched
2026-08-24 01:13:54,639 INFO ncaa_identity: contest_id=459748 teams 1398/2733 matched, players 3853/7714 matched
2026-08-24 01:13:54,747 INFO 5 starters not found for period 4; using estimate
2026-08-24 01:13:55,811 INFO ncaa_identity: contest_id=459811 teams 962/1816 matched, players 2360/5165 matched
2026-08-24 01:13:57,933 INFO ncaa_identity: contest_id=459941 teams 1450/2839 matched, players 4160/8063 matched
2026-08-24 01:14:00,766 INFO ncaa_identity: contest_id=459980 teams 2117/2117 matched, players 4449/5973 matched
2026-08-24 01:14:02,147 INFO ncaa_identity: contest_id=459995 teams 1320/2614 matched, players 3775/7327 matched
2026-08-24 01:14:04,061 INFO ncaa_identity: contest_id=460010 teams 2435/2435 matched, players 6683/6860 matched
2026-08-24 01:14:07,391 INFO ncaa_identity: contest_id=460045 teams 2595/2595 matched, players 7034/7301 matched
2026-08-24 01:14:09,495 INFO ncaa_identity: contest_id=460066 teams 2435/2435 matched, players 6474/6794 matched
2026-08-24 01:14:14,454 INFO ncaa_identity: contest_id=460152 teams 3491/3491 matched, players 9825/9846 matched
2026-08-24 01:14:16,337 INFO ncaa_identity: contest_id=460170 teams 2340/2340 matched, players 5534/6580 matched
2026-08-24 01:14:18,169 INFO ncaa_identity: contest_id=460184 teams 2807/2807 matched, players 7407/7926 matched
2026-08-24 01:14:19,981 INFO ncaa_identity: contest_id=460216 teams 2478/2478 matched, players 5953/6978 matched
2026-08-24 01:14:25,032 INFO ncaa_identity: contest_id=460296 teams 2674/2674 matched, players 7135/7500 matched
2026-08-24 01:14:26,538 INFO ncaa_identity: contest_id=460357 teams 1444/2863 matched, players 4061/8123 matched
2026-08-24 01:14:28,465 INFO ncaa_identity: contest_id=460382 teams 1290/2743 matched, players 3844/7781 matched
2026-08-24 01:14:31,561 INFO ncaa_identity: contest_id=460426 teams 2372/2372 matched, players 6162/6703 matched
2026-08-24 01:14:33,639 INFO ncaa_identity: contest_id=460474 teams 1671/3422 matched, players 4747/9674 matched
2026-08-24 01:14:36,363 INFO ncaa_identity: contest_id=460530 teams 2710/2710 matched, players 7326/7717 matched
2026-08-24 01:14:39,442 INFO ncaa_identity: contest_id=460570 teams 2677/2677 matched, players 7420/7498 matched
2026-08-24 01:14:41,187 INFO ncaa_identity: contest_id=460587 teams 1309/2598 matched, players 3610/7302 matched
2026-08-24 01:14:43,143 INFO ncaa_identity: contest_id=460615 teams 0/2777 matched, players 0/7782 matched
2026-08-24 01:14:46,076 INFO ncaa_identity: contest_id=460670 teams 2040/2040 matched, players 5366/5719 matched
2026-08-24 01:14:50,703 INFO ncaa_identity: contest_id=460826 teams 1233/2427 matched, players 3057/6850 matched
2026-08-24 01:14:52,447 INFO ncaa_identity: contest_id=460852 teams 3167/3167 matched, players 8443/9064 matched
2026-08-24 01:14:55,808 INFO ncaa_identity: contest_id=460930 teams 2159/2159 matched, players 5732/6050 matched
2026-08-24 01:14:57,177 INFO ncaa_identity: contest_id=460958 teams 2417/2417 matched, players 5936/6747 matched
2026-08-24 01:14:58,739 INFO ncaa_identity: contest_id=461034 teams 2417/2417 matched, players 6594/6794 matched
2026-08-24 01:15:00,111 INFO ncaa_identity: contest_id=461089 teams 2326/2326 matched, players 6315/6542 matched
2026-08-24 01:15:01,235 INFO ncaa_identity: contest_id=461193 teams 1717/1717 matched, players 4778/4809 matched
2026-08-24 01:15:02,958 INFO ncaa_identity: contest_id=461208 teams 2199/2199 matched, players 5961/6172 matched
2026-08-24 01:15:05,695 INFO ncaa_identity: contest_id=461237 teams 2344/2344 matched, players 6093/6627 matched
2026-08-24 01:15:07,024 INFO ncaa_identity: contest_id=461255 teams 2708/2708 matched, players 7312/7647 matched
2026-08-24 01:15:10,448 INFO ncaa_identity: contest_id=461327 teams 2280/2280 matched, players 6352/6439 matched
2026-08-24 01:15:13,532 INFO ncaa_identity: contest_id=461360 teams 1158/2361 matched, players 3370/6685 matched
2026-08-24 01:15:15,109 INFO ncaa_identity: contest_id=461378 teams 1151/2312 matched, players 2767/6523 matched
2026-08-24 01:15:16,571 INFO ncaa_identity: contest_id=461404 teams 2264/2264 matched, players 5915/6418 matched
2026-08-24 01:15:18,273 INFO ncaa_identity: contest_id=461436 teams 1305/2613 matched, players 3712/7336 matched
2026-08-24 01:15:19,688 INFO ncaa_identity: contest_id=461454 teams 2395/2395 matched, players 6519/6756 matched
2026-08-24 01:15:21,732 INFO ncaa_identity: contest_id=461494 teams 1371/2803 matched, players 3614/7945 matched
2026-08-24 01:15:23,106 INFO ncaa_identity: contest_id=461537 teams 2433/2433 matched, players 6293/6860 matched
2026-08-24 01:15:26,473 INFO ncaa_identity: contest_id=461658 teams 2561/2561 matched, players 6824/7242 matched
2026-08-24 01:15:31,791 INFO ncaa_identity: contest_id=461735 teams 1360/2696 matched, players 3697/7619 matched
2026-08-24 01:15:35,403 INFO ncaa_identity: contest_id=461762 teams 2721/2721 matched, players 7368/7721 matched
2026-08-24 01:15:37,201 INFO ncaa_identity: contest_id=461777 teams 2300/2300 matched, players 5942/6456 matched
2026-08-24 01:15:38,498 INFO ncaa_identity: contest_id=461792 teams 2239/2239 matched, players 6050/6324 matched
2026-08-24 01:15:43,536 INFO ncaa_identity: contest_id=461848 teams 1688/1688 matched, players 596/631 matched
2026-08-24 01:15:44,653 INFO ncaa_identity: contest_id=461862 teams 2240/2240 matched, players 5833/6351 matched
2026-08-24 01:15:46,267 INFO ncaa_identity: contest_id=461875 teams 2419/2419 matched, players 6468/6782 matched
2026-08-24 01:15:49,963 INFO ncaa_identity: contest_id=461906 teams 2583/2583 matched, players 6765/7301 matched
2026-08-24 01:15:53,002 INFO ncaa_identity: contest_id=461970 teams 2759/2759 matched, players 7409/7808 matched
2026-08-24 01:15:54,633 INFO ncaa_identity: contest_id=461995 teams 1449/2753 matched, players 3969/7755 matched
2026-08-24 01:15:56,006 INFO ncaa_identity: contest_id=462026 teams 1097/2122 matched, players 2946/6002 matched
2026-08-24 01:15:59,007 INFO ncaa_identity: contest_id=462082 teams 2620/2620 matched, players 6597/7418 matched
2026-08-24 01:16:02,056 INFO ncaa_identity: contest_id=462110 teams 2055/2055 matched, players 5458/5768 matched
2026-08-24 01:16:06,744 INFO ncaa_identity: contest_id=462162 teams 2198/2198 matched, players 5816/6178 matched
2026-08-24 01:16:08,300 INFO ncaa_identity: contest_id=462189 teams 2535/2535 matched, players 6996/7153 matched
2026-08-24 01:16:11,253 INFO ncaa_identity: contest_id=462239 teams 1119/2234 matched, players 3153/6310 matched
2026-08-24 01:16:12,783 INFO ncaa_identity: contest_id=462266 teams 1295/2516 matched, players 3579/7060 matched
2026-08-24 01:16:15,527 INFO ncaa_identity: contest_id=462303 teams 876/1783 matched, players 285/715 matched
2026-08-24 01:16:19,184 INFO ncaa_identity: contest_id=462394 teams 1628/3259 matched, players 4137/9245 matched
2026-08-24 01:16:27,238 INFO ncaa_identity: contest_id=462536 teams 1166/2248 matched, players 3192/6288 matched
2026-08-24 01:16:29,047 INFO ncaa_identity: contest_id=462565 teams 3051/3051 matched, players 8321/8642 matched
2026-08-24 01:16:32,252 INFO ncaa_identity: contest_id=462618 teams 2649/2649 matched, players 6779/7465 matched
2026-08-24 01:16:33,988 INFO ncaa_identity: contest_id=462643 teams 2218/2218 matched, players 5775/6225 matched
2026-08-24 01:16:35,598 INFO ncaa_identity: contest_id=462701 teams 2226/2226 matched, players 5894/6286 matched
2026-08-24 01:16:36,823 INFO ncaa_identity: contest_id=462740 teams 2189/2189 matched, players 5825/6128 matched
2026-08-24 01:16:38,541 INFO ncaa_identity: contest_id=462753 teams 2473/2473 matched, players 6698/6954 matched
2026-08-24 01:16:40,025 INFO ncaa_identity: contest_id=462778 teams 2504/2504 matched, players 6501/7017 matched
2026-08-24 01:16:45,165 INFO ncaa_identity: contest_id=462891 teams 2486/2486 matched, players 6673/7053 matched
2026-08-24 01:16:46,446 INFO ncaa_identity: contest_id=462930 teams 1114/2213 matched, players 2888/6266 matched
2026-08-24 01:16:48,104 INFO ncaa_identity: contest_id=462966 teams 2255/2255 matched, players 5427/6362 matched
2026-08-24 01:16:54,680 INFO ncaa_identity: contest_id=463099 teams 2116/2116 matched, players 5711/5962 matched
2026-08-24 01:16:58,257 INFO ncaa_identity: contest_id=463219 teams 1129/2241 matched, players 2849/6320 matched
2026-08-24 01:17:02,915 INFO ncaa_identity: contest_id=463373 teams 1359/2697 matched, players 3806/7589 matched
2026-08-24 01:17:04,621 INFO ncaa_identity: contest_id=463384 teams 2404/2404 matched, players 6261/6764 matched
2026-08-24 01:17:06,025 INFO ncaa_identity: contest_id=463395 teams 2440/2440 matched, players 6486/6889 matched
2026-08-24 01:17:10,477 INFO ncaa_identity: contest_id=463430 teams 2465/2465 matched, players 6261/6917 matched
2026-08-24 01:17:11,897 INFO ncaa_identity: contest_id=463449 teams 2249/2249 matched, players 6167/6343 matched
2026-08-24 01:17:13,882 INFO ncaa_identity: contest_id=463473 teams 2408/2408 matched, players 6394/6771 matched
2026-08-24 01:17:19,957 INFO ncaa_identity: contest_id=463598 teams 2329/2329 matched, players 6081/6601 matched
2026-08-24 01:17:26,341 INFO ncaa_identity: contest_id=463728 teams 2834/2834 matched, players 7549/8000 matched
2026-08-24 01:17:32,376 INFO ncaa_identity: contest_id=463897 teams 2055/2055 matched, players 5384/5803 matched
2026-08-24 01:17:34,010 INFO ncaa_identity: contest_id=463938 teams 1129/2189 matched, players 3136/6203 matched
2026-08-24 01:17:35,705 INFO ncaa_identity: contest_id=463982 teams 2351/2351 matched, players 6185/6611 matched
2026-08-24 01:17:37,543 INFO ncaa_identity: contest_id=464056 teams 2197/2197 matched, players 4264/6198 matched
2026-08-24 01:17:38,870 INFO ncaa_identity: contest_id=464089 teams 2466/2466 matched, players 6498/6927 matched
2026-08-24 01:17:40,565 INFO ncaa_identity: contest_id=464133 teams 2146/2146 matched, players 864/866 matched
2026-08-24 01:17:45,690 INFO ncaa_identity: contest_id=464174 teams 2280/2280 matched, players 6097/6443 matched
2026-08-24 01:17:49,120 INFO ncaa_identity: contest_id=464206 teams 2232/2232 matched, players 5942/6293 matched
2026-08-24 01:17:50,715 INFO ncaa_identity: contest_id=464230 teams 2226/2226 matched, players 5271/6234 matched
2026-08-24 01:17:54,013 INFO ncaa_identity: contest_id=464273 teams 2847/2847 matched, players 7930/8039 matched
2026-08-24 01:17:55,577 INFO ncaa_identity: contest_id=464298 teams 1239/2477 matched, players 3055/6925 matched
2026-08-24 01:17:57,724 INFO ncaa_identity: contest_id=464313 teams 1182/2361 matched, players 2911/6601 matched
2026-08-24 01:17:59,292 INFO ncaa_identity: contest_id=464336 teams 1274/2577 matched, players 3658/7288 matched
2026-08-24 01:18:01,076 INFO ncaa_identity: contest_id=464359 teams 1454/2907 matched, players 4173/8200 matched
2026-08-24 01:18:04,201 INFO ncaa_identity: contest_id=464414 teams 2193/2193 matched, players 5898/6143 matched
2026-08-24 01:18:06,254 INFO ncaa_identity: contest_id=464444 teams 1461/2871 matched, players 3987/8092 matched
2026-08-24 01:18:07,544 INFO ncaa_identity: contest_id=464469 teams 2797/2797 matched, players 7545/7943 matched
2026-08-24 01:18:09,264 INFO ncaa_identity: contest_id=464522 teams 2207/2207 matched, players 6165/6202 matched
2026-08-24 01:18:10,567 INFO ncaa_identity: contest_id=464538 teams 2207/2207 matched, players 5892/6194 matched
2026-08-24 01:18:15,203 INFO ncaa_identity: contest_id=464619 teams 1187/2366 matched, players 3360/6629 matched
2026-08-24 01:18:16,489 INFO ncaa_identity: contest_id=464639 teams 2114/2114 matched, players 766/768 matched
2026-08-24 01:18:18,700 INFO ncaa_identity: contest_id=464667 teams 2870/2870 matched, players 7740/8092 matched
2026-08-24 01:18:20,084 INFO ncaa_identity: contest_id=464702 teams 2301/2301 matched, players 6258/6456 matched
2026-08-24 01:18:23,342 INFO ncaa_identity: contest_id=464799 teams 2593/2593 matched, players 6646/7255 matched
2026-08-24 01:18:24,955 INFO ncaa_identity: contest_id=464840 teams 1234/2395 matched, players 3444/6745 matched
2026-08-24 01:18:29,470 INFO ncaa_identity: contest_id=464886 teams 2423/2423 matched, players 6766/6793 matched
2026-08-24 01:18:31,201 INFO ncaa_identity: contest_id=464909 teams 2206/2206 matched, players 5456/6237 matched
2026-08-24 01:18:32,220 INFO ncaa_identity: contest_id=464925 teams 2360/2360 matched, players 6287/6593 matched
2026-08-24 01:18:38,819 INFO ncaa_identity: contest_id=464988 teams 3310/3310 matched, players 9324/9439 matched
2026-08-24 01:18:50,808 INFO ncaa_identity: contest_id=465075 teams 2205/2205 matched, players 5957/6197 matched
2026-08-24 01:18:53,725 INFO ncaa_identity: contest_id=465097 teams 2229/2229 matched, players 6004/6291 matched
2026-08-24 01:18:55,076 INFO ncaa_identity: contest_id=465109 teams 0/2494 matched, players 0/7047 matched
2026-08-24 01:18:59,604 INFO ncaa_identity: contest_id=465145 teams 2281/2281 matched, players 6059/6394 matched
2026-08-24 01:19:01,080 INFO ncaa_identity: contest_id=465170 teams 2413/2413 matched, players 6327/6856 matched
2026-08-24 01:19:05,997 INFO ncaa_identity: contest_id=465219 teams 2714/2714 matched, players 7207/7680 matched
2026-08-24 01:19:07,662 INFO ncaa_identity: contest_id=465236 teams 1108/2140 matched, players 2125/6049 matched
2026-08-24 01:19:09,043 INFO ncaa_identity: contest_id=465260 teams 2273/2273 matched, players 6046/6436 matched
2026-08-24 01:19:10,584 INFO ncaa_identity: contest_id=465312 teams 2720/2720 matched, players 7520/7724 matched
2026-08-24 01:19:18,231 INFO ncaa_identity: contest_id=465401 teams 1728/1728 matched, players 627/629 matched
2026-08-24 01:19:19,661 INFO ncaa_identity: contest_id=465436 teams 2540/2540 matched, players 6668/7223 matched
2026-08-24 01:19:23,004 INFO ncaa_identity: contest_id=465508 teams 2553/2553 matched, players 6710/7227 matched
2026-08-24 01:19:26,066 INFO ncaa_identity: contest_id=465559 teams 2417/2417 matched, players 6416/6808 matched
2026-08-24 01:19:29,569 INFO ncaa_identity: contest_id=465614 teams 2432/2432 matched, players 6631/6891 matched
2026-08-24 01:19:31,414 INFO ncaa_identity: contest_id=465640 teams 2426/2426 matched, players 6250/6845 matched
2026-08-24 01:19:33,129 INFO ncaa_identity: contest_id=465657 teams 2193/2193 matched, players 5708/6137 matched
2026-08-24 01:19:36,376 INFO ncaa_identity: contest_id=465721 teams 2800/2800 matched, players 7291/7933 matched
2026-08-24 01:19:39,600 INFO ncaa_identity: contest_id=465769 teams 3643/3643 matched, players 9568/10452 matched
2026-08-24 01:19:46,102 INFO ncaa_identity: contest_id=465920 teams 2251/2251 matched, players 6092/6388 matched
2026-08-24 01:19:51,002 INFO ncaa_identity: contest_id=465978 teams 2217/2217 matched, players 5944/6269 matched
2026-08-24 01:19:52,283 INFO ncaa_identity: contest_id=466010 teams 2368/2368 matched, players 6153/6662 matched
2026-08-24 01:19:54,471 INFO ncaa_identity: contest_id=466041 teams 1799/3636 matched, players 5093/10403 matched
2026-08-24 01:19:55,995 INFO ncaa_identity: contest_id=466057 teams 1154/2242 matched, players 3191/6311 matched
2026-08-24 01:20:00,420 INFO ncaa_identity: contest_id=466167 teams 2201/2201 matched, players 5778/6212 matched
2026-08-24 01:20:01,820 INFO ncaa_identity: contest_id=466257 teams 2638/2638 matched, players 7384/7447 matched
2026-08-24 01:20:03,475 INFO ncaa_identity: contest_id=466291 teams 2696/2696 matched, players 7284/7647 matched
2026-08-24 01:20:04,918 INFO ncaa_identity: contest_id=466330 teams 2452/2452 matched, players 6532/6950 matched
2026-08-24 01:20:07,805 INFO ncaa_identity: contest_id=466425 teams 2063/2063 matched, players 5096/5794 matched
2026-08-24 01:20:09,447 INFO ncaa_identity: contest_id=466441 teams 2196/2196 matched, players 5759/6188 matched
2026-08-24 01:20:11,068 INFO ncaa_identity: contest_id=466456 teams 2303/2303 matched, players 6301/6530 matched
2026-08-24 01:20:14,159 INFO ncaa_identity: contest_id=466493 teams 2250/2250 matched, players 6216/6328 matched
2026-08-24 01:20:16,063 INFO ncaa_identity: contest_id=466520 teams 2777/2777 matched, players 7135/7830 matched
2026-08-24 01:20:26,083 INFO ncaa_identity: contest_id=466736 teams 1774/1774 matched, players 4591/4997 matched
2026-08-24 01:20:27,567 INFO ncaa_identity: contest_id=466757 teams 2442/2442 matched, players 6373/6910 matched
2026-08-24 01:20:30,903 INFO ncaa_identity: contest_id=466829 teams 2875/2875 matched, players 6786/8016 matched
2026-08-24 01:20:34,123 INFO ncaa_identity: contest_id=466922 teams 2683/2683 matched, players 7015/7555 matched
2026-08-24 01:20:37,418 INFO ncaa_identity: contest_id=467024 teams 2288/2288 matched, players 5914/6486 matched
2026-08-24 01:20:42,691 INFO ncaa_identity: contest_id=467148 teams 2424/2424 matched, players 6726/6830 matched
2026-08-24 01:20:44,144 INFO ncaa_identity: contest_id=467160 teams 1960/1960 matched, players 5168/5546 matched
2026-08-24 01:20:45,903 INFO ncaa_identity: contest_id=467173 teams 2867/2867 matched, players 8129/8152 matched
2026-08-24 01:20:47,322 INFO ncaa_identity: contest_id=467185 teams 2871/2871 matched, players 8138/8189 matched
2026-08-24 01:20:55,126 INFO ncaa_identity: contest_id=467371 teams 1082/2221 matched, players 3102/6258 matched
2026-08-24 01:20:57,101 INFO ncaa_identity: contest_id=467403 teams 2905/2905 matched, players 7606/8241 matched
2026-08-24 01:20:59,035 INFO ncaa_identity: contest_id=467444 teams 2694/2694 matched, players 6967/7595 matched
2026-08-24 01:21:02,151 INFO ncaa_identity: contest_id=467526 teams 2485/2485 matched, players 6093/7014 matched
2026-08-24 01:21:03,528 INFO ncaa_identity: contest_id=467574 teams 2593/2593 matched, players 6333/7358 matched
2026-08-24 01:21:13,190 INFO ncaa_identity: contest_id=467730 teams 2335/2335 matched, players 5935/6605 matched
2026-08-24 01:21:17,623 INFO ncaa_identity: contest_id=467850 teams 2131/2131 matched, players 5479/5988 matched
2026-08-24 01:21:19,027 INFO ncaa_identity: contest_id=467872 teams 11/2123 matched, players 0/5973 matched
2026-08-24 01:21:20,723 INFO ncaa_identity: contest_id=467897 teams 2792/2792 matched, players 6801/7902 matched
2026-08-24 01:21:21,809 INFO ncaa_identity: contest_id=467947 teams 964/1939 matched, players 2731/5483 matched
2026-08-24 01:21:23,512 INFO ncaa_identity: contest_id=467979 teams 2339/2339 matched, players 6255/6578 matched
2026-08-24 01:21:25,181 INFO ncaa_identity: contest_id=468019 teams 2173/2173 matched, players 5879/6140 matched
2026-08-24 01:21:26,770 INFO ncaa_identity: contest_id=468065 teams 2264/2264 matched, players 6082/6373 matched
2026-08-24 01:21:30,342 INFO ncaa_identity: contest_id=468164 teams 2655/2655 matched, players 6991/7496 matched
2026-08-24 01:21:33,071 INFO ncaa_identity: contest_id=468260 teams 2332/2332 matched, players 6311/6571 matched
2026-08-24 01:21:35,156 INFO ncaa_identity: contest_id=468273 teams 2405/2405 matched, players 6698/6782 matched
2026-08-24 01:21:36,432 INFO ncaa_identity: contest_id=468285 teams 1881/1881 matched, players 5162/5284 matched
2026-08-24 01:21:38,210 INFO ncaa_identity: contest_id=468295 teams 2313/2313 matched, players 6206/6544 matched
2026-08-24 01:21:39,964 INFO ncaa_identity: contest_id=468308 teams 2681/2681 matched, players 7494/7551 matched
2026-08-24 01:21:44,070 INFO ncaa_identity: contest_id=468349 teams 1345/2673 matched, players 3820/7574 matched
2026-08-24 01:21:48,742 INFO ncaa_identity: contest_id=468487 teams 2731/2731 matched, players 7665/7749 matched
2026-08-24 01:21:50,532 INFO ncaa_identity: contest_id=468514 teams 2348/2348 matched, players 6266/6636 matched
2026-08-24 01:21:53,035 INFO ncaa_identity: contest_id=468584 teams 2229/2229 matched, players 6087/6281 matched
2026-08-24 01:21:54,745 INFO ncaa_identity: contest_id=468681 teams 2814/2814 matched, players 7329/7975 matched
2026-08-24 01:21:57,801 INFO ncaa_identity: contest_id=468716 teams 2520/2520 matched, players 6023/7116 matched
2026-08-24 01:22:01,521 INFO ncaa_identity: contest_id=468759 teams 2798/2798 matched, players 7800/7918 matched
2026-08-24 01:22:03,130 INFO ncaa_identity: contest_id=468782 teams 2306/2306 matched, players 6325/6483 matched
2026-08-24 01:22:04,719 INFO ncaa_identity: contest_id=468817 teams 2523/2523 matched, players 6718/7077 matched
2026-08-24 01:22:06,326 INFO ncaa_identity: contest_id=468856 teams 2090/2090 matched, players 5527/5901 matched
2026-08-24 01:22:09,425 INFO ncaa_identity: contest_id=468948 teams 2174/2174 matched, players 834/836 matched
2026-08-24 01:22:10,945 INFO ncaa_identity: contest_id=468984 teams 2380/2380 matched, players 6197/6691 matched
2026-08-24 01:22:18,563 INFO ncaa_identity: contest_id=469158 teams 2233/2233 matched, players 5701/6328 matched
2026-08-24 01:22:19,954 INFO ncaa_identity: contest_id=469194 teams 2170/2170 matched, players 5705/6138 matched
2026-08-24 01:22:21,607 INFO ncaa_identity: contest_id=469239 teams 2363/2363 matched, players 6378/6672 matched
2026-08-24 01:22:23,303 INFO ncaa_identity: contest_id=469274 teams 2408/2408 matched, players 6517/6848 matched
2026-08-24 01:22:26,867 INFO ncaa_identity: contest_id=469296 teams 2523/2523 matched, players 6862/7179 matched
2026-08-24 01:22:34,439 INFO ncaa_identity: contest_id=469414 teams 2333/2333 matched, players 5624/6529 matched
2026-08-24 01:22:39,055 INFO ncaa_identity: contest_id=469534 teams 2385/2385 matched, players 6319/6712 matched
2026-08-24 01:22:43,736 INFO ncaa_identity: contest_id=469654 teams 2524/2524 matched, players 7022/7124 matched
2026-08-24 01:22:45,651 INFO ncaa_identity: contest_id=469725 teams 2598/2598 matched, players 5953/7366 matched
2026-08-24 01:22:47,430 INFO ncaa_identity: contest_id=469743 teams 2902/2902 matched, players 7673/8195 matched
2026-08-24 01:22:52,347 INFO ncaa_identity: contest_id=469815 teams 2487/2487 matched, players 7043/7071 matched
2026-08-24 01:22:55,555 INFO ncaa_identity: contest_id=469869 teams 2365/2365 matched, players 5884/6716 matched
2026-08-24 01:22:56,835 INFO ncaa_identity: contest_id=469915 teams 2488/2488 matched, players 6690/7020 matched
2026-08-24 01:22:58,415 INFO ncaa_identity: contest_id=469960 teams 980/2040 matched, players 1728/5760 matched
2026-08-24 01:23:05,139 INFO ncaa_identity: contest_id=470050 teams 2374/2374 matched, players 6120/6698 matched
2026-08-24 01:23:06,543 INFO ncaa_identity: contest_id=470080 teams 1172/2347 matched, players 3324/6654 matched
2026-08-24 01:23:11,748 INFO ncaa_identity: contest_id=470209 teams 2020/2020 matched, players 5361/5694 matched
2026-08-24 01:23:15,133 INFO ncaa_identity: contest_id=470341 teams 2212/2212 matched, players 5915/6229 matched
2026-08-24 01:23:16,486 INFO ncaa_identity: contest_id=470367 teams 2514/2514 matched, players 6751/7090 matched
2026-08-24 01:23:26,665 INFO ncaa_identity: contest_id=470506 teams 2521/2521 matched, players 5487/7124 matched
2026-08-24 01:23:28,552 INFO ncaa_identity: contest_id=470549 teams 1279/2564 matched, players 3502/7178 matched
2026-08-24 01:23:32,982 INFO ncaa_identity: contest_id=470697 teams 2613/2613 matched, players 6854/7371 matched
2026-08-24 01:23:36,538 INFO ncaa_identity: contest_id=470824 teams 2326/2326 matched, players 6282/6584 matched
2026-08-24 01:23:39,823 INFO ncaa_identity: contest_id=470864 teams 2383/2383 matched, players 6367/6723 matched
2026-08-24 01:23:46,818 INFO ncaa_identity: contest_id=470956 teams 2287/2287 matched, players 5260/6454 matched
2026-08-24 01:23:49,845 INFO ncaa_identity: contest_id=470990 teams 2798/2798 matched, players 7464/7927 matched
2026-08-24 01:23:51,277 INFO ncaa_identity: contest_id=471010 teams 2014/2014 matched, players 4967/5651 matched
2026-08-24 01:23:54,562 INFO ncaa_identity: contest_id=471101 teams 1187/2295 matched, players 3105/6460 matched
2026-08-24 01:23:56,373 INFO ncaa_identity: contest_id=471126 teams 2150/2150 matched, players 5539/6086 matched
2026-08-24 01:23:59,818 INFO ncaa_identity: contest_id=471177 teams 1253/2456 matched, players 3170/6926 matched
2026-08-24 01:24:01,154 INFO ncaa_identity: contest_id=471235 teams 2282/2282 matched, players 5910/6470 matched
2026-08-24 01:24:03,462 INFO ncaa_identity: contest_id=471284 teams 4016/4016 matched, players 10811/11516 matched
2026-08-24 01:24:04,775 INFO ncaa_identity: contest_id=471315 teams 2498/2498 matched, players 6116/7075 matched
2026-08-24 01:24:06,448 INFO ncaa_identity: contest_id=471340 teams 2417/2417 matched, players 5889/6781 matched
2026-08-24 01:24:07,831 INFO ncaa_identity: contest_id=471406 teams 2428/2428 matched, players 6634/6870 matched
2026-08-24 01:24:09,418 INFO ncaa_identity: contest_id=471460 teams 2218/2218 matched, players 6012/6222 matched
2026-08-24 01:24:10,734 INFO ncaa_identity: contest_id=471490 teams 2119/2119 matched, players 5537/5986 matched
2026-08-24 01:24:13,828 INFO ncaa_identity: contest_id=471554 teams 2092/2092 matched, players 5702/5902 matched
2026-08-24 01:24:16,912 INFO ncaa_identity: contest_id=471583 teams 2339/2339 matched, players 6159/6579 matched
2026-08-24 01:24:19,776 INFO ncaa_identity: contest_id=471614 teams 2294/2294 matched, players 6157/6442 matched
2026-08-24 01:24:23,073 INFO ncaa_identity: contest_id=471651 teams 2558/2558 matched, players 7025/7170 matched
2026-08-24 01:24:25,885 INFO ncaa_identity: contest_id=471758 teams 2613/2613 matched, players 6855/7413 matched
2026-08-24 01:24:28,523 INFO ncaa_identity: contest_id=471851 teams 1847/1847 matched, players 4870/5167 matched
2026-08-24 01:24:32,709 INFO ncaa_identity: contest_id=471961 teams 2696/2696 matched, players 5955/7679 matched
2026-08-24 01:24:39,792 INFO ncaa_identity: contest_id=472079 teams 2956/2956 matched, players 8023/8402 matched
2026-08-24 01:24:41,265 INFO ncaa_identity: contest_id=472102 teams 2256/2256 matched, players 5999/6383 matched
2026-08-24 01:24:42,898 INFO ncaa_identity: contest_id=472117 teams 1949/1949 matched, players 5419/5507 matched
2026-08-24 01:24:48,001 INFO ncaa_identity: contest_id=472248 teams 2312/2312 matched, players 6263/6481 matched
2026-08-24 01:24:52,483 INFO ncaa_identity: contest_id=472332 teams 2423/2423 matched, players 6304/6838 matched
2026-08-24 01:24:55,863 INFO ncaa_identity: contest_id=472415 teams 2917/2917 matched, players 7540/8298 matched
2026-08-24 01:24:57,424 INFO ncaa_identity: contest_id=472452 teams 2155/2155 matched, players 5963/6073 matched
2026-08-24 01:24:58,658 INFO ncaa_identity: contest_id=472521 teams 2170/2170 matched, players 5652/6080 matched
2026-08-24 01:25:00,149 INFO ncaa_identity: contest_id=472572 teams 2325/2325 matched, players 6458/6586 matched
2026-08-24 01:25:01,528 INFO 5 starters not found for period 5; using estimate
2026-08-24 01:25:03,284 INFO ncaa_identity: contest_id=472648 teams 2560/2560 matched, players 7182/7233 matched
2026-08-24 01:25:04,437 INFO ncaa_identity: contest_id=472661 teams 2092/2092 matched, players 5903/5922 matched
2026-08-24 01:25:05,933 INFO ncaa_identity: contest_id=472675 teams 2410/2410 matched, players 6568/6819 matched
2026-08-24 01:25:07,206 INFO ncaa_identity: contest_id=472691 teams 2418/2418 matched, players 6766/6776 matched
2026-08-24 01:25:08,888 INFO ncaa_identity: contest_id=472701 teams 2454/2454 matched, players 6493/6920 matched
2026-08-24 01:25:14,012 INFO ncaa_identity: contest_id=472742 teams 2267/2267 matched, players 5615/6342 matched
2026-08-24 01:25:32,690 INFO ncaa_identity: contest_id=472929 teams 2659/2659 matched, players 7030/7521 matched
2026-08-24 01:25:39,804 INFO ncaa_identity: contest_id=473041 teams 2244/2244 matched, players 5683/6282 matched
2026-08-24 01:25:54,396 INFO ncaa_identity: contest_id=473113 teams 2653/2653 matched, players 7033/7493 matched
2026-08-24 01:26:04,276 INFO ncaa_identity: contest_id=473158 teams 2335/2335 matched, players 6139/6582 matched
2026-08-24 01:26:24,333 INFO ncaa_identity: contest_id=473286 teams 2528/2528 matched, players 6844/7134 matched
2026-08-24 01:26:43,255 INFO ncaa_identity: contest_id=473399 teams 2822/2822 matched, players 7796/8022 matched
2026-08-24 01:26:55,898 INFO ncaa_identity: contest_id=473531 teams 2347/2347 matched, players 6078/6604 matched
2026-08-24 01:27:00,124 INFO ncaa_identity: contest_id=473596 teams 2114/2114 matched, players 5361/5934 matched
2026-08-24 01:27:03,890 INFO ncaa_identity: contest_id=473647 teams 1154/2359 matched, players 3260/6686 matched
2026-08-24 01:27:17,697 INFO ncaa_identity: contest_id=473728 teams 1168/2404 matched, players 3349/6738 matched
2026-08-24 01:27:22,179 INFO ncaa_identity: contest_id=473741 teams 2221/2221 matched, players 6176/6271 matched
2026-08-24 01:27:42,664 INFO ncaa_identity: contest_id=473836 teams 1983/1983 matched, players 4978/5567 matched
2026-08-24 01:27:46,678 INFO ncaa_identity: contest_id=473924 teams 1147/2313 matched, players 3270/6534 matched
2026-08-24 01:27:51,242 INFO ncaa_identity: contest_id=473940 teams 1263/2518 matched, players 3472/7067 matched
2026-08-24 01:28:08,471 INFO ncaa_identity: contest_id=474053 teams 2560/2560 matched, players 6755/7267 matched
2026-08-24 01:28:21,228 INFO ncaa_identity: contest_id=474107 teams 2277/2277 matched, players 5826/6458 matched
2026-08-24 01:28:26,005 INFO ncaa_identity: contest_id=474124 teams 2490/2490 matched, players 6906/7043 matched
2026-08-24 01:28:43,867 INFO ncaa_identity: contest_id=474287 teams 2553/2553 matched, players 6876/7271 matched
2026-08-24 01:28:47,890 INFO ncaa_identity: contest_id=474299 teams 2215/2215 matched, players 6062/6237 matched
2026-08-24 01:28:53,679 INFO ncaa_identity: contest_id=474310 teams 2578/2578 matched, players 6775/7282 matched
2026-08-24 01:29:18,683 INFO ncaa_identity: contest_id=474414 teams 2422/2422 matched, players 6295/6811 matched
2026-08-24 01:29:19,913 INFO ncaa_identity: contest_id=474432 teams 2484/2484 matched, players 6581/7015 matched
2026-08-24 01:29:21,533 INFO ncaa_identity: contest_id=474447 teams 2504/2504 matched, players 6607/7055 matched
2026-08-24 01:29:22,677 INFO ncaa_identity: contest_id=474536 teams 2369/2369 matched, players 6404/6659 matched
2026-08-24 01:29:24,201 INFO ncaa_identity: contest_id=474546 teams 2479/2479 matched, players 6990/7013 matched
2026-08-24 01:29:27,868 INFO ncaa_identity: contest_id=474577 teams 2500/2500 matched, players 6213/7072 matched
2026-08-24 01:29:29,566 INFO ncaa_identity: contest_id=474609 teams 1309/2692 matched, players 2858/7558 matched
2026-08-24 01:29:32,534 INFO ncaa_identity: contest_id=474642 teams 2777/2777 matched, players 7674/7842 matched
2026-08-24 01:29:34,117 INFO ncaa_identity: contest_id=474679 teams 2416/2416 matched, players 6632/6728 matched
2026-08-24 01:29:35,082 INFO ncaa_identity: contest_id=474689 teams 2239/2239 matched, players 5984/6368 matched
2026-08-24 01:29:36,344 INFO ncaa_identity: contest_id=474699 teams 2386/2386 matched, players 6478/6738 matched
2026-08-24 01:29:39,244 INFO ncaa_identity: contest_id=474738 teams 1103/2238 matched, players 2378/6278 matched
2026-08-24 01:29:43,580 INFO ncaa_identity: contest_id=474770 teams 1788/1788 matched, players 4618/5041 matched
2026-08-24 01:29:46,353 INFO ncaa_identity: contest_id=474806 teams 2405/2405 matched, players 6429/6801 matched
2026-08-24 01:29:48,666 INFO ncaa_identity: contest_id=474839 teams 2242/2242 matched, players 5755/6319 matched
2026-08-24 01:29:54,454 INFO ncaa_identity: contest_id=474927 teams 2364/2364 matched, players 6201/6713 matched
2026-08-24 01:29:56,150 INFO ncaa_identity: contest_id=474944 teams 2020/2020 matched, players 5552/5706 matched
2026-08-24 01:29:57,570 INFO ncaa_identity: contest_id=474954 teams 2330/2330 matched, players 6046/6588 matched
2026-08-24 01:29:59,242 INFO ncaa_identity: contest_id=474964 teams 2549/2549 matched, players 6576/7227 matched
2026-08-24 01:30:00,576 INFO ncaa_identity: contest_id=474974 teams 2556/2556 matched, players 6641/7235 matched
2026-08-24 01:30:02,122 INFO ncaa_identity: contest_id=474984 teams 2090/2090 matched, players 5437/5844 matched
2026-08-24 01:30:03,535 INFO ncaa_identity: contest_id=474994 teams 2503/2503 matched, players 6611/7082 matched
2026-08-24 01:30:06,531 INFO ncaa_identity: contest_id=475055 teams 2317/2317 matched, players 6021/6524 matched
2026-08-24 01:30:10,415 INFO ncaa_identity: contest_id=475109 teams 1888/1888 matched, players 4778/5306 matched
2026-08-24 01:30:15,410 INFO ncaa_identity: contest_id=475145 teams 1983/1983 matched, players 4895/5614 matched
2026-08-24 01:30:18,278 INFO ncaa_identity: contest_id=475165 teams 2107/2107 matched, players 5394/5941 matched
2026-08-24 01:30:19,580 INFO ncaa_identity: contest_id=475175 teams 2236/2236 matched, players 5928/6249 matched
2026-08-24 01:30:21,243 INFO ncaa_identity: contest_id=475185 teams 2332/2332 matched, players 6100/6522 matched
2026-08-24 01:30:24,098 INFO ncaa_identity: contest_id=475205 teams 2717/2717 matched, players 7547/7755 matched
2026-08-24 01:30:25,379 INFO ncaa_identity: contest_id=475216 teams 2410/2410 matched, players 6736/6759 matched
2026-08-24 01:30:28,075 INFO ncaa_identity: contest_id=475250 teams 2330/2330 matched, players 6020/6568 matched
2026-08-24 01:30:32,309 INFO ncaa_identity: contest_id=475318 teams 2196/2196 matched, players 4668/6210 matched
2026-08-24 01:30:42,370 INFO ncaa_identity: contest_id=475417 teams 2250/2250 matched, players 5596/6314 matched
2026-08-24 01:30:43,881 INFO ncaa_identity: contest_id=475427 teams 1061/2178 matched, players 3000/6156 matched
2026-08-24 01:30:45,018 INFO ncaa_identity: contest_id=475437 teams 1827/1827 matched, players 4658/5144 matched
2026-08-24 01:30:46,595 INFO ncaa_identity: contest_id=475451 teams 2233/2233 matched, players 6282/6312 matched
2026-08-24 01:30:50,928 INFO ncaa_identity: contest_id=475487 teams 2544/2544 matched, players 7179/7195 matched
2026-08-24 01:30:59,196 INFO ncaa_identity: contest_id=314730 teams 1482/2997 matched, players 4230/8472 matched
2026-08-24 01:31:00,656 INFO ncaa_identity: contest_id=314746 teams 2473/2473 matched, players 6697/6966 matched
2026-08-24 01:31:02,504 INFO ncaa_identity: contest_id=314761 teams 2738/2738 matched, players 7368/7708 matched
2026-08-24 01:31:06,789 INFO ncaa_identity: contest_id=314800 teams 2429/2429 matched, players 6369/6856 matched
2026-08-24 01:31:09,910 INFO ncaa_identity: contest_id=314823 teams 2561/2561 matched, players 6850/7225 matched
2026-08-24 01:31:13,160 INFO ncaa_identity: contest_id=314847 teams 3190/3190 matched, players 8768/8955 matched
2026-08-24 01:31:15,757 INFO ncaa_identity: contest_id=314873 teams 1600/1600 matched, players 584/590 matched
2026-08-24 01:31:18,854 INFO ncaa_identity: contest_id=314981 teams 3136/3136 matched, players 8001/8912 matched
2026-08-24 01:31:20,289 INFO ncaa_identity: contest_id=315011 teams 1334/2608 matched, players 3237/7375 matched
2026-08-24 01:31:22,045 INFO ncaa_identity: contest_id=315094 teams 2717/2717 matched, players 6989/7659 matched
2026-08-24 01:31:23,215 INFO ncaa_identity: contest_id=315108 teams 2018/2018 matched, players 5065/5666 matched
2026-08-24 01:31:26,896 INFO ncaa_identity: contest_id=315134 teams 3091/3091 matched, players 8673/8675 matched
2026-08-24 01:31:28,222 INFO ncaa_identity: contest_id=315147 teams 2197/2197 matched, players 5395/6214 matched
2026-08-24 01:31:29,797 INFO ncaa_identity: contest_id=315160 teams 2554/2554 matched, players 6879/7178 matched
2026-08-24 01:31:34,238 INFO ncaa_identity: contest_id=315212 teams 2848/2848 matched, players 7924/8107 matched
2026-08-24 01:31:35,741 INFO ncaa_identity: contest_id=315225 teams 1289/2606 matched, players 3614/7276 matched
2026-08-24 01:31:36,940 INFO ncaa_identity: contest_id=315236 teams 1231/2455 matched, players 3499/6943 matched
2026-08-24 01:31:42,639 INFO ncaa_identity: contest_id=315355 teams 1322/2547 matched, players 3703/7233 matched
2026-08-24 01:31:44,415 INFO ncaa_identity: contest_id=315388 teams 2716/2716 matched, players 7519/7621 matched
2026-08-24 01:31:46,259 INFO ncaa_identity: contest_id=315421 teams 1470/2827 matched, players 4067/7926 matched
2026-08-24 01:31:47,746 INFO ncaa_identity: contest_id=315512 teams 2402/2402 matched, players 6133/6783 matched
2026-08-24 01:31:49,003 INFO ncaa_identity: contest_id=315537 teams 2587/2587 matched, players 6669/7293 matched
2026-08-24 01:31:50,572 INFO ncaa_identity: contest_id=315553 teams 2263/2263 matched, players 4417/6341 matched
2026-08-24 01:31:52,027 INFO ncaa_identity: contest_id=315571 teams 1324/2712 matched, players 3772/7606 matched
2026-08-24 01:31:53,476 INFO ncaa_identity: contest_id=315583 teams 2288/2288 matched, players 5891/6410 matched
2026-08-24 01:31:56,625 INFO ncaa_identity: contest_id=315643 teams 2607/2607 matched, players 6850/7281 matched
2026-08-24 01:31:58,167 INFO ncaa_identity: contest_id=315658 teams 2357/2357 matched, players 6236/6656 matched
2026-08-24 01:32:01,160 INFO ncaa_identity: contest_id=315692 teams 2390/2390 matched, players 6319/6709 matched
2026-08-24 01:32:02,623 INFO ncaa_identity: contest_id=315710 teams 1514/2984 matched, players 4262/8403 matched
2026-08-24 01:32:04,026 INFO ncaa_identity: contest_id=315748 teams 2318/2318 matched, players 6468/6520 matched
2026-08-24 01:32:05,310 INFO ncaa_identity: contest_id=315788 teams 2603/2603 matched, players 7326/7364 matched
2026-08-24 01:32:06,778 INFO ncaa_identity: contest_id=315820 teams 2936/2936 matched, players 7925/8299 matched
2026-08-24 01:32:08,206 INFO ncaa_identity: contest_id=315835 teams 1519/3105 matched, players 4408/8791 matched
2026-08-24 01:32:09,708 INFO ncaa_identity: contest_id=315958 teams 2391/2391 matched, players 6278/6762 matched
2026-08-24 01:32:12,476 INFO ncaa_identity: contest_id=316048 teams 2470/2470 matched, players 6472/6922 matched
2026-08-24 01:32:13,899 INFO ncaa_identity: contest_id=316090 teams 2856/2856 matched, players 7242/8057 matched
2026-08-24 01:32:18,676 INFO ncaa_identity: contest_id=316327 teams 1616/3291 matched, players 4599/9345 matched
2026-08-24 01:32:19,798 INFO ncaa_identity: contest_id=316343 teams 2171/2171 matched, players 5276/6096 matched
2026-08-24 01:32:21,547 INFO ncaa_identity: contest_id=316361 teams 3482/3482 matched, players 9773/9882 matched
2026-08-24 01:32:22,762 INFO ncaa_identity: contest_id=316380 teams 2425/2425 matched, players 6484/6861 matched
2026-08-24 01:32:27,618 INFO ncaa_identity: contest_id=316416 teams 2563/2563 matched, players 6924/7208 matched
2026-08-24 01:32:34,365 INFO ncaa_identity: contest_id=316547 teams 1470/2836 matched, players 4062/8050 matched
2026-08-24 01:32:36,464 INFO ncaa_identity: contest_id=316601 teams 1376/2731 matched, players 3881/7732 matched
2026-08-24 01:32:43,654 INFO ncaa_identity: contest_id=316750 teams 2165/2165 matched, players 5745/6100 matched
2026-08-24 01:32:47,634 INFO ncaa_identity: contest_id=316860 teams 2758/2758 matched, players 7638/7826 matched
2026-08-24 01:32:49,362 INFO ncaa_identity: contest_id=316873 teams 2546/2546 matched, players 6711/7188 matched
2026-08-24 01:32:52,503 INFO ncaa_identity: contest_id=316919 teams 2447/2447 matched, players 6759/6897 matched
2026-08-24 01:32:57,495 INFO ncaa_identity: contest_id=316967 teams 2971/2971 matched, players 8290/8455 matched
2026-08-24 01:33:00,812 INFO ncaa_identity: contest_id=317006 teams 2647/2647 matched, players 6773/7496 matched
2026-08-24 01:33:06,571 INFO ncaa_identity: contest_id=317068 teams 2765/2765 matched, players 693/835 matched
2026-08-24 01:33:09,596 INFO ncaa_identity: contest_id=317108 teams 1937/1937 matched, players 5377/5473 matched
2026-08-24 01:33:10,819 INFO ncaa_identity: contest_id=317141 teams 2272/2272 matched, players 5957/6429 matched
2026-08-24 01:33:12,546 INFO ncaa_identity: contest_id=317169 teams 2703/2703 matched, players 7580/7589 matched
2026-08-24 01:33:15,840 INFO ncaa_identity: contest_id=317234 teams 2728/2728 matched, players 7015/7637 matched
2026-08-24 01:33:17,737 INFO ncaa_identity: contest_id=317283 teams 2704/2704 matched, players 7581/7590 matched
2026-08-24 01:33:20,684 INFO ncaa_identity: contest_id=317322 teams 2238/2238 matched, players 6179/6272 matched
2026-08-24 01:33:31,788 INFO ncaa_identity: contest_id=317494 teams 2060/2060 matched, players 5374/5791 matched
2026-08-24 01:33:33,660 INFO ncaa_identity: contest_id=317513 teams 2665/2665 matched, players 6183/7535 matched
2026-08-24 01:33:34,908 INFO ncaa_identity: contest_id=317535 teams 1030/2047 matched, players 2860/5741 matched
2026-08-24 01:33:38,486 INFO ncaa_identity: contest_id=317613 teams 2404/2404 matched, players 6424/6726 matched
2026-08-24 01:33:40,262 INFO ncaa_identity: contest_id=317640 teams 2446/2446 matched, players 5254/6885 matched
2026-08-24 01:33:42,009 INFO ncaa_identity: contest_id=317673 teams 1465/2742 matched, players 4011/7796 matched
2026-08-24 01:33:43,741 INFO ncaa_identity: contest_id=317730 teams 937/1891 matched, players 321/682 matched
2026-08-24 01:33:47,654 INFO ncaa_identity: contest_id=317795 teams 2581/2581 matched, players 7218/7289 matched
2026-08-24 01:33:50,886 INFO ncaa_identity: contest_id=317836 teams 1225/2427 matched, players 3427/6838 matched
2026-08-24 01:33:52,253 INFO ncaa_identity: contest_id=317874 teams 2484/2484 matched, players 6483/7045 matched
2026-08-24 01:33:55,290 INFO ncaa_identity: contest_id=317951 teams 1127/2230 matched, players 3104/6237 matched
2026-08-24 01:34:00,104 INFO ncaa_identity: contest_id=318026 teams 1141/2212 matched, players 3143/6260 matched
2026-08-24 01:34:03,315 INFO ncaa_identity: contest_id=318105 teams 1072/2100 matched, players 2671/5884 matched
2026-08-24 01:34:06,822 INFO ncaa_identity: contest_id=318161 teams 2477/2477 matched, players 5947/6977 matched
2026-08-24 01:34:08,204 INFO ncaa_identity: contest_id=318226 teams 2242/2242 matched, players 5587/6316 matched
2026-08-24 01:34:09,964 INFO ncaa_identity: contest_id=318281 teams 2656/2656 matched, players 7480/7483 matched
2026-08-24 01:34:13,128 INFO ncaa_identity: contest_id=318372 teams 2505/2505 matched, players 6065/7092 matched
2026-08-24 01:34:14,434 INFO ncaa_identity: contest_id=318407 teams 2606/2606 matched, players 6962/7379 matched
2026-08-24 01:34:18,048 INFO ncaa_identity: contest_id=318543 teams 2898/2898 matched, players 7773/8224 matched
2026-08-24 01:34:23,091 INFO ncaa_identity: contest_id=318597 teams 1955/1955 matched, players 4973/5522 matched
2026-08-24 01:34:28,473 INFO ncaa_identity: contest_id=318633 teams 2450/2450 matched, players 6665/6921 matched
2026-08-24 01:34:30,380 INFO ncaa_identity: contest_id=318651 teams 1168/2307 matched, players 3202/6495 matched
2026-08-24 01:34:31,836 INFO ncaa_identity: contest_id=318670 teams 2358/2358 matched, players 6494/6626 matched
2026-08-24 01:34:33,449 INFO ncaa_identity: contest_id=318693 teams 2303/2303 matched, players 6393/6504 matched
2026-08-24 01:34:36,742 INFO ncaa_identity: contest_id=318778 teams 2825/2825 matched, players 6587/8085 matched
2026-08-24 01:34:38,456 INFO ncaa_identity: contest_id=318801 teams 2527/2527 matched, players 6820/7121 matched
2026-08-24 01:34:40,137 INFO ncaa_identity: contest_id=318848 teams 2236/2236 matched, players 5909/6194 matched
2026-08-24 01:34:53,733 INFO ncaa_identity: contest_id=319123 teams 2563/2563 matched, players 6781/7185 matched
2026-08-24 01:34:57,517 INFO ncaa_identity: contest_id=319213 teams 2044/2044 matched, players 719/759 matched
2026-08-24 01:34:59,208 INFO ncaa_identity: contest_id=319286 teams 2430/2430 matched, players 6707/6829 matched
2026-08-24 01:35:00,816 INFO ncaa_identity: contest_id=319318 teams 1254/2470 matched, players 3083/6954 matched
2026-08-24 01:35:03,969 INFO ncaa_identity: contest_id=319375 teams 2776/2776 matched, players 7613/7856 matched
2026-08-24 01:35:06,028 INFO ncaa_identity: contest_id=319426 teams 2551/2551 matched, players 6515/7191 matched
2026-08-24 01:35:07,782 INFO ncaa_identity: contest_id=319492 teams 2399/2399 matched, players 6344/6761 matched
2026-08-24 01:35:11,526 INFO ncaa_identity: contest_id=319524 teams 2375/2375 matched, players 5727/6698 matched
2026-08-24 01:35:13,574 INFO ncaa_identity: contest_id=319535 teams 2270/2270 matched, players 6023/6417 matched
2026-08-24 01:35:15,184 INFO ncaa_identity: contest_id=319545 teams 2265/2265 matched, players 6188/6403 matched
2026-08-24 01:35:17,067 INFO ncaa_identity: contest_id=319557 teams 2824/2824 matched, players 7929/7992 matched
2026-08-24 01:35:21,523 INFO ncaa_identity: contest_id=319610 teams 2179/2179 matched, players 6058/6117 matched
2026-08-24 01:35:23,479 INFO ncaa_identity: contest_id=319656 teams 3198/3198 matched, players 9012/9072 matched
2026-08-24 01:35:25,443 INFO ncaa_identity: contest_id=319686 teams 2469/2469 matched, players 6232/6953 matched
2026-08-24 01:35:26,955 INFO ncaa_identity: contest_id=319714 teams 1563/3061 matched, players 4226/8686 matched
2026-08-24 01:35:30,244 INFO ncaa_identity: contest_id=319779 teams 2508/2508 matched, players 6792/7044 matched
2026-08-24 01:35:31,731 INFO ncaa_identity: contest_id=319795 teams 2283/2283 matched, players 6009/6427 matched
2026-08-24 01:35:33,047 INFO ncaa_identity: contest_id=319840 teams 1291/2620 matched, players 3772/7421 matched
2026-08-24 01:35:36,146 INFO ncaa_identity: contest_id=319900 teams 2520/2520 matched, players 7021/7075 matched
2026-08-24 01:35:40,809 INFO ncaa_identity: contest_id=320010 teams 1141/2302 matched, players 3266/6510 matched
2026-08-24 01:35:42,620 INFO ncaa_identity: contest_id=320051 teams 2825/2825 matched, players 7855/7971 matched
2026-08-24 01:35:43,661 INFO ncaa_identity: contest_id=320101 teams 1892/1892 matched, players 5278/5328 matched
2026-08-24 01:35:45,123 INFO ncaa_identity: contest_id=320118 teams 2205/2205 matched, players 5799/6226 matched
2026-08-24 01:35:46,459 INFO ncaa_identity: contest_id=320137 teams 2205/2205 matched, players 5486/6245 matched
2026-08-24 01:35:47,701 INFO ncaa_identity: contest_id=320150 teams 2408/2408 matched, players 5711/6830 matched
2026-08-24 01:35:49,412 INFO ncaa_identity: contest_id=320163 teams 2509/2509 matched, players 5883/7066 matched
2026-08-24 01:35:50,722 INFO ncaa_identity: contest_id=320179 teams 2025/2025 matched, players 5564/5708 matched
2026-08-24 01:35:53,597 INFO ncaa_identity: contest_id=320263 teams 2613/2613 matched, players 7093/7331 matched
2026-08-24 01:35:55,272 INFO ncaa_identity: contest_id=320278 teams 1166/2260 matched, players 3246/6408 matched
2026-08-24 01:36:00,950 INFO ncaa_identity: contest_id=320374 teams 2669/2669 matched, players 7195/7554 matched
2026-08-24 01:36:02,470 INFO ncaa_identity: contest_id=320384 teams 1416/2845 matched, players 3908/8008 matched
2026-08-24 01:36:03,983 INFO ncaa_identity: contest_id=320400 teams 2447/2447 matched, players 6814/6874 matched
2026-08-24 01:36:06,752 INFO ncaa_identity: contest_id=320435 teams 1185/2471 matched, players 3583/7028 matched
2026-08-24 01:36:08,422 INFO ncaa_identity: contest_id=320451 teams 2740/2740 matched, players 7322/7748 matched
2026-08-24 01:36:09,889 INFO ncaa_identity: contest_id=320462 teams 2527/2527 matched, players 6612/7141 matched
2026-08-24 01:36:11,851 INFO ncaa_identity: contest_id=320474 teams 3028/3028 matched, players 8494/8549 matched
2026-08-24 01:36:14,033 INFO ncaa_identity: contest_id=320496 teams 1034/2072 matched, players 2896/5862 matched
2026-08-24 01:36:15,593 INFO ncaa_identity: contest_id=320507 teams 2789/2789 matched, players 7317/7925 matched
2026-08-24 01:36:21,426 INFO ncaa_identity: contest_id=320553 teams 3029/3029 matched, players 7914/8600 matched
2026-08-24 01:36:23,161 INFO ncaa_identity: contest_id=320565 teams 2369/2369 matched, players 6283/6681 matched
2026-08-24 01:36:24,590 INFO ncaa_identity: contest_id=320575 teams 2262/2262 matched, players 6064/6378 matched
2026-08-24 01:36:27,814 INFO ncaa_identity: contest_id=320601 teams 2251/2251 matched, players 5816/6283 matched
2026-08-24 01:36:32,632 INFO ncaa_identity: contest_id=320643 teams 2206/2206 matched, players 5914/6254 matched
2026-08-24 01:36:40,450 INFO ncaa_identity: contest_id=320734 teams 2463/2463 matched, players 6545/6903 matched
2026-08-24 01:36:45,584 INFO ncaa_identity: contest_id=320780 teams 2477/2477 matched, players 6745/6986 matched
2026-08-24 01:36:48,445 INFO ncaa_identity: contest_id=320879 teams 2328/2328 matched, players 6146/6549 matched
2026-08-24 01:36:53,212 INFO ncaa_identity: contest_id=320974 teams 2721/2721 matched, players 7486/7663 matched
2026-08-24 01:36:54,884 INFO ncaa_identity: contest_id=321009 teams 2564/2564 matched, players 6332/7239 matched
2026-08-24 01:36:57,136 INFO ncaa_identity: contest_id=321079 teams 2758/2758 matched, players 7481/7767 matched
2026-08-24 01:36:58,784 INFO ncaa_identity: contest_id=321109 teams 1171/2353 matched, players 3314/6610 matched
2026-08-24 01:37:02,235 INFO ncaa_identity: contest_id=321155 teams 1289/2562 matched, players 3529/7251 matched
2026-08-24 01:37:04,130 INFO ncaa_identity: contest_id=321174 teams 2590/2590 matched, players 6826/7299 matched
2026-08-24 01:37:05,557 INFO ncaa_identity: contest_id=321195 teams 2605/2605 matched, players 6807/7400 matched
2026-08-24 01:37:11,068 INFO ncaa_identity: contest_id=321266 teams 1426/3027 matched, players 4168/8608 matched
2026-08-24 01:37:14,686 INFO ncaa_identity: contest_id=321287 teams 2279/2279 matched, players 5610/6394 matched
2026-08-24 01:37:16,378 INFO ncaa_identity: contest_id=321297 teams 1283/2480 matched, players 3555/6987 matched
2026-08-24 01:37:18,412 INFO ncaa_identity: contest_id=321309 teams 2440/2440 matched, players 6634/6918 matched
2026-08-24 01:37:20,099 INFO ncaa_identity: contest_id=321332 teams 2587/2587 matched, players 6523/7310 matched
2026-08-24 01:37:21,788 INFO ncaa_identity: contest_id=321356 teams 2501/2501 matched, players 6751/7108 matched
2026-08-24 01:37:23,226 INFO ncaa_identity: contest_id=321371 teams 2457/2457 matched, players 6275/6858 matched
2026-08-24 01:37:28,527 INFO ncaa_identity: contest_id=321541 teams 2455/2455 matched, players 6796/6914 matched
2026-08-24 01:37:31,929 INFO ncaa_identity: contest_id=321600 teams 2908/2908 matched, players 7641/8168 matched
2026-08-24 01:37:36,873 INFO ncaa_identity: contest_id=321702 teams 2755/2755 matched, players 7749/7870 matched
2026-08-24 01:37:40,678 INFO ncaa_identity: contest_id=321757 teams 1306/2490 matched, players 3521/6965 matched
2026-08-24 01:37:44,068 INFO ncaa_identity: contest_id=321788 teams 2219/2219 matched, players 5780/6259 matched
2026-08-24 01:37:53,135 INFO ncaa_identity: contest_id=321999 teams 2728/2728 matched, players 7570/7671 matched
2026-08-24 01:37:55,148 INFO ncaa_identity: contest_id=322052 teams 3166/3166 matched, players 8551/8984 matched
2026-08-24 01:37:56,690 INFO ncaa_identity: contest_id=322101 teams 2420/2420 matched, players 6471/6788 matched
2026-08-24 01:37:58,535 INFO ncaa_identity: contest_id=322124 teams 2487/2487 matched, players 6011/7055 matched
2026-08-24 01:38:00,103 INFO ncaa_identity: contest_id=322144 teams 1408/2896 matched, players 3861/8172 matched
2026-08-24 01:38:01,827 INFO ncaa_identity: contest_id=322168 teams 2521/2521 matched, players 6939/7072 matched
2026-08-24 01:38:03,033 INFO ncaa_identity: contest_id=322187 teams 2086/2086 matched, players 5397/5915 matched
2026-08-24 01:38:07,956 INFO ncaa_identity: contest_id=322282 teams 1171/2300 matched, players 3250/6415 matched
2026-08-24 01:38:19,710 INFO ncaa_identity: contest_id=322490 teams 1481/3010 matched, players 4132/8499 matched
2026-08-24 01:38:21,555 INFO ncaa_identity: contest_id=322525 teams 2773/2773 matched, players 7603/7831 matched
2026-08-24 01:38:24,562 INFO ncaa_identity: contest_id=322623 teams 2679/2679 matched, players 7070/7514 matched
2026-08-24 01:38:28,029 INFO ncaa_identity: contest_id=322703 teams 2392/2392 matched, players 6580/6692 matched
2026-08-24 01:38:29,454 INFO ncaa_identity: contest_id=322734 teams 2337/2337 matched, players 6062/6625 matched
2026-08-24 01:38:31,165 INFO ncaa_identity: contest_id=322762 teams 2561/2561 matched, players 6634/7255 matched
2026-08-24 01:38:32,200 INFO ncaa_identity: contest_id=322837 teams 1793/1793 matched, players 4565/5050 matched
2026-08-24 01:38:36,662 INFO ncaa_identity: contest_id=322914 teams 2351/2351 matched, players 6188/6658 matched
2026-08-24 01:38:37,795 INFO ncaa_identity: contest_id=322928 teams 2166/2166 matched, players 5777/6134 matched
2026-08-24 01:38:39,645 INFO ncaa_identity: contest_id=322977 teams 2803/2803 matched, players 7837/7909 matched
2026-08-24 01:38:43,553 INFO ncaa_identity: contest_id=323087 teams 2031/2031 matched, players 5060/5737 matched
2026-08-24 01:38:50,255 INFO ncaa_identity: contest_id=323244 teams 3299/3299 matched, players 7909/9367 matched
2026-08-24 01:38:53,418 INFO ncaa_identity: contest_id=323299 teams 2399/2399 matched, players 6202/6755 matched
2026-08-24 01:38:55,173 INFO ncaa_identity: contest_id=323327 teams 2284/2284 matched, players 5567/6459 matched
2026-08-24 01:38:58,677 INFO ncaa_identity: contest_id=323394 teams 2105/2105 matched, players 5571/5976 matched
2026-08-24 01:39:00,284 INFO ncaa_identity: contest_id=323461 teams 2398/2398 matched, players 6438/6804 matched
2026-08-24 01:39:05,179 INFO ncaa_identity: contest_id=323546 teams 2641/2641 matched, players 7163/7416 matched
2026-08-24 01:39:06,245 INFO ncaa_identity: contest_id=323556 teams 1715/1715 matched, players 4599/4796 matched
2026-08-24 01:39:08,373 INFO ncaa_identity: contest_id=323569 teams 3553/3553 matched, players 9341/10061 matched
2026-08-24 01:39:09,833 INFO ncaa_identity: contest_id=323597 teams 2405/2405 matched, players 6722/6777 matched
2026-08-24 01:39:14,886 INFO ncaa_identity: contest_id=323683 teams 2441/2441 matched, players 6473/6838 matched
2026-08-24 01:39:16,240 INFO ncaa_identity: contest_id=323734 teams 2094/2094 matched, players 5778/5862 matched
2026-08-24 01:39:25,715 INFO ncaa_identity: contest_id=324015 teams 2573/2573 matched, players 6518/7299 matched
2026-08-24 01:39:27,620 INFO ncaa_identity: contest_id=324027 teams 3425/3425 matched, players 9029/9745 matched
2026-08-24 01:39:30,492 INFO ncaa_identity: contest_id=324065 teams 2442/2442 matched, players 6427/6837 matched
2026-08-24 01:39:31,758 INFO ncaa_identity: contest_id=324110 teams 2153/2153 matched, players 5779/6088 matched
2026-08-24 01:39:39,291 INFO ncaa_identity: contest_id=324319 teams 2322/2322 matched, players 6310/6503 matched
2026-08-24 01:39:41,013 INFO ncaa_identity: contest_id=324358 teams 2500/2500 matched, players 6967/7059 matched
2026-08-24 01:39:43,001 INFO ncaa_identity: contest_id=324384 teams 2435/2435 matched, players 6161/6841 matched
2026-08-24 01:39:50,970 INFO ncaa_identity: contest_id=324568 teams 2350/2350 matched, players 6235/6681 matched
2026-08-24 01:39:52,777 INFO ncaa_identity: contest_id=324623 teams 2279/2279 matched, players 6050/6444 matched
2026-08-24 01:39:59,258 INFO ncaa_identity: contest_id=324688 teams 2284/2284 matched, players 5512/6430 matched
2026-08-24 01:40:02,815 INFO ncaa_identity: contest_id=324725 teams 2138/2138 matched, players 5918/6008 matched
2026-08-24 01:40:02,920 INFO 5 starters not found for period 1; using estimate
2026-08-24 01:40:04,512 INFO ncaa_identity: contest_id=324739 teams 2066/2066 matched, players 5538/5795 matched
2026-08-24 01:40:06,206 INFO ncaa_identity: contest_id=324786 teams 2289/2289 matched, players 6064/6438 matched
2026-08-24 01:40:11,044 INFO ncaa_identity: contest_id=324944 teams 2406/2406 matched, players 6765/6792 matched
2026-08-24 01:40:12,600 INFO ncaa_identity: contest_id=324967 teams 1061/2139 matched, players 3011/6065 matched
2026-08-24 01:40:23,362 INFO ncaa_identity: contest_id=325162 teams 2066/2066 matched, players 5503/5811 matched
2026-08-24 01:40:25,014 INFO ncaa_identity: contest_id=325211 teams 2190/2190 matched, players 5837/6159 matched
2026-08-24 01:40:27,712 INFO ncaa_identity: contest_id=325277 teams 2390/2390 matched, players 6489/6730 matched
2026-08-24 01:40:30,662 INFO ncaa_identity: contest_id=325361 teams 2128/2128 matched, players 5737/6020 matched
2026-08-24 01:40:32,252 INFO ncaa_identity: contest_id=325413 teams 2004/2004 matched, players 5343/5603 matched
2026-08-24 01:40:33,496 INFO ncaa_identity: contest_id=325443 teams 1338/2659 matched, players 3764/7565 matched
2026-08-24 01:40:35,024 INFO ncaa_identity: contest_id=325471 teams 2205/2205 matched, players 6120/6240 matched
2026-08-24 01:40:36,313 INFO ncaa_identity: contest_id=325504 teams 2240/2240 matched, players 5905/6261 matched
2026-08-24 01:40:37,928 INFO ncaa_identity: contest_id=325531 teams 2459/2459 matched, players 6086/6879 matched
2026-08-24 01:40:39,071 INFO ncaa_identity: contest_id=325551 teams 2400/2400 matched, players 6256/6782 matched
2026-08-24 01:40:40,365 INFO ncaa_identity: contest_id=325578 teams 2213/2213 matched, players 5072/6227 matched
2026-08-24 01:40:41,625 INFO ncaa_identity: contest_id=325630 teams 2007/2007 matched, players 5225/5674 matched
2026-08-24 01:40:45,638 INFO ncaa_identity: contest_id=325760 teams 2243/2243 matched, players 5945/6326 matched
2026-08-24 01:40:49,349 INFO ncaa_identity: contest_id=325801 teams 2282/2282 matched, players 5941/6420 matched
2026-08-24 01:40:50,964 INFO ncaa_identity: contest_id=325833 teams 2473/2473 matched, players 6408/6952 matched
2026-08-24 01:40:52,190 INFO ncaa_identity: contest_id=325857 teams 2590/2590 matched, players 6755/7293 matched
2026-08-24 01:40:53,715 INFO ncaa_identity: contest_id=325926 teams 2061/2061 matched, players 5612/5812 matched
2026-08-24 01:40:58,992 INFO ncaa_identity: contest_id=326096 teams 2143/2143 matched, players 5579/6058 matched
2026-08-24 01:41:01,699 INFO ncaa_identity: contest_id=326187 teams 2443/2443 matched, players 6388/6902 matched
2026-08-24 01:41:04,126 INFO ncaa_identity: contest_id=326243 teams 2196/2196 matched, players 5703/6185 matched
2026-08-24 01:41:05,507 INFO ncaa_identity: contest_id=326259 teams 1792/1792 matched, players 663/670 matched
2026-08-24 01:41:06,727 INFO ncaa_identity: contest_id=326279 teams 1945/1945 matched, players 5199/5437 matched
2026-08-24 01:41:14,263 INFO ncaa_identity: contest_id=326465 teams 2372/2372 matched, players 6565/6606 matched
2026-08-24 01:41:19,201 INFO ncaa_identity: contest_id=326591 teams 1136/2339 matched, players 3301/6563 matched
2026-08-24 01:41:20,999 INFO ncaa_identity: contest_id=326619 teams 2419/2419 matched, players 6762/6832 matched
2026-08-24 01:41:22,543 INFO ncaa_identity: contest_id=326653 teams 2304/2304 matched, players 6440/6471 matched
2026-08-24 01:41:24,204 INFO ncaa_identity: contest_id=326671 teams 2518/2518 matched, players 6357/7035 matched
2026-08-24 01:41:25,592 INFO ncaa_identity: contest_id=326691 teams 2594/2594 matched, players 6983/7341 matched
2026-08-24 01:41:27,252 INFO ncaa_identity: contest_id=326718 teams 2292/2292 matched, players 5930/6452 matched
2026-08-24 01:41:35,166 INFO ncaa_identity: contest_id=326895 teams 2901/2901 matched, players 7976/8290 matched
2026-08-24 01:41:36,780 INFO ncaa_identity: contest_id=326907 teams 2068/2068 matched, players 5779/5815 matched
2026-08-24 01:41:38,367 INFO ncaa_identity: contest_id=326932 teams 1233/2580 matched, players 3577/7343 matched
2026-08-24 01:41:40,108 INFO ncaa_identity: contest_id=326946 teams 2593/2593 matched, players 7013/7361 matched
2026-08-24 01:41:43,430 INFO ncaa_identity: contest_id=327054 teams 2281/2281 matched, players 6314/6406 matched
2026-08-24 01:41:44,983 INFO ncaa_identity: contest_id=327105 teams 1257/2465 matched, players 2892/6997 matched
2026-08-24 01:41:52,347 INFO ncaa_identity: contest_id=327295 teams 2307/2307 matched, players 6402/6501 matched
2026-08-24 01:41:53,716 INFO ncaa_identity: contest_id=327310 teams 2316/2316 matched, players 6447/6511 matched
2026-08-24 01:41:58,579 INFO ncaa_identity: contest_id=327382 teams 1039/2120 matched, players 2955/5976 matched
2026-08-24 01:42:05,676 INFO ncaa_identity: contest_id=327595 teams 2368/2368 matched, players 5957/6595 matched
2026-08-24 01:42:08,418 INFO ncaa_identity: contest_id=327666 teams 2045/2045 matched, players 4957/5800 matched
2026-08-24 01:42:15,654 INFO ncaa_identity: contest_id=327791 teams 1808/1808 matched, players 4645/5099 matched
2026-08-24 01:42:17,248 INFO ncaa_identity: contest_id=327866 teams 1813/1813 matched, players 4913/5112 matched
2026-08-24 01:42:18,540 INFO ncaa_identity: contest_id=327923 teams 1175/2294 matched, players 3265/6492 matched
2026-08-24 01:42:19,883 INFO ncaa_identity: contest_id=327946 teams 2026/2026 matched, players 5449/5687 matched
2026-08-24 01:42:22,651 INFO ncaa_identity: contest_id=327977 teams 2114/2114 matched, players 5771/5936 matched
2026-08-24 01:42:28,115 INFO ncaa_identity: contest_id=328040 teams 2228/2228 matched, players 5208/6269 matched
2026-08-24 01:42:29,346 INFO ncaa_identity: contest_id=328064 teams 1914/1914 matched, players 5031/5365 matched
2026-08-24 01:42:32,294 INFO ncaa_identity: contest_id=328181 teams 2217/2217 matched, players 5342/6272 matched
2026-08-24 01:42:36,449 INFO ncaa_identity: contest_id=328293 teams 2451/2451 matched, players 6669/6953 matched
2026-08-24 01:42:39,139 INFO ncaa_identity: contest_id=328400 teams 2616/2616 matched, players 7275/7416 matched
2026-08-24 01:42:41,038 INFO ncaa_identity: contest_id=328413 teams 2119/2119 matched, players 5074/5904 matched
2026-08-24 01:42:44,627 INFO ncaa_identity: contest_id=328444 teams 2621/2621 matched, players 7131/7366 matched
2026-08-24 01:42:53,401 INFO ncaa_identity: contest_id=328607 teams 2184/2184 matched, players 6109/6151 matched
2026-08-24 01:43:03,233 INFO ncaa_identity: contest_id=328815 teams 2536/2536 matched, players 7083/7148 matched
2026-08-24 01:43:05,213 INFO ncaa_identity: contest_id=328831 teams 2380/2380 matched, players 6147/6750 matched
2026-08-24 01:43:06,834 INFO ncaa_identity: contest_id=328850 teams 2635/2635 matched, players 6783/7420 matched
2026-08-24 01:43:10,439 INFO ncaa_identity: contest_id=328959 teams 2662/2662 matched, players 6824/7477 matched
2026-08-24 01:43:15,243 INFO ncaa_identity: contest_id=329041 teams 2185/2185 matched, players 5746/6153 matched
2026-08-24 01:43:16,770 INFO ncaa_identity: contest_id=329052 teams 2630/2630 matched, players 6866/7428 matched
2026-08-24 01:43:18,412 INFO ncaa_identity: contest_id=329064 teams 2197/2197 matched, players 6013/6210 matched
2026-08-24 01:43:20,011 INFO ncaa_identity: contest_id=329090 teams 1234/2499 matched, players 3449/7072 matched
2026-08-24 01:43:23,496 INFO ncaa_identity: contest_id=329114 teams 2505/2505 matched, players 6458/7096 matched
2026-08-24 01:43:29,640 INFO ncaa_identity: contest_id=329274 teams 2233/2233 matched, players 6007/6328 matched
2026-08-24 01:43:31,692 INFO ncaa_identity: contest_id=329293 teams 2538/2538 matched, players 6964/7129 matched
2026-08-24 01:43:33,093 INFO ncaa_identity: contest_id=329354 teams 2290/2290 matched, players 6384/6433 matched
2026-08-24 01:43:34,503 INFO ncaa_identity: contest_id=329378 teams 1991/1991 matched, players 5153/5591 matched
2026-08-24 01:43:36,245 INFO ncaa_identity: contest_id=329394 teams 2523/2523 matched, players 6813/7131 matched
2026-08-24 01:43:39,371 INFO ncaa_identity: contest_id=329428 teams 2065/2065 matched, players 5372/5795 matched
2026-08-24 01:43:41,293 INFO ncaa_identity: contest_id=329447 teams 2036/2036 matched, players 5417/5705 matched
2026-08-24 01:43:47,575 INFO ncaa_identity: contest_id=329588 teams 2179/2179 matched, players 6095/6117 matched
2026-08-24 01:43:51,317 INFO ncaa_identity: contest_id=329634 teams 2598/2598 matched, players 6994/7318 matched
2026-08-24 01:43:53,012 INFO ncaa_identity: contest_id=329659 teams 2745/2745 matched, players 7404/7779 matched
2026-08-24 01:43:54,662 INFO ncaa_identity: contest_id=329670 teams 2230/2230 matched, players 6158/6289 matched
2026-08-24 01:43:56,726 INFO ncaa_identity: contest_id=329684 teams 2669/2669 matched, players 7159/7518 matched
2026-08-24 01:43:59,896 INFO ncaa_identity: contest_id=329715 teams 2522/2522 matched, players 6976/7138 matched
2026-08-24 01:44:11,852 INFO ncaa_identity: contest_id=329881 teams 2131/2131 matched, players 5780/6070 matched
2026-08-24 01:44:13,578 INFO ncaa_identity: contest_id=329891 teams 2158/2158 matched, players 5567/6082 matched
2026-08-24 01:44:15,039 INFO ncaa_identity: contest_id=329920 teams 2242/2242 matched, players 6310/6342 matched
2026-08-24 01:44:16,615 INFO ncaa_identity: contest_id=329930 teams 2098/2098 matched, players 5426/5905 matched
2026-08-24 01:44:18,373 INFO ncaa_identity: contest_id=329940 teams 2834/2834 matched, players 7533/7997 matched
2026-08-24 01:44:19,945 INFO ncaa_identity: contest_id=329963 teams 2100/2100 matched, players 5578/5944 matched
2026-08-24 01:44:23,085 INFO ncaa_identity: contest_id=330006 teams 2433/2433 matched, players 6532/6869 matched
2026-08-24 01:44:24,590 INFO ncaa_identity: contest_id=330023 teams 2504/2504 matched, players 6534/7034 matched
2026-08-24 01:44:35,784 INFO ncaa_identity: contest_id=330134 teams 3397/3397 matched, players 9117/9764 matched
2026-08-24 01:44:37,275 INFO ncaa_identity: contest_id=330144 teams 2391/2391 matched, players 6251/6761 matched
2026-08-24 01:44:46,079 INFO ncaa_identity: contest_id=330269 teams 1909/1909 matched, players 5321/5372 matched
2026-08-24 01:44:47,374 INFO ncaa_identity: contest_id=330279 teams 2406/2406 matched, players 6558/6796 matched
2026-08-24 01:44:52,473 INFO ncaa_identity: contest_id=330333 teams 1991/1991 matched, players 5540/5561 matched
2026-08-24 01:44:55,366 INFO ncaa_identity: contest_id=330372 teams 1835/1835 matched, players 4796/5160 matched
2026-08-24 01:44:58,226 INFO ncaa_identity: contest_id=330414 teams 1936/1936 matched, players 5090/5391 matched
2026-08-24 01:45:01,384 INFO ncaa_identity: contest_id=330438 teams 2507/2507 matched, players 6685/7046 matched
2026-08-24 01:45:04,527 INFO ncaa_identity: contest_id=330458 teams 2140/2140 matched, players 5922/5986 matched
2026-08-24 01:45:07,525 INFO ncaa_identity: contest_id=330478 teams 1281/2544 matched, players 3620/7194 matched
2026-08-24 01:45:08,857 INFO ncaa_identity: contest_id=330489 teams 2268/2268 matched, players 5874/6362 matched
2026-08-24 01:45:10,579 INFO ncaa_identity: contest_id=330499 teams 2046/2046 matched, players 802/840 matched
2026-08-24 01:45:14,234 INFO ncaa_identity: contest_id=330519 teams 2411/2411 matched, players 6755/6780 matched
2026-08-24 01:45:15,503 INFO ncaa_identity: contest_id=330534 teams 2080/2080 matched, players 5679/5897 matched
2026-08-24 01:45:19,022 INFO ncaa_identity: contest_id=330582 teams 2787/2787 matched, players 7140/7868 matched
2026-08-24 01:45:19,762 WARNING ncaa_parse: family=lineups contest_id=330604 team=Elon produced NO good stints (29 bad, roster=9) -- parsed successfully but contributed nothing
2026-08-24 01:45:20,307 WARNING ncaa_parse: family=lineups contest_id=330604 team=James Madison produced NO good stints (21 bad, roster=9) -- parsed successfully but contributed nothing
2026-08-24 01:45:22,668 INFO ncaa_identity: contest_id=330623 teams 2235/2235 matched, players 6167/6307 matched
2026-08-24 01:45:25,649 INFO ncaa_identity: contest_id=330664 teams 2232/2232 matched, players 5766/6272 matched
2026-08-24 01:45:27,123 INFO ncaa_identity: contest_id=330674 teams 1912/1912 matched, players 4926/5407 matched
2026-08-24 01:45:30,542 INFO ncaa_identity: contest_id=330695 teams 2323/2323 matched, players 6385/6564 matched
2026-08-24 01:45:32,301 INFO ncaa_identity: contest_id=330705 teams 2377/2377 matched, players 5856/6720 matched
2026-08-24 01:45:33,541 INFO ncaa_identity: contest_id=330717 teams 1963/1963 matched, players 5418/5519 matched
2026-08-24 01:45:40,765 INFO ncaa_identity: contest_id=330769 teams 2127/2127 matched, players 5619/5971 matched
2026-08-24 01:45:42,648 INFO ncaa_identity: contest_id=330785 teams 2421/2421 matched, players 5782/6793 matched
2026-08-24 01:45:44,138 INFO ncaa_identity: contest_id=330796 teams 2122/2122 matched, players 5620/5967 matched
2026-08-24 01:45:47,635 INFO ncaa_identity: contest_id=26467 teams 2458/2458 matched, players 6663/6925 matched
2026-08-24 01:45:51,601 INFO ncaa_identity: contest_id=26491 teams 1213/2429 matched, players 3465/6850 matched
2026-08-24 01:45:55,200 INFO ncaa_identity: contest_id=26524 teams 2614/2614 matched, players 7135/7424 matched
2026-08-24 01:46:00,133 INFO ncaa_identity: contest_id=26567 teams 1525/3013 matched, players 4287/8533 matched
2026-08-24 01:46:03,292 INFO ncaa_identity: contest_id=26591 teams 1452/2899 matched, players 4149/8236 matched
2026-08-24 01:46:06,887 INFO ncaa_identity: contest_id=26616 teams 2626/2626 matched, players 7185/7403 matched
2026-08-24 01:46:08,380 INFO ncaa_identity: contest_id=26628 teams 1332/2610 matched, players 3687/7365 matched
2026-08-24 01:46:15,436 INFO ncaa_identity: contest_id=26787 teams 2663/2663 matched, players 7376/7489 matched
2026-08-24 01:46:17,311 INFO ncaa_identity: contest_id=26874 teams 2447/2447 matched, players 6658/6903 matched
2026-08-24 01:46:21,097 INFO ncaa_identity: contest_id=26901 teams 1469/2817 matched, players 4011/7941 matched
2026-08-24 01:46:25,911 INFO ncaa_identity: contest_id=26937 teams 1258/2457 matched, players 3534/6942 matched
2026-08-24 01:46:27,973 INFO ncaa_identity: contest_id=26949 teams 2443/2443 matched, players 6733/6818 matched
2026-08-24 01:46:34,496 INFO ncaa_identity: contest_id=27015 teams 1357/2734 matched, players 3732/7695 matched
2026-08-24 01:46:38,140 INFO ncaa_identity: contest_id=27042 teams 2647/2647 matched, players 6918/7474 matched
2026-08-24 01:46:39,896 INFO ncaa_identity: contest_id=27062 teams 2325/2325 matched, players 5952/6523 matched
2026-08-24 01:46:41,336 INFO ncaa_identity: contest_id=27078 teams 1334/2568 matched, players 3681/7243 matched
2026-08-24 01:46:43,483 INFO ncaa_identity: contest_id=27094 teams 2963/2963 matched, players 7349/8381 matched
2026-08-24 01:46:46,946 INFO ncaa_identity: contest_id=27167 teams 1233/2470 matched, players 3077/6896 matched
2026-08-24 01:46:48,431 INFO ncaa_identity: contest_id=27207 teams 2552/2552 matched, players 6488/7203 matched
2026-08-24 01:46:53,697 INFO ncaa_identity: contest_id=27305 teams 2692/2692 matched, players 6792/7561 matched
2026-08-24 01:46:54,879 INFO ncaa_identity: contest_id=27372 teams 1715/1715 matched, players 736/738 matched
2026-08-24 01:47:00,041 INFO ncaa_identity: contest_id=27419 teams 1474/2816 matched, players 3904/7975 matched
2026-08-24 01:47:01,542 INFO ncaa_identity: contest_id=27435 teams 2121/2121 matched, players 5678/5955 matched
2026-08-24 01:47:03,481 INFO ncaa_identity: contest_id=27470 teams 1315/2524 matched, players 3355/7064 matched
2026-08-24 01:47:05,225 INFO ncaa_identity: contest_id=27499 teams 1491/2937 matched, players 3650/8295 matched
2026-08-24 01:47:08,678 INFO ncaa_identity: contest_id=27561 teams 2430/2430 matched, players 6377/6840 matched
2026-08-24 01:47:10,814 INFO ncaa_identity: contest_id=27579 teams 2765/2765 matched, players 6943/7814 matched
2026-08-24 01:47:14,212 INFO ncaa_identity: contest_id=27756 teams 2248/2248 matched, players 5871/6350 matched
2026-08-24 01:47:16,143 INFO ncaa_identity: contest_id=27795 teams 2025/2025 matched, players 5458/5684 matched
2026-08-24 01:47:17,737 INFO ncaa_identity: contest_id=27828 teams 2949/2949 matched, players 7295/8332 matched
2026-08-24 01:47:19,716 INFO ncaa_identity: contest_id=27871 teams 2354/2354 matched, players 6193/6612 matched
2026-08-24 01:47:21,779 INFO ncaa_identity: contest_id=27972 teams 1493/3007 matched, players 4108/8470 matched
2026-08-24 01:47:21,890 INFO 5 starters not found for period 5; using estimate
2026-08-24 01:47:26,694 INFO ncaa_identity: contest_id=28100 teams 2133/2133 matched, players 5335/6017 matched
2026-08-24 01:47:28,057 INFO ncaa_identity: contest_id=28115 teams 2275/2275 matched, players 6039/6441 matched
2026-08-24 01:47:29,778 INFO ncaa_identity: contest_id=28127 teams 2346/2346 matched, players 6154/6618 matched
2026-08-24 01:47:34,692 INFO ncaa_identity: contest_id=28227 teams 1513/2960 matched, players 4262/8361 matched
2026-08-24 01:47:39,609 INFO ncaa_identity: contest_id=28329 teams 2719/2719 matched, players 7119/7737 matched
2026-08-24 01:47:41,116 INFO ncaa_identity: contest_id=28362 teams 2480/2480 matched, players 6693/6983 matched
2026-08-24 01:47:42,991 INFO ncaa_identity: contest_id=28394 teams 2335/2335 matched, players 6024/6619 matched
2026-08-24 01:47:44,869 INFO ncaa_identity: contest_id=28444 teams 0/3315 matched, players 0/9416 matched
2026-08-24 01:47:48,355 INFO ncaa_identity: contest_id=28554 teams 1315/2750 matched, players 3092/7738 matched
2026-08-24 01:47:50,049 INFO ncaa_identity: contest_id=28570 teams 2240/2240 matched, players 5708/6306 matched
2026-08-24 01:47:51,334 INFO ncaa_identity: contest_id=28591 teams 2286/2286 matched, players 6212/6496 matched
2026-08-24 01:47:53,162 INFO ncaa_identity: contest_id=28612 teams 2449/2449 matched, players 6227/6881 matched
2026-08-24 01:47:54,484 INFO ncaa_identity: contest_id=28625 teams 2193/2193 matched, players 5714/6178 matched
2026-08-24 01:47:57,878 INFO ncaa_identity: contest_id=28659 teams 2473/2473 matched, players 6628/6988 matched
2026-08-24 01:48:04,171 INFO ncaa_identity: contest_id=28721 teams 2294/2294 matched, players 6153/6501 matched
2026-08-24 01:48:06,238 INFO ncaa_identity: contest_id=28740 teams 3017/3017 matched, players 7373/8580 matched
2026-08-24 01:48:09,618 INFO ncaa_identity: contest_id=28764 teams 2670/2670 matched, players 6818/7566 matched
2026-08-24 01:48:14,470 INFO ncaa_identity: contest_id=28835 teams 2233/2233 matched, players 5897/6292 matched
2026-08-24 01:48:17,698 INFO ncaa_identity: contest_id=28907 teams 2049/2049 matched, players 5640/5780 matched
2026-08-24 01:48:19,858 INFO ncaa_identity: contest_id=28932 teams 1429/2835 matched, players 4038/7983 matched
2026-08-24 01:48:23,029 INFO ncaa_identity: contest_id=28983 teams 2236/2236 matched, players 5961/6315 matched
2026-08-24 01:48:24,378 INFO ncaa_identity: contest_id=28999 teams 2358/2358 matched, players 6523/6708 matched
2026-08-24 01:48:26,235 INFO ncaa_identity: contest_id=29016 teams 2909/2909 matched, players 7723/8162 matched
2026-08-24 01:48:29,862 INFO ncaa_identity: contest_id=29041 teams 2248/2248 matched, players 6094/6350 matched
2026-08-24 01:48:33,303 INFO ncaa_identity: contest_id=29105 teams 2342/2342 matched, players 6035/6598 matched
2026-08-24 01:48:35,190 INFO ncaa_identity: contest_id=29140 teams 2200/2200 matched, players 5843/6179 matched
2026-08-24 01:48:36,523 INFO ncaa_identity: contest_id=29160 teams 2639/2639 matched, players 7419/7450 matched
2026-08-24 01:48:40,789 INFO ncaa_identity: contest_id=29211 teams 2684/2684 matched, players 7221/7570 matched
2026-08-24 01:48:44,693 INFO ncaa_identity: contest_id=29299 teams 1512/3085 matched, players 4219/8661 matched
2026-08-24 01:48:46,474 INFO ncaa_identity: contest_id=29324 teams 1396/2766 matched, players 3881/7796 matched
2026-08-24 01:48:48,065 INFO ncaa_identity: contest_id=29359 teams 1152/2372 matched, players 3355/6727 matched
2026-08-24 01:48:54,941 INFO ncaa_identity: contest_id=29499 teams 1290/2554 matched, players 3655/7147 matched
2026-08-24 01:49:03,298 INFO ncaa_identity: contest_id=29659 teams 2527/2527 matched, players 6185/7132 matched
2026-08-24 01:49:05,248 INFO ncaa_identity: contest_id=29696 teams 2337/2337 matched, players 5547/6614 matched
2026-08-24 01:49:08,477 INFO ncaa_identity: contest_id=29741 teams 1707/1707 matched, players 616/621 matched
2026-08-24 01:49:13,209 INFO ncaa_identity: contest_id=29836 teams 2553/2553 matched, players 7159/7206 matched
2026-08-24 01:49:16,505 INFO ncaa_identity: contest_id=29894 teams 2311/2311 matched, players 6214/6494 matched
2026-08-24 01:49:20,240 INFO ncaa_identity: contest_id=29987 teams 2593/2593 matched, players 6585/7314 matched
2026-08-24 01:49:22,279 INFO ncaa_identity: contest_id=30048 teams 2808/2808 matched, players 7729/7919 matched
2026-08-24 01:49:25,296 INFO ncaa_identity: contest_id=30155 teams 2251/2251 matched, players 5540/6364 matched
2026-08-24 01:49:26,676 INFO ncaa_identity: contest_id=30220 teams 2183/2183 matched, players 5861/6152 matched
2026-08-24 01:49:28,315 INFO ncaa_identity: contest_id=30305 teams 2534/2534 matched, players 6862/7142 matched
2026-08-24 01:49:29,612 INFO ncaa_identity: contest_id=30316 teams 2061/2061 matched, players 5447/5800 matched
2026-08-24 01:49:31,553 INFO ncaa_identity: contest_id=30333 teams 1499/3013 matched, players 3136/8483 matched
2026-08-24 01:49:34,896 INFO ncaa_identity: contest_id=30356 teams 2299/2299 matched, players 6336/6503 matched
2026-08-24 01:49:36,690 INFO ncaa_identity: contest_id=30368 teams 2562/2562 matched, players 6697/7259 matched
2026-08-24 01:49:41,328 INFO ncaa_identity: contest_id=30436 teams 2321/2321 matched, players 5901/6541 matched
2026-08-24 01:49:42,795 INFO ncaa_identity: contest_id=30457 teams 1295/2506 matched, players 3516/7068 matched
2026-08-24 01:49:48,081 INFO ncaa_identity: contest_id=30575 teams 1279/2465 matched, players 3531/6998 matched
2026-08-24 01:49:49,364 INFO ncaa_identity: contest_id=30596 teams 2073/2073 matched, players 5537/5886 matched
2026-08-24 01:49:52,447 INFO ncaa_identity: contest_id=30657 teams 2524/2524 matched, players 6872/7102 matched
2026-08-24 01:49:56,004 INFO ncaa_identity: contest_id=30713 teams 2184/2184 matched, players 5523/6113 matched
2026-08-24 01:49:59,394 INFO ncaa_identity: contest_id=30790 teams 2355/2355 matched, players 6088/6635 matched
2026-08-24 01:50:01,135 INFO ncaa_identity: contest_id=30821 teams 2674/2674 matched, players 6862/7554 matched
2026-08-24 01:50:02,336 INFO ncaa_identity: contest_id=30860 teams 1124/2195 matched, players 3114/6241 matched
2026-08-24 01:50:04,081 INFO ncaa_identity: contest_id=30895 teams 2369/2369 matched, players 6686/6705 matched
2026-08-24 01:50:05,707 INFO ncaa_identity: contest_id=30918 teams 1282/2548 matched, players 3606/7196 matched
2026-08-24 01:50:07,245 INFO ncaa_identity: contest_id=30951 teams 1868/1868 matched, players 5147/5279 matched
2026-08-24 01:50:13,748 INFO ncaa_identity: contest_id=31124 teams 2091/2091 matched, players 5442/5900 matched
2026-08-24 01:50:18,439 INFO ncaa_identity: contest_id=31282 teams 2706/2706 matched, players 7185/7614 matched
2026-08-24 01:50:20,522 INFO ncaa_identity: contest_id=31296 teams 2485/2485 matched, players 6601/7073 matched
2026-08-24 01:50:21,990 INFO ncaa_identity: contest_id=31308 teams 1225/2479 matched, players 3250/7054 matched
2026-08-24 01:50:25,608 INFO ncaa_identity: contest_id=31333 teams 1136/2231 matched, players 3091/6265 matched
2026-08-24 01:50:27,444 INFO ncaa_identity: contest_id=31345 teams 2451/2451 matched, players 5860/6879 matched
2026-08-24 01:50:30,936 INFO ncaa_identity: contest_id=31394 teams 1334/2584 matched, players 3615/7281 matched
2026-08-24 01:50:35,651 INFO ncaa_identity: contest_id=31524 teams 2454/2454 matched, players 6687/6912 matched
2026-08-24 01:50:37,409 INFO ncaa_identity: contest_id=31556 teams 2735/2735 matched, players 7395/7688 matched
2026-08-24 01:50:41,118 INFO ncaa_identity: contest_id=31611 teams 1998/1998 matched, players 718/754 matched
2026-08-24 01:50:42,875 INFO ncaa_identity: contest_id=31643 teams 2247/2247 matched, players 5842/6378 matched
2026-08-24 01:50:44,611 INFO ncaa_identity: contest_id=31719 teams 2062/2062 matched, players 5639/5840 matched
2026-08-24 01:50:47,991 INFO ncaa_identity: contest_id=31766 teams 1153/2292 matched, players 3303/6466 matched
2026-08-24 01:50:53,204 WARNING ncaa_parse: family=lineups contest_id=31892 team=Purdue SKIPPED (1 parse error(s)): Could not find parse score [A-B] from [-] in [<tr> <td>09:58</td> <td></td> <td align="center">-</td> <td>COOPER,LAMINA missed Layup</td> </tr>]
2026-08-24 01:50:53,484 WARNING ncaa_parse: family=lineups contest_id=31892 team=Eastern Wash. SKIPPED (1 parse error(s)): Could not find parse score [A-B] from [-] in [<tr> <td>09:58</td> <td></td> <td align="center">-</td> <td>COOPER,LAMINA missed Layup</td> </tr>]
2026-08-24 01:51:01,442 INFO ncaa_identity: contest_id=31954 teams 2460/2460 matched, players 6680/6913 matched
2026-08-24 01:51:02,853 INFO ncaa_identity: contest_id=31990 teams 2568/2568 matched, players 7170/7242 matched
2026-08-24 01:51:06,058 INFO ncaa_identity: contest_id=32051 teams 2251/2251 matched, players 6154/6349 matched
2026-08-24 01:51:07,856 INFO ncaa_identity: contest_id=32080 teams 2572/2572 matched, players 6763/7276 matched
2026-08-24 01:51:08,966 INFO ncaa_identity: contest_id=32127 teams 1781/1781 matched, players 4590/5051 matched
2026-08-24 01:51:10,662 INFO ncaa_identity: contest_id=32152 teams 2275/2275 matched, players 6222/6387 matched
2026-08-24 01:51:12,203 INFO ncaa_identity: contest_id=32180 teams 1211/2377 matched, players 3344/6727 matched
2026-08-24 01:51:13,924 INFO ncaa_identity: contest_id=32213 teams 2438/2438 matched, players 6775/6881 matched
2026-08-24 01:51:16,965 INFO ncaa_identity: contest_id=32266 teams 2232/2232 matched, players 6085/6281 matched
2026-08-24 01:51:21,901 INFO ncaa_identity: contest_id=32307 teams 1963/1963 matched, players 5298/5521 matched
2026-08-24 01:51:23,393 INFO ncaa_identity: contest_id=32330 teams 2115/2115 matched, players 5248/5939 matched
2026-08-24 01:51:28,609 INFO ncaa_identity: contest_id=32375 teams 1429/2784 matched, players 3946/7815 matched
2026-08-24 01:51:32,257 INFO ncaa_identity: contest_id=32396 teams 2196/2196 matched, players 5585/6174 matched
2026-08-24 01:51:33,841 INFO ncaa_identity: contest_id=32406 teams 2307/2307 matched, players 6092/6522 matched
2026-08-24 01:51:39,021 INFO ncaa_identity: contest_id=32449 teams 1804/1804 matched, players 5021/5029 matched
2026-08-24 01:51:42,997 INFO ncaa_identity: contest_id=32478 teams 2199/2199 matched, players 5795/6192 matched
2026-08-24 01:51:44,311 INFO ncaa_identity: contest_id=32493 teams 2276/2276 matched, players 6284/6411 matched
2026-08-24 01:51:47,729 INFO ncaa_identity: contest_id=32516 teams 1188/2340 matched, players 3287/6610 matched
2026-08-24 01:51:50,986 INFO ncaa_identity: contest_id=32536 teams 2249/2249 matched, players 5953/6357 matched
2026-08-24 01:51:52,614 INFO ncaa_identity: contest_id=32547 teams 2380/2380 matched, players 6349/6734 matched
2026-08-24 01:51:54,007 INFO ncaa_identity: contest_id=32558 teams 2358/2358 matched, players 6484/6715 matched
2026-08-24 01:51:55,783 INFO ncaa_identity: contest_id=32568 teams 2127/2127 matched, players 5809/5981 matched
2026-08-24 01:51:57,461 INFO ncaa_identity: contest_id=32579 teams 2266/2266 matched, players 5941/6374 matched
2026-08-24 01:52:00,747 INFO ncaa_identity: contest_id=32623 teams 1396/2852 matched, players 4055/8063 matched
2026-08-24 01:52:03,029 INFO ncaa_identity: contest_id=32641 teams 1391/2791 matched, players 3973/7895 matched
2026-08-24 01:52:04,817 INFO ncaa_identity: contest_id=32659 teams 2674/2674 matched, players 7339/7600 matched
2026-08-24 01:52:06,377 INFO ncaa_identity: contest_id=32677 teams 2679/2679 matched, players 7293/7577 matched
2026-08-24 01:52:08,292 INFO ncaa_identity: contest_id=32725 teams 1275/2556 matched, players 3495/7222 matched
2026-08-24 01:52:09,573 INFO ncaa_identity: contest_id=32763 teams 2066/2066 matched, players 5791/5844 matched
2026-08-24 01:52:15,136 INFO ncaa_identity: contest_id=32853 teams 1297/2559 matched, players 3568/7228 matched
2026-08-24 01:52:18,632 INFO ncaa_identity: contest_id=32931 teams 2840/2840 matched, players 7629/8006 matched
2026-08-24 01:52:23,017 INFO ncaa_identity: contest_id=33074 teams 2241/2241 matched, players 6283/6300 matched
2026-08-24 01:52:24,470 INFO ncaa_identity: contest_id=33089 teams 2618/2618 matched, players 6689/7368 matched
2026-08-24 01:52:29,637 INFO ncaa_identity: contest_id=33133 teams 2535/2535 matched, players 6934/7147 matched
2026-08-24 01:52:31,528 INFO ncaa_identity: contest_id=33149 teams 2494/2494 matched, players 6823/7056 matched
2026-08-24 01:52:33,226 INFO ncaa_identity: contest_id=33176 teams 2930/2930 matched, players 8107/8247 matched
2026-08-24 01:52:34,749 INFO ncaa_identity: contest_id=33202 teams 1013/1856 matched, players 2705/5240 matched
2026-08-24 01:52:35,996 INFO ncaa_identity: contest_id=33233 teams 2287/2287 matched, players 5702/6447 matched
2026-08-24 01:52:40,956 INFO ncaa_identity: contest_id=33354 teams 2536/2536 matched, players 6961/7161 matched
2026-08-24 01:52:42,981 INFO ncaa_identity: contest_id=33382 teams 2587/2587 matched, players 919/958 matched
2026-08-24 01:52:44,974 INFO ncaa_identity: contest_id=33415 teams 2504/2504 matched, players 7059/7074 matched
2026-08-24 01:52:48,205 INFO ncaa_identity: contest_id=33501 teams 2231/2231 matched, players 5283/6291 matched
2026-08-24 01:52:49,717 INFO ncaa_identity: contest_id=33517 teams 3172/3172 matched, players 8733/9088 matched
2026-08-24 01:52:51,460 INFO ncaa_identity: contest_id=33545 teams 2436/2436 matched, players 6416/6786 matched
2026-08-24 01:52:58,424 INFO ncaa_identity: contest_id=33645 teams 2637/2637 matched, players 7203/7332 matched
2026-08-24 01:52:59,740 INFO ncaa_identity: contest_id=33673 teams 2313/2313 matched, players 6210/6596 matched
2026-08-24 01:53:04,711 INFO ncaa_identity: contest_id=33778 teams 2404/2404 matched, players 6277/6810 matched
2026-08-24 01:53:06,077 INFO ncaa_identity: contest_id=33827 teams 2396/2396 matched, players 6034/6729 matched
2026-08-24 01:53:08,199 INFO ncaa_identity: contest_id=33841 teams 2531/2531 matched, players 6679/7148 matched
2026-08-24 01:53:14,689 INFO ncaa_identity: contest_id=33987 teams 2338/2338 matched, players 5644/6607 matched
2026-08-24 01:53:17,571 INFO ncaa_identity: contest_id=34065 teams 2278/2278 matched, players 6213/6410 matched
2026-08-24 01:53:20,160 INFO ncaa_identity: contest_id=34169 teams 2269/2269 matched, players 5829/6411 matched
2026-08-24 01:53:24,839 INFO ncaa_identity: contest_id=34206 teams 2554/2554 matched, players 7142/7238 matched
2026-08-24 01:53:28,298 INFO ncaa_identity: contest_id=34246 teams 2888/2888 matched, players 7766/8123 matched
2026-08-24 01:53:29,606 INFO ncaa_identity: contest_id=34291 teams 2304/2304 matched, players 6136/6471 matched
2026-08-24 01:53:32,884 INFO ncaa_identity: contest_id=34420 teams 2449/2449 matched, players 6830/6891 matched
2026-08-24 01:53:37,976 INFO ncaa_identity: contest_id=34532 teams 2353/2353 matched, players 6141/6551 matched
2026-08-24 01:53:41,257 INFO ncaa_identity: contest_id=34615 teams 2375/2375 matched, players 6517/6694 matched
2026-08-24 01:53:45,554 INFO ncaa_identity: contest_id=34693 teams 2231/2231 matched, players 5761/6308 matched
2026-08-24 01:53:51,955 INFO ncaa_identity: contest_id=34813 teams 3150/3150 matched, players 8518/9042 matched
2026-08-24 01:53:55,516 INFO ncaa_identity: contest_id=34882 teams 2327/2327 matched, players 6339/6593 matched
2026-08-24 01:53:58,663 INFO ncaa_identity: contest_id=34972 teams 2599/2599 matched, players 6956/7323 matched
2026-08-24 01:54:00,559 INFO ncaa_identity: contest_id=34987 teams 3055/3055 matched, players 8099/8644 matched
2026-08-24 01:54:04,345 INFO ncaa_identity: contest_id=35099 teams 1948/1948 matched, players 5158/5469 matched
2026-08-24 01:54:12,920 INFO ncaa_identity: contest_id=35299 teams 2534/2534 matched, players 6949/7128 matched
2026-08-24 01:54:15,999 INFO ncaa_identity: contest_id=35333 teams 2358/2358 matched, players 6182/6671 matched
2026-08-24 01:54:17,548 INFO ncaa_identity: contest_id=35352 teams 2809/2809 matched, players 7341/7921 matched
2026-08-24 01:54:19,495 INFO ncaa_identity: contest_id=35386 teams 2742/2742 matched, players 7348/7698 matched
2026-08-24 01:54:21,072 INFO ncaa_identity: contest_id=35410 teams 2243/2243 matched, players 5979/6294 matched
2026-08-24 01:54:22,206 INFO ncaa_identity: contest_id=35442 teams 2122/2122 matched, players 5305/6023 matched
2026-08-24 01:54:24,022 INFO ncaa_identity: contest_id=35492 teams 2353/2353 matched, players 6421/6640 matched
2026-08-24 01:54:27,049 INFO ncaa_identity: contest_id=35586 teams 2873/2873 matched, players 7200/8126 matched
2026-08-24 01:54:28,956 INFO ncaa_identity: contest_id=35620 teams 2967/2967 matched, players 8271/8401 matched
2026-08-24 01:54:33,761 INFO ncaa_identity: contest_id=35762 teams 2738/2738 matched, players 6600/7705 matched
2026-08-24 01:54:41,381 INFO ncaa_identity: contest_id=35884 teams 1988/1988 matched, players 5355/5583 matched
2026-08-24 01:54:44,503 INFO ncaa_identity: contest_id=35960 teams 2587/2587 matched, players 6697/7287 matched
2026-08-24 01:54:45,678 INFO ncaa_identity: contest_id=35984 teams 2311/2311 matched, players 6366/6531 matched
2026-08-24 01:54:47,307 INFO ncaa_identity: contest_id=36032 teams 2096/2096 matched, players 5613/5949 matched
2026-08-24 01:54:50,325 INFO ncaa_identity: contest_id=36102 teams 2609/2609 matched, players 7079/7361 matched
2026-08-24 01:54:51,745 INFO ncaa_identity: contest_id=36133 teams 2231/2231 matched, players 5770/6294 matched
2026-08-24 01:54:53,491 INFO 5 starters not found for period 5; using estimate
2026-08-24 01:54:54,960 INFO ncaa_identity: contest_id=36207 teams 1567/3205 matched, players 4499/9096 matched
2026-08-24 01:55:05,924 INFO ncaa_identity: contest_id=36435 teams 2548/2548 matched, players 6572/7176 matched
2026-08-24 01:55:07,213 INFO ncaa_identity: contest_id=36448 teams 1785/1785 matched, players 636/646 matched
2026-08-24 01:55:09,069 INFO ncaa_identity: contest_id=36477 teams 2918/2918 matched, players 7772/8273 matched
2026-08-24 01:55:10,670 INFO ncaa_identity: contest_id=36497 teams 2696/2696 matched, players 6688/7598 matched
2026-08-24 01:55:12,322 INFO ncaa_identity: contest_id=36516 teams 2388/2388 matched, players 6517/6744 matched
2026-08-24 01:55:13,635 INFO ncaa_identity: contest_id=36576 teams 1274/2479 matched, players 3561/7043 matched
2026-08-24 01:55:18,262 INFO ncaa_identity: contest_id=36727 teams 1252/2504 matched, players 3500/6997 matched
2026-08-24 01:55:19,777 INFO ncaa_identity: contest_id=36757 teams 2276/2276 matched, players 6422/6455 matched
2026-08-24 01:55:21,278 INFO ncaa_identity: contest_id=36846 teams 2034/2034 matched, players 5624/5710 matched
2026-08-24 01:55:24,448 INFO ncaa_identity: contest_id=36881 teams 2048/2048 matched, players 5379/5794 matched
2026-08-24 01:55:32,087 INFO ncaa_identity: contest_id=37033 teams 1036/2115 matched, players 2601/5922 matched
2026-08-24 01:55:33,449 INFO ncaa_identity: contest_id=37075 teams 2115/2115 matched, players 5598/5963 matched
2026-08-24 01:55:37,901 INFO ncaa_identity: contest_id=37198 teams 1988/1988 matched, players 5364/5600 matched
2026-08-24 01:55:41,681 INFO ncaa_identity: contest_id=37255 teams 3102/3102 matched, players 8710/8844 matched
2026-08-24 01:55:43,493 INFO ncaa_identity: contest_id=37289 teams 2302/2302 matched, players 6195/6495 matched
2026-08-24 01:55:44,924 INFO ncaa_identity: contest_id=37325 teams 2468/2468 matched, players 6918/6945 matched
2026-08-24 01:55:46,631 INFO ncaa_identity: contest_id=37347 teams 2610/2610 matched, players 6930/7354 matched
2026-08-24 01:55:48,080 INFO ncaa_identity: contest_id=37391 teams 2716/2716 matched, players 7106/7658 matched
2026-08-24 01:55:49,613 INFO ncaa_identity: contest_id=37410 teams 2330/2330 matched, players 5690/6567 matched
2026-08-24 01:55:50,835 INFO ncaa_identity: contest_id=37506 teams 1963/1963 matched, players 4680/5543 matched
2026-08-24 01:55:52,470 INFO ncaa_identity: contest_id=37518 teams 909/1912 matched, players 2670/5343 matched
2026-08-24 01:55:56,281 INFO ncaa_identity: contest_id=37543 teams 2389/2389 matched, players 6481/6728 matched
2026-08-24 01:55:57,643 INFO ncaa_identity: contest_id=37558 teams 2086/2086 matched, players 5344/5815 matched
2026-08-24 01:55:59,509 INFO ncaa_identity: contest_id=37577 teams 2271/2271 matched, players 6305/6323 matched
2026-08-24 01:56:01,014 INFO ncaa_identity: contest_id=37605 teams 2499/2499 matched, players 6835/7047 matched
2026-08-24 01:56:03,971 INFO ncaa_identity: contest_id=37752 teams 2511/2511 matched, players 6792/7068 matched
2026-08-24 01:56:05,650 INFO ncaa_identity: contest_id=37778 teams 2473/2473 matched, players 6580/7028 matched
2026-08-24 01:56:07,068 INFO ncaa_identity: contest_id=37815 teams 1978/1978 matched, players 5284/5538 matched
2026-08-24 01:56:10,499 INFO ncaa_identity: contest_id=37907 teams 2427/2427 matched, players 6350/6867 matched
2026-08-24 01:56:12,143 INFO ncaa_identity: contest_id=37926 teams 2242/2242 matched, players 6247/6319 matched
2026-08-24 01:56:13,900 INFO ncaa_identity: contest_id=37955 teams 2475/2475 matched, players 6620/6979 matched
2026-08-24 01:56:18,631 INFO ncaa_identity: contest_id=38021 teams 2686/2686 matched, players 7475/7582 matched
2026-08-24 01:56:22,848 INFO ncaa_identity: contest_id=38119 teams 2174/2174 matched, players 5771/6145 matched
2026-08-24 01:56:24,343 INFO ncaa_identity: contest_id=38156 teams 1963/1963 matched, players 5348/5550 matched
2026-08-24 01:56:31,453 INFO ncaa_identity: contest_id=38314 teams 2142/2142 matched, players 5987/6056 matched
2026-08-24 01:56:32,563 INFO ncaa_identity: contest_id=38378 teams 1907/1907 matched, players 5328/5333 matched
2026-08-24 01:56:38,660 INFO ncaa_identity: contest_id=38507 teams 2402/2402 matched, players 6261/6781 matched
2026-08-24 01:56:40,216 INFO ncaa_identity: contest_id=38593 teams 2300/2300 matched, players 6027/6421 matched
2026-08-24 01:56:41,622 INFO ncaa_identity: contest_id=38615 teams 2416/2416 matched, players 6377/6860 matched
2026-08-24 01:56:44,608 INFO ncaa_identity: contest_id=38643 teams 2366/2366 matched, players 6079/6673 matched
2026-08-24 01:56:46,392 INFO ncaa_identity: contest_id=38656 teams 2118/2118 matched, players 5740/5965 matched
2026-08-24 01:56:49,074 INFO ncaa_identity: contest_id=38692 teams 1251/2501 matched, players 3478/7066 matched
2026-08-24 01:56:50,603 INFO ncaa_identity: contest_id=38713 teams 2012/2012 matched, players 5567/5669 matched
2026-08-24 01:56:52,033 INFO ncaa_identity: contest_id=38753 teams 2053/2053 matched, players 5602/5773 matched
2026-08-24 01:56:54,901 INFO ncaa_identity: contest_id=38851 teams 849/1683 matched, players 245/552 matched
2026-08-24 01:57:02,766 INFO ncaa_identity: contest_id=39044 teams 1230/2505 matched, players 3558/7075 matched
2026-08-24 01:57:06,081 INFO ncaa_identity: contest_id=39091 teams 2358/2358 matched, players 6038/6642 matched
2026-08-24 01:57:07,955 INFO ncaa_identity: contest_id=39122 teams 2234/2234 matched, players 5801/6236 matched
2026-08-24 01:57:11,220 INFO ncaa_identity: contest_id=39191 teams 2467/2467 matched, players 6898/6935 matched
2026-08-24 01:57:13,973 INFO ncaa_identity: contest_id=39259 teams 2278/2278 matched, players 5682/6423 matched
2026-08-24 01:57:15,499 INFO ncaa_identity: contest_id=39286 teams 2411/2411 matched, players 6437/6818 matched
2026-08-24 01:57:17,114 INFO ncaa_identity: contest_id=39338 teams 2418/2418 matched, players 6230/6867 matched
2026-08-24 01:57:20,146 INFO ncaa_identity: contest_id=39406 teams 2182/2182 matched, players 5994/6109 matched
2026-08-24 01:57:21,202 INFO ncaa_identity: contest_id=39443 teams 2119/2119 matched, players 5562/5984 matched
2026-08-24 01:57:23,649 INFO ncaa_identity: contest_id=39510 teams 2162/2162 matched, players 5798/6107 matched
2026-08-24 01:57:24,944 INFO ncaa_identity: contest_id=39537 teams 2362/2362 matched, players 6251/6702 matched
2026-08-24 01:57:26,415 INFO ncaa_identity: contest_id=39577 teams 2653/2653 matched, players 6885/7480 matched
2026-08-24 01:57:27,581 INFO ncaa_identity: contest_id=39610 teams 2300/2300 matched, players 5946/6448 matched
2026-08-24 01:57:30,358 INFO ncaa_identity: contest_id=39718 teams 2129/2129 matched, players 5631/6011 matched
2026-08-24 01:57:34,185 INFO ncaa_identity: contest_id=39755 teams 2581/2581 matched, players 7306/7357 matched
2026-08-24 01:57:35,858 INFO ncaa_identity: contest_id=39780 teams 2433/2433 matched, players 6414/6850 matched
2026-08-24 01:57:37,680 INFO ncaa_identity: contest_id=39794 teams 2617/2617 matched, players 7119/7378 matched
2026-08-24 01:57:39,084 INFO ncaa_identity: contest_id=39811 teams 2393/2393 matched, players 6510/6709 matched
2026-08-24 01:57:42,061 INFO ncaa_identity: contest_id=39934 teams 2350/2350 matched, players 6398/6632 matched
2026-08-24 01:57:51,921 INFO ncaa_identity: contest_id=40195 teams 2647/2647 matched, players 7123/7469 matched
2026-08-24 01:57:59,350 INFO ncaa_identity: contest_id=40325 teams 1790/1790 matched, players 4949/5032 matched
2026-08-24 01:58:03,686 INFO ncaa_identity: contest_id=40407 teams 2604/2604 matched, players 7114/7406 matched
2026-08-24 01:58:05,298 INFO ncaa_identity: contest_id=40435 teams 2920/2920 matched, players 8132/8257 matched
2026-08-24 01:58:06,378 INFO ncaa_identity: contest_id=40461 teams 1934/1934 matched, players 5424/5446 matched
2026-08-24 01:58:07,908 INFO ncaa_identity: contest_id=40476 teams 2286/2286 matched, players 6024/6474 matched
2026-08-24 01:58:10,490 INFO ncaa_identity: contest_id=40560 teams 1053/2210 matched, players 3046/6218 matched
2026-08-24 01:58:11,754 INFO ncaa_identity: contest_id=40592 teams 2459/2459 matched, players 6407/6936 matched
2026-08-24 01:58:11,861 INFO 5 starters not found for period 5; using estimate
2026-08-24 01:58:14,787 INFO ncaa_identity: contest_id=40676 teams 2226/2226 matched, players 5744/6313 matched
2026-08-24 01:58:16,162 INFO ncaa_identity: contest_id=40774 teams 2735/2735 matched, players 7238/7737 matched
2026-08-24 01:58:18,957 INFO ncaa_identity: contest_id=40796 teams 2355/2355 matched, players 5933/6630 matched
2026-08-24 01:58:21,931 INFO ncaa_identity: contest_id=40821 teams 2256/2256 matched, players 5889/6382 matched
2026-08-24 01:58:23,564 INFO ncaa_identity: contest_id=40839 teams 1116/2216 matched, players 2766/6252 matched
2026-08-24 01:58:26,396 INFO ncaa_identity: contest_id=40877 teams 2437/2437 matched, players 6337/6889 matched
2026-08-24 01:58:35,335 INFO ncaa_identity: contest_id=41095 teams 2344/2344 matched, players 5465/6596 matched
2026-08-24 01:58:36,454 INFO ncaa_identity: contest_id=41109 teams 2434/2434 matched, players 5863/6889 matched
2026-08-24 01:58:40,428 INFO ncaa_identity: contest_id=41174 teams 2101/2101 matched, players 5172/5913 matched
2026-08-24 01:58:41,704 INFO ncaa_identity: contest_id=41228 teams 2231/2231 matched, players 5869/6255 matched
2026-08-24 01:58:44,499 INFO ncaa_identity: contest_id=41260 teams 2403/2403 matched, players 6394/6759 matched
2026-08-24 01:58:47,647 INFO ncaa_identity: contest_id=41328 teams 2337/2337 matched, players 6474/6531 matched
2026-08-24 01:58:49,234 INFO ncaa_identity: contest_id=41354 teams 2512/2512 matched, players 6753/7093 matched
2026-08-24 01:58:59,171 INFO ncaa_identity: contest_id=41482 teams 2293/2293 matched, players 6270/6466 matched
2026-08-24 01:59:00,802 INFO ncaa_identity: contest_id=41501 teams 2128/2128 matched, players 5993/6002 matched
2026-08-24 01:59:06,362 INFO ncaa_identity: contest_id=41622 teams 2102/2102 matched, players 5761/5933 matched
2026-08-24 01:59:07,810 INFO ncaa_identity: contest_id=41632 teams 2364/2364 matched, players 6017/6702 matched
2026-08-24 01:59:09,085 INFO ncaa_identity: contest_id=41642 teams 2335/2335 matched, players 6267/6583 matched
2026-08-24 01:59:10,650 INFO ncaa_identity: contest_id=41672 teams 2774/2774 matched, players 7699/7833 matched
2026-08-24 01:59:14,860 INFO ncaa_identity: contest_id=41722 teams 2476/2476 matched, players 6690/7025 matched
2026-08-24 01:59:15,877 INFO ncaa_identity: contest_id=41751 teams 2129/2129 matched, players 5834/6037 matched
2026-08-24 01:59:17,529 INFO ncaa_identity: contest_id=41761 teams 2616/2616 matched, players 7057/7343 matched
2026-08-24 01:59:18,653 INFO ncaa_identity: contest_id=41786 teams 2273/2273 matched, players 5528/6440 matched
2026-08-24 01:59:20,374 INFO ncaa_identity: contest_id=41816 teams 2145/2145 matched, players 5658/6060 matched
2026-08-24 01:59:21,992 INFO ncaa_identity: contest_id=41826 teams 2649/2649 matched, players 7103/7508 matched
2026-08-24 01:59:25,087 INFO ncaa_identity: contest_id=41846 teams 3064/3064 matched, players 8571/8691 matched
2026-08-24 01:59:26,808 INFO ncaa_identity: contest_id=41877 teams 2438/2438 matched, players 6578/6844 matched
2026-08-24 01:59:29,715 INFO ncaa_identity: contest_id=41910 teams 2339/2339 matched, players 6389/6583 matched
2026-08-24 01:59:33,464 INFO ncaa_identity: contest_id=41971 teams 2435/2435 matched, players 6269/6819 matched
2026-08-24 01:59:34,656 INFO ncaa_identity: contest_id=41995 teams 1935/1935 matched, players 5018/5452 matched
2026-08-24 01:59:36,347 INFO ncaa_identity: contest_id=42014 teams 2335/2335 matched, players 6321/6578 matched
2026-08-24 01:59:39,198 INFO ncaa_identity: contest_id=42037 teams 2262/2262 matched, players 6136/6362 matched
2026-08-24 01:59:40,545 INFO ncaa_identity: contest_id=42047 teams 2292/2292 matched, players 5772/6459 matched
2026-08-24 01:59:43,437 INFO ncaa_identity: contest_id=42067 teams 1192/2384 matched, players 3371/6728 matched
2026-08-24 01:59:45,919 INFO ncaa_identity: contest_id=42115 teams 1025/2035 matched, players 2505/5740 matched
2026-08-24 01:59:50,550 INFO ncaa_identity: contest_id=42173 teams 2121/2121 matched, players 5837/5996 matched
2026-08-24 01:59:51,937 INFO ncaa_identity: contest_id=42184 teams 2490/2490 matched, players 6549/7044 matched
2026-08-24 01:59:53,674 INFO ncaa_identity: contest_id=42196 teams 2197/2197 matched, players 5992/6210 matched
2026-08-24 01:59:53,793 INFO 5 starters not found for period 4; using estimate
2026-08-24 01:59:54,993 INFO ncaa_identity: contest_id=42217 teams 2540/2540 matched, players 6705/7196 matched
2026-08-24 01:59:58,264 INFO ncaa_identity: contest_id=42237 teams 2468/2468 matched, players 6442/6949 matched
2026-08-24 01:59:59,933 INFO ncaa_identity: contest_id=42247 teams 2117/2117 matched, players 5743/5900 matched
2026-08-24 02:00:05,897 INFO ncaa_identity: contest_id=42287 teams 2105/2105 matched, players 5441/5954 matched
2026-08-24 02:00:07,323 INFO ncaa_identity: contest_id=42297 teams 2339/2339 matched, players 5897/6637 matched
2026-08-24 02:00:08,677 INFO ncaa_identity: contest_id=42307 teams 2210/2210 matched, players 5740/6169 matched
2026-08-24 02:00:10,557 INFO ncaa_identity: contest_id=42330 teams 2660/2660 matched, players 7357/7492 matched
2026-08-24 02:00:13,033 INFO ncaa_identity: contest_id=42368 teams 2073/2073 matched, players 5518/5876 matched
2026-08-24 02:00:15,195 INFO ncaa_identity: contest_id=42402 teams 1885/1885 matched, players 4958/5315 matched
2026-08-24 02:00:18,159 INFO ncaa_identity: contest_id=42447 teams 2206/2206 matched, players 6051/6215 matched
2026-08-24 02:00:19,661 INFO ncaa_identity: contest_id=42457 teams 888/1820 matched, players 2507/5099 matched
2026-08-24 02:00:21,054 INFO ncaa_identity: contest_id=42467 teams 2508/2508 matched, players 6685/7086 matched
2026-08-24 02:00:22,646 INFO ncaa_identity: contest_id=42478 teams 2454/2454 matched, players 6495/6975 matched
2026-08-24 02:00:23,943 INFO ncaa_identity: contest_id=42488 teams 2413/2413 matched, players 6609/6869 matched
2026-08-24 02:00:26,579 INFO ncaa_identity: contest_id=42510 teams 1850/1850 matched, players 4431/5207 matched
2026-08-24 02:00:28,063 INFO ncaa_identity: contest_id=42522 teams 2190/2190 matched, players 6047/6181 matched
2026-08-24 02:00:35,409 INFO ncaa_identity: contest_id=42568 teams 2336/2336 matched, players 6146/6612 matched
2026-08-24 02:00:44,376 INFO ncaa_identity: contest_id=42589 teams 2164/2164 matched, players 6023/6148 matched
2026-08-24 02:00:52,037 INFO ncaa_identity: contest_id=1618571 teams 1472/2853 matched, players 4004/8021 matched
2026-08-24 02:00:57,734 INFO ncaa_identity: contest_id=1618582 teams 2963/2963 matched, players 7884/8354 matched
2026-08-24 02:01:03,666 INFO ncaa_identity: contest_id=1618592 teams 1356/2591 matched, players 3711/7302 matched
2026-08-24 02:01:10,463 INFO ncaa_identity: contest_id=1618604 teams 1494/2916 matched, players 4166/8270 matched
2026-08-24 02:01:15,432 INFO ncaa_identity: contest_id=1618616 teams 1359/2615 matched, players 3751/7380 matched
2026-08-24 02:01:23,770 INFO ncaa_identity: contest_id=1618626 teams 1230/2414 matched, players 3048/6584 matched
2026-08-24 02:01:28,281 INFO ncaa_identity: contest_id=1618636 teams 2350/2350 matched, players 6031/6604 matched
2026-08-24 02:01:34,011 INFO ncaa_identity: contest_id=1618647 teams 1309/2559 matched, players 3642/7190 matched
2026-08-24 02:01:44,547 INFO ncaa_identity: contest_id=1618669 teams 2638/2638 matched, players 7023/7440 matched
2026-08-24 02:01:59,304 INFO ncaa_identity: contest_id=1618690 teams 1555/3051 matched, players 4199/8341 matched
2026-08-24 02:02:06,472 INFO ncaa_identity: contest_id=1618702 teams 1388/2794 matched, players 3952/7895 matched
2026-08-24 02:02:11,758 INFO ncaa_identity: contest_id=1618714 teams 1474/2873 matched, players 4167/8062 matched
2026-08-24 02:02:23,499 INFO ncaa_identity: contest_id=1618764 teams 3332/3332 matched, players 9073/9074 matched
2026-08-24 02:02:39,276 INFO ncaa_identity: contest_id=1618858 teams 2234/2234 matched, players 5703/6344 matched
2026-08-24 02:02:43,633 INFO ncaa_identity: contest_id=1618895 teams 2893/2893 matched, players 6387/7935 matched
2026-08-24 02:02:48,933 INFO ncaa_identity: contest_id=1618920 teams 2226/2226 matched, players 5607/6326 matched
2026-08-24 02:03:09,092 INFO ncaa_identity: contest_id=1619027 teams 3101/3101 matched, players 8255/8491 matched
2026-08-24 02:03:15,227 INFO ncaa_identity: contest_id=1619135 teams 2715/2715 matched, players 7298/7299 matched
2026-08-24 02:03:21,816 INFO ncaa_identity: contest_id=1619254 teams 1361/2719 matched, players 3503/7725 matched
2026-08-24 02:03:27,213 INFO ncaa_identity: contest_id=1619283 teams 3127/3127 matched, players 8476/8800 matched
2026-08-24 02:03:46,244 INFO ncaa_identity: contest_id=1619327 teams 1498/2878 matched, players 4015/8088 matched
2026-08-24 02:03:52,749 INFO ncaa_identity: contest_id=1619343 teams 2755/2755 matched, players 6535/7758 matched
2026-08-24 02:04:16,198 INFO ncaa_identity: contest_id=1619434 teams 1508/2846 matched, players 4131/8036 matched
2026-08-24 02:04:20,297 INFO ncaa_identity: contest_id=1619476 teams 2284/2284 matched, players 6132/6445 matched
2026-08-24 02:04:25,666 INFO ncaa_identity: contest_id=1619518 teams 1302/2563 matched, players 3628/7259 matched
2026-08-24 02:04:46,044 INFO ncaa_identity: contest_id=1619663 teams 2207/2207 matched, players 5926/6227 matched
2026-08-24 02:04:52,923 INFO ncaa_identity: contest_id=1619683 teams 3013/3013 matched, players 6997/7579 matched
2026-08-24 02:04:57,991 INFO ncaa_identity: contest_id=1619702 teams 0/2914 matched, players 0/7994 matched
2026-08-24 02:05:03,689 INFO ncaa_identity: contest_id=1619721 teams 2800/2800 matched, players 6758/7931 matched
2026-08-24 02:05:08,547 INFO ncaa_identity: contest_id=1619765 teams 3063/3063 matched, players 8120/8640 matched
2026-08-24 02:05:14,964 INFO ncaa_identity: contest_id=1619780 teams 2293/2293 matched, players 6149/6431 matched
2026-08-24 02:05:36,267 INFO ncaa_identity: contest_id=1619967 teams 1231/2412 matched, players 3098/6581 matched
2026-08-24 02:05:40,060 INFO ncaa_identity: contest_id=1619993 teams 2229/2229 matched, players 6015/6306 matched
2026-08-24 02:05:49,241 INFO ncaa_identity: contest_id=1620218 teams 1389/2707 matched, players 3704/7344 matched
2026-08-24 02:05:55,356 INFO ncaa_identity: contest_id=1620247 teams 2394/2394 matched, players 6132/6703 matched
2026-08-24 02:06:10,537 INFO ncaa_identity: contest_id=1620472 teams 2718/2718 matched, players 7296/7301 matched
2026-08-24 02:06:15,425 INFO ncaa_identity: contest_id=1620492 teams 2723/2723 matched, players 7073/7083 matched
2026-08-24 02:06:21,196 INFO ncaa_identity: contest_id=1620504 teams 2450/2450 matched, players 6484/6928 matched
2026-08-24 02:06:25,736 INFO ncaa_identity: contest_id=1620515 teams 2727/2727 matched, players 7568/7723 matched
2026-08-24 02:06:34,561 INFO ncaa_identity: contest_id=1620568 teams 2464/2464 matched, players 6426/6931 matched
2026-08-24 02:06:36,085 INFO ncaa_identity: contest_id=1620606 teams 2645/2645 matched, players 6887/6902 matched
2026-08-24 02:06:38,012 INFO ncaa_identity: contest_id=1620617 teams 3122/3122 matched, players 8566/8783 matched
2026-08-24 02:06:40,104 INFO ncaa_identity: contest_id=1620634 teams 2671/2671 matched, players 7011/7323 matched
2026-08-24 02:06:43,597 INFO ncaa_identity: contest_id=1620813 teams 2470/2470 matched, players 5365/6958 matched
2026-08-24 02:06:45,155 INFO ncaa_identity: contest_id=1620834 teams 3018/3018 matched, players 8368/8377 matched
2026-08-24 02:06:48,137 INFO ncaa_identity: contest_id=1620894 teams 1382/2628 matched, players 3340/7211 matched
2026-08-24 02:06:49,848 INFO ncaa_identity: contest_id=1620920 teams 2579/2579 matched, players 6423/7262 matched
2026-08-24 02:06:51,151 INFO ncaa_identity: contest_id=1620946 teams 2149/2149 matched, players 5699/6005 matched
2026-08-24 02:06:52,799 INFO ncaa_identity: contest_id=1620956 teams 2400/2400 matched, players 5972/6802 matched
2026-08-24 02:06:54,589 INFO ncaa_identity: contest_id=1620972 teams 3018/3018 matched, players 7937/8488 matched
2026-08-24 02:06:56,088 INFO ncaa_identity: contest_id=1620998 teams 2659/2659 matched, players 7086/7331 matched
2026-08-24 02:07:01,644 INFO ncaa_identity: contest_id=1621045 teams 2520/2520 matched, players 6787/7138 matched
2026-08-24 02:07:09,168 INFO ncaa_identity: contest_id=1621143 teams 2053/2053 matched, players 5475/5767 matched
2026-08-24 02:07:18,745 INFO ncaa_identity: contest_id=1621290 teams 2360/2360 matched, players 6232/6632 matched
2026-08-24 02:07:23,177 INFO ncaa_identity: contest_id=1621402 teams 1872/1872 matched, players 4661/5228 matched
2026-08-24 02:07:28,577 INFO ncaa_identity: contest_id=1621478 teams 1514/2896 matched, players 4042/7914 matched
2026-08-24 02:07:32,375 INFO ncaa_identity: contest_id=1621546 teams 1546/2919 matched, players 4132/8064 matched
2026-08-24 02:07:40,044 INFO ncaa_identity: contest_id=1621687 teams 2458/2458 matched, players 6588/6936 matched
2026-08-24 02:07:48,442 INFO ncaa_identity: contest_id=1621871 teams 2685/2685 matched, players 6772/7376 matched
2026-08-24 02:07:51,235 INFO ncaa_identity: contest_id=1621970 teams 2260/2260 matched, players 5470/6298 matched
2026-08-24 02:07:52,915 INFO ncaa_identity: contest_id=1621987 teams 2895/2895 matched, players 7311/7947 matched
2026-08-24 02:07:58,050 INFO ncaa_identity: contest_id=1622074 teams 1086/2183 matched, players 3044/6143 matched
2026-08-24 02:07:59,786 INFO ncaa_identity: contest_id=1622093 teams 2717/2717 matched, players 7322/7629 matched
2026-08-24 02:08:01,254 INFO ncaa_identity: contest_id=1622123 teams 2819/2819 matched, players 7558/7559 matched
2026-08-24 02:08:02,890 INFO ncaa_identity: contest_id=1622220 teams 2343/2343 matched, players 5945/6623 matched
2026-08-24 02:08:04,607 INFO ncaa_identity: contest_id=1622329 teams 1583/3191 matched, players 4409/8796 matched
2026-08-24 02:08:10,447 INFO ncaa_identity: contest_id=1622470 teams 2396/2396 matched, players 6609/6794 matched
2026-08-24 02:08:12,157 INFO ncaa_identity: contest_id=1622515 teams 2110/2110 matched, players 5885/5929 matched
2026-08-24 02:08:15,621 INFO ncaa_identity: contest_id=1622546 teams 2742/2742 matched, players 7133/7722 matched
2026-08-24 02:08:18,620 INFO ncaa_identity: contest_id=1622568 teams 2100/2100 matched, players 5583/5951 matched
2026-08-24 02:08:23,322 INFO ncaa_identity: contest_id=1622605 teams 1514/2912 matched, players 3905/8140 matched
2026-08-24 02:08:26,140 INFO ncaa_identity: contest_id=1622708 teams 2316/2316 matched, players 6404/6497 matched
2026-08-24 02:08:30,128 INFO ncaa_identity: contest_id=1622847 teams 2091/2091 matched, players 5726/5817 matched
2026-08-24 02:08:31,564 INFO ncaa_identity: contest_id=1622866 teams 2531/2531 matched, players 7083/7160 matched
2026-08-24 02:08:35,210 INFO ncaa_identity: contest_id=1622901 teams 2465/2465 matched, players 6385/6961 matched
2026-08-24 02:08:39,990 INFO ncaa_identity: contest_id=1623018 teams 1202/2376 matched, players 3289/6702 matched
2026-08-24 02:08:42,074 INFO ncaa_identity: contest_id=1623076 teams 2512/2512 matched, players 6667/7046 matched
2026-08-24 02:08:49,218 INFO ncaa_identity: contest_id=1623305 teams 2203/2203 matched, players 5865/6210 matched
2026-08-24 02:08:51,457 INFO ncaa_identity: contest_id=1623331 teams 1850/3596 matched, players 4427/9914 matched
2026-08-24 02:08:52,709 INFO ncaa_identity: contest_id=1623386 teams 2062/2062 matched, players 5362/5811 matched
2026-08-24 02:08:54,465 INFO ncaa_identity: contest_id=1623445 teams 1418/2764 matched, players 3907/7778 matched
2026-08-24 02:08:57,385 INFO ncaa_identity: contest_id=1623474 teams 2113/2113 matched, players 5515/5925 matched
2026-08-24 02:08:58,760 INFO ncaa_identity: contest_id=1623486 teams 1135/2265 matched, players 3210/6339 matched
2026-08-24 02:09:03,651 INFO ncaa_identity: contest_id=1623527 teams 1463/2895 matched, players 4054/8183 matched
2026-08-24 02:09:06,982 INFO ncaa_identity: contest_id=1623619 teams 1729/3455 matched, players 4917/9792 matched
2026-08-24 02:09:08,299 INFO ncaa_identity: contest_id=1623658 teams 2474/2474 matched, players 6385/6994 matched
2026-08-24 02:09:10,044 INFO ncaa_identity: contest_id=1623680 teams 2383/2383 matched, players 5842/6719 matched
2026-08-24 02:09:11,608 INFO ncaa_identity: contest_id=1623756 teams 2413/2413 matched, players 6529/6772 matched
2026-08-24 02:09:13,140 INFO ncaa_identity: contest_id=1623777 teams 2352/2352 matched, players 6126/6671 matched
2026-08-24 02:09:14,502 INFO ncaa_identity: contest_id=1623817 teams 1277/2542 matched, players 3484/6966 matched
2026-08-24 02:09:17,404 INFO ncaa_identity: contest_id=1623913 teams 2456/2456 matched, players 5901/6929 matched
2026-08-24 02:09:21,162 INFO ncaa_identity: contest_id=1623995 teams 2523/2523 matched, players 5649/7097 matched
2026-08-24 02:09:23,038 INFO ncaa_identity: contest_id=1624022 teams 2854/2854 matched, players 6931/7510 matched
2026-08-24 02:09:26,286 INFO ncaa_identity: contest_id=1624061 teams 2331/2331 matched, players 6460/6585 matched
2026-08-24 02:09:27,735 INFO ncaa_identity: contest_id=1624076 teams 2677/2677 matched, players 7260/7595 matched
2026-08-24 02:09:29,188 INFO ncaa_identity: contest_id=1624096 teams 2550/2550 matched, players 6148/7207 matched
2026-08-24 02:09:32,284 INFO ncaa_identity: contest_id=1624189 teams 2131/2131 matched, players 5837/5991 matched
2026-08-24 02:09:40,396 INFO 5 starters not found for period 2; using estimate
2026-08-24 02:09:48,188 INFO ncaa_identity: contest_id=1624474 teams 1555/3112 matched, players 4322/8551 matched
2026-08-24 02:09:49,807 INFO ncaa_identity: contest_id=1624491 teams 2339/2339 matched, players 5651/6591 matched
2026-08-24 02:09:58,123 INFO ncaa_identity: contest_id=1624568 teams 2599/2599 matched, players 792/898 matched
2026-08-24 02:09:59,877 INFO ncaa_identity: contest_id=1624586 teams 1236/2447 matched, players 3482/6896 matched
2026-08-24 02:10:01,350 INFO ncaa_identity: contest_id=1624596 teams 2250/2250 matched, players 5904/6348 matched
2026-08-24 02:10:03,050 INFO ncaa_identity: contest_id=1624606 teams 1482/2893 matched, players 4123/8190 matched
2026-08-24 02:10:08,008 INFO ncaa_identity: contest_id=1624648 teams 1326/2740 matched, players 3761/7560 matched
2026-08-24 02:10:12,605 INFO ncaa_identity: contest_id=1624668 teams 1319/2614 matched, players 3676/7388 matched
2026-08-24 02:10:16,118 INFO ncaa_identity: contest_id=1624693 teams 2707/2707 matched, players 7182/7407 matched
2026-08-24 02:10:17,603 INFO ncaa_identity: contest_id=1624719 teams 2569/2569 matched, players 6662/7268 matched
2026-08-24 02:10:23,908 INFO ncaa_identity: contest_id=1624789 teams 1389/2742 matched, players 3735/7547 matched
2026-08-24 02:10:25,286 INFO ncaa_identity: contest_id=1624836 teams 2499/2499 matched, players 6577/7045 matched
2026-08-24 02:10:30,270 INFO ncaa_identity: contest_id=1624912 teams 1324/2505 matched, players 3223/7051 matched
2026-08-24 02:10:32,284 INFO ncaa_identity: contest_id=1624925 teams 2809/2809 matched, players 7290/7304 matched
2026-08-24 02:10:33,717 INFO ncaa_identity: contest_id=1624958 teams 2573/2573 matched, players 7210/7262 matched
2026-08-24 02:10:37,408 INFO ncaa_identity: contest_id=1625077 teams 1177/2272 matched, players 2850/6277 matched
2026-08-24 02:10:44,018 INFO ncaa_identity: contest_id=1625165 teams 2291/2291 matched, players 6084/6454 matched
2026-08-24 02:10:50,523 INFO ncaa_identity: contest_id=1625281 teams 2073/2073 matched, players 5628/5811 matched
2026-08-24 02:10:52,445 INFO ncaa_identity: contest_id=1625406 teams 2971/2971 matched, players 7885/8424 matched
2026-08-24 02:11:02,833 INFO ncaa_identity: contest_id=1625587 teams 2887/2887 matched, players 7954/8105 matched
2026-08-24 02:11:19,643 INFO ncaa_identity: contest_id=1625886 teams 2510/2510 matched, players 6370/6927 matched
2026-08-24 02:11:21,425 INFO ncaa_identity: contest_id=1625919 teams 2550/2550 matched, players 7180/7188 matched
2026-08-24 02:11:24,997 INFO ncaa_identity: contest_id=1625967 teams 2497/2497 matched, players 6635/6834 matched
2026-08-24 02:11:31,789 INFO ncaa_identity: contest_id=1626067 teams 2729/2729 matched, players 7478/7658 matched
2026-08-24 02:11:33,502 INFO ncaa_identity: contest_id=1626109 teams 1992/1992 matched, players 5247/5254 matched
2026-08-24 02:11:36,782 INFO ncaa_identity: contest_id=1626141 teams 2862/2862 matched, players 7480/7498 matched
2026-08-24 02:11:41,151 INFO ncaa_identity: contest_id=1626179 teams 2601/2601 matched, players 6970/7341 matched
2026-08-24 02:11:42,694 INFO ncaa_identity: contest_id=1626202 teams 2450/2450 matched, players 6389/6867 matched
2026-08-24 02:11:44,535 INFO ncaa_identity: contest_id=1626225 teams 1381/2667 matched, players 3646/7272 matched
2026-08-24 02:11:51,103 INFO ncaa_identity: contest_id=1626465 teams 2360/2360 matched, players 6532/6650 matched
2026-08-24 02:11:52,458 INFO ncaa_identity: contest_id=1626487 teams 2412/2412 matched, players 6687/6800 matched
2026-08-24 02:11:54,369 INFO ncaa_identity: contest_id=1626503 teams 2822/2822 matched, players 7295/7792 matched
2026-08-24 02:11:55,962 INFO ncaa_identity: contest_id=1626541 teams 2589/2589 matched, players 6942/7327 matched
2026-08-24 02:11:59,720 INFO ncaa_identity: contest_id=1626657 teams 2416/2416 matched, players 6096/6820 matched
2026-08-24 02:12:09,950 INFO ncaa_identity: contest_id=1626809 teams 3180/3180 matched, players 8782/8793 matched
2026-08-24 02:12:11,412 INFO ncaa_identity: contest_id=1626897 teams 2589/2589 matched, players 6799/7286 matched
2026-08-24 02:12:13,085 INFO ncaa_identity: contest_id=1626955 teams 1183/2345 matched, players 3184/6373 matched
2026-08-24 02:12:16,164 INFO ncaa_identity: contest_id=1627018 teams 2308/2308 matched, players 6182/6522 matched
2026-08-24 02:12:17,689 INFO ncaa_identity: contest_id=1627043 teams 2415/2415 matched, players 6309/6835 matched
2026-08-24 02:12:21,179 INFO ncaa_identity: contest_id=1627087 teams 2488/2488 matched, players 5502/7020 matched
2026-08-24 02:12:26,366 INFO ncaa_identity: contest_id=1627205 teams 3262/3262 matched, players 7486/9228 matched
2026-08-24 02:12:27,974 INFO ncaa_identity: contest_id=1627243 teams 2687/2687 matched, players 6750/7383 matched
2026-08-24 02:12:36,026 INFO ncaa_identity: contest_id=1627325 teams 2514/2514 matched, players 6933/7062 matched
2026-08-24 02:12:41,045 INFO ncaa_identity: contest_id=1627499 teams 2643/2643 matched, players 7159/7462 matched
2026-08-24 02:12:44,658 INFO ncaa_identity: contest_id=1627575 teams 2915/2915 matched, players 7410/7982 matched
2026-08-24 02:12:48,254 INFO ncaa_identity: contest_id=1627646 teams 2256/2256 matched, players 5983/6400 matched
2026-08-24 02:12:50,113 INFO ncaa_identity: contest_id=1627687 teams 2689/2689 matched, players 7423/7435 matched
2026-08-24 02:12:51,904 INFO ncaa_identity: contest_id=1627737 teams 2311/2311 matched, players 5886/6544 matched
2026-08-24 02:12:56,652 INFO ncaa_identity: contest_id=1627774 teams 2117/2117 matched, players 5446/5969 matched
2026-08-24 02:13:06,570 INFO ncaa_identity: contest_id=1628051 teams 1071/2227 matched, players 2954/6087 matched
2026-08-24 02:13:12,304 INFO ncaa_identity: contest_id=1628127 teams 1048/2134 matched, players 2914/5956 matched
2026-08-24 02:13:14,551 INFO ncaa_identity: contest_id=1628153 teams 3202/3202 matched, players 8308/9040 matched
2026-08-24 02:13:18,361 INFO ncaa_identity: contest_id=1628230 teams 2367/2367 matched, players 6371/6644 matched
2026-08-24 02:13:36,620 INFO ncaa_identity: contest_id=1628623 teams 2410/2410 matched, players 6601/6810 matched
2026-08-24 02:13:38,855 INFO ncaa_identity: contest_id=1628638 teams 2875/2875 matched, players 7325/7871 matched
2026-08-24 02:13:51,919 INFO ncaa_identity: contest_id=1628831 teams 2229/2229 matched, players 5858/6277 matched
2026-08-24 02:13:57,098 INFO ncaa_identity: contest_id=1628932 teams 1963/1963 matched, players 5450/5505 matched
2026-08-24 02:13:59,042 INFO ncaa_identity: contest_id=1628958 teams 2860/2860 matched, players 7819/7824 matched
2026-08-24 02:14:02,253 INFO ncaa_identity: contest_id=1629123 teams 2050/2050 matched, players 5337/5744 matched
2026-08-24 02:14:09,653 INFO ncaa_identity: contest_id=1629222 teams 2830/2830 matched, players 7679/7804 matched
2026-08-24 02:14:14,168 INFO ncaa_identity: contest_id=1629281 teams 2741/2741 matched, players 7330/7538 matched
2026-08-24 02:14:16,465 INFO ncaa_identity: contest_id=1629335 teams 2491/2491 matched, players 6568/6901 matched
2026-08-24 02:14:22,172 INFO ncaa_identity: contest_id=1629403 teams 2658/2658 matched, players 7181/7524 matched
2026-08-24 02:14:26,001 INFO ncaa_identity: contest_id=1629436 teams 2313/2313 matched, players 6211/6530 matched
2026-08-24 02:14:28,193 INFO ncaa_identity: contest_id=1629446 teams 2217/2217 matched, players 6198/6215 matched
2026-08-24 02:14:30,197 INFO ncaa_identity: contest_id=1629459 teams 1307/2624 matched, players 3298/7227 matched
2026-08-24 02:14:37,207 INFO ncaa_identity: contest_id=1629548 teams 2410/2410 matched, players 6223/6811 matched
2026-08-24 02:14:39,167 INFO ncaa_identity: contest_id=1629695 teams 2051/2051 matched, players 5356/5761 matched
2026-08-24 02:14:43,012 INFO ncaa_identity: contest_id=1629753 teams 2426/2426 matched, players 6456/6623 matched
2026-08-24 02:14:45,635 INFO ncaa_identity: contest_id=1629791 teams 2568/2568 matched, players 6884/7028 matched
2026-08-24 02:14:49,807 INFO ncaa_identity: contest_id=1629876 teams 2386/2386 matched, players 6210/6740 matched
2026-08-24 02:14:51,688 INFO ncaa_identity: contest_id=1629888 teams 2409/2409 matched, players 6472/6793 matched
2026-08-24 02:14:53,928 INFO ncaa_identity: contest_id=1629901 teams 2668/2668 matched, players 7011/7600 matched
2026-08-24 02:14:55,888 INFO ncaa_identity: contest_id=1629911 teams 2708/2708 matched, players 7419/7426 matched
2026-08-24 02:15:03,334 INFO ncaa_identity: contest_id=1630028 teams 2287/2287 matched, players 6396/6483 matched
2026-08-24 02:15:10,270 INFO ncaa_identity: contest_id=1630237 teams 2706/2706 matched, players 7273/7643 matched
2026-08-24 02:15:12,020 INFO ncaa_identity: contest_id=1630265 teams 2253/2253 matched, players 5897/6381 matched
2026-08-24 02:15:17,246 INFO ncaa_identity: contest_id=1630352 teams 1181/2394 matched, players 3410/6784 matched
2026-08-24 02:15:28,609 INFO ncaa_identity: contest_id=1630495 teams 2352/2352 matched, players 6409/6411 matched
2026-08-24 02:15:32,324 INFO ncaa_identity: contest_id=1630524 teams 2538/2538 matched, players 6602/7157 matched
2026-08-24 02:15:34,286 INFO ncaa_identity: contest_id=1630541 teams 2537/2537 matched, players 6580/7178 matched
2026-08-24 02:15:35,703 INFO ncaa_identity: contest_id=1630612 teams 2362/2362 matched, players 6463/6633 matched
2026-08-24 02:15:37,779 INFO ncaa_identity: contest_id=1630743 teams 2875/2875 matched, players 8010/8170 matched
2026-08-24 02:15:40,050 INFO ncaa_identity: contest_id=1630765 teams 2504/2504 matched, players 6611/7098 matched
2026-08-24 02:15:46,597 INFO ncaa_identity: contest_id=1630839 teams 2872/2872 matched, players 7092/8079 matched
2026-08-24 02:15:48,343 INFO ncaa_identity: contest_id=1630910 teams 1807/1807 matched, players 600/647 matched
2026-08-24 02:15:53,069 INFO ncaa_identity: contest_id=1630953 teams 2446/2446 matched, players 6400/6877 matched
2026-08-24 02:15:55,013 INFO ncaa_identity: contest_id=1630965 teams 2571/2571 matched, players 6776/7011 matched
2026-08-24 02:15:58,126 INFO ncaa_identity: contest_id=1631041 teams 2602/2602 matched, players 6692/7152 matched
2026-08-24 02:15:59,435 INFO ncaa_identity: contest_id=1631067 teams 2355/2355 matched, players 6526/6603 matched
2026-08-24 02:16:03,005 INFO ncaa_identity: contest_id=1631184 teams 1205/2420 matched, players 3298/6640 matched
2026-08-24 02:16:04,924 INFO ncaa_identity: contest_id=1631259 teams 2142/2142 matched, players 5545/6098 matched
2026-08-24 02:16:08,221 INFO ncaa_identity: contest_id=1631318 teams 2161/2161 matched, players 5973/6074 matched
2026-08-24 02:16:11,453 INFO ncaa_identity: contest_id=1631348 teams 2577/2577 matched, players 6666/7302 matched
2026-08-24 02:16:12,914 INFO ncaa_identity: contest_id=1631392 teams 2298/2298 matched, players 5985/6487 matched
2026-08-24 02:16:16,054 INFO ncaa_identity: contest_id=1631472 teams 2113/2113 matched, players 5466/5887 matched
2026-08-24 02:16:20,402 INFO ncaa_identity: contest_id=1631541 teams 2087/2087 matched, players 5470/5889 matched
2026-08-24 02:16:22,159 INFO ncaa_identity: contest_id=1631557 teams 2593/2593 matched, players 6979/7304 matched
2026-08-24 02:16:24,298 INFO ncaa_identity: contest_id=1631567 teams 2533/2533 matched, players 6965/7187 matched
2026-08-24 02:16:25,552 INFO ncaa_identity: contest_id=1631588 teams 2569/2569 matched, players 6802/7284 matched
2026-08-24 02:16:27,387 INFO ncaa_identity: contest_id=1631607 teams 1299/2586 matched, players 3550/7060 matched
2026-08-24 02:16:34,703 INFO ncaa_identity: contest_id=1631847 teams 2297/2297 matched, players 6092/6447 matched
2026-08-24 02:16:37,449 INFO ncaa_identity: contest_id=1631910 teams 3028/3028 matched, players 8332/8333 matched
2026-08-24 02:16:39,431 INFO ncaa_identity: contest_id=1631976 teams 3006/3006 matched, players 8002/8482 matched
2026-08-24 02:16:40,574 INFO ncaa_identity: contest_id=1631989 teams 1884/1884 matched, players 4857/5339 matched
2026-08-24 02:16:43,782 INFO ncaa_identity: contest_id=1632012 teams 2516/2516 matched, players 6584/7131 matched
2026-08-24 02:16:45,687 INFO ncaa_identity: contest_id=1632027 teams 2348/2348 matched, players 6407/6550 matched
2026-08-24 02:16:50,290 INFO ncaa_identity: contest_id=1632104 teams 2348/2348 matched, players 6068/6582 matched
2026-08-24 02:16:51,926 INFO ncaa_identity: contest_id=1632169 teams 2140/2140 matched, players 5818/5825 matched
2026-08-24 02:16:53,488 INFO ncaa_identity: contest_id=1632218 teams 2227/2227 matched, players 5481/6264 matched
2026-08-24 02:16:55,151 INFO ncaa_identity: contest_id=1632284 teams 2436/2436 matched, players 6785/6872 matched
2026-08-24 02:16:58,698 INFO ncaa_identity: contest_id=1632345 teams 0/2687 matched, players 0/7379 matched
2026-08-24 02:17:01,790 INFO ncaa_identity: contest_id=1632398 teams 2570/2570 matched, players 6766/7248 matched
2026-08-24 02:17:03,434 INFO ncaa_identity: contest_id=1632429 teams 2716/2716 matched, players 6448/7642 matched
2026-08-24 02:17:08,746 INFO ncaa_identity: contest_id=1632524 teams 2791/2791 matched, players 7623/7625 matched
2026-08-24 02:17:14,896 INFO ncaa_identity: contest_id=1632578 teams 2228/2228 matched, players 6026/6263 matched
2026-08-24 02:17:16,495 INFO ncaa_identity: contest_id=1632588 teams 2256/2256 matched, players 5647/6369 matched
2026-08-24 02:17:19,739 INFO ncaa_identity: contest_id=1632617 teams 2264/2264 matched, players 5660/6403 matched
2026-08-24 02:17:21,125 INFO ncaa_identity: contest_id=1632644 teams 2237/2237 matched, players 6120/6342 matched
2026-08-24 02:17:22,883 INFO ncaa_identity: contest_id=1632697 teams 2858/2858 matched, players 7991/8117 matched
2026-08-24 02:17:25,885 INFO ncaa_identity: contest_id=1632718 teams 2522/2522 matched, players 6848/7088 matched
2026-08-24 02:17:28,821 INFO ncaa_identity: contest_id=1632797 teams 2376/2376 matched, players 6261/6704 matched
2026-08-24 02:17:30,459 INFO ncaa_identity: contest_id=1632807 teams 2321/2321 matched, players 6178/6551 matched
2026-08-24 02:17:43,959 INFO ncaa_identity: contest_id=1632927 teams 2716/2716 matched, players 7522/7670 matched
2026-08-24 02:17:46,008 INFO ncaa_identity: contest_id=1632958 teams 2634/2634 matched, players 7086/7087 matched
2026-08-24 02:17:49,420 INFO ncaa_identity: contest_id=1633008 teams 2724/2724 matched, players 7556/7729 matched
2026-08-24 02:17:58,039 INFO ncaa_identity: contest_id=1633101 teams 2486/2486 matched, players 6745/6766 matched
2026-08-24 02:18:01,359 INFO ncaa_identity: contest_id=1633141 teams 2556/2556 matched, players 6696/7023 matched
2026-08-24 02:18:03,249 INFO ncaa_identity: contest_id=1633151 teams 2339/2339 matched, players 5725/6624 matched
2026-08-24 02:18:10,938 INFO ncaa_identity: contest_id=1633195 teams 2557/2557 matched, players 7078/7199 matched
2026-08-24 02:18:14,140 INFO ncaa_identity: contest_id=1633230 teams 2539/2539 matched, players 6957/7171 matched
2026-08-24 02:18:17,488 INFO ncaa_identity: contest_id=1633292 teams 1324/2581 matched, players 3659/7280 matched
2026-08-24 02:18:20,510 INFO ncaa_identity: contest_id=1633313 teams 1002/1981 matched, players 2759/5561 matched
2026-08-24 02:18:22,328 INFO ncaa_identity: contest_id=1633324 teams 2494/2494 matched, players 6709/7058 matched
2026-08-24 02:18:27,371 INFO ncaa_identity: contest_id=1633403 teams 2018/2018 matched, players 5184/5683 matched
2026-08-24 02:18:31,480 INFO ncaa_identity: contest_id=1633448 teams 3018/3018 matched, players 8243/8637 matched
2026-08-24 02:18:31,658 INFO 5 starters not found for period 6; using estimate
2026-08-24 02:18:34,782 INFO ncaa_identity: contest_id=1633469 teams 2230/2230 matched, players 5733/6315 matched
2026-08-24 02:18:36,329 INFO ncaa_identity: contest_id=1633484 teams 2215/2215 matched, players 5813/6270 matched
2026-08-24 02:18:38,909 INFO ncaa_identity: contest_id=1633546 teams 2308/2308 matched, players 6262/6495 matched
2026-08-24 02:18:40,096 INFO ncaa_identity: contest_id=1633560 teams 2136/2136 matched, players 5762/5986 matched
2026-08-24 02:18:42,822 INFO ncaa_identity: contest_id=1633593 teams 1086/2142 matched, players 3052/6067 matched
2026-08-24 02:18:47,656 INFO ncaa_identity: contest_id=1633635 teams 2801/2801 matched, players 6584/7878 matched
2026-08-24 02:18:49,426 INFO ncaa_identity: contest_id=1633645 teams 2102/2102 matched, players 5766/5916 matched
2026-08-24 02:18:50,736 INFO ncaa_identity: contest_id=1633655 teams 2332/2332 matched, players 6583/6586 matched
2026-08-24 02:18:52,536 INFO ncaa_identity: contest_id=1633677 teams 2940/2940 matched, players 8036/8303 matched
2026-08-24 02:18:55,381 INFO ncaa_identity: contest_id=1633700 teams 2054/2054 matched, players 5471/5800 matched
2026-08-24 02:18:59,502 INFO ncaa_identity: contest_id=1633732 teams 2411/2411 matched, players 5864/6856 matched
2026-08-24 02:19:01,280 INFO ncaa_identity: contest_id=1633742 teams 1930/1930 matched, players 5288/5422 matched
2026-08-24 02:19:02,408 INFO ncaa_identity: contest_id=1633752 teams 2164/2164 matched, players 6059/6089 matched
2026-08-24 02:19:03,906 INFO ncaa_identity: contest_id=1633762 teams 1884/1884 matched, players 5278/5296 matched
2026-08-24 02:19:05,281 INFO ncaa_identity: contest_id=1633772 teams 1176/2373 matched, players 3263/6452 matched
2026-08-24 02:19:07,111 INFO ncaa_identity: contest_id=1633782 teams 2388/2388 matched, players 6696/6737 matched
2026-08-24 02:19:10,609 INFO ncaa_identity: contest_id=1633802 teams 2262/2262 matched, players 6145/6189 matched
2026-08-24 02:19:13,961 INFO ncaa_identity: contest_id=1633822 teams 1103/2201 matched, players 3056/6133 matched
2026-08-24 02:19:17,141 INFO ncaa_identity: contest_id=1633842 teams 2580/2580 matched, players 6927/7054 matched
2026-08-24 02:19:23,442 INFO ncaa_identity: contest_id=1633882 teams 2444/2444 matched, players 6558/6865 matched
2026-08-24 02:19:26,951 INFO ncaa_identity: contest_id=1637795 teams 1420/2968 matched, players 3628/8425 matched
2026-08-24 02:19:28,444 INFO ncaa_identity: contest_id=1638944 teams 2388/2388 matched, players 6352/6748 matched
2026-08-24 02:19:30,278 INFO ncaa_identity: contest_id=1639783 teams 2687/2687 matched, players 7100/7568 matched
2026-08-24 02:19:37,997 INFO ncaa_identity: contest_id=1642403 teams 2608/2608 matched, players 7002/7092 matched
2026-08-24 02:19:39,203 INFO ncaa_identity: contest_id=1704533 teams 2085/2085 matched, players 4979/5877 matched
2026-08-24 02:19:43,863 INFO ncaa_identity: contest_id=1716041 teams 2076/2076 matched, players 5534/5854 matched
2026-08-24 02:19:45,208 INFO ncaa_identity: contest_id=1716269 teams 2484/2484 matched, players 6978/7046 matched
2026-08-24 02:19:46,412 INFO ncaa_identity: contest_id=1716288 teams 1983/1983 matched, players 5285/5541 matched
2026-08-24 02:19:49,295 INFO ncaa_identity: contest_id=1716383 teams 2099/2099 matched, players 5478/5920 matched
2026-08-24 02:19:56,202 INFO ncaa_identity: contest_id=1716629 teams 2086/2086 matched, players 5568/5870 matched
2026-08-24 02:19:57,600 INFO ncaa_identity: contest_id=1716861 teams 2517/2517 matched, players 6481/7085 matched
2026-08-24 02:20:01,994 INFO ncaa_identity: contest_id=1717019 teams 2114/2114 matched, players 5410/5923 matched
2026-08-24 02:20:05,129 INFO ncaa_identity: contest_id=1717243 teams 2357/2357 matched, players 6223/6621 matched
2026-08-24 02:20:06,204 INFO ncaa_identity: contest_id=1717270 teams 2081/2081 matched, players 5048/5888 matched
2026-08-24 02:20:12,027 INFO ncaa_identity: contest_id=1717899 teams 2109/2109 matched, players 5075/5939 matched
2026-08-24 02:20:32,206 INFO ncaa_identity: contest_id=1719811 teams 2081/2081 matched, players 5783/5834 matched
2026-08-24 02:20:35,465 INFO ncaa_identity: contest_id=1719864 teams 2558/2558 matched, players 7266/7268 matched
2026-08-24 02:20:38,410 INFO ncaa_identity: contest_id=1720232 teams 2391/2391 matched, players 6546/6750 matched
2026-08-24 02:20:40,935 INFO ncaa_identity: contest_id=1720975 teams 2001/2001 matched, players 5200/5636 matched
2026-08-24 02:20:44,586 INFO ncaa_identity: contest_id=1781581 teams 2777/2777 matched, players 7284/7590 matched
2026-08-24 02:20:46,420 INFO ncaa_identity: contest_id=1781592 teams 1230/2389 matched, players 3338/6570 matched
2026-08-24 02:20:47,628 INFO ncaa_identity: contest_id=1781602 teams 2167/2167 matched, players 5831/6149 matched
2026-08-24 02:20:49,728 INFO ncaa_identity: contest_id=1781613 teams 1486/2859 matched, players 3824/7645 matched
2026-08-24 02:20:52,080 INFO ncaa_identity: contest_id=1781623 teams 2168/4138 matched, players 5729/11451 matched
2026-08-24 02:20:53,624 INFO ncaa_identity: contest_id=1781634 teams 1209/2408 matched, players 2969/6558 matched
2026-08-24 02:20:57,723 INFO ncaa_identity: contest_id=1781656 teams 1442/2840 matched, players 3903/7805 matched
2026-08-24 02:20:59,421 INFO ncaa_identity: contest_id=1781666 teams 2819/2819 matched, players 7513/7757 matched
2026-08-24 02:21:05,558 INFO ncaa_identity: contest_id=1781696 teams 1322/2631 matched, players 3127/7453 matched
2026-08-24 02:21:11,488 INFO ncaa_identity: contest_id=1781731 teams 2599/2599 matched, players 6427/7382 matched
2026-08-24 02:21:13,861 INFO ncaa_identity: contest_id=1781741 teams 1386/2702 matched, players 3736/7418 matched
2026-08-24 02:21:15,973 INFO ncaa_identity: contest_id=1781751 teams 1406/2786 matched, players 3860/7655 matched
2026-08-24 02:21:19,381 INFO ncaa_identity: contest_id=1781873 teams 2613/2613 matched, players 7335/7378 matched
2026-08-24 02:21:21,713 INFO ncaa_identity: contest_id=1781904 teams 2164/2164 matched, players 5942/6078 matched
2026-08-24 02:21:28,426 INFO ncaa_identity: contest_id=1782001 teams 3131/3131 matched, players 8530/8669 matched
2026-08-24 02:21:34,099 INFO ncaa_identity: contest_id=1782101 teams 2985/2985 matched, players 7367/8186 matched
2026-08-24 02:21:38,211 INFO ncaa_identity: contest_id=1782252 teams 2722/2722 matched, players 7292/7650 matched
2026-08-24 02:21:41,989 INFO ncaa_identity: contest_id=1782305 teams 2255/2255 matched, players 6015/6183 matched
2026-08-24 02:21:48,385 INFO ncaa_identity: contest_id=1782372 teams 2818/2818 matched, players 7537/7743 matched
2026-08-24 02:21:50,474 INFO ncaa_identity: contest_id=1782402 teams 3040/3040 matched, players 7932/8387 matched
2026-08-24 02:21:52,973 INFO ncaa_identity: contest_id=1782420 teams 1550/3061 matched, players 4200/8369 matched
2026-08-24 02:21:58,410 INFO ncaa_identity: contest_id=1782531 teams 2282/2282 matched, players 5858/6422 matched
2026-08-24 02:22:00,755 INFO ncaa_identity: contest_id=1782573 teams 2845/2845 matched, players 7536/7890 matched
2026-08-24 02:22:02,735 INFO ncaa_identity: contest_id=1782629 teams 2603/2603 matched, players 7007/7141 matched
2026-08-24 02:22:06,366 INFO ncaa_identity: contest_id=1782661 teams 1250/2532 matched, players 3448/6926 matched
2026-08-24 02:22:11,914 INFO ncaa_identity: contest_id=1782716 teams 2509/2509 matched, players 6883/6887 matched
2026-08-24 02:22:13,499 INFO ncaa_identity: contest_id=1782753 teams 1166/2316 matched, players 3268/6498 matched
2026-08-24 02:22:16,804 INFO ncaa_identity: contest_id=1782790 teams 2492/2492 matched, players 6415/6793 matched
2026-08-24 02:22:21,434 INFO ncaa_identity: contest_id=1782948 teams 2691/2691 matched, players 7003/7380 matched
2026-08-24 02:22:23,187 INFO ncaa_identity: contest_id=1783005 teams 2952/2952 matched, players 7801/8143 matched
2026-08-24 02:22:26,789 INFO ncaa_identity: contest_id=1783132 teams 2859/2859 matched, players 7873/7881 matched
2026-08-24 02:22:32,253 INFO ncaa_identity: contest_id=1783394 teams 1575/3159 matched, players 4329/8713 matched
2026-08-24 02:22:34,141 INFO ncaa_identity: contest_id=1783411 teams 2795/2795 matched, players 7571/7674 matched
2026-08-24 02:22:36,003 INFO ncaa_identity: contest_id=1783438 teams 2152/2152 matched, players 5475/5978 matched
2026-08-24 02:22:38,072 INFO ncaa_identity: contest_id=1783451 teams 2691/2691 matched, players 6959/7378 matched
2026-08-24 02:22:50,213 INFO ncaa_identity: contest_id=1783556 teams 3098/3098 matched, players 8343/8499 matched
2026-08-24 02:22:52,706 INFO ncaa_identity: contest_id=1783614 teams 1393/2732 matched, players 3751/7494 matched
2026-08-24 02:22:54,662 INFO ncaa_identity: contest_id=1783637 teams 2586/2586 matched, players 6707/7317 matched
2026-08-24 02:22:56,012 INFO ncaa_identity: contest_id=1783675 teams 2472/2472 matched, players 6024/6970 matched
2026-08-24 02:22:58,061 INFO ncaa_identity: contest_id=1783692 teams 2776/2776 matched, players 7134/7605 matched
2026-08-24 02:23:08,605 INFO ncaa_identity: contest_id=1783901 teams 2777/2777 matched, players 7603/7604 matched
2026-08-24 02:23:10,452 INFO ncaa_identity: contest_id=1783917 teams 2539/2539 matched, players 6747/7112 matched
2026-08-24 02:23:18,002 INFO ncaa_identity: contest_id=1784023 teams 3016/3016 matched, players 7659/8314 matched
2026-08-24 02:23:19,846 INFO ncaa_identity: contest_id=1784112 teams 2995/2995 matched, players 7902/8317 matched
2026-08-24 02:23:25,149 INFO ncaa_identity: contest_id=1784315 teams 2582/2582 matched, players 7202/7272 matched
2026-08-24 02:23:41,878 INFO ncaa_identity: contest_id=1784552 teams 1374/2665 matched, players 3731/7313 matched
2026-08-24 02:23:43,586 INFO ncaa_identity: contest_id=1784569 teams 1188/2350 matched, players 3297/6552 matched
2026-08-24 02:23:49,848 INFO ncaa_identity: contest_id=1784765 teams 2631/2631 matched, players 7161/7235 matched
2026-08-24 02:23:54,203 INFO ncaa_identity: contest_id=1784817 teams 1458/2832 matched, players 4032/8031 matched
2026-08-24 02:24:01,315 INFO ncaa_identity: contest_id=1784890 teams 2725/2725 matched, players 7485/7487 matched
2026-08-24 02:24:09,762 INFO ncaa_identity: contest_id=1784972 teams 2916/2916 matched, players 7802/8005 matched
2026-08-24 02:24:11,550 INFO ncaa_identity: contest_id=1784992 teams 2489/2489 matched, players 6607/7034 matched
2026-08-24 02:24:16,409 INFO ncaa_identity: contest_id=1785078 teams 2448/2448 matched, players 6716/6948 matched
2026-08-24 02:24:23,563 INFO ncaa_identity: contest_id=1785209 teams 2774/2774 matched, players 6927/7556 matched
2026-08-24 02:24:29,007 INFO ncaa_identity: contest_id=1785298 teams 1422/2644 matched, players 3551/7244 matched
2026-08-24 02:24:30,857 INFO ncaa_identity: contest_id=1785320 teams 1338/2724 matched, players 3740/7478 matched
2026-08-24 02:24:32,694 INFO ncaa_identity: contest_id=1785334 teams 1229/2433 matched, players 3371/6658 matched
2026-08-24 02:24:38,525 INFO ncaa_identity: contest_id=1785457 teams 2518/2518 matched, players 6786/7094 matched
2026-08-24 02:24:40,154 INFO ncaa_identity: contest_id=1785482 teams 2636/2636 matched, players 6864/7289 matched
2026-08-24 02:24:44,883 INFO ncaa_identity: contest_id=1785627 teams 2295/2295 matched, players 6003/6256 matched
2026-08-24 02:24:48,158 INFO ncaa_identity: contest_id=1785669 teams 2619/2619 matched, players 7056/7162 matched
2026-08-24 02:24:51,434 INFO ncaa_identity: contest_id=1785768 teams 2426/2426 matched, players 6444/6646 matched
2026-08-24 02:24:58,499 INFO ncaa_identity: contest_id=1785828 teams 2771/2771 matched, players 7457/7771 matched
2026-08-24 02:25:07,735 INFO ncaa_identity: contest_id=1786113 teams 1378/2764 matched, players 3899/7853 matched
2026-08-24 02:25:16,056 INFO ncaa_identity: contest_id=1786275 teams 1273/2508 matched, players 3420/6846 matched
2026-08-24 02:25:17,989 INFO ncaa_identity: contest_id=1786285 teams 2728/2728 matched, players 7230/7397 matched
2026-08-24 02:25:28,576 INFO ncaa_identity: contest_id=1786386 teams 2742/2742 matched, players 7302/7522 matched
2026-08-24 02:25:32,870 INFO ncaa_identity: contest_id=1786472 teams 1528/2997 matched, players 4098/8267 matched
2026-08-24 02:25:39,028 INFO ncaa_identity: contest_id=1786621 teams 1397/2812 matched, players 3884/7774 matched
2026-08-24 02:25:41,279 INFO ncaa_identity: contest_id=1786668 teams 2519/2519 matched, players 6893/6894 matched
2026-08-24 02:25:43,228 INFO ncaa_identity: contest_id=1786725 teams 2626/2626 matched, players 6752/7195 matched
2026-08-24 02:25:54,152 INFO ncaa_identity: contest_id=1786834 teams 2305/2305 matched, players 5986/6272 matched
2026-08-24 02:26:00,586 INFO ncaa_identity: contest_id=1786844 teams 2564/2564 matched, players 6753/6970 matched
2026-08-24 02:26:06,611 INFO ncaa_identity: contest_id=1786860 teams 3094/3094 matched, players 8199/8556 matched
[p1_s_e_e] [WARNING] [TeamId(name='West Virginia')]v[TeamId(name='Norfolk St.')] Flip court for periods: [[3, 4]] because [total_shots={1: 34, 2: 25, 3: 29, 4: 26} long_shots={3: 29, 4: 26}]
2026-08-24 02:26:13,474 INFO ncaa_identity: contest_id=1786878 teams 2786/2786 matched, players 7434/7679 matched
2026-08-24 02:26:34,198 INFO ncaa_identity: contest_id=1786981 teams 2764/2764 matched, players 7355/7864 matched
2026-08-24 02:26:40,614 INFO ncaa_identity: contest_id=1787025 teams 2714/2714 matched, players 7468/7478 matched
2026-08-24 02:26:47,244 INFO ncaa_identity: contest_id=1787037 teams 2770/2770 matched, players 7451/7552 matched
2026-08-24 02:26:59,233 INFO ncaa_identity: contest_id=1787096 teams 1346/2608 matched, players 3614/7143 matched
2026-08-24 02:27:11,898 INFO ncaa_identity: contest_id=1787159 teams 2298/2298 matched, players 6438/6440 matched
2026-08-24 02:27:18,649 INFO ncaa_identity: contest_id=1787180 teams 2430/2430 matched, players 6415/6873 matched
2026-08-24 02:27:33,616 INFO ncaa_identity: contest_id=1787261 teams 1271/2497 matched, players 3466/6866 matched
2026-08-24 02:28:01,812 INFO ncaa_identity: contest_id=1787335 teams 2571/2571 matched, players 6653/7039 matched
2026-08-24 02:28:56,567 INFO ncaa_identity: contest_id=1787542 teams 1268/2436 matched, players 3385/6821 matched
2026-08-24 02:29:14,947 INFO ncaa_identity: contest_id=1787611 teams 1255/2441 matched, players 3399/6702 matched
2026-08-24 02:29:22,402 INFO ncaa_identity: contest_id=1787630 teams 2986/2986 matched, players 8211/8212 matched
2026-08-24 02:29:41,309 INFO ncaa_identity: contest_id=1787669 teams 3331/3331 matched, players 8846/9196 matched
2026-08-24 02:29:47,704 INFO ncaa_identity: contest_id=1787680 teams 1113/2201 matched, players 3091/6176 matched
2026-08-24 02:30:02,920 INFO ncaa_identity: contest_id=1787718 teams 1636/3216 matched, players 4032/8866 matched
2026-08-24 02:30:13,730 INFO ncaa_identity: contest_id=1787767 teams 2578/2578 matched, players 6645/7081 matched
2026-08-24 02:30:20,463 INFO ncaa_identity: contest_id=1787779 teams 1411/2773 matched, players 3767/7599 matched
2026-08-24 02:30:28,720 INFO ncaa_identity: contest_id=1787789 teams 2800/2800 matched, players 7647/7653 matched
2026-08-24 02:30:33,520 INFO ncaa_identity: contest_id=1787800 teams 2679/2679 matched, players 7297/7361 matched
2026-08-24 02:30:41,182 INFO ncaa_identity: contest_id=1787823 teams 1462/2885 matched, players 3963/7870 matched
2026-08-24 02:30:47,581 INFO ncaa_identity: contest_id=1787862 teams 1376/2733 matched, players 3788/7517 matched
2026-08-24 02:30:55,077 INFO ncaa_identity: contest_id=1787963 teams 2549/2549 matched, players 6884/6985 matched
2026-08-24 02:30:57,470 INFO ncaa_identity: contest_id=1787977 teams 1624/3100 matched, players 3854/8519 matched
2026-08-24 02:31:01,309 INFO ncaa_identity: contest_id=1788006 teams 1209/2330 matched, players 3253/6381 matched
2026-08-24 02:31:04,587 INFO ncaa_identity: contest_id=1788041 teams 2567/2567 matched, players 6875/7018 matched
2026-08-24 02:31:06,259 INFO ncaa_identity: contest_id=1788054 teams 1235/2495 matched, players 3605/7082 matched
2026-08-24 02:31:07,880 INFO ncaa_identity: contest_id=1788071 teams 2466/2466 matched, players 6693/6705 matched
2026-08-24 02:31:12,428 INFO ncaa_identity: contest_id=1788145 teams 3174/3174 matched, players 8576/8806 matched
2026-08-24 02:31:20,456 INFO ncaa_identity: contest_id=1788216 teams 2568/2568 matched, players 6584/7053 matched
2026-08-24 02:31:27,176 INFO ncaa_identity: contest_id=1788242 teams 2837/2837 matched, players 7425/7748 matched
2026-08-24 02:31:32,053 INFO ncaa_identity: contest_id=1788313 teams 2437/2437 matched, players 6554/6680 matched
2026-08-24 02:31:39,283 INFO ncaa_identity: contest_id=1788477 teams 2845/2845 matched, players 7504/7844 matched
2026-08-24 02:31:41,019 INFO ncaa_identity: contest_id=1788513 teams 1460/1460 matched, players 415/462 matched
2026-08-24 02:32:04,496 INFO ncaa_identity: contest_id=1788846 teams 2129/2129 matched, players 5779/5967 matched
2026-08-24 02:32:06,340 INFO ncaa_identity: contest_id=1788868 teams 2669/2669 matched, players 7116/7332 matched
2026-08-24 02:32:13,876 INFO ncaa_identity: contest_id=1789075 teams 1384/2734 matched, players 3766/7499 matched
2026-08-24 02:32:25,651 INFO ncaa_identity: contest_id=1789276 teams 1309/2587 matched, players 3586/7135 matched
2026-08-24 02:32:27,291 INFO ncaa_identity: contest_id=1789287 teams 2990/2990 matched, players 8257/8270 matched
2026-08-24 02:32:30,333 INFO ncaa_identity: contest_id=1789300 teams 2444/2444 matched, players 6441/6723 matched
2026-08-24 02:32:34,665 INFO ncaa_identity: contest_id=1789370 teams 2763/2763 matched, players 7259/7811 matched
2026-08-24 02:32:39,248 INFO ncaa_identity: contest_id=1789402 teams 3218/3218 matched, players 8306/8889 matched
2026-08-24 02:32:47,247 INFO ncaa_identity: contest_id=1789593 teams 2719/2719 matched, players 7517/7522 matched
2026-08-24 02:33:03,089 INFO ncaa_identity: contest_id=1789848 teams 2315/2315 matched, players 6201/6329 matched
2026-08-24 02:33:12,918 INFO ncaa_identity: contest_id=1789878 teams 3123/3123 matched, players 8047/8597 matched
2026-08-24 02:33:28,178 INFO ncaa_identity: contest_id=1789925 teams 1914/1914 matched, players 4813/5403 matched
2026-08-24 02:33:46,647 INFO ncaa_identity: contest_id=1790122 teams 2514/2514 matched, players 5681/7079 matched
2026-08-24 02:33:51,686 INFO ncaa_identity: contest_id=1790139 teams 2713/2713 matched, players 7107/7641 matched
2026-08-24 02:34:38,123 INFO ncaa_identity: contest_id=1790372 teams 3478/3478 matched, players 8575/9679 matched
2026-08-24 02:34:55,514 INFO ncaa_identity: contest_id=1790467 teams 2031/2031 matched, players 5565/5566 matched
2026-08-24 02:35:29,802 INFO ncaa_identity: contest_id=1790717 teams 1282/2535 matched, players 3448/6938 matched
2026-08-24 02:35:34,413 INFO ncaa_identity: contest_id=1790746 teams 2501/2501 matched, players 6838/6840 matched
2026-08-24 02:36:06,562 INFO ncaa_identity: contest_id=1790943 teams 1107/2182 matched, players 2958/5921 matched
2026-08-24 02:36:25,116 INFO ncaa_identity: contest_id=1791007 teams 3001/3001 matched, players 7304/8258 matched
2026-08-24 02:36:30,719 INFO ncaa_identity: contest_id=1791023 teams 2176/2176 matched, players 5689/6103 matched
2026-08-24 02:37:02,429 INFO 5 starters not found for period 5; using estimate
2026-08-24 02:37:27,698 INFO ncaa_identity: contest_id=1791423 teams 2709/2709 matched, players 7307/7417 matched
2026-08-24 02:37:33,052 INFO ncaa_identity: contest_id=1791477 teams 2413/2413 matched, players 5769/6610 matched
2026-08-24 02:37:39,647 INFO ncaa_identity: contest_id=1791487 teams 2860/2860 matched, players 7320/7873 matched
2026-08-24 02:37:45,093 INFO ncaa_identity: contest_id=1791511 teams 2540/2540 matched, players 6683/7023 matched
2026-08-24 02:37:52,077 INFO ncaa_identity: contest_id=1791540 teams 2400/2400 matched, players 6307/6566 matched
2026-08-24 02:37:58,292 INFO ncaa_identity: contest_id=1791679 teams 2598/2598 matched, players 6981/6982 matched
2026-08-24 02:38:04,774 INFO ncaa_identity: contest_id=1791769 teams 2617/2617 matched, players 7144/7151 matched
2026-08-24 02:38:15,154 INFO ncaa_identity: contest_id=1791954 teams 2287/2287 matched, players 6396/6502 matched
2026-08-24 02:38:21,588 INFO ncaa_identity: contest_id=1792001 teams 2607/2607 matched, players 6997/7141 matched
2026-08-24 02:38:31,892 INFO ncaa_identity: contest_id=1792091 teams 2161/2161 matched, players 5471/6078 matched
2026-08-24 02:38:40,330 INFO ncaa_identity: contest_id=1792277 teams 2524/2524 matched, players 6536/6966 matched
2026-08-24 02:38:44,313 INFO ncaa_identity: contest_id=1792349 teams 2675/2675 matched, players 7222/7556 matched
2026-08-24 02:38:48,061 INFO ncaa_identity: contest_id=1792432 teams 2230/2230 matched, players 5888/6078 matched
2026-08-24 02:38:49,857 INFO ncaa_identity: contest_id=1792445 teams 2751/2751 matched, players 7022/7603 matched
2026-08-24 02:38:59,945 INFO ncaa_identity: contest_id=1792568 teams 1267/2587 matched, players 3507/7076 matched
2026-08-24 02:39:03,302 INFO ncaa_identity: contest_id=1792626 teams 3103/3103 matched, players 7863/8489 matched
2026-08-24 02:39:07,286 INFO ncaa_identity: contest_id=1792758 teams 2092/2092 matched, players 5316/5671 matched
2026-08-24 02:39:11,563 INFO ncaa_identity: contest_id=1792814 teams 2489/2489 matched, players 6622/6856 matched
2026-08-24 02:39:17,743 INFO ncaa_identity: contest_id=1792895 teams 4096/4096 matched, players 11022/11408 matched
2026-08-24 02:39:19,390 INFO ncaa_identity: contest_id=1792965 teams 2781/2781 matched, players 7193/7622 matched
2026-08-24 02:39:21,707 INFO ncaa_identity: contest_id=1792994 teams 2566/2566 matched, players 7010/7017 matched
2026-08-24 02:39:31,989 INFO ncaa_identity: contest_id=1793080 teams 3009/3009 matched, players 8261/8329 matched
2026-08-24 02:39:39,615 INFO ncaa_identity: contest_id=1793281 teams 2731/2731 matched, players 7029/7536 matched
2026-08-24 02:39:41,614 WARNING ncaa_parse: family=shots contest_id=1793311 team=George Mason SKIPPED (1 parse error(s)): Missing fields from shot: param_indices=[2,6] in [<circle class="shot" cx="169.2" cy="295.0" r="5"><title>1st 03:04:00 : missed by Nicole Cardano-Hillary() 10-1...
2026-08-24 02:39:46,430 INFO ncaa_identity: contest_id=1793386 teams 2805/2805 matched, players 7530/7726 matched
2026-08-24 02:39:59,407 INFO ncaa_identity: contest_id=1793583 teams 2967/2967 matched, players 7596/8169 matched
2026-08-24 02:40:03,058 INFO ncaa_identity: contest_id=1793617 teams 2626/2626 matched, players 7157/7168 matched
2026-08-24 02:40:07,095 INFO ncaa_identity: contest_id=1793723 teams 2579/2579 matched, players 6799/7305 matched
2026-08-24 02:40:12,868 INFO ncaa_identity: contest_id=1793822 teams 2424/2424 matched, players 6140/6646 matched
2026-08-24 02:40:16,150 INFO ncaa_identity: contest_id=1793888 teams 2481/2481 matched, players 6616/6988 matched
2026-08-24 02:40:18,209 INFO ncaa_identity: contest_id=1793914 teams 2892/2892 matched, players 7882/8003 matched
2026-08-24 02:40:20,076 INFO ncaa_identity: contest_id=1793970 teams 2184/2184 matched, players 6069/6105 matched
2026-08-24 02:40:22,016 INFO ncaa_identity: contest_id=1794042 teams 2368/2368 matched, players 6355/6464 matched
2026-08-24 02:40:31,336 INFO ncaa_identity: contest_id=1794110 teams 1415/2653 matched, players 3726/7201 matched
2026-08-24 02:40:36,947 INFO ncaa_identity: contest_id=1794197 teams 2493/2493 matched, players 6449/6822 matched
2026-08-24 02:40:42,351 INFO ncaa_identity: contest_id=1794351 teams 2527/2527 matched, players 6809/6867 matched
2026-08-24 02:40:54,568 INFO ncaa_identity: contest_id=1794553 teams 1127/2236 matched, players 3158/6278 matched
2026-08-24 02:40:56,581 INFO ncaa_identity: contest_id=1794565 teams 2521/2521 matched, players 6509/6864 matched
2026-08-24 02:41:03,617 INFO ncaa_identity: contest_id=1794678 teams 2555/2555 matched, players 7027/7044 matched
2026-08-24 02:41:06,928 INFO ncaa_identity: contest_id=1794823 teams 2815/2815 matched, players 7187/7710 matched
2026-08-24 02:41:09,217 INFO ncaa_identity: contest_id=1794841 teams 2761/2761 matched, players 6685/7609 matched
2026-08-24 02:41:26,273 INFO ncaa_identity: contest_id=1795126 teams 2705/2705 matched, players 7394/7435 matched
2026-08-24 02:41:30,648 INFO ncaa_identity: contest_id=1795152 teams 3275/3275 matched, players 8179/8962 matched
2026-08-24 02:41:32,663 INFO ncaa_identity: contest_id=1795164 teams 2496/2496 matched, players 7012/7039 matched
2026-08-24 02:41:34,509 INFO ncaa_identity: contest_id=1795182 teams 1421/2734 matched, players 3772/7501 matched
2026-08-24 02:41:38,961 INFO ncaa_identity: contest_id=1795260 teams 2499/2499 matched, players 6610/6833 matched
2026-08-24 02:41:40,683 INFO ncaa_identity: contest_id=1795357 teams 2852/2852 matched, players 7425/7804 matched
2026-08-24 02:41:47,961 INFO ncaa_identity: contest_id=1795473 teams 2284/2284 matched, players 5510/6253 matched
2026-08-24 02:41:53,760 INFO ncaa_identity: contest_id=1795569 teams 2523/2523 matched, players 6512/6923 matched
2026-08-24 02:41:59,078 INFO ncaa_identity: contest_id=1795633 teams 2806/2806 matched, players 7472/7709 matched
2026-08-24 02:42:00,642 INFO ncaa_identity: contest_id=1795647 teams 1297/2571 matched, players 3620/7074 matched
2026-08-24 02:42:02,634 INFO ncaa_identity: contest_id=1795666 teams 2795/2795 matched, players 7593/7603 matched
2026-08-24 02:42:08,318 INFO ncaa_identity: contest_id=1795720 teams 2746/2746 matched, players 7154/7530 matched
2026-08-24 02:42:09,802 INFO ncaa_identity: contest_id=1795789 teams 2785/2785 matched, players 7134/7885 matched
2026-08-24 02:42:11,631 INFO ncaa_identity: contest_id=1795846 teams 2223/2223 matched, players 5745/6048 matched
2026-08-24 02:42:16,362 INFO ncaa_identity: contest_id=1795940 teams 2335/2335 matched, players 5835/6357 matched
2026-08-24 02:42:23,235 INFO ncaa_identity: contest_id=1796094 teams 3092/3092 matched, players 8125/8515 matched
2026-08-24 02:42:26,444 INFO ncaa_identity: contest_id=1796118 teams 2528/2528 matched, players 6610/6922 matched
2026-08-24 02:42:27,952 INFO ncaa_identity: contest_id=1796129 teams 2546/2546 matched, players 6190/6960 matched
2026-08-24 02:42:31,260 INFO ncaa_identity: contest_id=1796153 teams 2232/2232 matched, players 4969/6250 matched
2026-08-24 02:42:35,181 INFO ncaa_identity: contest_id=1796196 teams 2274/2274 matched, players 5681/6200 matched
2026-08-24 02:42:39,220 INFO ncaa_identity: contest_id=1796261 teams 2997/2997 matched, players 8213/8238 matched
2026-08-24 02:42:40,668 INFO ncaa_identity: contest_id=1796271 teams 1227/2333 matched, players 3163/6356 matched
2026-08-24 02:42:44,319 INFO ncaa_identity: contest_id=1796291 teams 2422/2422 matched, players 5990/6576 matched
2026-08-24 02:42:48,607 INFO ncaa_identity: contest_id=1796360 teams 2529/2529 matched, players 6059/6932 matched
2026-08-24 02:42:58,546 INFO ncaa_identity: contest_id=1796433 teams 2596/2596 matched, players 7085/7095 matched
2026-08-24 02:43:00,301 INFO ncaa_identity: contest_id=1796447 teams 2131/2131 matched, players 5274/5786 matched
2026-08-24 02:43:03,698 INFO ncaa_identity: contest_id=1796508 teams 2502/2502 matched, players 6223/6811 matched
2026-08-24 02:43:05,957 INFO ncaa_identity: contest_id=1796531 teams 2501/2501 matched, players 6496/6875 matched
2026-08-24 02:43:10,924 INFO ncaa_identity: contest_id=1796586 teams 2475/2475 matched, players 6779/6786 matched
2026-08-24 02:43:13,244 INFO ncaa_identity: contest_id=1796604 teams 3067/3067 matched, players 7993/8449 matched
2026-08-24 02:43:15,353 INFO ncaa_identity: contest_id=1796617 teams 2690/2690 matched, players 7032/7622 matched
2026-08-24 02:43:23,091 INFO ncaa_identity: contest_id=1796667 teams 3091/3091 matched, players 7865/8537 matched
2026-08-24 02:43:27,025 INFO ncaa_identity: contest_id=1796687 teams 3154/3154 matched, players 8312/8701 matched
2026-08-24 02:43:30,732 INFO ncaa_identity: contest_id=1796707 teams 2534/2534 matched, players 6623/6957 matched
2026-08-24 02:43:35,146 INFO ncaa_identity: contest_id=1796728 teams 2316/2316 matched, players 5676/6283 matched
2026-08-24 02:43:40,335 INFO ncaa_identity: contest_id=1796759 teams 2084/2084 matched, players 5315/5678 matched
2026-08-24 02:43:42,158 INFO ncaa_identity: contest_id=1796770 teams 1130/2270 matched, players 3141/6206 matched
2026-08-24 02:43:43,711 INFO ncaa_identity: contest_id=1796780 teams 2519/2519 matched, players 6294/6923 matched
2026-08-24 02:43:46,057 INFO ncaa_identity: contest_id=1796790 teams 2697/2697 matched, players 6646/7383 matched
2026-08-24 02:43:52,556 INFO ncaa_identity: contest_id=1796822 teams 3595/3595 matched, players 9857/9862 matched
2026-08-24 02:43:54,562 INFO ncaa_identity: contest_id=1796832 teams 2237/2237 matched, players 6144/6299 matched
2026-08-24 02:43:57,135 INFO ncaa_identity: contest_id=1796842 teams 2494/2494 matched, players 6445/7041 matched
2026-08-24 02:43:59,245 INFO ncaa_identity: contest_id=1796852 teams 2662/2662 matched, players 6913/7347 matched
2026-08-24 02:44:05,943 INFO ncaa_identity: contest_id=1814829 teams 2910/2910 matched, players 7505/8021 matched
2026-08-24 02:44:12,223 INFO ncaa_identity: contest_id=1816086 teams 2670/2670 matched, players 7394/7480 matched
2026-08-24 02:44:14,999 INFO ncaa_identity: contest_id=1821166 teams 1506/2916 matched, players 4127/8036 matched
2026-08-24 02:44:47,132 INFO ncaa_identity: contest_id=1970430 teams 2536/2536 matched, players 6665/6952 matched
2026-08-24 02:44:49,719 INFO ncaa_identity: contest_id=1970442 teams 2839/2839 matched, players 6825/7739 matched
2026-08-24 02:44:53,224 INFO ncaa_identity: contest_id=1971216 teams 2840/2840 matched, players 6980/7792 matched
2026-08-24 02:45:00,999 INFO ncaa_identity: contest_id=1972025 teams 3063/3063 matched, players 7866/8365 matched
2026-08-24 02:45:02,778 INFO ncaa_identity: contest_id=1972306 teams 2427/2427 matched, players 6046/6630 matched
2026-08-24 02:45:09,831 INFO ncaa_identity: contest_id=1978175 teams 3139/3139 matched, players 8355/8667 matched
2026-08-24 02:45:11,519 INFO ncaa_identity: contest_id=1978188 teams 2943/2943 matched, players 8075/8084 matched
2026-08-24 02:45:21,179 INFO ncaa_identity: contest_id=1978294 teams 1628/3034 matched, players 4189/8343 matched
2026-08-24 02:45:26,814 WARNING ncaa_parse: family=shots contest_id=1978355 team=Southeast Mo. St. SKIPPED (1 parse error(s)): No shot events found [<!DOCTYPE html> <html lang="en"> <head> <meta content="text/html; charset=utf-8" http-equiv="CONTENT-TYPE"/> <meta charset="utf-8"/> <meta...
2026-08-24 02:45:26,949 INFO ncaa_identity: contest_id=1978355 teams 1114/2160 matched, players 3103/6068 matched
2026-08-24 02:45:32,562 INFO ncaa_identity: contest_id=1978421 teams 1158/2234 matched, players 3148/6105 matched
2026-08-24 02:45:34,797 WARNING ncaa_parse: family=lineups contest_id=1978470 team=Northern Colo. produced NO good stints (22 bad, roster=9) -- parsed successfully but contributed nothing
2026-08-24 02:45:35,867 INFO ncaa_identity: contest_id=1978470 teams 2417/2417 matched, players 5971/6604 matched
2026-08-24 02:45:37,830 INFO ncaa_identity: contest_id=1978496 teams 3193/3193 matched, players 8388/8815 matched
2026-08-24 02:45:48,344 INFO ncaa_identity: contest_id=1978612 teams 1777/3439 matched, players 4743/9499 matched
2026-08-24 02:45:51,812 INFO ncaa_identity: contest_id=1978642 teams 2591/2591 matched, players 6492/7068 matched
2026-08-24 02:45:53,685 INFO ncaa_identity: contest_id=1978668 teams 2669/2669 matched, players 7037/7309 matched
2026-08-24 02:45:57,438 INFO ncaa_identity: contest_id=1978712 teams 1566/3068 matched, players 4198/8400 matched
2026-08-24 02:45:59,739 INFO ncaa_identity: contest_id=1978726 teams 2987/2987 matched, players 7660/8266 matched
2026-08-24 02:46:08,036 INFO ncaa_identity: contest_id=1978819 teams 3213/3213 matched, players 8564/8885 matched
2026-08-24 02:46:09,999 INFO ncaa_identity: contest_id=1978833 teams 2908/2908 matched, players 7750/8038 matched
2026-08-24 02:46:11,808 INFO ncaa_identity: contest_id=1978851 teams 2889/2889 matched, players 7505/7888 matched
2026-08-24 02:46:13,672 INFO ncaa_identity: contest_id=1978870 teams 1303/2619 matched, players 3561/7156 matched
2026-08-24 02:46:15,512 INFO ncaa_identity: contest_id=1978888 teams 2873/2873 matched, players 7353/7871 matched
2026-08-24 02:46:17,544 INFO ncaa_identity: contest_id=1978905 teams 3142/3142 matched, players 8287/8701 matched
2026-08-24 02:46:21,486 INFO ncaa_identity: contest_id=1978947 teams 3122/3122 matched, players 7854/8592 matched
2026-08-24 02:46:23,879 INFO ncaa_identity: contest_id=1978976 teams 3078/3078 matched, players 8103/8498 matched
2026-08-24 02:46:31,433 INFO ncaa_identity: contest_id=1979050 teams 1203/2450 matched, players 3315/6682 matched
2026-08-24 02:46:38,819 INFO ncaa_identity: contest_id=1979105 teams 2953/2953 matched, players 7665/8088 matched
2026-08-24 02:46:48,754 WARNING ncaa_parse: family=shots contest_id=1979187 team=Alabama A&M SKIPPED (1 parse error(s)): No shot events found [<!DOCTYPE html> <html lang="en"> <head> <meta content="text/html; charset=utf-8" http-equiv="CONTENT-TYPE"/> <meta charset="utf-8"/> <meta...
2026-08-24 02:46:53,042 WARNING ncaa_parse: family=shots contest_id=1979217 team=Gardner-Webb SKIPPED (1 parse error(s)): No shot events found [<!DOCTYPE html> <html lang="en"> <head> <meta content="text/html; charset=utf-8" http-equiv="CONTENT-TYPE"/> <meta charset="utf-8"/> <meta...
2026-08-24 02:46:55,533 INFO ncaa_identity: contest_id=1979233 teams 2535/2535 matched, players 6609/6973 matched
2026-08-24 02:47:14,460 INFO ncaa_identity: contest_id=1979370 teams 2715/2715 matched, players 7387/7388 matched
2026-08-24 02:47:17,910 INFO ncaa_identity: contest_id=1979409 teams 2675/2675 matched, players 6372/7331 matched
2026-08-24 02:47:23,960 INFO ncaa_identity: contest_id=1979488 teams 2707/2707 matched, players 6755/7448 matched
2026-08-24 02:47:35,916 INFO ncaa_identity: contest_id=1979608 teams 1129/2301 matched, players 3127/6344 matched
2026-08-24 02:47:39,715 WARNING ncaa_parse: family=shots contest_id=1979647 team=Eastern Ky. SKIPPED (1 parse error(s)): No shot events found [<!DOCTYPE html> <html lang="en"> <head> <meta content="text/html; charset=utf-8" http-equiv="CONTENT-TYPE"/> <meta charset="utf-8"/> <meta...
2026-08-24 02:47:42,307 INFO ncaa_identity: contest_id=1979701 teams 2391/2391 matched, players 6093/6568 matched
2026-08-24 02:47:48,543 INFO ncaa_identity: contest_id=1979766 teams 2810/2810 matched, players 6998/7701 matched
2026-08-24 02:47:50,534 INFO ncaa_identity: contest_id=1979797 teams 2552/2552 matched, players 6809/7001 matched
2026-08-24 02:47:52,707 INFO ncaa_identity: contest_id=1979838 teams 2671/2671 matched, players 7276/7319 matched
2026-08-24 02:47:54,370 WARNING ncaa_parse: family=shots contest_id=1979853 team=Southeast Mo. St. SKIPPED (1 parse error(s)): No shot events found [<!DOCTYPE html> <html lang="en"> <head> <meta content="text/html; charset=utf-8" http-equiv="CONTENT-TYPE"/> <meta charset="utf-8"/> <meta...
2026-08-24 02:48:02,177 WARNING ncaa_parse: family=shots contest_id=1979955 team=Hampton SKIPPED (1 parse error(s)): No shot events found [<!DOCTYPE html> <html lang="en"> <head> <meta content="text/html; charset=utf-8" http-equiv="CONTENT-TYPE"/> <meta charset="utf-8"/> <meta...
2026-08-24 02:48:02,281 INFO ncaa_identity: contest_id=1979955 teams 2343/2343 matched, players 5723/6645 matched
2026-08-24 02:48:04,517 INFO ncaa_identity: contest_id=1979979 teams 2626/2626 matched, players 6300/7137 matched
2026-08-24 02:48:16,374 INFO ncaa_identity: contest_id=1980149 teams 2954/2954 matched, players 7938/8178 matched
2026-08-24 02:48:18,090 INFO ncaa_identity: contest_id=1980185 teams 2418/2418 matched, players 6162/6664 matched
2026-08-24 02:48:22,170 WARNING ncaa_parse: family=shots contest_id=1980241 team=Eastern Ky. SKIPPED (1 parse error(s)): No shot events found [<!DOCTYPE html> <html lang="en"> <head> <meta content="text/html; charset=utf-8" http-equiv="CONTENT-TYPE"/> <meta charset="utf-8"/> <meta...
2026-08-24 02:48:24,335 WARNING ncaa_parse: family=shots contest_id=1980278 team=Marshall SKIPPED (1 parse error(s)): No shot events found [<!DOCTYPE html> <html lang="en"> <head> <meta content="text/html; charset=utf-8" http-equiv="CONTENT-TYPE"/> <meta charset="utf-8"/> <meta...
2026-08-24 02:48:32,474 INFO 5 starters not found for period 5; using estimate
2026-08-24 02:48:35,130 INFO ncaa_identity: contest_id=1980374 teams 3494/3494 matched, players 9028/9646 matched
2026-08-24 02:48:40,624 WARNING ncaa_parse: family=shots contest_id=1980426 team=Eastern Ky. SKIPPED (1 parse error(s)): No shot events found [<!DOCTYPE html> <html lang="en"> <head> <meta content="text/html; charset=utf-8" http-equiv="CONTENT-TYPE"/> <meta charset="utf-8"/> <meta...
2026-08-24 02:48:50,962 INFO ncaa_identity: contest_id=1980627 teams 1505/2815 matched, players 3938/7727 matched
2026-08-24 02:48:53,228 INFO ncaa_identity: contest_id=1980650 teams 2808/2808 matched, players 7189/7744 matched
2026-08-24 02:48:57,088 INFO ncaa_identity: contest_id=1980716 teams 2738/2738 matched, players 7357/7517 matched
2026-08-24 02:48:59,438 INFO ncaa_identity: contest_id=1980739 teams 3355/3355 matched, players 9248/9260 matched
2026-08-24 02:49:02,792 INFO ncaa_identity: contest_id=1980783 teams 2435/2435 matched, players 6618/6640 matched
2026-08-24 02:49:10,348 INFO ncaa_identity: contest_id=1980912 teams 3353/3353 matched, players 8532/9256 matched
2026-08-24 02:49:16,513 INFO ncaa_identity: contest_id=1980999 teams 1490/3044 matched, players 4281/8456 matched
2026-08-24 02:49:18,634 INFO ncaa_identity: contest_id=1981038 teams 2854/2854 matched, players 7353/7865 matched
2026-08-24 02:49:24,762 INFO ncaa_identity: contest_id=1981111 teams 2569/2569 matched, players 6806/7059 matched
2026-08-24 02:49:29,039 INFO ncaa_identity: contest_id=1981152 teams 3027/3027 matched, players 7997/8331 matched
2026-08-24 02:49:32,044 WARNING ncaa_parse: family=shots contest_id=1981189 team=Gardner-Webb SKIPPED (1 parse error(s)): No shot events found [<!DOCTYPE html> <html lang="en"> <head> <meta content="text/html; charset=utf-8" http-equiv="CONTENT-TYPE"/> <meta charset="utf-8"/> <meta...
2026-08-24 02:49:33,863 INFO ncaa_identity: contest_id=1981206 teams 1407/2732 matched, players 3825/7451 matched
2026-08-24 02:49:36,290 INFO ncaa_identity: contest_id=1981228 teams 2577/2577 matched, players 6160/6897 matched
2026-08-24 02:49:37,528 WARNING ncaa_parse: family=shots contest_id=1981293 team=Alabama A&M SKIPPED (1 parse error(s)): No shot events found [<!DOCTYPE html> <html lang="en"> <head> <meta content="text/html; charset=utf-8" http-equiv="CONTENT-TYPE"/> <meta charset="utf-8"/> <meta...
2026-08-24 02:49:40,675 WARNING ncaa_parse: family=shots contest_id=1981346 team=Alabama A&M SKIPPED (1 parse error(s)): No shot events found [<!DOCTYPE html> <html lang="en"> <head> <meta content="text/html; charset=utf-8" http-equiv="CONTENT-TYPE"/> <meta charset="utf-8"/> <meta...
2026-08-24 02:49:40,733 INFO ncaa_identity: contest_id=1981346 teams 2676/2676 matched, players 7497/7674 matched
2026-08-24 02:49:42,978 INFO ncaa_identity: contest_id=1981393 teams 2730/2730 matched, players 7480/7483 matched
2026-08-24 02:50:01,702 INFO ncaa_identity: contest_id=1981623 teams 2451/2451 matched, players 6676/6685 matched
2026-08-24 02:50:05,450 INFO ncaa_identity: contest_id=1981701 teams 2638/2638 matched, players 7026/7190 matched
2026-08-24 02:50:08,950 INFO ncaa_identity: contest_id=1981753 teams 1223/2487 matched, players 3364/6845 matched
2026-08-24 02:50:10,957 INFO ncaa_identity: contest_id=1981798 teams 2725/2725 matched, players 6945/7475 matched
2026-08-24 02:50:15,277 INFO ncaa_identity: contest_id=1981858 teams 2908/2908 matched, players 7560/7998 matched
2026-08-24 02:50:21,904 WARNING ncaa_parse: family=shots contest_id=1981958 team=Marshall SKIPPED (1 parse error(s)): No shot events found [<!DOCTYPE html> <html lang="en"> <head> <meta content="text/html; charset=utf-8" http-equiv="CONTENT-TYPE"/> <meta charset="utf-8"/> <meta...
2026-08-24 02:50:46,620 INFO ncaa_identity: contest_id=1982293 teams 2900/2900 matched, players 7853/7855 matched
2026-08-24 02:50:48,583 INFO ncaa_identity: contest_id=1982308 teams 3178/3178 matched, players 8690/8792 matched
2026-08-24 02:50:51,877 INFO ncaa_identity: contest_id=1982341 teams 2544/2544 matched, players 6412/6998 matched
2026-08-24 02:50:53,520 WARNING ncaa_parse: family=shots contest_id=1982356 team=Eastern Ky. SKIPPED (1 parse error(s)): No shot events found [<!DOCTYPE html> <html lang="en"> <head> <meta content="text/html; charset=utf-8" http-equiv="CONTENT-TYPE"/> <meta charset="utf-8"/> <meta...
2026-08-24 02:51:03,007 INFO ncaa_identity: contest_id=1982476 teams 2623/2623 matched, players 6633/7159 matched
2026-08-24 02:51:05,402 INFO ncaa_identity: contest_id=1982492 teams 3021/3021 matched, players 7588/8307 matched
2026-08-24 02:51:10,122 WARNING ncaa_parse: family=shots contest_id=1982532 team=Texas Southern SKIPPED (1 parse error(s)): No shot events found [<!DOCTYPE html> <html lang="en"> <head> <meta content="text/html; charset=utf-8" http-equiv="CONTENT-TYPE"/> <meta charset="utf-8"/> <meta...
2026-08-24 02:51:17,899 INFO ncaa_identity: contest_id=1987333 teams 2718/2718 matched, players 6956/7504 matched
2026-08-24 02:51:24,634 INFO ncaa_identity: contest_id=1987492 teams 2287/2287 matched, players 5823/6258 matched
2026-08-24 02:51:26,979 INFO ncaa_identity: contest_id=1987648 teams 3174/3174 matched, players 8699/8730 matched
2026-08-24 02:51:28,879 INFO ncaa_identity: contest_id=1987757 teams 2519/2519 matched, players 6243/6896 matched
2026-08-24 02:51:31,212 INFO ncaa_identity: contest_id=1987872 teams 2524/2524 matched, players 6676/6930 matched
2026-08-24 02:51:33,106 INFO ncaa_identity: contest_id=1987957 teams 1449/2870 matched, players 3312/7881 matched
2026-08-24 02:51:35,362 INFO ncaa_identity: contest_id=1987970 teams 2550/2550 matched, players 6642/6995 matched
2026-08-24 02:51:39,073 INFO ncaa_identity: contest_id=1988092 teams 1339/2652 matched, players 3390/7323 matched
2026-08-24 02:51:43,225 INFO ncaa_identity: contest_id=1988191 teams 2362/2362 matched, players 6376/6437 matched
2026-08-24 02:51:45,621 INFO ncaa_identity: contest_id=1989018 teams 2556/2556 matched, players 6991/7039 matched
2026-08-24 02:52:01,987 INFO ncaa_identity: contest_id=1989400 teams 2713/2713 matched, players 6888/7482 matched
2026-08-24 02:52:03,939 WARNING ncaa_parse: family=shots contest_id=1989431 team=Howard SKIPPED (1 parse error(s)): No shot events found [<!DOCTYPE html> <html lang="en"> <head> <meta content="text/html; charset=utf-8" http-equiv="CONTENT-TYPE"/> <meta charset="utf-8"/> <meta...
2026-08-24 02:52:06,729 INFO ncaa_identity: contest_id=1989463 teams 2453/2453 matched, players 6273/6699 matched
2026-08-24 02:52:10,080 INFO ncaa_identity: contest_id=1989569 teams 2620/2620 matched, players 6648/7202 matched
2026-08-24 02:52:17,790 INFO ncaa_identity: contest_id=1989611 teams 3047/3047 matched, players 8437/8444 matched
2026-08-24 02:52:21,782 INFO ncaa_identity: contest_id=1989826 teams 2394/2394 matched, players 6569/6577 matched
2026-08-24 02:52:27,777 INFO ncaa_identity: contest_id=1990037 teams 2824/2824 matched, players 7674/7684 matched
2026-08-24 02:52:29,974 INFO ncaa_identity: contest_id=1990068 teams 1196/2374 matched, players 3261/6482 matched
2026-08-24 02:52:38,971 INFO ncaa_identity: contest_id=1990187 teams 2734/2734 matched, players 7503/7506 matched
2026-08-24 02:52:40,982 INFO ncaa_identity: contest_id=1990265 teams 2277/2277 matched, players 6106/6194 matched
2026-08-24 02:52:51,855 INFO ncaa_identity: contest_id=1990394 teams 3036/3036 matched, players 7867/8424 matched
2026-08-24 02:52:55,852 INFO ncaa_identity: contest_id=1990559 teams 3218/3218 matched, players 8254/8833 matched
2026-08-24 02:53:04,899 INFO ncaa_identity: contest_id=1990624 teams 2658/2658 matched, players 6970/7265 matched
2026-08-24 02:53:09,483 INFO ncaa_identity: contest_id=1990706 teams 2549/2549 matched, players 6662/6995 matched
2026-08-24 02:53:15,158 INFO ncaa_identity: contest_id=1990780 teams 2788/2788 matched, players 7240/7639 matched
2026-08-24 02:53:18,674 WARNING ncaa_parse: family=shots contest_id=1990850 team=Fresno St. SKIPPED (1 parse error(s)): No shot events found [<!DOCTYPE html> <html lang="en"> <head> <meta content="text/html; charset=utf-8" http-equiv="CONTENT-TYPE"/> <meta charset="utf-8"/> <meta...
2026-08-24 02:53:18,754 INFO ncaa_identity: contest_id=1990850 teams 2243/2243 matched, players 6321/6331 matched
2026-08-24 02:53:20,846 WARNING ncaa_parse: family=shots contest_id=1990882 team=Utah St. SKIPPED (1 parse error(s)): No shot events found [<!DOCTYPE html> <html lang="en"> <head> <meta content="text/html; charset=utf-8" http-equiv="CONTENT-TYPE"/> <meta charset="utf-8"/> <meta...
2026-08-24 02:53:20,907 INFO ncaa_identity: contest_id=1990882 teams 2506/2506 matched, players 6907/7070 matched
2026-08-24 02:53:24,554 INFO ncaa_identity: contest_id=1991002 teams 2457/2457 matched, players 6467/6761 matched
2026-08-24 02:53:32,049 INFO ncaa_identity: contest_id=1991147 teams 1265/2508 matched, players 3467/6872 matched
2026-08-24 02:53:36,122 INFO ncaa_identity: contest_id=1991210 teams 2098/2098 matched, players 5488/5715 matched
2026-08-24 02:53:38,610 INFO ncaa_identity: contest_id=1991259 teams 3143/3143 matched, players 8018/8664 matched
2026-08-24 02:53:42,266 WARNING ncaa_parse: family=shots contest_id=1991384 team=Utah St. SKIPPED (1 parse error(s)): No shot events found [<!DOCTYPE html> <html lang="en"> <head> <meta content="text/html; charset=utf-8" http-equiv="CONTENT-TYPE"/> <meta charset="utf-8"/> <meta...
2026-08-24 02:53:42,422 INFO ncaa_identity: contest_id=1991384 teams 2558/2558 matched, players 6574/7259 matched
2026-08-24 02:53:44,728 INFO ncaa_identity: contest_id=1991418 teams 2714/2714 matched, players 6995/7448 matched
2026-08-24 02:53:49,287 INFO ncaa_identity: contest_id=1991529 teams 3090/3090 matched, players 8516/8528 matched
2026-08-24 02:53:53,886 INFO ncaa_identity: contest_id=1991642 teams 2613/2613 matched, players 6416/7122 matched
[p1_s_e_e] [WARNING] [TeamId(name='Monmouth')]v[TeamId(name='La Salle')] Flip court for periods: [[2, 3, 4]] because [total_shots={1: 24, 2: 28, 3: 39, 4: 26} long_shots={1: 13, 2: 28, 3: 39, 4: 26}]
2026-08-24 02:53:56,274 INFO ncaa_identity: contest_id=1991764 teams 3213/3213 matched, players 8298/8924 matched
2026-08-24 02:53:58,691 INFO ncaa_identity: contest_id=1991870 teams 2500/2500 matched, players 6842/6852 matched
2026-08-24 02:54:02,600 INFO ncaa_identity: contest_id=1991959 teams 2096/2096 matched, players 5275/5732 matched
2026-08-24 02:54:04,183 INFO ncaa_identity: contest_id=1991973 teams 2650/2650 matched, players 6792/7298 matched
2026-08-24 02:54:06,151 INFO ncaa_identity: contest_id=1991998 teams 2639/2639 matched, players 6863/7240 matched
2026-08-24 02:54:10,384 INFO ncaa_identity: contest_id=1992099 teams 2524/2524 matched, players 6409/6946 matched
2026-08-24 02:54:21,202 INFO ncaa_identity: contest_id=1992581 teams 2927/2927 matched, players 7446/8045 matched
2026-08-24 02:54:22,853 INFO ncaa_identity: contest_id=1992601 teams 2184/2184 matched, players 5662/5949 matched
2026-08-24 02:54:24,714 INFO ncaa_identity: contest_id=1992643 teams 2731/2731 matched, players 7108/7520 matched
2026-08-24 02:54:32,618 WARNING ncaa_parse: family=shots contest_id=1992699 team=Utah St. SKIPPED (1 parse error(s)): No shot events found [<!DOCTYPE html> <html lang="en"> <head> <meta content="text/html; charset=utf-8" http-equiv="CONTENT-TYPE"/> <meta charset="utf-8"/> <meta...
2026-08-24 02:54:32,718 INFO ncaa_identity: contest_id=1992699 teams 2685/2685 matched, players 6684/7526 matched
2026-08-24 02:54:41,862 INFO ncaa_identity: contest_id=1993018 teams 2428/2428 matched, players 6168/6637 matched
2026-08-24 02:54:43,807 INFO ncaa_identity: contest_id=1993046 teams 2820/2820 matched, players 7184/7738 matched
2026-08-24 02:54:51,193 INFO ncaa_identity: contest_id=1993336 teams 2632/2632 matched, players 6382/7202 matched
2026-08-24 02:54:54,925 INFO ncaa_identity: contest_id=1993573 teams 2740/2740 matched, players 7472/7541 matched
2026-08-24 02:54:57,097 INFO ncaa_identity: contest_id=1993778 teams 3026/3026 matched, players 8296/8362 matched
2026-08-24 02:55:00,858 INFO ncaa_identity: contest_id=1994018 teams 1606/3221 matched, players 4437/8885 matched
2026-08-24 02:55:03,344 INFO ncaa_identity: contest_id=1994233 teams 2635/2635 matched, players 6636/7197 matched
2026-08-24 02:55:04,989 INFO ncaa_identity: contest_id=1994243 teams 2519/2519 matched, players 6401/6866 matched
2026-08-24 02:55:05,134 INFO 5 starters not found for period 6; using estimate
2026-08-24 02:55:08,876 INFO ncaa_identity: contest_id=1994295 teams 1172/2294 matched, players 2987/6285 matched
2026-08-24 02:55:13,050 INFO ncaa_identity: contest_id=1994540 teams 2914/2914 matched, players 6950/7971 matched
2026-08-24 02:55:15,275 INFO ncaa_identity: contest_id=1994841 teams 1584/3127 matched, players 4342/8395 matched
2026-08-24 02:55:17,125 INFO ncaa_identity: contest_id=1994923 teams 3020/3020 matched, players 7577/8288 matched
2026-08-24 02:55:31,906 WARNING ncaa_parse: family=shots contest_id=1995517 team=Loyola Chicago SKIPPED (1 parse error(s)): No shot events found [<!DOCTYPE html> <html lang="en"> <head> <meta content="text/html; charset=utf-8" http-equiv="CONTENT-TYPE"/> <meta charset="utf-8"/> <meta...
2026-08-24 02:55:32,105 INFO ncaa_identity: contest_id=1995517 teams 1411/2785 matched, players 3931/7817 matched
2026-08-24 02:55:33,544 WARNING ncaa_parse: family=shots contest_id=1995533 team=Loyola Chicago SKIPPED (1 parse error(s)): No shot events found [<!DOCTYPE html> <html lang="en"> <head> <meta content="text/html; charset=utf-8" http-equiv="CONTENT-TYPE"/> <meta charset="utf-8"/> <meta...
2026-08-24 02:55:39,486 WARNING ncaa_parse: family=shots contest_id=1995669 team=Bradley SKIPPED (1 parse error(s)): No shot events found [<!DOCTYPE html> <html lang="en"> <head> <meta content="text/html; charset=utf-8" http-equiv="CONTENT-TYPE"/> <meta charset="utf-8"/> <meta...
2026-08-24 02:55:39,699 INFO ncaa_identity: contest_id=1995669 teams 2051/2051 matched, players 5714/5743 matched
2026-08-24 02:55:43,528 WARNING ncaa_parse: family=shots contest_id=1996019 team=Howard SKIPPED (1 parse error(s)): No shot events found [<!DOCTYPE html> <html lang="en"> <head> <meta content="text/html; charset=utf-8" http-equiv="CONTENT-TYPE"/> <meta charset="utf-8"/> <meta...
2026-08-24 02:55:43,594 INFO ncaa_identity: contest_id=1996019 teams 3070/3070 matched, players 7939/8763 matched
2026-08-24 02:55:45,479 INFO ncaa_identity: contest_id=1996170 teams 2417/2417 matched, players 5849/6630 matched
2026-08-24 02:55:50,589 INFO ncaa_identity: contest_id=1996306 teams 2235/2235 matched, players 5752/6116 matched
2026-08-24 02:55:52,745 INFO ncaa_identity: contest_id=1996324 teams 2316/2316 matched, players 5692/6280 matched
2026-08-24 02:55:54,737 INFO ncaa_identity: contest_id=1996347 teams 2873/2873 matched, players 7546/7895 matched
2026-08-24 02:55:57,141 INFO ncaa_identity: contest_id=1996431 teams 1392/2761 matched, players 3765/7531 matched
2026-08-24 02:56:01,294 INFO ncaa_identity: contest_id=1996557 teams 2767/2767 matched, players 6575/7632 matched
2026-08-24 02:56:03,624 INFO ncaa_identity: contest_id=1996638 teams 3277/3277 matched, players 8029/9025 matched
2026-08-24 02:56:09,950 INFO ncaa_identity: contest_id=1997592 teams 2533/2533 matched, players 6521/6900 matched
2026-08-24 02:56:11,267 WARNING ncaa_parse: family=shots contest_id=1998396 team=South Carolina St. SKIPPED (1 parse error(s)): No shot events found [<!DOCTYPE html> <html lang="en"> <head> <meta content="text/html; charset=utf-8" http-equiv="CONTENT-TYPE"/> <meta charset="utf-8"/> <meta...
2026-08-24 02:56:13,709 INFO ncaa_identity: contest_id=2000984 teams 1525/3000 matched, players 4135/8214 matched
2026-08-24 02:56:15,296 WARNING ncaa_parse: family=shots contest_id=2001708 team=Howard SKIPPED (1 parse error(s)): No shot events found [<!DOCTYPE html> <html lang="en"> <head> <meta content="text/html; charset=utf-8" http-equiv="CONTENT-TYPE"/> <meta charset="utf-8"/> <meta...
2026-08-24 02:56:15,414 INFO ncaa_identity: contest_id=2001708 teams 2761/2761 matched, players 7277/7763 matched
2026-08-24 02:56:19,622 WARNING ncaa_parse: family=shots contest_id=2006032 team=Hampton SKIPPED (1 parse error(s)): No shot events found [<!DOCTYPE html> <html lang="en"> <head> <meta content="text/html; charset=utf-8" http-equiv="CONTENT-TYPE"/> <meta charset="utf-8"/> <meta...
2026-08-24 02:56:19,696 INFO ncaa_identity: contest_id=2006032 teams 2233/2233 matched, players 6265/6281 matched
2026-08-24 02:56:22,109 INFO ncaa_identity: contest_id=2026738 teams 1253/2545 matched, players 3424/6936 matched
2026-08-24 02:56:25,487 WARNING ncaa_parse: family=shots contest_id=2034539 team=Utah St. SKIPPED (1 parse error(s)): No shot events found [<!DOCTYPE html> <html lang="en"> <head> <meta content="text/html; charset=utf-8" http-equiv="CONTENT-TYPE"/> <meta charset="utf-8"/> <meta...
2026-08-24 02:56:25,534 INFO ncaa_identity: contest_id=2034539 teams 2207/2207 matched, players 5624/6202 matched
2026-08-24 02:56:29,028 INFO ncaa_identity: contest_id=2045198 teams 1303/2557 matched, players 3541/7011 matched
2026-08-24 02:56:32,182 INFO ncaa_identity: contest_id=2047727 teams 1575/3055 matched, players 4262/8380 matched
2026-08-24 02:56:35,924 WARNING ncaa_parse: family=shots contest_id=2050402 team=N.C. A&T SKIPPED (1 parse error(s)): No shot events found [<!DOCTYPE html> <html lang="en"> <head> <meta content="text/html; charset=utf-8" http-equiv="CONTENT-TYPE"/> <meta charset="utf-8"/> <meta...
2026-08-24 02:56:40,939 INFO ncaa_identity: contest_id=2052317 teams 2542/2542 matched, players 6993/6998 matched
2026-08-24 02:56:42,931 INFO ncaa_identity: contest_id=2052490 teams 2665/2665 matched, players 7234/7243 matched
2026-08-24 02:56:49,143 INFO ncaa_identity: contest_id=2053510 teams 2820/2820 matched, players 7012/7739 matched
2026-08-24 02:56:51,231 INFO ncaa_identity: contest_id=2053753 teams 2475/2475 matched, players 6434/6813 matched
2026-08-24 02:56:52,950 INFO ncaa_identity: contest_id=2053874 teams 2679/2679 matched, players 7338/7352 matched
2026-08-24 02:56:54,469 WARNING ncaa_parse: family=shots contest_id=2054379 team=Campbell SKIPPED (1 parse error(s)): No shot events found [<!DOCTYPE html> <html lang="en"> <head> <meta content="text/html; charset=utf-8" http-equiv="CONTENT-TYPE"/> <meta charset="utf-8"/> <meta...
2026-08-24 02:56:54,544 INFO ncaa_identity: contest_id=2054379 teams 2044/2044 matched, players 5347/5776 matched
2026-08-24 02:56:56,339 INFO ncaa_identity: contest_id=2055032 teams 2626/2626 matched, players 7118/7185 matched
2026-08-24 02:57:13,849 INFO ncaa_identity: contest_id=2056237 teams 2789/2789 matched, players 7654/7669 matched
2026-08-24 02:57:17,825 INFO ncaa_identity: contest_id=2056517 teams 1157/2306 matched, players 3185/6268 matched
2026-08-24 02:57:24,893 INFO ncaa_identity: contest_id=2060387 teams 2939/2939 matched, players 7629/8102 matched
2026-08-24 02:57:44,656 INFO ncaa_identity: contest_id=2125017 teams 2924/2924 matched, players 7732/8050 matched
2026-08-24 02:57:48,665 INFO ncaa_identity: contest_id=2125037 teams 1511/2882 matched, players 4037/7860 matched
2026-08-24 02:57:57,598 INFO ncaa_identity: contest_id=2125078 teams 1359/2616 matched, players 3580/7130 matched
2026-08-24 02:58:00,173 INFO ncaa_identity: contest_id=2125089 teams 3079/3079 matched, players 7762/8473 matched
2026-08-24 02:58:02,300 INFO ncaa_identity: contest_id=2125100 teams 1523/3056 matched, players 4182/8410 matched
2026-08-24 02:58:07,180 INFO ncaa_identity: contest_id=2125133 teams 2794/2794 matched, players 7379/7666 matched
2026-08-24 02:58:09,717 INFO ncaa_identity: contest_id=2125151 teams 1412/2716 matched, players 3614/7450 matched
2026-08-24 02:58:11,597 WARNING ncaa_parse: family=shots contest_id=2125165 team=Southeast Mo. St. SKIPPED (1 parse error(s)): No shot events found [<!DOCTYPE html> <html lang="en"> <head> <meta content="text/html; charset=utf-8" http-equiv="CONTENT-TYPE"/> <meta charset="utf-8"/> <meta...
2026-08-24 02:58:11,713 INFO ncaa_identity: contest_id=2125165 teams 1191/2302 matched, players 3062/6521 matched
2026-08-24 02:58:13,560 INFO ncaa_identity: contest_id=2125183 teams 3050/3050 matched, players 8328/8412 matched
2026-08-24 02:58:15,802 INFO ncaa_identity: contest_id=2125208 teams 2701/2701 matched, players 7190/7395 matched
2026-08-24 02:58:18,049 INFO ncaa_identity: contest_id=2125226 teams 2643/2643 matched, players 7275/7276 matched
2026-08-24 02:58:20,355 INFO ncaa_identity: contest_id=2125239 teams 1308/2678 matched, players 3608/7344 matched
2026-08-24 02:58:23,104 INFO ncaa_identity: contest_id=2125259 teams 1580/3058 matched, players 4203/8361 matched
2026-08-24 02:58:29,804 INFO ncaa_identity: contest_id=2125327 teams 2985/2985 matched, players 7961/8159 matched
2026-08-24 02:58:31,892 INFO ncaa_identity: contest_id=2125350 teams 3472/3472 matched, players 9398/9576 matched
2026-08-24 02:58:34,470 INFO ncaa_identity: contest_id=2125367 teams 1287/2559 matched, players 3496/7000 matched
2026-08-24 02:58:39,753 INFO ncaa_identity: contest_id=2125404 teams 1660/3471 matched, players 4671/9521 matched
2026-08-24 02:58:49,464 INFO ncaa_identity: contest_id=2125624 teams 2814/2814 matched, players 7615/7684 matched
2026-08-24 02:58:51,469 INFO ncaa_identity: contest_id=2125672 teams 2798/2798 matched, players 6993/7702 matched
2026-08-24 02:58:58,599 INFO ncaa_identity: contest_id=2125933 teams 1390/2769 matched, players 3776/7575 matched
2026-08-24 02:59:00,651 INFO ncaa_identity: contest_id=2125959 teams 2406/2406 matched, players 6268/6580 matched
2026-08-24 02:59:15,898 INFO ncaa_identity: contest_id=2126095 teams 1325/2531 matched, players 3538/6956 matched
2026-08-24 02:59:21,053 INFO ncaa_identity: contest_id=2126128 teams 1636/3125 matched, players 4426/8594 matched
2026-08-24 02:59:23,723 INFO ncaa_identity: contest_id=2126144 teams 1567/3123 matched, players 4298/8583 matched
2026-08-24 02:59:25,606 INFO ncaa_identity: contest_id=2126159 teams 1450/2821 matched, players 3892/7770 matched
2026-08-24 02:59:29,751 INFO ncaa_identity: contest_id=2126229 teams 0/2903 matched, players 0/7946 matched
2026-08-24 02:59:42,978 INFO ncaa_identity: contest_id=2126461 teams 2520/2520 matched, players 6455/6915 matched
2026-08-24 02:59:44,547 INFO ncaa_identity: contest_id=2126479 teams 2894/2894 matched, players 7657/7922 matched
2026-08-24 02:59:53,494 INFO ncaa_identity: contest_id=2126587 teams 1288/2483 matched, players 3473/6795 matched
2026-08-24 02:59:59,167 INFO ncaa_identity: contest_id=2126719 teams 0/2702 matched, players 0/7394 matched
2026-08-24 03:00:01,072 INFO ncaa_identity: contest_id=2126731 teams 2608/2608 matched, players 7022/7148 matched
2026-08-24 03:00:07,809 INFO ncaa_identity: contest_id=2126907 teams 3303/3303 matched, players 9084/9094 matched
2026-08-24 03:00:16,574 INFO ncaa_identity: contest_id=2127085 teams 2471/2471 matched, players 6640/6718 matched
2026-08-24 03:00:21,276 INFO ncaa_identity: contest_id=2127155 teams 2449/2449 matched, players 6295/6704 matched
2026-08-24 03:00:24,518 INFO ncaa_identity: contest_id=2127201 teams 1317/2655 matched, players 3464/7277 matched
2026-08-24 03:00:26,581 INFO ncaa_identity: contest_id=2127216 teams 1489/2840 matched, players 3971/7788 matched
2026-08-24 03:00:29,729 INFO ncaa_identity: contest_id=2127278 teams 2597/2597 matched, players 6887/7086 matched
2026-08-24 03:00:32,764 INFO ncaa_identity: contest_id=2127442 teams 2391/2391 matched, players 5981/6578 matched
2026-08-24 03:00:38,452 INFO ncaa_identity: contest_id=2127504 teams 2720/2720 matched, players 6612/7488 matched
2026-08-24 03:00:40,244 INFO ncaa_identity: contest_id=2127532 teams 1252/2403 matched, players 3319/6567 matched
2026-08-24 03:00:44,210 INFO ncaa_identity: contest_id=2127563 teams 2564/2564 matched, players 6255/6929 matched
2026-08-24 03:00:49,554 INFO ncaa_identity: contest_id=2127606 teams 3046/3046 matched, players 7908/8406 matched
2026-08-24 03:00:51,056 INFO ncaa_identity: contest_id=2127623 teams 2534/2534 matched, players 6929/6938 matched
2026-08-24 03:00:52,833 WARNING ncaa_parse: family=shots contest_id=2127640 team=Dayton SKIPPED (1 parse error(s)): No shot events found [<!DOCTYPE html> <html lang="en"> <head> <meta content="text/html; charset=utf-8" http-equiv="CONTENT-TYPE"/> <meta charset="utf-8"/> <meta...
2026-08-24 03:00:52,903 INFO ncaa_identity: contest_id=2127640 teams 2295/2295 matched, players 5825/6427 matched
2026-08-24 03:00:54,757 INFO ncaa_identity: contest_id=2127660 teams 2254/2254 matched, players 6097/6149 matched
2026-08-24 03:00:56,311 WARNING ncaa_parse: family=shots contest_id=2127682 team=Oregon St. SKIPPED (1 parse error(s)): No shot events found [<!DOCTYPE html> <html lang="en"> <head> <meta content="text/html; charset=utf-8" http-equiv="CONTENT-TYPE"/> <meta charset="utf-8"/> <meta...
2026-08-24 03:01:00,198 WARNING ncaa_parse: family=shots contest_id=2127714 team=Illinois SKIPPED (1 parse error(s)): No shot events found [<!DOCTYPE html> <html lang="en"> <head> <meta content="text/html; charset=utf-8" http-equiv="CONTENT-TYPE"/> <meta charset="utf-8"/> <meta...
2026-08-24 03:01:00,338 INFO ncaa_identity: contest_id=2127714 teams 2333/2333 matched, players 6070/6547 matched
2026-08-24 03:01:02,282 INFO ncaa_identity: contest_id=2127730 teams 2442/2442 matched, players 6461/6694 matched
2026-08-24 03:01:05,953 INFO ncaa_identity: contest_id=2127797 teams 1348/2590 matched, players 3625/7071 matched
2026-08-24 03:01:13,817 INFO ncaa_identity: contest_id=2127916 teams 2382/2382 matched, players 6478/6481 matched
2026-08-24 03:01:21,352 INFO ncaa_identity: contest_id=2127985 teams 3152/3152 matched, players 8622/8692 matched
2026-08-24 03:01:26,893 INFO ncaa_identity: contest_id=2128079 teams 1164/2326 matched, players 2781/6361 matched
2026-08-24 03:01:30,815 INFO ncaa_identity: contest_id=2128144 teams 1499/2996 matched, players 4156/8248 matched
2026-08-24 03:01:33,030 INFO 5 starters not found for period 5; using estimate
2026-08-24 03:01:40,320 INFO ncaa_identity: contest_id=2128321 teams 3098/3098 matched, players 7811/8504 matched
2026-08-24 03:01:46,040 INFO ncaa_identity: contest_id=2128396 teams 2509/2509 matched, players 6845/6851 matched
2026-08-24 03:01:48,127 INFO ncaa_identity: contest_id=2128407 teams 2741/2741 matched, players 6819/7517 matched
2026-08-24 03:01:50,250 INFO ncaa_identity: contest_id=2128479 teams 1455/2791 matched, players 3825/7594 matched
2026-08-24 03:02:03,947 INFO ncaa_identity: contest_id=2128655 teams 2587/2587 matched, players 7098/7120 matched
2026-08-24 03:02:08,306 INFO ncaa_identity: contest_id=2128857 teams 1356/2662 matched, players 3404/7295 matched
2026-08-24 03:02:09,787 INFO ncaa_identity: contest_id=2128892 teams 2758/2758 matched, players 7171/7566 matched
2026-08-24 03:02:11,707 INFO ncaa_identity: contest_id=2128990 teams 2768/2768 matched, players 7215/7659 matched
2026-08-24 03:02:20,462 WARNING ncaa_parse: family=shots contest_id=2129048 team=UMES SKIPPED (1 parse error(s)): No shot events found [<!DOCTYPE html> <html lang="en"> <head> <meta content="text/html; charset=utf-8" http-equiv="CONTENT-TYPE"/> <meta charset="utf-8"/> <meta...
2026-08-24 03:02:22,425 INFO ncaa_identity: contest_id=2129059 teams 2958/2958 matched, players 7898/8113 matched
2026-08-24 03:02:24,750 INFO ncaa_identity: contest_id=2129073 teams 2953/2953 matched, players 7636/8099 matched
2026-08-24 03:02:30,061 INFO ncaa_identity: contest_id=2129122 teams 1313/2555 matched, players 3504/6967 matched
2026-08-24 03:02:33,558 INFO ncaa_identity: contest_id=2129209 teams 1266/2610 matched, players 3581/7183 matched
2026-08-24 03:02:39,809 INFO ncaa_identity: contest_id=2129307 teams 1279/2621 matched, players 3619/7211 matched
2026-08-24 03:02:48,193 INFO ncaa_identity: contest_id=2129455 teams 2235/2235 matched, players 6089/6100 matched
2026-08-24 03:02:49,819 INFO ncaa_identity: contest_id=2129494 teams 0/2337 matched, players 0/6386 matched
2026-08-24 03:02:57,260 INFO ncaa_identity: contest_id=2129703 teams 1363/2677 matched, players 3643/7299 matched
2026-08-24 03:02:59,411 INFO ncaa_identity: contest_id=2129771 teams 1412/2824 matched, players 3917/7743 matched
2026-08-24 03:03:01,542 INFO ncaa_identity: contest_id=2129786 teams 1368/2834 matched, players 3774/7707 matched
2026-08-24 03:03:03,494 INFO ncaa_identity: contest_id=2129798 teams 3060/3060 matched, players 7929/8436 matched
2026-08-24 03:03:07,260 INFO ncaa_identity: contest_id=2129825 teams 1165/2287 matched, players 2847/6223 matched
2026-08-24 03:03:24,218 INFO ncaa_identity: contest_id=2130034 teams 2617/2617 matched, players 6993/7158 matched
2026-08-24 03:03:35,287 INFO ncaa_identity: contest_id=2130177 teams 2610/2610 matched, players 6543/7150 matched
2026-08-24 03:03:39,469 INFO ncaa_identity: contest_id=2130217 teams 2233/2233 matched, players 5628/6090 matched
2026-08-24 03:03:42,024 INFO ncaa_identity: contest_id=2130243 teams 2555/2555 matched, players 6977/6999 matched
2026-08-24 03:03:49,909 INFO ncaa_identity: contest_id=2130392 teams 3139/3139 matched, players 8679/8693 matched
2026-08-24 03:04:00,516 INFO ncaa_identity: contest_id=2130445 teams 2549/2549 matched, players 6988/7000 matched
[p1_s_e_e] [WARNING] [TeamId(name='Southern Miss.')]v[TeamId(name='Alabama A&M')] Flip court for periods: [[2, 3, 4]] because [total_shots={1: 33, 2: 31, 3: 28, 4: 33} long_shots={1: 13, 2: 31, 3: 27, 4: 33}]
2026-08-24 03:04:42,902 INFO ncaa_identity: contest_id=2130631 teams 2246/2246 matched, players 5364/6152 matched
2026-08-24 03:05:08,208 INFO ncaa_identity: contest_id=2130691 teams 1307/2543 matched, players 3542/6855 matched
2026-08-24 03:05:21,924 INFO ncaa_identity: contest_id=2130735 teams 2798/2798 matched, players 6876/7700 matched
2026-08-24 03:05:28,068 INFO ncaa_identity: contest_id=2130755 teams 1350/2800 matched, players 3846/7695 matched
2026-08-24 03:05:36,043 INFO ncaa_identity: contest_id=2130772 teams 1591/3279 matched, players 4484/9018 matched
2026-08-24 03:05:41,330 INFO ncaa_identity: contest_id=2130787 teams 2818/2818 matched, players 7362/7753 matched
2026-08-24 03:06:03,348 INFO ncaa_identity: contest_id=2130933 teams 2778/2778 matched, players 7555/7626 matched
2026-08-24 03:06:57,231 INFO ncaa_identity: contest_id=2131247 teams 1365/2657 matched, players 3535/7256 matched
2026-08-24 03:07:13,283 WARNING ncaa_parse: family=shots contest_id=2131286 team=Hampton SKIPPED (1 parse error(s)): No shot events found [<!DOCTYPE html> <html lang="en"> <head> <meta content="text/html; charset=utf-8" http-equiv="CONTENT-TYPE"/> <meta charset="utf-8"/> <meta...
2026-08-24 03:07:13,986 INFO ncaa_identity: contest_id=2131286 teams 2419/2419 matched, players 6822/6852 matched
2026-08-24 03:07:27,973 WARNING ncaa_parse: family=shots contest_id=2131336 team=Southeast Mo. St. SKIPPED (1 parse error(s)): No shot events found [<!DOCTYPE html> <html lang="en"> <head> <meta content="text/html; charset=utf-8" http-equiv="CONTENT-TYPE"/> <meta charset="utf-8"/> <meta...
2026-08-24 03:07:28,344 INFO ncaa_identity: contest_id=2131336 teams 2410/2410 matched, players 6574/6838 matched
2026-08-24 03:07:53,271 INFO ncaa_identity: contest_id=2131432 teams 2759/2759 matched, players 7363/7588 matched
2026-08-24 03:08:04,222 INFO ncaa_identity: contest_id=2131495 teams 3053/3053 matched, players 8237/8406 matched
2026-08-24 03:08:11,412 INFO ncaa_identity: contest_id=2131544 teams 2336/2336 matched, players 6029/6405 matched
2026-08-24 03:08:54,679 INFO ncaa_identity: contest_id=2131883 teams 2754/2754 matched, players 7182/7600 matched
2026-08-24 03:09:33,692 INFO ncaa_identity: contest_id=2132174 teams 2747/2747 matched, players 7373/7584 matched
2026-08-24 03:09:37,890 INFO ncaa_identity: contest_id=2132326 teams 2714/2714 matched, players 7450/7463 matched
2026-08-24 03:09:42,587 INFO ncaa_identity: contest_id=2132385 teams 2755/2755 matched, players 7272/7549 matched
2026-08-24 03:09:54,008 INFO ncaa_identity: contest_id=2132582 teams 2814/2814 matched, players 7639/7750 matched
2026-08-24 03:09:55,815 INFO ncaa_identity: contest_id=2132597 teams 2884/2884 matched, players 7547/7919 matched
2026-08-24 03:10:02,674 INFO ncaa_identity: contest_id=2132730 teams 1165/2175 matched, players 2961/5927 matched
2026-08-24 03:10:27,868 INFO ncaa_identity: contest_id=2133117 teams 2521/2521 matched, players 6818/6885 matched
2026-08-24 03:10:35,418 INFO ncaa_identity: contest_id=2133175 teams 3161/3161 matched, players 8403/8674 matched
2026-08-24 03:10:39,405 WARNING ncaa_parse: family=shots contest_id=2133201 team=South Carolina St. SKIPPED (1 parse error(s)): No shot events found [<!DOCTYPE html> <html lang="en"> <head> <meta content="text/html; charset=utf-8" http-equiv="CONTENT-TYPE"/> <meta charset="utf-8"/> <meta...
2026-08-24 03:10:39,470 INFO ncaa_identity: contest_id=2133201 teams 2371/2371 matched, players 953/959 matched
2026-08-24 03:10:44,192 INFO ncaa_identity: contest_id=2133286 teams 2277/2277 matched, players 5771/6203 matched
2026-08-24 03:10:53,291 INFO ncaa_identity: contest_id=2133487 teams 2671/2671 matched, players 7143/7348 matched
2026-08-24 03:11:00,220 INFO ncaa_identity: contest_id=2133607 teams 2492/2492 matched, players 6465/6848 matched
2026-08-24 03:11:06,662 INFO ncaa_identity: contest_id=2133649 teams 1422/2854 matched, players 3909/7797 matched
2026-08-24 03:11:21,399 INFO ncaa_identity: contest_id=2133962 teams 2618/2618 matched, players 6692/7162 matched
2026-08-24 03:11:25,719 INFO ncaa_identity: contest_id=2133986 teams 2650/2650 matched, players 7037/7291 matched
2026-08-24 03:11:28,622 INFO ncaa_identity: contest_id=2133999 teams 2813/2813 matched, players 7518/7734 matched
2026-08-24 03:11:30,690 INFO ncaa_identity: contest_id=2134060 teams 2608/2608 matched, players 6997/7165 matched
2026-08-24 03:11:33,015 INFO ncaa_identity: contest_id=2134079 teams 2409/2409 matched, players 6079/6605 matched
2026-08-24 03:11:37,499 INFO ncaa_identity: contest_id=2134102 teams 2444/2444 matched, players 6310/6697 matched
2026-08-24 03:11:40,427 INFO ncaa_identity: contest_id=2134156 teams 2758/2758 matched, players 7127/7540 matched
2026-08-24 03:11:42,206 INFO ncaa_identity: contest_id=2134189 teams 1316/2499 matched, players 3433/6851 matched
2026-08-24 03:11:56,889 INFO ncaa_identity: contest_id=2134411 teams 2841/2841 matched, players 7657/7827 matched
2026-08-24 03:11:58,883 INFO ncaa_identity: contest_id=2134449 teams 2862/2862 matched, players 7221/7881 matched
2026-08-24 03:12:00,605 INFO ncaa_identity: contest_id=2134471 teams 2798/2798 matched, players 7634/7716 matched
2026-08-24 03:12:15,874 INFO ncaa_identity: contest_id=2134722 teams 2491/2491 matched, players 6224/6817 matched
2026-08-24 03:12:17,591 INFO ncaa_identity: contest_id=2134787 teams 1359/2621 matched, players 3610/7199 matched
2026-08-24 03:12:21,938 INFO ncaa_identity: contest_id=2134812 teams 2249/2249 matched, players 6122/6136 matched
2026-08-24 03:12:27,198 INFO ncaa_identity: contest_id=2135012 teams 2514/2514 matched, players 6419/6917 matched
2026-08-24 03:12:30,950 INFO ncaa_identity: contest_id=2135054 teams 2536/2536 matched, players 6750/6963 matched
2026-08-24 03:12:32,886 INFO ncaa_identity: contest_id=2135095 teams 3790/3790 matched, players 10096/10448 matched
2026-08-24 03:12:37,057 INFO ncaa_identity: contest_id=2135117 teams 2107/2107 matched, players 5321/5721 matched
2026-08-24 03:12:38,677 INFO ncaa_identity: contest_id=2135131 teams 2758/2758 matched, players 7246/7583 matched
2026-08-24 03:12:42,366 INFO ncaa_identity: contest_id=2135206 teams 2928/2928 matched, players 7425/8062 matched
2026-08-24 03:12:47,600 INFO ncaa_identity: contest_id=2135260 teams 1224/2432 matched, players 3304/6628 matched
2026-08-24 03:13:05,137 INFO ncaa_identity: contest_id=2135668 teams 2191/2191 matched, players 5372/5979 matched
2026-08-24 03:13:06,823 INFO ncaa_identity: contest_id=2135681 teams 2694/2694 matched, players 7330/7342 matched
2026-08-24 03:13:13,822 INFO ncaa_identity: contest_id=2135808 teams 2413/2413 matched, players 6588/6609 matched
2026-08-24 03:13:18,950 INFO ncaa_identity: contest_id=2135996 teams 2348/2348 matched, players 5850/6434 matched
2026-08-24 03:13:24,520 INFO ncaa_identity: contest_id=2136033 teams 1137/2243 matched, players 3122/6128 matched
2026-08-24 03:13:31,132 INFO ncaa_identity: contest_id=2136131 teams 1133/2287 matched, players 3087/6254 matched
2026-08-24 03:13:33,471 INFO ncaa_identity: contest_id=2136142 teams 2913/2913 matched, players 7364/8008 matched
2026-08-24 03:13:54,918 INFO ncaa_identity: contest_id=2136570 teams 3075/3075 matched, players 7253/8431 matched
2026-08-24 03:14:02,373 INFO ncaa_identity: contest_id=2136710 teams 2385/2385 matched, players 5991/6515 matched
2026-08-24 03:14:04,138 INFO ncaa_identity: contest_id=2136731 teams 2549/2549 matched, players 6787/6996 matched
2026-08-24 03:14:05,941 INFO ncaa_identity: contest_id=2136744 teams 2854/2854 matched, players 7856/7861 matched
2026-08-24 03:14:07,711 INFO ncaa_identity: contest_id=2136801 teams 2946/2946 matched, players 7765/8131 matched
2026-08-24 03:14:18,711 INFO ncaa_identity: contest_id=2137051 teams 2291/2291 matched, players 5916/6265 matched
2026-08-24 03:14:21,017 INFO ncaa_identity: contest_id=2137064 teams 2536/2536 matched, players 6360/6962 matched
2026-08-24 03:14:32,570 INFO ncaa_identity: contest_id=2137267 teams 2246/2246 matched, players 6149/6158 matched
2026-08-24 03:14:33,978 INFO ncaa_identity: contest_id=2137284 teams 2539/2539 matched, players 6921/6944 matched
2026-08-24 03:14:46,216 INFO ncaa_identity: contest_id=2137482 teams 2978/2978 matched, players 7452/8233 matched
2026-08-24 03:14:48,107 INFO ncaa_identity: contest_id=2137539 teams 2397/2397 matched, players 6055/6571 matched
2026-08-24 03:14:52,917 INFO ncaa_identity: contest_id=2137615 teams 3353/3353 matched, players 8674/9224 matched
2026-08-24 03:14:58,703 INFO ncaa_identity: contest_id=2137719 teams 2802/2802 matched, players 7403/7722 matched
2026-08-24 03:15:12,652 INFO ncaa_identity: contest_id=2137981 teams 2852/2852 matched, players 7722/7852 matched
2026-08-24 03:15:21,600 INFO ncaa_identity: contest_id=2138142 teams 2248/2248 matched, players 6054/6168 matched
2026-08-24 03:15:23,034 INFO ncaa_identity: contest_id=2138156 teams 1026/2160 matched, players 2947/5882 matched
2026-08-24 03:15:26,739 INFO ncaa_identity: contest_id=2138178 teams 2684/2684 matched, players 7182/7442 matched
2026-08-24 03:15:33,900 INFO ncaa_identity: contest_id=2138268 teams 1236/2385 matched, players 3287/6511 matched
2026-08-24 03:15:36,161 INFO ncaa_identity: contest_id=2138282 teams 1323/2653 matched, players 3636/7318 matched
2026-08-24 03:15:38,026 INFO ncaa_identity: contest_id=2138295 teams 2817/2817 matched, players 7084/7741 matched
2026-08-24 03:15:42,022 INFO ncaa_identity: contest_id=2138317 teams 3641/3641 matched, players 9851/10002 matched
2026-08-24 03:15:43,417 INFO ncaa_identity: contest_id=2138338 teams 2441/2441 matched, players 6176/6711 matched
2026-08-24 03:15:46,802 INFO ncaa_identity: contest_id=2138468 teams 2539/2539 matched, players 6511/6940 matched
2026-08-24 03:15:48,928 INFO ncaa_identity: contest_id=2138518 teams 1203/2448 matched, players 3332/6717 matched
2026-08-24 03:15:53,426 INFO ncaa_identity: contest_id=2138641 teams 2355/2355 matched, players 6412/6447 matched
2026-08-24 03:15:55,575 INFO ncaa_identity: contest_id=2138667 teams 2687/2687 matched, players 6612/7324 matched
2026-08-24 03:16:01,982 WARNING ncaa_parse: family=shots contest_id=2138716 team=South Carolina St. SKIPPED (1 parse error(s)): No shot events found [<!DOCTYPE html> <html lang="en"> <head> <meta content="text/html; charset=utf-8" http-equiv="CONTENT-TYPE"/> <meta charset="utf-8"/> <meta...
2026-08-24 03:16:02,058 INFO ncaa_identity: contest_id=2138716 teams 2096/2096 matched, players 5386/5944 matched
2026-08-24 03:16:03,998 INFO ncaa_identity: contest_id=2138751 teams 2628/2628 matched, players 7105/7193 matched
[p1_s_e_e] [WARNING] [TeamId(name='IU Indy')]v[TeamId(name='Youngstown St.')] Flip court for periods: [[2, 3, 4]] because [total_shots={1: 23, 2: 31, 3: 26, 4: 34} long_shots={1: 6, 2: 31, 3: 26, 4: 34}]
2026-08-24 03:16:10,949 INFO ncaa_identity: contest_id=2138830 teams 1259/2493 matched, players 3477/6802 matched
2026-08-24 03:16:12,635 INFO ncaa_identity: contest_id=2138841 teams 2424/2424 matched, players 6114/6549 matched
2026-08-24 03:16:24,052 INFO ncaa_identity: contest_id=2138957 teams 2316/2316 matched, players 5942/6310 matched
2026-08-24 03:16:28,884 INFO ncaa_identity: contest_id=2139003 teams 2574/2574 matched, players 6598/7025 matched
2026-08-24 03:16:32,827 INFO ncaa_identity: contest_id=2139026 teams 1339/2544 matched, players 3524/7014 matched
2026-08-24 03:16:35,008 INFO ncaa_identity: contest_id=2139038 teams 2606/2606 matched, players 6771/7161 matched
2026-08-24 03:16:40,216 INFO ncaa_identity: contest_id=2139096 teams 1350/2407 matched, players 3334/6583 matched
2026-08-24 03:16:48,573 WARNING ncaa_parse: family=shots contest_id=2139198 team=Alabama A&M SKIPPED (1 parse error(s)): No shot events found [<!DOCTYPE html> <html lang="en"> <head> <meta content="text/html; charset=utf-8" http-equiv="CONTENT-TYPE"/> <meta charset="utf-8"/> <meta...
2026-08-24 03:16:50,437 INFO ncaa_identity: contest_id=2139216 teams 2914/2914 matched, players 8065/8076 matched
2026-08-24 03:16:55,224 INFO ncaa_identity: contest_id=2139261 teams 2615/2615 matched, players 7150/7163 matched
2026-08-24 03:17:01,665 INFO ncaa_identity: contest_id=2139302 teams 2690/2690 matched, players 6754/7401 matched
2026-08-24 03:17:01,768 INFO 5 starters not found for period 4; using estimate
2026-08-24 03:17:04,351 INFO ncaa_identity: contest_id=2139322 teams 1332/2550 matched, players 3521/6990 matched
2026-08-24 03:17:08,008 WARNING ncaa_parse: family=shots contest_id=2139342 team=Alabama A&M SKIPPED (1 parse error(s)): No shot events found [<!DOCTYPE html> <html lang="en"> <head> <meta content="text/html; charset=utf-8" http-equiv="CONTENT-TYPE"/> <meta charset="utf-8"/> <meta...
2026-08-24 03:17:10,216 INFO ncaa_identity: contest_id=2139353 teams 2568/2568 matched, players 6442/7010 matched
2026-08-24 03:17:17,330 WARNING ncaa_parse: family=shots contest_id=2139393 team=Alcorn SKIPPED (1 parse error(s)): No shot events found [<!DOCTYPE html> <html lang="en"> <head> <meta content="text/html; charset=utf-8" http-equiv="CONTENT-TYPE"/> <meta charset="utf-8"/> <meta...
2026-08-24 03:17:17,395 INFO ncaa_identity: contest_id=2139393 teams 2379/2379 matched, players 6523/6731 matched
2026-08-24 03:17:18,983 INFO ncaa_identity: contest_id=2139403 teams 1193/2433 matched, players 3265/6650 matched
2026-08-24 03:17:20,755 INFO ncaa_identity: contest_id=2139413 teams 1192/2416 matched, players 3061/6583 matched
2026-08-24 03:17:30,143 INFO ncaa_identity: contest_id=2155233 teams 2719/2719 matched, players 7475/7482 matched
2026-08-24 03:17:50,553 INFO ncaa_identity: contest_id=2159159 teams 1384/2783 matched, players 3397/7645 matched
2026-08-24 03:17:52,329 INFO ncaa_identity: contest_id=2160952 teams 1427/2836 matched, players 3934/7796 matched
2026-08-24 03:17:54,097 INFO ncaa_identity: contest_id=2163399 teams 1219/2471 matched, players 3405/6788 matched
2026-08-24 03:17:59,219 INFO ncaa_identity: contest_id=2211644 teams 2435/2435 matched, players 6681/6705 matched
2026-08-24 03:18:00,797 INFO ncaa_identity: contest_id=2257421 teams 1427/2854 matched, players 3947/7812 matched
2026-08-24 03:18:03,693 INFO ncaa_identity: contest_id=2257943 teams 2421/2421 matched, players 6434/6631 matched
2026-08-24 03:18:06,956 INFO ncaa_identity: contest_id=2258056 teams 2453/2453 matched, players 6721/6729 matched
2026-08-24 03:18:10,159 INFO ncaa_identity: contest_id=2258096 teams 2630/2630 matched, players 6547/7221 matched
2026-08-24 03:18:13,516 WARNING ncaa_parse: family=shots contest_id=2258253 team=Hampton SKIPPED (1 parse error(s)): No shot events found [<!DOCTYPE html> <html lang="en"> <head> <meta content="text/html; charset=utf-8" http-equiv="CONTENT-TYPE"/> <meta charset="utf-8"/> <meta...
2026-08-24 03:18:13,557 INFO ncaa_identity: contest_id=2258253 teams 2466/2466 matched, players 6164/6895 matched
2026-08-24 03:18:20,290 INFO ncaa_identity: contest_id=2258787 teams 3535/3535 matched, players 9362/9766 matched
2026-08-24 03:18:25,406 INFO ncaa_identity: contest_id=2259067 teams 2375/2375 matched, players 6032/6474 matched
2026-08-24 03:18:26,805 INFO ncaa_identity: contest_id=2259150 teams 2959/2959 matched, players 7676/8181 matched
2026-08-24 03:18:35,819 INFO ncaa_identity: contest_id=2259447 teams 2085/2085 matched, players 5572/5573 matched
2026-08-24 03:18:39,098 WARNING ncaa_parse: family=shots contest_id=2260431 team=Howard SKIPPED (1 parse error(s)): No shot events found [<!DOCTYPE html> <html lang="en"> <head> <meta content="text/html; charset=utf-8" http-equiv="CONTENT-TYPE"/> <meta charset="utf-8"/> <meta...
2026-08-24 03:18:39,217 INFO ncaa_identity: contest_id=2260431 teams 2835/2835 matched, players 6915/7945 matched
2026-08-24 03:18:42,229 WARNING ncaa_parse: family=shots contest_id=2260510 team=Norfolk St. SKIPPED (1 parse error(s)): No shot events found [<!DOCTYPE html> <html lang="en"> <head> <meta content="text/html; charset=utf-8" http-equiv="CONTENT-TYPE"/> <meta charset="utf-8"/> <meta...
2026-08-24 03:19:05,697 INFO ncaa_identity: contest_id=2263019 teams 3132/3132 matched, players 7962/8618 matched
2026-08-24 03:19:14,637 INFO ncaa_identity: contest_id=2319926 teams 2741/2741 matched, players 6970/7502 matched
2026-08-24 03:19:19,410 INFO ncaa_identity: contest_id=2319958 teams 1186/2398 matched, players 3367/6325 matched
2026-08-24 03:19:25,122 INFO ncaa_identity: contest_id=2319988 teams 1604/3244 matched, players 4491/8903 matched
2026-08-24 03:19:28,543 INFO ncaa_identity: contest_id=2320008 teams 1303/2607 matched, players 3155/7170 matched
2026-08-24 03:19:30,310 INFO ncaa_identity: contest_id=2320019 teams 3053/3053 matched, players 7316/8377 matched
2026-08-24 03:19:31,773 INFO ncaa_identity: contest_id=2320029 teams 1398/2846 matched, players 3689/7780 matched
2026-08-24 03:19:33,640 INFO ncaa_identity: contest_id=2320040 teams 1675/3355 matched, players 4628/9271 matched
2026-08-24 03:19:35,594 INFO ncaa_identity: contest_id=2320050 teams 1477/2915 matched, players 4015/8023 matched
2026-08-24 03:19:42,253 INFO ncaa_identity: contest_id=2320092 teams 1337/2689 matched, players 3726/7403 matched
2026-08-24 03:19:44,210 INFO ncaa_identity: contest_id=2320103 teams 2658/2658 matched, players 6732/7287 matched
2026-08-24 03:19:45,639 INFO ncaa_identity: contest_id=2320172 teams 1351/2666 matched, players 3712/7292 matched
2026-08-24 03:19:47,835 INFO ncaa_identity: contest_id=2320225 teams 2912/2912 matched, players 7951/7969 matched
2026-08-24 03:19:49,662 INFO ncaa_identity: contest_id=2320255 teams 1270/2649 matched, players 3644/7297 matched
2026-08-24 03:19:52,758 INFO ncaa_identity: contest_id=2320279 teams 1312/2570 matched, players 3565/7051 matched
2026-08-24 03:19:56,224 INFO ncaa_identity: contest_id=2320311 teams 2815/2815 matched, players 7320/7687 matched
2026-08-24 03:19:58,364 INFO ncaa_identity: contest_id=2320326 teams 1515/2974 matched, players 4077/8140 matched
2026-08-24 03:20:01,486 INFO ncaa_identity: contest_id=2320351 teams 2547/2547 matched, players 6871/6994 matched
2026-08-24 03:20:11,432 INFO ncaa_identity: contest_id=2320635 teams 1470/2855 matched, players 3982/7861 matched
2026-08-24 03:20:13,018 INFO ncaa_identity: contest_id=2320721 teams 2230/2230 matched, players 5694/6092 matched
2026-08-24 03:20:16,489 INFO ncaa_identity: contest_id=2320945 teams 1430/2744 matched, players 3793/7463 matched
2026-08-24 03:20:28,536 INFO ncaa_identity: contest_id=2321101 teams 3046/3046 matched, players 7912/8429 matched
2026-08-24 03:20:30,326 INFO ncaa_identity: contest_id=2321119 teams 1582/3096 matched, players 4336/8464 matched
2026-08-24 03:20:35,203 INFO ncaa_identity: contest_id=2321167 teams 1424/2773 matched, players 3859/7583 matched
2026-08-24 03:20:38,530 INFO ncaa_identity: contest_id=2321230 teams 1254/2434 matched, players 3142/6650 matched
2026-08-24 03:20:40,476 INFO ncaa_identity: contest_id=2321265 teams 3034/3034 matched, players 7666/8330 matched
2026-08-24 03:20:42,105 INFO ncaa_identity: contest_id=2321294 teams 3246/3246 matched, players 8630/8890 matched
2026-08-24 03:20:44,014 INFO ncaa_identity: contest_id=2321305 teams 1403/2744 matched, players 3780/7565 matched
2026-08-24 03:20:49,140 INFO ncaa_identity: contest_id=2321434 teams 1363/2790 matched, players 3816/7679 matched
2026-08-24 03:20:54,959 INFO ncaa_identity: contest_id=2321511 teams 3192/3192 matched, players 8267/8811 matched
2026-08-24 03:20:56,564 INFO ncaa_identity: contest_id=2321523 teams 1443/2906 matched, players 4017/8003 matched
2026-08-24 03:21:13,835 INFO ncaa_identity: contest_id=2321897 teams 2849/2849 matched, players 7378/7834 matched
2026-08-24 03:21:24,698 INFO ncaa_identity: contest_id=2322154 teams 1339/2609 matched, players 3655/7161 matched
2026-08-24 03:21:28,585 INFO ncaa_identity: contest_id=2322177 teams 3098/3098 matched, players 8194/8502 matched
2026-08-24 03:21:30,202 INFO ncaa_identity: contest_id=2322200 teams 2708/2708 matched, players 7136/7463 matched
2026-08-24 03:21:37,806 INFO ncaa_identity: contest_id=2322281 teams 1561/3063 matched, players 4187/8462 matched
2026-08-24 03:21:39,335 INFO ncaa_identity: contest_id=2322299 teams 1219/2328 matched, players 3196/6346 matched
2026-08-24 03:21:41,403 INFO ncaa_identity: contest_id=2322372 teams 1500/2956 matched, players 4079/8166 matched
2026-08-24 03:21:50,274 INFO ncaa_identity: contest_id=2322583 teams 1360/2689 matched, players 3729/7409 matched
2026-08-24 03:21:52,064 INFO ncaa_identity: contest_id=2322606 teams 1451/2894 matched, players 4041/7964 matched
2026-08-24 03:21:57,386 INFO ncaa_identity: contest_id=2322651 teams 2315/2315 matched, players 5864/6327 matched
2026-08-24 03:21:59,346 INFO ncaa_identity: contest_id=2322666 teams 2371/2371 matched, players 6108/6423 matched
2026-08-24 03:22:00,828 INFO ncaa_identity: contest_id=2322682 teams 2796/2796 matched, players 6910/7682 matched
2026-08-24 03:22:06,107 INFO ncaa_identity: contest_id=2322736 teams 2528/2528 matched, players 6847/6913 matched
2026-08-24 03:22:07,997 INFO ncaa_identity: contest_id=2322755 teams 2668/2668 matched, players 6745/7337 matched
2026-08-24 03:22:09,658 INFO ncaa_identity: contest_id=2322770 teams 1466/2794 matched, players 3529/7655 matched
2026-08-24 03:22:11,635 INFO ncaa_identity: contest_id=2322784 teams 2819/2819 matched, players 7253/7748 matched
2026-08-24 03:22:25,006 INFO ncaa_identity: contest_id=2322971 teams 2705/2705 matched, players 6962/7393 matched
2026-08-24 03:22:33,362 INFO ncaa_identity: contest_id=2323137 teams 2899/2899 matched, players 7856/7960 matched
2026-08-24 03:22:36,822 INFO ncaa_identity: contest_id=2323180 teams 1500/2924 matched, players 4016/8010 matched
2026-08-24 03:22:38,687 INFO ncaa_identity: contest_id=2323239 teams 2716/2716 matched, players 7304/7457 matched
2026-08-24 03:22:41,897 INFO ncaa_identity: contest_id=2323330 teams 2748/2748 matched, players 6923/7532 matched
2026-08-24 03:22:43,793 INFO ncaa_identity: contest_id=2323341 teams 1412/2746 matched, players 3810/7513 matched
2026-08-24 03:22:45,965 INFO ncaa_identity: contest_id=2323361 teams 1900/3638 matched, players 5231/10080 matched
2026-08-24 03:22:54,656 INFO ncaa_identity: contest_id=2323536 teams 1567/3235 matched, players 3717/8937 matched
2026-08-24 03:22:58,975 INFO ncaa_identity: contest_id=2323629 teams 2757/2757 matched, players 7604/7607 matched
2026-08-24 03:23:01,089 INFO ncaa_identity: contest_id=2323648 teams 1568/3186 matched, players 4405/8788 matched
2026-08-24 03:23:02,812 INFO ncaa_identity: contest_id=2323661 teams 2578/2578 matched, players 6835/7058 matched
2026-08-24 03:23:06,545 INFO ncaa_identity: contest_id=2323687 teams 2481/2481 matched, players 6391/6814 matched
2026-08-24 03:23:11,041 INFO ncaa_identity: contest_id=2323771 teams 3027/3027 matched, players 7391/8277 matched
2026-08-24 03:23:20,144 INFO ncaa_identity: contest_id=2323997 teams 1307/2411 matched, players 3309/6575 matched
2026-08-24 03:23:37,240 INFO ncaa_identity: contest_id=2324244 teams 2173/2173 matched, players 5777/5932 matched
2026-08-24 03:23:40,561 INFO ncaa_identity: contest_id=2324283 teams 1074/2134 matched, players 2966/5800 matched
2026-08-24 03:23:42,103 INFO ncaa_identity: contest_id=2324305 teams 1289/2451 matched, players 3436/6739 matched
2026-08-24 03:23:44,594 INFO ncaa_identity: contest_id=2324359 teams 2660/2660 matched, players 6975/7322 matched
2026-08-24 03:23:51,153 INFO ncaa_identity: contest_id=2324469 teams 2879/2879 matched, players 7815/7914 matched
2026-08-24 03:24:03,482 INFO ncaa_identity: contest_id=2324653 teams 3125/3125 matched, players 8225/8606 matched
2026-08-24 03:24:05,250 INFO ncaa_identity: contest_id=2324716 teams 2705/2705 matched, players 6927/7435 matched
2026-08-24 03:24:08,482 INFO ncaa_identity: contest_id=2324819 teams 2231/2231 matched, players 6024/6057 matched
2026-08-24 03:24:10,225 INFO ncaa_identity: contest_id=2324868 teams 1513/2878 matched, players 4005/7856 matched
2026-08-24 03:24:12,104 INFO ncaa_identity: contest_id=2324912 teams 2727/2727 matched, players 7232/7504 matched
2026-08-24 03:24:28,857 INFO ncaa_identity: contest_id=2325160 teams 1395/2737 matched, players 3798/7480 matched
2026-08-24 03:24:32,040 INFO ncaa_identity: contest_id=2325217 teams 2826/2826 matched, players 7413/7776 matched
2026-08-24 03:24:33,648 INFO ncaa_identity: contest_id=2325233 teams 2728/2728 matched, players 6992/7473 matched
2026-08-24 03:24:38,884 INFO ncaa_identity: contest_id=2325314 teams 1328/2555 matched, players 3553/7050 matched
2026-08-24 03:24:40,881 INFO ncaa_identity: contest_id=2325348 teams 1388/2687 matched, players 3740/7348 matched
2026-08-24 03:24:57,391 INFO ncaa_identity: contest_id=2325678 teams 3166/3166 matched, players 8668/8718 matched
2026-08-24 03:24:59,562 INFO ncaa_identity: contest_id=2325702 teams 1454/2825 matched, players 3893/7708 matched
2026-08-24 03:25:03,764 INFO ncaa_identity: contest_id=2325740 teams 2408/2408 matched, players 5782/6573 matched
2026-08-24 03:25:07,343 INFO ncaa_identity: contest_id=2325775 teams 2883/2883 matched, players 6890/7930 matched
2026-08-24 03:25:09,671 INFO ncaa_identity: contest_id=2325789 teams 3365/3365 matched, players 8112/9313 matched
2026-08-24 03:25:26,269 INFO ncaa_identity: contest_id=2326020 teams 2788/2788 matched, players 7486/7647 matched
2026-08-24 03:25:39,356 INFO ncaa_identity: contest_id=2326110 teams 2281/2281 matched, players 6226/6248 matched
2026-08-24 03:25:50,212 INFO ncaa_identity: contest_id=2326195 teams 1494/2948 matched, players 4108/8065 matched
2026-08-24 03:25:51,724 INFO ncaa_identity: contest_id=2326215 teams 1352/2706 matched, players 3678/7399 matched
2026-08-24 03:26:02,027 INFO ncaa_identity: contest_id=2326341 teams 2568/2568 matched, players 6464/7078 matched
2026-08-24 03:26:06,557 INFO ncaa_identity: contest_id=2326366 teams 2325/2325 matched, players 6347/6358 matched
2026-08-24 03:26:10,330 INFO ncaa_identity: contest_id=2326390 teams 2562/2562 matched, players 6269/7019 matched
2026-08-24 03:26:12,851 INFO ncaa_identity: contest_id=2326409 teams 2039/4307 matched, players 5763/12036 matched
2026-08-24 03:26:18,267 INFO ncaa_identity: contest_id=2326574 teams 1338/2634 matched, players 3621/7183 matched
2026-08-24 03:26:22,060 INFO ncaa_identity: contest_id=2326601 teams 2313/2313 matched, players 6105/6312 matched
2026-08-24 03:26:23,860 INFO ncaa_identity: contest_id=2326612 teams 2730/2730 matched, players 6908/7504 matched
2026-08-24 03:26:27,352 INFO ncaa_identity: contest_id=2326670 teams 2134/2134 matched, players 5450/5857 matched
2026-08-24 03:26:31,376 INFO ncaa_identity: contest_id=2326720 teams 2691/2691 matched, players 7210/7374 matched
2026-08-24 03:26:33,269 INFO ncaa_identity: contest_id=2326734 teams 2867/2867 matched, players 7111/7904 matched
2026-08-24 03:26:43,001 INFO ncaa_identity: contest_id=2326838 teams 2344/2344 matched, players 6272/6413 matched
2026-08-24 03:26:44,806 WARNING ncaa_parse: family=shots contest_id=2326850 team=Texas Southern SKIPPED (1 parse error(s)): No shot events found [<!DOCTYPE html> <html lang="en"> <head> <meta content="text/html; charset=utf-8" http-equiv="CONTENT-TYPE"/> <meta charset="utf-8"/> <meta...
2026-08-24 03:26:44,888 INFO ncaa_identity: contest_id=2326850 teams 2933/2933 matched, players 7850/8266 matched
2026-08-24 03:26:53,278 INFO ncaa_identity: contest_id=2326995 teams 2569/2569 matched, players 7001/7033 matched
2026-08-24 03:27:02,281 INFO ncaa_identity: contest_id=2327206 teams 2412/2412 matched, players 6530/6531 matched
2026-08-24 03:27:03,956 INFO ncaa_identity: contest_id=2327244 teams 2213/2213 matched, players 5512/6022 matched
2026-08-24 03:27:23,986 INFO ncaa_identity: contest_id=2327479 teams 2358/2358 matched, players 5970/6427 matched
2026-08-24 03:27:36,675 WARNING ncaa_parse: family=shots contest_id=2327779 team=Winthrop SKIPPED (1 parse error(s)): No shot events found [<!DOCTYPE html> <html lang="en"> <head> <meta content="text/html; charset=utf-8" http-equiv="CONTENT-TYPE"/> <meta charset="utf-8"/> <meta...
2026-08-24 03:27:37,067 INFO ncaa_identity: contest_id=2327779 teams 2444/2444 matched, players 6630/6926 matched
2026-08-24 03:27:45,501 INFO ncaa_identity: contest_id=2327933 teams 2449/2449 matched, players 6668/6697 matched
2026-08-24 03:27:51,021 INFO ncaa_identity: contest_id=2327974 teams 3084/3084 matched, players 8442/8474 matched
2026-08-24 03:27:58,574 INFO ncaa_identity: contest_id=2328178 teams 2671/2671 matched, players 6723/7348 matched
2026-08-24 03:28:17,983 INFO ncaa_identity: contest_id=2328494 teams 2933/2933 matched, players 7312/8049 matched
2026-08-24 03:28:29,602 INFO ncaa_identity: contest_id=2328684 teams 3086/3086 matched, players 7593/8494 matched
2026-08-24 03:28:37,155 INFO ncaa_identity: contest_id=2328818 teams 2699/2699 matched, players 6962/7317 matched
2026-08-24 03:28:38,787 INFO ncaa_identity: contest_id=2328834 teams 2121/2121 matched, players 5479/5796 matched
2026-08-24 03:28:48,193 INFO ncaa_identity: contest_id=2329000 teams 2662/2662 matched, players 6668/7283 matched
2026-08-24 03:28:51,510 INFO ncaa_identity: contest_id=2329025 teams 2181/2181 matched, players 5660/5922 matched
2026-08-24 03:28:53,724 INFO ncaa_identity: contest_id=2329066 teams 2928/2928 matched, players 7454/8019 matched
2026-08-24 03:28:59,467 WARNING ncaa_parse: family=shots contest_id=2329155 team=Winthrop SKIPPED (1 parse error(s)): No shot events found [<!DOCTYPE html> <html lang="en"> <head> <meta content="text/html; charset=utf-8" http-equiv="CONTENT-TYPE"/> <meta charset="utf-8"/> <meta...
2026-08-24 03:29:15,025 INFO ncaa_identity: contest_id=2329476 teams 3445/3445 matched, players 9107/9537 matched
2026-08-24 03:29:28,877 INFO ncaa_identity: contest_id=2329634 teams 2274/2274 matched, players 6104/6198 matched
2026-08-24 03:29:30,726 INFO ncaa_identity: contest_id=2329644 teams 1334/2702 matched, players 3420/7274 matched
2026-08-24 03:29:30,878 INFO 5 starters not found for period 5; using estimate
2026-08-24 03:29:34,633 INFO ncaa_identity: contest_id=2329775 teams 1150/2402 matched, players 2905/6565 matched
2026-08-24 03:29:37,171 INFO ncaa_identity: contest_id=2329846 teams 3057/3057 matched, players 8281/8370 matched
2026-08-24 03:29:45,196 INFO ncaa_identity: contest_id=2329951 teams 2582/2582 matched, players 7078/7081 matched
2026-08-24 03:29:58,484 WARNING ncaa_parse: family=shots contest_id=2330119 team=Morgan St. SKIPPED (1 parse error(s)): No shot events found [<!DOCTYPE html> <html lang="en"> <head> <meta content="text/html; charset=utf-8" http-equiv="CONTENT-TYPE"/> <meta charset="utf-8"/> <meta...
2026-08-24 03:30:04,384 INFO ncaa_identity: contest_id=2330338 teams 2699/2699 matched, players 7264/7265 matched
2026-08-24 03:30:17,558 INFO ncaa_identity: contest_id=2330538 teams 2886/2886 matched, players 7729/7966 matched
2026-08-24 03:30:19,443 INFO ncaa_identity: contest_id=2330551 teams 2504/2504 matched, players 6774/6901 matched
2026-08-24 03:30:21,418 INFO ncaa_identity: contest_id=2330565 teams 2696/2696 matched, players 6649/7391 matched
2026-08-24 03:30:30,531 INFO ncaa_identity: contest_id=2330680 teams 2477/2477 matched, players 6423/6762 matched
2026-08-24 03:30:32,587 INFO ncaa_identity: contest_id=2330690 teams 1385/2739 matched, players 3747/7478 matched
2026-08-24 03:30:36,199 INFO ncaa_identity: contest_id=2330724 teams 2984/2984 matched, players 7929/8253 matched
2026-08-24 03:30:40,127 INFO ncaa_identity: contest_id=2330869 teams 2843/2843 matched, players 7581/7816 matched
2026-08-24 03:30:42,315 INFO ncaa_identity: contest_id=2330907 teams 3000/3000 matched, players 7411/8279 matched
2026-08-24 03:30:43,679 INFO ncaa_identity: contest_id=2330941 teams 1158/2370 matched, players 3177/6501 matched
2026-08-24 03:30:56,828 INFO ncaa_identity: contest_id=2331151 teams 2942/2942 matched, players 8079/8133 matched
2026-08-24 03:30:59,110 INFO ncaa_identity: contest_id=2331163 teams 2374/2374 matched, players 6508/6509 matched
2026-08-24 03:31:01,134 INFO ncaa_identity: contest_id=2331182 teams 2601/2601 matched, players 6574/7100 matched
2026-08-24 03:31:08,454 INFO ncaa_identity: contest_id=2331426 teams 2844/2844 matched, players 7332/7832 matched
2026-08-24 03:31:27,115 INFO ncaa_identity: contest_id=2331630 teams 2396/2396 matched, players 6576/6577 matched
2026-08-24 03:31:30,616 INFO ncaa_identity: contest_id=2331721 teams 2331/2331 matched, players 6094/6382 matched
2026-08-24 03:31:34,033 INFO ncaa_identity: contest_id=2331744 teams 2236/2236 matched, players 5995/5996 matched
2026-08-24 03:31:40,851 INFO ncaa_identity: contest_id=2331943 teams 2651/2651 matched, players 7170/7238 matched
2026-08-24 03:31:42,888 INFO ncaa_identity: contest_id=2331966 teams 2673/2673 matched, players 6638/7344 matched
2026-08-24 03:31:46,604 INFO ncaa_identity: contest_id=2332027 teams 2530/2530 matched, players 6537/6942 matched
2026-08-24 03:31:50,392 INFO ncaa_identity: contest_id=2332124 teams 2310/2310 matched, players 5973/6233 matched
2026-08-24 03:31:55,593 INFO ncaa_identity: contest_id=2332184 teams 2408/2408 matched, players 6507/6563 matched
2026-08-24 03:31:59,254 INFO ncaa_identity: contest_id=2332213 teams 3032/3032 matched, players 6751/8315 matched
2026-08-24 03:32:04,639 INFO ncaa_identity: contest_id=2332387 teams 2763/2763 matched, players 7295/7585 matched
2026-08-24 03:32:10,815 INFO ncaa_identity: contest_id=2332519 teams 2581/2581 matched, players 6967/7084 matched
2026-08-24 03:32:30,698 WARNING ncaa_parse: family=shots contest_id=2332768 team=Grambling SKIPPED (1 parse error(s)): No shot events found [<!DOCTYPE html> <html lang="en"> <head> <meta content="text/html; charset=utf-8" http-equiv="CONTENT-TYPE"/> <meta charset="utf-8"/> <meta...
2026-08-24 03:32:30,759 INFO ncaa_identity: contest_id=2332768 teams 2806/2806 matched, players 7225/7887 matched
2026-08-24 03:32:33,230 INFO ncaa_identity: contest_id=2332781 teams 2688/2688 matched, players 7222/7320 matched
2026-08-24 03:32:36,522 INFO ncaa_identity: contest_id=2332832 teams 1964/1964 matched, players 4949/5398 matched
2026-08-24 03:32:42,068 INFO ncaa_identity: contest_id=2333027 teams 2609/2609 matched, players 6518/7137 matched
2026-08-24 03:32:47,565 INFO ncaa_identity: contest_id=2333140 teams 2433/2433 matched, players 6598/6691 matched
2026-08-24 03:32:49,622 INFO ncaa_identity: contest_id=2333185 teams 2743/2743 matched, players 7457/7525 matched
2026-08-24 03:32:52,973 WARNING ncaa_parse: family=shots contest_id=2333210 team=Hampton SKIPPED (1 parse error(s)): No shot events found [<!DOCTYPE html> <html lang="en"> <head> <meta content="text/html; charset=utf-8" http-equiv="CONTENT-TYPE"/> <meta charset="utf-8"/> <meta...
2026-08-24 03:32:57,113 INFO ncaa_identity: contest_id=2333238 teams 2248/2248 matched, players 5888/6137 matched
2026-08-24 03:33:03,039 INFO ncaa_identity: contest_id=2333341 teams 2277/2277 matched, players 6178/6255 matched
2026-08-24 03:33:04,893 INFO ncaa_identity: contest_id=2333437 teams 2745/2745 matched, players 7200/7537 matched
2026-08-24 03:33:06,289 INFO ncaa_identity: contest_id=2333464 teams 2418/2418 matched, players 6103/6645 matched
2026-08-24 03:33:41,620 INFO ncaa_identity: contest_id=2333995 teams 2441/2441 matched, players 6346/6693 matched
2026-08-24 03:33:45,450 INFO ncaa_identity: contest_id=2334056 teams 2488/2488 matched, players 6482/6813 matched
2026-08-24 03:33:47,092 INFO ncaa_identity: contest_id=2334085 teams 2399/2399 matched, players 6400/6560 matched
2026-08-24 03:33:49,426 INFO ncaa_identity: contest_id=2334110 teams 4128/4128 matched, players 10505/11476 matched
2026-08-24 03:33:50,832 INFO ncaa_identity: contest_id=2334158 teams 2140/2140 matched, players 5667/5763 matched
2026-08-24 03:34:04,471 INFO ncaa_identity: contest_id=2334277 teams 1524/3019 matched, players 4272/8351 matched
2026-08-24 03:34:06,342 INFO ncaa_identity: contest_id=2334298 teams 2755/2755 matched, players 6963/7555 matched
2026-08-24 03:34:10,594 INFO ncaa_identity: contest_id=2334362 teams 2669/2669 matched, players 7338/7352 matched
2026-08-24 03:34:19,137 INFO ncaa_identity: contest_id=2334418 teams 2464/2464 matched, players 6130/6711 matched
2026-08-24 03:34:20,701 INFO ncaa_identity: contest_id=2334448 teams 1195/2437 matched, players 3272/6663 matched
2026-08-24 03:34:35,161 INFO ncaa_identity: contest_id=2334566 teams 2984/2984 matched, players 8123/8212 matched
2026-08-24 03:34:54,755 INFO ncaa_identity: contest_id=2334762 teams 1353/2765 matched, players 3827/7585 matched
2026-08-24 03:34:58,179 INFO ncaa_identity: contest_id=2334800 teams 2701/2701 matched, players 7397/7412 matched
2026-08-24 03:35:04,134 INFO ncaa_identity: contest_id=2334831 teams 3509/3509 matched, players 9130/9656 matched
2026-08-24 03:35:05,986 INFO ncaa_identity: contest_id=2334841 teams 2078/2078 matched, players 5030/5627 matched
2026-08-24 03:35:17,592 INFO ncaa_identity: contest_id=2334912 teams 1118/2200 matched, players 3026/6017 matched
2026-08-24 03:35:19,306 INFO ncaa_identity: contest_id=2334922 teams 2923/2923 matched, players 7584/8010 matched
2026-08-24 03:35:23,624 INFO ncaa_identity: contest_id=2334942 teams 2924/2924 matched, players 7657/8039 matched
2026-08-24 03:35:29,073 INFO ncaa_identity: contest_id=2334972 teams 2619/2619 matched, players 6684/7079 matched
2026-08-24 03:35:34,870 INFO ncaa_identity: contest_id=2350901 teams 2397/2397 matched, players 6356/6537 matched
2026-08-24 03:35:36,807 INFO ncaa_identity: contest_id=2350911 teams 3138/3138 matched, players 8511/8636 matched
2026-08-24 03:35:38,678 INFO ncaa_identity: contest_id=2351111 teams 2928/2928 matched, players 7648/8092 matched
2026-08-24 03:35:41,927 WARNING ncaa_parse: family=shots contest_id=2412269 team=Morgan St. SKIPPED (1 parse error(s)): No shot events found [<!DOCTYPE html> <html lang="en"> <head> <meta content="text/html; charset=utf-8" http-equiv="CONTENT-TYPE"/> <meta charset="utf-8"/> <meta...
2026-08-24 03:35:50,606 INFO ncaa_identity: contest_id=2418307 teams 2660/2660 matched, players 6997/7320 matched
2026-08-24 03:35:52,458 INFO ncaa_identity: contest_id=2418452 teams 2763/2763 matched, players 7394/7577 matched
2026-08-24 03:35:53,779 INFO ncaa_identity: contest_id=2418482 teams 2261/2261 matched, players 5881/6200 matched
2026-08-24 03:35:56,001 INFO ncaa_identity: contest_id=2418500 teams 2658/2658 matched, players 6793/7308 matched
2026-08-24 03:35:57,587 INFO ncaa_identity: contest_id=2418581 teams 2574/2574 matched, players 6454/7094 matched
2026-08-24 03:36:02,711 INFO ncaa_identity: contest_id=2418770 teams 2216/2216 matched, players 5649/6037 matched
2026-08-24 03:36:13,434 INFO ncaa_identity: contest_id=2421044 teams 1252/2499 matched, players 3455/6826 matched
2026-08-24 03:36:16,564 INFO ncaa_identity: contest_id=2421212 teams 1270/2695 matched, players 3635/7415 matched
2026-08-24 03:36:25,887 INFO ncaa_identity: contest_id=2421672 teams 2535/2535 matched, players 6750/6908 matched
2026-08-24 03:36:33,597 INFO ncaa_identity: contest_id=2422218 teams 3031/3031 matched, players 7829/8356 matched
2026-08-24 03:36:35,035 INFO ncaa_identity: contest_id=2422235 teams 2094/2094 matched, players 5377/5683 matched
2026-08-24 03:36:38,396 INFO ncaa_identity: contest_id=2424350 teams 2772/2772 matched, players 7147/7639 matched
2026-08-24 03:36:40,075 INFO ncaa_identity: contest_id=2424361 teams 2506/2506 matched, players 6822/6844 matched
2026-08-24 03:36:44,859 INFO ncaa_identity: contest_id=2424391 teams 2542/2542 matched, players 6801/6956 matched
2026-08-24 03:36:44,990 INFO 5 starters not found for period 4; using estimate
2026-08-24 03:36:49,734 INFO ncaa_identity: contest_id=2424542 teams 2397/2397 matched, players 6175/6587 matched
2026-08-24 03:37:07,371 INFO ncaa_identity: contest_id=3953923 teams 2362/2362 matched, players 6084/6482 matched
2026-08-24 03:37:10,981 INFO ncaa_identity: contest_id=3953945 teams 2466/2466 matched, players 6302/6746 matched
2026-08-24 03:37:12,445 INFO ncaa_identity: contest_id=3954031 teams 2619/2619 matched, players 6177/7182 matched
2026-08-24 03:37:14,224 INFO ncaa_identity: contest_id=3954043 teams 2773/2773 matched, players 6888/7556 matched
2026-08-24 03:37:26,151 INFO ncaa_identity: contest_id=3954289 teams 2769/2769 matched, players 7046/7640 matched
2026-08-24 03:37:28,292 INFO ncaa_identity: contest_id=3954299 teams 2685/2685 matched, players 6872/7381 matched
2026-08-24 03:37:37,504 INFO ncaa_identity: contest_id=3954525 teams 2734/2734 matched, players 6517/7537 matched
2026-08-24 03:37:39,114 INFO ncaa_identity: contest_id=3954537 teams 2541/2541 matched, players 6395/6960 matched
2026-08-24 03:37:50,938 INFO ncaa_identity: contest_id=3970199 teams 1708/3334 matched, players 4225/9193 matched
2026-08-24 03:38:01,321 INFO ncaa_identity: contest_id=3970250 teams 2464/2464 matched, players 6693/6752 matched
2026-08-24 03:38:03,670 INFO ncaa_identity: contest_id=3970260 teams 1550/3038 matched, players 4200/8392 matched
2026-08-24 03:38:12,267 INFO ncaa_identity: contest_id=3970304 teams 1541/2934 matched, players 4056/8003 matched
2026-08-24 03:38:14,361 INFO ncaa_identity: contest_id=3970314 teams 2979/2979 matched, players 7882/8141 matched
2026-08-24 03:38:16,448 INFO ncaa_identity: contest_id=3970324 teams 2946/2946 matched, players 8039/8093 matched
2026-08-24 03:38:18,324 INFO ncaa_identity: contest_id=3970334 teams 1562/3035 matched, players 3985/8311 matched
2026-08-24 03:38:34,761 INFO ncaa_identity: contest_id=3970533 teams 2827/2827 matched, players 7404/7740 matched
2026-08-24 03:38:38,430 INFO ncaa_identity: contest_id=3970558 teams 2374/2374 matched, players 6270/6546 matched
2026-08-24 03:38:40,645 INFO ncaa_identity: contest_id=3970650 teams 1705/3531 matched, players 4802/9785 matched
2026-08-24 03:38:48,028 INFO ncaa_identity: contest_id=3970882 teams 1209/2421 matched, players 3324/6648 matched
2026-08-24 03:38:49,812 INFO ncaa_identity: contest_id=3970941 teams 2860/2860 matched, players 7518/7844 matched
2026-08-24 03:38:51,614 INFO ncaa_identity: contest_id=3970974 teams 1362/2679 matched, players 3534/7370 matched
2026-08-24 03:38:57,159 INFO ncaa_identity: contest_id=3971164 teams 2910/2910 matched, players 8056/8060 matched
2026-08-24 03:39:01,417 INFO ncaa_identity: contest_id=3971198 teams 2467/2467 matched, players 6203/6771 matched
2026-08-24 03:39:07,206 INFO ncaa_identity: contest_id=3971265 teams 1558/3035 matched, players 4276/8294 matched
2026-08-24 03:39:08,929 INFO ncaa_identity: contest_id=3971284 teams 1319/2602 matched, players 3543/7182 matched
2026-08-24 03:39:11,666 INFO ncaa_identity: contest_id=3971296 teams 1551/3103 matched, players 4240/8522 matched
2026-08-24 03:39:13,501 INFO ncaa_identity: contest_id=3971309 teams 1292/2590 matched, players 3600/7140 matched
2026-08-24 03:39:18,039 INFO ncaa_identity: contest_id=3971378 teams 2286/2286 matched, players 5806/6271 matched
2026-08-24 03:39:19,519 INFO ncaa_identity: contest_id=3971399 teams 2485/2485 matched, players 6179/6829 matched
2026-08-24 03:39:29,366 INFO ncaa_identity: contest_id=3971580 teams 1662/3283 matched, players 4497/9016 matched
2026-08-24 03:39:37,474 INFO ncaa_identity: contest_id=3971681 teams 3048/3048 matched, players 8087/8376 matched
2026-08-24 03:39:39,889 INFO ncaa_identity: contest_id=3971695 teams 3068/3068 matched, players 8238/8471 matched
2026-08-24 03:39:41,631 INFO ncaa_identity: contest_id=3971723 teams 2637/2637 matched, players 7226/7233 matched
2026-08-24 03:39:43,906 INFO ncaa_identity: contest_id=3971795 teams 3001/3001 matched, players 7970/8237 matched
2026-08-24 03:39:47,399 INFO ncaa_identity: contest_id=3971888 teams 1470/2861 matched, players 3963/7836 matched
2026-08-24 03:39:52,722 INFO ncaa_identity: contest_id=3972053 teams 2923/2923 matched, players 7444/7835 matched
2026-08-24 03:39:55,085 INFO ncaa_identity: contest_id=3972132 teams 2860/2860 matched, players 7259/7822 matched
2026-08-24 03:39:58,972 INFO ncaa_identity: contest_id=3972204 teams 3204/3204 matched, players 8125/8824 matched
2026-08-24 03:40:13,973 INFO ncaa_identity: contest_id=3972341 teams 1303/2548 matched, players 3551/7001 matched
2026-08-24 03:40:19,803 INFO ncaa_identity: contest_id=3972547 teams 1524/2992 matched, players 4082/8205 matched
2026-08-24 03:40:23,844 INFO ncaa_identity: contest_id=3972609 teams 2603/2603 matched, players 6929/7118 matched
2026-08-24 03:40:40,450 INFO ncaa_identity: contest_id=3972723 teams 3314/3314 matched, players 8657/9163 matched
2026-08-24 03:40:42,453 INFO ncaa_identity: contest_id=3972744 teams 2326/2326 matched, players 5940/6363 matched
2026-08-24 03:40:48,140 INFO ncaa_identity: contest_id=3972801 teams 2893/2893 matched, players 7215/7953 matched
2026-08-24 03:40:57,745 INFO ncaa_identity: contest_id=3972932 teams 2762/2762 matched, players 7183/7647 matched
2026-08-24 03:41:01,270 INFO ncaa_identity: contest_id=3972990 teams 3342/3342 matched, players 8931/9189 matched
2026-08-24 03:41:03,228 INFO ncaa_identity: contest_id=3973020 teams 2397/2397 matched, players 6522/6523 matched
2026-08-24 03:41:04,734 INFO ncaa_identity: contest_id=3973033 teams 1251/2477 matched, players 3371/6812 matched
2026-08-24 03:41:08,247 INFO ncaa_identity: contest_id=3973102 teams 3013/3013 matched, players 7965/8329 matched
2026-08-24 03:41:12,118 INFO ncaa_identity: contest_id=3973173 teams 2627/2627 matched, players 6685/7174 matched
2026-08-24 03:41:17,361 INFO ncaa_identity: contest_id=3973281 teams 1222/2490 matched, players 3439/6842 matched
2026-08-24 03:41:19,553 INFO ncaa_identity: contest_id=3973319 teams 2614/2614 matched, players 7072/7180 matched
2026-08-24 03:41:23,701 INFO ncaa_identity: contest_id=3973407 teams 1331/2625 matched, players 3575/7225 matched
2026-08-24 03:41:29,416 INFO ncaa_identity: contest_id=3973473 teams 2545/2545 matched, players 6966/6982 matched
2026-08-24 03:41:31,638 INFO ncaa_identity: contest_id=3973499 teams 1443/2774 matched, players 3814/7555 matched
2026-08-24 03:41:41,763 INFO ncaa_identity: contest_id=3973679 teams 2835/2835 matched, players 7538/7784 matched
2026-08-24 03:41:47,030 INFO ncaa_identity: contest_id=3973741 teams 2419/2419 matched, players 5898/6615 matched
2026-08-24 03:41:48,948 INFO ncaa_identity: contest_id=3973805 teams 2659/2659 matched, players 6901/7305 matched
2026-08-24 03:41:56,059 INFO ncaa_identity: contest_id=3974081 teams 1395/2727 matched, players 3735/7477 matched
2026-08-24 03:42:03,726 INFO ncaa_identity: contest_id=3974131 teams 2647/2647 matched, players 7146/7245 matched
2026-08-24 03:42:05,615 INFO ncaa_identity: contest_id=3974147 teams 2689/2689 matched, players 7114/7402 matched
2026-08-24 03:42:09,346 INFO ncaa_identity: contest_id=3974209 teams 1210/2329 matched, players 3229/6368 matched
2026-08-24 03:42:15,288 INFO ncaa_identity: contest_id=3974296 teams 2679/2679 matched, players 7141/7311 matched
2026-08-24 03:42:18,613 INFO ncaa_identity: contest_id=3974363 teams 1256/2383 matched, players 3299/6549 matched
2026-08-24 03:42:20,921 INFO ncaa_identity: contest_id=3974394 teams 2878/2878 matched, players 7867/7874 matched
2026-08-24 03:42:34,116 WARNING ncaa_parse: family=shots contest_id=3974634 team=Morgan St. SKIPPED (1 parse error(s)): No shot events found [<!DOCTYPE html> <html lang="en"> <head> <meta content="text/html; charset=utf-8" http-equiv="CONTENT-TYPE"/> <meta charset="utf-8"/> <meta...
2026-08-24 03:42:34,588 INFO ncaa_identity: contest_id=3974634 teams 2402/2402 matched, players 6516/6751 matched
2026-08-24 03:42:36,652 INFO ncaa_identity: contest_id=3974707 teams 2680/2680 matched, players 6950/7361 matched
2026-08-24 03:42:48,026 INFO ncaa_identity: contest_id=3974965 teams 2624/2624 matched, players 7009/7191 matched
2026-08-24 03:42:56,393 INFO ncaa_identity: contest_id=3975017 teams 2929/2929 matched, players 7618/8032 matched
2026-08-24 03:42:58,129 INFO ncaa_identity: contest_id=3975043 teams 2864/2864 matched, players 7897/7898 matched
2026-08-24 03:43:01,918 INFO ncaa_identity: contest_id=3975109 teams 1267/2548 matched, players 3498/7023 matched
2026-08-24 03:43:05,877 INFO ncaa_identity: contest_id=3975175 teams 1510/3164 matched, players 4353/8727 matched
2026-08-24 03:43:12,048 INFO ncaa_identity: contest_id=3975275 teams 1323/2642 matched, players 3606/7219 matched
2026-08-24 03:43:13,797 INFO ncaa_identity: contest_id=3975297 teams 2474/2474 matched, players 6176/6768 matched
2026-08-24 03:43:27,242 INFO ncaa_identity: contest_id=3975513 teams 2720/2720 matched, players 6537/7521 matched
2026-08-24 03:43:29,274 INFO ncaa_identity: contest_id=3975527 teams 2753/2753 matched, players 7338/7546 matched
2026-08-24 03:43:32,642 INFO ncaa_identity: contest_id=3975578 teams 2404/2404 matched, players 6426/6588 matched
2026-08-24 03:43:36,392 INFO ncaa_identity: contest_id=3975660 teams 2726/2726 matched, players 7461/7499 matched
2026-08-24 03:43:45,479 INFO ncaa_identity: contest_id=3975821 teams 2612/2612 matched, players 6644/7113 matched
2026-08-24 03:44:46,792 INFO ncaa_identity: contest_id=3976008 teams 2581/2581 matched, players 7068/7134 matched
2026-08-24 03:45:05,346 INFO ncaa_identity: contest_id=3976045 teams 2940/2940 matched, players 7555/8038 matched
2026-08-24 03:45:35,310 INFO ncaa_identity: contest_id=3976194 teams 2901/2901 matched, players 7339/7974 matched
2026-08-24 03:45:46,061 INFO ncaa_identity: contest_id=3976224 teams 2387/2387 matched, players 5949/6508 matched
2026-08-24 03:45:56,800 INFO ncaa_identity: contest_id=3976304 teams 1470/2852 matched, players 3874/7750 matched
2026-08-24 03:46:03,477 INFO ncaa_identity: contest_id=3976329 teams 2873/2873 matched, players 7152/7891 matched
2026-08-24 03:46:23,810 INFO ncaa_identity: contest_id=3976457 teams 2297/2297 matched, players 5830/6295 matched
2026-08-24 03:46:57,527 INFO ncaa_identity: contest_id=3976584 teams 1828/3500 matched, players 5044/9669 matched
2026-08-24 03:47:11,941 INFO ncaa_identity: contest_id=3976765 teams 1245/2478 matched, players 3433/6753 matched
2026-08-24 03:47:34,112 INFO ncaa_identity: contest_id=3976864 teams 3034/3034 matched, players 8151/8350 matched
2026-08-24 03:47:38,460 INFO ncaa_identity: contest_id=3976941 teams 2545/2545 matched, players 6891/6934 matched
2026-08-24 03:47:43,884 INFO ncaa_identity: contest_id=3976954 teams 2329/2329 matched, players 5992/6409 matched
2026-08-24 03:47:55,934 INFO ncaa_identity: contest_id=3976976 teams 1487/3088 matched, players 4186/8567 matched
2026-08-24 03:48:08,823 INFO ncaa_identity: contest_id=3977062 teams 2202/2202 matched, players 5435/6007 matched
2026-08-24 03:49:00,540 INFO ncaa_identity: contest_id=3977393 teams 2681/2681 matched, players 7283/7351 matched
2026-08-24 03:49:33,174 WARNING ncaa_parse: family=shots contest_id=3977548 team=Morgan St. SKIPPED (1 parse error(s)): No shot events found [<!DOCTYPE html> <html lang="en"> <head> <meta content="text/html; charset=utf-8" http-equiv="CONTENT-TYPE"/> <meta charset="utf-8"/> <meta...
2026-08-24 03:49:33,703 INFO ncaa_identity: contest_id=3977548 teams 2807/2807 matched, players 7395/7910 matched
2026-08-24 03:49:44,658 INFO ncaa_identity: contest_id=3977639 teams 2448/2448 matched, players 6277/6713 matched
2026-08-24 03:49:56,603 INFO 5 starters not found for period 5; using estimate
2026-08-24 03:50:01,234 INFO ncaa_identity: contest_id=3977808 teams 2729/2729 matched, players 7317/7430 matched
2026-08-24 03:50:06,085 INFO ncaa_identity: contest_id=3977837 teams 2193/2193 matched, players 5940/5964 matched
2026-08-24 03:50:21,740 INFO ncaa_identity: contest_id=3977935 teams 2331/2331 matched, players 6036/6381 matched
2026-08-24 03:51:07,548 INFO ncaa_identity: contest_id=3978181 teams 2403/2403 matched, players 5939/6570 matched
2026-08-24 03:51:13,274 INFO ncaa_identity: contest_id=3978333 teams 2959/2959 matched, players 7706/8058 matched
2026-08-24 03:51:20,010 INFO ncaa_identity: contest_id=3978491 teams 2223/2223 matched, players 5956/6061 matched
2026-08-24 03:51:21,708 INFO ncaa_identity: contest_id=3978501 teams 2306/2306 matched, players 6032/6306 matched
2026-08-24 03:51:25,250 INFO ncaa_identity: contest_id=3978537 teams 1514/3109 matched, players 4271/8593 matched
2026-08-24 03:51:30,616 WARNING ncaa_parse: family=shots contest_id=3978578 team=Texas Southern SKIPPED (1 parse error(s)): No shot events found [<!DOCTYPE html> <html lang="en"> <head> <meta content="text/html; charset=utf-8" http-equiv="CONTENT-TYPE"/> <meta charset="utf-8"/> <meta...
2026-08-24 03:51:30,687 INFO ncaa_identity: contest_id=3978578 teams 3159/3159 matched, players 8904/8936 matched
2026-08-24 03:51:37,741 INFO ncaa_identity: contest_id=3978830 teams 2200/2200 matched, players 5839/6010 matched
2026-08-24 03:51:45,251 INFO ncaa_identity: contest_id=3978950 teams 2387/2387 matched, players 6246/6508 matched
2026-08-24 03:51:45,439 INFO 5 starters not found for period 5; using estimate
2026-08-24 03:51:58,590 INFO ncaa_identity: contest_id=3979101 teams 2670/2670 matched, players 7124/7227 matched
2026-08-24 03:52:03,630 INFO ncaa_identity: contest_id=3979280 teams 2353/2353 matched, players 5982/6444 matched
2026-08-24 03:52:05,606 INFO ncaa_identity: contest_id=3979303 teams 2698/2698 matched, players 6799/7375 matched
2026-08-24 03:52:07,024 INFO ncaa_identity: contest_id=3979339 teams 2510/2510 matched, players 6690/6932 matched
2026-08-24 03:52:23,074 INFO ncaa_identity: contest_id=3979566 teams 3364/3364 matched, players 8500/9277 matched
2026-08-24 03:52:26,929 INFO ncaa_identity: contest_id=3979664 teams 2543/2543 matched, players 6299/6897 matched
2026-08-24 03:52:30,764 INFO ncaa_identity: contest_id=3979779 teams 2415/2415 matched, players 5940/6604 matched
2026-08-24 03:52:34,303 INFO ncaa_identity: contest_id=3979871 teams 1384/2724 matched, players 3762/7485 matched
2026-08-24 03:52:59,990 INFO ncaa_identity: contest_id=3980311 teams 3401/3401 matched, players 8487/9440 matched
2026-08-24 03:53:09,995 INFO ncaa_identity: contest_id=3980514 teams 2817/2817 matched, players 7761/7762 matched
2026-08-24 03:53:12,125 INFO ncaa_identity: contest_id=3980529 teams 1610/3199 matched, players 3821/8798 matched
2026-08-24 03:53:13,426 INFO ncaa_identity: contest_id=3980547 teams 2222/2222 matched, players 6091/6092 matched
2026-08-24 03:53:18,935 INFO ncaa_identity: contest_id=3980671 teams 2640/2640 matched, players 6898/7267 matched
2026-08-24 03:53:25,229 INFO ncaa_identity: contest_id=3980798 teams 2810/2810 matched, players 7662/7720 matched
2026-08-24 03:53:28,185 INFO ncaa_identity: contest_id=3980886 teams 2595/2595 matched, players 6547/7155 matched
2026-08-24 03:53:31,409 INFO ncaa_identity: contest_id=3980970 teams 2863/2863 matched, players 7158/7864 matched
2026-08-24 03:53:33,374 INFO ncaa_identity: contest_id=3980983 teams 3087/3087 matched, players 7864/8421 matched
2026-08-24 03:53:39,746 INFO ncaa_identity: contest_id=3981028 teams 2597/2597 matched, players 6933/7045 matched
2026-08-24 03:53:46,476 INFO ncaa_identity: contest_id=3981131 teams 2355/2355 matched, players 6370/6436 matched
2026-08-24 03:53:49,753 INFO ncaa_identity: contest_id=3981256 teams 2584/2584 matched, players 6534/7081 matched
2026-08-24 03:53:54,981 INFO ncaa_identity: contest_id=3981398 teams 2642/2642 matched, players 6758/7253 matched
2026-08-24 03:53:56,290 INFO ncaa_identity: contest_id=3981415 teams 1383/2589 matched, players 3525/7055 matched
2026-08-24 03:54:03,749 INFO ncaa_identity: contest_id=3981549 teams 2476/2476 matched, players 6597/6736 matched
2026-08-24 03:54:08,613 WARNING ncaa_parse: family=shots contest_id=3981602 team=South Carolina St. SKIPPED (1 parse error(s)): No shot events found [<!DOCTYPE html> <html lang="en"> <head> <meta content="text/html; charset=utf-8" http-equiv="CONTENT-TYPE"/> <meta charset="utf-8"/> <meta...
2026-08-24 03:54:08,660 INFO ncaa_identity: contest_id=3981602 teams 2443/2443 matched, players 6774/6906 matched
2026-08-24 03:54:10,622 INFO ncaa_identity: contest_id=3981675 teams 2487/2487 matched, players 6598/6791 matched
2026-08-24 03:54:14,054 INFO ncaa_identity: contest_id=3981796 teams 2715/2715 matched, players 6184/7451 matched
2026-08-24 03:54:20,931 INFO ncaa_identity: contest_id=3981968 teams 2590/2590 matched, players 6985/7101 matched
2026-08-24 03:54:38,501 INFO ncaa_identity: contest_id=3982151 teams 2524/2524 matched, players 6778/6929 matched
2026-08-24 03:54:43,658 INFO ncaa_identity: contest_id=3982346 teams 2486/2486 matched, players 6304/6819 matched
2026-08-24 03:55:13,540 INFO ncaa_identity: contest_id=3982962 teams 2343/2343 matched, players 6405/6430 matched
2026-08-24 03:55:20,101 INFO ncaa_identity: contest_id=3983058 teams 2489/2489 matched, players 6747/6783 matched
2026-08-24 03:55:31,628 INFO ncaa_identity: contest_id=3983243 teams 2853/2853 matched, players 7671/7855 matched
2026-08-24 03:55:49,130 INFO ncaa_identity: contest_id=3983509 teams 2611/2611 matched, players 6835/7113 matched
2026-08-24 03:56:02,492 INFO ncaa_identity: contest_id=3983650 teams 2523/2523 matched, players 6370/6897 matched
2026-08-24 03:56:04,730 INFO ncaa_identity: contest_id=3983663 teams 3770/3770 matched, players 9695/10405 matched
2026-08-24 03:56:17,172 INFO ncaa_identity: contest_id=3983798 teams 1306/2532 matched, players 3483/6894 matched
2026-08-24 03:56:20,169 INFO ncaa_identity: contest_id=3983818 teams 2221/2221 matched, players 5895/6085 matched
2026-08-24 03:56:21,669 INFO ncaa_identity: contest_id=3983829 teams 2619/2619 matched, players 6504/7126 matched
2026-08-24 03:56:34,580 INFO ncaa_identity: contest_id=3984018 teams 2794/2794 matched, players 7573/7652 matched
2026-08-24 03:56:43,053 INFO ncaa_identity: contest_id=3984102 teams 2658/2658 matched, players 6274/7320 matched
2026-08-24 03:57:05,114 INFO ncaa_identity: contest_id=3984329 teams 2283/2283 matched, players 5899/6246 matched
2026-08-24 03:57:17,395 INFO ncaa_identity: contest_id=3984445 teams 1163/2286 matched, players 2961/6254 matched
2026-08-24 03:57:18,917 INFO ncaa_identity: contest_id=3984457 teams 2464/2464 matched, players 6572/6739 matched
2026-08-24 03:57:20,619 INFO ncaa_identity: contest_id=3984491 teams 2419/2419 matched, players 6330/6637 matched
2026-08-24 03:57:27,930 INFO ncaa_identity: contest_id=3984552 teams 2976/2976 matched, players 7734/8162 matched
2026-08-24 03:57:32,939 INFO ncaa_identity: contest_id=3984595 teams 2568/2568 matched, players 7025/7050 matched
2026-08-24 03:57:55,069 INFO ncaa_identity: contest_id=3995860 teams 3101/3101 matched, players 8072/8537 matched
2026-08-24 03:58:18,644 INFO ncaa_identity: contest_id=3996567 teams 2591/2591 matched, players 6552/7076 matched
2026-08-24 03:58:22,033 INFO ncaa_identity: contest_id=3996608 teams 2149/2149 matched, players 5551/5874 matched
2026-08-24 03:58:24,913 INFO ncaa_identity: contest_id=3996654 teams 2371/2371 matched, players 5833/6528 matched
2026-08-24 03:58:32,192 INFO ncaa_identity: contest_id=4471946 teams 1678/3217 matched, players 3772/8853 matched
2026-08-24 03:58:37,668 INFO ncaa_identity: contest_id=5246773 teams 2615/2615 matched, players 7135/7170 matched
2026-08-24 03:58:39,320 INFO ncaa_identity: contest_id=5246869 teams 2397/2397 matched, players 5899/6524 matched
2026-08-24 03:58:49,101 INFO ncaa_identity: contest_id=5249398 teams 2994/2994 matched, players 8230/8231 matched
2026-08-24 03:59:05,854 INFO ncaa_identity: contest_id=5250281 teams 2174/2174 matched, players 5565/5899 matched
2026-08-24 03:59:23,538 INFO ncaa_identity: contest_id=5250889 teams 2344/2344 matched, players 6253/6385 matched
2026-08-24 04:00:01,916 INFO ncaa_identity: contest_id=5722067 teams 2550/2550 matched, players 6367/6999 matched
2026-08-24 04:00:03,948 INFO ncaa_identity: contest_id=5722077 teams 2526/2526 matched, players 6311/6895 matched
2026-08-24 04:00:12,835 INFO ncaa_identity: contest_id=5722499 teams 1327/2542 matched, players 3486/6905 matched
2026-08-24 04:00:16,552 INFO ncaa_identity: contest_id=5722578 teams 3057/3057 matched, players 7900/8449 matched
2026-08-24 04:00:18,144 INFO ncaa_identity: contest_id=5722606 teams 2856/2856 matched, players 7900/7901 matched
2026-08-24 04:00:20,158 INFO ncaa_identity: contest_id=5722726 teams 3034/3034 matched, players 7660/8295 matched
2026-08-24 04:00:22,323 INFO ncaa_identity: contest_id=5722766 teams 1329/2600 matched, players 3652/7092 matched
2026-08-24 04:00:24,386 INFO ncaa_identity: contest_id=5722790 teams 3206/3206 matched, players 8627/8834 matched
2026-08-24 04:00:28,568 INFO ncaa_identity: contest_id=5722844 teams 1611/3189 matched, players 4398/8761 matched
2026-08-24 04:00:34,150 INFO ncaa_identity: contest_id=5722910 teams 2666/2666 matched, players 6993/7276 matched
2026-08-24 04:01:20,311 INFO ncaa_identity: contest_id=5723349 teams 2603/2603 matched, players 7076/7147 matched
2026-08-24 04:01:24,981 INFO ncaa_identity: contest_id=5723379 teams 1337/2640 matched, players 3596/7185 matched
2026-08-24 04:01:31,578 INFO ncaa_identity: contest_id=5723434 teams 1214/2379 matched, players 3242/6450 matched
2026-08-24 04:02:06,253 INFO ncaa_identity: contest_id=5723726 teams 2791/2791 matched, players 7123/7722 matched
2026-08-24 04:02:56,654 INFO ncaa_identity: contest_id=5725976 teams 2425/2425 matched, players 6551/6653 matched
2026-08-24 04:02:58,584 INFO ncaa_identity: contest_id=5725986 teams 2265/2265 matched, players 5783/6209 matched
2026-08-24 04:03:07,772 INFO ncaa_identity: contest_id=5728267 teams 2939/2939 matched, players 7489/8027 matched
2026-08-24 04:03:09,952 INFO ncaa_identity: contest_id=5728287 teams 2766/2766 matched, players 7257/7581 matched
2026-08-24 04:03:12,372 INFO ncaa_identity: contest_id=5728383 teams 2880/2880 matched, players 6921/7937 matched
2026-08-24 04:03:14,445 INFO ncaa_identity: contest_id=5728414 teams 2740/2740 matched, players 7290/7542 matched
2026-08-24 04:03:41,195 INFO ncaa_identity: contest_id=5728754 teams 2308/2308 matched, players 5982/6343 matched
2026-08-24 04:03:42,848 INFO ncaa_identity: contest_id=5728764 teams 2483/2483 matched, players 6591/6785 matched
2026-08-24 04:03:55,632 INFO ncaa_identity: contest_id=5728933 teams 2513/2513 matched, players 6841/6860 matched
2026-08-24 04:04:01,656 INFO ncaa_identity: contest_id=5728965 teams 2413/2413 matched, players 6557/6564 matched
2026-08-24 04:04:03,555 INFO ncaa_identity: contest_id=5728977 teams 1331/2680 matched, players 3688/7357 matched
2026-08-24 04:04:06,942 INFO ncaa_identity: contest_id=5728999 teams 2575/2575 matched, players 7048/7056 matched
2026-08-24 04:04:10,563 INFO ncaa_identity: contest_id=5729037 teams 1432/2630 matched, players 3736/7263 matched
2026-08-24 04:04:20,429 INFO ncaa_identity: contest_id=5729118 teams 1435/2844 matched, players 3891/7818 matched
2026-08-24 04:04:29,327 INFO ncaa_identity: contest_id=5729181 teams 2152/2152 matched, players 5808/5884 matched
2026-08-24 04:04:36,543 INFO ncaa_identity: contest_id=5729323 teams 1637/3060 matched, players 4322/8441 matched
2026-08-24 04:04:38,529 INFO ncaa_identity: contest_id=5729334 teams 3264/3264 matched, players 8677/9035 matched
2026-08-24 04:04:42,591 INFO ncaa_identity: contest_id=5729499 teams 1303/2625 matched, players 3665/7189 matched
2026-08-24 04:04:42,695 INFO 5 starters not found for period 1; using estimate
2026-08-24 04:04:43,949 INFO ncaa_identity: contest_id=5729510 teams 1215/2317 matched, players 3320/6359 matched
2026-08-24 04:04:46,005 INFO ncaa_identity: contest_id=5729633 teams 1546/3214 matched, players 4394/8798 matched
2026-08-24 04:04:52,952 INFO ncaa_identity: contest_id=5729704 teams 1259/2495 matched, players 3489/6860 matched
2026-08-24 04:04:56,419 INFO ncaa_identity: contest_id=5729759 teams 1275/2473 matched, players 3433/6793 matched
2026-08-24 04:05:03,417 INFO ncaa_identity: contest_id=5729827 teams 2250/2250 matched, players 6117/6155 matched
2026-08-24 04:05:05,227 INFO ncaa_identity: contest_id=5729837 teams 2457/2457 matched, players 6610/6677 matched
2026-08-24 04:05:22,235 INFO ncaa_identity: contest_id=5730198 teams 1632/3036 matched, players 4209/8312 matched
2026-08-24 04:05:24,032 INFO ncaa_identity: contest_id=5730215 teams 1402/2636 matched, players 3611/7197 matched
2026-08-24 04:05:29,222 INFO ncaa_identity: contest_id=5730263 teams 2986/2986 matched, players 7571/8218 matched
2026-08-24 04:06:08,827 INFO ncaa_identity: contest_id=5730846 teams 1481/3036 matched, players 4125/8340 matched
2026-08-24 04:06:10,171 INFO ncaa_identity: contest_id=5730994 teams 2753/2753 matched, players 7565/7592 matched
2026-08-24 04:06:17,266 INFO ncaa_identity: contest_id=5731073 teams 2958/2958 matched, players 8109/8143 matched
2026-08-24 04:06:24,157 INFO ncaa_identity: contest_id=5731174 teams 1219/2449 matched, players 3407/6644 matched
2026-08-24 04:06:30,914 INFO ncaa_identity: contest_id=5731285 teams 2539/2539 matched, players 6740/6957 matched
2026-08-24 04:06:32,402 INFO ncaa_identity: contest_id=5731295 teams 2332/2332 matched, players 6058/6385 matched
2026-08-24 04:06:34,463 INFO ncaa_identity: contest_id=5731333 teams 2592/2592 matched, players 7103/7108 matched
2026-08-24 04:06:36,492 INFO ncaa_identity: contest_id=5731472 teams 1340/2618 matched, players 3678/7181 matched
2026-08-24 04:06:38,258 INFO ncaa_identity: contest_id=5731499 teams 2611/2611 matched, players 6957/7173 matched
2026-08-24 04:06:40,115 INFO ncaa_identity: contest_id=5731509 teams 1337/2600 matched, players 3657/7123 matched
2026-08-24 04:06:42,121 INFO ncaa_identity: contest_id=5731520 teams 1816/3453 matched, players 4874/9602 matched
2026-08-24 04:07:06,471 INFO ncaa_identity: contest_id=5731749 teams 1416/2736 matched, players 3894/7560 matched
2026-08-24 04:07:11,141 INFO ncaa_identity: contest_id=5731803 teams 2486/2486 matched, players 6684/6806 matched
2026-08-24 04:07:30,526 INFO ncaa_identity: contest_id=5732012 teams 2861/2861 matched, players 7224/7900 matched
2026-08-24 04:07:33,954 INFO ncaa_identity: contest_id=5732076 teams 1170/2397 matched, players 3216/6576 matched
2026-08-24 04:07:39,094 INFO ncaa_identity: contest_id=5732110 teams 2696/2696 matched, players 7143/7405 matched
2026-08-24 04:07:40,525 INFO ncaa_identity: contest_id=5732120 teams 2566/2566 matched, players 6914/6915 matched
2026-08-24 04:07:51,684 INFO ncaa_identity: contest_id=5732306 teams 2779/2779 matched, players 7618/7678 matched
2026-08-24 04:07:55,418 INFO ncaa_identity: contest_id=5732332 teams 2953/2953 matched, players 8026/8146 matched
2026-08-24 04:08:02,291 INFO ncaa_identity: contest_id=5732821 teams 1228/2380 matched, players 3232/6495 matched
2026-08-24 04:08:05,643 INFO ncaa_identity: contest_id=5732888 teams 2397/2397 matched, players 6036/6523 matched
2026-08-24 04:08:07,496 INFO ncaa_identity: contest_id=5732918 teams 2222/2222 matched, players 5683/6041 matched
2026-08-24 04:08:09,582 INFO ncaa_identity: contest_id=5733148 teams 3244/3244 matched, players 8810/8966 matched
2026-08-24 04:08:14,700 INFO ncaa_identity: contest_id=5733288 teams 2197/2197 matched, players 5513/6028 matched
2026-08-24 04:08:16,178 INFO ncaa_identity: contest_id=5733312 teams 2738/2738 matched, players 7564/7565 matched
2026-08-24 04:08:18,225 INFO ncaa_identity: contest_id=5733325 teams 2779/2779 matched, players 7451/7623 matched
2026-08-24 04:08:34,536 INFO ncaa_identity: contest_id=5733435 teams 1440/2698 matched, players 3837/7365 matched
2026-08-24 04:08:37,009 INFO ncaa_identity: contest_id=5733447 teams 2937/2937 matched, players 7614/8017 matched
2026-08-24 04:08:38,640 INFO ncaa_identity: contest_id=5733460 teams 2798/2798 matched, players 7121/7686 matched
2026-08-24 04:08:40,602 INFO ncaa_identity: contest_id=5733474 teams 2658/2658 matched, players 6943/7288 matched
2026-08-24 04:08:42,308 INFO ncaa_identity: contest_id=5733485 teams 2313/2313 matched, players 5836/6332 matched
2026-08-24 04:08:44,174 INFO ncaa_identity: contest_id=5733497 teams 2591/2591 matched, players 6810/7116 matched
2026-08-24 04:09:30,185 INFO ncaa_identity: contest_id=5733885 teams 1537/2996 matched, players 3947/8227 matched
2026-08-24 04:09:53,821 INFO ncaa_identity: contest_id=5734196 teams 1361/2649 matched, players 3672/7300 matched
2026-08-24 04:10:20,297 INFO ncaa_identity: contest_id=5734529 teams 2442/2442 matched, players 5657/6640 matched
2026-08-24 04:10:23,146 INFO ncaa_identity: contest_id=5734552 teams 2600/2600 matched, players 6578/7179 matched
2026-08-24 04:10:38,491 INFO ncaa_identity: contest_id=5734763 teams 1536/3043 matched, players 4185/8384 matched
2026-08-24 04:10:44,701 INFO ncaa_identity: contest_id=5734841 teams 2983/2983 matched, players 8191/8215 matched
2026-08-24 04:10:47,648 INFO ncaa_identity: contest_id=5734899 teams 1280/2518 matched, players 3446/6850 matched
2026-08-24 04:10:55,526 INFO ncaa_identity: contest_id=5734973 teams 2123/2123 matched, players 5451/5820 matched
2026-08-24 04:10:59,190 INFO ncaa_identity: contest_id=5735008 teams 2790/2790 matched, players 7009/7630 matched
2026-08-24 04:11:07,578 INFO ncaa_identity: contest_id=5735053 teams 2579/2579 matched, players 7003/7004 matched
2026-08-24 04:11:17,639 INFO ncaa_identity: contest_id=5735185 teams 2712/2712 matched, players 7385/7450 matched
2026-08-24 04:11:31,299 INFO ncaa_identity: contest_id=5735354 teams 3025/3025 matched, players 8284/8291 matched
2026-08-24 04:11:34,385 INFO ncaa_identity: contest_id=5735452 teams 2860/2860 matched, players 7184/7894 matched
2026-08-24 04:11:37,237 INFO ncaa_identity: contest_id=5735565 teams 1180/2322 matched, players 3163/6387 matched
2026-08-24 04:11:39,996 INFO ncaa_identity: contest_id=5735598 teams 2619/2619 matched, players 7132/7198 matched
2026-08-24 04:11:43,495 INFO ncaa_identity: contest_id=5735623 teams 1434/2797 matched, players 3698/7670 matched
2026-08-24 04:11:45,009 INFO ncaa_identity: contest_id=5735633 teams 1390/2673 matched, players 3583/7302 matched
2026-08-24 04:11:46,953 INFO ncaa_identity: contest_id=5735643 teams 3128/3128 matched, players 8549/8612 matched
[p1_s_e_e] [WARNING] [TeamId(name='California')]v[TeamId(name='Pittsburgh')] Flip court for periods: [[3, 4]] because [total_shots={1: 29, 2: 31, 3: 29, 4: 30} long_shots={1: 1, 3: 24, 4: 30}]
2026-08-24 04:12:22,788 INFO ncaa_identity: contest_id=5736326 teams 2595/2595 matched, players 7004/7075 matched
2026-08-24 04:12:31,405 INFO ncaa_identity: contest_id=5736378 teams 2888/2888 matched, players 7748/7962 matched
2026-08-24 04:12:33,405 INFO ncaa_identity: contest_id=5736388 teams 2882/2882 matched, players 7722/7875 matched
2026-08-24 04:12:34,935 INFO ncaa_identity: contest_id=5736400 teams 2488/2488 matched, players 6549/6801 matched
2026-08-24 04:12:36,699 INFO ncaa_identity: contest_id=5736413 teams 2684/2684 matched, players 6817/7419 matched
2026-08-24 04:12:38,211 INFO ncaa_identity: contest_id=5736426 teams 2635/2635 matched, players 6836/7240 matched
2026-08-24 04:12:41,579 INFO ncaa_identity: contest_id=5736470 teams 2966/2966 matched, players 7283/8158 matched
2026-08-24 04:12:53,049 INFO ncaa_identity: contest_id=5736535 teams 1513/2867 matched, players 3976/7835 matched
2026-08-24 04:12:55,077 INFO ncaa_identity: contest_id=5736545 teams 2869/2869 matched, players 7775/7876 matched
2026-08-24 04:13:00,425 INFO ncaa_identity: contest_id=5736581 teams 2438/2438 matched, players 6377/6701 matched
2026-08-24 04:13:01,741 INFO ncaa_identity: contest_id=5736594 teams 2222/2222 matched, players 5800/6052 matched
2026-08-24 04:13:10,373 INFO ncaa_identity: contest_id=5736658 teams 2443/2443 matched, players 6391/6701 matched
2026-08-24 04:13:15,238 INFO ncaa_identity: contest_id=5736694 teams 2500/2500 matched, players 6328/6839 matched
2026-08-24 04:13:18,564 INFO ncaa_identity: contest_id=5736718 teams 3060/3060 matched, players 7459/8387 matched
2026-08-24 04:13:21,545 INFO ncaa_identity: contest_id=5736743 teams 2633/2633 matched, players 6844/7215 matched
2026-08-24 04:13:30,118 INFO ncaa_identity: contest_id=5736838 teams 1294/2440 matched, players 3364/6618 matched
2026-08-24 04:13:39,120 INFO ncaa_identity: contest_id=5736971 teams 1354/2712 matched, players 3739/7475 matched
2026-08-24 04:13:40,912 INFO ncaa_identity: contest_id=5736991 teams 1323/2569 matched, players 3492/6963 matched
2026-08-24 04:13:44,037 INFO ncaa_identity: contest_id=5737037 teams 2673/2673 matched, players 6761/7269 matched
2026-08-24 04:13:47,230 INFO ncaa_identity: contest_id=5737076 teams 2748/2748 matched, players 6914/7526 matched
2026-08-24 04:13:49,249 INFO ncaa_identity: contest_id=5737087 teams 2472/2472 matched, players 6106/6743 matched
2026-08-24 04:14:10,347 INFO ncaa_identity: contest_id=5737214 teams 2796/2796 matched, players 7650/7657 matched
2026-08-24 04:14:12,403 INFO ncaa_identity: contest_id=5737224 teams 1187/2347 matched, players 3227/6373 matched
2026-08-24 04:14:16,412 INFO ncaa_identity: contest_id=5737253 teams 2490/2490 matched, players 6684/6800 matched
2026-08-24 04:14:33,634 INFO ncaa_identity: contest_id=5737369 teams 3088/3088 matched, players 7542/8477 matched
2026-08-24 04:14:49,523 INFO ncaa_identity: contest_id=5737633 teams 1547/2980 matched, players 4099/8244 matched
2026-08-24 04:14:57,532 INFO ncaa_identity: contest_id=5737698 teams 3410/3410 matched, players 9296/9408 matched
2026-08-24 04:14:59,245 INFO ncaa_identity: contest_id=5737715 teams 2583/2583 matched, players 6941/7097 matched
2026-08-24 04:15:02,498 INFO ncaa_identity: contest_id=5737765 teams 1423/2740 matched, players 3797/7475 matched
2026-08-24 04:15:03,707 WARNING ncaa_parse: family=shots contest_id=5737775 team=Benedictine Mesa SKIPPED (1 parse error(s)): No shot events found [<!DOCTYPE html> <html lang="en"> <head> <meta content="text/html; charset=utf-8" http-equiv="CONTENT-TYPE"/> <meta charset="utf-8"/> <meta...
2026-08-24 04:15:03,774 INFO ncaa_identity: contest_id=5737775 teams 1303/2545 matched, players 3628/7206 matched
2026-08-24 04:15:15,887 INFO ncaa_identity: contest_id=5737931 teams 1336/2565 matched, players 3650/7046 matched
2026-08-24 04:15:26,636 INFO ncaa_identity: contest_id=5738082 teams 2736/2736 matched, players 6815/7511 matched
2026-08-24 04:15:29,585 INFO ncaa_identity: contest_id=5738236 teams 1445/2751 matched, players 3845/7575 matched
2026-08-24 04:15:31,418 INFO ncaa_identity: contest_id=5738287 teams 1302/2642 matched, players 3693/7230 matched
2026-08-24 04:15:40,375 INFO ncaa_identity: contest_id=5756636 teams 1596/3146 matched, players 4378/8609 matched
2026-08-24 04:15:43,198 INFO ncaa_identity: contest_id=5756670 teams 2607/2607 matched, players 6845/7123 matched
2026-08-24 04:15:46,551 INFO ncaa_identity: contest_id=5756692 teams 2716/2716 matched, players 7113/7419 matched
2026-08-24 04:15:52,401 INFO ncaa_identity: contest_id=5756740 teams 2429/2429 matched, players 6564/6653 matched
2026-08-24 04:15:54,072 INFO ncaa_identity: contest_id=5756750 teams 2824/2824 matched, players 7721/7734 matched
2026-08-24 04:15:55,459 INFO ncaa_identity: contest_id=5756762 teams 1325/2578 matched, players 3595/7063 matched
2026-08-24 04:15:57,183 INFO ncaa_identity: contest_id=5756775 teams 1468/2853 matched, players 3954/7795 matched
2026-08-24 04:16:01,747 INFO ncaa_identity: contest_id=5763060 teams 1375/2643 matched, players 3485/7200 matched
2026-08-24 04:16:12,249 INFO ncaa_identity: contest_id=5810285 teams 2863/2863 matched, players 7462/7844 matched
2026-08-24 04:16:13,811 INFO ncaa_identity: contest_id=5810421 teams 1356/2642 matched, players 3673/7221 matched
2026-08-24 04:16:15,519 INFO ncaa_identity: contest_id=6058344 teams 1283/2500 matched, players 3464/6816 matched
2026-08-24 04:16:17,021 INFO ncaa_identity: contest_id=6081223 teams 1423/2837 matched, players 3909/7810 matched
2026-08-24 04:16:27,008 INFO 5 starters not found for period 5; using estimate
2026-08-24 04:16:56,047 INFO ncaa_identity: contest_id=6362062 teams 2865/2865 matched, players 6870/7859 matched
2026-08-24 04:17:00,642 INFO ncaa_identity: contest_id=6363116 teams 2297/2297 matched, players 5379/6254 matched
2026-08-24 04:17:23,925 INFO ncaa_identity: contest_id=6366983 teams 2706/2706 matched, players 7278/7368 matched
2026-08-24 04:17:37,541 INFO ncaa_identity: contest_id=6392047 teams 1329/2537 matched, players 3503/6916 matched
2026-08-24 04:17:53,322 INFO ncaa_identity: contest_id=6408805 teams 1608/3119 matched, players 4274/8564 matched
2026-08-24 04:17:58,247 INFO ncaa_identity: contest_id=6410545 teams 1731/3389 matched, players 4774/9348 matched
2026-08-24 04:18:01,605 INFO ncaa_identity: contest_id=6413853 teams 1309/2602 matched, players 3611/7134 matched
2026-08-24 04:18:05,066 INFO ncaa_identity: contest_id=6418620 teams 1864/3771 matched, players 5181/10474 matched
2026-08-24 04:18:08,154 INFO ncaa_identity: contest_id=6424454 teams 1498/3085 matched, players 4185/8433 matched
2026-08-24 04:18:09,432 INFO ncaa_identity: contest_id=6424466 teams 1348/2597 matched, players 3657/7144 matched
2026-08-24 04:18:17,485 INFO ncaa_identity: contest_id=6427597 teams 1407/2638 matched, players 3642/7233 matched
2026-08-24 04:18:18,994 INFO ncaa_identity: contest_id=6427611 teams 1235/2497 matched, players 3468/6847 matched
2026-08-24 04:18:23,967 INFO ncaa_identity: contest_id=6428162 teams 2942/2942 matched, players 7659/8065 matched
2026-08-24 04:18:31,681 INFO ncaa_identity: contest_id=6428401 teams 2734/2734 matched, players 7157/7498 matched
2026-08-24 04:18:33,087 INFO ncaa_identity: contest_id=6428411 teams 2664/2664 matched, players 7273/7283 matched
2026-08-24 04:18:42,116 INFO ncaa_identity: contest_id=6428754 teams 1479/2747 matched, players 3826/7547 matched
2026-08-24 04:18:43,829 INFO ncaa_identity: contest_id=6428771 teams 1570/2870 matched, players 3902/7873 matched
2026-08-24 04:18:57,984 INFO ncaa_identity: contest_id=6429891 teams 1354/2593 matched, players 605/1047 matched
2026-08-24 04:19:06,454 INFO ncaa_identity: contest_id=6438230 teams 1383/2821 matched, players 3805/7744 matched
2026-08-24 04:19:12,372 INFO ncaa_identity: contest_id=6439003 teams 1292/2499 matched, players 3502/6841 matched
2026-08-24 04:19:32,862 INFO ncaa_identity: contest_id=6439831 teams 2704/2704 matched, players 7287/7427 matched
2026-08-24 04:19:35,820 INFO ncaa_identity: contest_id=6439928 teams 1376/2719 matched, players 3641/7446 matched
2026-08-24 04:19:56,970 INFO ncaa_identity: contest_id=6455534 teams 1321/2608 matched, players 3614/7148 matched
2026-08-24 04:19:58,455 INFO ncaa_identity: contest_id=6455883 teams 1236/2441 matched, players 3365/6658 matched
2026-08-24 04:20:31,183 INFO ncaa_identity: contest_id=6456620 teams 1392/2797 matched, players 3874/7668 matched
2026-08-24 04:21:08,463 INFO ncaa_identity: contest_id=6457820 teams 2477/2477 matched, players 6650/6781 matched
2026-08-24 04:21:28,303 INFO ncaa_identity: contest_id=6458584 teams 2654/2654 matched, players 7246/7279 matched
2026-08-24 04:22:11,357 INFO ncaa_identity: contest_id=6459852 teams 1673/3179 matched, players 4380/8764 matched
2026-08-24 04:22:19,985 INFO ncaa_identity: contest_id=6459976 teams 1265/2410 matched, players 3369/6623 matched
2026-08-24 04:22:27,274 INFO ncaa_identity: contest_id=6460311 teams 1337/2641 matched, players 3705/7287 matched
2026-08-24 04:22:36,452 INFO ncaa_identity: contest_id=6460662 teams 2344/2344 matched, players 5985/6421 matched
2026-08-24 04:22:42,472 INFO ncaa_identity: contest_id=6460771 teams 1527/2959 matched, players 4095/8113 matched
2026-08-24 04:22:46,035 INFO ncaa_identity: contest_id=6460886 teams 1556/2975 matched, players 4213/8191 matched
2026-08-24 04:23:01,860 INFO ncaa_identity: contest_id=6461625 teams 1453/2802 matched, players 3878/7665 matched
2026-08-24 04:23:05,246 INFO ncaa_identity: contest_id=6461689 teams 1409/2747 matched, players 3397/7537 matched
2026-08-24 04:23:08,421 INFO ncaa_identity: contest_id=6461722 teams 1288/2495 matched, players 3465/6815 matched
2026-08-24 04:23:13,271 INFO ncaa_identity: contest_id=6461821 teams 2805/2805 matched, players 7293/7666 matched
2026-08-24 04:23:16,725 INFO ncaa_identity: contest_id=6461948 teams 1219/2401 matched, players 3283/6553 matched
2026-08-24 04:23:23,445 INFO ncaa_identity: contest_id=6462316 teams 1273/2547 matched, players 3425/6923 matched
2026-08-24 04:23:31,269 INFO ncaa_identity: contest_id=6462491 teams 1341/2685 matched, players 3638/7294 matched
2026-08-24 04:23:42,689 INFO ncaa_identity: contest_id=6462890 teams 3003/3003 matched, players 7867/8258 matched
2026-08-24 04:24:09,905 INFO ncaa_identity: contest_id=6463723 teams 1550/3001 matched, players 3810/8262 matched
2026-08-24 04:24:11,666 INFO ncaa_identity: contest_id=6463737 teams 3027/3027 matched, players 8273/8274 matched
2026-08-24 04:24:13,028 INFO ncaa_identity: contest_id=6463755 teams 2480/2480 matched, players 6745/6768 matched
2026-08-24 04:24:51,846 INFO ncaa_identity: contest_id=6465145 teams 1550/2986 matched, players 4184/8242 matched
2026-08-24 04:25:38,268 INFO ncaa_identity: contest_id=6467591 teams 3590/3590 matched, players 9815/9970 matched
2026-08-24 04:25:39,895 INFO ncaa_identity: contest_id=6467613 teams 2302/2302 matched, players 5944/6301 matched
2026-08-24 04:26:07,571 INFO ncaa_identity: contest_id=6468151 teams 1466/2837 matched, players 3977/7766 matched
2026-08-24 04:26:14,365 INFO ncaa_identity: contest_id=6468473 teams 1229/2477 matched, players 3437/6802 matched
2026-08-24 04:26:16,023 INFO ncaa_identity: contest_id=6468529 teams 1379/2733 matched, players 3749/7480 matched
2026-08-24 04:26:19,189 INFO ncaa_identity: contest_id=6468725 teams 2800/2800 matched, players 7142/7541 matched
2026-08-24 04:26:26,537 INFO ncaa_identity: contest_id=6468843 teams 1580/3134 matched, players 4321/8627 matched
2026-08-24 04:26:34,273 INFO ncaa_identity: contest_id=6469080 teams 1168/2225 matched, players 3108/6058 matched
2026-08-24 04:26:45,633 INFO ncaa_identity: contest_id=6469889 teams 1408/2639 matched, players 3686/7215 matched
2026-08-24 04:26:47,405 INFO ncaa_identity: contest_id=6470094 teams 3151/3151 matched, players 8671/8672 matched
2026-08-24 04:26:49,333 INFO ncaa_identity: contest_id=6470113 teams 1424/2769 matched, players 3842/7592 matched
2026-08-24 04:27:09,208 INFO ncaa_identity: contest_id=6470778 teams 3314/3314 matched, players 8864/9164 matched
2026-08-24 04:27:13,717 INFO ncaa_identity: contest_id=6470863 teams 3122/3122 matched, players 8600/8647 matched
2026-08-24 04:27:17,809 INFO ncaa_identity: contest_id=6470973 teams 2937/2937 matched, players 8093/8100 matched
2026-08-24 04:27:36,768 INFO ncaa_identity: contest_id=6472628 teams 1419/2866 matched, players 3916/7851 matched
2026-08-24 04:28:05,654 INFO ncaa_identity: contest_id=6473698 teams 1106/2208 matched, players 488/916 matched
2026-08-24 04:28:22,072 INFO ncaa_identity: contest_id=6474421 teams 1215/2341 matched, players 3243/6397 matched
2026-08-24 04:28:32,782 INFO ncaa_identity: contest_id=6475200 teams 1232/2444 matched, players 3381/6678 matched
2026-08-24 04:29:06,696 INFO ncaa_identity: contest_id=6476686 teams 1266/2477 matched, players 3482/6808 matched
2026-08-24 04:30:14,350 INFO ncaa_identity: contest_id=6478765 teams 1371/2636 matched, players 3645/7186 matched
2026-08-24 04:30:43,679 INFO ncaa_identity: contest_id=6478976 teams 1390/2681 matched, players 3690/7332 matched
2026-08-24 04:30:45,129 INFO ncaa_identity: contest_id=6478993 teams 2788/2788 matched, players 7328/7659 matched
2026-08-24 04:31:00,961 INFO ncaa_identity: contest_id=6479259 teams 1311/2563 matched, players 3520/7034 matched
2026-08-24 04:31:06,252 INFO ncaa_identity: contest_id=6479366 teams 1294/2608 matched, players 3462/7127 matched
2026-08-24 04:31:20,924 INFO ncaa_identity: contest_id=6479762 teams 1583/3150 matched, players 4285/8645 matched
2026-08-24 04:31:26,052 INFO ncaa_identity: contest_id=6480020 teams 1134/2215 matched, players 496/906 matched
2026-08-24 04:31:46,684 INFO ncaa_identity: contest_id=6481279 teams 2862/2862 matched, players 7174/7859 matched
2026-08-24 04:31:53,535 INFO ncaa_identity: contest_id=6481560 teams 2672/2672 matched, players 7331/7369 matched
2026-08-24 04:31:58,333 INFO ncaa_identity: contest_id=6481823 teams 2229/2229 matched, players 5834/5836 matched
2026-08-24 04:32:00,116 INFO ncaa_identity: contest_id=6481935 teams 1546/3133 matched, players 4392/8578 matched
2026-08-24 04:32:19,195 INFO ncaa_identity: contest_id=6483056 teams 1348/2686 matched, players 3577/7315 matched
2026-08-24 04:32:32,486 INFO ncaa_identity: contest_id=6483386 teams 2890/2890 matched, players 7959/7960 matched
2026-08-24 04:32:52,447 INFO ncaa_identity: contest_id=6484553 teams 1118/2162 matched, players 2895/5836 matched
2026-08-24 04:32:56,533 INFO ncaa_identity: contest_id=6484937 teams 1540/3014 matched, players 4165/8243 matched
2026-08-24 04:33:05,891 INFO ncaa_identity: contest_id=6485439 teams 1528/3119 matched, players 4197/8580 matched
2026-08-24 04:33:10,460 INFO ncaa_identity: contest_id=6485714 teams 1555/2967 matched, players 4155/8138 matched
2026-08-24 04:33:21,260 INFO ncaa_identity: contest_id=6486753 teams 1506/2950 matched, players 4123/8120 matched
2026-08-24 04:33:22,857 INFO ncaa_identity: contest_id=6487240 teams 1334/2728 matched, players 3729/7454 matched
2026-08-24 04:33:24,877 INFO ncaa_identity: contest_id=6487469 teams 2749/2749 matched, players 7158/7509 matched
2026-08-24 04:33:28,275 INFO ncaa_identity: contest_id=6488268 teams 1306/2551 matched, players 3539/6976 matched
2026-08-24 04:33:31,714 INFO ncaa_identity: contest_id=6488954 teams 1218/2501 matched, players 3405/6803 matched
2026-08-24 04:33:37,637 INFO ncaa_identity: contest_id=6510718 teams 1495/2971 matched, players 4063/8120 matched
2026-08-24 04:33:51,132 INFO ncaa_identity: contest_id=6557507 teams 2886/2886 matched, players 7571/7964 matched
2026-08-24 04:34:21,697 INFO ncaa_identity: contest_id=6558556 teams 1475/2916 matched, players 3973/8027 matched
2026-08-24 04:34:42,811 INFO ncaa_identity: contest_id=6564928 teams 2995/2995 matched, players 7874/8287 matched
parsed=9389 failed=0
