seasons=all bundles=93884 pending=93884 force=True shard=9/10 assigned=9388
2026-08-23 23:51:41,291 INFO ncaa_identity: contest_id=1343397 season=2010 league=wbb -- teams  not built; ids emitted as nulls
2026-08-23 23:51:41,297 INFO ncaa_identity: contest_id=1343397 teams 0/2028 matched, players 0/787 matched
2026-08-23 23:51:42,312 INFO ncaa_identity: contest_id=1343407 season=2010 league=wbb -- teams  not built; ids emitted as nulls
2026-08-23 23:51:42,316 INFO ncaa_identity: contest_id=1343407 teams 0/1890 matched, players 0/707 matched
2026-08-23 23:51:43,568 INFO ncaa_identity: contest_id=1343417 season=2010 league=wbb -- teams  not built; ids emitted as nulls
2026-08-23 23:51:43,575 INFO ncaa_identity: contest_id=1343417 teams 0/2200 matched, players 0/820 matched
2026-08-23 23:51:45,149 INFO ncaa_identity: contest_id=1343427 season=2010 league=wbb -- teams  not built; ids emitted as nulls
2026-08-23 23:51:45,153 INFO ncaa_identity: contest_id=1343427 teams 0/1817 matched, players 0/493 matched
2026-08-23 23:51:46,259 INFO ncaa_identity: contest_id=1343437 season=2010 league=wbb -- teams  not built; ids emitted as nulls
2026-08-23 23:51:46,263 INFO ncaa_identity: contest_id=1343437 teams 0/1820 matched, players 0/634 matched
2026-08-23 23:51:47,550 INFO ncaa_identity: contest_id=1343447 season=2010 league=wbb -- teams  not built; ids emitted as nulls
2026-08-23 23:51:47,554 INFO ncaa_identity: contest_id=1343447 teams 0/2045 matched, players 0/776 matched
2026-08-23 23:51:49,426 INFO ncaa_identity: contest_id=1343457 season=2010 league=wbb -- teams  not built; ids emitted as nulls
2026-08-23 23:51:49,432 INFO ncaa_identity: contest_id=1343457 teams 0/2625 matched, players 0/1022 matched
2026-08-23 23:51:50,619 INFO ncaa_identity: contest_id=1343467 season=2010 league=wbb -- teams  not built; ids emitted as nulls
2026-08-23 23:51:50,624 INFO ncaa_identity: contest_id=1343467 teams 0/2624 matched, players 0/907 matched
2026-08-23 23:51:52,232 INFO ncaa_identity: contest_id=1343478 season=2010 league=wbb -- teams  not built; ids emitted as nulls
2026-08-23 23:51:52,237 INFO ncaa_identity: contest_id=1343478 teams 0/2234 matched, players 0/890 matched
2026-08-23 23:51:53,547 INFO ncaa_identity: contest_id=1343488 season=2010 league=wbb -- teams  not built; ids emitted as nulls
2026-08-23 23:51:53,552 INFO ncaa_identity: contest_id=1343488 teams 0/2474 matched, players 0/929 matched
2026-08-23 23:51:54,704 INFO ncaa_identity: contest_id=1343498 season=2010 league=wbb -- teams  not built; ids emitted as nulls
2026-08-23 23:51:54,708 INFO ncaa_identity: contest_id=1343498 teams 0/2038 matched, players 0/694 matched
2026-08-23 23:51:56,136 INFO ncaa_identity: contest_id=1343508 season=2010 league=wbb -- teams  not built; ids emitted as nulls
2026-08-23 23:51:56,141 INFO ncaa_identity: contest_id=1343508 teams 0/2098 matched, players 0/842 matched
2026-08-23 23:51:57,176 INFO ncaa_identity: contest_id=1343518 season=2010 league=wbb -- teams  not built; ids emitted as nulls
2026-08-23 23:51:57,180 INFO ncaa_identity: contest_id=1343518 teams 0/1834 matched, players 0/802 matched
2026-08-23 23:51:58,150 INFO ncaa_identity: contest_id=1343528 season=2010 league=wbb -- teams  not built; ids emitted as nulls
2026-08-23 23:51:58,154 INFO ncaa_identity: contest_id=1343528 teams 0/2124 matched, players 0/861 matched
2026-08-23 23:51:59,354 INFO ncaa_identity: contest_id=1343539 season=2010 league=wbb -- teams  not built; ids emitted as nulls
2026-08-23 23:51:59,359 INFO ncaa_identity: contest_id=1343539 teams 0/2040 matched, players 0/717 matched
2026-08-23 23:52:00,331 INFO ncaa_identity: contest_id=1343549 season=2010 league=wbb -- teams  not built; ids emitted as nulls
2026-08-23 23:52:00,336 INFO ncaa_identity: contest_id=1343549 teams 0/2136 matched, players 0/792 matched
2026-08-23 23:52:01,408 INFO ncaa_identity: contest_id=1343560 season=2010 league=wbb -- teams  not built; ids emitted as nulls
2026-08-23 23:52:01,414 INFO ncaa_identity: contest_id=1343560 teams 0/2200 matched, players 0/900 matched
2026-08-23 23:52:01,519 INFO 5 starters not found for period 1; using estimate
2026-08-23 23:52:01,520 INFO 5 starters not found for period 1; using estimate
2026-08-23 23:52:01,520 INFO 5 starters not found for period 2; using estimate
2026-08-23 23:52:01,521 INFO 5 starters not found for period 2; using estimate
2026-08-23 23:52:02,744 INFO ncaa_identity: contest_id=1343581 season=2010 league=wbb -- teams  not built; ids emitted as nulls
2026-08-23 23:52:02,753 INFO ncaa_identity: contest_id=1343581 teams 0/2101 matched, players 0/3280 matched
2026-08-23 23:52:03,862 INFO ncaa_identity: contest_id=1343621 season=2010 league=wbb -- teams  not built; ids emitted as nulls
2026-08-23 23:52:03,866 INFO ncaa_identity: contest_id=1343621 teams 0/1944 matched, players 0/677 matched
2026-08-23 23:52:05,010 INFO ncaa_identity: contest_id=1343637 season=2010 league=wbb -- teams  not built; ids emitted as nulls
2026-08-23 23:52:05,015 INFO ncaa_identity: contest_id=1343637 teams 0/2166 matched, players 0/810 matched
2026-08-23 23:52:06,469 INFO ncaa_identity: contest_id=1343680 season=2010 league=wbb -- teams  not built; ids emitted as nulls
2026-08-23 23:52:06,474 INFO ncaa_identity: contest_id=1343680 teams 0/2534 matched, players 0/899 matched
2026-08-23 23:52:07,607 INFO ncaa_identity: contest_id=1343692 season=2010 league=wbb -- teams  not built; ids emitted as nulls
2026-08-23 23:52:07,611 INFO ncaa_identity: contest_id=1343692 teams 0/2038 matched, players 0/726 matched
2026-08-23 23:52:08,787 INFO ncaa_identity: contest_id=1343703 season=2010 league=wbb -- teams  not built; ids emitted as nulls
2026-08-23 23:52:08,791 INFO ncaa_identity: contest_id=1343703 teams 0/2076 matched, players 0/752 matched
2026-08-23 23:52:10,030 INFO ncaa_identity: contest_id=1343745 season=2010 league=wbb -- teams  not built; ids emitted as nulls
2026-08-23 23:52:10,035 INFO ncaa_identity: contest_id=1343745 teams 0/2002 matched, players 0/598 matched
2026-08-23 23:52:11,382 INFO ncaa_identity: contest_id=1343783 season=2010 league=wbb -- teams  not built; ids emitted as nulls
2026-08-23 23:52:11,386 INFO ncaa_identity: contest_id=1343783 teams 0/2064 matched, players 0/727 matched
2026-08-23 23:52:12,665 INFO ncaa_identity: contest_id=1343800 season=2010 league=wbb -- teams  not built; ids emitted as nulls
2026-08-23 23:52:12,670 INFO ncaa_identity: contest_id=1343800 teams 0/2184 matched, players 0/713 matched
2026-08-23 23:52:13,733 INFO ncaa_identity: contest_id=1343851 season=2010 league=wbb -- teams  not built; ids emitted as nulls
2026-08-23 23:52:13,738 INFO ncaa_identity: contest_id=1343851 teams 0/2074 matched, players 0/645 matched
2026-08-23 23:52:14,703 INFO ncaa_identity: contest_id=1343879 season=2010 league=wbb -- teams  not built; ids emitted as nulls
2026-08-23 23:52:14,707 INFO ncaa_identity: contest_id=1343879 teams 0/2046 matched, players 0/624 matched
2026-08-23 23:52:15,961 INFO ncaa_identity: contest_id=1343910 season=2010 league=wbb -- teams  not built; ids emitted as nulls
2026-08-23 23:52:15,966 INFO ncaa_identity: contest_id=1343910 teams 0/1986 matched, players 0/734 matched
2026-08-23 23:52:17,411 INFO ncaa_identity: contest_id=1343958 season=2010 league=wbb -- teams  not built; ids emitted as nulls
2026-08-23 23:52:17,421 INFO ncaa_identity: contest_id=1343958 teams 0/1848 matched, players 0/716 matched
2026-08-23 23:52:18,574 INFO ncaa_identity: contest_id=1343999 season=2010 league=wbb -- teams  not built; ids emitted as nulls
2026-08-23 23:52:18,578 INFO ncaa_identity: contest_id=1343999 teams 0/2106 matched, players 0/750 matched
2026-08-23 23:52:19,886 INFO ncaa_identity: contest_id=1344031 season=2010 league=wbb -- teams  not built; ids emitted as nulls
2026-08-23 23:52:19,890 INFO ncaa_identity: contest_id=1344031 teams 0/1827 matched, players 0/623 matched
2026-08-23 23:52:20,914 INFO ncaa_identity: contest_id=1344049 season=2010 league=wbb -- teams  not built; ids emitted as nulls
2026-08-23 23:52:20,918 INFO ncaa_identity: contest_id=1344049 teams 0/2440 matched, players 0/864 matched
2026-08-23 23:52:22,062 INFO ncaa_identity: contest_id=1344062 season=2010 league=wbb -- teams  not built; ids emitted as nulls
2026-08-23 23:52:22,067 INFO ncaa_identity: contest_id=1344062 teams 0/2764 matched, players 0/1006 matched
2026-08-23 23:52:23,389 INFO ncaa_identity: contest_id=1344089 season=2010 league=wbb -- teams  not built; ids emitted as nulls
2026-08-23 23:52:23,394 INFO ncaa_identity: contest_id=1344089 teams 0/1972 matched, players 0/612 matched
2026-08-23 23:52:23,508 INFO 5 starters not found for period 1; using estimate
2026-08-23 23:52:23,508 INFO 5 starters not found for period 1; using estimate
2026-08-23 23:52:23,509 INFO 5 starters not found for period 2; using estimate
2026-08-23 23:52:23,509 INFO 5 starters not found for period 2; using estimate
2026-08-23 23:52:24,516 INFO ncaa_identity: contest_id=1344115 season=2010 league=wbb -- teams  not built; ids emitted as nulls
2026-08-23 23:52:24,525 INFO ncaa_identity: contest_id=1344115 teams 0/2197 matched, players 0/3439 matched
2026-08-23 23:52:25,866 INFO ncaa_identity: contest_id=1344130 season=2010 league=wbb -- teams  not built; ids emitted as nulls
2026-08-23 23:52:25,870 INFO ncaa_identity: contest_id=1344130 teams 0/2056 matched, players 0/791 matched
2026-08-23 23:52:27,085 INFO ncaa_identity: contest_id=1344142 season=2010 league=wbb -- teams  not built; ids emitted as nulls
2026-08-23 23:52:27,090 INFO ncaa_identity: contest_id=1344142 teams 0/2160 matched, players 0/901 matched
2026-08-23 23:52:28,061 INFO ncaa_identity: contest_id=1344158 season=2010 league=wbb -- teams  not built; ids emitted as nulls
2026-08-23 23:52:28,065 INFO ncaa_identity: contest_id=1344158 teams 0/1972 matched, players 0/607 matched
2026-08-23 23:52:29,300 INFO ncaa_identity: contest_id=1344170 season=2010 league=wbb -- teams  not built; ids emitted as nulls
2026-08-23 23:52:29,304 INFO ncaa_identity: contest_id=1344170 teams 0/1956 matched, players 0/727 matched
2026-08-23 23:52:30,385 INFO ncaa_identity: contest_id=1344188 season=2010 league=wbb -- teams  not built; ids emitted as nulls
2026-08-23 23:52:30,390 INFO ncaa_identity: contest_id=1344188 teams 0/2336 matched, players 0/929 matched
2026-08-23 23:52:31,379 INFO ncaa_identity: contest_id=1344249 season=2010 league=wbb -- teams  not built; ids emitted as nulls
2026-08-23 23:52:31,385 INFO ncaa_identity: contest_id=1344249 teams 0/2160 matched, players 0/973 matched
2026-08-23 23:52:33,084 INFO ncaa_identity: contest_id=1344292 season=2010 league=wbb -- teams  not built; ids emitted as nulls
2026-08-23 23:52:33,089 INFO ncaa_identity: contest_id=1344292 teams 0/1971 matched, players 0/669 matched
2026-08-23 23:52:34,157 INFO ncaa_identity: contest_id=1344307 season=2010 league=wbb -- teams  not built; ids emitted as nulls
2026-08-23 23:52:34,161 INFO ncaa_identity: contest_id=1344307 teams 0/2066 matched, players 0/883 matched
2026-08-23 23:52:35,375 INFO ncaa_identity: contest_id=1344407 season=2010 league=wbb -- teams  not built; ids emitted as nulls
2026-08-23 23:52:35,380 INFO ncaa_identity: contest_id=1344407 teams 0/2130 matched, players 0/799 matched
2026-08-23 23:52:36,470 INFO ncaa_identity: contest_id=1344459 season=2010 league=wbb -- teams  not built; ids emitted as nulls
2026-08-23 23:52:36,475 INFO ncaa_identity: contest_id=1344459 teams 0/2196 matched, players 0/734 matched
2026-08-23 23:52:37,649 INFO ncaa_identity: contest_id=1344487 season=2010 league=wbb -- teams  not built; ids emitted as nulls
2026-08-23 23:52:37,653 INFO ncaa_identity: contest_id=1344487 teams 0/2115 matched, players 0/677 matched
2026-08-23 23:52:39,278 INFO ncaa_identity: contest_id=1344565 season=2010 league=wbb -- teams  not built; ids emitted as nulls
2026-08-23 23:52:39,283 INFO ncaa_identity: contest_id=1344565 teams 0/1954 matched, players 0/734 matched
2026-08-23 23:52:40,545 INFO ncaa_identity: contest_id=1344614 season=2010 league=wbb -- teams  not built; ids emitted as nulls
2026-08-23 23:52:40,551 INFO ncaa_identity: contest_id=1344614 teams 0/2092 matched, players 0/909 matched
2026-08-23 23:52:41,979 INFO ncaa_identity: contest_id=1344637 season=2010 league=wbb -- teams  not built; ids emitted as nulls
2026-08-23 23:52:41,983 INFO ncaa_identity: contest_id=1344637 teams 0/1999 matched, players 0/647 matched
2026-08-23 23:52:42,973 INFO ncaa_identity: contest_id=1344650 season=2010 league=wbb -- teams  not built; ids emitted as nulls
2026-08-23 23:52:42,977 INFO ncaa_identity: contest_id=1344650 teams 0/1900 matched, players 0/686 matched
2026-08-23 23:52:44,152 INFO ncaa_identity: contest_id=1344807 season=2010 league=wbb -- teams  not built; ids emitted as nulls
2026-08-23 23:52:44,157 INFO ncaa_identity: contest_id=1344807 teams 0/1919 matched, players 0/754 matched
2026-08-23 23:52:45,882 INFO ncaa_identity: contest_id=1344844 season=2010 league=wbb -- teams  not built; ids emitted as nulls
2026-08-23 23:52:45,887 INFO ncaa_identity: contest_id=1344844 teams 0/2140 matched, players 0/832 matched
2026-08-23 23:52:47,079 INFO ncaa_identity: contest_id=1344861 season=2010 league=wbb -- teams  not built; ids emitted as nulls
2026-08-23 23:52:47,084 INFO ncaa_identity: contest_id=1344861 teams 0/2218 matched, players 0/802 matched
2026-08-23 23:52:48,250 INFO ncaa_identity: contest_id=1344884 season=2010 league=wbb -- teams  not built; ids emitted as nulls
2026-08-23 23:52:48,254 INFO ncaa_identity: contest_id=1344884 teams 0/1996 matched, players 0/807 matched
2026-08-23 23:52:49,565 INFO ncaa_identity: contest_id=1344895 season=2010 league=wbb -- teams  not built; ids emitted as nulls
2026-08-23 23:52:49,569 INFO ncaa_identity: contest_id=1344895 teams 0/2094 matched, players 0/700 matched
2026-08-23 23:52:50,653 INFO ncaa_identity: contest_id=1344913 season=2010 league=wbb -- teams  not built; ids emitted as nulls
2026-08-23 23:52:50,657 INFO ncaa_identity: contest_id=1344913 teams 0/1662 matched, players 0/548 matched
2026-08-23 23:52:51,663 INFO ncaa_identity: contest_id=1344923 season=2010 league=wbb -- teams  not built; ids emitted as nulls
2026-08-23 23:52:51,667 INFO ncaa_identity: contest_id=1344923 teams 0/2110 matched, players 0/727 matched
2026-08-23 23:52:53,163 INFO ncaa_identity: contest_id=1344970 season=2010 league=wbb -- teams  not built; ids emitted as nulls
2026-08-23 23:52:53,167 INFO ncaa_identity: contest_id=1344970 teams 0/1959 matched, players 0/719 matched
2026-08-23 23:52:54,283 INFO ncaa_identity: contest_id=1344996 season=2010 league=wbb -- teams  not built; ids emitted as nulls
2026-08-23 23:52:54,287 INFO ncaa_identity: contest_id=1344996 teams 0/1842 matched, players 0/573 matched
2026-08-23 23:52:55,210 INFO ncaa_identity: contest_id=1345016 season=2010 league=wbb -- teams  not built; ids emitted as nulls
2026-08-23 23:52:55,213 INFO ncaa_identity: contest_id=1345016 teams 0/1718 matched, players 0/501 matched
2026-08-23 23:52:56,456 INFO ncaa_identity: contest_id=1345034 season=2010 league=wbb -- teams  not built; ids emitted as nulls
2026-08-23 23:52:56,460 INFO ncaa_identity: contest_id=1345034 teams 0/2196 matched, players 0/796 matched
2026-08-23 23:52:57,663 INFO ncaa_identity: contest_id=1345110 season=2010 league=wbb -- teams  not built; ids emitted as nulls
2026-08-23 23:52:57,670 INFO ncaa_identity: contest_id=1345110 teams 0/2010 matched, players 0/793 matched
2026-08-23 23:52:58,720 INFO ncaa_identity: contest_id=1345132 season=2010 league=wbb -- teams  not built; ids emitted as nulls
2026-08-23 23:52:58,725 INFO ncaa_identity: contest_id=1345132 teams 0/2032 matched, players 0/791 matched
2026-08-23 23:52:59,786 INFO ncaa_identity: contest_id=1345166 season=2010 league=wbb -- teams  not built; ids emitted as nulls
2026-08-23 23:52:59,790 INFO ncaa_identity: contest_id=1345166 teams 0/1826 matched, players 0/620 matched
2026-08-23 23:53:00,875 INFO ncaa_identity: contest_id=1345217 season=2010 league=wbb -- teams  not built; ids emitted as nulls
2026-08-23 23:53:00,879 INFO ncaa_identity: contest_id=1345217 teams 0/1864 matched, players 0/629 matched
2026-08-23 23:53:01,930 INFO ncaa_identity: contest_id=1345238 season=2010 league=wbb -- teams  not built; ids emitted as nulls
2026-08-23 23:53:01,935 INFO ncaa_identity: contest_id=1345238 teams 0/2156 matched, players 0/791 matched
2026-08-23 23:53:02,844 INFO ncaa_identity: contest_id=1345323 season=2010 league=wbb -- teams  not built; ids emitted as nulls
2026-08-23 23:53:02,848 INFO ncaa_identity: contest_id=1345323 teams 0/1544 matched, players 0/408 matched
2026-08-23 23:53:04,183 INFO ncaa_identity: contest_id=1345336 season=2010 league=wbb -- teams  not built; ids emitted as nulls
2026-08-23 23:53:04,186 INFO ncaa_identity: contest_id=1345336 teams 0/1678 matched, players 0/568 matched
2026-08-23 23:53:05,400 INFO ncaa_identity: contest_id=1345349 season=2010 league=wbb -- teams  not built; ids emitted as nulls
2026-08-23 23:53:05,404 INFO ncaa_identity: contest_id=1345349 teams 0/2014 matched, players 0/762 matched
2026-08-23 23:53:06,551 INFO ncaa_identity: contest_id=1345367 season=2010 league=wbb -- teams  not built; ids emitted as nulls
2026-08-23 23:53:06,554 INFO ncaa_identity: contest_id=1345367 teams 0/1590 matched, players 0/415 matched
2026-08-23 23:53:08,078 INFO ncaa_identity: contest_id=1345380 season=2010 league=wbb -- teams  not built; ids emitted as nulls
2026-08-23 23:53:08,083 INFO ncaa_identity: contest_id=1345380 teams 0/2276 matched, players 0/916 matched
2026-08-23 23:53:09,160 INFO ncaa_identity: contest_id=1345394 season=2010 league=wbb -- teams  not built; ids emitted as nulls
2026-08-23 23:53:09,165 INFO ncaa_identity: contest_id=1345394 teams 0/2286 matched, players 0/915 matched
2026-08-23 23:53:10,225 INFO ncaa_identity: contest_id=1345417 season=2010 league=wbb -- teams  not built; ids emitted as nulls
2026-08-23 23:53:10,230 INFO ncaa_identity: contest_id=1345417 teams 0/1874 matched, players 0/602 matched
2026-08-23 23:53:11,481 INFO ncaa_identity: contest_id=1345430 season=2010 league=wbb -- teams  not built; ids emitted as nulls
2026-08-23 23:53:11,485 INFO ncaa_identity: contest_id=1345430 teams 0/1758 matched, players 0/642 matched
2026-08-23 23:53:12,464 INFO ncaa_identity: contest_id=1345446 season=2010 league=wbb -- teams  not built; ids emitted as nulls
2026-08-23 23:53:12,468 INFO ncaa_identity: contest_id=1345446 teams 0/2116 matched, players 0/774 matched
2026-08-23 23:53:13,794 INFO ncaa_identity: contest_id=1345464 season=2010 league=wbb -- teams  not built; ids emitted as nulls
2026-08-23 23:53:13,801 INFO ncaa_identity: contest_id=1345464 teams 0/2774 matched, players 0/1212 matched
2026-08-23 23:53:14,847 INFO ncaa_identity: contest_id=1345477 season=2010 league=wbb -- teams  not built; ids emitted as nulls
2026-08-23 23:53:14,853 INFO ncaa_identity: contest_id=1345477 teams 0/2138 matched, players 0/934 matched
2026-08-23 23:53:15,858 INFO ncaa_identity: contest_id=1345496 season=2010 league=wbb -- teams  not built; ids emitted as nulls
2026-08-23 23:53:15,863 INFO ncaa_identity: contest_id=1345496 teams 0/2302 matched, players 0/887 matched
2026-08-23 23:53:17,126 INFO ncaa_identity: contest_id=1345513 season=2010 league=wbb -- teams  not built; ids emitted as nulls
2026-08-23 23:53:17,130 INFO ncaa_identity: contest_id=1345513 teams 0/2222 matched, players 0/857 matched
2026-08-23 23:53:18,011 INFO ncaa_identity: contest_id=1345530 season=2010 league=wbb -- teams  not built; ids emitted as nulls
2026-08-23 23:53:18,015 INFO ncaa_identity: contest_id=1345530 teams 0/1910 matched, players 0/727 matched
2026-08-23 23:53:18,987 INFO ncaa_identity: contest_id=1345545 season=2010 league=wbb -- teams  not built; ids emitted as nulls
2026-08-23 23:53:18,990 INFO ncaa_identity: contest_id=1345545 teams 0/1608 matched, players 0/473 matched
2026-08-23 23:53:20,015 INFO ncaa_identity: contest_id=1345564 season=2010 league=wbb -- teams  not built; ids emitted as nulls
2026-08-23 23:53:20,018 INFO ncaa_identity: contest_id=1345564 teams 0/1618 matched, players 0/422 matched
2026-08-23 23:53:21,164 INFO ncaa_identity: contest_id=1345580 season=2010 league=wbb -- teams  not built; ids emitted as nulls
2026-08-23 23:53:21,169 INFO ncaa_identity: contest_id=1345580 teams 0/1863 matched, players 0/785 matched
2026-08-23 23:53:22,180 INFO ncaa_identity: contest_id=1345627 season=2010 league=wbb -- teams  not built; ids emitted as nulls
2026-08-23 23:53:22,184 INFO ncaa_identity: contest_id=1345627 teams 0/1890 matched, players 0/578 matched
2026-08-23 23:53:23,541 INFO ncaa_identity: contest_id=1345676 season=2010 league=wbb -- teams  not built; ids emitted as nulls
2026-08-23 23:53:23,544 INFO ncaa_identity: contest_id=1345676 teams 0/1858 matched, players 0/622 matched
2026-08-23 23:53:24,649 INFO ncaa_identity: contest_id=1345691 season=2010 league=wbb -- teams  not built; ids emitted as nulls
2026-08-23 23:53:24,653 INFO ncaa_identity: contest_id=1345691 teams 0/1900 matched, players 0/647 matched
2026-08-23 23:53:25,801 INFO ncaa_identity: contest_id=1345733 season=2010 league=wbb -- teams  not built; ids emitted as nulls
2026-08-23 23:53:25,809 INFO ncaa_identity: contest_id=1345733 teams 0/2546 matched, players 0/1050 matched
2026-08-23 23:53:26,973 INFO ncaa_identity: contest_id=1345751 season=2010 league=wbb -- teams  not built; ids emitted as nulls
2026-08-23 23:53:26,978 INFO ncaa_identity: contest_id=1345751 teams 0/2013 matched, players 0/766 matched
2026-08-23 23:53:28,007 INFO ncaa_identity: contest_id=1345768 season=2010 league=wbb -- teams  not built; ids emitted as nulls
2026-08-23 23:53:28,012 INFO ncaa_identity: contest_id=1345768 teams 0/2132 matched, players 0/798 matched
2026-08-23 23:53:29,217 INFO ncaa_identity: contest_id=1345786 season=2010 league=wbb -- teams  not built; ids emitted as nulls
2026-08-23 23:53:29,222 INFO ncaa_identity: contest_id=1345786 teams 0/1932 matched, players 0/762 matched
2026-08-23 23:53:30,545 INFO ncaa_identity: contest_id=1345814 season=2010 league=wbb -- teams  not built; ids emitted as nulls
2026-08-23 23:53:30,549 INFO ncaa_identity: contest_id=1345814 teams 0/2132 matched, players 0/785 matched
2026-08-23 23:53:31,885 INFO ncaa_identity: contest_id=1345830 season=2010 league=wbb -- teams  not built; ids emitted as nulls
2026-08-23 23:53:31,891 INFO ncaa_identity: contest_id=1345830 teams 0/2795 matched, players 0/767 matched
2026-08-23 23:53:33,086 INFO ncaa_identity: contest_id=1345865 season=2010 league=wbb -- teams  not built; ids emitted as nulls
2026-08-23 23:53:33,090 INFO ncaa_identity: contest_id=1345865 teams 0/1847 matched, players 0/621 matched
2026-08-23 23:53:34,269 INFO ncaa_identity: contest_id=1345885 season=2010 league=wbb -- teams  not built; ids emitted as nulls
2026-08-23 23:53:34,275 INFO ncaa_identity: contest_id=1345885 teams 0/2036 matched, players 0/744 matched
2026-08-23 23:53:35,443 INFO ncaa_identity: contest_id=1345901 season=2010 league=wbb -- teams  not built; ids emitted as nulls
2026-08-23 23:53:35,448 INFO ncaa_identity: contest_id=1345901 teams 0/2176 matched, players 0/825 matched
2026-08-23 23:53:36,826 INFO ncaa_identity: contest_id=1345930 season=2010 league=wbb -- teams  not built; ids emitted as nulls
2026-08-23 23:53:36,831 INFO ncaa_identity: contest_id=1345930 teams 0/1960 matched, players 0/722 matched
2026-08-23 23:53:37,813 INFO ncaa_identity: contest_id=1345954 season=2010 league=wbb -- teams  not built; ids emitted as nulls
2026-08-23 23:53:37,817 INFO ncaa_identity: contest_id=1345954 teams 0/1664 matched, players 0/601 matched
2026-08-23 23:53:38,814 INFO ncaa_identity: contest_id=1346035 season=2010 league=wbb -- teams  not built; ids emitted as nulls
2026-08-23 23:53:38,819 INFO ncaa_identity: contest_id=1346035 teams 0/2068 matched, players 0/805 matched
2026-08-23 23:53:40,015 INFO ncaa_identity: contest_id=1346055 season=2010 league=wbb -- teams  not built; ids emitted as nulls
2026-08-23 23:53:40,020 INFO ncaa_identity: contest_id=1346055 teams 0/2166 matched, players 0/847 matched
2026-08-23 23:53:41,519 INFO ncaa_identity: contest_id=1346091 season=2010 league=wbb -- teams  not built; ids emitted as nulls
2026-08-23 23:53:41,525 INFO ncaa_identity: contest_id=1346091 teams 0/2366 matched, players 0/901 matched
2026-08-23 23:53:42,620 INFO ncaa_identity: contest_id=1346128 season=2010 league=wbb -- teams  not built; ids emitted as nulls
2026-08-23 23:53:42,624 INFO ncaa_identity: contest_id=1346128 teams 0/1704 matched, players 0/564 matched
2026-08-23 23:53:43,828 INFO ncaa_identity: contest_id=1346174 season=2010 league=wbb -- teams  not built; ids emitted as nulls
2026-08-23 23:53:43,833 INFO ncaa_identity: contest_id=1346174 teams 0/2192 matched, players 0/845 matched
2026-08-23 23:53:45,270 INFO ncaa_identity: contest_id=1346219 season=2010 league=wbb -- teams  not built; ids emitted as nulls
2026-08-23 23:53:45,275 INFO ncaa_identity: contest_id=1346219 teams 0/2076 matched, players 0/648 matched
2026-08-23 23:53:46,411 INFO ncaa_identity: contest_id=1346242 season=2010 league=wbb -- teams  not built; ids emitted as nulls
2026-08-23 23:53:46,415 INFO ncaa_identity: contest_id=1346242 teams 0/1962 matched, players 0/729 matched
2026-08-23 23:53:47,501 INFO ncaa_identity: contest_id=1346265 season=2010 league=wbb -- teams  not built; ids emitted as nulls
2026-08-23 23:53:47,505 INFO ncaa_identity: contest_id=1346265 teams 0/1808 matched, players 0/643 matched
2026-08-23 23:53:48,914 INFO ncaa_identity: contest_id=1346306 season=2010 league=wbb -- teams  not built; ids emitted as nulls
2026-08-23 23:53:48,918 INFO ncaa_identity: contest_id=1346306 teams 0/1920 matched, players 0/775 matched
2026-08-23 23:53:49,926 INFO ncaa_identity: contest_id=1346323 season=2010 league=wbb -- teams  not built; ids emitted as nulls
2026-08-23 23:53:49,930 INFO ncaa_identity: contest_id=1346323 teams 0/1778 matched, players 0/703 matched
2026-08-23 23:53:50,881 INFO ncaa_identity: contest_id=1346357 season=2010 league=wbb -- teams  not built; ids emitted as nulls
2026-08-23 23:53:50,885 INFO ncaa_identity: contest_id=1346357 teams 0/1972 matched, players 0/713 matched
2026-08-23 23:53:52,096 INFO ncaa_identity: contest_id=1346375 season=2010 league=wbb -- teams  not built; ids emitted as nulls
2026-08-23 23:53:52,100 INFO ncaa_identity: contest_id=1346375 teams 0/2264 matched, players 0/837 matched
2026-08-23 23:53:53,068 INFO ncaa_identity: contest_id=1346413 season=2010 league=wbb -- teams  not built; ids emitted as nulls
2026-08-23 23:53:53,072 INFO ncaa_identity: contest_id=1346413 teams 0/1562 matched, players 0/598 matched
2026-08-23 23:53:54,007 INFO ncaa_identity: contest_id=1346445 season=2010 league=wbb -- teams  not built; ids emitted as nulls
2026-08-23 23:53:54,011 INFO ncaa_identity: contest_id=1346445 teams 0/1780 matched, players 0/546 matched
2026-08-23 23:53:55,067 INFO ncaa_identity: contest_id=1346488 season=2010 league=wbb -- teams  not built; ids emitted as nulls
2026-08-23 23:53:55,073 INFO ncaa_identity: contest_id=1346488 teams 0/2144 matched, players 0/873 matched
2026-08-23 23:53:56,260 INFO ncaa_identity: contest_id=1346510 season=2010 league=wbb -- teams  not built; ids emitted as nulls
2026-08-23 23:53:56,264 INFO ncaa_identity: contest_id=1346510 teams 0/1840 matched, players 0/669 matched
2026-08-23 23:53:57,269 INFO ncaa_identity: contest_id=1346582 season=2010 league=wbb -- teams  not built; ids emitted as nulls
2026-08-23 23:53:57,274 INFO ncaa_identity: contest_id=1346582 teams 0/2050 matched, players 0/741 matched
2026-08-23 23:53:58,450 INFO ncaa_identity: contest_id=1346604 season=2010 league=wbb -- teams  not built; ids emitted as nulls
2026-08-23 23:53:58,455 INFO ncaa_identity: contest_id=1346604 teams 0/2560 matched, players 0/871 matched
2026-08-23 23:53:59,779 INFO ncaa_identity: contest_id=1346614 season=2010 league=wbb -- teams  not built; ids emitted as nulls
2026-08-23 23:53:59,782 INFO ncaa_identity: contest_id=1346614 teams 0/1690 matched, players 0/561 matched
2026-08-23 23:54:00,888 INFO ncaa_identity: contest_id=1346624 season=2010 league=wbb -- teams  not built; ids emitted as nulls
2026-08-23 23:54:00,893 INFO ncaa_identity: contest_id=1346624 teams 0/2174 matched, players 0/731 matched
2026-08-23 23:54:01,815 INFO ncaa_identity: contest_id=1346655 season=2010 league=wbb -- teams  not built; ids emitted as nulls
2026-08-23 23:54:01,822 INFO ncaa_identity: contest_id=1346655 teams 0/1998 matched, players 0/673 matched
2026-08-23 23:54:01,929 INFO 5 starters not found for period 1; using estimate
2026-08-23 23:54:01,929 INFO 5 starters not found for period 1; using estimate
2026-08-23 23:54:01,930 INFO 5 starters not found for period 2; using estimate
2026-08-23 23:54:01,930 INFO 5 starters not found for period 2; using estimate
2026-08-23 23:54:03,242 INFO ncaa_identity: contest_id=1346681 season=2010 league=wbb -- teams  not built; ids emitted as nulls
2026-08-23 23:54:03,251 INFO ncaa_identity: contest_id=1346681 teams 0/1969 matched, players 0/3091 matched
2026-08-23 23:54:04,525 INFO ncaa_identity: contest_id=1346763 season=2010 league=wbb -- teams  not built; ids emitted as nulls
2026-08-23 23:54:04,529 INFO ncaa_identity: contest_id=1346763 teams 0/1848 matched, players 0/673 matched
2026-08-23 23:54:05,622 INFO ncaa_identity: contest_id=1346785 season=2010 league=wbb -- teams  not built; ids emitted as nulls
2026-08-23 23:54:05,626 INFO ncaa_identity: contest_id=1346785 teams 0/1996 matched, players 0/679 matched
2026-08-23 23:54:07,220 INFO ncaa_identity: contest_id=1346858 season=2010 league=wbb -- teams  not built; ids emitted as nulls
2026-08-23 23:54:07,224 INFO ncaa_identity: contest_id=1346858 teams 0/1954 matched, players 0/590 matched
2026-08-23 23:54:08,647 INFO ncaa_identity: contest_id=1346886 season=2010 league=wbb -- teams  not built; ids emitted as nulls
2026-08-23 23:54:08,652 INFO ncaa_identity: contest_id=1346886 teams 0/2462 matched, players 0/912 matched
2026-08-23 23:54:10,449 INFO ncaa_identity: contest_id=1346981 season=2010 league=wbb -- teams  not built; ids emitted as nulls
2026-08-23 23:54:10,456 INFO ncaa_identity: contest_id=1346981 teams 0/2828 matched, players 0/1250 matched
2026-08-23 23:54:11,815 INFO ncaa_identity: contest_id=1346996 season=2010 league=wbb -- teams  not built; ids emitted as nulls
2026-08-23 23:54:11,835 INFO ncaa_identity: contest_id=1346996 teams 0/2539 matched, players 0/7184 matched
2026-08-23 23:54:12,855 INFO ncaa_identity: contest_id=1347006 season=2010 league=wbb -- teams  not built; ids emitted as nulls
2026-08-23 23:54:12,859 INFO ncaa_identity: contest_id=1347006 teams 0/1734 matched, players 0/615 matched
2026-08-23 23:54:14,322 INFO ncaa_identity: contest_id=1347019 season=2010 league=wbb -- teams  not built; ids emitted as nulls
2026-08-23 23:54:14,326 INFO ncaa_identity: contest_id=1347019 teams 0/2022 matched, players 0/735 matched
2026-08-23 23:54:15,324 INFO ncaa_identity: contest_id=1347039 season=2010 league=wbb -- teams  not built; ids emitted as nulls
2026-08-23 23:54:15,329 INFO ncaa_identity: contest_id=1347039 teams 0/1778 matched, players 0/608 matched
2026-08-23 23:54:16,786 INFO ncaa_identity: contest_id=1347051 season=2010 league=wbb -- teams  not built; ids emitted as nulls
2026-08-23 23:54:16,792 INFO ncaa_identity: contest_id=1347051 teams 0/2510 matched, players 0/935 matched
2026-08-23 23:54:18,063 INFO ncaa_identity: contest_id=1347072 season=2010 league=wbb -- teams  not built; ids emitted as nulls
2026-08-23 23:54:18,067 INFO ncaa_identity: contest_id=1347072 teams 0/1884 matched, players 0/568 matched
2026-08-23 23:54:19,434 INFO ncaa_identity: contest_id=1347104 season=2010 league=wbb -- teams  not built; ids emitted as nulls
2026-08-23 23:54:19,438 INFO ncaa_identity: contest_id=1347104 teams 0/2056 matched, players 0/822 matched
2026-08-23 23:54:20,543 INFO ncaa_identity: contest_id=1347141 season=2010 league=wbb -- teams  not built; ids emitted as nulls
2026-08-23 23:54:20,546 INFO ncaa_identity: contest_id=1347141 teams 0/1948 matched, players 0/726 matched
2026-08-23 23:54:21,722 INFO ncaa_identity: contest_id=1347180 season=2010 league=wbb -- teams  not built; ids emitted as nulls
2026-08-23 23:54:21,727 INFO ncaa_identity: contest_id=1347180 teams 0/1990 matched, players 0/711 matched
2026-08-23 23:54:22,726 INFO ncaa_identity: contest_id=1347225 season=2010 league=wbb -- teams  not built; ids emitted as nulls
2026-08-23 23:54:22,745 INFO ncaa_identity: contest_id=1347225 teams 0/2506 matched, players 0/7097 matched
2026-08-23 23:54:23,619 INFO ncaa_identity: contest_id=1347235 season=2010 league=wbb -- teams  not built; ids emitted as nulls
2026-08-23 23:54:23,622 INFO ncaa_identity: contest_id=1347235 teams 0/1374 matched, players 0/361 matched
2026-08-23 23:54:24,923 INFO ncaa_identity: contest_id=1347255 season=2010 league=wbb -- teams  not built; ids emitted as nulls
2026-08-23 23:54:24,928 INFO ncaa_identity: contest_id=1347255 teams 0/1961 matched, players 0/792 matched
2026-08-23 23:54:25,755 INFO ncaa_identity: contest_id=1347288 season=2010 league=wbb -- teams  not built; ids emitted as nulls
2026-08-23 23:54:25,759 INFO ncaa_identity: contest_id=1347288 teams 0/1728 matched, players 0/645 matched
2026-08-23 23:54:26,863 INFO ncaa_identity: contest_id=1347316 season=2010 league=wbb -- teams  not built; ids emitted as nulls
2026-08-23 23:54:26,868 INFO ncaa_identity: contest_id=1347316 teams 0/2270 matched, players 0/816 matched
2026-08-23 23:54:28,561 INFO ncaa_identity: contest_id=1347350 season=2010 league=wbb -- teams  not built; ids emitted as nulls
2026-08-23 23:54:28,585 INFO ncaa_identity: contest_id=1347350 teams 0/2699 matched, players 0/7616 matched
2026-08-23 23:54:29,568 INFO ncaa_identity: contest_id=1347408 season=2010 league=wbb -- teams  not built; ids emitted as nulls
2026-08-23 23:54:29,573 INFO ncaa_identity: contest_id=1347408 teams 0/2071 matched, players 0/857 matched
2026-08-23 23:54:30,557 INFO ncaa_identity: contest_id=1347456 season=2010 league=wbb -- teams  not built; ids emitted as nulls
2026-08-23 23:54:30,561 INFO ncaa_identity: contest_id=1347456 teams 0/1905 matched, players 0/644 matched
2026-08-23 23:54:31,956 INFO ncaa_identity: contest_id=1347505 season=2010 league=wbb -- teams  not built; ids emitted as nulls
2026-08-23 23:54:31,964 INFO ncaa_identity: contest_id=1347505 teams 0/2436 matched, players 0/996 matched
2026-08-23 23:54:33,068 INFO ncaa_identity: contest_id=1347549 season=2010 league=wbb -- teams  not built; ids emitted as nulls
2026-08-23 23:54:33,077 INFO ncaa_identity: contest_id=1347549 teams 0/1788 matched, players 0/601 matched
2026-08-23 23:54:34,497 INFO ncaa_identity: contest_id=1347596 season=2010 league=wbb -- teams  not built; ids emitted as nulls
2026-08-23 23:54:34,502 INFO ncaa_identity: contest_id=1347596 teams 0/2138 matched, players 0/866 matched
2026-08-23 23:54:35,533 INFO ncaa_identity: contest_id=1347617 season=2010 league=wbb -- teams  not built; ids emitted as nulls
2026-08-23 23:54:35,537 INFO ncaa_identity: contest_id=1347617 teams 0/2016 matched, players 0/667 matched
2026-08-23 23:54:36,410 INFO ncaa_identity: contest_id=1347683 season=2010 league=wbb -- teams  not built; ids emitted as nulls
2026-08-23 23:54:36,413 INFO ncaa_identity: contest_id=1347683 teams 0/1772 matched, players 0/564 matched
2026-08-23 23:54:37,621 INFO ncaa_identity: contest_id=1347707 season=2010 league=wbb -- teams  not built; ids emitted as nulls
2026-08-23 23:54:37,625 INFO ncaa_identity: contest_id=1347707 teams 0/1956 matched, players 0/748 matched
2026-08-23 23:54:38,571 INFO ncaa_identity: contest_id=1347778 season=2010 league=wbb -- teams  not built; ids emitted as nulls
2026-08-23 23:54:38,576 INFO ncaa_identity: contest_id=1347778 teams 0/2083 matched, players 0/803 matched
2026-08-23 23:54:39,533 INFO ncaa_identity: contest_id=1347797 season=2010 league=wbb -- teams  not built; ids emitted as nulls
2026-08-23 23:54:39,537 INFO ncaa_identity: contest_id=1347797 teams 0/1654 matched, players 0/508 matched
2026-08-23 23:54:40,485 INFO ncaa_identity: contest_id=1347807 season=2010 league=wbb -- teams  not built; ids emitted as nulls
2026-08-23 23:54:40,489 INFO ncaa_identity: contest_id=1347807 teams 0/2006 matched, players 0/813 matched
2026-08-23 23:54:41,722 INFO ncaa_identity: contest_id=1347823 season=2010 league=wbb -- teams  not built; ids emitted as nulls
2026-08-23 23:54:41,727 INFO ncaa_identity: contest_id=1347823 teams 0/2249 matched, players 0/889 matched
2026-08-23 23:54:42,691 INFO ncaa_identity: contest_id=1347834 season=2010 league=wbb -- teams  not built; ids emitted as nulls
2026-08-23 23:54:42,695 INFO ncaa_identity: contest_id=1347834 teams 0/1946 matched, players 0/735 matched
2026-08-23 23:54:43,681 INFO ncaa_identity: contest_id=1347855 season=2010 league=wbb -- teams  not built; ids emitted as nulls
2026-08-23 23:54:43,685 INFO ncaa_identity: contest_id=1347855 teams 0/1624 matched, players 0/527 matched
2026-08-23 23:54:45,337 INFO ncaa_identity: contest_id=1347883 season=2010 league=wbb -- teams  not built; ids emitted as nulls
2026-08-23 23:54:45,357 INFO ncaa_identity: contest_id=1347883 teams 0/2550 matched, players 0/7227 matched
2026-08-23 23:54:46,541 INFO ncaa_identity: contest_id=1347916 season=2010 league=wbb -- teams  not built; ids emitted as nulls
2026-08-23 23:54:46,546 INFO ncaa_identity: contest_id=1347916 teams 0/2088 matched, players 0/729 matched
2026-08-23 23:54:46,659 INFO 5 starters not found for period 1; using estimate
2026-08-23 23:54:46,659 INFO 5 starters not found for period 1; using estimate
2026-08-23 23:54:46,659 INFO 5 starters not found for period 2; using estimate
2026-08-23 23:54:46,660 INFO 5 starters not found for period 2; using estimate
2026-08-23 23:54:47,937 INFO ncaa_identity: contest_id=1347941 season=2010 league=wbb -- teams  not built; ids emitted as nulls
2026-08-23 23:54:47,960 INFO ncaa_identity: contest_id=1347941 teams 0/2317 matched, players 0/3654 matched
2026-08-23 23:54:49,358 INFO ncaa_identity: contest_id=1347967 season=2010 league=wbb -- teams  not built; ids emitted as nulls
2026-08-23 23:54:49,364 INFO ncaa_identity: contest_id=1347967 teams 0/2244 matched, players 0/927 matched
2026-08-23 23:54:50,751 INFO ncaa_identity: contest_id=1347979 season=2010 league=wbb -- teams  not built; ids emitted as nulls
2026-08-23 23:54:50,757 INFO ncaa_identity: contest_id=1347979 teams 0/2366 matched, players 0/882 matched
2026-08-23 23:54:50,884 INFO 5 starters not found for period 1; using estimate
2026-08-23 23:54:50,885 INFO 5 starters not found for period 1; using estimate
2026-08-23 23:54:50,886 INFO 5 starters not found for period 2; using estimate
2026-08-23 23:54:50,886 INFO 5 starters not found for period 2; using estimate
2026-08-23 23:54:52,141 INFO ncaa_identity: contest_id=1348001 season=2010 league=wbb -- teams  not built; ids emitted as nulls
2026-08-23 23:54:52,150 INFO ncaa_identity: contest_id=1348001 teams 0/2228 matched, players 0/2921 matched
2026-08-23 23:54:53,725 INFO ncaa_identity: contest_id=1348029 season=2010 league=wbb -- teams  not built; ids emitted as nulls
2026-08-23 23:54:53,731 INFO ncaa_identity: contest_id=1348029 teams 0/2265 matched, players 0/882 matched
2026-08-23 23:54:54,945 INFO ncaa_identity: contest_id=1348062 season=2010 league=wbb -- teams  not built; ids emitted as nulls
2026-08-23 23:54:54,950 INFO ncaa_identity: contest_id=1348062 teams 0/2130 matched, players 0/863 matched
2026-08-23 23:54:56,633 INFO ncaa_identity: contest_id=1348085 season=2010 league=wbb -- teams  not built; ids emitted as nulls
2026-08-23 23:54:56,638 INFO ncaa_identity: contest_id=1348085 teams 0/2068 matched, players 0/805 matched
2026-08-23 23:54:57,922 INFO ncaa_identity: contest_id=1348115 season=2010 league=wbb -- teams  not built; ids emitted as nulls
2026-08-23 23:54:57,927 INFO ncaa_identity: contest_id=1348115 teams 0/2224 matched, players 0/792 matched
2026-08-23 23:54:59,282 INFO ncaa_identity: contest_id=1348169 season=2010 league=wbb -- teams  not built; ids emitted as nulls
2026-08-23 23:54:59,287 INFO ncaa_identity: contest_id=1348169 teams 0/2196 matched, players 0/894 matched
2026-08-23 23:55:00,616 INFO ncaa_identity: contest_id=1348186 season=2010 league=wbb -- teams  not built; ids emitted as nulls
2026-08-23 23:55:00,619 INFO ncaa_identity: contest_id=1348186 teams 0/1754 matched, players 0/529 matched
2026-08-23 23:55:01,960 INFO ncaa_identity: contest_id=1348196 season=2010 league=wbb -- teams  not built; ids emitted as nulls
2026-08-23 23:55:01,965 INFO ncaa_identity: contest_id=1348196 teams 0/2259 matched, players 0/817 matched
2026-08-23 23:55:02,894 INFO ncaa_identity: contest_id=1348207 season=2010 league=wbb -- teams  not built; ids emitted as nulls
2026-08-23 23:55:02,899 INFO ncaa_identity: contest_id=1348207 teams 0/1730 matched, players 0/653 matched
2026-08-23 23:55:04,182 INFO ncaa_identity: contest_id=1348235 season=2010 league=wbb -- teams  not built; ids emitted as nulls
2026-08-23 23:55:04,187 INFO ncaa_identity: contest_id=1348235 teams 0/2178 matched, players 0/869 matched
2026-08-23 23:55:05,218 INFO ncaa_identity: contest_id=1348296 season=2010 league=wbb -- teams  not built; ids emitted as nulls
2026-08-23 23:55:05,232 INFO ncaa_identity: contest_id=1348296 teams 0/1770 matched, players 0/596 matched
2026-08-23 23:55:06,245 INFO ncaa_identity: contest_id=1348312 season=2010 league=wbb -- teams  not built; ids emitted as nulls
2026-08-23 23:55:06,249 INFO ncaa_identity: contest_id=1348312 teams 0/1730 matched, players 0/538 matched
2026-08-23 23:55:07,964 INFO ncaa_identity: contest_id=1348329 season=2010 league=wbb -- teams  not built; ids emitted as nulls
2026-08-23 23:55:07,970 INFO ncaa_identity: contest_id=1348329 teams 0/2847 matched, players 0/1150 matched
2026-08-23 23:55:09,624 INFO ncaa_identity: contest_id=1348339 season=2010 league=wbb -- teams  not built; ids emitted as nulls
2026-08-23 23:55:09,630 INFO ncaa_identity: contest_id=1348339 teams 0/2390 matched, players 0/877 matched
2026-08-23 23:55:10,566 INFO ncaa_identity: contest_id=1348352 season=2010 league=wbb -- teams  not built; ids emitted as nulls
2026-08-23 23:55:10,571 INFO ncaa_identity: contest_id=1348352 teams 0/2154 matched, players 0/831 matched
2026-08-23 23:55:11,941 INFO ncaa_identity: contest_id=1348366 season=2010 league=wbb -- teams  not built; ids emitted as nulls
2026-08-23 23:55:11,945 INFO ncaa_identity: contest_id=1348366 teams 0/1882 matched, players 0/687 matched
2026-08-23 23:55:12,971 INFO ncaa_identity: contest_id=1348376 season=2010 league=wbb -- teams  not built; ids emitted as nulls
2026-08-23 23:55:12,976 INFO ncaa_identity: contest_id=1348376 teams 0/1886 matched, players 0/641 matched
2026-08-23 23:55:14,317 INFO ncaa_identity: contest_id=1348407 season=2010 league=wbb -- teams  not built; ids emitted as nulls
2026-08-23 23:55:14,325 INFO ncaa_identity: contest_id=1348407 teams 0/2538 matched, players 0/985 matched
2026-08-23 23:55:15,465 INFO ncaa_identity: contest_id=1348423 season=2010 league=wbb -- teams  not built; ids emitted as nulls
2026-08-23 23:55:15,470 INFO ncaa_identity: contest_id=1348423 teams 0/2466 matched, players 0/1022 matched
2026-08-23 23:55:16,602 INFO ncaa_identity: contest_id=1348445 season=2010 league=wbb -- teams  not built; ids emitted as nulls
2026-08-23 23:55:16,607 INFO ncaa_identity: contest_id=1348445 teams 0/2242 matched, players 0/833 matched
2026-08-23 23:55:17,832 INFO ncaa_identity: contest_id=1348457 season=2010 league=wbb -- teams  not built; ids emitted as nulls
2026-08-23 23:55:17,836 INFO ncaa_identity: contest_id=1348457 teams 0/1896 matched, players 0/681 matched
2026-08-23 23:55:18,874 INFO ncaa_identity: contest_id=1348468 season=2010 league=wbb -- teams  not built; ids emitted as nulls
2026-08-23 23:55:18,881 INFO ncaa_identity: contest_id=1348468 teams 0/2158 matched, players 0/824 matched
2026-08-23 23:55:19,907 INFO ncaa_identity: contest_id=1348481 season=2010 league=wbb -- teams  not built; ids emitted as nulls
2026-08-23 23:55:19,913 INFO ncaa_identity: contest_id=1348481 teams 0/2332 matched, players 0/928 matched
2026-08-23 23:55:21,185 INFO ncaa_identity: contest_id=1348512 season=2010 league=wbb -- teams  not built; ids emitted as nulls
2026-08-23 23:55:21,190 INFO ncaa_identity: contest_id=1348512 teams 0/2202 matched, players 0/748 matched
2026-08-23 23:55:22,069 INFO ncaa_identity: contest_id=1348527 season=2010 league=wbb -- teams  not built; ids emitted as nulls
2026-08-23 23:55:22,074 INFO ncaa_identity: contest_id=1348527 teams 0/1900 matched, players 0/770 matched
2026-08-23 23:55:23,003 INFO ncaa_identity: contest_id=1348538 season=2010 league=wbb -- teams  not built; ids emitted as nulls
2026-08-23 23:55:23,006 INFO ncaa_identity: contest_id=1348538 teams 0/1817 matched, players 0/616 matched
2026-08-23 23:55:24,174 INFO ncaa_identity: contest_id=1348548 season=2010 league=wbb -- teams  not built; ids emitted as nulls
2026-08-23 23:55:24,179 INFO ncaa_identity: contest_id=1348548 teams 0/2210 matched, players 0/858 matched
2026-08-23 23:55:25,184 INFO ncaa_identity: contest_id=1348559 season=2010 league=wbb -- teams  not built; ids emitted as nulls
2026-08-23 23:55:25,189 INFO ncaa_identity: contest_id=1348559 teams 0/2022 matched, players 0/748 matched
2026-08-23 23:55:26,432 INFO ncaa_identity: contest_id=1348581 season=2010 league=wbb -- teams  not built; ids emitted as nulls
2026-08-23 23:55:26,455 INFO ncaa_identity: contest_id=1348581 teams 0/2645 matched, players 0/7478 matched
2026-08-23 23:55:27,717 INFO ncaa_identity: contest_id=1348597 season=2010 league=wbb -- teams  not built; ids emitted as nulls
2026-08-23 23:55:27,723 INFO ncaa_identity: contest_id=1348597 teams 0/2200 matched, players 0/894 matched
2026-08-23 23:55:28,868 INFO ncaa_identity: contest_id=1348613 season=2010 league=wbb -- teams  not built; ids emitted as nulls
2026-08-23 23:55:28,873 INFO ncaa_identity: contest_id=1348613 teams 0/2200 matched, players 0/778 matched
2026-08-23 23:55:30,211 INFO ncaa_identity: contest_id=1348623 season=2010 league=wbb -- teams  not built; ids emitted as nulls
2026-08-23 23:55:30,216 INFO ncaa_identity: contest_id=1348623 teams 0/2368 matched, players 0/939 matched
2026-08-23 23:55:31,573 INFO ncaa_identity: contest_id=1348633 season=2010 league=wbb -- teams  not built; ids emitted as nulls
2026-08-23 23:55:31,580 INFO ncaa_identity: contest_id=1348633 teams 0/2158 matched, players 0/864 matched
2026-08-23 23:55:32,411 INFO ncaa_identity: contest_id=1348644 season=2010 league=wbb -- teams  not built; ids emitted as nulls
2026-08-23 23:55:32,415 INFO ncaa_identity: contest_id=1348644 teams 0/1816 matched, players 0/656 matched
2026-08-23 23:55:33,575 INFO ncaa_identity: contest_id=1348669 season=2010 league=wbb -- teams  not built; ids emitted as nulls
2026-08-23 23:55:33,579 INFO ncaa_identity: contest_id=1348669 teams 0/2032 matched, players 0/781 matched
2026-08-23 23:55:35,221 INFO ncaa_identity: contest_id=1348695 season=2010 league=wbb -- teams  not built; ids emitted as nulls
2026-08-23 23:55:35,226 INFO ncaa_identity: contest_id=1348695 teams 0/2170 matched, players 0/809 matched
2026-08-23 23:55:36,420 INFO ncaa_identity: contest_id=1348705 season=2010 league=wbb -- teams  not built; ids emitted as nulls
2026-08-23 23:55:36,424 INFO ncaa_identity: contest_id=1348705 teams 0/2084 matched, players 0/810 matched
2026-08-23 23:55:37,294 INFO ncaa_identity: contest_id=1348726 season=2010 league=wbb -- teams  not built; ids emitted as nulls
2026-08-23 23:55:37,297 INFO ncaa_identity: contest_id=1348726 teams 0/1390 matched, players 0/365 matched
2026-08-23 23:55:38,772 INFO ncaa_identity: contest_id=1348743 season=2010 league=wbb -- teams  not built; ids emitted as nulls
2026-08-23 23:55:38,777 INFO ncaa_identity: contest_id=1348743 teams 0/1892 matched, players 0/761 matched
2026-08-23 23:55:40,047 INFO ncaa_identity: contest_id=1348756 season=2010 league=wbb -- teams  not built; ids emitted as nulls
2026-08-23 23:55:40,052 INFO ncaa_identity: contest_id=1348756 teams 0/1882 matched, players 0/678 matched
2026-08-23 23:55:41,374 INFO ncaa_identity: contest_id=1348776 season=2010 league=wbb -- teams  not built; ids emitted as nulls
2026-08-23 23:55:41,377 INFO ncaa_identity: contest_id=1348776 teams 0/1928 matched, players 0/553 matched
2026-08-23 23:55:42,537 INFO ncaa_identity: contest_id=1348813 season=2010 league=wbb -- teams  not built; ids emitted as nulls
2026-08-23 23:55:42,541 INFO ncaa_identity: contest_id=1348813 teams 0/1652 matched, players 0/598 matched
2026-08-23 23:55:43,589 INFO ncaa_identity: contest_id=1348853 season=2010 league=wbb -- teams  not built; ids emitted as nulls
2026-08-23 23:55:43,593 INFO ncaa_identity: contest_id=1348853 teams 0/1756 matched, players 0/625 matched
2026-08-23 23:55:44,661 INFO ncaa_identity: contest_id=1348877 season=2010 league=wbb -- teams  not built; ids emitted as nulls
2026-08-23 23:55:44,666 INFO ncaa_identity: contest_id=1348877 teams 0/2156 matched, players 0/783 matched
2026-08-23 23:55:46,329 INFO ncaa_identity: contest_id=1348902 season=2010 league=wbb -- teams  not built; ids emitted as nulls
2026-08-23 23:55:46,333 INFO ncaa_identity: contest_id=1348902 teams 0/2046 matched, players 0/842 matched
2026-08-23 23:55:47,562 INFO ncaa_identity: contest_id=1348912 season=2010 league=wbb -- teams  not built; ids emitted as nulls
2026-08-23 23:55:47,566 INFO ncaa_identity: contest_id=1348912 teams 0/2124 matched, players 0/681 matched
2026-08-23 23:55:48,963 INFO ncaa_identity: contest_id=1348923 season=2010 league=wbb -- teams  not built; ids emitted as nulls
2026-08-23 23:55:48,972 INFO ncaa_identity: contest_id=1348923 teams 0/2184 matched, players 0/897 matched
2026-08-23 23:55:50,401 INFO ncaa_identity: contest_id=1348941 season=2010 league=wbb -- teams  not built; ids emitted as nulls
2026-08-23 23:55:50,406 INFO ncaa_identity: contest_id=1348941 teams 0/2128 matched, players 0/670 matched
2026-08-23 23:55:51,544 INFO ncaa_identity: contest_id=1348954 season=2010 league=wbb -- teams  not built; ids emitted as nulls
2026-08-23 23:55:51,550 INFO ncaa_identity: contest_id=1348954 teams 0/2102 matched, players 0/754 matched
2026-08-23 23:55:52,528 INFO ncaa_identity: contest_id=1349003 season=2010 league=wbb -- teams  not built; ids emitted as nulls
2026-08-23 23:55:52,532 INFO ncaa_identity: contest_id=1349003 teams 0/1762 matched, players 0/509 matched
2026-08-23 23:55:54,178 INFO ncaa_identity: contest_id=1349042 season=2010 league=wbb -- teams  not built; ids emitted as nulls
2026-08-23 23:55:54,193 INFO ncaa_identity: contest_id=1349042 teams 0/2374 matched, players 0/999 matched
2026-08-23 23:55:55,382 INFO ncaa_identity: contest_id=1349056 season=2010 league=wbb -- teams  not built; ids emitted as nulls
2026-08-23 23:55:55,386 INFO ncaa_identity: contest_id=1349056 teams 0/1946 matched, players 0/689 matched
2026-08-23 23:55:56,591 INFO ncaa_identity: contest_id=1349067 season=2010 league=wbb -- teams  not built; ids emitted as nulls
2026-08-23 23:55:56,595 INFO ncaa_identity: contest_id=1349067 teams 0/1836 matched, players 0/682 matched
2026-08-23 23:55:57,574 INFO ncaa_identity: contest_id=1349099 season=2010 league=wbb -- teams  not built; ids emitted as nulls
2026-08-23 23:55:57,579 INFO ncaa_identity: contest_id=1349099 teams 0/2148 matched, players 0/796 matched
2026-08-23 23:55:58,683 INFO ncaa_identity: contest_id=1349144 season=2010 league=wbb -- teams  not built; ids emitted as nulls
2026-08-23 23:55:58,687 INFO ncaa_identity: contest_id=1349144 teams 0/2226 matched, players 0/644 matched
2026-08-23 23:55:59,871 INFO ncaa_identity: contest_id=1349175 season=2010 league=wbb -- teams  not built; ids emitted as nulls
2026-08-23 23:55:59,874 INFO ncaa_identity: contest_id=1349175 teams 0/1922 matched, players 0/650 matched
2026-08-23 23:56:00,836 INFO ncaa_identity: contest_id=1349189 season=2010 league=wbb -- teams  not built; ids emitted as nulls
2026-08-23 23:56:00,840 INFO ncaa_identity: contest_id=1349189 teams 0/1813 matched, players 0/619 matched
2026-08-23 23:56:01,807 INFO ncaa_identity: contest_id=1349206 season=2010 league=wbb -- teams  not built; ids emitted as nulls
2026-08-23 23:56:01,811 INFO ncaa_identity: contest_id=1349206 teams 0/1632 matched, players 0/533 matched
2026-08-23 23:56:03,153 INFO ncaa_identity: contest_id=1349216 season=2010 league=wbb -- teams  not built; ids emitted as nulls
2026-08-23 23:56:03,159 INFO ncaa_identity: contest_id=1349216 teams 0/2240 matched, players 0/865 matched
2026-08-23 23:56:04,458 INFO ncaa_identity: contest_id=1349228 season=2010 league=wbb -- teams  not built; ids emitted as nulls
2026-08-23 23:56:04,463 INFO ncaa_identity: contest_id=1349228 teams 0/2236 matched, players 0/917 matched
2026-08-23 23:56:05,720 INFO ncaa_identity: contest_id=1349251 season=2010 league=wbb -- teams  not built; ids emitted as nulls
2026-08-23 23:56:05,725 INFO ncaa_identity: contest_id=1349251 teams 0/2154 matched, players 0/808 matched
2026-08-23 23:56:06,913 INFO ncaa_identity: contest_id=1349275 season=2010 league=wbb -- teams  not built; ids emitted as nulls
2026-08-23 23:56:06,920 INFO ncaa_identity: contest_id=1349275 teams 0/2682 matched, players 0/1097 matched
2026-08-23 23:56:08,099 INFO ncaa_identity: contest_id=1349378 season=2010 league=wbb -- teams  not built; ids emitted as nulls
2026-08-23 23:56:08,108 INFO ncaa_identity: contest_id=1349378 teams 0/1992 matched, players 0/781 matched
2026-08-23 23:56:09,452 INFO ncaa_identity: contest_id=1349413 season=2010 league=wbb -- teams  not built; ids emitted as nulls
2026-08-23 23:56:09,457 INFO ncaa_identity: contest_id=1349413 teams 0/2086 matched, players 0/777 matched
2026-08-23 23:56:10,443 INFO ncaa_identity: contest_id=1349432 season=2010 league=wbb -- teams  not built; ids emitted as nulls
2026-08-23 23:56:10,448 INFO ncaa_identity: contest_id=1349432 teams 0/2004 matched, players 0/707 matched
2026-08-23 23:56:11,472 INFO ncaa_identity: contest_id=1349446 season=2010 league=wbb -- teams  not built; ids emitted as nulls
2026-08-23 23:56:11,479 INFO ncaa_identity: contest_id=1349446 teams 0/1824 matched, players 0/683 matched
2026-08-23 23:56:13,025 INFO ncaa_identity: contest_id=1349471 season=2010 league=wbb -- teams  not built; ids emitted as nulls
2026-08-23 23:56:13,031 INFO ncaa_identity: contest_id=1349471 teams 0/2498 matched, players 0/1067 matched
2026-08-23 23:56:14,467 INFO ncaa_identity: contest_id=1349532 season=2010 league=wbb -- teams  not built; ids emitted as nulls
2026-08-23 23:56:14,472 INFO ncaa_identity: contest_id=1349532 teams 0/2112 matched, players 0/861 matched
2026-08-23 23:56:15,641 INFO ncaa_identity: contest_id=1349542 season=2010 league=wbb -- teams  not built; ids emitted as nulls
2026-08-23 23:56:15,644 INFO ncaa_identity: contest_id=1349542 teams 0/1765 matched, players 0/654 matched
2026-08-23 23:56:17,261 INFO ncaa_identity: contest_id=1349557 season=2010 league=wbb -- teams  not built; ids emitted as nulls
2026-08-23 23:56:17,265 INFO ncaa_identity: contest_id=1349557 teams 0/2054 matched, players 0/692 matched
2026-08-23 23:56:18,508 INFO ncaa_identity: contest_id=1349573 season=2010 league=wbb -- teams  not built; ids emitted as nulls
2026-08-23 23:56:18,514 INFO ncaa_identity: contest_id=1349573 teams 0/1940 matched, players 0/762 matched
2026-08-23 23:56:19,618 INFO ncaa_identity: contest_id=1349602 season=2010 league=wbb -- teams  not built; ids emitted as nulls
2026-08-23 23:56:19,623 INFO ncaa_identity: contest_id=1349602 teams 0/2098 matched, players 0/858 matched
2026-08-23 23:56:19,743 INFO 5 starters not found for period 1; using estimate
2026-08-23 23:56:19,744 INFO 5 starters not found for period 1; using estimate
2026-08-23 23:56:19,744 INFO 5 starters not found for period 2; using estimate
2026-08-23 23:56:19,744 INFO 5 starters not found for period 2; using estimate
2026-08-23 23:56:20,941 INFO ncaa_identity: contest_id=1349612 season=2010 league=wbb -- teams  not built; ids emitted as nulls
2026-08-23 23:56:20,950 INFO ncaa_identity: contest_id=1349612 teams 0/2067 matched, players 0/3244 matched
2026-08-23 23:56:22,291 INFO ncaa_identity: contest_id=1349666 season=2010 league=wbb -- teams  not built; ids emitted as nulls
2026-08-23 23:56:22,296 INFO ncaa_identity: contest_id=1349666 teams 0/2176 matched, players 0/719 matched
2026-08-23 23:56:23,598 INFO ncaa_identity: contest_id=1349694 season=2010 league=wbb -- teams  not built; ids emitted as nulls
2026-08-23 23:56:23,603 INFO ncaa_identity: contest_id=1349694 teams 0/2320 matched, players 0/821 matched
2026-08-23 23:56:24,891 INFO ncaa_identity: contest_id=1349736 season=2010 league=wbb -- teams  not built; ids emitted as nulls
2026-08-23 23:56:24,896 INFO ncaa_identity: contest_id=1349736 teams 0/2164 matched, players 0/939 matched
2026-08-23 23:56:25,944 INFO ncaa_identity: contest_id=1349772 season=2010 league=wbb -- teams  not built; ids emitted as nulls
2026-08-23 23:56:25,948 INFO ncaa_identity: contest_id=1349772 teams 0/1914 matched, players 0/579 matched
2026-08-23 23:56:27,467 INFO ncaa_identity: contest_id=1349797 season=2010 league=wbb -- teams  not built; ids emitted as nulls
2026-08-23 23:56:27,472 INFO ncaa_identity: contest_id=1349797 teams 0/2176 matched, players 0/782 matched
2026-08-23 23:56:28,593 INFO ncaa_identity: contest_id=1349862 season=2010 league=wbb -- teams  not built; ids emitted as nulls
2026-08-23 23:56:28,598 INFO ncaa_identity: contest_id=1349862 teams 0/1832 matched, players 0/690 matched
2026-08-23 23:56:29,789 INFO ncaa_identity: contest_id=1349899 season=2010 league=wbb -- teams  not built; ids emitted as nulls
2026-08-23 23:56:29,794 INFO ncaa_identity: contest_id=1349899 teams 0/2055 matched, players 0/806 matched
2026-08-23 23:56:31,095 INFO ncaa_identity: contest_id=1349939 season=2010 league=wbb -- teams  not built; ids emitted as nulls
2026-08-23 23:56:31,100 INFO ncaa_identity: contest_id=1349939 teams 0/2254 matched, players 0/955 matched
2026-08-23 23:56:32,285 INFO ncaa_identity: contest_id=1349953 season=2010 league=wbb -- teams  not built; ids emitted as nulls
2026-08-23 23:56:32,289 INFO ncaa_identity: contest_id=1349953 teams 0/2018 matched, players 0/639 matched
2026-08-23 23:56:33,358 INFO ncaa_identity: contest_id=1349996 season=2010 league=wbb -- teams  not built; ids emitted as nulls
2026-08-23 23:56:33,362 INFO ncaa_identity: contest_id=1349996 teams 0/2012 matched, players 0/748 matched
2026-08-23 23:56:34,296 INFO ncaa_identity: contest_id=1350006 season=2010 league=wbb -- teams  not built; ids emitted as nulls
2026-08-23 23:56:34,302 INFO ncaa_identity: contest_id=1350006 teams 0/1952 matched, players 0/585 matched
2026-08-23 23:56:35,702 INFO ncaa_identity: contest_id=1350016 season=2010 league=wbb -- teams  not built; ids emitted as nulls
2026-08-23 23:56:35,706 INFO ncaa_identity: contest_id=1350016 teams 0/1842 matched, players 0/605 matched
2026-08-23 23:56:36,807 INFO ncaa_identity: contest_id=1350077 season=2010 league=wbb -- teams  not built; ids emitted as nulls
2026-08-23 23:56:36,812 INFO ncaa_identity: contest_id=1350077 teams 0/1964 matched, players 0/750 matched
2026-08-23 23:56:38,287 INFO ncaa_identity: contest_id=1350125 season=2010 league=wbb -- teams  not built; ids emitted as nulls
2026-08-23 23:56:38,293 INFO ncaa_identity: contest_id=1350125 teams 0/2262 matched, players 0/818 matched
2026-08-23 23:56:39,275 INFO ncaa_identity: contest_id=1350149 season=2010 league=wbb -- teams  not built; ids emitted as nulls
2026-08-23 23:56:39,279 INFO ncaa_identity: contest_id=1350149 teams 0/1872 matched, players 0/624 matched
2026-08-23 23:56:39,405 INFO 5 starters not found for period 1; using estimate
2026-08-23 23:56:39,406 INFO 5 starters not found for period 1; using estimate
2026-08-23 23:56:39,407 INFO 5 starters not found for period 2; using estimate
2026-08-23 23:56:39,407 INFO 5 starters not found for period 2; using estimate
2026-08-23 23:56:40,463 INFO ncaa_identity: contest_id=1350186 season=2010 league=wbb -- teams  not built; ids emitted as nulls
2026-08-23 23:56:40,476 INFO ncaa_identity: contest_id=1350186 teams 0/2374 matched, players 0/4342 matched
2026-08-23 23:56:41,905 INFO ncaa_identity: contest_id=1350252 season=2010 league=wbb -- teams  not built; ids emitted as nulls
2026-08-23 23:56:41,910 INFO ncaa_identity: contest_id=1350252 teams 0/1904 matched, players 0/640 matched
2026-08-23 23:56:42,993 INFO ncaa_identity: contest_id=1350282 season=2010 league=wbb -- teams  not built; ids emitted as nulls
2026-08-23 23:56:42,998 INFO ncaa_identity: contest_id=1350282 teams 0/2026 matched, players 0/710 matched
2026-08-23 23:56:44,044 INFO ncaa_identity: contest_id=1350305 season=2010 league=wbb -- teams  not built; ids emitted as nulls
2026-08-23 23:56:44,048 INFO ncaa_identity: contest_id=1350305 teams 0/1654 matched, players 0/683 matched
2026-08-23 23:56:45,359 INFO ncaa_identity: contest_id=1350319 season=2010 league=wbb -- teams  not built; ids emitted as nulls
2026-08-23 23:56:45,363 INFO ncaa_identity: contest_id=1350319 teams 0/1978 matched, players 0/682 matched
2026-08-23 23:56:46,407 INFO ncaa_identity: contest_id=1350340 season=2010 league=wbb -- teams  not built; ids emitted as nulls
2026-08-23 23:56:46,412 INFO ncaa_identity: contest_id=1350340 teams 0/2104 matched, players 0/855 matched
2026-08-23 23:56:47,418 INFO ncaa_identity: contest_id=1350399 season=2010 league=wbb -- teams  not built; ids emitted as nulls
2026-08-23 23:56:47,423 INFO ncaa_identity: contest_id=1350399 teams 0/2148 matched, players 0/787 matched
2026-08-23 23:56:48,749 INFO ncaa_identity: contest_id=1350415 season=2010 league=wbb -- teams  not built; ids emitted as nulls
2026-08-23 23:56:48,752 INFO ncaa_identity: contest_id=1350415 teams 0/1526 matched, players 0/582 matched
2026-08-23 23:56:49,904 INFO ncaa_identity: contest_id=1350459 season=2010 league=wbb -- teams  not built; ids emitted as nulls
2026-08-23 23:56:49,909 INFO ncaa_identity: contest_id=1350459 teams 0/2284 matched, players 0/1007 matched
2026-08-23 23:56:51,059 INFO ncaa_identity: contest_id=1350470 season=2010 league=wbb -- teams  not built; ids emitted as nulls
2026-08-23 23:56:51,063 INFO ncaa_identity: contest_id=1350470 teams 0/2102 matched, players 0/787 matched
2026-08-23 23:56:52,098 INFO ncaa_identity: contest_id=1350561 season=2010 league=wbb -- teams  not built; ids emitted as nulls
2026-08-23 23:56:52,102 INFO ncaa_identity: contest_id=1350561 teams 0/1980 matched, players 0/680 matched
2026-08-23 23:56:52,997 INFO ncaa_identity: contest_id=1350572 season=2010 league=wbb -- teams  not built; ids emitted as nulls
2026-08-23 23:56:53,001 INFO ncaa_identity: contest_id=1350572 teams 0/1752 matched, players 0/656 matched
2026-08-23 23:56:53,887 INFO ncaa_identity: contest_id=1350587 season=2010 league=wbb -- teams  not built; ids emitted as nulls
2026-08-23 23:56:53,891 INFO ncaa_identity: contest_id=1350587 teams 0/1848 matched, players 0/671 matched
2026-08-23 23:56:55,026 INFO ncaa_identity: contest_id=1350610 season=2010 league=wbb -- teams  not built; ids emitted as nulls
2026-08-23 23:56:55,031 INFO ncaa_identity: contest_id=1350610 teams 0/1904 matched, players 0/829 matched
2026-08-23 23:56:56,186 INFO ncaa_identity: contest_id=1350640 season=2010 league=wbb -- teams  not built; ids emitted as nulls
2026-08-23 23:56:56,192 INFO ncaa_identity: contest_id=1350640 teams 0/2430 matched, players 0/865 matched
2026-08-23 23:56:57,678 INFO ncaa_identity: contest_id=1350663 season=2010 league=wbb -- teams  not built; ids emitted as nulls
2026-08-23 23:56:57,685 INFO ncaa_identity: contest_id=1350663 teams 0/2484 matched, players 0/1109 matched
2026-08-23 23:56:58,726 INFO ncaa_identity: contest_id=1350685 season=2010 league=wbb -- teams  not built; ids emitted as nulls
2026-08-23 23:56:58,732 INFO ncaa_identity: contest_id=1350685 teams 0/2432 matched, players 0/995 matched
2026-08-23 23:57:00,017 INFO ncaa_identity: contest_id=1350747 season=2010 league=wbb -- teams  not built; ids emitted as nulls
2026-08-23 23:57:00,022 INFO ncaa_identity: contest_id=1350747 teams 0/2235 matched, players 0/739 matched
2026-08-23 23:57:01,431 INFO ncaa_identity: contest_id=1350816 season=2010 league=wbb -- teams  not built; ids emitted as nulls
2026-08-23 23:57:01,435 INFO ncaa_identity: contest_id=1350816 teams 0/1833 matched, players 0/619 matched
2026-08-23 23:57:02,568 INFO ncaa_identity: contest_id=1350832 season=2010 league=wbb -- teams  not built; ids emitted as nulls
2026-08-23 23:57:02,571 INFO ncaa_identity: contest_id=1350832 teams 0/1740 matched, players 0/566 matched
2026-08-23 23:57:03,703 INFO ncaa_identity: contest_id=1350867 season=2010 league=wbb -- teams  not built; ids emitted as nulls
2026-08-23 23:57:03,708 INFO ncaa_identity: contest_id=1350867 teams 0/2213 matched, players 0/880 matched
2026-08-23 23:57:04,989 INFO ncaa_identity: contest_id=1350933 season=2010 league=wbb -- teams  not built; ids emitted as nulls
2026-08-23 23:57:04,993 INFO ncaa_identity: contest_id=1350933 teams 0/1760 matched, players 0/627 matched
2026-08-23 23:57:06,197 INFO ncaa_identity: contest_id=1350952 season=2010 league=wbb -- teams  not built; ids emitted as nulls
2026-08-23 23:57:06,202 INFO ncaa_identity: contest_id=1350952 teams 0/2152 matched, players 0/803 matched
2026-08-23 23:57:07,357 INFO ncaa_identity: contest_id=1350998 season=2010 league=wbb -- teams  not built; ids emitted as nulls
2026-08-23 23:57:07,362 INFO ncaa_identity: contest_id=1350998 teams 0/2002 matched, players 0/746 matched
2026-08-23 23:57:08,925 INFO ncaa_identity: contest_id=1351014 season=2010 league=wbb -- teams  not built; ids emitted as nulls
2026-08-23 23:57:08,930 INFO ncaa_identity: contest_id=1351014 teams 0/2080 matched, players 0/817 matched
2026-08-23 23:57:10,095 INFO ncaa_identity: contest_id=1351044 season=2010 league=wbb -- teams  not built; ids emitted as nulls
2026-08-23 23:57:10,100 INFO ncaa_identity: contest_id=1351044 teams 0/2316 matched, players 0/831 matched
2026-08-23 23:57:11,312 INFO ncaa_identity: contest_id=1351079 season=2010 league=wbb -- teams  not built; ids emitted as nulls
2026-08-23 23:57:11,316 INFO ncaa_identity: contest_id=1351079 teams 0/1900 matched, players 0/682 matched
2026-08-23 23:57:12,545 INFO ncaa_identity: contest_id=1351100 season=2010 league=wbb -- teams  not built; ids emitted as nulls
2026-08-23 23:57:12,549 INFO ncaa_identity: contest_id=1351100 teams 0/1853 matched, players 0/694 matched
2026-08-23 23:57:13,611 INFO ncaa_identity: contest_id=1351110 season=2010 league=wbb -- teams  not built; ids emitted as nulls
2026-08-23 23:57:13,615 INFO ncaa_identity: contest_id=1351110 teams 0/2034 matched, players 0/726 matched
2026-08-23 23:57:14,690 INFO ncaa_identity: contest_id=1351202 season=2010 league=wbb -- teams  not built; ids emitted as nulls
2026-08-23 23:57:14,695 INFO ncaa_identity: contest_id=1351202 teams 0/1907 matched, players 0/710 matched
2026-08-23 23:57:16,306 INFO ncaa_identity: contest_id=1351251 season=2010 league=wbb -- teams  not built; ids emitted as nulls
2026-08-23 23:57:16,312 INFO ncaa_identity: contest_id=1351251 teams 0/2184 matched, players 0/839 matched
2026-08-23 23:57:17,509 INFO ncaa_identity: contest_id=1351268 season=2010 league=wbb -- teams  not built; ids emitted as nulls
2026-08-23 23:57:17,514 INFO ncaa_identity: contest_id=1351268 teams 0/2453 matched, players 0/982 matched
2026-08-23 23:57:18,599 INFO ncaa_identity: contest_id=1351278 season=2010 league=wbb -- teams  not built; ids emitted as nulls
2026-08-23 23:57:18,603 INFO ncaa_identity: contest_id=1351278 teams 0/2163 matched, players 0/712 matched
2026-08-23 23:57:20,020 INFO ncaa_identity: contest_id=1351288 season=2010 league=wbb -- teams  not built; ids emitted as nulls
2026-08-23 23:57:20,025 INFO ncaa_identity: contest_id=1351288 teams 0/2165 matched, players 0/754 matched
2026-08-23 23:57:20,849 INFO ncaa_identity: contest_id=1351318 season=2010 league=wbb -- teams  not built; ids emitted as nulls
2026-08-23 23:57:20,852 INFO ncaa_identity: contest_id=1351318 teams 0/1299 matched, players 0/342 matched
2026-08-23 23:57:22,011 INFO ncaa_identity: contest_id=1351389 season=2010 league=wbb -- teams  not built; ids emitted as nulls
2026-08-23 23:57:22,017 INFO ncaa_identity: contest_id=1351389 teams 0/2402 matched, players 0/925 matched
2026-08-23 23:57:23,359 INFO ncaa_identity: contest_id=1351447 season=2010 league=wbb -- teams  not built; ids emitted as nulls
2026-08-23 23:57:23,363 INFO ncaa_identity: contest_id=1351447 teams 0/2137 matched, players 0/702 matched
2026-08-23 23:57:24,482 INFO ncaa_identity: contest_id=1351459 season=2010 league=wbb -- teams  not built; ids emitted as nulls
2026-08-23 23:57:24,487 INFO ncaa_identity: contest_id=1351459 teams 0/1852 matched, players 0/700 matched
2026-08-23 23:57:25,496 INFO ncaa_identity: contest_id=1351480 season=2010 league=wbb -- teams  not built; ids emitted as nulls
2026-08-23 23:57:25,501 INFO ncaa_identity: contest_id=1351480 teams 0/2039 matched, players 0/752 matched
2026-08-23 23:57:26,725 INFO ncaa_identity: contest_id=1351490 season=2010 league=wbb -- teams  not built; ids emitted as nulls
2026-08-23 23:57:26,728 INFO ncaa_identity: contest_id=1351490 teams 0/1880 matched, players 0/674 matched
2026-08-23 23:57:26,819 INFO 5 starters not found for period 1; using estimate
2026-08-23 23:57:26,820 INFO 5 starters not found for period 1; using estimate
2026-08-23 23:57:26,820 INFO 5 starters not found for period 2; using estimate
2026-08-23 23:57:26,820 INFO 5 starters not found for period 2; using estimate
2026-08-23 23:57:27,743 INFO ncaa_identity: contest_id=1351530 season=2010 league=wbb -- teams  not built; ids emitted as nulls
2026-08-23 23:57:27,752 INFO ncaa_identity: contest_id=1351530 teams 0/2177 matched, players 0/3381 matched
2026-08-23 23:57:28,952 INFO ncaa_identity: contest_id=1351553 season=2010 league=wbb -- teams  not built; ids emitted as nulls
2026-08-23 23:57:28,956 INFO ncaa_identity: contest_id=1351553 teams 0/2068 matched, players 0/860 matched
2026-08-23 23:57:30,286 INFO ncaa_identity: contest_id=1351659 season=2010 league=wbb -- teams  not built; ids emitted as nulls
2026-08-23 23:57:30,290 INFO ncaa_identity: contest_id=1351659 teams 0/1774 matched, players 0/692 matched
2026-08-23 23:57:31,201 INFO ncaa_identity: contest_id=1351672 season=2010 league=wbb -- teams  not built; ids emitted as nulls
2026-08-23 23:57:31,206 INFO ncaa_identity: contest_id=1351672 teams 0/1710 matched, players 0/678 matched
2026-08-23 23:57:32,447 INFO ncaa_identity: contest_id=1351685 season=2010 league=wbb -- teams  not built; ids emitted as nulls
2026-08-23 23:57:32,452 INFO ncaa_identity: contest_id=1351685 teams 0/2122 matched, players 0/854 matched
2026-08-23 23:57:33,455 INFO ncaa_identity: contest_id=1351715 season=2010 league=wbb -- teams  not built; ids emitted as nulls
2026-08-23 23:57:33,459 INFO ncaa_identity: contest_id=1351715 teams 0/1734 matched, players 0/685 matched
2026-08-23 23:57:34,540 INFO ncaa_identity: contest_id=1351726 season=2010 league=wbb -- teams  not built; ids emitted as nulls
2026-08-23 23:57:34,545 INFO ncaa_identity: contest_id=1351726 teams 0/2268 matched, players 0/887 matched
2026-08-23 23:57:35,781 INFO ncaa_identity: contest_id=1351736 season=2010 league=wbb -- teams  not built; ids emitted as nulls
2026-08-23 23:57:35,786 INFO ncaa_identity: contest_id=1351736 teams 0/2062 matched, players 0/668 matched
2026-08-23 23:57:37,424 INFO ncaa_identity: contest_id=1351748 season=2010 league=wbb -- teams  not built; ids emitted as nulls
2026-08-23 23:57:37,430 INFO ncaa_identity: contest_id=1351748 teams 0/2486 matched, players 0/936 matched
2026-08-23 23:57:39,216 INFO ncaa_identity: contest_id=1351868 season=2010 league=wbb -- teams  not built; ids emitted as nulls
2026-08-23 23:57:39,219 INFO ncaa_identity: contest_id=1351868 teams 0/1390 matched, players 0/453 matched
2026-08-23 23:57:40,656 INFO ncaa_identity: contest_id=1351890 season=2010 league=wbb -- teams  not built; ids emitted as nulls
2026-08-23 23:57:40,660 INFO ncaa_identity: contest_id=1351890 teams 0/1776 matched, players 0/582 matched
2026-08-23 23:57:41,456 INFO ncaa_identity: contest_id=1351986 season=2010 league=wbb -- teams  not built; ids emitted as nulls
2026-08-23 23:57:41,459 INFO ncaa_identity: contest_id=1351986 teams 0/1580 matched, players 0/526 matched
2026-08-23 23:57:41,558 INFO 5 starters not found for period 1; using estimate
2026-08-23 23:57:41,559 INFO 5 starters not found for period 1; using estimate
2026-08-23 23:57:41,560 INFO 5 starters not found for period 2; using estimate
2026-08-23 23:57:41,560 INFO 5 starters not found for period 2; using estimate
2026-08-23 23:57:42,264 INFO ncaa_identity: contest_id=1352021 season=2010 league=wbb -- teams  not built; ids emitted as nulls
2026-08-23 23:57:42,272 INFO ncaa_identity: contest_id=1352021 teams 0/1731 matched, players 0/2685 matched
2026-08-23 23:57:43,570 INFO ncaa_identity: contest_id=1352046 season=2010 league=wbb -- teams  not built; ids emitted as nulls
2026-08-23 23:57:43,574 INFO ncaa_identity: contest_id=1352046 teams 0/1992 matched, players 0/792 matched
2026-08-23 23:57:44,628 INFO ncaa_identity: contest_id=1352101 season=2010 league=wbb -- teams  not built; ids emitted as nulls
2026-08-23 23:57:44,633 INFO ncaa_identity: contest_id=1352101 teams 0/2298 matched, players 0/699 matched
2026-08-23 23:57:45,384 INFO ncaa_identity: contest_id=1352145 season=2010 league=wbb -- teams  not built; ids emitted as nulls
2026-08-23 23:57:45,387 INFO ncaa_identity: contest_id=1352145 teams 0/1482 matched, players 0/470 matched
2026-08-23 23:57:46,863 INFO ncaa_identity: contest_id=1352158 season=2010 league=wbb -- teams  not built; ids emitted as nulls
2026-08-23 23:57:46,868 INFO ncaa_identity: contest_id=1352158 teams 0/2170 matched, players 0/767 matched
2026-08-23 23:57:48,026 INFO ncaa_identity: contest_id=1352196 season=2010 league=wbb -- teams  not built; ids emitted as nulls
2026-08-23 23:57:48,029 INFO ncaa_identity: contest_id=1352196 teams 0/1626 matched, players 0/521 matched
2026-08-23 23:57:49,172 INFO ncaa_identity: contest_id=1352206 season=2010 league=wbb -- teams  not built; ids emitted as nulls
2026-08-23 23:57:49,176 INFO ncaa_identity: contest_id=1352206 teams 0/2068 matched, players 0/632 matched
2026-08-23 23:57:50,204 INFO ncaa_identity: contest_id=1352219 season=2010 league=wbb -- teams  not built; ids emitted as nulls
2026-08-23 23:57:50,208 INFO ncaa_identity: contest_id=1352219 teams 0/2014 matched, players 0/773 matched
2026-08-23 23:57:51,763 INFO ncaa_identity: contest_id=1352279 season=2010 league=wbb -- teams  not built; ids emitted as nulls
2026-08-23 23:57:51,768 INFO ncaa_identity: contest_id=1352279 teams 0/2415 matched, players 0/1111 matched
2026-08-23 23:57:52,979 INFO ncaa_identity: contest_id=1352310 season=2010 league=wbb -- teams  not built; ids emitted as nulls
2026-08-23 23:57:53,004 INFO ncaa_identity: contest_id=1352310 teams 0/2441 matched, players 0/6874 matched
2026-08-23 23:57:54,168 INFO ncaa_identity: contest_id=1352478 season=2010 league=wbb -- teams  not built; ids emitted as nulls
2026-08-23 23:57:54,172 INFO ncaa_identity: contest_id=1352478 teams 0/1458 matched, players 0/382 matched
2026-08-23 23:57:55,767 INFO ncaa_identity: contest_id=1352536 season=2010 league=wbb -- teams  not built; ids emitted as nulls
2026-08-23 23:57:55,773 INFO ncaa_identity: contest_id=1352536 teams 0/2248 matched, players 0/871 matched
2026-08-23 23:57:57,073 INFO ncaa_identity: contest_id=1352546 season=2010 league=wbb -- teams  not built; ids emitted as nulls
2026-08-23 23:57:57,082 INFO ncaa_identity: contest_id=1352546 teams 0/1806 matched, players 0/686 matched
2026-08-23 23:57:58,361 INFO ncaa_identity: contest_id=1352561 season=2010 league=wbb -- teams  not built; ids emitted as nulls
2026-08-23 23:57:58,364 INFO ncaa_identity: contest_id=1352561 teams 0/2046 matched, players 0/632 matched
2026-08-23 23:57:59,662 INFO ncaa_identity: contest_id=1352581 season=2010 league=wbb -- teams  not built; ids emitted as nulls
2026-08-23 23:57:59,667 INFO ncaa_identity: contest_id=1352581 teams 0/1890 matched, players 0/649 matched
2026-08-23 23:58:00,546 INFO ncaa_identity: contest_id=1352604 season=2010 league=wbb -- teams  not built; ids emitted as nulls
2026-08-23 23:58:00,550 INFO ncaa_identity: contest_id=1352604 teams 0/1559 matched, players 0/528 matched
2026-08-23 23:58:01,717 INFO ncaa_identity: contest_id=1352616 season=2010 league=wbb -- teams  not built; ids emitted as nulls
2026-08-23 23:58:01,726 INFO ncaa_identity: contest_id=1352616 teams 0/2468 matched, players 0/961 matched
2026-08-23 23:58:02,655 INFO ncaa_identity: contest_id=1352655 season=2010 league=wbb -- teams  not built; ids emitted as nulls
2026-08-23 23:58:02,660 INFO ncaa_identity: contest_id=1352655 teams 0/1804 matched, players 0/700 matched
2026-08-23 23:58:03,234 WARNING ncaa_parse: family=lineups contest_id=1352665 team=Missouri produced NO good stints (22 bad, roster=9) -- parsed successfully but contributed nothing
2026-08-23 23:58:03,841 INFO ncaa_identity: contest_id=1352665 season=2010 league=wbb -- teams  not built; ids emitted as nulls
2026-08-23 23:58:03,845 INFO ncaa_identity: contest_id=1352665 teams 0/1744 matched, players 0/550 matched
2026-08-23 23:58:05,025 INFO ncaa_identity: contest_id=1352675 season=2010 league=wbb -- teams  not built; ids emitted as nulls
2026-08-23 23:58:05,029 INFO ncaa_identity: contest_id=1352675 teams 0/2158 matched, players 0/831 matched
2026-08-23 23:58:06,234 INFO ncaa_identity: contest_id=1352691 season=2010 league=wbb -- teams  not built; ids emitted as nulls
2026-08-23 23:58:06,238 INFO ncaa_identity: contest_id=1352691 teams 0/2078 matched, players 0/589 matched
2026-08-23 23:58:07,700 INFO ncaa_identity: contest_id=1352778 season=2010 league=wbb -- teams  not built; ids emitted as nulls
2026-08-23 23:58:07,705 INFO ncaa_identity: contest_id=1352778 teams 0/1853 matched, players 0/718 matched
2026-08-23 23:58:08,880 INFO ncaa_identity: contest_id=1352790 season=2010 league=wbb -- teams  not built; ids emitted as nulls
2026-08-23 23:58:08,884 INFO ncaa_identity: contest_id=1352790 teams 0/1846 matched, players 0/631 matched
2026-08-23 23:58:09,955 INFO ncaa_identity: contest_id=1352805 season=2010 league=wbb -- teams  not built; ids emitted as nulls
2026-08-23 23:58:09,960 INFO ncaa_identity: contest_id=1352805 teams 0/1892 matched, players 0/688 matched
2026-08-23 23:58:11,375 INFO ncaa_identity: contest_id=1352819 season=2010 league=wbb -- teams  not built; ids emitted as nulls
2026-08-23 23:58:11,381 INFO ncaa_identity: contest_id=1352819 teams 0/2320 matched, players 0/764 matched
2026-08-23 23:58:12,273 INFO ncaa_identity: contest_id=1352847 season=2010 league=wbb -- teams  not built; ids emitted as nulls
2026-08-23 23:58:12,277 INFO ncaa_identity: contest_id=1352847 teams 0/1836 matched, players 0/549 matched
2026-08-23 23:58:13,170 INFO ncaa_identity: contest_id=1352869 season=2010 league=wbb -- teams  not built; ids emitted as nulls
2026-08-23 23:58:13,175 INFO ncaa_identity: contest_id=1352869 teams 0/1858 matched, players 0/726 matched
2026-08-23 23:58:14,460 INFO ncaa_identity: contest_id=1352887 season=2010 league=wbb -- teams  not built; ids emitted as nulls
2026-08-23 23:58:14,464 INFO ncaa_identity: contest_id=1352887 teams 0/2178 matched, players 0/753 matched
2026-08-23 23:58:15,838 INFO ncaa_identity: contest_id=1352996 season=2010 league=wbb -- teams  not built; ids emitted as nulls
2026-08-23 23:58:15,843 INFO ncaa_identity: contest_id=1352996 teams 0/2151 matched, players 0/834 matched
2026-08-23 23:58:16,696 INFO ncaa_identity: contest_id=1353019 season=2010 league=wbb -- teams  not built; ids emitted as nulls
2026-08-23 23:58:16,699 INFO ncaa_identity: contest_id=1353019 teams 0/1708 matched, players 0/548 matched
2026-08-23 23:58:17,660 INFO ncaa_identity: contest_id=1353094 season=2010 league=wbb -- teams  not built; ids emitted as nulls
2026-08-23 23:58:17,663 INFO ncaa_identity: contest_id=1353094 teams 0/1264 matched, players 0/381 matched
2026-08-23 23:58:18,975 INFO ncaa_identity: contest_id=1353112 season=2010 league=wbb -- teams  not built; ids emitted as nulls
2026-08-23 23:58:18,979 INFO ncaa_identity: contest_id=1353112 teams 0/1613 matched, players 0/581 matched
2026-08-23 23:58:20,259 INFO ncaa_identity: contest_id=1353126 season=2010 league=wbb -- teams  not built; ids emitted as nulls
2026-08-23 23:58:20,263 INFO ncaa_identity: contest_id=1353126 teams 0/2004 matched, players 0/633 matched
2026-08-23 23:58:21,194 INFO ncaa_identity: contest_id=1353148 season=2010 league=wbb -- teams  not built; ids emitted as nulls
2026-08-23 23:58:21,201 INFO ncaa_identity: contest_id=1353148 teams 0/1678 matched, players 0/529 matched
2026-08-23 23:58:22,378 INFO ncaa_identity: contest_id=1353193 season=2010 league=wbb -- teams  not built; ids emitted as nulls
2026-08-23 23:58:22,391 INFO ncaa_identity: contest_id=1353193 teams 0/1914 matched, players 0/725 matched
2026-08-23 23:58:23,932 INFO ncaa_identity: contest_id=1353203 season=2010 league=wbb -- teams  not built; ids emitted as nulls
2026-08-23 23:58:23,936 INFO ncaa_identity: contest_id=1353203 teams 0/1982 matched, players 0/641 matched
2026-08-23 23:58:24,999 INFO ncaa_identity: contest_id=1353221 season=2010 league=wbb -- teams  not built; ids emitted as nulls
2026-08-23 23:58:25,004 INFO ncaa_identity: contest_id=1353221 teams 0/2154 matched, players 0/865 matched
2026-08-23 23:58:25,998 INFO ncaa_identity: contest_id=1353243 season=2010 league=wbb -- teams  not built; ids emitted as nulls
2026-08-23 23:58:26,001 INFO ncaa_identity: contest_id=1353243 teams 0/1840 matched, players 0/635 matched
2026-08-23 23:58:27,050 INFO ncaa_identity: contest_id=1353295 season=2010 league=wbb -- teams  not built; ids emitted as nulls
2026-08-23 23:58:27,054 INFO ncaa_identity: contest_id=1353295 teams 0/1776 matched, players 0/651 matched
2026-08-23 23:58:28,009 INFO ncaa_identity: contest_id=1353313 season=2010 league=wbb -- teams  not built; ids emitted as nulls
2026-08-23 23:58:28,014 INFO ncaa_identity: contest_id=1353313 teams 0/2212 matched, players 0/882 matched
2026-08-23 23:58:29,151 INFO ncaa_identity: contest_id=1353398 season=2010 league=wbb -- teams  not built; ids emitted as nulls
2026-08-23 23:58:29,154 INFO ncaa_identity: contest_id=1353398 teams 0/1558 matched, players 0/590 matched
2026-08-23 23:58:30,432 INFO ncaa_identity: contest_id=1353443 season=2010 league=wbb -- teams  not built; ids emitted as nulls
2026-08-23 23:58:30,437 INFO ncaa_identity: contest_id=1353443 teams 0/1844 matched, players 0/664 matched
2026-08-23 23:58:31,411 INFO ncaa_identity: contest_id=1353476 season=2010 league=wbb -- teams  not built; ids emitted as nulls
2026-08-23 23:58:31,416 INFO ncaa_identity: contest_id=1353476 teams 0/2102 matched, players 0/900 matched
2026-08-23 23:58:32,464 INFO ncaa_identity: contest_id=1353486 season=2010 league=wbb -- teams  not built; ids emitted as nulls
2026-08-23 23:58:32,469 INFO ncaa_identity: contest_id=1353486 teams 0/2534 matched, players 0/990 matched
2026-08-23 23:58:33,697 INFO ncaa_identity: contest_id=1353496 season=2010 league=wbb -- teams  not built; ids emitted as nulls
2026-08-23 23:58:33,702 INFO ncaa_identity: contest_id=1353496 teams 0/2078 matched, players 0/687 matched
2026-08-23 23:58:34,587 INFO ncaa_identity: contest_id=1353544 season=2010 league=wbb -- teams  not built; ids emitted as nulls
2026-08-23 23:58:34,592 INFO ncaa_identity: contest_id=1353544 teams 0/1886 matched, players 0/710 matched
2026-08-23 23:58:35,414 INFO ncaa_identity: contest_id=1353582 season=2010 league=wbb -- teams  not built; ids emitted as nulls
2026-08-23 23:58:35,418 INFO ncaa_identity: contest_id=1353582 teams 0/1630 matched, players 0/591 matched
2026-08-23 23:58:36,647 INFO ncaa_identity: contest_id=1353625 season=2010 league=wbb -- teams  not built; ids emitted as nulls
2026-08-23 23:58:36,665 INFO ncaa_identity: contest_id=1353625 teams 0/1936 matched, players 0/639 matched
2026-08-23 23:58:37,599 INFO ncaa_identity: contest_id=1353653 season=2010 league=wbb -- teams  not built; ids emitted as nulls
2026-08-23 23:58:37,603 INFO ncaa_identity: contest_id=1353653 teams 0/1676 matched, players 0/563 matched
2026-08-23 23:58:38,564 INFO ncaa_identity: contest_id=1353678 season=2010 league=wbb -- teams  not built; ids emitted as nulls
2026-08-23 23:58:38,568 INFO ncaa_identity: contest_id=1353678 teams 0/2068 matched, players 0/645 matched
2026-08-23 23:58:39,638 INFO ncaa_identity: contest_id=1353694 season=2010 league=wbb -- teams  not built; ids emitted as nulls
2026-08-23 23:58:39,641 INFO ncaa_identity: contest_id=1353694 teams 0/1700 matched, players 0/636 matched
2026-08-23 23:58:40,844 INFO ncaa_identity: contest_id=1353721 season=2010 league=wbb -- teams  not built; ids emitted as nulls
2026-08-23 23:58:40,848 INFO ncaa_identity: contest_id=1353721 teams 0/1782 matched, players 0/577 matched
2026-08-23 23:58:41,758 INFO ncaa_identity: contest_id=1353753 season=2010 league=wbb -- teams  not built; ids emitted as nulls
2026-08-23 23:58:41,762 INFO ncaa_identity: contest_id=1353753 teams 0/1602 matched, players 0/507 matched
2026-08-23 23:58:42,764 INFO ncaa_identity: contest_id=1353840 season=2010 league=wbb -- teams  not built; ids emitted as nulls
2026-08-23 23:58:42,769 INFO ncaa_identity: contest_id=1353840 teams 0/2008 matched, players 0/562 matched
2026-08-23 23:58:43,739 INFO ncaa_identity: contest_id=1353853 season=2010 league=wbb -- teams  not built; ids emitted as nulls
2026-08-23 23:58:43,743 INFO ncaa_identity: contest_id=1353853 teams 0/1856 matched, players 0/637 matched
2026-08-23 23:58:45,117 INFO ncaa_identity: contest_id=1353868 season=2010 league=wbb -- teams  not built; ids emitted as nulls
2026-08-23 23:58:45,122 INFO ncaa_identity: contest_id=1353868 teams 0/2182 matched, players 0/901 matched
2026-08-23 23:58:46,480 INFO ncaa_identity: contest_id=1353879 season=2010 league=wbb -- teams  not built; ids emitted as nulls
2026-08-23 23:58:46,486 INFO ncaa_identity: contest_id=1353879 teams 0/2504 matched, players 0/1086 matched
2026-08-23 23:58:47,965 INFO ncaa_identity: contest_id=1353905 season=2010 league=wbb -- teams  not built; ids emitted as nulls
2026-08-23 23:58:47,971 INFO ncaa_identity: contest_id=1353905 teams 0/2382 matched, players 0/854 matched
2026-08-23 23:58:49,068 INFO ncaa_identity: contest_id=1353954 season=2010 league=wbb -- teams  not built; ids emitted as nulls
2026-08-23 23:58:49,072 INFO ncaa_identity: contest_id=1353954 teams 0/1792 matched, players 0/617 matched
2026-08-23 23:58:50,257 INFO ncaa_identity: contest_id=1353967 season=2010 league=wbb -- teams  not built; ids emitted as nulls
2026-08-23 23:58:50,261 INFO ncaa_identity: contest_id=1353967 teams 0/1812 matched, players 0/728 matched
2026-08-23 23:58:51,518 INFO ncaa_identity: contest_id=1354040 season=2010 league=wbb -- teams  not built; ids emitted as nulls
2026-08-23 23:58:51,523 INFO ncaa_identity: contest_id=1354040 teams 0/2004 matched, players 0/818 matched
2026-08-23 23:58:52,424 INFO ncaa_identity: contest_id=1354133 season=2010 league=wbb -- teams  not built; ids emitted as nulls
2026-08-23 23:58:52,428 INFO ncaa_identity: contest_id=1354133 teams 0/1734 matched, players 0/628 matched
2026-08-23 23:58:53,545 INFO ncaa_identity: contest_id=1354199 season=2010 league=wbb -- teams  not built; ids emitted as nulls
2026-08-23 23:58:53,548 INFO ncaa_identity: contest_id=1354199 teams 0/1628 matched, players 0/618 matched
2026-08-23 23:58:54,505 INFO ncaa_identity: contest_id=1354209 season=2010 league=wbb -- teams  not built; ids emitted as nulls
2026-08-23 23:58:54,509 INFO ncaa_identity: contest_id=1354209 teams 0/1898 matched, players 0/783 matched
2026-08-23 23:58:55,716 INFO ncaa_identity: contest_id=1354226 season=2010 league=wbb -- teams  not built; ids emitted as nulls
2026-08-23 23:58:55,720 INFO ncaa_identity: contest_id=1354226 teams 0/1750 matched, players 0/647 matched
2026-08-23 23:58:56,625 INFO ncaa_identity: contest_id=1354280 season=2010 league=wbb -- teams  not built; ids emitted as nulls
2026-08-23 23:58:56,628 INFO ncaa_identity: contest_id=1354280 teams 0/1646 matched, players 0/528 matched
2026-08-23 23:58:57,567 INFO ncaa_identity: contest_id=1354327 season=2010 league=wbb -- teams  not built; ids emitted as nulls
2026-08-23 23:58:57,576 INFO ncaa_identity: contest_id=1354327 teams 0/1616 matched, players 0/634 matched
2026-08-23 23:58:58,949 INFO ncaa_identity: contest_id=1354351 season=2010 league=wbb -- teams  not built; ids emitted as nulls
2026-08-23 23:58:58,953 INFO ncaa_identity: contest_id=1354351 teams 0/1956 matched, players 0/747 matched
2026-08-23 23:58:59,987 INFO ncaa_identity: contest_id=1354374 season=2010 league=wbb -- teams  not built; ids emitted as nulls
2026-08-23 23:58:59,992 INFO ncaa_identity: contest_id=1354374 teams 0/1988 matched, players 0/734 matched
2026-08-23 23:59:01,167 INFO ncaa_identity: contest_id=1354384 season=2010 league=wbb -- teams  not built; ids emitted as nulls
2026-08-23 23:59:01,172 INFO ncaa_identity: contest_id=1354384 teams 0/1714 matched, players 0/678 matched
2026-08-23 23:59:02,343 INFO ncaa_identity: contest_id=1354418 season=2010 league=wbb -- teams  not built; ids emitted as nulls
2026-08-23 23:59:02,348 INFO ncaa_identity: contest_id=1354418 teams 0/1730 matched, players 0/609 matched
2026-08-23 23:59:03,466 INFO ncaa_identity: contest_id=1354451 season=2010 league=wbb -- teams  not built; ids emitted as nulls
2026-08-23 23:59:03,470 INFO ncaa_identity: contest_id=1354451 teams 0/1716 matched, players 0/582 matched
2026-08-23 23:59:04,982 INFO ncaa_identity: contest_id=1354510 season=2010 league=wbb -- teams  not built; ids emitted as nulls
2026-08-23 23:59:04,988 INFO ncaa_identity: contest_id=1354510 teams 0/2188 matched, players 0/833 matched
2026-08-23 23:59:06,032 INFO ncaa_identity: contest_id=1354529 season=2010 league=wbb -- teams  not built; ids emitted as nulls
2026-08-23 23:59:06,036 INFO ncaa_identity: contest_id=1354529 teams 0/1794 matched, players 0/704 matched
2026-08-23 23:59:07,236 INFO ncaa_identity: contest_id=1354540 season=2010 league=wbb -- teams  not built; ids emitted as nulls
2026-08-23 23:59:07,240 INFO ncaa_identity: contest_id=1354540 teams 0/1950 matched, players 0/718 matched
2026-08-23 23:59:08,618 INFO ncaa_identity: contest_id=1354550 season=2010 league=wbb -- teams  not built; ids emitted as nulls
2026-08-23 23:59:08,623 INFO ncaa_identity: contest_id=1354550 teams 0/1958 matched, players 0/873 matched
2026-08-23 23:59:09,680 INFO ncaa_identity: contest_id=1354577 season=2010 league=wbb -- teams  not built; ids emitted as nulls
2026-08-23 23:59:09,685 INFO ncaa_identity: contest_id=1354577 teams 0/1792 matched, players 0/586 matched
2026-08-23 23:59:10,619 INFO ncaa_identity: contest_id=1354589 season=2010 league=wbb -- teams  not built; ids emitted as nulls
2026-08-23 23:59:10,622 INFO ncaa_identity: contest_id=1354589 teams 0/1430 matched, players 0/375 matched
2026-08-23 23:59:11,756 INFO ncaa_identity: contest_id=1354610 season=2010 league=wbb -- teams  not built; ids emitted as nulls
2026-08-23 23:59:11,759 INFO ncaa_identity: contest_id=1354610 teams 0/1822 matched, players 0/563 matched
2026-08-23 23:59:13,050 INFO ncaa_identity: contest_id=1354637 season=2010 league=wbb -- teams  not built; ids emitted as nulls
2026-08-23 23:59:13,055 INFO ncaa_identity: contest_id=1354637 teams 0/1852 matched, players 0/657 matched
2026-08-23 23:59:14,173 INFO ncaa_identity: contest_id=1354666 season=2010 league=wbb -- teams  not built; ids emitted as nulls
2026-08-23 23:59:14,179 INFO ncaa_identity: contest_id=1354666 teams 0/2504 matched, players 0/973 matched
2026-08-23 23:59:15,193 INFO ncaa_identity: contest_id=1354690 season=2010 league=wbb -- teams  not built; ids emitted as nulls
2026-08-23 23:59:15,197 INFO ncaa_identity: contest_id=1354690 teams 0/2016 matched, players 0/745 matched
2026-08-23 23:59:15,309 INFO 5 starters not found for period 1; using estimate
2026-08-23 23:59:15,310 INFO 5 starters not found for period 1; using estimate
2026-08-23 23:59:15,310 INFO 5 starters not found for period 2; using estimate
2026-08-23 23:59:15,311 INFO 5 starters not found for period 2; using estimate
2026-08-23 23:59:16,881 INFO ncaa_identity: contest_id=1354738 season=2010 league=wbb -- teams  not built; ids emitted as nulls
2026-08-23 23:59:16,891 INFO ncaa_identity: contest_id=1354738 teams 0/2219 matched, players 0/3467 matched
2026-08-23 23:59:17,861 INFO ncaa_identity: contest_id=1354781 season=2010 league=wbb -- teams  not built; ids emitted as nulls
2026-08-23 23:59:17,866 INFO ncaa_identity: contest_id=1354781 teams 0/2298 matched, players 0/846 matched
2026-08-23 23:59:18,864 INFO ncaa_identity: contest_id=1354872 season=2010 league=wbb -- teams  not built; ids emitted as nulls
2026-08-23 23:59:18,869 INFO ncaa_identity: contest_id=1354872 teams 0/1815 matched, players 0/598 matched
2026-08-23 23:59:20,175 INFO ncaa_identity: contest_id=1354884 season=2010 league=wbb -- teams  not built; ids emitted as nulls
2026-08-23 23:59:20,197 INFO ncaa_identity: contest_id=1354884 teams 0/2614 matched, players 0/7430 matched
2026-08-23 23:59:21,042 INFO ncaa_identity: contest_id=1354894 season=2010 league=wbb -- teams  not built; ids emitted as nulls
2026-08-23 23:59:21,046 INFO ncaa_identity: contest_id=1354894 teams 0/1930 matched, players 0/708 matched
2026-08-23 23:59:21,823 INFO ncaa_identity: contest_id=1354928 season=2010 league=wbb -- teams  not built; ids emitted as nulls
2026-08-23 23:59:21,827 INFO ncaa_identity: contest_id=1354928 teams 0/1826 matched, players 0/686 matched
2026-08-23 23:59:23,107 INFO ncaa_identity: contest_id=1354939 season=2010 league=wbb -- teams  not built; ids emitted as nulls
2026-08-23 23:59:23,112 INFO ncaa_identity: contest_id=1354939 teams 0/1760 matched, players 0/606 matched
2026-08-23 23:59:24,229 INFO ncaa_identity: contest_id=1354951 season=2010 league=wbb -- teams  not built; ids emitted as nulls
2026-08-23 23:59:24,234 INFO ncaa_identity: contest_id=1354951 teams 0/1999 matched, players 0/646 matched
2026-08-23 23:59:25,419 INFO ncaa_identity: contest_id=1354961 season=2010 league=wbb -- teams  not built; ids emitted as nulls
2026-08-23 23:59:25,423 INFO ncaa_identity: contest_id=1354961 teams 0/1834 matched, players 0/666 matched
2026-08-23 23:59:26,788 INFO ncaa_identity: contest_id=1355024 season=2010 league=wbb -- teams  not built; ids emitted as nulls
2026-08-23 23:59:26,794 INFO ncaa_identity: contest_id=1355024 teams 0/2298 matched, players 0/1060 matched
2026-08-23 23:59:27,790 INFO ncaa_identity: contest_id=1355116 season=2010 league=wbb -- teams  not built; ids emitted as nulls
2026-08-23 23:59:27,793 INFO ncaa_identity: contest_id=1355116 teams 0/1868 matched, players 0/637 matched
2026-08-23 23:59:29,045 INFO ncaa_identity: contest_id=1355126 season=2010 league=wbb -- teams  not built; ids emitted as nulls
2026-08-23 23:59:29,050 INFO ncaa_identity: contest_id=1355126 teams 0/2856 matched, players 0/1043 matched
2026-08-23 23:59:30,420 INFO ncaa_identity: contest_id=1355136 season=2010 league=wbb -- teams  not built; ids emitted as nulls
2026-08-23 23:59:30,423 INFO ncaa_identity: contest_id=1355136 teams 0/1884 matched, players 0/667 matched
2026-08-23 23:59:31,535 INFO ncaa_identity: contest_id=1355147 season=2010 league=wbb -- teams  not built; ids emitted as nulls
2026-08-23 23:59:31,540 INFO ncaa_identity: contest_id=1355147 teams 0/2250 matched, players 0/723 matched
2026-08-23 23:59:32,431 INFO ncaa_identity: contest_id=1355224 season=2010 league=wbb -- teams  not built; ids emitted as nulls
2026-08-23 23:59:32,434 INFO ncaa_identity: contest_id=1355224 teams 0/1466 matched, players 0/457 matched
2026-08-23 23:59:33,754 INFO ncaa_identity: contest_id=1355240 season=2010 league=wbb -- teams  not built; ids emitted as nulls
2026-08-23 23:59:33,760 INFO ncaa_identity: contest_id=1355240 teams 0/1811 matched, players 0/600 matched
2026-08-23 23:59:34,917 INFO ncaa_identity: contest_id=1355255 season=2010 league=wbb -- teams  not built; ids emitted as nulls
2026-08-23 23:59:34,922 INFO ncaa_identity: contest_id=1355255 teams 0/2040 matched, players 0/865 matched
2026-08-23 23:59:36,206 INFO ncaa_identity: contest_id=1355266 season=2010 league=wbb -- teams  not built; ids emitted as nulls
2026-08-23 23:59:36,210 INFO ncaa_identity: contest_id=1355266 teams 0/1874 matched, players 0/717 matched
2026-08-23 23:59:37,687 INFO ncaa_identity: contest_id=1355276 season=2010 league=wbb -- teams  not built; ids emitted as nulls
2026-08-23 23:59:37,691 INFO ncaa_identity: contest_id=1355276 teams 0/1924 matched, players 0/699 matched
2026-08-23 23:59:38,686 INFO ncaa_identity: contest_id=1355286 season=2010 league=wbb -- teams  not built; ids emitted as nulls
2026-08-23 23:59:38,691 INFO ncaa_identity: contest_id=1355286 teams 0/2128 matched, players 0/814 matched
2026-08-23 23:59:39,737 INFO ncaa_identity: contest_id=1355410 season=2010 league=wbb -- teams  not built; ids emitted as nulls
2026-08-23 23:59:39,740 INFO ncaa_identity: contest_id=1355410 teams 0/1708 matched, players 0/521 matched
2026-08-23 23:59:41,117 INFO ncaa_identity: contest_id=1355425 season=2010 league=wbb -- teams  not built; ids emitted as nulls
2026-08-23 23:59:41,122 INFO ncaa_identity: contest_id=1355425 teams 0/1930 matched, players 0/693 matched
2026-08-23 23:59:42,290 INFO ncaa_identity: contest_id=1355521 season=2010 league=wbb -- teams  not built; ids emitted as nulls
2026-08-23 23:59:42,294 INFO ncaa_identity: contest_id=1355521 teams 0/1636 matched, players 0/586 matched
2026-08-23 23:59:43,638 INFO ncaa_identity: contest_id=1355534 season=2010 league=wbb -- teams  not built; ids emitted as nulls
2026-08-23 23:59:43,643 INFO ncaa_identity: contest_id=1355534 teams 0/2186 matched, players 0/838 matched
2026-08-23 23:59:45,121 INFO ncaa_identity: contest_id=1355545 season=2010 league=wbb -- teams  not built; ids emitted as nulls
2026-08-23 23:59:45,137 INFO ncaa_identity: contest_id=1355545 teams 0/1718 matched, players 0/508 matched
2026-08-23 23:59:46,167 INFO ncaa_identity: contest_id=1355557 season=2010 league=wbb -- teams  not built; ids emitted as nulls
2026-08-23 23:59:46,170 INFO ncaa_identity: contest_id=1355557 teams 0/1788 matched, players 0/572 matched
2026-08-23 23:59:47,211 INFO ncaa_identity: contest_id=1355585 season=2010 league=wbb -- teams  not built; ids emitted as nulls
2026-08-23 23:59:47,216 INFO ncaa_identity: contest_id=1355585 teams 0/1870 matched, players 0/706 matched
2026-08-23 23:59:48,416 INFO ncaa_identity: contest_id=1355595 season=2010 league=wbb -- teams  not built; ids emitted as nulls
2026-08-23 23:59:48,420 INFO ncaa_identity: contest_id=1355595 teams 0/1798 matched, players 0/666 matched
2026-08-23 23:59:49,538 INFO ncaa_identity: contest_id=1355608 season=2010 league=wbb -- teams  not built; ids emitted as nulls
2026-08-23 23:59:49,543 INFO ncaa_identity: contest_id=1355608 teams 0/2086 matched, players 0/741 matched
2026-08-23 23:59:50,528 INFO ncaa_identity: contest_id=1355637 season=2010 league=wbb -- teams  not built; ids emitted as nulls
2026-08-23 23:59:50,532 INFO ncaa_identity: contest_id=1355637 teams 0/1782 matched, players 0/561 matched
2026-08-23 23:59:51,660 INFO ncaa_identity: contest_id=1355720 season=2010 league=wbb -- teams  not built; ids emitted as nulls
2026-08-23 23:59:51,664 INFO ncaa_identity: contest_id=1355720 teams 0/1690 matched, players 0/627 matched
2026-08-23 23:59:52,729 INFO ncaa_identity: contest_id=1355796 season=2010 league=wbb -- teams  not built; ids emitted as nulls
2026-08-23 23:59:52,734 INFO ncaa_identity: contest_id=1355796 teams 0/2028 matched, players 0/836 matched
2026-08-23 23:59:53,897 INFO ncaa_identity: contest_id=1355890 season=2010 league=wbb -- teams  not built; ids emitted as nulls
2026-08-23 23:59:53,901 INFO ncaa_identity: contest_id=1355890 teams 0/1878 matched, players 0/686 matched
2026-08-23 23:59:55,064 INFO ncaa_identity: contest_id=1355906 season=2010 league=wbb -- teams  not built; ids emitted as nulls
2026-08-23 23:59:55,067 INFO ncaa_identity: contest_id=1355906 teams 0/1612 matched, players 0/530 matched
2026-08-23 23:59:56,023 INFO ncaa_identity: contest_id=1355944 season=2010 league=wbb -- teams  not built; ids emitted as nulls
2026-08-23 23:59:56,028 INFO ncaa_identity: contest_id=1355944 teams 0/2050 matched, players 0/743 matched
2026-08-23 23:59:57,251 INFO ncaa_identity: contest_id=1355960 season=2010 league=wbb -- teams  not built; ids emitted as nulls
2026-08-23 23:59:57,256 INFO ncaa_identity: contest_id=1355960 teams 0/2064 matched, players 0/651 matched
2026-08-23 23:59:58,618 INFO ncaa_identity: contest_id=1355979 season=2010 league=wbb -- teams  not built; ids emitted as nulls
2026-08-23 23:59:58,623 INFO ncaa_identity: contest_id=1355979 teams 0/1984 matched, players 0/691 matched
2026-08-23 23:59:59,748 INFO ncaa_identity: contest_id=1355991 season=2010 league=wbb -- teams  not built; ids emitted as nulls
2026-08-23 23:59:59,752 INFO ncaa_identity: contest_id=1355991 teams 0/2318 matched, players 0/720 matched
2026-08-24 00:00:00,728 INFO ncaa_identity: contest_id=1356002 season=2010 league=wbb -- teams  not built; ids emitted as nulls
2026-08-24 00:00:00,732 INFO ncaa_identity: contest_id=1356002 teams 0/1494 matched, players 0/471 matched
2026-08-24 00:00:02,052 INFO ncaa_identity: contest_id=1356024 season=2010 league=wbb -- teams  not built; ids emitted as nulls
2026-08-24 00:00:02,057 INFO ncaa_identity: contest_id=1356024 teams 0/1974 matched, players 0/637 matched
2026-08-24 00:00:03,019 INFO ncaa_identity: contest_id=1356083 season=2010 league=wbb -- teams  not built; ids emitted as nulls
2026-08-24 00:00:03,022 INFO ncaa_identity: contest_id=1356083 teams 0/1718 matched, players 0/477 matched
2026-08-24 00:00:04,021 INFO ncaa_identity: contest_id=1356113 season=2010 league=wbb -- teams  not built; ids emitted as nulls
2026-08-24 00:00:04,024 INFO ncaa_identity: contest_id=1356113 teams 0/1942 matched, players 0/679 matched
2026-08-24 00:00:05,288 INFO ncaa_identity: contest_id=1356197 season=2010 league=wbb -- teams  not built; ids emitted as nulls
2026-08-24 00:00:05,295 INFO ncaa_identity: contest_id=1356197 teams 0/2003 matched, players 0/660 matched
2026-08-24 00:00:06,443 INFO ncaa_identity: contest_id=1356234 season=2010 league=wbb -- teams  not built; ids emitted as nulls
2026-08-24 00:00:06,447 INFO ncaa_identity: contest_id=1356234 teams 0/1911 matched, players 0/684 matched
2026-08-24 00:00:07,521 INFO ncaa_identity: contest_id=1356331 season=2010 league=wbb -- teams  not built; ids emitted as nulls
2026-08-24 00:00:07,527 INFO ncaa_identity: contest_id=1356331 teams 0/1984 matched, players 0/866 matched
2026-08-24 00:00:08,867 INFO ncaa_identity: contest_id=1356358 season=2010 league=wbb -- teams  not built; ids emitted as nulls
2026-08-24 00:00:08,871 INFO ncaa_identity: contest_id=1356358 teams 0/1862 matched, players 0/721 matched
2026-08-24 00:00:09,827 INFO ncaa_identity: contest_id=1356373 season=2010 league=wbb -- teams  not built; ids emitted as nulls
2026-08-24 00:00:09,831 INFO ncaa_identity: contest_id=1356373 teams 0/1766 matched, players 0/572 matched
2026-08-24 00:00:10,876 INFO ncaa_identity: contest_id=1356386 season=2010 league=wbb -- teams  not built; ids emitted as nulls
2026-08-24 00:00:10,894 INFO ncaa_identity: contest_id=1356386 teams 0/1842 matched, players 0/499 matched
2026-08-24 00:00:12,158 INFO ncaa_identity: contest_id=1356414 season=2010 league=wbb -- teams  not built; ids emitted as nulls
2026-08-24 00:00:12,163 INFO ncaa_identity: contest_id=1356414 teams 0/2316 matched, players 0/903 matched
2026-08-24 00:00:13,273 INFO ncaa_identity: contest_id=1356435 season=2010 league=wbb -- teams  not built; ids emitted as nulls
2026-08-24 00:00:13,277 INFO ncaa_identity: contest_id=1356435 teams 0/1908 matched, players 0/652 matched
2026-08-24 00:00:14,403 INFO ncaa_identity: contest_id=1356452 season=2010 league=wbb -- teams  not built; ids emitted as nulls
2026-08-24 00:00:14,408 INFO ncaa_identity: contest_id=1356452 teams 0/2276 matched, players 0/872 matched
2026-08-24 00:00:15,353 INFO ncaa_identity: contest_id=1356508 season=2010 league=wbb -- teams  not built; ids emitted as nulls
2026-08-24 00:00:15,358 INFO ncaa_identity: contest_id=1356508 teams 0/1904 matched, players 0/666 matched
2026-08-24 00:00:16,676 INFO ncaa_identity: contest_id=1356544 season=2010 league=wbb -- teams  not built; ids emitted as nulls
2026-08-24 00:00:16,681 INFO ncaa_identity: contest_id=1356544 teams 0/2149 matched, players 0/755 matched
2026-08-24 00:00:17,587 INFO ncaa_identity: contest_id=1356639 season=2010 league=wbb -- teams  not built; ids emitted as nulls
2026-08-24 00:00:17,591 INFO ncaa_identity: contest_id=1356639 teams 0/1838 matched, players 0/691 matched
2026-08-24 00:00:18,551 INFO ncaa_identity: contest_id=1356655 season=2010 league=wbb -- teams  not built; ids emitted as nulls
2026-08-24 00:00:18,555 INFO ncaa_identity: contest_id=1356655 teams 0/2126 matched, players 0/817 matched
2026-08-24 00:00:19,717 INFO ncaa_identity: contest_id=1356672 season=2010 league=wbb -- teams  not built; ids emitted as nulls
2026-08-24 00:00:19,721 INFO ncaa_identity: contest_id=1356672 teams 0/1978 matched, players 0/803 matched
2026-08-24 00:00:20,719 INFO ncaa_identity: contest_id=1356723 season=2010 league=wbb -- teams  not built; ids emitted as nulls
2026-08-24 00:00:20,724 INFO ncaa_identity: contest_id=1356723 teams 0/2066 matched, players 0/882 matched
2026-08-24 00:00:21,646 INFO ncaa_identity: contest_id=1356809 season=2010 league=wbb -- teams  not built; ids emitted as nulls
2026-08-24 00:00:21,650 INFO ncaa_identity: contest_id=1356809 teams 0/1963 matched, players 0/715 matched
2026-08-24 00:00:22,550 INFO ncaa_identity: contest_id=1356819 season=2010 league=wbb -- teams  not built; ids emitted as nulls
2026-08-24 00:00:22,553 INFO ncaa_identity: contest_id=1356819 teams 0/1732 matched, players 0/592 matched
2026-08-24 00:00:24,071 INFO ncaa_identity: contest_id=1356905 season=2010 league=wbb -- teams  not built; ids emitted as nulls
2026-08-24 00:00:24,076 INFO ncaa_identity: contest_id=1356905 teams 0/2024 matched, players 0/674 matched
2026-08-24 00:00:24,995 INFO ncaa_identity: contest_id=1356930 season=2010 league=wbb -- teams  not built; ids emitted as nulls
2026-08-24 00:00:24,999 INFO ncaa_identity: contest_id=1356930 teams 0/1680 matched, players 0/559 matched
2026-08-24 00:00:26,135 INFO ncaa_identity: contest_id=1356948 season=2010 league=wbb -- teams  not built; ids emitted as nulls
2026-08-24 00:00:26,141 INFO ncaa_identity: contest_id=1356948 teams 0/2522 matched, players 0/1033 matched
2026-08-24 00:00:27,378 INFO ncaa_identity: contest_id=1356962 season=2010 league=wbb -- teams  not built; ids emitted as nulls
2026-08-24 00:00:27,383 INFO ncaa_identity: contest_id=1356962 teams 0/2072 matched, players 0/713 matched
2026-08-24 00:00:28,420 INFO ncaa_identity: contest_id=1356973 season=2010 league=wbb -- teams  not built; ids emitted as nulls
2026-08-24 00:00:28,425 INFO ncaa_identity: contest_id=1356973 teams 0/1922 matched, players 0/694 matched
2026-08-24 00:00:29,797 INFO ncaa_identity: contest_id=1356983 season=2010 league=wbb -- teams  not built; ids emitted as nulls
2026-08-24 00:00:29,802 INFO ncaa_identity: contest_id=1356983 teams 0/2142 matched, players 0/796 matched
2026-08-24 00:00:30,954 INFO ncaa_identity: contest_id=1357014 season=2010 league=wbb -- teams  not built; ids emitted as nulls
2026-08-24 00:00:30,972 INFO ncaa_identity: contest_id=1357014 teams 0/2386 matched, players 0/936 matched
2026-08-24 00:00:32,053 INFO ncaa_identity: contest_id=1357027 season=2010 league=wbb -- teams  not built; ids emitted as nulls
2026-08-24 00:00:32,060 INFO ncaa_identity: contest_id=1357027 teams 0/1875 matched, players 0/690 matched
2026-08-24 00:00:33,176 INFO ncaa_identity: contest_id=1357050 season=2010 league=wbb -- teams  not built; ids emitted as nulls
2026-08-24 00:00:33,179 INFO ncaa_identity: contest_id=1357050 teams 0/1606 matched, players 0/628 matched
2026-08-24 00:00:34,319 INFO ncaa_identity: contest_id=1357063 season=2010 league=wbb -- teams  not built; ids emitted as nulls
2026-08-24 00:00:34,329 INFO ncaa_identity: contest_id=1357063 teams 0/1690 matched, players 0/625 matched
2026-08-24 00:00:35,269 INFO ncaa_identity: contest_id=1357079 season=2010 league=wbb -- teams  not built; ids emitted as nulls
2026-08-24 00:00:35,273 INFO ncaa_identity: contest_id=1357079 teams 0/1818 matched, players 0/636 matched
2026-08-24 00:00:36,144 INFO ncaa_identity: contest_id=1357092 season=2010 league=wbb -- teams  not built; ids emitted as nulls
2026-08-24 00:00:36,148 INFO ncaa_identity: contest_id=1357092 teams 0/1622 matched, players 0/597 matched
2026-08-24 00:00:37,444 INFO ncaa_identity: contest_id=1357125 season=2010 league=wbb -- teams  not built; ids emitted as nulls
2026-08-24 00:00:37,448 INFO ncaa_identity: contest_id=1357125 teams 0/1627 matched, players 0/616 matched
2026-08-24 00:00:38,660 INFO ncaa_identity: contest_id=1357146 season=2010 league=wbb -- teams  not built; ids emitted as nulls
2026-08-24 00:00:38,666 INFO ncaa_identity: contest_id=1357146 teams 0/2400 matched, players 0/982 matched
2026-08-24 00:00:39,642 INFO ncaa_identity: contest_id=1357230 season=2010 league=wbb -- teams  not built; ids emitted as nulls
2026-08-24 00:00:39,646 INFO ncaa_identity: contest_id=1357230 teams 0/1742 matched, players 0/594 matched
2026-08-24 00:00:40,933 INFO ncaa_identity: contest_id=1357240 season=2010 league=wbb -- teams  not built; ids emitted as nulls
2026-08-24 00:00:40,938 INFO ncaa_identity: contest_id=1357240 teams 0/2244 matched, players 0/796 matched
2026-08-24 00:00:42,093 INFO ncaa_identity: contest_id=1357277 season=2010 league=wbb -- teams  not built; ids emitted as nulls
2026-08-24 00:00:42,097 INFO ncaa_identity: contest_id=1357277 teams 0/2254 matched, players 0/801 matched
2026-08-24 00:00:43,151 INFO ncaa_identity: contest_id=1357322 season=2010 league=wbb -- teams  not built; ids emitted as nulls
2026-08-24 00:00:43,154 INFO ncaa_identity: contest_id=1357322 teams 0/1598 matched, players 0/528 matched
2026-08-24 00:00:44,108 INFO ncaa_identity: contest_id=1357350 season=2010 league=wbb -- teams  not built; ids emitted as nulls
2026-08-24 00:00:44,113 INFO ncaa_identity: contest_id=1357350 teams 0/2140 matched, players 0/866 matched
2026-08-24 00:00:45,105 INFO ncaa_identity: contest_id=1357360 season=2010 league=wbb -- teams  not built; ids emitted as nulls
2026-08-24 00:00:45,110 INFO ncaa_identity: contest_id=1357360 teams 0/1802 matched, players 0/644 matched
2026-08-24 00:00:46,029 INFO ncaa_identity: contest_id=1357370 season=2010 league=wbb -- teams  not built; ids emitted as nulls
2026-08-24 00:00:46,036 INFO ncaa_identity: contest_id=1357370 teams 0/1759 matched, players 0/573 matched
2026-08-24 00:00:46,932 INFO ncaa_identity: contest_id=1357393 season=2010 league=wbb -- teams  not built; ids emitted as nulls
2026-08-24 00:00:46,936 INFO ncaa_identity: contest_id=1357393 teams 0/1826 matched, players 0/690 matched
2026-08-24 00:00:47,971 INFO ncaa_identity: contest_id=1357420 season=2010 league=wbb -- teams  not built; ids emitted as nulls
2026-08-24 00:00:47,978 INFO ncaa_identity: contest_id=1357420 teams 0/1643 matched, players 0/657 matched
2026-08-24 00:00:49,264 INFO ncaa_identity: contest_id=1357446 season=2010 league=wbb -- teams  not built; ids emitted as nulls
2026-08-24 00:00:49,268 INFO ncaa_identity: contest_id=1357446 teams 0/1886 matched, players 0/732 matched
2026-08-24 00:00:50,577 INFO ncaa_identity: contest_id=1357462 season=2010 league=wbb -- teams  not built; ids emitted as nulls
2026-08-24 00:00:50,582 INFO ncaa_identity: contest_id=1357462 teams 0/2138 matched, players 0/861 matched
2026-08-24 00:00:52,015 INFO ncaa_identity: contest_id=1357483 season=2010 league=wbb -- teams  not built; ids emitted as nulls
2026-08-24 00:00:52,024 INFO ncaa_identity: contest_id=1357483 teams 0/2166 matched, players 0/896 matched
2026-08-24 00:00:53,384 INFO ncaa_identity: contest_id=1357555 season=2010 league=wbb -- teams  not built; ids emitted as nulls
2026-08-24 00:00:53,389 INFO ncaa_identity: contest_id=1357555 teams 0/2338 matched, players 0/820 matched
2026-08-24 00:00:54,569 INFO ncaa_identity: contest_id=1357572 season=2010 league=wbb -- teams  not built; ids emitted as nulls
2026-08-24 00:00:54,572 INFO ncaa_identity: contest_id=1357572 teams 0/1710 matched, players 0/602 matched
2026-08-24 00:00:56,233 INFO ncaa_identity: contest_id=1357621 season=2010 league=wbb -- teams  not built; ids emitted as nulls
2026-08-24 00:00:56,238 INFO ncaa_identity: contest_id=1357621 teams 0/2146 matched, players 0/651 matched
2026-08-24 00:00:57,523 INFO ncaa_identity: contest_id=1357637 season=2010 league=wbb -- teams  not built; ids emitted as nulls
2026-08-24 00:00:57,528 INFO ncaa_identity: contest_id=1357637 teams 0/1935 matched, players 0/695 matched
2026-08-24 00:00:58,936 INFO ncaa_identity: contest_id=1357647 season=2010 league=wbb -- teams  not built; ids emitted as nulls
2026-08-24 00:00:58,940 INFO ncaa_identity: contest_id=1357647 teams 0/1970 matched, players 0/691 matched
2026-08-24 00:01:00,211 INFO ncaa_identity: contest_id=1357658 season=2010 league=wbb -- teams  not built; ids emitted as nulls
2026-08-24 00:01:00,216 INFO ncaa_identity: contest_id=1357658 teams 0/2026 matched, players 0/721 matched
2026-08-24 00:01:01,300 INFO ncaa_identity: contest_id=1357675 season=2010 league=wbb -- teams  not built; ids emitted as nulls
2026-08-24 00:01:01,303 INFO ncaa_identity: contest_id=1357675 teams 0/1880 matched, players 0/610 matched
2026-08-24 00:01:02,729 INFO ncaa_identity: contest_id=1357715 season=2010 league=wbb -- teams  not built; ids emitted as nulls
2026-08-24 00:01:02,749 INFO ncaa_identity: contest_id=1357715 teams 0/2488 matched, players 0/7008 matched
2026-08-24 00:01:03,738 INFO ncaa_identity: contest_id=1357729 season=2010 league=wbb -- teams  not built; ids emitted as nulls
2026-08-24 00:01:03,741 INFO ncaa_identity: contest_id=1357729 teams 0/1730 matched, players 0/702 matched
2026-08-24 00:01:05,213 INFO ncaa_identity: contest_id=1357762 season=2010 league=wbb -- teams  not built; ids emitted as nulls
2026-08-24 00:01:05,219 INFO ncaa_identity: contest_id=1357762 teams 0/2276 matched, players 0/896 matched
2026-08-24 00:01:06,826 INFO ncaa_identity: contest_id=1357777 season=2010 league=wbb -- teams  not built; ids emitted as nulls
2026-08-24 00:01:06,831 INFO ncaa_identity: contest_id=1357777 teams 0/1800 matched, players 0/672 matched
2026-08-24 00:01:08,536 INFO ncaa_identity: contest_id=1357787 season=2010 league=wbb -- teams  not built; ids emitted as nulls
2026-08-24 00:01:08,541 INFO ncaa_identity: contest_id=1357787 teams 0/2212 matched, players 0/912 matched
2026-08-24 00:01:10,107 INFO ncaa_identity: contest_id=1357839 season=2010 league=wbb -- teams  not built; ids emitted as nulls
2026-08-24 00:01:10,123 INFO ncaa_identity: contest_id=1357839 teams 0/2000 matched, players 0/769 matched
2026-08-24 00:01:11,321 INFO ncaa_identity: contest_id=1357849 season=2010 league=wbb -- teams  not built; ids emitted as nulls
2026-08-24 00:01:11,326 INFO ncaa_identity: contest_id=1357849 teams 0/1996 matched, players 0/766 matched
2026-08-24 00:01:12,885 INFO ncaa_identity: contest_id=1357870 season=2010 league=wbb -- teams  not built; ids emitted as nulls
2026-08-24 00:01:12,890 INFO ncaa_identity: contest_id=1357870 teams 0/2132 matched, players 0/919 matched
2026-08-24 00:01:14,745 INFO ncaa_identity: contest_id=1357884 season=2010 league=wbb -- teams  not built; ids emitted as nulls
2026-08-24 00:01:14,750 INFO ncaa_identity: contest_id=1357884 teams 0/1846 matched, players 0/639 matched
2026-08-24 00:01:16,285 INFO ncaa_identity: contest_id=1357906 season=2010 league=wbb -- teams  not built; ids emitted as nulls
2026-08-24 00:01:16,290 INFO ncaa_identity: contest_id=1357906 teams 0/2290 matched, players 0/805 matched
2026-08-24 00:01:17,907 INFO ncaa_identity: contest_id=1357918 season=2010 league=wbb -- teams  not built; ids emitted as nulls
2026-08-24 00:01:17,912 INFO ncaa_identity: contest_id=1357918 teams 0/2334 matched, players 0/821 matched
2026-08-24 00:01:19,758 INFO ncaa_identity: contest_id=1357930 season=2010 league=wbb -- teams  not built; ids emitted as nulls
2026-08-24 00:01:19,762 INFO ncaa_identity: contest_id=1357930 teams 0/1876 matched, players 0/579 matched
2026-08-24 00:01:21,406 INFO ncaa_identity: contest_id=1357958 season=2010 league=wbb -- teams  not built; ids emitted as nulls
2026-08-24 00:01:21,411 INFO ncaa_identity: contest_id=1357958 teams 0/2254 matched, players 0/988 matched
2026-08-24 00:01:22,963 INFO ncaa_identity: contest_id=1357986 season=2010 league=wbb -- teams  not built; ids emitted as nulls
2026-08-24 00:01:22,967 INFO ncaa_identity: contest_id=1357986 teams 0/1922 matched, players 0/690 matched
2026-08-24 00:01:24,998 INFO ncaa_identity: contest_id=1358008 season=2010 league=wbb -- teams  not built; ids emitted as nulls
2026-08-24 00:01:25,003 INFO ncaa_identity: contest_id=1358008 teams 0/2415 matched, players 0/769 matched
2026-08-24 00:01:26,225 INFO ncaa_identity: contest_id=1358028 season=2010 league=wbb -- teams  not built; ids emitted as nulls
2026-08-24 00:01:26,230 INFO ncaa_identity: contest_id=1358028 teams 0/2134 matched, players 0/880 matched
2026-08-24 00:01:27,498 INFO ncaa_identity: contest_id=1358047 season=2010 league=wbb -- teams  not built; ids emitted as nulls
2026-08-24 00:01:27,504 INFO ncaa_identity: contest_id=1358047 teams 0/2096 matched, players 0/789 matched
2026-08-24 00:01:27,628 INFO 5 starters not found for period 1; using estimate
2026-08-24 00:01:27,629 INFO 5 starters not found for period 1; using estimate
2026-08-24 00:01:27,629 INFO 5 starters not found for period 2; using estimate
2026-08-24 00:01:27,630 INFO 5 starters not found for period 2; using estimate
2026-08-24 00:01:28,933 INFO ncaa_identity: contest_id=1358058 season=2010 league=wbb -- teams  not built; ids emitted as nulls
2026-08-24 00:01:28,944 INFO ncaa_identity: contest_id=1358058 teams 0/1997 matched, players 0/3156 matched
2026-08-24 00:01:30,354 INFO ncaa_identity: contest_id=1358073 season=2010 league=wbb -- teams  not built; ids emitted as nulls
2026-08-24 00:01:30,387 INFO ncaa_identity: contest_id=1358073 teams 0/2754 matched, players 0/7811 matched
2026-08-24 00:01:32,049 INFO ncaa_identity: contest_id=1358093 season=2010 league=wbb -- teams  not built; ids emitted as nulls
2026-08-24 00:01:32,057 INFO ncaa_identity: contest_id=1358093 teams 0/2250 matched, players 0/861 matched
2026-08-24 00:01:33,422 INFO ncaa_identity: contest_id=1358103 season=2010 league=wbb -- teams  not built; ids emitted as nulls
2026-08-24 00:01:33,427 INFO ncaa_identity: contest_id=1358103 teams 0/1910 matched, players 0/709 matched
2026-08-24 00:01:34,824 INFO ncaa_identity: contest_id=1358139 season=2010 league=wbb -- teams  not built; ids emitted as nulls
2026-08-24 00:01:34,829 INFO ncaa_identity: contest_id=1358139 teams 0/2022 matched, players 0/817 matched
2026-08-24 00:01:35,852 INFO ncaa_identity: contest_id=1358157 season=2010 league=wbb -- teams  not built; ids emitted as nulls
2026-08-24 00:01:35,856 INFO ncaa_identity: contest_id=1358157 teams 0/1908 matched, players 0/732 matched
2026-08-24 00:01:37,359 INFO ncaa_identity: contest_id=1358183 season=2010 league=wbb -- teams  not built; ids emitted as nulls
2026-08-24 00:01:37,364 INFO ncaa_identity: contest_id=1358183 teams 0/2180 matched, players 0/821 matched
2026-08-24 00:01:38,606 INFO ncaa_identity: contest_id=1358197 season=2010 league=wbb -- teams  not built; ids emitted as nulls
2026-08-24 00:01:38,609 INFO ncaa_identity: contest_id=1358197 teams 0/1719 matched, players 0/488 matched
2026-08-24 00:01:40,180 INFO ncaa_identity: contest_id=1358219 season=2010 league=wbb -- teams  not built; ids emitted as nulls
2026-08-24 00:01:40,185 INFO ncaa_identity: contest_id=1358219 teams 0/1918 matched, players 0/727 matched
2026-08-24 00:01:41,795 INFO ncaa_identity: contest_id=1358234 season=2010 league=wbb -- teams  not built; ids emitted as nulls
2026-08-24 00:01:41,799 INFO ncaa_identity: contest_id=1358234 teams 0/2056 matched, players 0/762 matched
2026-08-24 00:01:43,333 INFO ncaa_identity: contest_id=1358247 season=2010 league=wbb -- teams  not built; ids emitted as nulls
2026-08-24 00:01:43,337 INFO ncaa_identity: contest_id=1358247 teams 0/1820 matched, players 0/685 matched
2026-08-24 00:01:44,657 INFO ncaa_identity: contest_id=1358259 season=2010 league=wbb -- teams  not built; ids emitted as nulls
2026-08-24 00:01:44,662 INFO ncaa_identity: contest_id=1358259 teams 0/2056 matched, players 0/755 matched
2026-08-24 00:01:45,968 INFO ncaa_identity: contest_id=1358276 season=2010 league=wbb -- teams  not built; ids emitted as nulls
2026-08-24 00:01:45,971 INFO ncaa_identity: contest_id=1358276 teams 0/1864 matched, players 0/639 matched
2026-08-24 00:01:47,116 INFO ncaa_identity: contest_id=1358300 season=2010 league=wbb -- teams  not built; ids emitted as nulls
2026-08-24 00:01:47,119 INFO ncaa_identity: contest_id=1358300 teams 0/1374 matched, players 0/361 matched
2026-08-24 00:01:48,495 INFO ncaa_identity: contest_id=1358323 season=2010 league=wbb -- teams  not built; ids emitted as nulls
2026-08-24 00:01:48,498 INFO ncaa_identity: contest_id=1358323 teams 0/1888 matched, players 0/716 matched
2026-08-24 00:01:49,628 INFO ncaa_identity: contest_id=1358337 season=2010 league=wbb -- teams  not built; ids emitted as nulls
2026-08-24 00:01:49,634 INFO ncaa_identity: contest_id=1358337 teams 0/1784 matched, players 0/669 matched
2026-08-24 00:01:51,398 INFO ncaa_identity: contest_id=1358354 season=2010 league=wbb -- teams  not built; ids emitted as nulls
2026-08-24 00:01:51,404 INFO ncaa_identity: contest_id=1358354 teams 0/2766 matched, players 0/1065 matched
2026-08-24 00:01:52,438 INFO ncaa_identity: contest_id=1358369 season=2010 league=wbb -- teams  not built; ids emitted as nulls
2026-08-24 00:01:52,443 INFO ncaa_identity: contest_id=1358369 teams 0/1964 matched, players 0/754 matched
2026-08-24 00:01:53,976 INFO ncaa_identity: contest_id=1358382 season=2010 league=wbb -- teams  not built; ids emitted as nulls
2026-08-24 00:01:53,980 INFO ncaa_identity: contest_id=1358382 teams 0/2127 matched, players 0/702 matched
2026-08-24 00:01:55,377 INFO ncaa_identity: contest_id=1358400 season=2010 league=wbb -- teams  not built; ids emitted as nulls
2026-08-24 00:01:55,382 INFO ncaa_identity: contest_id=1358400 teams 0/2257 matched, players 0/777 matched
2026-08-24 00:01:56,633 INFO ncaa_identity: contest_id=1358414 season=2010 league=wbb -- teams  not built; ids emitted as nulls
2026-08-24 00:01:56,637 INFO ncaa_identity: contest_id=1358414 teams 0/1768 matched, players 0/591 matched
2026-08-24 00:01:58,053 INFO ncaa_identity: contest_id=1358427 season=2010 league=wbb -- teams  not built; ids emitted as nulls
2026-08-24 00:01:58,056 INFO ncaa_identity: contest_id=1358427 teams 0/1596 matched, players 0/504 matched
2026-08-24 00:01:59,420 INFO ncaa_identity: contest_id=1358437 season=2010 league=wbb -- teams  not built; ids emitted as nulls
2026-08-24 00:01:59,424 INFO ncaa_identity: contest_id=1358437 teams 0/1928 matched, players 0/589 matched
2026-08-24 00:02:00,664 INFO ncaa_identity: contest_id=1358447 season=2010 league=wbb -- teams  not built; ids emitted as nulls
2026-08-24 00:02:00,669 INFO ncaa_identity: contest_id=1358447 teams 0/2342 matched, players 0/973 matched
2026-08-24 00:02:01,610 INFO ncaa_identity: contest_id=1358457 season=2010 league=wbb -- teams  not built; ids emitted as nulls
2026-08-24 00:02:01,614 INFO ncaa_identity: contest_id=1358457 teams 0/1514 matched, players 0/505 matched
2026-08-24 00:02:02,779 INFO ncaa_identity: contest_id=1358468 season=2010 league=wbb -- teams  not built; ids emitted as nulls
2026-08-24 00:02:02,782 INFO ncaa_identity: contest_id=1358468 teams 0/1526 matched, players 0/574 matched
2026-08-24 00:02:04,006 INFO ncaa_identity: contest_id=1358478 season=2010 league=wbb -- teams  not built; ids emitted as nulls
2026-08-24 00:02:04,010 INFO ncaa_identity: contest_id=1358478 teams 0/2004 matched, players 0/763 matched
2026-08-24 00:02:05,597 INFO ncaa_identity: contest_id=1358491 season=2010 league=wbb -- teams  not built; ids emitted as nulls
2026-08-24 00:02:05,602 INFO ncaa_identity: contest_id=1358491 teams 0/2268 matched, players 0/822 matched
2026-08-24 00:02:05,750 INFO 5 starters not found for period 1; using estimate
2026-08-24 00:02:05,751 INFO 5 starters not found for period 1; using estimate
2026-08-24 00:02:05,752 INFO 5 starters not found for period 2; using estimate
2026-08-24 00:02:05,752 INFO 5 starters not found for period 2; using estimate
2026-08-24 00:02:06,814 INFO ncaa_identity: contest_id=1358501 season=2010 league=wbb -- teams  not built; ids emitted as nulls
2026-08-24 00:02:06,827 INFO ncaa_identity: contest_id=1358501 teams 0/2504 matched, players 0/4312 matched
2026-08-24 00:02:08,417 INFO ncaa_identity: contest_id=1358517 season=2010 league=wbb -- teams  not built; ids emitted as nulls
2026-08-24 00:02:08,423 INFO ncaa_identity: contest_id=1358517 teams 0/2582 matched, players 0/1085 matched
2026-08-24 00:02:10,008 INFO ncaa_identity: contest_id=1358555 season=2010 league=wbb -- teams  not built; ids emitted as nulls
2026-08-24 00:02:10,012 INFO ncaa_identity: contest_id=1358555 teams 0/2134 matched, players 0/708 matched
2026-08-24 00:02:11,232 INFO ncaa_identity: contest_id=1358568 season=2010 league=wbb -- teams  not built; ids emitted as nulls
2026-08-24 00:02:11,237 INFO ncaa_identity: contest_id=1358568 teams 0/2442 matched, players 0/1044 matched
2026-08-24 00:02:13,037 INFO ncaa_identity: contest_id=1358586 season=2010 league=wbb -- teams  not built; ids emitted as nulls
2026-08-24 00:02:13,041 INFO ncaa_identity: contest_id=1358586 teams 0/2012 matched, players 0/754 matched
2026-08-24 00:02:14,402 INFO ncaa_identity: contest_id=1358611 season=2010 league=wbb -- teams  not built; ids emitted as nulls
2026-08-24 00:02:14,406 INFO ncaa_identity: contest_id=1358611 teams 0/1786 matched, players 0/643 matched
2026-08-24 00:02:15,661 INFO ncaa_identity: contest_id=1358626 season=2010 league=wbb -- teams  not built; ids emitted as nulls
2026-08-24 00:02:15,665 INFO ncaa_identity: contest_id=1358626 teams 0/1981 matched, players 0/871 matched
2026-08-24 00:02:16,806 INFO ncaa_identity: contest_id=1358641 season=2010 league=wbb -- teams  not built; ids emitted as nulls
2026-08-24 00:02:16,812 INFO ncaa_identity: contest_id=1358641 teams 0/2057 matched, players 0/872 matched
2026-08-24 00:02:18,256 INFO ncaa_identity: contest_id=1358659 season=2010 league=wbb -- teams  not built; ids emitted as nulls
2026-08-24 00:02:18,261 INFO ncaa_identity: contest_id=1358659 teams 0/2022 matched, players 0/837 matched
2026-08-24 00:02:19,406 INFO ncaa_identity: contest_id=1358669 season=2010 league=wbb -- teams  not built; ids emitted as nulls
2026-08-24 00:02:19,411 INFO ncaa_identity: contest_id=1358669 teams 0/2126 matched, players 0/867 matched
2026-08-24 00:02:20,387 INFO ncaa_identity: contest_id=1358679 season=2010 league=wbb -- teams  not built; ids emitted as nulls
2026-08-24 00:02:20,390 INFO ncaa_identity: contest_id=1358679 teams 0/1736 matched, players 0/626 matched
2026-08-24 00:02:21,640 INFO ncaa_identity: contest_id=1358691 season=2010 league=wbb -- teams  not built; ids emitted as nulls
2026-08-24 00:02:21,645 INFO ncaa_identity: contest_id=1358691 teams 0/2124 matched, players 0/814 matched
2026-08-24 00:02:22,818 INFO ncaa_identity: contest_id=1358703 season=2010 league=wbb -- teams  not built; ids emitted as nulls
2026-08-24 00:02:22,822 INFO ncaa_identity: contest_id=1358703 teams 0/2082 matched, players 0/695 matched
2026-08-24 00:02:23,884 INFO ncaa_identity: contest_id=1358714 season=2010 league=wbb -- teams  not built; ids emitted as nulls
2026-08-24 00:02:23,888 INFO ncaa_identity: contest_id=1358714 teams 0/1888 matched, players 0/592 matched
2026-08-24 00:02:25,226 INFO ncaa_identity: contest_id=1358724 season=2010 league=wbb -- teams  not built; ids emitted as nulls
2026-08-24 00:02:25,230 INFO ncaa_identity: contest_id=1358724 teams 0/1986 matched, players 0/830 matched
2026-08-24 00:02:26,262 INFO ncaa_identity: contest_id=1358734 season=2010 league=wbb -- teams  not built; ids emitted as nulls
2026-08-24 00:02:26,266 INFO ncaa_identity: contest_id=1358734 teams 0/1854 matched, players 0/632 matched
2026-08-24 00:02:27,431 INFO ncaa_identity: contest_id=1358745 season=2010 league=wbb -- teams  not built; ids emitted as nulls
2026-08-24 00:02:27,435 INFO ncaa_identity: contest_id=1358745 teams 0/2104 matched, players 0/844 matched
2026-08-24 00:02:29,023 INFO ncaa_identity: contest_id=1358757 season=2010 league=wbb -- teams  not built; ids emitted as nulls
2026-08-24 00:02:29,028 INFO ncaa_identity: contest_id=1358757 teams 0/2248 matched, players 0/882 matched
2026-08-24 00:02:30,163 INFO ncaa_identity: contest_id=1358771 season=2010 league=wbb -- teams  not built; ids emitted as nulls
2026-08-24 00:02:30,167 INFO ncaa_identity: contest_id=1358771 teams 0/1762 matched, players 0/685 matched
2026-08-24 00:02:31,321 INFO ncaa_identity: contest_id=1358782 season=2010 league=wbb -- teams  not built; ids emitted as nulls
2026-08-24 00:02:31,326 INFO ncaa_identity: contest_id=1358782 teams 0/2054 matched, players 0/780 matched
2026-08-24 00:02:32,946 INFO ncaa_identity: contest_id=1358792 season=2010 league=wbb -- teams  not built; ids emitted as nulls
2026-08-24 00:02:32,951 INFO ncaa_identity: contest_id=1358792 teams 0/2000 matched, players 0/737 matched
2026-08-24 00:02:36,286 INFO ncaa_identity: contest_id=878041 teams 2127/2127 matched, players 782/798 matched
2026-08-24 00:02:42,054 INFO ncaa_identity: contest_id=878090 teams 3196/3196 matched, players 8173/9038 matched
2026-08-24 00:02:43,702 INFO ncaa_identity: contest_id=878103 teams 2734/2734 matched, players 7230/7685 matched
2026-08-24 00:02:45,142 INFO ncaa_identity: contest_id=878116 teams 2803/2803 matched, players 7333/7912 matched
2026-08-24 00:02:46,620 INFO ncaa_identity: contest_id=878126 teams 1382/2676 matched, players 3871/7579 matched
2026-08-24 00:02:49,415 INFO ncaa_identity: contest_id=878154 teams 2965/2965 matched, players 7897/8377 matched
2026-08-24 00:02:52,504 INFO ncaa_identity: contest_id=878176 teams 2677/2677 matched, players 7414/7508 matched
2026-08-24 00:02:54,317 INFO ncaa_identity: contest_id=878200 teams 2965/2965 matched, players 8190/8403 matched
2026-08-24 00:02:55,684 INFO ncaa_identity: contest_id=878223 teams 2663/2663 matched, players 7185/7532 matched
2026-08-24 00:02:56,608 INFO ncaa_identity: contest_id=878236 teams 2226/2226 matched, players 5395/6257 matched
2026-08-24 00:02:58,145 INFO ncaa_identity: contest_id=878255 teams 2351/2351 matched, players 5799/6631 matched
2026-08-24 00:03:04,310 INFO ncaa_identity: contest_id=878338 teams 2302/2302 matched, players 812/821 matched
2026-08-24 00:03:07,290 INFO ncaa_identity: contest_id=878363 teams 2671/2671 matched, players 7486/7570 matched
2026-08-24 00:03:10,695 INFO ncaa_identity: contest_id=878424 teams 2719/2719 matched, players 7172/7649 matched
2026-08-24 00:03:15,950 INFO ncaa_identity: contest_id=878535 teams 2182/2182 matched, players 5203/6169 matched
2026-08-24 00:03:17,569 INFO ncaa_identity: contest_id=878579 teams 1386/2702 matched, players 3905/7655 matched
2026-08-24 00:03:19,114 INFO ncaa_identity: contest_id=878617 teams 1358/2752 matched, players 3819/7773 matched
2026-08-24 00:03:20,736 INFO ncaa_identity: contest_id=878640 teams 1456/2959 matched, players 4235/8347 matched
2026-08-24 00:03:23,667 INFO ncaa_identity: contest_id=878700 teams 2337/2337 matched, players 6233/6529 matched
2026-08-24 00:03:26,425 INFO ncaa_identity: contest_id=878762 teams 2233/2233 matched, players 6063/6293 matched
2026-08-24 00:03:27,655 INFO ncaa_identity: contest_id=878780 teams 2663/2663 matched, players 7156/7487 matched
2026-08-24 00:03:28,893 INFO ncaa_identity: contest_id=878795 teams 1066/2103 matched, players 2924/5854 matched
2026-08-24 00:03:30,507 INFO ncaa_identity: contest_id=878824 teams 2618/2618 matched, players 6864/7400 matched
2026-08-24 00:03:32,073 INFO ncaa_identity: contest_id=878850 teams 2716/2716 matched, players 7308/7652 matched
2026-08-24 00:03:38,637 INFO ncaa_identity: contest_id=878958 teams 2772/2772 matched, players 7739/7843 matched
2026-08-24 00:03:41,729 INFO ncaa_identity: contest_id=879021 teams 1205/2391 matched, players 3386/6711 matched
2026-08-24 00:03:42,839 INFO ncaa_identity: contest_id=879051 teams 2096/2096 matched, players 5158/5925 matched
2026-08-24 00:03:46,906 INFO ncaa_identity: contest_id=879233 teams 3177/3177 matched, players 8552/9003 matched
2026-08-24 00:03:50,280 INFO ncaa_identity: contest_id=879334 teams 1291/2539 matched, players 3306/7115 matched
2026-08-24 00:03:51,841 INFO ncaa_identity: contest_id=879367 teams 1202/2327 matched, players 3145/6564 matched
2026-08-24 00:03:53,254 INFO ncaa_identity: contest_id=879419 teams 2428/2428 matched, players 6806/6868 matched
2026-08-24 00:03:55,062 INFO ncaa_identity: contest_id=879542 teams 1971/1971 matched, players 811/817 matched
2026-08-24 00:03:56,532 INFO ncaa_identity: contest_id=879562 teams 2261/2261 matched, players 6240/6382 matched
2026-08-24 00:03:59,409 INFO ncaa_identity: contest_id=879591 teams 2066/2066 matched, players 5326/5782 matched
2026-08-24 00:04:03,791 INFO ncaa_identity: contest_id=879675 teams 2967/2967 matched, players 8074/8401 matched
2026-08-24 00:04:07,977 INFO ncaa_identity: contest_id=879733 teams 2229/2229 matched, players 5801/6238 matched
2026-08-24 00:04:09,730 INFO ncaa_identity: contest_id=879755 teams 1561/3057 matched, players 4357/8601 matched
2026-08-24 00:04:09,967 WARNING ncaa_parse: family=lineups contest_id=879788 team=Sam Houston SKIPPED (1 parse error(s)): Duplicate players after widening: LatishaMorgan <- ['Morgan, LaTisha', 'Morgan, LaTisha'] (roster of 12)
2026-08-24 00:04:10,865 WARNING ncaa_parse: family=shots contest_id=879788 team=Sam Houston SKIPPED (1 parse error(s)): Duplicate players after widening: LatishaMorgan <- ['Morgan, LaTisha', 'Morgan, LaTisha'] (roster of 12)
2026-08-24 00:04:10,976 INFO ncaa_identity: contest_id=879788 teams 2781/2781 matched, players 7367/7848 matched
2026-08-24 00:04:12,747 INFO ncaa_identity: contest_id=879819 teams 2550/2550 matched, players 6351/7202 matched
2026-08-24 00:04:13,871 INFO ncaa_identity: contest_id=879876 teams 1123/2246 matched, players 3175/6324 matched
2026-08-24 00:04:17,077 INFO ncaa_identity: contest_id=879973 teams 1088/2261 matched, players 3115/6361 matched
2026-08-24 00:04:21,524 INFO ncaa_identity: contest_id=880058 teams 2371/2371 matched, players 6629/6695 matched
2026-08-24 00:04:25,747 INFO ncaa_identity: contest_id=880102 teams 2965/2965 matched, players 8139/8391 matched
2026-08-24 00:04:27,478 INFO ncaa_identity: contest_id=880117 teams 2466/2466 matched, players 6339/6919 matched
2026-08-24 00:04:29,007 INFO ncaa_identity: contest_id=880139 teams 2479/2479 matched, players 6872/6946 matched
2026-08-24 00:04:38,481 INFO ncaa_identity: contest_id=880250 teams 2712/2712 matched, players 7529/7649 matched
2026-08-24 00:04:39,916 INFO ncaa_identity: contest_id=880274 teams 2278/2278 matched, players 5872/6445 matched
2026-08-24 00:04:41,524 INFO ncaa_identity: contest_id=880304 teams 2607/2607 matched, players 7305/7349 matched
2026-08-24 00:04:43,043 INFO ncaa_identity: contest_id=880342 teams 3037/3037 matched, players 7921/8539 matched
2026-08-24 00:04:44,670 INFO ncaa_identity: contest_id=880375 teams 1202/2331 matched, players 3074/6567 matched
2026-08-24 00:04:47,243 INFO ncaa_identity: contest_id=880415 teams 2440/2440 matched, players 6355/6903 matched
2026-08-24 00:04:50,569 INFO ncaa_identity: contest_id=880449 teams 2964/2964 matched, players 8117/8328 matched
2026-08-24 00:04:52,228 INFO ncaa_identity: contest_id=880466 teams 1255/2493 matched, players 3488/7026 matched
2026-08-24 00:04:53,441 INFO ncaa_identity: contest_id=880487 teams 2215/2215 matched, players 6156/6225 matched
2026-08-24 00:04:54,967 INFO ncaa_identity: contest_id=880507 teams 2374/2374 matched, players 6259/6691 matched
2026-08-24 00:04:56,333 INFO ncaa_identity: contest_id=880528 teams 2359/2359 matched, players 6254/6639 matched
2026-08-24 00:05:02,353 INFO ncaa_identity: contest_id=880613 teams 2414/2414 matched, players 6370/6711 matched
2026-08-24 00:05:03,949 INFO ncaa_identity: contest_id=880659 teams 1328/2670 matched, players 3730/7550 matched
2026-08-24 00:05:05,649 INFO ncaa_identity: contest_id=880702 teams 3032/3032 matched, players 8259/8563 matched
2026-08-24 00:05:08,632 INFO ncaa_identity: contest_id=880768 teams 2548/2548 matched, players 6464/7208 matched
2026-08-24 00:05:09,762 INFO ncaa_identity: contest_id=880834 teams 2048/2048 matched, players 5603/5765 matched
2026-08-24 00:05:11,033 INFO ncaa_identity: contest_id=880859 teams 1065/2158 matched, players 3018/6102 matched
2026-08-24 00:05:12,534 INFO ncaa_identity: contest_id=880879 teams 2264/2264 matched, players 5594/6346 matched
2026-08-24 00:05:18,657 INFO ncaa_identity: contest_id=880995 teams 2434/2434 matched, players 6827/6858 matched
2026-08-24 00:05:24,555 INFO ncaa_identity: contest_id=881127 teams 2326/2326 matched, players 6262/6560 matched
2026-08-24 00:05:26,419 INFO ncaa_identity: contest_id=881142 teams 2710/2710 matched, players 7458/7607 matched
2026-08-24 00:05:29,458 INFO ncaa_identity: contest_id=881217 teams 2390/2390 matched, players 6347/6745 matched
2026-08-24 00:05:34,346 INFO ncaa_identity: contest_id=881369 teams 2910/2910 matched, players 8034/8227 matched
2026-08-24 00:05:36,819 INFO ncaa_identity: contest_id=881444 teams 1771/1771 matched, players 4790/5025 matched
2026-08-24 00:05:38,704 INFO ncaa_identity: contest_id=881512 teams 2848/2848 matched, players 7688/8095 matched
2026-08-24 00:05:43,432 INFO ncaa_identity: contest_id=881650 teams 2423/2423 matched, players 6452/6799 matched
2026-08-24 00:05:45,061 INFO ncaa_identity: contest_id=881666 teams 2614/2614 matched, players 6947/7354 matched
2026-08-24 00:05:49,582 INFO ncaa_identity: contest_id=881707 teams 2586/2586 matched, players 6701/7346 matched
2026-08-24 00:05:52,346 INFO ncaa_identity: contest_id=881746 teams 2111/2111 matched, players 5652/5907 matched
2026-08-24 00:05:53,705 INFO ncaa_identity: contest_id=881775 teams 2667/2667 matched, players 7288/7542 matched
2026-08-24 00:05:54,694 INFO ncaa_identity: contest_id=881798 teams 1918/1918 matched, players 692/694 matched
2026-08-24 00:05:56,359 INFO ncaa_identity: contest_id=881828 teams 2592/2592 matched, players 7010/7329 matched
2026-08-24 00:06:07,311 INFO ncaa_identity: contest_id=882123 teams 2402/2402 matched, players 6468/6819 matched
2026-08-24 00:06:09,923 INFO ncaa_identity: contest_id=882162 teams 2597/2597 matched, players 6738/7371 matched
2026-08-24 00:06:11,249 INFO ncaa_identity: contest_id=882185 teams 2407/2407 matched, players 6610/6799 matched
2026-08-24 00:06:12,995 INFO ncaa_identity: contest_id=882236 teams 1283/2526 matched, players 3589/7124 matched
2026-08-24 00:06:15,933 INFO ncaa_identity: contest_id=882272 teams 2387/2387 matched, players 6654/6702 matched
2026-08-24 00:06:17,754 INFO ncaa_identity: contest_id=882301 teams 2770/2770 matched, players 7218/7828 matched
2026-08-24 00:06:20,909 INFO ncaa_identity: contest_id=882407 teams 2517/2517 matched, players 6636/7109 matched
2026-08-24 00:06:23,914 INFO ncaa_identity: contest_id=882514 teams 2548/2548 matched, players 6858/7198 matched
2026-08-24 00:06:25,517 INFO ncaa_identity: contest_id=882531 teams 1175/2311 matched, players 2973/6487 matched
2026-08-24 00:06:26,625 INFO ncaa_identity: contest_id=882550 teams 2162/2162 matched, players 5742/6043 matched
2026-08-24 00:06:27,802 INFO ncaa_identity: contest_id=882573 teams 2082/2082 matched, players 5402/5889 matched
2026-08-24 00:06:29,323 INFO ncaa_identity: contest_id=882586 teams 2343/2343 matched, players 5747/6603 matched
2026-08-24 00:06:30,487 INFO ncaa_identity: contest_id=882624 teams 1240/2432 matched, players 3196/6884 matched
2026-08-24 00:06:35,327 INFO ncaa_identity: contest_id=882717 teams 2520/2520 matched, players 6465/7074 matched
2026-08-24 00:06:40,075 INFO ncaa_identity: contest_id=882814 teams 3101/3101 matched, players 8125/8775 matched
2026-08-24 00:06:45,616 INFO ncaa_identity: contest_id=882932 teams 2160/2160 matched, players 5611/6093 matched
2026-08-24 00:06:52,061 INFO ncaa_identity: contest_id=883036 teams 1936/1936 matched, players 650/681 matched
2026-08-24 00:06:53,566 INFO ncaa_identity: contest_id=883075 teams 2349/2349 matched, players 6208/6620 matched
2026-08-24 00:06:55,234 INFO ncaa_identity: contest_id=883088 teams 2396/2396 matched, players 6618/6708 matched
2026-08-24 00:06:59,412 INFO ncaa_identity: contest_id=883131 teams 2449/2449 matched, players 6378/6922 matched
2026-08-24 00:07:04,383 INFO ncaa_identity: contest_id=883196 teams 2267/2267 matched, players 6019/6365 matched
2026-08-24 00:07:09,290 INFO ncaa_identity: contest_id=883237 teams 2743/2743 matched, players 6609/7732 matched
2026-08-24 00:07:15,713 INFO ncaa_identity: contest_id=883293 teams 1267/2496 matched, players 3518/7014 matched
2026-08-24 00:07:16,956 INFO ncaa_identity: contest_id=883306 teams 2392/2392 matched, players 6450/6770 matched
2026-08-24 00:07:24,661 INFO ncaa_identity: contest_id=883370 teams 2655/2655 matched, players 7470/7510 matched
2026-08-24 00:07:26,065 INFO ncaa_identity: contest_id=883382 teams 2545/2545 matched, players 6677/7170 matched
2026-08-24 00:07:27,841 INFO ncaa_identity: contest_id=883394 teams 2222/2222 matched, players 5786/6243 matched
2026-08-24 00:07:34,801 INFO ncaa_identity: contest_id=883460 teams 2532/2532 matched, players 6565/7167 matched
2026-08-24 00:07:36,088 INFO ncaa_identity: contest_id=883471 teams 1303/2511 matched, players 3613/7135 matched
2026-08-24 00:07:39,220 INFO ncaa_identity: contest_id=883507 teams 2234/2234 matched, players 5885/6325 matched
2026-08-24 00:07:40,784 INFO ncaa_identity: contest_id=883519 teams 2254/2254 matched, players 5849/6366 matched
2026-08-24 00:07:42,775 INFO ncaa_identity: contest_id=883546 teams 2684/2684 matched, players 7071/7539 matched
2026-08-24 00:07:44,242 INFO ncaa_identity: contest_id=883567 teams 2334/2334 matched, players 6417/6597 matched
2026-08-24 00:07:47,295 INFO ncaa_identity: contest_id=883624 teams 2912/2912 matched, players 7644/8201 matched
2026-08-24 00:07:48,392 INFO ncaa_identity: contest_id=883641 teams 2245/2245 matched, players 5876/6328 matched
2026-08-24 00:07:51,730 INFO ncaa_identity: contest_id=883692 teams 2521/2521 matched, players 6323/7127 matched
2026-08-24 00:07:53,315 INFO ncaa_identity: contest_id=883705 teams 1159/2423 matched, players 3505/6826 matched
2026-08-24 00:07:55,057 INFO ncaa_identity: contest_id=883728 teams 2621/2621 matched, players 6873/7418 matched
2026-08-24 00:07:59,378 INFO ncaa_identity: contest_id=883801 teams 2750/2750 matched, players 7414/7746 matched
2026-08-24 00:08:04,426 INFO ncaa_identity: contest_id=883874 teams 1115/2232 matched, players 2606/6280 matched
2026-08-24 00:08:06,058 INFO ncaa_identity: contest_id=883905 teams 2606/2606 matched, players 6760/7402 matched
2026-08-24 00:08:08,169 INFO ncaa_identity: contest_id=883922 teams 2741/2741 matched, players 7568/7709 matched
2026-08-24 00:08:11,152 INFO ncaa_identity: contest_id=883955 teams 1957/1957 matched, players 5206/5519 matched
2026-08-24 00:08:19,757 INFO ncaa_identity: contest_id=884051 teams 2674/2674 matched, players 6987/7494 matched
2026-08-24 00:08:22,369 INFO ncaa_identity: contest_id=884092 teams 2358/2358 matched, players 6351/6623 matched
2026-08-24 00:08:24,022 INFO ncaa_identity: contest_id=884119 teams 1310/2677 matched, players 3823/7585 matched
2026-08-24 00:08:25,174 INFO ncaa_identity: contest_id=884172 teams 2611/2611 matched, players 6909/7334 matched
2026-08-24 00:08:26,387 INFO ncaa_identity: contest_id=884196 teams 1978/1978 matched, players 5540/5564 matched
2026-08-24 00:08:27,419 INFO ncaa_identity: contest_id=884254 teams 0/2477 matched, players 0/6996 matched
2026-08-24 00:08:28,863 INFO ncaa_identity: contest_id=884298 teams 2194/2194 matched, players 863/865 matched
2026-08-24 00:08:30,304 INFO ncaa_identity: contest_id=884312 teams 3291/3291 matched, players 8734/9236 matched
2026-08-24 00:08:37,099 INFO ncaa_identity: contest_id=884524 teams 2412/2412 matched, players 6222/6780 matched
2026-08-24 00:08:38,832 INFO ncaa_identity: contest_id=884541 teams 2662/2662 matched, players 7191/7543 matched
2026-08-24 00:08:41,203 INFO ncaa_identity: contest_id=884592 teams 2132/2132 matched, players 5607/5960 matched
2026-08-24 00:08:43,126 INFO ncaa_identity: contest_id=884623 teams 2693/2693 matched, players 7550/7630 matched
2026-08-24 00:08:44,364 INFO ncaa_identity: contest_id=884653 teams 2628/2628 matched, players 6819/7412 matched
2026-08-24 00:08:50,498 INFO ncaa_identity: contest_id=884796 teams 2865/2865 matched, players 8035/8070 matched
2026-08-24 00:08:51,655 INFO ncaa_identity: contest_id=884828 teams 2506/2506 matched, players 6883/7051 matched
2026-08-24 00:08:53,628 INFO ncaa_identity: contest_id=884863 teams 1161/2309 matched, players 3280/6511 matched
2026-08-24 00:08:56,567 INFO ncaa_identity: contest_id=884944 teams 2763/2763 matched, players 7525/7853 matched
2026-08-24 00:09:00,175 INFO ncaa_identity: contest_id=885027 teams 2355/2355 matched, players 6532/6581 matched
2026-08-24 00:09:03,971 INFO ncaa_identity: contest_id=885127 teams 2091/2091 matched, players 5515/5906 matched
2026-08-24 00:09:11,961 INFO ncaa_identity: contest_id=885259 teams 2228/2228 matched, players 5264/6241 matched
2026-08-24 00:09:13,363 INFO ncaa_identity: contest_id=885287 teams 2469/2469 matched, players 6279/6985 matched
2026-08-24 00:09:15,113 INFO ncaa_identity: contest_id=885323 teams 2591/2591 matched, players 6702/7341 matched
2026-08-24 00:09:16,927 INFO ncaa_identity: contest_id=885413 teams 2484/2484 matched, players 6467/7005 matched
2026-08-24 00:09:18,521 INFO ncaa_identity: contest_id=885431 teams 2114/2114 matched, players 5772/5949 matched
2026-08-24 00:09:20,143 INFO ncaa_identity: contest_id=885460 teams 2824/2824 matched, players 7526/7961 matched
2026-08-24 00:09:22,969 INFO ncaa_identity: contest_id=885543 teams 2033/2033 matched, players 5679/5714 matched
2026-08-24 00:09:24,323 INFO ncaa_identity: contest_id=885582 teams 2645/2645 matched, players 6853/7447 matched
2026-08-24 00:09:34,887 INFO ncaa_identity: contest_id=885833 teams 2381/2381 matched, players 6185/6705 matched
2026-08-24 00:09:36,240 INFO ncaa_identity: contest_id=885865 teams 2149/2149 matched, players 5477/6036 matched
2026-08-24 00:09:40,487 INFO ncaa_identity: contest_id=885930 teams 2302/2302 matched, players 6281/6431 matched
2026-08-24 00:09:41,830 INFO ncaa_identity: contest_id=885996 teams 2158/2158 matched, players 5930/6079 matched
2026-08-24 00:09:44,410 INFO ncaa_identity: contest_id=886040 teams 1321/2633 matched, players 3601/7438 matched
2026-08-24 00:09:45,906 INFO ncaa_identity: contest_id=886132 teams 2461/2461 matched, players 6562/6972 matched
2026-08-24 00:09:57,387 INFO ncaa_identity: contest_id=886326 teams 2200/2200 matched, players 5922/6180 matched
2026-08-24 00:10:00,231 INFO ncaa_identity: contest_id=886387 teams 990/2032 matched, players 2301/5739 matched
2026-08-24 00:10:01,537 INFO ncaa_identity: contest_id=886414 teams 2799/2799 matched, players 7501/7975 matched
2026-08-24 00:10:03,278 INFO ncaa_identity: contest_id=886473 teams 1247/2490 matched, players 3518/7033 matched
2026-08-24 00:10:14,970 INFO ncaa_identity: contest_id=886773 teams 2159/2159 matched, players 5938/6085 matched
2026-08-24 00:10:18,319 INFO ncaa_identity: contest_id=886822 teams 2459/2459 matched, players 6422/6913 matched
2026-08-24 00:10:19,730 INFO ncaa_identity: contest_id=886915 teams 2293/2293 matched, players 6007/6495 matched
2026-08-24 00:10:22,515 INFO ncaa_identity: contest_id=887012 teams 1899/1899 matched, players 4591/5313 matched
2026-08-24 00:10:25,153 INFO ncaa_identity: contest_id=887084 teams 2125/2125 matched, players 5906/5971 matched
2026-08-24 00:10:26,607 INFO ncaa_identity: contest_id=887144 teams 2155/2155 matched, players 5743/6054 matched
2026-08-24 00:10:28,858 INFO ncaa_identity: contest_id=887179 teams 2173/2173 matched, players 5148/6074 matched
2026-08-24 00:10:31,464 INFO ncaa_identity: contest_id=887222 teams 1922/1922 matched, players 5374/5408 matched
2026-08-24 00:10:38,793 INFO ncaa_identity: contest_id=887386 teams 2358/2358 matched, players 6155/6606 matched
2026-08-24 00:10:44,571 INFO ncaa_identity: contest_id=887465 teams 2114/2114 matched, players 5424/5936 matched
2026-08-24 00:10:47,117 INFO ncaa_identity: contest_id=887500 teams 1251/2470 matched, players 3329/6929 matched
2026-08-24 00:10:49,856 INFO ncaa_identity: contest_id=887639 teams 2390/2390 matched, players 6401/6735 matched
2026-08-24 00:10:55,688 INFO ncaa_identity: contest_id=887749 teams 2179/2179 matched, players 5271/6155 matched
2026-08-24 00:10:57,086 INFO ncaa_identity: contest_id=887778 teams 2720/2720 matched, players 7433/7618 matched
2026-08-24 00:11:00,374 INFO ncaa_identity: contest_id=887838 teams 2226/2226 matched, players 5811/6263 matched
2026-08-24 00:11:04,226 INFO ncaa_identity: contest_id=887941 teams 2245/2245 matched, players 6185/6338 matched
2026-08-24 00:11:05,608 INFO ncaa_identity: contest_id=888002 teams 2065/2065 matched, players 5332/5770 matched
2026-08-24 00:11:12,073 INFO ncaa_identity: contest_id=888155 teams 2572/2572 matched, players 7139/7292 matched
2026-08-24 00:11:13,177 INFO ncaa_identity: contest_id=888194 teams 2079/2079 matched, players 5415/5822 matched
2026-08-24 00:11:17,993 INFO ncaa_identity: contest_id=888265 teams 2379/2379 matched, players 6673/6704 matched
2026-08-24 00:11:19,175 INFO ncaa_identity: contest_id=888287 teams 2233/2233 matched, players 6274/6286 matched
2026-08-24 00:11:20,444 INFO ncaa_identity: contest_id=888316 teams 2466/2466 matched, players 6956/6958 matched
2026-08-24 00:11:25,071 INFO ncaa_identity: contest_id=888451 teams 2446/2446 matched, players 6549/6937 matched
2026-08-24 00:11:27,938 INFO ncaa_identity: contest_id=888486 teams 2091/2091 matched, players 5215/5883 matched
2026-08-24 00:11:30,861 INFO 5 starters not found for period 3; using estimate
2026-08-24 00:11:34,004 INFO ncaa_identity: contest_id=888559 teams 2547/2547 matched, players 6305/7150 matched
2026-08-24 00:11:41,254 INFO ncaa_identity: contest_id=888752 teams 2744/2744 matched, players 7363/7758 matched
2026-08-24 00:11:44,037 INFO ncaa_identity: contest_id=888826 teams 2539/2539 matched, players 6538/7140 matched
2026-08-24 00:11:57,063 INFO ncaa_identity: contest_id=889162 teams 1876/1876 matched, players 5170/5287 matched
2026-08-24 00:11:58,383 INFO ncaa_identity: contest_id=889198 teams 2354/2354 matched, players 6203/6635 matched
2026-08-24 00:12:01,476 INFO ncaa_identity: contest_id=889232 teams 2046/2046 matched, players 5353/5766 matched
2026-08-24 00:12:02,910 INFO ncaa_identity: contest_id=889253 teams 2334/2334 matched, players 6216/6560 matched
2026-08-24 00:12:07,764 INFO ncaa_identity: contest_id=889428 teams 2169/2169 matched, players 5827/6093 matched
2026-08-24 00:12:14,616 INFO ncaa_identity: contest_id=889521 teams 2196/2196 matched, players 5650/6188 matched
2026-08-24 00:12:16,125 INFO ncaa_identity: contest_id=889537 teams 2255/2255 matched, players 6191/6337 matched
2026-08-24 00:12:17,681 INFO ncaa_identity: contest_id=889577 teams 2092/2092 matched, players 5410/5905 matched
2026-08-24 00:12:20,807 INFO ncaa_identity: contest_id=889622 teams 2512/2512 matched, players 5806/7066 matched
2026-08-24 00:12:44,923 INFO ncaa_identity: contest_id=890347 teams 2437/2437 matched, players 6581/6840 matched
2026-08-24 00:12:58,795 INFO ncaa_identity: contest_id=890509 teams 2221/2221 matched, players 5874/6268 matched
2026-08-24 00:13:20,602 INFO ncaa_identity: contest_id=890668 teams 2202/2202 matched, players 6179/6213 matched
2026-08-24 00:13:23,265 INFO ncaa_identity: contest_id=890688 teams 1743/1743 matched, players 417/459 matched
2026-08-24 00:13:37,014 INFO ncaa_identity: contest_id=890898 teams 3038/3038 matched, players 8334/8601 matched
2026-08-24 00:13:41,299 INFO ncaa_identity: contest_id=891029 teams 2415/2415 matched, players 6085/6785 matched
2026-08-24 00:13:45,922 INFO ncaa_identity: contest_id=891105 teams 2594/2594 matched, players 6918/7364 matched
2026-08-24 00:13:49,486 INFO ncaa_identity: contest_id=891187 teams 2194/2194 matched, players 6111/6169 matched
2026-08-24 00:13:51,171 INFO ncaa_identity: contest_id=891232 teams 2470/2470 matched, players 6512/6938 matched
2026-08-24 00:14:00,978 INFO ncaa_identity: contest_id=891554 teams 2371/2371 matched, players 6062/6671 matched
2026-08-24 00:14:01,998 INFO ncaa_identity: contest_id=891571 teams 2262/2262 matched, players 6112/6416 matched
2026-08-24 00:14:03,192 INFO ncaa_identity: contest_id=891592 teams 2228/2228 matched, players 5807/6272 matched
2026-08-24 00:14:04,513 INFO ncaa_identity: contest_id=891608 teams 2088/2088 matched, players 5140/5843 matched
2026-08-24 00:14:05,695 INFO ncaa_identity: contest_id=891624 teams 1993/1993 matched, players 5559/5567 matched
2026-08-24 00:14:13,697 INFO ncaa_identity: contest_id=891754 teams 2329/2329 matched, players 6209/6577 matched
2026-08-24 00:14:15,438 INFO ncaa_identity: contest_id=891765 teams 2738/2738 matched, players 7174/7763 matched
2026-08-24 00:14:16,666 INFO ncaa_identity: contest_id=891780 teams 1337/2713 matched, players 3708/7709 matched
2026-08-24 00:14:21,580 INFO ncaa_identity: contest_id=891973 teams 1986/1986 matched, players 5117/5558 matched
2026-08-24 00:14:23,934 INFO ncaa_identity: contest_id=892029 teams 2131/2131 matched, players 5163/5991 matched
2026-08-24 00:14:25,366 INFO ncaa_identity: contest_id=892045 teams 2181/2181 matched, players 5642/6191 matched
2026-08-24 00:14:29,241 INFO ncaa_identity: contest_id=892078 teams 2717/2717 matched, players 7690/7708 matched
2026-08-24 00:14:34,815 INFO ncaa_identity: contest_id=892231 teams 2806/2806 matched, players 7387/7917 matched
2026-08-24 00:14:35,991 INFO ncaa_identity: contest_id=892263 teams 1076/2252 matched, players 3153/6374 matched
2026-08-24 00:14:37,037 INFO ncaa_identity: contest_id=892290 teams 2066/2066 matched, players 5706/5837 matched
2026-08-24 00:14:39,934 INFO ncaa_identity: contest_id=892339 teams 2124/2124 matched, players 5663/5948 matched
2026-08-24 00:14:43,146 INFO ncaa_identity: contest_id=892376 teams 2886/2886 matched, players 7490/8142 matched
2026-08-24 00:14:45,876 INFO ncaa_identity: contest_id=892405 teams 1309/2599 matched, players 3381/7382 matched
2026-08-24 00:14:47,330 INFO ncaa_identity: contest_id=892441 teams 2883/2883 matched, players 7665/8176 matched
2026-08-24 00:14:49,070 WARNING ncaa_parse: family=lineups contest_id=892498 team=Minnesota produced NO good stints (2 bad, roster=11) -- parsed successfully but contributed nothing
2026-08-24 00:14:49,638 INFO ncaa_identity: contest_id=892498 teams 1415/1415 matched, players 278/382 matched
2026-08-24 00:14:51,974 INFO ncaa_identity: contest_id=892525 teams 2674/2674 matched, players 7157/7569 matched
2026-08-24 00:14:55,309 INFO ncaa_identity: contest_id=892549 teams 2236/2236 matched, players 5570/6247 matched
2026-08-24 00:14:56,718 INFO ncaa_identity: contest_id=892564 teams 2584/2584 matched, players 6735/7338 matched
2026-08-24 00:14:59,519 INFO ncaa_identity: contest_id=892594 teams 2385/2385 matched, players 6600/6709 matched
2026-08-24 00:15:00,978 INFO ncaa_identity: contest_id=892615 teams 2162/2162 matched, players 5770/6055 matched
2026-08-24 00:15:01,993 INFO ncaa_identity: contest_id=892657 teams 1203/2355 matched, players 3269/6567 matched
2026-08-24 00:15:03,071 INFO ncaa_identity: contest_id=892676 teams 2161/2161 matched, players 5942/6065 matched
2026-08-24 00:15:04,783 INFO ncaa_identity: contest_id=892695 teams 2719/2719 matched, players 7265/7685 matched
2026-08-24 00:15:05,905 INFO ncaa_identity: contest_id=892730 teams 2132/2132 matched, players 5602/6029 matched
2026-08-24 00:15:07,514 INFO ncaa_identity: contest_id=892740 teams 2326/2326 matched, players 6459/6575 matched
2026-08-24 00:15:08,976 INFO ncaa_identity: contest_id=892750 teams 2569/2569 matched, players 6714/7248 matched
2026-08-24 00:15:10,112 INFO ncaa_identity: contest_id=892760 teams 2408/2408 matched, players 6535/6806 matched
2026-08-24 00:15:13,956 INFO ncaa_identity: contest_id=892808 teams 2065/2065 matched, players 5614/5780 matched
2026-08-24 00:15:15,257 INFO ncaa_identity: contest_id=892840 teams 2443/2443 matched, players 6602/6898 matched
2026-08-24 00:15:19,179 INFO ncaa_identity: contest_id=892898 teams 2259/2259 matched, players 5675/6355 matched
2026-08-24 00:15:21,479 INFO ncaa_identity: contest_id=892933 teams 1963/1963 matched, players 5042/5555 matched
2026-08-24 00:15:25,428 INFO ncaa_identity: contest_id=892970 teams 2234/2234 matched, players 5458/6306 matched
2026-08-24 00:15:26,683 INFO ncaa_identity: contest_id=892986 teams 1072/2076 matched, players 2849/5859 matched
2026-08-24 00:15:27,917 INFO ncaa_identity: contest_id=893007 teams 2432/2432 matched, players 6809/6872 matched
2026-08-24 00:15:34,610 INFO ncaa_identity: contest_id=893086 teams 2272/2272 matched, players 5866/6420 matched
2026-08-24 00:15:37,111 INFO ncaa_identity: contest_id=893109 teams 1110/2209 matched, players 3093/6210 matched
2026-08-24 00:15:38,129 INFO ncaa_identity: contest_id=893119 teams 2085/2085 matched, players 5574/5882 matched
2026-08-24 00:15:39,354 INFO ncaa_identity: contest_id=893129 teams 2226/2226 matched, players 5691/6259 matched
2026-08-24 00:15:46,845 INFO ncaa_identity: contest_id=893197 teams 1554/1554 matched, players 392/416 matched
2026-08-24 00:15:49,232 INFO ncaa_identity: contest_id=893238 teams 1945/1945 matched, players 5330/5479 matched
2026-08-24 00:15:50,446 INFO ncaa_identity: contest_id=893262 teams 2599/2599 matched, players 6991/7377 matched
2026-08-24 00:15:53,233 INFO ncaa_identity: contest_id=893304 teams 2319/2319 matched, players 6533/6546 matched
2026-08-24 00:15:59,046 INFO ncaa_identity: contest_id=893357 teams 2674/2674 matched, players 7149/7575 matched
2026-08-24 00:16:02,288 INFO ncaa_identity: contest_id=893382 teams 2739/2739 matched, players 7744/7753 matched
2026-08-24 00:16:06,116 INFO ncaa_identity: contest_id=893414 teams 2006/2006 matched, players 5147/5595 matched
2026-08-24 00:16:10,328 INFO ncaa_identity: contest_id=893448 teams 2224/2224 matched, players 5998/6286 matched
2026-08-24 00:16:16,233 INFO ncaa_identity: contest_id=805031 teams 2676/2676 matched, players 7319/7576 matched
2026-08-24 00:16:18,285 INFO ncaa_identity: contest_id=805043 teams 2626/2626 matched, players 6740/7427 matched
2026-08-24 00:16:23,061 INFO ncaa_identity: contest_id=805077 teams 2362/2362 matched, players 6110/6702 matched
2026-08-24 00:16:27,341 INFO ncaa_identity: contest_id=805112 teams 2442/2442 matched, players 6596/6892 matched
2026-08-24 00:16:30,267 INFO ncaa_identity: contest_id=805139 teams 1439/2894 matched, players 4091/8184 matched
2026-08-24 00:16:31,703 INFO ncaa_identity: contest_id=805161 teams 1462/2985 matched, players 4239/8427 matched
2026-08-24 00:16:33,166 INFO ncaa_identity: contest_id=805172 teams 2379/2379 matched, players 6266/6698 matched
2026-08-24 00:16:34,544 INFO ncaa_identity: contest_id=805190 teams 2997/2997 matched, players 8444/8471 matched
2026-08-24 00:16:37,430 INFO ncaa_identity: contest_id=805238 teams 2719/2719 matched, players 7551/7634 matched
2026-08-24 00:16:39,020 INFO ncaa_identity: contest_id=805281 teams 1412/2735 matched, players 3506/7689 matched
2026-08-24 00:16:40,957 INFO ncaa_identity: contest_id=805319 teams 2973/2973 matched, players 8032/8369 matched
2026-08-24 00:16:42,502 INFO ncaa_identity: contest_id=805341 teams 2977/2977 matched, players 7908/8452 matched
2026-08-24 00:16:44,171 INFO ncaa_identity: contest_id=805353 teams 2274/2274 matched, players 6066/6385 matched
2026-08-24 00:16:46,090 INFO ncaa_identity: contest_id=805364 teams 3215/3215 matched, players 952/1022 matched
2026-08-24 00:16:53,253 INFO ncaa_identity: contest_id=805436 teams 2792/2792 matched, players 7865/7867 matched
2026-08-24 00:16:54,648 INFO ncaa_identity: contest_id=805447 teams 2141/2141 matched, players 741/746 matched
2026-08-24 00:16:56,354 INFO ncaa_identity: contest_id=805465 teams 1537/3100 matched, players 4344/8722 matched
2026-08-24 00:16:59,244 INFO ncaa_identity: contest_id=805519 teams 2403/2403 matched, players 6119/6727 matched
2026-08-24 00:17:00,572 INFO ncaa_identity: contest_id=805553 teams 2103/2103 matched, players 5550/5923 matched
2026-08-24 00:17:02,321 INFO ncaa_identity: contest_id=805596 teams 1316/2622 matched, players 3715/7410 matched
2026-08-24 00:17:03,720 INFO ncaa_identity: contest_id=805723 teams 2609/2609 matched, players 7005/7355 matched
2026-08-24 00:17:05,100 INFO ncaa_identity: contest_id=805737 teams 2793/2793 matched, players 7083/7831 matched
2026-08-24 00:17:11,952 INFO ncaa_identity: contest_id=805843 teams 1296/2653 matched, players 3662/7462 matched
2026-08-24 00:17:13,494 INFO ncaa_identity: contest_id=805855 teams 2450/2450 matched, players 6636/6903 matched
2026-08-24 00:17:14,636 INFO ncaa_identity: contest_id=805867 teams 1199/2368 matched, players 3282/6654 matched
2026-08-24 00:17:16,453 INFO ncaa_identity: contest_id=805893 teams 2827/2827 matched, players 7697/7992 matched
2026-08-24 00:17:18,238 INFO ncaa_identity: contest_id=805920 teams 3107/3107 matched, players 8373/8705 matched
2026-08-24 00:17:19,664 INFO ncaa_identity: contest_id=805948 teams 2560/2560 matched, players 6610/7244 matched
2026-08-24 00:17:22,424 INFO ncaa_identity: contest_id=805982 teams 2766/2766 matched, players 7230/7820 matched
2026-08-24 00:17:23,892 INFO ncaa_identity: contest_id=806042 teams 1057/2003 matched, players 367/732 matched
2026-08-24 00:17:26,463 INFO ncaa_identity: contest_id=806181 teams 1280/2448 matched, players 3116/6869 matched
2026-08-24 00:17:27,619 INFO ncaa_identity: contest_id=806200 teams 2202/2202 matched, players 907/909 matched
2026-08-24 00:17:28,813 INFO ncaa_identity: contest_id=806229 teams 2662/2662 matched, players 6792/7484 matched
2026-08-24 00:17:31,461 INFO ncaa_identity: contest_id=806329 teams 1397/2819 matched, players 3945/7935 matched
2026-08-24 00:17:33,053 INFO ncaa_identity: contest_id=806390 teams 1319/2601 matched, players 3684/7305 matched
2026-08-24 00:17:34,317 INFO ncaa_identity: contest_id=806537 teams 2084/2084 matched, players 821/825 matched
2026-08-24 00:17:37,980 INFO ncaa_identity: contest_id=806581 teams 2370/2370 matched, players 6464/6725 matched
2026-08-24 00:17:39,408 INFO ncaa_identity: contest_id=806597 teams 1152/2239 matched, players 2863/6329 matched
2026-08-24 00:17:41,565 INFO ncaa_identity: contest_id=806661 teams 2501/2501 matched, players 6922/7047 matched
2026-08-24 00:17:47,993 INFO ncaa_identity: contest_id=806793 teams 2477/2477 matched, players 6602/6972 matched
2026-08-24 00:17:49,337 INFO ncaa_identity: contest_id=806820 teams 2287/2287 matched, players 6321/6475 matched
2026-08-24 00:17:50,448 INFO ncaa_identity: contest_id=806857 teams 2551/2551 matched, players 7101/7240 matched
2026-08-24 00:17:51,238 WARNING ncaa_parse: family=lineups contest_id=806955 team=ULM produced NO good stints (21 bad, roster=13) -- parsed successfully but contributed nothing
2026-08-24 00:17:52,073 WARNING ncaa_parse: family=lineups contest_id=806955 team=Grambling produced NO good stints (19 bad, roster=11) -- parsed successfully but contributed nothing
2026-08-24 00:17:52,515 INFO ncaa_identity: contest_id=806955 teams 2686/2686 matched, players 6980/7490 matched
2026-08-24 00:17:56,562 INFO ncaa_identity: contest_id=807034 teams 2497/2497 matched, players 6403/7038 matched
2026-08-24 00:17:57,962 INFO ncaa_identity: contest_id=807059 teams 2429/2429 matched, players 6403/6809 matched
2026-08-24 00:17:59,340 INFO ncaa_identity: contest_id=807079 teams 2254/2254 matched, players 6264/6361 matched
2026-08-24 00:18:00,631 INFO ncaa_identity: contest_id=807092 teams 1309/2585 matched, players 3119/7274 matched
2026-08-24 00:18:02,093 INFO ncaa_identity: contest_id=807106 teams 2791/2791 matched, players 7498/7899 matched
2026-08-24 00:18:09,511 INFO ncaa_identity: contest_id=807219 teams 2853/2853 matched, players 7533/8035 matched
2026-08-24 00:18:15,078 INFO ncaa_identity: contest_id=807299 teams 2653/2653 matched, players 7324/7468 matched
2026-08-24 00:18:18,194 INFO ncaa_identity: contest_id=807385 teams 2557/2557 matched, players 6283/7200 matched
2026-08-24 00:18:23,502 INFO ncaa_identity: contest_id=807474 teams 2594/2594 matched, players 7228/7392 matched
2026-08-24 00:18:24,725 INFO ncaa_identity: contest_id=807496 teams 1218/2446 matched, players 3271/6832 matched
2026-08-24 00:18:25,916 INFO ncaa_identity: contest_id=807518 teams 2119/2119 matched, players 5527/5994 matched
2026-08-24 00:18:29,891 INFO ncaa_identity: contest_id=807578 teams 1188/2359 matched, players 2986/6667 matched
2026-08-24 00:18:31,063 INFO ncaa_identity: contest_id=807608 teams 1092/2160 matched, players 3035/6051 matched
2026-08-24 00:18:31,976 INFO ncaa_identity: contest_id=807635 teams 1308/1308 matched, players 325/344 matched
2026-08-24 00:18:36,022 INFO ncaa_identity: contest_id=807741 teams 1203/2412 matched, players 3422/6793 matched
2026-08-24 00:18:37,676 INFO ncaa_identity: contest_id=807791 teams 1254/2556 matched, players 3612/7216 matched
2026-08-24 00:18:40,504 INFO ncaa_identity: contest_id=807869 teams 2202/2202 matched, players 5498/6161 matched
2026-08-24 00:18:41,780 INFO ncaa_identity: contest_id=807895 teams 2488/2488 matched, players 6579/7037 matched
2026-08-24 00:18:42,939 INFO ncaa_identity: contest_id=807915 teams 2198/2198 matched, players 5703/6223 matched
2026-08-24 00:18:45,644 INFO ncaa_identity: contest_id=807951 teams 1269/2523 matched, players 3543/7128 matched
2026-08-24 00:18:49,305 INFO ncaa_identity: contest_id=808077 teams 2385/2385 matched, players 6392/6750 matched
2026-08-24 00:18:51,089 WARNING ncaa_parse: family=lineups contest_id=808154 team=BYU produced NO good stints (3 bad, roster=9) -- parsed successfully but contributed nothing
2026-08-24 00:18:51,785 INFO ncaa_identity: contest_id=808154 teams 1390/1390 matched, players 314/382 matched
2026-08-24 00:18:57,097 INFO ncaa_identity: contest_id=808285 teams 2343/2343 matched, players 6202/6606 matched
2026-08-24 00:19:00,808 INFO ncaa_identity: contest_id=808407 teams 2261/2261 matched, players 5755/6409 matched
2026-08-24 00:19:01,951 INFO ncaa_identity: contest_id=808426 teams 2494/2494 matched, players 6914/7010 matched
2026-08-24 00:19:03,329 INFO ncaa_identity: contest_id=808447 teams 2297/2297 matched, players 5916/6494 matched
2026-08-24 00:19:04,288 INFO ncaa_identity: contest_id=808568 teams 775/1534 matched, players 160/378 matched
2026-08-24 00:19:08,119 INFO ncaa_identity: contest_id=808670 teams 2114/2114 matched, players 5711/5957 matched
2026-08-24 00:19:09,719 INFO ncaa_identity: contest_id=808687 teams 2081/2081 matched, players 732/770 matched
2026-08-24 00:19:10,939 INFO ncaa_identity: contest_id=808700 teams 2646/2646 matched, players 7186/7460 matched
2026-08-24 00:19:12,156 INFO ncaa_identity: contest_id=808711 teams 2382/2382 matched, players 6532/6740 matched
2026-08-24 00:19:13,434 INFO ncaa_identity: contest_id=808726 teams 1152/2279 matched, players 3281/6439 matched
2026-08-24 00:19:14,596 INFO ncaa_identity: contest_id=808754 teams 2269/2269 matched, players 5558/6378 matched
2026-08-24 00:19:17,321 INFO ncaa_identity: contest_id=808811 teams 1973/1973 matched, players 4744/5568 matched
2026-08-24 00:19:23,187 INFO ncaa_identity: contest_id=809000 teams 2225/2225 matched, players 5965/6258 matched
2026-08-24 00:19:24,273 INFO ncaa_identity: contest_id=809038 teams 2329/2329 matched, players 6316/6562 matched
2026-08-24 00:19:25,776 INFO ncaa_identity: contest_id=809095 teams 2127/2127 matched, players 5885/5925 matched
2026-08-24 00:19:28,533 INFO ncaa_identity: contest_id=809125 teams 2098/2098 matched, players 5612/5860 matched
2026-08-24 00:19:40,308 INFO ncaa_identity: contest_id=809545 teams 2183/2183 matched, players 5600/6125 matched
2026-08-24 00:19:43,031 INFO ncaa_identity: contest_id=809606 teams 2125/2125 matched, players 5520/5958 matched
2026-08-24 00:19:45,476 INFO ncaa_identity: contest_id=809626 teams 619/1206 matched, players 149/330 matched
2026-08-24 00:19:48,525 INFO ncaa_identity: contest_id=809663 teams 2590/2590 matched, players 6962/7283 matched
2026-08-24 00:19:52,431 INFO ncaa_identity: contest_id=809773 teams 993/2008 matched, players 2798/5601 matched
2026-08-24 00:19:54,046 INFO ncaa_identity: contest_id=809790 teams 2566/2566 matched, players 7221/7268 matched
2026-08-24 00:19:56,076 INFO ncaa_identity: contest_id=809821 teams 3508/3508 matched, players 9336/9950 matched
2026-08-24 00:19:58,700 INFO ncaa_identity: contest_id=809877 teams 2173/2173 matched, players 6056/6140 matched
2026-08-24 00:20:00,016 INFO ncaa_identity: contest_id=809913 teams 1205/2349 matched, players 2999/6621 matched
2026-08-24 00:20:04,788 INFO ncaa_identity: contest_id=810039 teams 2217/2217 matched, players 5731/6242 matched
2026-08-24 00:20:05,900 INFO ncaa_identity: contest_id=810136 teams 2325/2325 matched, players 5838/6536 matched
2026-08-24 00:20:07,057 INFO ncaa_identity: contest_id=810155 teams 2644/2644 matched, players 7338/7457 matched
2026-08-24 00:20:09,378 INFO ncaa_identity: contest_id=810181 teams 2381/2381 matched, players 5723/6698 matched
2026-08-24 00:20:10,753 INFO ncaa_identity: contest_id=810191 teams 2375/2375 matched, players 6266/6685 matched
2026-08-24 00:20:13,617 INFO ncaa_identity: contest_id=810239 teams 2484/2484 matched, players 6545/7010 matched
2026-08-24 00:20:17,360 INFO ncaa_identity: contest_id=810293 teams 2291/2291 matched, players 6130/6459 matched
2026-08-24 00:20:20,171 INFO ncaa_identity: contest_id=810342 teams 1336/2657 matched, players 3411/7497 matched
2026-08-24 00:20:21,683 INFO ncaa_identity: contest_id=810375 teams 2725/2725 matched, players 7339/7702 matched
2026-08-24 00:20:24,905 INFO ncaa_identity: contest_id=810399 teams 2877/2877 matched, players 7568/8098 matched
2026-08-24 00:20:32,800 INFO ncaa_identity: contest_id=810484 teams 2233/2233 matched, players 5822/6267 matched
2026-08-24 00:20:35,847 INFO ncaa_identity: contest_id=810504 teams 2880/2880 matched, players 7383/8090 matched
2026-08-24 00:20:38,986 INFO ncaa_identity: contest_id=810525 teams 2723/2723 matched, players 7429/7667 matched
2026-08-24 00:20:49,528 INFO ncaa_identity: contest_id=810621 teams 2208/2208 matched, players 5967/6211 matched
2026-08-24 00:20:53,957 INFO ncaa_identity: contest_id=810656 teams 2656/2656 matched, players 7138/7491 matched
2026-08-24 00:21:00,905 INFO ncaa_identity: contest_id=810742 teams 2561/2561 matched, players 6650/7264 matched
2026-08-24 00:21:03,537 INFO ncaa_identity: contest_id=810769 teams 2306/2306 matched, players 852/855 matched
2026-08-24 00:21:06,665 INFO ncaa_identity: contest_id=810826 teams 2806/2806 matched, players 7604/7930 matched
2026-08-24 00:21:08,032 INFO ncaa_identity: contest_id=810852 teams 2414/2414 matched, players 6406/6772 matched
2026-08-24 00:21:09,736 INFO ncaa_identity: contest_id=810886 teams 2388/2388 matched, players 6362/6732 matched
2026-08-24 00:21:14,289 INFO ncaa_identity: contest_id=810944 teams 2955/2955 matched, players 8213/8281 matched
2026-08-24 00:21:18,394 INFO ncaa_identity: contest_id=811085 teams 2106/2106 matched, players 5434/5957 matched
2026-08-24 00:21:21,136 INFO ncaa_identity: contest_id=811107 teams 1233/2392 matched, players 2927/6707 matched
2026-08-24 00:21:22,534 INFO ncaa_identity: contest_id=811120 teams 2701/2701 matched, players 6474/7640 matched
2026-08-24 00:21:24,479 INFO ncaa_identity: contest_id=811137 teams 2513/2513 matched, players 7006/7077 matched
2026-08-24 00:21:27,174 INFO ncaa_identity: contest_id=811185 teams 2484/2484 matched, players 6632/7014 matched
2026-08-24 00:21:31,095 INFO ncaa_identity: contest_id=811262 teams 2239/2239 matched, players 6039/6344 matched
2026-08-24 00:21:32,419 INFO ncaa_identity: contest_id=811275 teams 2381/2381 matched, players 6550/6729 matched
2026-08-24 00:21:36,111 INFO ncaa_identity: contest_id=811356 teams 2327/2327 matched, players 6365/6497 matched
2026-08-24 00:21:38,888 INFO ncaa_identity: contest_id=811401 teams 2639/2639 matched, players 7093/7441 matched
2026-08-24 00:21:41,659 INFO ncaa_identity: contest_id=811499 teams 2361/2361 matched, players 6496/6679 matched
2026-08-24 00:21:45,477 INFO ncaa_identity: contest_id=811620 teams 1227/2412 matched, players 3319/6756 matched
2026-08-24 00:21:50,753 INFO ncaa_identity: contest_id=811706 teams 2208/2208 matched, players 5974/6207 matched
2026-08-24 00:21:52,496 INFO ncaa_identity: contest_id=811722 teams 2538/2538 matched, players 6595/7149 matched
2026-08-24 00:21:56,888 INFO 5 starters not found for period 3; using estimate
2026-08-24 00:21:58,443 INFO ncaa_identity: contest_id=811922 teams 2654/2654 matched, players 7025/7540 matched
2026-08-24 00:22:04,850 INFO ncaa_identity: contest_id=812059 teams 2208/2208 matched, players 5692/6223 matched
2026-08-24 00:22:06,174 INFO ncaa_identity: contest_id=812085 teams 2282/2282 matched, players 6142/6403 matched
2026-08-24 00:22:08,645 INFO ncaa_identity: contest_id=812118 teams 1936/1936 matched, players 4638/5435 matched
2026-08-24 00:22:13,740 INFO ncaa_identity: contest_id=812333 teams 2467/2467 matched, players 6516/6901 matched
2026-08-24 00:22:15,156 INFO ncaa_identity: contest_id=812351 teams 2306/2306 matched, players 6408/6477 matched
2026-08-24 00:22:17,303 INFO ncaa_identity: contest_id=812399 teams 2308/2308 matched, players 6032/6471 matched
2026-08-24 00:22:20,044 INFO ncaa_identity: contest_id=812428 teams 1954/1954 matched, players 5320/5472 matched
2026-08-24 00:22:21,480 INFO ncaa_identity: contest_id=812457 teams 2555/2555 matched, players 6661/7201 matched
2026-08-24 00:22:22,572 INFO 5 starters not found for period 3; using estimate
2026-08-24 00:22:24,011 INFO ncaa_identity: contest_id=812608 teams 2854/2854 matched, players 7417/8087 matched
2026-08-24 00:22:25,169 INFO ncaa_identity: contest_id=812639 teams 2152/2152 matched, players 5630/6037 matched
2026-08-24 00:22:32,106 INFO ncaa_identity: contest_id=812796 teams 1937/1937 matched, players 4836/5427 matched
2026-08-24 00:22:37,273 INFO ncaa_identity: contest_id=812950 teams 2426/2426 matched, players 6700/6843 matched
2026-08-24 00:22:38,531 INFO ncaa_identity: contest_id=813007 teams 2003/2003 matched, players 5280/5641 matched
2026-08-24 00:22:43,326 INFO ncaa_identity: contest_id=813094 teams 2415/2415 matched, players 6536/6830 matched
2026-08-24 00:22:49,411 INFO ncaa_identity: contest_id=813210 teams 2417/2417 matched, players 6781/6851 matched
2026-08-24 00:22:51,221 INFO ncaa_identity: contest_id=813227 teams 2870/2870 matched, players 7644/8083 matched
2026-08-24 00:22:52,499 INFO ncaa_identity: contest_id=813242 teams 2574/2574 matched, players 7152/7230 matched
2026-08-24 00:22:53,820 INFO ncaa_identity: contest_id=813282 teams 2231/2231 matched, players 6153/6280 matched
2026-08-24 00:22:55,209 INFO ncaa_identity: contest_id=813433 teams 2208/2208 matched, players 5578/6182 matched
2026-08-24 00:22:57,008 INFO ncaa_identity: contest_id=813446 teams 2413/2413 matched, players 6615/6816 matched
2026-08-24 00:22:59,250 INFO ncaa_identity: contest_id=813469 teams 2301/2301 matched, players 6079/6418 matched
2026-08-24 00:23:03,432 INFO ncaa_identity: contest_id=813538 teams 2328/2328 matched, players 6108/6547 matched
2026-08-24 00:23:04,446 INFO ncaa_identity: contest_id=813561 teams 2224/2224 matched, players 6033/6262 matched
2026-08-24 00:23:08,863 INFO ncaa_identity: contest_id=813719 teams 2440/2440 matched, players 6704/6872 matched
2026-08-24 00:23:10,177 INFO ncaa_identity: contest_id=813746 teams 2166/2166 matched, players 5759/6055 matched
2026-08-24 00:23:12,541 INFO ncaa_identity: contest_id=813881 teams 2419/2419 matched, players 6631/6831 matched
2026-08-24 00:23:17,449 INFO ncaa_identity: contest_id=813947 teams 2239/2239 matched, players 6275/6303 matched
2026-08-24 00:23:18,540 INFO ncaa_identity: contest_id=813969 teams 2338/2338 matched, players 6355/6540 matched
2026-08-24 00:23:21,354 INFO ncaa_identity: contest_id=814039 teams 1241/2484 matched, players 3467/7009 matched
2026-08-24 00:23:23,919 INFO ncaa_identity: contest_id=814156 teams 2375/2375 matched, players 6089/6704 matched
2026-08-24 00:23:27,893 INFO ncaa_identity: contest_id=814267 teams 2241/2241 matched, players 5850/6333 matched
2026-08-24 00:23:30,705 INFO ncaa_identity: contest_id=814309 teams 2295/2295 matched, players 5650/6451 matched
2026-08-24 00:23:31,838 INFO ncaa_identity: contest_id=814344 teams 2267/2267 matched, players 5917/6398 matched
2026-08-24 00:23:34,252 INFO ncaa_identity: contest_id=814388 teams 2011/2011 matched, players 5351/5665 matched
2026-08-24 00:23:41,314 INFO ncaa_identity: contest_id=814592 teams 2362/2362 matched, players 6672/6689 matched
2026-08-24 00:23:47,320 INFO ncaa_identity: contest_id=814661 teams 1174/2382 matched, players 3341/6712 matched
2026-08-24 00:23:50,276 INFO ncaa_identity: contest_id=814725 teams 2194/2194 matched, players 6047/6162 matched
2026-08-24 00:23:51,551 INFO ncaa_identity: contest_id=814812 teams 2099/2099 matched, players 4843/5890 matched
2026-08-24 00:23:56,095 INFO ncaa_identity: contest_id=814917 teams 2206/2206 matched, players 5997/6206 matched
2026-08-24 00:23:57,661 INFO ncaa_identity: contest_id=814991 teams 2368/2368 matched, players 6266/6691 matched
2026-08-24 00:24:00,311 INFO ncaa_identity: contest_id=815021 teams 2445/2445 matched, players 6627/6906 matched
2026-08-24 00:24:03,245 INFO ncaa_identity: contest_id=815061 teams 2450/2450 matched, players 6597/6912 matched
2026-08-24 00:24:04,787 INFO ncaa_identity: contest_id=815131 teams 2265/2265 matched, players 6224/6357 matched
2026-08-24 00:24:11,525 INFO ncaa_identity: contest_id=815298 teams 2753/2753 matched, players 6704/7777 matched
2026-08-24 00:24:15,638 INFO ncaa_identity: contest_id=815384 teams 2353/2353 matched, players 6326/6661 matched
2026-08-24 00:24:20,203 INFO ncaa_identity: contest_id=815457 teams 2719/2719 matched, players 6668/7658 matched
2026-08-24 00:24:23,574 INFO ncaa_identity: contest_id=815659 teams 2881/2881 matched, players 8119/8151 matched
2026-08-24 00:24:29,418 INFO ncaa_identity: contest_id=815709 teams 2288/2288 matched, players 6308/6452 matched
2026-08-24 00:24:30,602 INFO ncaa_identity: contest_id=815736 teams 2418/2418 matched, players 6307/6830 matched
2026-08-24 00:24:33,503 INFO ncaa_identity: contest_id=815765 teams 2848/2848 matched, players 7426/8085 matched
2026-08-24 00:24:36,211 INFO ncaa_identity: contest_id=815881 teams 2362/2362 matched, players 6023/6667 matched
2026-08-24 00:24:43,194 INFO ncaa_identity: contest_id=816097 teams 2222/2222 matched, players 5960/6242 matched
2026-08-24 00:24:46,141 INFO ncaa_identity: contest_id=816128 teams 2338/2338 matched, players 6295/6603 matched
2026-08-24 00:24:47,886 INFO ncaa_identity: contest_id=816143 teams 2154/2154 matched, players 5874/6035 matched
2026-08-24 00:24:54,224 INFO ncaa_identity: contest_id=816331 teams 2140/2140 matched, players 5453/6039 matched
2026-08-24 00:25:00,819 INFO ncaa_identity: contest_id=816464 teams 2248/2248 matched, players 6079/6312 matched
2026-08-24 00:25:02,302 INFO ncaa_identity: contest_id=816488 teams 2387/2387 matched, players 6238/6744 matched
2026-08-24 00:25:03,710 INFO ncaa_identity: contest_id=816511 teams 2470/2470 matched, players 6270/6983 matched
2026-08-24 00:25:05,120 INFO ncaa_identity: contest_id=816539 teams 2225/2225 matched, players 6087/6278 matched
2026-08-24 00:25:07,710 INFO ncaa_identity: contest_id=816580 teams 1851/1851 matched, players 5135/5207 matched
2026-08-24 00:25:18,538 INFO ncaa_identity: contest_id=816843 teams 2556/2556 matched, players 6725/7189 matched
2026-08-24 00:25:21,664 INFO ncaa_identity: contest_id=816908 teams 2308/2308 matched, players 6404/6478 matched
2026-08-24 00:25:23,160 INFO ncaa_identity: contest_id=817010 teams 2228/2228 matched, players 5829/6300 matched
2026-08-24 00:25:24,532 INFO ncaa_identity: contest_id=817059 teams 2323/2323 matched, players 6035/6513 matched
2026-08-24 00:25:27,684 INFO ncaa_identity: contest_id=817163 teams 1866/1866 matched, players 5166/5242 matched
2026-08-24 00:25:31,870 INFO ncaa_identity: contest_id=817212 teams 2165/2165 matched, players 5966/6120 matched
2026-08-24 00:25:34,789 INFO ncaa_identity: contest_id=817256 teams 2369/2369 matched, players 6194/6698 matched
2026-08-24 00:25:36,095 INFO ncaa_identity: contest_id=817321 teams 2157/2157 matched, players 5577/6096 matched
2026-08-24 00:25:38,779 INFO ncaa_identity: contest_id=817410 teams 2810/2810 matched, players 7363/7965 matched
2026-08-24 00:25:43,059 INFO ncaa_identity: contest_id=817503 teams 1260/2546 matched, players 3617/7158 matched
2026-08-24 00:25:44,485 INFO ncaa_identity: contest_id=817530 teams 2222/2222 matched, players 5755/6225 matched
2026-08-24 00:25:47,563 INFO ncaa_identity: contest_id=817576 teams 1134/2259 matched, players 3228/6409 matched
2026-08-24 00:25:49,040 INFO ncaa_identity: contest_id=817602 teams 2419/2419 matched, players 6220/6855 matched
2026-08-24 00:25:50,305 INFO ncaa_identity: contest_id=817621 teams 2137/2137 matched, players 5664/6023 matched
2026-08-24 00:25:52,994 INFO ncaa_identity: contest_id=817776 teams 2148/2148 matched, players 5456/6059 matched
2026-08-24 00:25:57,412 INFO ncaa_identity: contest_id=817860 teams 2261/2261 matched, players 5961/6377 matched
2026-08-24 00:26:00,507 INFO ncaa_identity: contest_id=817891 teams 2214/2214 matched, players 5508/6242 matched
2026-08-24 00:26:06,271 INFO ncaa_identity: contest_id=818060 teams 2398/2398 matched, players 6085/6722 matched
2026-08-24 00:26:07,674 INFO ncaa_identity: contest_id=818091 teams 2292/2292 matched, players 5950/6470 matched
2026-08-24 00:26:10,843 INFO ncaa_identity: contest_id=818148 teams 2175/2175 matched, players 5929/6117 matched
2026-08-24 00:26:16,786 INFO ncaa_identity: contest_id=818284 teams 2534/2534 matched, players 6904/7157 matched
2026-08-24 00:26:18,581 INFO ncaa_identity: contest_id=818302 teams 2291/2291 matched, players 6036/6420 matched
2026-08-24 00:26:21,241 INFO ncaa_identity: contest_id=818385 teams 2010/2010 matched, players 5474/5659 matched
2026-08-24 00:26:22,949 INFO ncaa_identity: contest_id=818403 teams 2514/2514 matched, players 6924/7037 matched
2026-08-24 00:26:24,193 INFO ncaa_identity: contest_id=818470 teams 2116/2116 matched, players 5356/5984 matched
2026-08-24 00:26:27,622 INFO ncaa_identity: contest_id=818523 teams 1016/2019 matched, players 2899/5690 matched
2026-08-24 00:26:32,495 INFO ncaa_identity: contest_id=818593 teams 1891/1891 matched, players 5111/5262 matched
2026-08-24 00:26:33,701 INFO ncaa_identity: contest_id=818618 teams 1912/1912 matched, players 4916/5375 matched
2026-08-24 00:26:35,176 INFO ncaa_identity: contest_id=818643 teams 2692/2692 matched, players 7199/7619 matched
2026-08-24 00:26:37,118 INFO ncaa_identity: contest_id=818655 teams 2480/2480 matched, players 6690/6959 matched
2026-08-24 00:26:40,471 INFO ncaa_identity: contest_id=818772 teams 2568/2568 matched, players 6637/7212 matched
2026-08-24 00:26:43,529 INFO ncaa_identity: contest_id=818896 teams 2392/2392 matched, players 6581/6716 matched
2026-08-24 00:26:45,374 INFO ncaa_identity: contest_id=818906 teams 3044/3044 matched, players 8096/8635 matched
2026-08-24 00:26:48,714 INFO ncaa_identity: contest_id=818946 teams 1597/3282 matched, players 4654/9290 matched
2026-08-24 00:26:50,260 INFO ncaa_identity: contest_id=818962 teams 1962/1962 matched, players 5409/5507 matched
2026-08-24 00:26:56,860 INFO ncaa_identity: contest_id=819113 teams 2135/2135 matched, players 5833/5986 matched
2026-08-24 00:26:58,435 INFO ncaa_identity: contest_id=819131 teams 2464/2464 matched, players 6683/6929 matched
2026-08-24 00:27:01,085 INFO ncaa_identity: contest_id=819195 teams 2338/2338 matched, players 6395/6548 matched
2026-08-24 00:27:02,372 INFO ncaa_identity: contest_id=819222 teams 1736/1736 matched, players 4859/4861 matched
2026-08-24 00:27:07,850 INFO ncaa_identity: contest_id=819272 teams 2407/2407 matched, players 6294/6776 matched
2026-08-24 00:27:11,756 INFO ncaa_identity: contest_id=819424 teams 2194/2194 matched, players 6123/6186 matched
2026-08-24 00:27:14,280 INFO ncaa_identity: contest_id=819453 teams 2172/2172 matched, players 5597/6106 matched
2026-08-24 00:27:15,895 INFO ncaa_identity: contest_id=819472 teams 2444/2444 matched, players 6471/6900 matched
2026-08-24 00:27:17,064 INFO ncaa_identity: contest_id=819490 teams 2327/2327 matched, players 6069/6575 matched
2026-08-24 00:27:20,103 INFO ncaa_identity: contest_id=819518 teams 1208/2363 matched, players 3385/6624 matched
2026-08-24 00:27:23,343 INFO ncaa_identity: contest_id=819539 teams 2462/2462 matched, players 6028/6933 matched
2026-08-24 00:27:26,316 INFO ncaa_identity: contest_id=819594 teams 1227/2420 matched, players 3464/6859 matched
2026-08-24 00:27:31,462 INFO ncaa_identity: contest_id=819709 teams 1852/1852 matched, players 647/688 matched
2026-08-24 00:27:32,740 INFO ncaa_identity: contest_id=819719 teams 2302/2302 matched, players 5902/6496 matched
2026-08-24 00:27:34,118 INFO ncaa_identity: contest_id=819729 teams 2249/2249 matched, players 6218/6309 matched
2026-08-24 00:27:37,066 INFO ncaa_identity: contest_id=819768 teams 3170/3170 matched, players 8279/8917 matched
2026-08-24 00:27:43,605 INFO ncaa_identity: contest_id=819846 teams 2590/2590 matched, players 7284/7334 matched
2026-08-24 00:27:47,317 INFO ncaa_identity: contest_id=819914 teams 2106/2106 matched, players 5427/5953 matched
2026-08-24 00:27:51,237 INFO ncaa_identity: contest_id=819951 teams 2078/2078 matched, players 5634/5872 matched
2026-08-24 00:27:55,668 INFO ncaa_identity: contest_id=820008 teams 2385/2385 matched, players 6547/6719 matched
2026-08-24 00:27:57,183 INFO ncaa_identity: contest_id=820065 teams 2477/2477 matched, players 6725/7005 matched
2026-08-24 00:28:03,107 INFO ncaa_identity: contest_id=820118 teams 2278/2278 matched, players 6389/6420 matched
2026-08-24 00:28:06,083 INFO ncaa_identity: contest_id=820139 teams 2272/2272 matched, players 5995/6374 matched
2026-08-24 00:28:10,471 INFO ncaa_identity: contest_id=820213 teams 2287/2287 matched, players 6222/6489 matched
2026-08-24 00:28:12,184 INFO ncaa_identity: contest_id=820231 teams 2123/2123 matched, players 4267/5922 matched
2026-08-24 00:28:13,432 INFO ncaa_identity: contest_id=820249 teams 1778/1778 matched, players 4731/4985 matched
2026-08-24 00:28:14,876 INFO ncaa_identity: contest_id=820269 teams 2779/2779 matched, players 7006/7794 matched
2026-08-24 00:28:16,731 INFO ncaa_identity: contest_id=820283 teams 1434/2808 matched, players 4012/7966 matched
2026-08-24 00:28:19,688 INFO ncaa_identity: contest_id=820305 teams 2005/2005 matched, players 4817/5597 matched
2026-08-24 00:28:23,794 INFO ncaa_identity: contest_id=820338 teams 2786/2786 matched, players 7138/7819 matched
2026-08-24 00:28:24,978 INFO ncaa_identity: contest_id=820348 teams 2229/2229 matched, players 5241/6263 matched
2026-08-24 00:28:25,947 INFO ncaa_identity: contest_id=820358 teams 2031/2031 matched, players 5289/5692 matched
2026-08-24 00:28:27,460 INFO ncaa_identity: contest_id=820373 teams 1857/1857 matched, players 4758/5235 matched
2026-08-24 00:28:28,757 INFO ncaa_identity: contest_id=820383 teams 2246/2246 matched, players 5925/6300 matched
2026-08-24 00:28:29,878 INFO ncaa_identity: contest_id=820393 teams 2523/2523 matched, players 7025/7125 matched
2026-08-24 00:28:35,435 INFO ncaa_identity: contest_id=820483 teams 2791/2791 matched, players 7265/7906 matched
2026-08-24 00:28:37,217 INFO ncaa_identity: contest_id=820504 teams 2414/2414 matched, players 6742/6780 matched
2026-08-24 00:28:38,726 INFO ncaa_identity: contest_id=820518 teams 2366/2366 matched, players 6137/6673 matched
2026-08-24 00:28:43,337 INFO ncaa_identity: contest_id=820558 teams 2191/2191 matched, players 5625/6173 matched
2026-08-24 00:28:46,091 INFO ncaa_identity: contest_id=820584 teams 2125/2125 matched, players 4860/6023 matched
2026-08-24 00:28:51,926 INFO ncaa_identity: contest_id=820627 teams 2160/2160 matched, players 5386/6121 matched
2026-08-24 00:28:55,215 INFO ncaa_identity: contest_id=820647 teams 3062/3062 matched, players 8015/8687 matched
2026-08-24 00:28:56,493 INFO ncaa_identity: contest_id=820663 teams 2756/2756 matched, players 7363/7761 matched
2026-08-24 00:28:57,706 INFO ncaa_identity: contest_id=820674 teams 2312/2312 matched, players 6229/6561 matched
2026-08-24 00:28:59,432 INFO ncaa_identity: contest_id=820684 teams 2162/2162 matched, players 5630/6068 matched
2026-08-24 00:29:02,728 INFO ncaa_identity: contest_id=622600 teams 2807/2807 matched, players 7473/7918 matched
2026-08-24 00:29:07,410 INFO ncaa_identity: contest_id=622636 teams 2302/2302 matched, players 5222/6484 matched
2026-08-24 00:29:08,888 INFO ncaa_identity: contest_id=622646 teams 2604/2604 matched, players 6543/7346 matched
2026-08-24 00:29:10,449 INFO ncaa_identity: contest_id=622656 teams 1232/2358 matched, players 3149/6645 matched
2026-08-24 00:29:11,998 INFO ncaa_identity: contest_id=622667 teams 2881/2881 matched, players 7609/8142 matched
2026-08-24 00:29:17,412 INFO ncaa_identity: contest_id=622709 teams 1198/2496 matched, players 3394/7060 matched
2026-08-24 00:29:22,202 INFO ncaa_identity: contest_id=622792 teams 2701/2701 matched, players 7526/7602 matched
2026-08-24 00:29:23,539 INFO ncaa_identity: contest_id=622830 teams 1246/2384 matched, players 3483/6736 matched
2026-08-24 00:29:33,115 INFO ncaa_identity: contest_id=622946 teams 1437/2864 matched, players 3951/8105 matched
2026-08-24 00:29:36,438 INFO ncaa_identity: contest_id=622977 teams 2451/2451 matched, players 5774/6929 matched
2026-08-24 00:29:40,622 INFO ncaa_identity: contest_id=623016 teams 1178/2262 matched, players 3199/6379 matched
2026-08-24 00:29:43,728 INFO ncaa_identity: contest_id=623051 teams 1419/2867 matched, players 4008/8126 matched
2026-08-24 00:29:48,092 INFO ncaa_identity: contest_id=623113 teams 2741/2741 matched, players 7239/7692 matched
2026-08-24 00:29:49,243 INFO ncaa_identity: contest_id=623127 teams 2036/2036 matched, players 4798/5722 matched
2026-08-24 00:29:52,350 INFO ncaa_identity: contest_id=623173 teams 2559/2559 matched, players 6776/7225 matched
2026-08-24 00:29:53,695 INFO ncaa_identity: contest_id=623193 teams 2549/2549 matched, players 6933/7159 matched
2026-08-24 00:29:55,408 INFO ncaa_identity: contest_id=623216 teams 2394/2394 matched, players 6325/6749 matched
2026-08-24 00:29:56,547 INFO ncaa_identity: contest_id=623230 teams 1186/2393 matched, players 2880/6715 matched
2026-08-24 00:29:59,471 INFO ncaa_identity: contest_id=623317 teams 1178/2354 matched, players 3232/6636 matched
2026-08-24 00:30:11,243 INFO ncaa_identity: contest_id=623670 teams 2166/2166 matched, players 5671/6132 matched
2026-08-24 00:30:12,936 INFO ncaa_identity: contest_id=623874 teams 1054/2087 matched, players 2950/5857 matched
2026-08-24 00:30:16,185 INFO ncaa_identity: contest_id=623896 teams 3215/3215 matched, players 8759/9119 matched
2026-08-24 00:30:17,882 INFO ncaa_identity: contest_id=623906 teams 2358/2358 matched, players 6294/6622 matched
2026-08-24 00:30:22,387 INFO ncaa_identity: contest_id=623995 teams 2441/2441 matched, players 6731/6847 matched
2026-08-24 00:30:29,237 INFO ncaa_identity: contest_id=624104 teams 1511/3012 matched, players 4212/8560 matched
2026-08-24 00:30:32,167 INFO ncaa_identity: contest_id=624153 teams 2540/2540 matched, players 6809/7177 matched
2026-08-24 00:30:33,427 INFO ncaa_identity: contest_id=624174 teams 2423/2423 matched, players 6673/6814 matched
2026-08-24 00:30:35,227 INFO ncaa_identity: contest_id=624264 teams 2843/2843 matched, players 7426/8059 matched
2026-08-24 00:30:44,589 INFO ncaa_identity: contest_id=624397 teams 3058/3058 matched, players 7995/8624 matched
2026-08-24 00:30:46,205 INFO ncaa_identity: contest_id=624410 teams 2824/2824 matched, players 7568/8005 matched
2026-08-24 00:30:53,020 INFO ncaa_identity: contest_id=624483 teams 2085/2085 matched, players 5491/5845 matched
2026-08-24 00:30:54,438 INFO ncaa_identity: contest_id=624502 teams 2558/2558 matched, players 6943/7217 matched
2026-08-24 00:30:55,756 INFO ncaa_identity: contest_id=624522 teams 2474/2474 matched, players 6997/7037 matched
2026-08-24 00:30:57,059 INFO ncaa_identity: contest_id=624549 teams 2267/2267 matched, players 5865/6389 matched
2026-08-24 00:31:03,302 INFO ncaa_identity: contest_id=624687 teams 2824/2824 matched, players 7534/7966 matched
2026-08-24 00:31:10,038 INFO ncaa_identity: contest_id=624780 teams 2510/2510 matched, players 6199/7066 matched
2026-08-24 00:31:11,462 INFO ncaa_identity: contest_id=624803 teams 2967/2967 matched, players 7869/8364 matched
2026-08-24 00:31:18,703 INFO ncaa_identity: contest_id=624919 teams 2107/2107 matched, players 5638/5933 matched
2026-08-24 00:31:21,883 INFO ncaa_identity: contest_id=625000 teams 1268/2396 matched, players 3461/6742 matched
2026-08-24 00:31:23,203 INFO ncaa_identity: contest_id=625031 teams 1797/1797 matched, players 4872/5060 matched
2026-08-24 00:31:24,823 INFO ncaa_identity: contest_id=625070 teams 1016/2100 matched, players 2954/5892 matched
2026-08-24 00:31:40,858 INFO ncaa_identity: contest_id=625459 teams 1278/2504 matched, players 3626/7035 matched
2026-08-24 00:31:45,532 INFO ncaa_identity: contest_id=625556 teams 2853/2853 matched, players 7793/8095 matched
2026-08-24 00:31:47,158 INFO ncaa_identity: contest_id=625579 teams 2305/2305 matched, players 5999/6502 matched
2026-08-24 00:31:53,606 INFO ncaa_identity: contest_id=625709 teams 2082/2082 matched, players 5798/5836 matched
2026-08-24 00:32:00,274 INFO ncaa_identity: contest_id=625943 teams 2535/2535 matched, players 1058/1096 matched
2026-08-24 00:32:04,652 INFO ncaa_identity: contest_id=625983 teams 2717/2717 matched, players 6987/7657 matched
2026-08-24 00:32:06,349 INFO ncaa_identity: contest_id=626008 teams 2994/2994 matched, players 8142/8500 matched
2026-08-24 00:32:09,454 INFO ncaa_identity: contest_id=626055 teams 2072/2072 matched, players 5711/5866 matched
2026-08-24 00:32:16,582 INFO ncaa_identity: contest_id=626220 teams 1299/2607 matched, players 3593/7305 matched
2026-08-24 00:32:18,159 INFO ncaa_identity: contest_id=626259 teams 2496/2496 matched, players 6970/6998 matched
2026-08-24 00:32:21,537 INFO ncaa_identity: contest_id=626305 teams 2401/2401 matched, players 6745/6775 matched
2026-08-24 00:32:24,728 INFO ncaa_identity: contest_id=626368 teams 2533/2533 matched, players 6249/7118 matched
2026-08-24 00:32:26,018 INFO ncaa_identity: contest_id=626428 teams 2187/2187 matched, players 5789/6162 matched
2026-08-24 00:32:27,858 INFO ncaa_identity: contest_id=626454 teams 2485/2485 matched, players 6740/7016 matched
2026-08-24 00:32:31,235 INFO ncaa_identity: contest_id=626529 teams 2457/2457 matched, players 5633/6888 matched
2026-08-24 00:32:32,610 INFO ncaa_identity: contest_id=626584 teams 1177/2343 matched, players 3376/6595 matched
2026-08-24 00:32:34,428 INFO ncaa_identity: contest_id=626634 teams 2284/2284 matched, players 5998/6413 matched
2026-08-24 00:32:40,565 INFO ncaa_identity: contest_id=626761 teams 1818/1818 matched, players 5048/5102 matched
2026-08-24 00:32:47,034 INFO ncaa_identity: contest_id=626956 teams 2790/2790 matched, players 7264/7894 matched
2026-08-24 00:32:50,320 INFO ncaa_identity: contest_id=626995 teams 2859/2859 matched, players 7493/8148 matched
2026-08-24 00:32:51,707 INFO ncaa_identity: contest_id=627030 teams 2681/2681 matched, players 7112/7575 matched
2026-08-24 00:32:53,767 INFO ncaa_identity: contest_id=627072 teams 1343/2664 matched, players 3459/7552 matched
2026-08-24 00:32:56,901 INFO ncaa_identity: contest_id=627143 teams 2476/2476 matched, players 6625/7003 matched
2026-08-24 00:32:58,181 INFO ncaa_identity: contest_id=627169 teams 2286/2286 matched, players 6263/6466 matched
2026-08-24 00:33:00,271 INFO ncaa_identity: contest_id=627230 teams 1278/2566 matched, players 3634/7228 matched
2026-08-24 00:33:01,652 INFO ncaa_identity: contest_id=627269 teams 1101/2211 matched, players 3086/6219 matched
2026-08-24 00:33:04,945 INFO ncaa_identity: contest_id=627323 teams 1336/2651 matched, players 3784/7428 matched
2026-08-24 00:33:10,119 INFO ncaa_identity: contest_id=627463 teams 2371/2371 matched, players 6208/6694 matched
2026-08-24 00:33:13,310 INFO ncaa_identity: contest_id=627492 teams 2653/2653 matched, players 7288/7481 matched
2026-08-24 00:33:14,684 INFO ncaa_identity: contest_id=627502 teams 2444/2444 matched, players 6004/6874 matched
2026-08-24 00:33:18,674 INFO ncaa_identity: contest_id=627562 teams 2792/2792 matched, players 7472/7863 matched
2026-08-24 00:33:25,221 INFO ncaa_identity: contest_id=627673 teams 3000/3000 matched, players 8027/8536 matched
2026-08-24 00:33:28,303 INFO ncaa_identity: contest_id=627772 teams 1132/2211 matched, players 2861/6238 matched
2026-08-24 00:33:30,279 INFO ncaa_identity: contest_id=627788 teams 3267/3267 matched, players 8745/9244 matched
2026-08-24 00:33:31,852 INFO ncaa_identity: contest_id=627815 teams 2323/2323 matched, players 6213/6536 matched
2026-08-24 00:33:48,161 INFO ncaa_identity: contest_id=627974 teams 2318/2318 matched, players 6158/6558 matched
2026-08-24 00:33:50,977 INFO ncaa_identity: contest_id=627999 teams 2106/2106 matched, players 5479/5986 matched
2026-08-24 00:33:52,721 INFO ncaa_identity: contest_id=628015 teams 2644/2644 matched, players 7214/7465 matched
2026-08-24 00:33:55,677 INFO ncaa_identity: contest_id=628038 teams 2401/2401 matched, players 6446/6786 matched
2026-08-24 00:33:59,019 INFO ncaa_identity: contest_id=628064 teams 2418/2418 matched, players 6377/6836 matched
2026-08-24 00:34:01,694 INFO ncaa_identity: contest_id=628089 teams 2551/2551 matched, players 6621/7211 matched
2026-08-24 00:34:03,213 INFO ncaa_identity: contest_id=628102 teams 2326/2326 matched, players 5781/6495 matched
2026-08-24 00:34:04,543 INFO ncaa_identity: contest_id=628114 teams 2548/2548 matched, players 6641/7185 matched
2026-08-24 00:34:07,607 INFO ncaa_identity: contest_id=628170 teams 2473/2473 matched, players 6045/6990 matched
2026-08-24 00:34:09,032 INFO ncaa_identity: contest_id=628197 teams 2486/2486 matched, players 6361/6978 matched
2026-08-24 00:34:10,806 INFO ncaa_identity: contest_id=628211 teams 3009/3009 matched, players 8033/8507 matched
2026-08-24 00:34:15,242 INFO ncaa_identity: contest_id=628253 teams 2303/2303 matched, players 6004/6462 matched
2026-08-24 00:34:18,694 INFO ncaa_identity: contest_id=628315 teams 0/2780 matched, players 0/7801 matched
2026-08-24 00:34:21,810 INFO ncaa_identity: contest_id=628398 teams 2318/2318 matched, players 5880/6461 matched
2026-08-24 00:34:24,902 INFO ncaa_identity: contest_id=628439 teams 2595/2595 matched, players 6921/7313 matched
2026-08-24 00:34:25,975 INFO ncaa_identity: contest_id=628454 teams 1941/1941 matched, players 4550/5479 matched
2026-08-24 00:34:27,735 INFO ncaa_identity: contest_id=628483 teams 2307/2307 matched, players 6427/6483 matched
2026-08-24 00:34:31,547 INFO ncaa_identity: contest_id=628562 teams 3043/3043 matched, players 7933/8634 matched
2026-08-24 00:34:40,333 INFO ncaa_identity: contest_id=628714 teams 2900/2900 matched, players 7806/8198 matched
2026-08-24 00:34:45,096 INFO ncaa_identity: contest_id=628802 teams 2830/2830 matched, players 7638/8012 matched
2026-08-24 00:34:47,622 INFO ncaa_identity: contest_id=628841 teams 2266/2266 matched, players 5938/6350 matched
2026-08-24 00:34:53,657 INFO ncaa_identity: contest_id=628986 teams 2169/2169 matched, players 5701/6118 matched
2026-08-24 00:34:55,368 INFO ncaa_identity: contest_id=629039 teams 1125/2283 matched, players 3200/6436 matched
2026-08-24 00:34:56,719 INFO ncaa_identity: contest_id=629079 teams 2391/2391 matched, players 6609/6779 matched
2026-08-24 00:34:59,652 INFO ncaa_identity: contest_id=629139 teams 2531/2531 matched, players 7078/7151 matched
2026-08-24 00:35:05,599 INFO ncaa_identity: contest_id=629256 teams 1164/2297 matched, players 2867/6490 matched
2026-08-24 00:35:07,715 INFO ncaa_identity: contest_id=629288 teams 1345/2723 matched, players 3791/7654 matched
2026-08-24 00:35:09,086 INFO ncaa_identity: contest_id=629398 teams 2180/2180 matched, players 5387/6134 matched
2026-08-24 00:35:10,474 INFO ncaa_identity: contest_id=629457 teams 2327/2327 matched, players 6116/6523 matched
2026-08-24 00:35:13,333 INFO ncaa_identity: contest_id=629480 teams 2511/2511 matched, players 6337/7100 matched
2026-08-24 00:35:17,217 INFO ncaa_identity: contest_id=629534 teams 1249/2529 matched, players 3543/7136 matched
2026-08-24 00:35:18,903 INFO ncaa_identity: contest_id=629556 teams 2496/2496 matched, players 6018/7047 matched
2026-08-24 00:35:22,238 INFO ncaa_identity: contest_id=629614 teams 2230/2230 matched, players 5134/6246 matched
2026-08-24 00:35:31,118 INFO ncaa_identity: contest_id=629919 teams 2647/2647 matched, players 6886/7504 matched
2026-08-24 00:35:34,404 INFO ncaa_identity: contest_id=629951 teams 2535/2535 matched, players 6838/7172 matched
2026-08-24 00:35:35,497 INFO ncaa_identity: contest_id=629972 teams 1979/1979 matched, players 5405/5573 matched
2026-08-24 00:35:36,945 INFO ncaa_identity: contest_id=629989 teams 2166/2166 matched, players 5859/6089 matched
2026-08-24 00:35:38,539 INFO ncaa_identity: contest_id=630045 teams 2553/2553 matched, players 6854/7139 matched
2026-08-24 00:35:39,866 INFO ncaa_identity: contest_id=630161 teams 2173/2173 matched, players 5663/6142 matched
2026-08-24 00:35:42,536 INFO ncaa_identity: contest_id=630225 teams 2325/2325 matched, players 6469/6522 matched
2026-08-24 00:35:56,582 INFO ncaa_identity: contest_id=630595 teams 2394/2394 matched, players 6263/6788 matched
2026-08-24 00:36:01,354 INFO ncaa_identity: contest_id=630629 teams 2440/2440 matched, players 6638/6948 matched
2026-08-24 00:36:04,447 INFO ncaa_identity: contest_id=630667 teams 2495/2495 matched, players 6535/6989 matched
2026-08-24 00:36:05,728 INFO ncaa_identity: contest_id=630682 teams 2191/2191 matched, players 5163/6117 matched
2026-08-24 00:36:09,346 INFO ncaa_identity: contest_id=630748 teams 1273/2567 matched, players 3217/7225 matched
2026-08-24 00:36:10,686 INFO ncaa_identity: contest_id=630779 teams 2404/2404 matched, players 6559/6775 matched
2026-08-24 00:36:13,914 INFO ncaa_identity: contest_id=630913 teams 1172/2324 matched, players 3294/6537 matched
2026-08-24 00:36:16,808 INFO ncaa_identity: contest_id=631024 teams 1151/2265 matched, players 3047/6355 matched
2026-08-24 00:36:21,171 INFO ncaa_identity: contest_id=631084 teams 1935/1935 matched, players 5077/5462 matched
2026-08-24 00:36:22,615 INFO ncaa_identity: contest_id=631095 teams 2162/2162 matched, players 5651/6104 matched
2026-08-24 00:36:24,196 INFO ncaa_identity: contest_id=631117 teams 2474/2474 matched, players 6144/7011 matched
2026-08-24 00:36:28,553 INFO ncaa_identity: contest_id=631265 teams 2394/2394 matched, players 5704/6749 matched
2026-08-24 00:36:36,412 INFO ncaa_identity: contest_id=631430 teams 1965/1965 matched, players 5114/5509 matched
2026-08-24 00:36:37,875 INFO ncaa_identity: contest_id=631454 teams 2754/2754 matched, players 7313/7791 matched
2026-08-24 00:36:40,010 INFO ncaa_identity: contest_id=631492 teams 2688/2688 matched, players 7476/7556 matched
2026-08-24 00:36:43,754 INFO ncaa_identity: contest_id=631555 teams 2311/2311 matched, players 6231/6479 matched
2026-08-24 00:36:46,865 INFO ncaa_identity: contest_id=631703 teams 2147/2147 matched, players 5789/6037 matched
2026-08-24 00:36:48,922 INFO ncaa_identity: contest_id=631715 teams 2258/2258 matched, players 6262/6331 matched
2026-08-24 00:36:51,560 INFO ncaa_identity: contest_id=631740 teams 2024/2024 matched, players 5066/5726 matched
2026-08-24 00:36:55,302 INFO ncaa_identity: contest_id=631782 teams 2225/2225 matched, players 5749/6276 matched
2026-08-24 00:36:58,471 INFO ncaa_identity: contest_id=631827 teams 1995/1995 matched, players 4807/5609 matched
2026-08-24 00:37:00,208 INFO ncaa_identity: contest_id=631896 teams 2513/2513 matched, players 6777/7093 matched
2026-08-24 00:37:01,907 INFO ncaa_identity: contest_id=631957 teams 1980/1980 matched, players 5153/5563 matched
2026-08-24 00:37:07,616 INFO ncaa_identity: contest_id=632167 teams 2091/2091 matched, players 5470/5917 matched
2026-08-24 00:37:13,258 INFO ncaa_identity: contest_id=632222 teams 2022/2022 matched, players 5519/5725 matched
2026-08-24 00:37:19,406 INFO ncaa_identity: contest_id=632399 teams 3238/3238 matched, players 9119/9170 matched
2026-08-24 00:37:21,056 INFO ncaa_identity: contest_id=632445 teams 2559/2559 matched, players 6150/7209 matched
2026-08-24 00:37:22,374 INFO ncaa_identity: contest_id=632474 teams 2036/2036 matched, players 4803/5741 matched
2026-08-24 00:37:24,306 INFO ncaa_identity: contest_id=632512 teams 3065/3065 matched, players 8112/8665 matched
2026-08-24 00:37:25,706 INFO ncaa_identity: contest_id=632526 teams 2372/2372 matched, players 6151/6681 matched
2026-08-24 00:37:29,022 INFO ncaa_identity: contest_id=632593 teams 1251/2561 matched, players 3372/7203 matched
2026-08-24 00:37:30,277 INFO ncaa_identity: contest_id=632611 teams 1044/2064 matched, players 2879/5801 matched
2026-08-24 00:37:33,329 INFO ncaa_identity: contest_id=632748 teams 2157/2157 matched, players 5631/6054 matched
2026-08-24 00:37:35,967 INFO ncaa_identity: contest_id=632825 teams 2031/2031 matched, players 5226/5707 matched
2026-08-24 00:37:37,153 INFO ncaa_identity: contest_id=632837 teams 1776/1776 matched, players 4924/4995 matched
2026-08-24 00:37:38,660 INFO ncaa_identity: contest_id=632850 teams 2246/2246 matched, players 5869/6312 matched
2026-08-24 00:37:43,213 INFO ncaa_identity: contest_id=632904 teams 2074/2074 matched, players 4739/5809 matched
2026-08-24 00:37:48,058 INFO ncaa_identity: contest_id=632998 teams 2234/2234 matched, players 5701/6271 matched
2026-08-24 00:37:51,259 INFO ncaa_identity: contest_id=633115 teams 2695/2695 matched, players 7077/7628 matched
2026-08-24 00:37:54,777 INFO ncaa_identity: contest_id=633217 teams 2103/2103 matched, players 5335/5913 matched
2026-08-24 00:37:56,109 INFO ncaa_identity: contest_id=633232 teams 2526/2526 matched, players 6740/7151 matched
2026-08-24 00:38:03,824 INFO ncaa_identity: contest_id=633298 teams 2883/2883 matched, players 7724/8170 matched
2026-08-24 00:38:05,627 INFO ncaa_identity: contest_id=633397 teams 2639/2639 matched, players 6936/7453 matched
2026-08-24 00:38:10,249 INFO ncaa_identity: contest_id=633525 teams 2465/2465 matched, players 6810/6954 matched
2026-08-24 00:38:12,110 INFO ncaa_identity: contest_id=633557 teams 2917/2917 matched, players 7977/8206 matched
2026-08-24 00:38:16,823 INFO ncaa_identity: contest_id=633643 teams 2128/2128 matched, players 5756/6008 matched
2026-08-24 00:38:18,152 INFO ncaa_identity: contest_id=633680 teams 2078/2078 matched, players 5472/5849 matched
2026-08-24 00:38:19,953 INFO ncaa_identity: contest_id=633706 teams 2288/2288 matched, players 5978/6477 matched
2026-08-24 00:38:23,101 INFO ncaa_identity: contest_id=633803 teams 1231/2559 matched, players 3533/7211 matched
2026-08-24 00:38:39,174 INFO ncaa_identity: contest_id=633949 teams 2347/2347 matched, players 6157/6630 matched
2026-08-24 00:38:43,044 INFO ncaa_identity: contest_id=633961 teams 2261/2261 matched, players 6065/6369 matched
2026-08-24 00:38:47,788 INFO ncaa_identity: contest_id=633983 teams 2473/2473 matched, players 6577/6978 matched
2026-08-24 00:39:00,799 INFO ncaa_identity: contest_id=634045 teams 1113/2222 matched, players 2764/6255 matched
2026-08-24 00:39:04,059 INFO ncaa_identity: contest_id=634125 teams 2167/2167 matched, players 5652/6055 matched
2026-08-24 00:39:07,921 INFO ncaa_identity: contest_id=634190 teams 1182/2242 matched, players 3170/6321 matched
2026-08-24 00:39:12,503 INFO ncaa_identity: contest_id=634218 teams 2157/2157 matched, players 5913/6090 matched
2026-08-24 00:39:44,814 INFO ncaa_identity: contest_id=634497 teams 2507/2507 matched, players 6774/7063 matched
2026-08-24 00:39:49,402 INFO ncaa_identity: contest_id=634544 teams 2302/2302 matched, players 6067/6508 matched
2026-08-24 00:39:54,358 INFO ncaa_identity: contest_id=634570 teams 2193/2193 matched, players 6155/6164 matched
2026-08-24 00:40:03,177 INFO ncaa_identity: contest_id=634623 teams 2253/2253 matched, players 5764/6337 matched
2026-08-24 00:40:11,398 INFO ncaa_identity: contest_id=634677 teams 2439/2439 matched, players 6407/6865 matched
2026-08-24 00:40:21,133 INFO ncaa_identity: contest_id=634731 teams 2695/2695 matched, players 6981/7568 matched
2026-08-24 00:40:25,675 INFO ncaa_identity: contest_id=634749 teams 2034/2034 matched, players 5484/5711 matched
2026-08-24 00:40:38,982 INFO ncaa_identity: contest_id=634943 teams 2277/2277 matched, players 6229/6422 matched
2026-08-24 00:40:41,140 INFO ncaa_identity: contest_id=634957 teams 2986/2986 matched, players 8130/8434 matched
2026-08-24 00:40:45,825 INFO ncaa_identity: contest_id=635035 teams 1899/1899 matched, players 4948/5371 matched
2026-08-24 00:40:55,319 INFO ncaa_identity: contest_id=635295 teams 1900/1900 matched, players 5036/5322 matched
2026-08-24 00:41:00,309 INFO ncaa_identity: contest_id=635419 teams 2231/2231 matched, players 5695/6238 matched
2026-08-24 00:41:10,967 INFO ncaa_identity: contest_id=635643 teams 2368/2368 matched, players 5952/6693 matched
2026-08-24 00:41:12,224 INFO ncaa_identity: contest_id=635679 teams 2377/2377 matched, players 6303/6720 matched
2026-08-24 00:41:13,874 INFO ncaa_identity: contest_id=635700 teams 1770/1770 matched, players 4528/4979 matched
2026-08-24 00:41:21,340 INFO ncaa_identity: contest_id=635820 teams 2761/2761 matched, players 7547/7839 matched
2026-08-24 00:41:23,100 INFO ncaa_identity: contest_id=635843 teams 2594/2594 matched, players 6721/7341 matched
2026-08-24 00:41:26,251 INFO ncaa_identity: contest_id=635975 teams 2178/2178 matched, players 5844/6126 matched
2026-08-24 00:41:31,984 INFO ncaa_identity: contest_id=636081 teams 2074/2074 matched, players 5297/5822 matched
2026-08-24 00:41:33,837 INFO ncaa_identity: contest_id=636096 teams 2590/2590 matched, players 6519/7297 matched
2026-08-24 00:41:35,850 INFO ncaa_identity: contest_id=636108 teams 2181/2181 matched, players 5181/6112 matched
2026-08-24 00:41:37,299 INFO ncaa_identity: contest_id=636119 teams 2242/2242 matched, players 5856/6346 matched
2026-08-24 00:41:43,001 INFO ncaa_identity: contest_id=636265 teams 2028/2028 matched, players 5319/5689 matched
2026-08-24 00:41:45,422 INFO ncaa_identity: contest_id=636299 teams 2429/2429 matched, players 6846/6847 matched
2026-08-24 00:41:47,363 INFO ncaa_identity: contest_id=636353 teams 2409/2409 matched, players 6269/6763 matched
2026-08-24 00:42:00,114 INFO ncaa_identity: contest_id=636595 teams 2771/2771 matched, players 7520/7876 matched
2026-08-24 00:42:08,118 INFO ncaa_identity: contest_id=636682 teams 1795/1795 matched, players 619/639 matched
2026-08-24 00:42:09,705 INFO ncaa_identity: contest_id=636700 teams 2556/2556 matched, players 6104/7208 matched
2026-08-24 00:42:11,538 INFO ncaa_identity: contest_id=636718 teams 2500/2500 matched, players 6615/7056 matched
2026-08-24 00:42:14,608 INFO ncaa_identity: contest_id=636870 teams 1155/2329 matched, players 3317/6541 matched
2026-08-24 00:42:17,776 INFO ncaa_identity: contest_id=636890 teams 2798/2798 matched, players 7471/7860 matched
2026-08-24 00:42:24,974 INFO ncaa_identity: contest_id=636954 teams 2107/2107 matched, players 5524/5933 matched
2026-08-24 00:42:26,141 INFO ncaa_identity: contest_id=636982 teams 2045/2045 matched, players 4742/5752 matched
2026-08-24 00:42:29,131 INFO ncaa_identity: contest_id=637036 teams 2496/2496 matched, players 6591/7046 matched
2026-08-24 00:42:34,452 INFO ncaa_identity: contest_id=637133 teams 980/1969 matched, players 2760/5537 matched
2026-08-24 00:42:40,384 INFO ncaa_identity: contest_id=637183 teams 2370/2370 matched, players 6415/6673 matched
2026-08-24 00:42:43,243 INFO ncaa_identity: contest_id=637211 teams 2297/2297 matched, players 6023/6446 matched
2026-08-24 00:42:46,313 INFO ncaa_identity: contest_id=637304 teams 2168/2168 matched, players 5624/6091 matched
2026-08-24 00:42:47,735 INFO ncaa_identity: contest_id=637317 teams 1911/1911 matched, players 5094/5355 matched
2026-08-24 00:42:49,477 INFO ncaa_identity: contest_id=637328 teams 2123/2123 matched, players 5444/5946 matched
2026-08-24 00:42:50,903 INFO ncaa_identity: contest_id=637342 teams 2419/2419 matched, players 6240/6846 matched
2026-08-24 00:42:55,752 INFO ncaa_identity: contest_id=637378 teams 2221/2221 matched, players 5920/6193 matched
2026-08-24 00:43:03,609 INFO ncaa_identity: contest_id=637526 teams 942/1860 matched, players 2631/5239 matched
2026-08-24 00:43:08,278 INFO ncaa_identity: contest_id=637556 teams 2058/2058 matched, players 5184/5820 matched
2026-08-24 00:43:12,776 INFO ncaa_identity: contest_id=637597 teams 2314/2314 matched, players 6196/6497 matched
2026-08-24 00:43:15,818 INFO ncaa_identity: contest_id=637617 teams 2290/2290 matched, players 5929/6473 matched
2026-08-24 00:43:19,901 INFO ncaa_identity: contest_id=637688 teams 2151/2151 matched, players 5501/6053 matched
2026-08-24 00:43:21,615 INFO ncaa_identity: contest_id=637698 teams 2552/2552 matched, players 7114/7178 matched
2026-08-24 00:43:23,028 INFO ncaa_identity: contest_id=637708 teams 2087/2087 matched, players 5079/5877 matched
2026-08-24 00:43:24,322 INFO ncaa_identity: contest_id=637718 teams 2330/2330 matched, players 5364/6599 matched
2026-08-24 00:43:31,313 INFO ncaa_identity: contest_id=637816 teams 2145/2145 matched, players 6023/6025 matched
2026-08-24 00:43:34,608 INFO ncaa_identity: contest_id=637850 teams 2063/2063 matched, players 5768/5837 matched
2026-08-24 00:43:35,888 INFO ncaa_identity: contest_id=637867 teams 2043/2043 matched, players 5366/5740 matched
2026-08-24 00:43:37,131 INFO ncaa_identity: contest_id=637878 teams 2097/2097 matched, players 5594/5900 matched
2026-08-24 00:43:38,990 INFO ncaa_identity: contest_id=637888 teams 2708/2708 matched, players 7541/7673 matched
2026-08-24 00:43:46,252 INFO ncaa_identity: contest_id=637962 teams 2250/2250 matched, players 5950/6350 matched
2026-08-24 00:43:49,370 INFO ncaa_identity: contest_id=637990 teams 1140/2344 matched, players 3262/6615 matched
2026-08-24 00:43:52,601 INFO ncaa_identity: contest_id=638021 teams 2639/2639 matched, players 7354/7387 matched
2026-08-24 00:43:54,089 INFO ncaa_identity: contest_id=638031 teams 1859/1859 matched, players 640/675 matched
2026-08-24 00:44:01,172 INFO ncaa_identity: contest_id=638086 teams 2547/2547 matched, players 6965/7164 matched
2026-08-24 00:44:05,385 INFO ncaa_identity: contest_id=638140 teams 2563/2563 matched, players 7029/7212 matched
2026-08-24 00:44:07,665 INFO ncaa_identity: contest_id=638182 teams 1877/1877 matched, players 4772/5260 matched
2026-08-24 00:44:11,935 INFO ncaa_identity: contest_id=638233 teams 2044/2044 matched, players 5283/5720 matched
2026-08-24 00:44:15,870 INFO ncaa_identity: contest_id=638263 teams 2401/2401 matched, players 6098/6788 matched
2026-08-24 00:44:19,880 INFO ncaa_identity: contest_id=638293 teams 2385/2385 matched, players 6161/6747 matched
2026-08-24 00:44:23,463 WARNING ncaa_parse: family=lineups contest_id=638323 team=Notre Dame produced NO good stints (28 bad, roster=11) -- parsed successfully but contributed nothing
2026-08-24 00:44:24,081 WARNING ncaa_parse: family=lineups contest_id=638323 team=Iowa produced NO good stints (24 bad, roster=12) -- parsed successfully but contributed nothing
2026-08-24 00:44:24,638 INFO ncaa_identity: contest_id=638323 teams 2330/2330 matched, players 6027/6494 matched
2026-08-24 00:44:26,282 INFO ncaa_identity: contest_id=638339 teams 2494/2494 matched, players 6710/7029 matched
2026-08-24 00:44:27,476 INFO ncaa_identity: contest_id=638350 teams 2060/2060 matched, players 5329/5815 matched
2026-08-24 00:44:30,887 INFO ncaa_identity: contest_id=541403 teams 2485/2485 matched, players 6454/6976 matched
2026-08-24 00:44:34,348 INFO ncaa_identity: contest_id=541423 teams 2764/2764 matched, players 7470/7832 matched
2026-08-24 00:44:36,022 INFO ncaa_identity: contest_id=541435 teams 2477/2477 matched, players 6566/7038 matched
2026-08-24 00:44:37,674 INFO ncaa_identity: contest_id=541445 teams 3058/3058 matched, players 7294/8663 matched
2026-08-24 00:44:39,260 INFO ncaa_identity: contest_id=541456 teams 2737/2737 matched, players 7473/7773 matched
2026-08-24 00:44:40,814 INFO ncaa_identity: contest_id=541467 teams 2424/2424 matched, players 6687/6838 matched
2026-08-24 00:44:42,184 INFO ncaa_identity: contest_id=541477 teams 2555/2555 matched, players 6767/7194 matched
2026-08-24 00:44:47,441 INFO ncaa_identity: contest_id=541527 teams 1507/3071 matched, players 3592/8733 matched
2026-08-24 00:44:49,505 INFO ncaa_identity: contest_id=541539 teams 1516/3036 matched, players 4208/8562 matched
2026-08-24 00:44:55,626 INFO ncaa_identity: contest_id=541635 teams 1285/2570 matched, players 3689/7219 matched
2026-08-24 00:44:57,306 INFO ncaa_identity: contest_id=541668 teams 1428/2829 matched, players 4079/7987 matched
2026-08-24 00:44:58,651 INFO ncaa_identity: contest_id=541720 teams 2713/2713 matched, players 7420/7701 matched
2026-08-24 00:45:00,584 INFO ncaa_identity: contest_id=541730 teams 3306/3306 matched, players 9202/9315 matched
2026-08-24 00:45:02,001 INFO ncaa_identity: contest_id=541740 teams 2663/2663 matched, players 7428/7494 matched
2026-08-24 00:45:07,788 INFO ncaa_identity: contest_id=541802 teams 2686/2686 matched, players 7200/7572 matched
2026-08-24 00:45:09,452 INFO ncaa_identity: contest_id=541813 teams 2672/2672 matched, players 7081/7572 matched
2026-08-24 00:45:11,016 INFO ncaa_identity: contest_id=541825 teams 2289/2289 matched, players 881/886 matched
2026-08-24 00:45:12,358 INFO ncaa_identity: contest_id=541840 teams 1340/2658 matched, players 3795/7510 matched
2026-08-24 00:45:14,046 INFO ncaa_identity: contest_id=541856 teams 2362/2362 matched, players 6184/6655 matched
2026-08-24 00:45:18,464 INFO ncaa_identity: contest_id=541897 teams 1073/2047 matched, players 508/829 matched
2026-08-24 00:45:20,918 INFO ncaa_identity: contest_id=541944 teams 2421/2421 matched, players 6570/6824 matched
2026-08-24 00:45:22,782 INFO ncaa_identity: contest_id=541954 teams 2853/2853 matched, players 7553/8038 matched
2026-08-24 00:45:25,815 INFO ncaa_identity: contest_id=542000 teams 1403/2796 matched, players 3439/7889 matched
2026-08-24 00:45:27,361 INFO ncaa_identity: contest_id=542010 teams 2467/2467 matched, players 6886/6929 matched
2026-08-24 00:45:30,270 INFO ncaa_identity: contest_id=542037 teams 1091/2140 matched, players 3006/6003 matched
2026-08-24 00:45:31,719 INFO ncaa_identity: contest_id=542063 teams 3087/3087 matched, players 8366/8727 matched
2026-08-24 00:45:37,014 INFO ncaa_identity: contest_id=542235 teams 2366/2366 matched, players 6420/6622 matched
2026-08-24 00:45:38,450 INFO ncaa_identity: contest_id=542312 teams 2285/2285 matched, players 5996/6422 matched
2026-08-24 00:45:39,777 INFO ncaa_identity: contest_id=542338 teams 2214/2214 matched, players 6106/6200 matched
2026-08-24 00:45:44,231 INFO ncaa_identity: contest_id=542554 teams 2606/2606 matched, players 6954/7368 matched
2026-08-24 00:45:50,610 INFO ncaa_identity: contest_id=542688 teams 1340/2571 matched, players 3645/7288 matched
2026-08-24 00:45:52,174 INFO ncaa_identity: contest_id=542704 teams 1448/2862 matched, players 4027/8062 matched
2026-08-24 00:45:57,315 INFO ncaa_identity: contest_id=542783 teams 2180/2180 matched, players 5831/6153 matched
2026-08-24 00:45:58,699 INFO ncaa_identity: contest_id=542797 teams 1392/2791 matched, players 4018/7883 matched
2026-08-24 00:46:00,355 INFO ncaa_identity: contest_id=542836 teams 2519/2519 matched, players 6655/7056 matched
2026-08-24 00:46:01,818 INFO ncaa_identity: contest_id=542866 teams 2528/2528 matched, players 6922/7140 matched
2026-08-24 00:46:03,593 INFO ncaa_identity: contest_id=542887 teams 2704/2704 matched, players 7416/7637 matched
2026-08-24 00:46:06,942 INFO ncaa_identity: contest_id=542997 teams 2720/2720 matched, players 7348/7659 matched
2026-08-24 00:46:11,163 INFO ncaa_identity: contest_id=543051 teams 2069/2069 matched, players 5531/5802 matched
2026-08-24 00:46:12,591 INFO ncaa_identity: contest_id=543112 teams 1259/2529 matched, players 3028/7139 matched
2026-08-24 00:46:14,213 INFO ncaa_identity: contest_id=543139 teams 2329/2329 matched, players 5950/6574 matched
2026-08-24 00:46:15,942 INFO ncaa_identity: contest_id=543157 teams 2711/2711 matched, players 7270/7638 matched
2026-08-24 00:46:17,816 INFO ncaa_identity: contest_id=543175 teams 3020/3020 matched, players 8219/8539 matched
2026-08-24 00:46:20,647 INFO ncaa_identity: contest_id=543257 teams 2457/2457 matched, players 6371/6932 matched
2026-08-24 00:46:25,504 INFO ncaa_identity: contest_id=543367 teams 2570/2570 matched, players 7108/7244 matched
2026-08-24 00:46:28,473 INFO ncaa_identity: contest_id=543420 teams 1263/2453 matched, players 3447/6911 matched
2026-08-24 00:46:33,587 INFO ncaa_identity: contest_id=543498 teams 2511/2511 matched, players 6774/7133 matched
2026-08-24 00:46:34,717 INFO ncaa_identity: contest_id=543557 teams 1020/2127 matched, players 2521/6014 matched
2026-08-24 00:46:37,763 INFO ncaa_identity: contest_id=543713 teams 2332/2332 matched, players 6433/6579 matched
2026-08-24 00:46:40,991 INFO ncaa_identity: contest_id=543736 teams 2575/2575 matched, players 6772/7279 matched
2026-08-24 00:46:42,241 INFO ncaa_identity: contest_id=543749 teams 2506/2506 matched, players 6850/7045 matched
2026-08-24 00:46:47,068 INFO ncaa_identity: contest_id=543836 teams 1491/3097 matched, players 3718/8779 matched
2026-08-24 00:46:54,296 INFO ncaa_identity: contest_id=544041 teams 1555/3057 matched, players 4361/8646 matched
2026-08-24 00:46:58,425 INFO ncaa_identity: contest_id=544124 teams 2435/2435 matched, players 6816/6894 matched
2026-08-24 00:46:59,950 INFO ncaa_identity: contest_id=544139 teams 2800/2800 matched, players 7467/7894 matched
2026-08-24 00:47:01,706 INFO ncaa_identity: contest_id=544151 teams 2464/2464 matched, players 6843/6904 matched
2026-08-24 00:47:02,924 INFO ncaa_identity: contest_id=544162 teams 1376/2685 matched, players 3595/7600 matched
2026-08-24 00:47:05,765 INFO ncaa_identity: contest_id=544201 teams 2529/2529 matched, players 6627/7091 matched
2026-08-24 00:47:12,410 INFO ncaa_identity: contest_id=544261 teams 2578/2578 matched, players 7007/7269 matched
2026-08-24 00:47:25,361 INFO ncaa_identity: contest_id=544485 teams 2799/2799 matched, players 7203/7925 matched
2026-08-24 00:47:26,914 INFO ncaa_identity: contest_id=544500 teams 2612/2612 matched, players 6052/7318 matched
2026-08-24 00:47:29,664 INFO ncaa_identity: contest_id=544547 teams 2427/2427 matched, players 6497/6800 matched
2026-08-24 00:47:30,999 INFO ncaa_identity: contest_id=544565 teams 2513/2513 matched, players 5849/7076 matched
2026-08-24 00:47:32,587 INFO ncaa_identity: contest_id=544603 teams 2202/2202 matched, players 5780/6205 matched
2026-08-24 00:47:37,102 INFO ncaa_identity: contest_id=544690 teams 2604/2604 matched, players 7031/7355 matched
2026-08-24 00:47:38,234 INFO ncaa_identity: contest_id=544711 teams 2125/2125 matched, players 5922/5983 matched
2026-08-24 00:47:39,480 INFO ncaa_identity: contest_id=544755 teams 2455/2455 matched, players 6359/6922 matched
2026-08-24 00:47:41,213 INFO ncaa_identity: contest_id=544815 teams 2611/2611 matched, players 7115/7347 matched
2026-08-24 00:47:46,970 INFO ncaa_identity: contest_id=544903 teams 2054/2054 matched, players 5032/5768 matched
2026-08-24 00:47:52,992 INFO ncaa_identity: contest_id=545050 teams 2465/2465 matched, players 6375/7003 matched
2026-08-24 00:47:54,449 INFO ncaa_identity: contest_id=545134 teams 2680/2680 matched, players 7543/7599 matched
2026-08-24 00:47:57,711 INFO ncaa_identity: contest_id=545202 teams 2697/2697 matched, players 7014/7582 matched
2026-08-24 00:47:59,493 INFO ncaa_identity: contest_id=545237 teams 1958/1958 matched, players 754/774 matched
2026-08-24 00:48:02,041 INFO ncaa_identity: contest_id=545313 teams 2039/2039 matched, players 5386/5755 matched
2026-08-24 00:48:05,473 INFO ncaa_identity: contest_id=545362 teams 2596/2596 matched, players 7206/7351 matched
2026-08-24 00:48:08,908 INFO ncaa_identity: contest_id=545514 teams 1320/2486 matched, players 3648/7045 matched
2026-08-24 00:48:10,375 INFO ncaa_identity: contest_id=545574 teams 1980/1980 matched, players 5077/5564 matched
2026-08-24 00:48:11,947 INFO ncaa_identity: contest_id=545585 teams 2517/2517 matched, players 6806/7047 matched
2026-08-24 00:48:13,256 INFO ncaa_identity: contest_id=545597 teams 2732/2732 matched, players 7640/7692 matched
2026-08-24 00:48:15,692 INFO ncaa_identity: contest_id=545637 teams 2458/2458 matched, players 6350/6933 matched
2026-08-24 00:48:20,836 INFO ncaa_identity: contest_id=545749 teams 2270/2270 matched, players 5863/6433 matched
2026-08-24 00:48:22,252 INFO ncaa_identity: contest_id=545782 teams 2390/2390 matched, players 5959/6782 matched
2026-08-24 00:48:26,726 INFO ncaa_identity: contest_id=545915 teams 2501/2501 matched, players 6024/7051 matched
2026-08-24 00:48:30,488 INFO ncaa_identity: contest_id=546051 teams 2732/2732 matched, players 7216/7708 matched
2026-08-24 00:48:32,045 INFO ncaa_identity: contest_id=546092 teams 2777/2777 matched, players 7741/7887 matched
2026-08-24 00:48:37,688 INFO ncaa_identity: contest_id=546150 teams 1546/3246 matched, players 4512/9178 matched
2026-08-24 00:48:38,998 INFO ncaa_identity: contest_id=546168 teams 2469/2469 matched, players 6668/6930 matched
2026-08-24 00:48:42,248 INFO ncaa_identity: contest_id=546226 teams 1318/2507 matched, players 3605/7116 matched
2026-08-24 00:48:44,884 INFO ncaa_identity: contest_id=546277 teams 2707/2707 matched, players 7490/7686 matched
2026-08-24 00:48:46,112 INFO ncaa_identity: contest_id=546327 teams 2601/2601 matched, players 6898/7328 matched
2026-08-24 00:48:48,864 INFO ncaa_identity: contest_id=546370 teams 2386/2386 matched, players 6539/6757 matched
2026-08-24 00:48:51,649 INFO ncaa_identity: contest_id=546416 teams 1492/2967 matched, players 4230/8431 matched
2026-08-24 00:48:53,203 INFO ncaa_identity: contest_id=546447 teams 1245/2480 matched, players 3573/7037 matched
2026-08-24 00:48:55,936 INFO ncaa_identity: contest_id=546497 teams 1284/2491 matched, players 3173/7014 matched
2026-08-24 00:48:57,683 INFO ncaa_identity: contest_id=546530 teams 2410/2410 matched, players 6285/6754 matched
2026-08-24 00:48:58,772 INFO ncaa_identity: contest_id=546544 teams 2489/2489 matched, players 5443/7012 matched
2026-08-24 00:49:02,618 INFO ncaa_identity: contest_id=546610 teams 2314/2314 matched, players 5899/6515 matched
2026-08-24 00:49:04,087 INFO ncaa_identity: contest_id=546630 teams 2743/2743 matched, players 7677/7730 matched
2026-08-24 00:49:08,296 INFO ncaa_identity: contest_id=546695 teams 1200/2384 matched, players 3362/6744 matched
2026-08-24 00:49:09,710 INFO ncaa_identity: contest_id=546711 teams 2449/2449 matched, players 5989/6882 matched
2026-08-24 00:49:11,237 INFO ncaa_identity: contest_id=546722 teams 2313/2313 matched, players 5862/6555 matched
2026-08-24 00:49:12,806 INFO ncaa_identity: contest_id=546737 teams 2746/2746 matched, players 6921/7747 matched
2026-08-24 00:49:15,728 INFO ncaa_identity: contest_id=546802 teams 2273/2273 matched, players 6114/6406 matched
2026-08-24 00:49:17,399 INFO ncaa_identity: contest_id=546823 teams 2798/2798 matched, players 7816/7886 matched
2026-08-24 00:49:20,533 INFO ncaa_identity: contest_id=546870 teams 1132/2329 matched, players 2937/6595 matched
2026-08-24 00:49:29,046 INFO ncaa_identity: contest_id=546949 teams 2434/2434 matched, players 6565/6847 matched
2026-08-24 00:49:30,410 INFO ncaa_identity: contest_id=546961 teams 2308/2308 matched, players 6195/6470 matched
2026-08-24 00:49:36,204 INFO ncaa_identity: contest_id=547038 teams 2066/2066 matched, players 5162/5813 matched
2026-08-24 00:49:38,795 INFO ncaa_identity: contest_id=547061 teams 2287/2287 matched, players 6285/6436 matched
2026-08-24 00:49:43,808 INFO ncaa_identity: contest_id=547101 teams 2266/2266 matched, players 5960/6333 matched
2026-08-24 00:49:45,126 INFO ncaa_identity: contest_id=547125 teams 1992/1992 matched, players 5134/5626 matched
2026-08-24 00:49:48,236 INFO ncaa_identity: contest_id=547173 teams 2408/2408 matched, players 6313/6756 matched
2026-08-24 00:49:50,780 INFO ncaa_identity: contest_id=547201 teams 2296/2296 matched, players 5933/6463 matched
2026-08-24 00:49:51,812 INFO ncaa_identity: contest_id=547231 teams 2212/2212 matched, players 5807/6234 matched
2026-08-24 00:49:52,991 INFO ncaa_identity: contest_id=547269 teams 1052/2082 matched, players 2867/5858 matched
2026-08-24 00:49:59,043 INFO ncaa_identity: contest_id=547346 teams 3031/3031 matched, players 8124/8554 matched
2026-08-24 00:50:00,724 INFO ncaa_identity: contest_id=547357 teams 2203/2203 matched, players 6216/6226 matched
2026-08-24 00:50:02,190 INFO ncaa_identity: contest_id=547370 teams 1563/3067 matched, players 3965/8691 matched
2026-08-24 00:50:03,414 INFO ncaa_identity: contest_id=547382 teams 2205/2205 matched, players 5655/6254 matched
2026-08-24 00:50:06,187 INFO ncaa_identity: contest_id=547407 teams 2383/2383 matched, players 6410/6745 matched
2026-08-24 00:50:09,244 INFO ncaa_identity: contest_id=547485 teams 1871/1871 matched, players 657/659 matched
2026-08-24 00:50:15,243 INFO ncaa_identity: contest_id=547624 teams 2115/2115 matched, players 5379/5993 matched
2026-08-24 00:50:16,853 INFO ncaa_identity: contest_id=547651 teams 2112/2112 matched, players 5503/5988 matched
2026-08-24 00:50:21,406 INFO ncaa_identity: contest_id=547734 teams 2346/2346 matched, players 6505/6611 matched
2026-08-24 00:50:25,085 INFO ncaa_identity: contest_id=547917 teams 2054/2054 matched, players 5335/5800 matched
2026-08-24 00:50:26,749 INFO ncaa_identity: contest_id=547957 teams 2391/2391 matched, players 924/955 matched
2026-08-24 00:50:30,715 INFO ncaa_identity: contest_id=547996 teams 2118/2118 matched, players 5506/5966 matched
2026-08-24 00:50:33,204 INFO ncaa_identity: contest_id=548036 teams 2610/2610 matched, players 6416/7332 matched
2026-08-24 00:50:35,010 INFO ncaa_identity: contest_id=548061 teams 1844/3806 matched, players 5346/10764 matched
2026-08-24 00:50:39,176 INFO ncaa_identity: contest_id=548218 teams 2880/2880 matched, players 7895/8124 matched
2026-08-24 00:50:41,619 INFO ncaa_identity: contest_id=548263 teams 2628/2628 matched, players 7415/7432 matched
2026-08-24 00:50:44,518 INFO ncaa_identity: contest_id=548377 teams 1251/2570 matched, players 3590/7251 matched
2026-08-24 00:50:45,899 INFO ncaa_identity: contest_id=548394 teams 2426/2426 matched, players 6735/6896 matched
2026-08-24 00:50:47,157 INFO ncaa_identity: contest_id=548416 teams 2099/2099 matched, players 5500/5907 matched
2026-08-24 00:50:48,380 INFO ncaa_identity: contest_id=548440 teams 2698/2698 matched, players 6507/7654 matched
2026-08-24 00:50:53,824 INFO ncaa_identity: contest_id=548595 teams 2311/2311 matched, players 6103/6495 matched
2026-08-24 00:50:58,073 INFO ncaa_identity: contest_id=548714 teams 3415/3415 matched, players 9344/9654 matched
2026-08-24 00:50:59,280 INFO ncaa_identity: contest_id=548755 teams 1914/1914 matched, players 5054/5356 matched
2026-08-24 00:51:00,694 INFO ncaa_identity: contest_id=548779 teams 2689/2689 matched, players 6971/7585 matched
2026-08-24 00:51:02,278 INFO ncaa_identity: contest_id=548798 teams 2702/2702 matched, players 7413/7610 matched
2026-08-24 00:51:03,316 INFO ncaa_identity: contest_id=548822 teams 1846/1846 matched, players 4793/5223 matched
2026-08-24 00:51:04,605 INFO ncaa_identity: contest_id=548847 teams 2065/2065 matched, players 5346/5831 matched
2026-08-24 00:51:08,915 INFO ncaa_identity: contest_id=548959 teams 1253/2464 matched, players 3499/6960 matched
2026-08-24 00:51:10,281 INFO ncaa_identity: contest_id=549080 teams 2596/2596 matched, players 7184/7332 matched
2026-08-24 00:51:15,436 INFO ncaa_identity: contest_id=549128 teams 2614/2614 matched, players 6573/7340 matched
2026-08-24 00:51:16,519 INFO ncaa_identity: contest_id=549158 teams 2058/2058 matched, players 5743/5770 matched
2026-08-24 00:51:22,870 INFO ncaa_identity: contest_id=549364 teams 2297/2297 matched, players 5584/6455 matched
2026-08-24 00:51:28,679 INFO ncaa_identity: contest_id=549516 teams 2261/2261 matched, players 6129/6375 matched
2026-08-24 00:51:31,854 INFO ncaa_identity: contest_id=549552 teams 2704/2704 matched, players 6998/7604 matched
2026-08-24 00:51:33,235 INFO ncaa_identity: contest_id=549570 teams 2608/2608 matched, players 7168/7319 matched
2026-08-24 00:51:35,943 INFO ncaa_identity: contest_id=549640 teams 2127/2127 matched, players 5417/5960 matched
2026-08-24 00:51:39,902 INFO ncaa_identity: contest_id=549763 teams 2269/2269 matched, players 5764/6380 matched
2026-08-24 00:51:42,498 INFO ncaa_identity: contest_id=549815 teams 2325/2325 matched, players 6180/6553 matched
2026-08-24 00:51:43,969 INFO ncaa_identity: contest_id=549837 teams 2193/2193 matched, players 5673/6237 matched
2026-08-24 00:51:46,421 INFO ncaa_identity: contest_id=549882 teams 2083/2083 matched, players 5196/5864 matched
2026-08-24 00:51:47,800 INFO ncaa_identity: contest_id=549907 teams 2149/2149 matched, players 5469/6064 matched
2026-08-24 00:51:50,134 INFO ncaa_identity: contest_id=549958 teams 2242/2242 matched, players 5898/6328 matched
2026-08-24 00:51:54,134 INFO ncaa_identity: contest_id=550183 teams 2433/2433 matched, players 6371/6811 matched
2026-08-24 00:51:56,784 INFO ncaa_identity: contest_id=550208 teams 2410/2410 matched, players 6261/6796 matched
2026-08-24 00:51:59,157 INFO ncaa_identity: contest_id=550240 teams 2347/2347 matched, players 885/933 matched
2026-08-24 00:52:01,614 INFO ncaa_identity: contest_id=550280 teams 2166/2166 matched, players 5481/6124 matched
2026-08-24 00:52:03,779 INFO ncaa_identity: contest_id=550375 teams 2049/2049 matched, players 5433/5733 matched
2026-08-24 00:52:05,219 INFO ncaa_identity: contest_id=550409 teams 2468/2468 matched, players 5976/6941 matched
2026-08-24 00:52:06,279 INFO ncaa_identity: contest_id=550449 teams 2186/2186 matched, players 5419/6142 matched
2026-08-24 00:52:07,791 INFO ncaa_identity: contest_id=550472 teams 2838/2838 matched, players 7278/7980 matched
2026-08-24 00:52:11,766 INFO ncaa_identity: contest_id=550601 teams 2117/2117 matched, players 5820/5961 matched
2026-08-24 00:52:18,677 INFO ncaa_identity: contest_id=550751 teams 2362/2362 matched, players 6403/6636 matched
2026-08-24 00:52:20,255 INFO ncaa_identity: contest_id=550825 teams 2757/2757 matched, players 6833/7699 matched
2026-08-24 00:52:22,819 INFO ncaa_identity: contest_id=550884 teams 2316/2316 matched, players 6493/6542 matched
2026-08-24 00:52:26,734 INFO ncaa_identity: contest_id=550970 teams 1752/1752 matched, players 682/706 matched
2026-08-24 00:52:29,562 INFO ncaa_identity: contest_id=551019 teams 1862/1862 matched, players 4522/5235 matched
2026-08-24 00:52:30,732 INFO ncaa_identity: contest_id=551040 teams 1310/2562 matched, players 3209/7244 matched
2026-08-24 00:52:32,041 INFO ncaa_identity: contest_id=551060 teams 1989/1989 matched, players 5444/5599 matched
2026-08-24 00:52:34,343 INFO ncaa_identity: contest_id=551233 teams 2274/2274 matched, players 5963/6418 matched
2026-08-24 00:52:35,947 INFO ncaa_identity: contest_id=551265 teams 2636/2636 matched, players 7202/7421 matched
2026-08-24 00:52:38,471 INFO ncaa_identity: contest_id=551288 teams 2338/2338 matched, players 6132/6607 matched
2026-08-24 00:52:39,512 INFO ncaa_identity: contest_id=551301 teams 1878/1878 matched, players 4690/5305 matched
2026-08-24 00:52:50,152 INFO ncaa_identity: contest_id=551545 teams 1950/1950 matched, players 5291/5497 matched
2026-08-24 00:52:55,670 INFO ncaa_identity: contest_id=551681 teams 2161/2161 matched, players 4816/6107 matched
2026-08-24 00:53:03,630 INFO ncaa_identity: contest_id=551896 teams 2787/2787 matched, players 6363/7899 matched
2026-08-24 00:53:06,141 INFO ncaa_identity: contest_id=551956 teams 1813/1813 matched, players 4823/5068 matched
2026-08-24 00:53:07,367 INFO ncaa_identity: contest_id=551977 teams 1156/2272 matched, players 3253/6444 matched
2026-08-24 00:53:08,796 INFO ncaa_identity: contest_id=551996 teams 1711/1711 matched, players 618/641 matched
2026-08-24 00:53:11,865 INFO ncaa_identity: contest_id=552039 teams 2666/2666 matched, players 6662/7541 matched
2026-08-24 00:53:13,101 INFO ncaa_identity: contest_id=552063 teams 2356/2356 matched, players 6305/6637 matched
2026-08-24 00:53:15,840 INFO ncaa_identity: contest_id=552105 teams 3090/3090 matched, players 8205/8715 matched
2026-08-24 00:53:22,604 INFO ncaa_identity: contest_id=552362 teams 2618/2618 matched, players 7129/7329 matched
2026-08-24 00:53:25,254 INFO ncaa_identity: contest_id=552392 teams 2394/2394 matched, players 6530/6758 matched
2026-08-24 00:53:26,636 INFO ncaa_identity: contest_id=552412 teams 2582/2582 matched, players 6921/7291 matched
2026-08-24 00:53:37,720 INFO ncaa_identity: contest_id=552717 teams 1866/1866 matched, players 5046/5245 matched
2026-08-24 00:53:39,138 INFO ncaa_identity: contest_id=552733 teams 1188/2416 matched, players 3396/6798 matched
2026-08-24 00:53:41,949 INFO ncaa_identity: contest_id=552772 teams 2830/2830 matched, players 6887/8012 matched
2026-08-24 00:53:43,072 INFO ncaa_identity: contest_id=552870 teams 2406/2406 matched, players 6388/6788 matched
2026-08-24 00:53:44,267 INFO ncaa_identity: contest_id=552902 teams 2586/2586 matched, players 6820/7306 matched
2026-08-24 00:53:48,548 INFO ncaa_identity: contest_id=553013 teams 2447/2447 matched, players 6844/6919 matched
2026-08-24 00:53:49,777 INFO ncaa_identity: contest_id=553041 teams 2532/2532 matched, players 6519/7169 matched
2026-08-24 00:53:52,319 INFO ncaa_identity: contest_id=553098 teams 2048/2048 matched, players 4887/5735 matched
2026-08-24 00:53:58,818 INFO ncaa_identity: contest_id=553238 teams 2133/2133 matched, players 5624/6012 matched
2026-08-24 00:54:03,988 INFO ncaa_identity: contest_id=553438 teams 2126/2126 matched, players 5146/6014 matched
2026-08-24 00:54:05,451 INFO ncaa_identity: contest_id=553451 teams 2250/2250 matched, players 5886/6324 matched
2026-08-24 00:54:10,633 INFO ncaa_identity: contest_id=553599 teams 2334/2334 matched, players 6001/6593 matched
2026-08-24 00:54:13,295 INFO ncaa_identity: contest_id=553680 teams 2173/2173 matched, players 5597/6113 matched
2026-08-24 00:54:14,482 INFO ncaa_identity: contest_id=553700 teams 2374/2374 matched, players 6526/6711 matched
2026-08-24 00:54:17,316 INFO ncaa_identity: contest_id=553809 teams 2145/2145 matched, players 5664/6017 matched
2026-08-24 00:54:20,315 INFO ncaa_identity: contest_id=553834 teams 2252/2252 matched, players 5584/6305 matched
2026-08-24 00:54:21,683 INFO ncaa_identity: contest_id=553848 teams 2872/2872 matched, players 7330/8119 matched
2026-08-24 00:54:23,088 INFO ncaa_identity: contest_id=553902 teams 1176/2397 matched, players 2936/6765 matched
2026-08-24 00:54:27,465 INFO ncaa_identity: contest_id=554021 teams 2311/2311 matched, players 6224/6507 matched
2026-08-24 00:54:31,235 INFO ncaa_identity: contest_id=554095 teams 2827/2827 matched, players 7311/7987 matched
2026-08-24 00:54:36,464 INFO ncaa_identity: contest_id=554191 teams 2428/2428 matched, players 6872/6877 matched
2026-08-24 00:54:37,762 INFO ncaa_identity: contest_id=554210 teams 2730/2730 matched, players 6431/7706 matched
2026-08-24 00:54:39,138 INFO ncaa_identity: contest_id=554226 teams 2287/2287 matched, players 6353/6391 matched
2026-08-24 00:54:41,992 INFO ncaa_identity: contest_id=554421 teams 2511/2511 matched, players 6765/7063 matched
2026-08-24 00:54:43,096 INFO ncaa_identity: contest_id=554458 teams 1992/1992 matched, players 5075/5625 matched
2026-08-24 00:54:44,374 INFO ncaa_identity: contest_id=554469 teams 1363/2673 matched, players 3733/7545 matched
2026-08-24 00:54:51,911 INFO ncaa_identity: contest_id=554565 teams 2522/2522 matched, players 6773/7040 matched
2026-08-24 00:54:54,844 INFO ncaa_identity: contest_id=554687 teams 2487/2487 matched, players 6806/7036 matched
2026-08-24 00:54:57,895 INFO ncaa_identity: contest_id=554747 teams 2566/2566 matched, players 6954/7211 matched
2026-08-24 00:55:00,543 INFO ncaa_identity: contest_id=554879 teams 2423/2423 matched, players 6376/6840 matched
2026-08-24 00:55:01,820 INFO ncaa_identity: contest_id=554894 teams 2281/2281 matched, players 716/720 matched
2026-08-24 00:55:03,566 INFO ncaa_identity: contest_id=554917 teams 2474/2474 matched, players 5414/7001 matched
2026-08-24 00:55:10,943 INFO ncaa_identity: contest_id=555087 teams 2671/2671 matched, players 7487/7587 matched
2026-08-24 00:55:16,260 INFO ncaa_identity: contest_id=555189 teams 2271/2271 matched, players 5247/6376 matched
2026-08-24 00:55:17,611 INFO ncaa_identity: contest_id=555222 teams 2391/2391 matched, players 5332/6750 matched
2026-08-24 00:55:24,536 INFO ncaa_identity: contest_id=555327 teams 2295/2295 matched, players 6118/6499 matched
2026-08-24 00:55:26,097 INFO ncaa_identity: contest_id=555421 teams 1183/2313 matched, players 3283/6478 matched
2026-08-24 00:55:29,990 INFO ncaa_identity: contest_id=555546 teams 2380/2380 matched, players 6401/6758 matched
2026-08-24 00:55:32,817 INFO ncaa_identity: contest_id=555569 teams 2317/2317 matched, players 6266/6513 matched
2026-08-24 00:55:35,176 INFO ncaa_identity: contest_id=555608 teams 2456/2456 matched, players 6893/6950 matched
2026-08-24 00:55:36,540 INFO ncaa_identity: contest_id=555646 teams 2261/2261 matched, players 5840/6345 matched
2026-08-24 00:55:44,328 INFO ncaa_identity: contest_id=555850 teams 2514/2514 matched, players 6788/7058 matched
2026-08-24 00:55:47,734 INFO ncaa_identity: contest_id=555887 teams 2287/2287 matched, players 6304/6429 matched
2026-08-24 00:55:49,291 INFO ncaa_identity: contest_id=555899 teams 2326/2326 matched, players 6406/6568 matched
2026-08-24 00:55:52,027 INFO ncaa_identity: contest_id=555992 teams 2442/2442 matched, players 6582/6909 matched
2026-08-24 00:55:53,401 INFO ncaa_identity: contest_id=556004 teams 2362/2362 matched, players 6569/6643 matched
2026-08-24 00:55:54,553 INFO ncaa_identity: contest_id=556075 teams 2118/2118 matched, players 5478/5958 matched
2026-08-24 00:55:58,746 INFO ncaa_identity: contest_id=556116 teams 2018/2018 matched, players 5602/5691 matched
2026-08-24 00:56:05,564 INFO ncaa_identity: contest_id=556173 teams 2462/2462 matched, players 6674/6978 matched
2026-08-24 00:56:08,486 INFO ncaa_identity: contest_id=556196 teams 2643/2643 matched, players 6955/7472 matched
2026-08-24 00:56:09,617 INFO ncaa_identity: contest_id=556319 teams 2244/2244 matched, players 5873/6380 matched
2026-08-24 00:56:10,669 INFO ncaa_identity: contest_id=556342 teams 2175/2175 matched, players 5801/6151 matched
2026-08-24 00:56:12,059 INFO ncaa_identity: contest_id=556352 teams 2193/2193 matched, players 5875/6172 matched
2026-08-24 00:56:15,775 INFO ncaa_identity: contest_id=556383 teams 2383/2383 matched, players 6691/6693 matched
2026-08-24 00:56:16,928 INFO ncaa_identity: contest_id=556413 teams 1917/1917 matched, players 5023/5408 matched
2026-08-24 00:56:18,467 INFO ncaa_identity: contest_id=556423 teams 2244/2244 matched, players 5756/6325 matched
2026-08-24 00:56:21,547 INFO ncaa_identity: contest_id=556464 teams 2694/2694 matched, players 7309/7577 matched
2026-08-24 00:56:26,365 INFO ncaa_identity: contest_id=556540 teams 2476/2476 matched, players 6132/7052 matched
2026-08-24 00:56:29,297 INFO ncaa_identity: contest_id=556560 teams 2484/2484 matched, players 6964/6985 matched
2026-08-24 00:56:30,441 INFO ncaa_identity: contest_id=556570 teams 2406/2406 matched, players 5846/6767 matched
2026-08-24 00:56:39,269 INFO ncaa_identity: contest_id=556705 teams 2441/2441 matched, players 6163/6857 matched
2026-08-24 00:56:40,762 INFO ncaa_identity: contest_id=556720 teams 2419/2419 matched, players 6135/6813 matched
2026-08-24 00:56:48,965 INFO ncaa_identity: contest_id=556775 teams 1165/2280 matched, players 3258/6432 matched
2026-08-24 00:57:10,772 INFO ncaa_identity: contest_id=556873 teams 2224/2224 matched, players 5324/6250 matched
2026-08-24 00:57:15,462 INFO ncaa_identity: contest_id=556886 teams 2377/2377 matched, players 6160/6666 matched
2026-08-24 00:57:19,735 INFO ncaa_identity: contest_id=556902 teams 2422/2422 matched, players 6499/6833 matched
2026-08-24 00:57:24,755 INFO ncaa_identity: contest_id=556920 teams 1897/1897 matched, players 5145/5346 matched
2026-08-24 00:57:28,866 INFO ncaa_identity: contest_id=556931 teams 2160/2160 matched, players 6012/6081 matched
2026-08-24 00:57:33,039 INFO ncaa_identity: contest_id=556941 teams 3030/3030 matched, players 8559/8563 matched
2026-08-24 00:57:37,054 INFO ncaa_identity: contest_id=556951 teams 1431/2984 matched, players 3649/8386 matched
2026-08-24 00:57:53,227 INFO ncaa_identity: contest_id=556993 teams 2011/2011 matched, players 5434/5711 matched
2026-08-24 00:57:57,848 INFO ncaa_identity: contest_id=557003 teams 2376/2376 matched, players 6090/6700 matched
2026-08-24 00:58:03,124 INFO ncaa_identity: contest_id=557014 teams 3305/3305 matched, players 8336/9318 matched
2026-08-24 00:58:07,900 INFO ncaa_identity: contest_id=557039 teams 2809/2809 matched, players 7136/7926 matched
2026-08-24 00:58:13,383 INFO ncaa_identity: contest_id=557064 teams 3410/3410 matched, players 9559/9661 matched
2026-08-24 00:58:33,605 INFO ncaa_identity: contest_id=557170 teams 2317/2317 matched, players 6427/6562 matched
2026-08-24 00:58:38,264 INFO ncaa_identity: contest_id=557183 teams 1298/2619 matched, players 3687/7410 matched
2026-08-24 00:58:47,308 INFO ncaa_identity: contest_id=557206 teams 2441/2441 matched, players 6611/6869 matched
2026-08-24 00:58:59,013 INFO ncaa_identity: contest_id=557243 teams 2276/2276 matched, players 6033/6441 matched
2026-08-24 00:59:22,855 INFO ncaa_identity: contest_id=557310 teams 2638/2638 matched, players 7090/7457 matched
2026-08-24 00:59:42,244 INFO ncaa_identity: contest_id=385663 teams 2690/2690 matched, players 6019/7600 matched
2026-08-24 00:59:45,980 INFO ncaa_identity: contest_id=385673 teams 2611/2611 matched, players 7187/7383 matched
2026-08-24 00:59:50,380 INFO ncaa_identity: contest_id=385686 teams 1424/2873 matched, players 3992/8118 matched
2026-08-24 00:59:55,343 INFO ncaa_identity: contest_id=385697 teams 2827/2827 matched, players 7501/7976 matched
2026-08-24 01:00:00,337 INFO ncaa_identity: contest_id=385709 teams 2143/2143 matched, players 5755/5987 matched
2026-08-24 01:00:04,089 INFO ncaa_identity: contest_id=385719 teams 1451/2821 matched, players 4001/7965 matched
2026-08-24 01:00:09,663 INFO ncaa_identity: contest_id=385732 teams 3418/3418 matched, players 9211/9713 matched
2026-08-24 01:00:19,881 INFO ncaa_identity: contest_id=385752 teams 3106/3106 matched, players 7936/8819 matched
2026-08-24 01:00:24,865 INFO ncaa_identity: contest_id=385779 teams 2868/2868 matched, players 7709/8085 matched
2026-08-24 01:00:29,603 INFO ncaa_identity: contest_id=385812 teams 1298/2573 matched, players 3636/7241 matched
2026-08-24 01:00:36,289 INFO ncaa_identity: contest_id=385954 teams 2599/2599 matched, players 6850/7292 matched
2026-08-24 01:00:37,778 INFO ncaa_identity: contest_id=386052 teams 1434/2819 matched, players 3070/7964 matched
2026-08-24 01:00:42,436 INFO ncaa_identity: contest_id=386252 teams 2998/2998 matched, players 6758/8398 matched
2026-08-24 01:00:43,554 INFO ncaa_identity: contest_id=386266 teams 2098/2098 matched, players 5742/5926 matched
2026-08-24 01:00:46,487 INFO ncaa_identity: contest_id=386295 teams 2029/2029 matched, players 5279/5689 matched
2026-08-24 01:00:48,071 INFO ncaa_identity: contest_id=386307 teams 2671/2671 matched, players 7526/7561 matched
2026-08-24 01:00:49,346 INFO ncaa_identity: contest_id=386440 teams 2614/2614 matched, players 7175/7389 matched
2026-08-24 01:00:52,102 INFO ncaa_identity: contest_id=386471 teams 2630/2630 matched, players 7069/7401 matched
2026-08-24 01:00:53,815 INFO ncaa_identity: contest_id=386484 teams 2522/2522 matched, players 6609/7128 matched
2026-08-24 01:00:55,032 INFO ncaa_identity: contest_id=386505 teams 1091/2213 matched, players 2217/6231 matched
2026-08-24 01:00:57,908 INFO ncaa_identity: contest_id=386553 teams 2729/2729 matched, players 7122/7727 matched
2026-08-24 01:00:58,941 INFO ncaa_identity: contest_id=386567 teams 2293/2293 matched, players 6014/6478 matched
2026-08-24 01:01:04,070 INFO ncaa_identity: contest_id=386696 teams 2439/2439 matched, players 6803/6861 matched
2026-08-24 01:01:05,200 INFO ncaa_identity: contest_id=386715 teams 2496/2496 matched, players 6856/7021 matched
2026-08-24 01:01:08,056 INFO ncaa_identity: contest_id=386758 teams 1159/2324 matched, players 2967/6509 matched
2026-08-24 01:01:09,981 INFO ncaa_identity: contest_id=386850 teams 3057/3057 matched, players 7858/8567 matched
2026-08-24 01:01:13,142 INFO ncaa_identity: contest_id=386887 teams 3113/3113 matched, players 8707/8841 matched
2026-08-24 01:01:14,443 INFO ncaa_identity: contest_id=386899 teams 2465/2465 matched, players 5920/6967 matched
2026-08-24 01:01:16,341 INFO ncaa_identity: contest_id=386937 teams 1624/3153 matched, players 4240/8845 matched
2026-08-24 01:01:17,998 INFO ncaa_identity: contest_id=386965 teams 2879/2879 matched, players 7427/8152 matched
2026-08-24 01:01:19,821 INFO ncaa_identity: contest_id=386981 teams 2589/2589 matched, players 6911/7319 matched
2026-08-24 01:01:24,331 INFO ncaa_identity: contest_id=387058 teams 2881/2881 matched, players 7295/8066 matched
2026-08-24 01:01:25,549 INFO ncaa_identity: contest_id=387131 teams 2284/2284 matched, players 6082/6388 matched
2026-08-24 01:01:27,219 INFO ncaa_identity: contest_id=387168 teams 1161/2336 matched, players 3296/6569 matched
2026-08-24 01:01:28,612 INFO ncaa_identity: contest_id=387205 teams 2416/2416 matched, players 6822/6853 matched
2026-08-24 01:01:32,331 INFO ncaa_identity: contest_id=387335 teams 1129/2251 matched, players 3215/6359 matched
2026-08-24 01:01:37,764 INFO ncaa_identity: contest_id=387507 teams 2186/2186 matched, players 4479/6141 matched
2026-08-24 01:01:38,952 INFO ncaa_identity: contest_id=387522 teams 2371/2371 matched, players 6357/6649 matched
2026-08-24 01:01:40,227 INFO ncaa_identity: contest_id=387534 teams 2136/2136 matched, players 5414/5989 matched
2026-08-24 01:01:46,360 INFO ncaa_identity: contest_id=387625 teams 1335/2627 matched, players 3730/7409 matched
2026-08-24 01:01:48,031 INFO ncaa_identity: contest_id=387662 teams 2862/2862 matched, players 7147/8085 matched
2026-08-24 01:01:49,489 INFO ncaa_identity: contest_id=387701 teams 2704/2704 matched, players 7353/7660 matched
2026-08-24 01:01:54,034 INFO ncaa_identity: contest_id=387769 teams 3364/3364 matched, players 9057/9579 matched
2026-08-24 01:01:55,789 INFO ncaa_identity: contest_id=387812 teams 2840/2840 matched, players 7830/7991 matched
2026-08-24 01:01:57,011 INFO ncaa_identity: contest_id=387903 teams 1176/2265 matched, players 3266/6416 matched
2026-08-24 01:01:57,148 INFO 5 starters not found for period 3; using estimate
2026-08-24 01:02:00,026 INFO ncaa_identity: contest_id=387962 teams 2237/2237 matched, players 5798/6235 matched
2026-08-24 01:02:01,670 INFO ncaa_identity: contest_id=387973 teams 2541/2541 matched, players 6824/7172 matched
2026-08-24 01:02:03,138 INFO ncaa_identity: contest_id=387998 teams 2107/2107 matched, players 798/805 matched
2026-08-24 01:02:04,669 INFO ncaa_identity: contest_id=388015 teams 2318/2318 matched, players 5727/6519 matched
2026-08-24 01:02:05,890 INFO ncaa_identity: contest_id=388027 teams 2039/2039 matched, players 4814/5717 matched
2026-08-24 01:02:07,424 INFO ncaa_identity: contest_id=388038 teams 2582/2582 matched, players 6368/7278 matched
2026-08-24 01:02:14,979 INFO ncaa_identity: contest_id=388125 teams 2515/2515 matched, players 6685/7110 matched
2026-08-24 01:02:19,480 INFO ncaa_identity: contest_id=388172 teams 2636/2636 matched, players 7360/7413 matched
2026-08-24 01:02:22,487 INFO ncaa_identity: contest_id=388215 teams 2443/2443 matched, players 6414/6855 matched
2026-08-24 01:02:25,208 INFO ncaa_identity: contest_id=388305 teams 1254/2497 matched, players 3527/7016 matched
2026-08-24 01:02:26,545 INFO ncaa_identity: contest_id=388327 teams 2641/2641 matched, players 7166/7447 matched
2026-08-24 01:02:27,796 INFO ncaa_identity: contest_id=388348 teams 2450/2450 matched, players 6779/6927 matched
2026-08-24 01:02:29,220 INFO ncaa_identity: contest_id=388364 teams 2530/2530 matched, players 6403/7155 matched
2026-08-24 01:02:30,252 INFO ncaa_identity: contest_id=388381 teams 861/1775 matched, players 238/457 matched
2026-08-24 01:02:36,028 INFO ncaa_identity: contest_id=388460 teams 2269/2269 matched, players 6421/6439 matched
2026-08-24 01:02:37,405 INFO ncaa_identity: contest_id=388478 teams 2305/2305 matched, players 5866/6480 matched
2026-08-24 01:02:40,147 INFO ncaa_identity: contest_id=388530 teams 1958/1958 matched, players 5048/5488 matched
2026-08-24 01:02:44,947 INFO ncaa_identity: contest_id=388630 teams 2882/2882 matched, players 7532/8141 matched
2026-08-24 01:02:49,828 INFO ncaa_identity: contest_id=388692 teams 1243/2463 matched, players 3050/6897 matched
2026-08-24 01:02:51,404 INFO ncaa_identity: contest_id=388728 teams 1354/2546 matched, players 3406/7209 matched
2026-08-24 01:02:54,240 INFO ncaa_identity: contest_id=388777 teams 2407/2407 matched, players 6334/6789 matched
2026-08-24 01:02:59,134 INFO ncaa_identity: contest_id=388843 teams 2300/2300 matched, players 6181/6511 matched
2026-08-24 01:03:02,280 INFO ncaa_identity: contest_id=388925 teams 1377/2653 matched, players 3395/7492 matched
2026-08-24 01:03:03,671 INFO ncaa_identity: contest_id=388977 teams 2351/2351 matched, players 6564/6612 matched
2026-08-24 01:03:05,691 INFO ncaa_identity: contest_id=388999 teams 2697/2697 matched, players 6328/7594 matched
2026-08-24 01:03:07,153 INFO ncaa_identity: contest_id=389019 teams 2552/2552 matched, players 6989/7223 matched
2026-08-24 01:03:08,640 INFO ncaa_identity: contest_id=389104 teams 2646/2646 matched, players 7377/7466 matched
2026-08-24 01:03:10,337 INFO ncaa_identity: contest_id=389119 teams 2195/2195 matched, players 5604/6133 matched
2026-08-24 01:03:14,951 INFO ncaa_identity: contest_id=389217 teams 2230/2230 matched, players 5455/6325 matched
2026-08-24 01:03:18,398 INFO ncaa_identity: contest_id=389290 teams 2080/2080 matched, players 4873/5844 matched
2026-08-24 01:03:19,900 INFO ncaa_identity: contest_id=389310 teams 2465/2465 matched, players 6707/6925 matched
2026-08-24 01:03:21,550 INFO ncaa_identity: contest_id=389340 teams 2658/2658 matched, players 6826/7510 matched
2026-08-24 01:03:24,378 INFO ncaa_identity: contest_id=389488 teams 1152/2202 matched, players 3121/6165 matched
2026-08-24 01:03:25,374 INFO ncaa_identity: contest_id=389560 teams 2139/2139 matched, players 5815/6024 matched
2026-08-24 01:03:26,697 INFO ncaa_identity: contest_id=389583 teams 2695/2695 matched, players 7044/7626 matched
2026-08-24 01:03:30,865 INFO ncaa_identity: contest_id=389615 teams 2266/2266 matched, players 5730/6313 matched
2026-08-24 01:03:31,915 INFO ncaa_identity: contest_id=389626 teams 1895/1895 matched, players 5004/5327 matched
2026-08-24 01:03:33,092 INFO ncaa_identity: contest_id=389648 teams 1089/2197 matched, players 2527/6163 matched
2026-08-24 01:03:37,529 INFO ncaa_identity: contest_id=389734 teams 2013/2013 matched, players 583/662 matched
2026-08-24 01:03:39,317 INFO ncaa_identity: contest_id=389777 teams 2443/2443 matched, players 5851/6878 matched
2026-08-24 01:03:40,582 INFO ncaa_identity: contest_id=389789 teams 2574/2574 matched, players 6865/7295 matched
2026-08-24 01:03:52,427 INFO ncaa_identity: contest_id=390033 teams 2199/2199 matched, players 4937/6192 matched
2026-08-24 01:03:54,847 INFO ncaa_identity: contest_id=390161 teams 1296/2442 matched, players 3549/6898 matched
2026-08-24 01:04:06,874 INFO ncaa_identity: contest_id=390325 teams 2221/2221 matched, players 5807/6323 matched
2026-08-24 01:04:10,220 INFO ncaa_identity: contest_id=390385 teams 1426/2822 matched, players 4079/7999 matched
2026-08-24 01:04:11,772 INFO ncaa_identity: contest_id=390404 teams 2564/2564 matched, players 6841/7169 matched
2026-08-24 01:04:14,863 INFO ncaa_identity: contest_id=390462 teams 1380/2716 matched, players 3839/7674 matched
2026-08-24 01:04:16,378 INFO ncaa_identity: contest_id=390498 teams 2582/2582 matched, players 6861/7297 matched
2026-08-24 01:04:18,262 INFO ncaa_identity: contest_id=390519 teams 2290/2290 matched, players 5719/6403 matched
2026-08-24 01:04:20,874 INFO ncaa_identity: contest_id=390583 teams 2262/2262 matched, players 6357/6388 matched
2026-08-24 01:04:25,603 INFO ncaa_identity: contest_id=390641 teams 1101/2194 matched, players 2594/6169 matched
2026-08-24 01:04:28,043 INFO ncaa_identity: contest_id=390709 teams 2517/2517 matched, players 6221/7049 matched
2026-08-24 01:04:30,933 INFO ncaa_identity: contest_id=390743 teams 2351/2351 matched, players 6141/6670 matched
2026-08-24 01:04:32,273 INFO ncaa_identity: contest_id=390783 teams 2244/2244 matched, players 6221/6276 matched
2026-08-24 01:04:37,866 INFO ncaa_identity: contest_id=390874 teams 2581/2581 matched, players 6964/7293 matched
2026-08-24 01:04:39,312 INFO ncaa_identity: contest_id=390890 teams 1918/1918 matched, players 733/735 matched
2026-08-24 01:04:42,447 INFO ncaa_identity: contest_id=390985 teams 2376/2376 matched, players 6434/6645 matched
2026-08-24 01:04:46,316 INFO ncaa_identity: contest_id=391056 teams 2427/2427 matched, players 6495/6848 matched
2026-08-24 01:04:47,956 INFO ncaa_identity: contest_id=391067 teams 2335/2335 matched, players 5916/6561 matched
2026-08-24 01:04:49,174 INFO ncaa_identity: contest_id=391082 teams 2106/2106 matched, players 5869/5903 matched
2026-08-24 01:04:50,866 INFO ncaa_identity: contest_id=391094 teams 2672/2672 matched, players 7397/7550 matched
2026-08-24 01:04:52,119 INFO ncaa_identity: contest_id=391105 teams 2424/2424 matched, players 6429/6879 matched
2026-08-24 01:04:55,330 INFO ncaa_identity: contest_id=391137 teams 1387/2791 matched, players 3868/7912 matched
2026-08-24 01:04:58,205 INFO ncaa_identity: contest_id=391161 teams 2543/2543 matched, players 7164/7201 matched
2026-08-24 01:05:00,797 INFO ncaa_identity: contest_id=391188 teams 2233/2233 matched, players 6026/6272 matched
2026-08-24 01:05:03,902 INFO ncaa_identity: contest_id=391216 teams 3006/3006 matched, players 7588/8505 matched
2026-08-24 01:05:05,159 INFO ncaa_identity: contest_id=391226 teams 3060/3060 matched, players 7849/8698 matched
2026-08-24 01:05:07,743 INFO ncaa_identity: contest_id=391246 teams 2052/2052 matched, players 785/792 matched
2026-08-24 01:05:10,366 INFO ncaa_identity: contest_id=391286 teams 2248/2248 matched, players 5119/6353 matched
2026-08-24 01:05:12,548 INFO ncaa_identity: contest_id=391306 teams 2292/2292 matched, players 5714/6464 matched
2026-08-24 01:05:14,118 INFO ncaa_identity: contest_id=391318 teams 1465/2973 matched, players 4175/8464 matched
2026-08-24 01:05:15,280 INFO ncaa_identity: contest_id=391330 teams 2405/2405 matched, players 6687/6773 matched
2026-08-24 01:05:16,842 INFO ncaa_identity: contest_id=391356 teams 2415/2415 matched, players 6328/6820 matched
2026-08-24 01:05:17,982 INFO ncaa_identity: contest_id=391404 teams 1300/2544 matched, players 3696/7204 matched
2026-08-24 01:05:22,594 INFO ncaa_identity: contest_id=391445 teams 1239/2449 matched, players 3517/6949 matched
2026-08-24 01:05:31,260 INFO ncaa_identity: contest_id=391605 teams 1231/2485 matched, players 3513/7045 matched
2026-08-24 01:05:32,594 INFO ncaa_identity: contest_id=391652 teams 2593/2593 matched, players 6860/7369 matched
2026-08-24 01:05:43,974 INFO ncaa_identity: contest_id=391859 teams 2504/2504 matched, players 5802/7069 matched
2026-08-24 01:05:45,704 INFO ncaa_identity: contest_id=391890 teams 2527/2527 matched, players 6769/7155 matched
2026-08-24 01:05:48,432 INFO ncaa_identity: contest_id=391937 teams 2785/2785 matched, players 7748/7901 matched
2026-08-24 01:05:49,444 INFO ncaa_identity: contest_id=391955 teams 2481/2481 matched, players 6466/6972 matched
2026-08-24 01:05:50,733 INFO ncaa_identity: contest_id=391984 teams 2523/2523 matched, players 7009/7110 matched
2026-08-24 01:05:51,764 INFO ncaa_identity: contest_id=392126 teams 1208/2337 matched, players 3007/6638 matched
2026-08-24 01:05:52,983 INFO ncaa_identity: contest_id=392154 teams 2483/2483 matched, players 6995/7025 matched
2026-08-24 01:05:58,505 INFO ncaa_identity: contest_id=392219 teams 2534/2534 matched, players 6773/7116 matched
2026-08-24 01:06:02,216 INFO ncaa_identity: contest_id=392292 teams 1082/2189 matched, players 3033/6125 matched
2026-08-24 01:06:05,720 INFO ncaa_identity: contest_id=392390 teams 2080/2080 matched, players 5536/5866 matched
2026-08-24 01:06:07,211 INFO ncaa_identity: contest_id=392443 teams 2446/2446 matched, players 6003/6899 matched
2026-08-24 01:06:18,996 INFO ncaa_identity: contest_id=392726 teams 2611/2611 matched, players 7052/7412 matched
2026-08-24 01:06:20,328 INFO ncaa_identity: contest_id=392742 teams 2048/2048 matched, players 5353/5750 matched
2026-08-24 01:06:24,350 INFO ncaa_identity: contest_id=392878 teams 2675/2675 matched, players 6955/7544 matched
2026-08-24 01:06:27,180 INFO ncaa_identity: contest_id=392970 teams 2504/2504 matched, players 5853/7075 matched
2026-08-24 01:06:28,453 INFO ncaa_identity: contest_id=393002 teams 2599/2599 matched, players 6841/7327 matched
2026-08-24 01:06:32,184 INFO ncaa_identity: contest_id=393070 teams 1030/2004 matched, players 2848/5602 matched
2026-08-24 01:06:36,889 INFO ncaa_identity: contest_id=393138 teams 2561/2561 matched, players 6640/7231 matched
2026-08-24 01:06:41,200 INFO ncaa_identity: contest_id=393361 teams 2025/2025 matched, players 5695/5711 matched
2026-08-24 01:06:42,415 INFO ncaa_identity: contest_id=393372 teams 2059/2059 matched, players 5157/5797 matched
2026-08-24 01:06:44,126 INFO ncaa_identity: contest_id=393382 teams 2696/2696 matched, players 7489/7592 matched
2026-08-24 01:06:45,414 INFO ncaa_identity: contest_id=393393 teams 2334/2334 matched, players 6192/6563 matched
2026-08-24 01:06:48,376 INFO ncaa_identity: contest_id=393437 teams 2172/2172 matched, players 5066/6101 matched
2026-08-24 01:06:49,680 INFO ncaa_identity: contest_id=393456 teams 2463/2463 matched, players 5436/6961 matched
2026-08-24 01:06:52,380 INFO ncaa_identity: contest_id=393588 teams 2703/2703 matched, players 7266/7684 matched
2026-08-24 01:06:53,823 INFO ncaa_identity: contest_id=393626 teams 2364/2364 matched, players 6253/6662 matched
2026-08-24 01:06:56,182 INFO ncaa_identity: contest_id=393679 teams 2202/2202 matched, players 5732/6202 matched
2026-08-24 01:06:57,557 INFO ncaa_identity: contest_id=393772 teams 1078/2097 matched, players 2721/5910 matched
2026-08-24 01:07:00,952 INFO ncaa_identity: contest_id=393819 teams 1128/2247 matched, players 3222/6339 matched
2026-08-24 01:07:04,536 INFO ncaa_identity: contest_id=393873 teams 2355/2355 matched, players 6280/6655 matched
2026-08-24 01:07:06,304 INFO ncaa_identity: contest_id=393935 teams 2375/2375 matched, players 6005/6697 matched
2026-08-24 01:07:13,880 INFO ncaa_identity: contest_id=394107 teams 3225/3225 matched, players 8691/9070 matched
2026-08-24 01:07:16,312 INFO ncaa_identity: contest_id=394152 teams 2578/2578 matched, players 7242/7267 matched
2026-08-24 01:07:19,032 INFO ncaa_identity: contest_id=394208 teams 2556/2556 matched, players 7066/7232 matched
2026-08-24 01:07:24,754 INFO ncaa_identity: contest_id=394458 teams 2201/2201 matched, players 6000/6203 matched
2026-08-24 01:07:26,098 INFO ncaa_identity: contest_id=394470 teams 2441/2441 matched, players 6337/6846 matched
2026-08-24 01:07:27,769 INFO ncaa_identity: contest_id=394482 teams 2347/2347 matched, players 6336/6567 matched
2026-08-24 01:07:27,867 INFO 5 starters not found for period 3; using estimate
2026-08-24 01:07:29,072 INFO ncaa_identity: contest_id=394494 teams 2306/2306 matched, players 6048/6545 matched
2026-08-24 01:07:32,243 INFO ncaa_identity: contest_id=394529 teams 2372/2372 matched, players 6605/6661 matched
2026-08-24 01:07:36,145 INFO ncaa_identity: contest_id=394581 teams 2328/2328 matched, players 5940/6510 matched
2026-08-24 01:07:41,659 INFO ncaa_identity: contest_id=394779 teams 2290/2290 matched, players 5834/6430 matched
2026-08-24 01:07:44,101 INFO ncaa_identity: contest_id=394885 teams 2035/2035 matched, players 5722/5742 matched
2026-08-24 01:07:45,110 INFO ncaa_identity: contest_id=394899 teams 2186/2186 matched, players 5687/6186 matched
2026-08-24 01:07:46,306 INFO ncaa_identity: contest_id=394912 teams 2158/2158 matched, players 5412/6050 matched
2026-08-24 01:07:47,982 INFO ncaa_identity: contest_id=394925 teams 2675/2675 matched, players 6363/7572 matched
2026-08-24 01:07:50,852 INFO ncaa_identity: contest_id=394952 teams 2333/2333 matched, players 6574/6580 matched
2026-08-24 01:07:52,285 INFO ncaa_identity: contest_id=395029 teams 2330/2330 matched, players 6315/6587 matched
2026-08-24 01:07:55,421 INFO ncaa_identity: contest_id=395127 teams 3144/3144 matched, players 8089/8854 matched
2026-08-24 01:07:58,475 INFO ncaa_identity: contest_id=395182 teams 3002/3002 matched, players 7675/8480 matched
2026-08-24 01:07:59,743 INFO ncaa_identity: contest_id=395209 teams 2618/2618 matched, players 7326/7421 matched
2026-08-24 01:08:01,411 INFO ncaa_identity: contest_id=395228 teams 2572/2572 matched, players 5597/7207 matched
2026-08-24 01:08:05,869 INFO ncaa_identity: contest_id=395299 teams 2355/2355 matched, players 5719/6649 matched
2026-08-24 01:08:07,235 INFO ncaa_identity: contest_id=395324 teams 2614/2614 matched, players 6551/7411 matched
2026-08-24 01:08:08,933 INFO ncaa_identity: contest_id=395347 teams 2243/2243 matched, players 6194/6342 matched
2026-08-24 01:08:14,960 INFO ncaa_identity: contest_id=395569 teams 2096/2096 matched, players 5643/5893 matched
2026-08-24 01:08:21,393 INFO ncaa_identity: contest_id=395639 teams 2456/2456 matched, players 6607/6968 matched
2026-08-24 01:08:22,754 INFO ncaa_identity: contest_id=395660 teams 1192/2425 matched, players 3382/6835 matched
2026-08-24 01:08:24,310 INFO ncaa_identity: contest_id=395694 teams 1194/2338 matched, players 2949/6546 matched
2026-08-24 01:08:26,806 INFO ncaa_identity: contest_id=395756 teams 2009/2009 matched, players 5420/5650 matched
2026-08-24 01:08:30,846 INFO ncaa_identity: contest_id=395916 teams 2182/2182 matched, players 5921/6102 matched
2026-08-24 01:08:32,266 INFO ncaa_identity: contest_id=395932 teams 2298/2298 matched, players 5574/6451 matched
2026-08-24 01:08:34,354 INFO ncaa_identity: contest_id=395944 teams 2867/2867 matched, players 7715/8148 matched
2026-08-24 01:08:43,085 INFO ncaa_identity: contest_id=396177 teams 2474/2474 matched, players 6885/6951 matched
2026-08-24 01:08:47,698 INFO ncaa_identity: contest_id=396251 teams 2734/2734 matched, players 7330/7715 matched
2026-08-24 01:08:50,900 INFO ncaa_identity: contest_id=396304 teams 2687/2687 matched, players 7481/7523 matched
2026-08-24 01:08:57,267 INFO ncaa_identity: contest_id=396396 teams 2046/2046 matched, players 5554/5773 matched
2026-08-24 01:09:04,159 INFO ncaa_identity: contest_id=396643 teams 2345/2345 matched, players 6475/6587 matched
2026-08-24 01:09:10,108 INFO ncaa_identity: contest_id=396730 teams 2112/2112 matched, players 5437/5915 matched
2026-08-24 01:09:14,197 INFO ncaa_identity: contest_id=396917 teams 1975/1975 matched, players 5114/5554 matched
2026-08-24 01:09:15,601 INFO ncaa_identity: contest_id=396952 teams 1154/2262 matched, players 2619/6374 matched
2026-08-24 01:09:18,782 INFO ncaa_identity: contest_id=397032 teams 2279/2279 matched, players 6238/6410 matched
2026-08-24 01:09:20,821 INFO ncaa_identity: contest_id=397047 teams 1884/3729 matched, players 5307/10536 matched
2026-08-24 01:09:23,826 INFO ncaa_identity: contest_id=397079 teams 2343/2343 matched, players 6221/6565 matched
2026-08-24 01:09:30,002 INFO 5 starters not found for period 3; using estimate
2026-08-24 01:09:31,507 INFO ncaa_identity: contest_id=397275 teams 2233/2233 matched, players 5765/6296 matched
2026-08-24 01:09:32,902 INFO ncaa_identity: contest_id=397293 teams 2251/2251 matched, players 5744/6283 matched
2026-08-24 01:09:34,385 INFO ncaa_identity: contest_id=397320 teams 2243/2243 matched, players 5843/6320 matched
2026-08-24 01:09:37,277 INFO ncaa_identity: contest_id=397379 teams 2506/2506 matched, players 6447/7053 matched
2026-08-24 01:09:40,043 INFO ncaa_identity: contest_id=397430 teams 2539/2539 matched, players 6970/7153 matched
2026-08-24 01:09:43,149 INFO ncaa_identity: contest_id=397481 teams 3095/3095 matched, players 7878/8808 matched
2026-08-24 01:09:46,196 INFO ncaa_identity: contest_id=397639 teams 1202/2383 matched, players 3397/6704 matched
2026-08-24 01:09:50,793 INFO ncaa_identity: contest_id=397737 teams 2192/2192 matched, players 5714/6169 matched
2026-08-24 01:09:55,345 INFO ncaa_identity: contest_id=397787 teams 2654/2654 matched, players 6966/7535 matched
2026-08-24 01:09:58,355 INFO ncaa_identity: contest_id=397828 teams 1921/1921 matched, players 5347/5418 matched
2026-08-24 01:09:59,589 INFO ncaa_identity: contest_id=397879 teams 1083/2263 matched, players 2178/6350 matched
2026-08-24 01:10:04,495 INFO ncaa_identity: contest_id=397969 teams 2222/2222 matched, players 5989/6275 matched
2026-08-24 01:10:06,100 INFO ncaa_identity: contest_id=398018 teams 1131/2306 matched, players 3238/6520 matched
2026-08-24 01:10:09,532 INFO ncaa_identity: contest_id=398138 teams 2524/2524 matched, players 5954/7121 matched
2026-08-24 01:10:12,321 INFO ncaa_identity: contest_id=398163 teams 2629/2629 matched, players 6865/7449 matched
2026-08-24 01:10:16,992 INFO ncaa_identity: contest_id=398258 teams 2183/2183 matched, players 5929/6162 matched
2026-08-24 01:10:18,903 INFO ncaa_identity: contest_id=398290 teams 2472/2472 matched, players 6852/6957 matched
2026-08-24 01:10:20,557 INFO ncaa_identity: contest_id=398351 teams 2330/2330 matched, players 6180/6569 matched
2026-08-24 01:10:23,698 INFO ncaa_identity: contest_id=398410 teams 1201/2460 matched, players 3303/6944 matched
2026-08-24 01:10:24,977 INFO ncaa_identity: contest_id=398436 teams 2180/2180 matched, players 5620/6146 matched
2026-08-24 01:10:26,688 INFO ncaa_identity: contest_id=398471 teams 2711/2711 matched, players 6761/7682 matched
2026-08-24 01:10:28,363 INFO ncaa_identity: contest_id=398488 teams 2143/2143 matched, players 5593/6024 matched
2026-08-24 01:10:29,716 INFO ncaa_identity: contest_id=398502 teams 2581/2581 matched, players 6977/7268 matched
2026-08-24 01:10:31,081 INFO ncaa_identity: contest_id=398542 teams 1274/2412 matched, players 3512/6828 matched
2026-08-24 01:10:33,935 INFO ncaa_identity: contest_id=398571 teams 2275/2275 matched, players 5533/6410 matched
2026-08-24 01:10:37,347 INFO ncaa_identity: contest_id=398783 teams 2444/2444 matched, players 6671/6858 matched
2026-08-24 01:10:40,022 INFO ncaa_identity: contest_id=398819 teams 2127/2127 matched, players 5567/5946 matched
2026-08-24 01:10:43,001 INFO ncaa_identity: contest_id=398841 teams 2426/2426 matched, players 6080/6848 matched
2026-08-24 01:10:44,957 INFO ncaa_identity: contest_id=398875 teams 1150/2327 matched, players 3170/6523 matched
2026-08-24 01:10:48,140 INFO ncaa_identity: contest_id=398923 teams 2309/2309 matched, players 6020/6479 matched
2026-08-24 01:10:49,576 INFO ncaa_identity: contest_id=398956 teams 2535/2535 matched, players 6751/7168 matched
2026-08-24 01:10:50,910 INFO ncaa_identity: contest_id=399021 teams 2235/2235 matched, players 5430/6232 matched
2026-08-24 01:10:52,789 INFO ncaa_identity: contest_id=399052 teams 2199/2199 matched, players 5607/6116 matched
2026-08-24 01:10:57,511 INFO ncaa_identity: contest_id=399204 teams 2218/2218 matched, players 5131/6280 matched
2026-08-24 01:10:58,818 INFO ncaa_identity: contest_id=399217 teams 1782/1782 matched, players 4561/5021 matched
2026-08-24 01:11:00,297 INFO ncaa_identity: contest_id=399237 teams 2356/2356 matched, players 5850/6696 matched
2026-08-24 01:11:03,083 INFO ncaa_identity: contest_id=399267 teams 2080/2080 matched, players 5664/5824 matched
2026-08-24 01:11:08,577 INFO ncaa_identity: contest_id=399429 teams 2602/2602 matched, players 6623/7361 matched
2026-08-24 01:11:14,512 INFO ncaa_identity: contest_id=399525 teams 2309/2309 matched, players 6050/6491 matched
2026-08-24 01:11:18,266 INFO ncaa_identity: contest_id=399592 teams 1742/1742 matched, players 630/636 matched
2026-08-24 01:11:19,847 INFO ncaa_identity: contest_id=399618 teams 2400/2400 matched, players 5917/6710 matched
2026-08-24 01:11:21,056 INFO ncaa_identity: contest_id=399630 teams 2463/2463 matched, players 6527/6984 matched
2026-08-24 01:11:22,509 INFO ncaa_identity: contest_id=399698 teams 2226/2226 matched, players 5617/6258 matched
2026-08-24 01:11:26,456 INFO ncaa_identity: contest_id=399864 teams 2495/2495 matched, players 6976/7050 matched
2026-08-24 01:11:30,098 INFO ncaa_identity: contest_id=399892 teams 2678/2678 matched, players 7187/7561 matched
2026-08-24 01:11:31,331 INFO ncaa_identity: contest_id=399924 teams 2185/2185 matched, players 5013/6125 matched
2026-08-24 01:11:34,194 INFO ncaa_identity: contest_id=399947 teams 1168/2363 matched, players 3273/6647 matched
2026-08-24 01:11:38,548 INFO ncaa_identity: contest_id=400085 teams 2737/2737 matched, players 7708/7734 matched
2026-08-24 01:11:41,546 INFO ncaa_identity: contest_id=400112 teams 2164/2164 matched, players 5881/6093 matched
2026-08-24 01:11:44,350 INFO ncaa_identity: contest_id=400193 teams 2438/2438 matched, players 6779/6895 matched
2026-08-24 01:11:48,245 INFO ncaa_identity: contest_id=400234 teams 2296/2296 matched, players 6230/6519 matched
2026-08-24 01:11:51,444 INFO ncaa_identity: contest_id=400261 teams 2196/2196 matched, players 5769/6234 matched
2026-08-24 01:11:57,757 INFO ncaa_identity: contest_id=400438 teams 1713/1713 matched, players 3818/4839 matched
2026-08-24 01:11:59,042 INFO ncaa_identity: contest_id=400450 teams 1811/1811 matched, players 5030/5108 matched
2026-08-24 01:12:00,331 INFO ncaa_identity: contest_id=400463 teams 2538/2538 matched, players 6136/7127 matched
2026-08-24 01:12:03,633 INFO ncaa_identity: contest_id=400484 teams 3112/3112 matched, players 7316/8800 matched
2026-08-24 01:12:06,552 INFO ncaa_identity: contest_id=400504 teams 2480/2480 matched, players 6525/6960 matched
2026-08-24 01:12:08,063 INFO ncaa_identity: contest_id=400519 teams 2197/2197 matched, players 6127/6140 matched
2026-08-24 01:12:11,228 INFO ncaa_identity: contest_id=400666 teams 2401/2401 matched, players 6584/6830 matched
2026-08-24 01:12:12,578 INFO ncaa_identity: contest_id=400677 teams 2449/2449 matched, players 6451/6894 matched
2026-08-24 01:12:15,555 INFO ncaa_identity: contest_id=400697 teams 2070/2070 matched, players 5304/5811 matched
2026-08-24 01:12:16,952 INFO ncaa_identity: contest_id=400707 teams 2988/2988 matched, players 8225/8413 matched
2026-08-24 01:12:18,849 INFO ncaa_identity: contest_id=400717 teams 1132/2283 matched, players 3274/6416 matched
2026-08-24 01:12:19,915 INFO ncaa_identity: contest_id=400750 teams 2205/2205 matched, players 6115/6201 matched
2026-08-24 01:12:23,200 INFO ncaa_identity: contest_id=400778 teams 2404/2404 matched, players 6484/6727 matched
2026-08-24 01:12:24,581 INFO ncaa_identity: contest_id=400809 teams 2609/2609 matched, players 7233/7399 matched
2026-08-24 01:12:25,704 INFO ncaa_identity: contest_id=400827 teams 2153/2153 matched, players 5547/6048 matched
2026-08-24 01:12:33,087 INFO ncaa_identity: contest_id=400898 teams 2218/2218 matched, players 6149/6245 matched
2026-08-24 01:12:34,469 INFO ncaa_identity: contest_id=400928 teams 1917/1917 matched, players 5098/5400 matched
2026-08-24 01:12:35,685 INFO ncaa_identity: contest_id=400938 teams 2277/2277 matched, players 6099/6449 matched
2026-08-24 01:12:43,900 INFO ncaa_identity: contest_id=401037 teams 2015/2015 matched, players 5428/5636 matched
2026-08-24 01:12:46,739 INFO ncaa_identity: contest_id=401068 teams 2631/2631 matched, players 6156/7435 matched
2026-08-24 01:12:49,653 INFO ncaa_identity: contest_id=401091 teams 1148/2260 matched, players 3267/6408 matched
2026-08-24 01:12:51,154 INFO ncaa_identity: contest_id=401101 teams 1070/2088 matched, players 2958/5858 matched
2026-08-24 01:12:54,238 INFO ncaa_identity: contest_id=401122 teams 2589/2589 matched, players 6618/7315 matched
2026-08-24 01:12:58,247 INFO ncaa_identity: contest_id=401205 teams 2259/2259 matched, players 5910/6329 matched
2026-08-24 01:12:59,302 INFO ncaa_identity: contest_id=401219 teams 2427/2427 matched, players 6507/6875 matched
2026-08-24 01:13:00,820 INFO ncaa_identity: contest_id=401241 teams 2447/2447 matched, players 6484/6894 matched
2026-08-24 01:13:02,140 INFO ncaa_identity: contest_id=401253 teams 1153/2381 matched, players 3350/6660 matched
2026-08-24 01:13:03,754 INFO ncaa_identity: contest_id=401263 teams 2692/2692 matched, players 7556/7615 matched
2026-08-24 01:13:06,224 INFO ncaa_identity: contest_id=401283 teams 2295/2295 matched, players 5983/6468 matched
2026-08-24 01:13:07,947 INFO ncaa_identity: contest_id=401293 teams 2791/2791 matched, players 5634/7886 matched
2026-08-24 01:13:09,091 INFO ncaa_identity: contest_id=401303 teams 2277/2277 matched, players 5852/6433 matched
2026-08-24 01:13:10,944 INFO ncaa_identity: contest_id=401313 teams 3280/3280 matched, players 9232/9393 matched
2026-08-24 01:13:13,535 INFO ncaa_identity: contest_id=401337 teams 2355/2355 matched, players 6307/6648 matched
2026-08-24 01:13:16,238 INFO ncaa_identity: contest_id=401398 teams 1052/2056 matched, players 2963/5753 matched
2026-08-24 01:13:17,919 INFO ncaa_identity: contest_id=401411 teams 2583/2583 matched, players 6938/7253 matched
2026-08-24 01:13:19,276 INFO ncaa_identity: contest_id=401444 teams 2331/2331 matched, players 6535/6568 matched
2026-08-24 01:13:20,425 INFO ncaa_identity: contest_id=401456 teams 1855/1855 matched, players 4450/5209 matched
2026-08-24 01:13:23,579 INFO ncaa_identity: contest_id=401488 teams 2461/2461 matched, players 6844/6983 matched
2026-08-24 01:13:28,255 INFO ncaa_identity: contest_id=401521 teams 2210/2210 matched, players 5474/6218 matched
2026-08-24 01:13:29,426 INFO ncaa_identity: contest_id=401534 teams 2329/2329 matched, players 5979/6619 matched
2026-08-24 01:13:43,937 INFO ncaa_identity: contest_id=459382 teams 2181/2181 matched, players 5070/6169 matched
2026-08-24 01:13:46,358 INFO ncaa_identity: contest_id=459395 teams 1329/2667 matched, players 3354/7473 matched
2026-08-24 01:13:48,020 INFO ncaa_identity: contest_id=459407 teams 2618/2618 matched, players 7163/7398 matched
2026-08-24 01:13:55,961 INFO ncaa_identity: contest_id=459489 teams 2400/2400 matched, players 6640/6737 matched
2026-08-24 01:13:59,688 INFO ncaa_identity: contest_id=459529 teams 1423/2747 matched, players 3907/7710 matched
2026-08-24 01:14:01,459 INFO ncaa_identity: contest_id=459550 teams 1554/3051 matched, players 4115/8549 matched
2026-08-24 01:14:03,399 INFO ncaa_identity: contest_id=459568 teams 2192/2192 matched, players 5636/6156 matched
2026-08-24 01:14:04,964 INFO ncaa_identity: contest_id=459589 teams 3001/3001 matched, players 8271/8463 matched
2026-08-24 01:14:06,895 INFO ncaa_identity: contest_id=459606 teams 1339/2635 matched, players 3715/7404 matched
2026-08-24 01:14:10,266 INFO ncaa_identity: contest_id=459745 teams 1419/2903 matched, players 2822/7912 matched
2026-08-24 01:14:11,811 INFO ncaa_identity: contest_id=459784 teams 1331/2682 matched, players 3761/7564 matched
2026-08-24 01:14:13,319 INFO ncaa_identity: contest_id=459873 teams 2113/2113 matched, players 5755/5982 matched
2026-08-24 01:14:16,379 INFO ncaa_identity: contest_id=459978 teams 2120/2120 matched, players 5481/5992 matched
2026-08-24 01:14:17,980 INFO ncaa_identity: contest_id=459993 teams 1131/2267 matched, players 3169/6363 matched
2026-08-24 01:14:19,925 INFO ncaa_identity: contest_id=460006 teams 2415/2415 matched, players 6271/6816 matched
2026-08-24 01:14:21,292 INFO ncaa_identity: contest_id=460024 teams 2633/2633 matched, players 7152/7462 matched
2026-08-24 01:14:23,181 INFO ncaa_identity: contest_id=460039 teams 1449/2875 matched, players 3713/8040 matched
2026-08-24 01:14:24,740 INFO ncaa_identity: contest_id=460062 teams 1289/2527 matched, players 3591/7156 matched
2026-08-24 01:14:26,538 INFO ncaa_identity: contest_id=460092 teams 1293/2592 matched, players 3661/7266 matched
2026-08-24 01:14:31,117 INFO ncaa_identity: contest_id=460168 teams 2627/2627 matched, players 7087/7389 matched
2026-08-24 01:14:32,977 INFO ncaa_identity: contest_id=460180 teams 1159/2272 matched, players 3272/6423 matched
2026-08-24 01:14:37,214 INFO ncaa_identity: contest_id=460252 teams 2686/2686 matched, players 7395/7534 matched
2026-08-24 01:14:38,978 INFO ncaa_identity: contest_id=460288 teams 2872/2872 matched, players 7407/8139 matched
2026-08-24 01:14:40,178 INFO ncaa_identity: contest_id=460354 teams 1171/2364 matched, players 3309/6666 matched
2026-08-24 01:14:41,987 INFO ncaa_identity: contest_id=460380 teams 2260/2260 matched, players 5742/6345 matched
2026-08-24 01:14:46,051 INFO ncaa_identity: contest_id=460463 teams 2114/2114 matched, players 5553/5979 matched
2026-08-24 01:14:47,734 INFO ncaa_identity: contest_id=460511 teams 2257/2257 matched, players 6174/6354 matched
2026-08-24 01:14:49,083 INFO ncaa_identity: contest_id=460528 teams 1186/2306 matched, players 3263/6452 matched
2026-08-24 01:14:52,273 INFO ncaa_identity: contest_id=460567 teams 1401/2697 matched, players 3876/7625 matched
2026-08-24 01:14:54,005 INFO ncaa_identity: contest_id=460583 teams 2272/2272 matched, players 6303/6378 matched
2026-08-24 01:14:55,619 INFO ncaa_identity: contest_id=460601 teams 2781/2781 matched, players 7425/7883 matched
2026-08-24 01:15:00,685 INFO ncaa_identity: contest_id=460701 teams 2258/2258 matched, players 6108/6410 matched
2026-08-24 01:15:02,581 INFO ncaa_identity: contest_id=460738 teams 2302/2302 matched, players 6076/6494 matched
2026-08-24 01:15:15,715 INFO ncaa_identity: contest_id=461191 teams 3706/3706 matched, players 9821/10486 matched
2026-08-24 01:15:18,795 INFO ncaa_identity: contest_id=461220 teams 2048/2048 matched, players 5321/5717 matched
2026-08-24 01:15:20,712 INFO ncaa_identity: contest_id=461234 teams 2600/2600 matched, players 7242/7329 matched
2026-08-24 01:15:23,714 INFO ncaa_identity: contest_id=461277 teams 2037/2037 matched, players 4436/5698 matched
2026-08-24 01:15:25,546 INFO ncaa_identity: contest_id=461324 teams 2538/2538 matched, players 6666/7124 matched
2026-08-24 01:15:27,736 INFO ncaa_identity: contest_id=461338 teams 1777/3508 matched, players 5047/9925 matched
2026-08-24 01:15:31,514 INFO ncaa_identity: contest_id=461373 teams 2193/2193 matched, players 6020/6167 matched
2026-08-24 01:15:32,926 INFO ncaa_identity: contest_id=461395 teams 2322/2322 matched, players 5987/6563 matched
2026-08-24 01:15:35,898 INFO ncaa_identity: contest_id=461452 teams 0/2405 matched, players 0/6742 matched
2026-08-24 01:15:37,712 INFO ncaa_identity: contest_id=461486 teams 1138/2378 matched, players 3332/6700 matched
2026-08-24 01:15:39,290 INFO ncaa_identity: contest_id=461533 teams 1291/2586 matched, players 3712/7295 matched
2026-08-24 01:15:40,961 INFO ncaa_identity: contest_id=461578 teams 2226/2226 matched, players 5782/6259 matched
2026-08-24 01:15:42,687 INFO ncaa_identity: contest_id=461654 teams 2756/2756 matched, players 7493/7790 matched
2026-08-24 01:15:44,435 INFO ncaa_identity: contest_id=461691 teams 2780/2780 matched, players 7666/7811 matched
2026-08-24 01:15:46,043 INFO ncaa_identity: contest_id=461711 teams 2627/2627 matched, players 6935/7450 matched
2026-08-24 01:15:47,446 INFO ncaa_identity: contest_id=461733 teams 1841/1841 matched, players 5121/5127 matched
2026-08-24 01:15:49,035 INFO ncaa_identity: contest_id=461746 teams 2300/2300 matched, players 6375/6440 matched
2026-08-24 01:15:50,602 INFO ncaa_identity: contest_id=461760 teams 1993/1993 matched, players 4870/5641 matched
2026-08-24 01:15:52,417 INFO ncaa_identity: contest_id=461772 teams 3240/3240 matched, players 8795/9236 matched
2026-08-24 01:15:58,272 INFO ncaa_identity: contest_id=461846 teams 1369/2630 matched, players 3720/7437 matched
2026-08-24 01:16:01,742 INFO ncaa_identity: contest_id=461871 teams 2759/2759 matched, players 7397/7804 matched
2026-08-24 01:16:03,161 INFO ncaa_identity: contest_id=461887 teams 2624/2624 matched, players 7005/7418 matched
2026-08-24 01:16:06,275 INFO ncaa_identity: contest_id=461929 teams 1137/2232 matched, players 3166/6276 matched
2026-08-24 01:16:12,349 INFO ncaa_identity: contest_id=462064 teams 2362/2362 matched, players 6141/6653 matched
2026-08-24 01:16:13,696 INFO ncaa_identity: contest_id=462078 teams 2236/2236 matched, players 5938/6257 matched
2026-08-24 01:16:18,781 INFO ncaa_identity: contest_id=462124 teams 1391/2759 matched, players 3492/7753 matched
2026-08-24 01:16:20,566 INFO ncaa_identity: contest_id=462140 teams 1249/2523 matched, players 3604/7169 matched
2026-08-24 01:16:28,126 INFO ncaa_identity: contest_id=462264 teams 2964/2964 matched, players 8141/8339 matched
2026-08-24 01:16:30,096 INFO ncaa_identity: contest_id=462285 teams 2459/2459 matched, players 6419/6955 matched
2026-08-24 01:16:34,791 INFO ncaa_identity: contest_id=462385 teams 1272/2495 matched, players 3351/7034 matched
2026-08-24 01:16:39,082 INFO ncaa_identity: contest_id=462473 teams 2217/2217 matched, players 5717/6168 matched
2026-08-24 01:16:43,678 INFO ncaa_identity: contest_id=462562 teams 2493/2493 matched, players 6529/6997 matched
2026-08-24 01:16:46,484 INFO ncaa_identity: contest_id=462616 teams 2027/2027 matched, players 5450/5685 matched
2026-08-24 01:16:47,921 INFO ncaa_identity: contest_id=462635 teams 2521/2521 matched, players 6720/7140 matched
2026-08-24 01:16:49,553 INFO ncaa_identity: contest_id=462695 teams 2145/2145 matched, players 6000/6045 matched
2026-08-24 01:16:53,208 INFO ncaa_identity: contest_id=462749 teams 2103/2103 matched, players 5033/5947 matched
2026-08-24 01:16:57,922 INFO ncaa_identity: contest_id=462857 teams 2124/2124 matched, players 5477/5982 matched
2026-08-24 01:16:59,506 INFO ncaa_identity: contest_id=462886 teams 2070/2070 matched, players 4606/5811 matched
2026-08-24 01:17:00,956 INFO ncaa_identity: contest_id=462923 teams 1856/1856 matched, players 4992/5207 matched
2026-08-24 01:17:04,038 INFO ncaa_identity: contest_id=462993 teams 2271/2271 matched, players 6135/6419 matched
2026-08-24 01:17:05,661 INFO ncaa_identity: contest_id=463017 teams 2533/2533 matched, players 6590/7178 matched
2026-08-24 01:17:06,795 INFO ncaa_identity: contest_id=463038 teams 1026/2108 matched, players 2953/5955 matched
2026-08-24 01:17:09,942 INFO ncaa_identity: contest_id=463139 teams 985/1957 matched, players 2777/5524 matched
2026-08-24 01:17:11,790 INFO ncaa_identity: contest_id=463195 teams 2387/2387 matched, players 6385/6704 matched
2026-08-24 01:17:13,316 INFO ncaa_identity: contest_id=463288 teams 2155/2155 matched, players 5572/6071 matched
2026-08-24 01:17:15,312 INFO ncaa_identity: contest_id=463334 teams 2708/2708 matched, players 6702/7650 matched
2026-08-24 01:17:16,730 INFO ncaa_identity: contest_id=463371 teams 1727/1727 matched, players 595/603 matched
2026-08-24 01:17:19,077 INFO ncaa_identity: contest_id=463382 teams 4142/4142 matched, players 11205/11934 matched
2026-08-24 01:17:20,382 INFO ncaa_identity: contest_id=463393 teams 2187/2187 matched, players 5771/6148 matched
2026-08-24 01:17:22,274 INFO ncaa_identity: contest_id=463404 teams 2200/2200 matched, players 6135/6219 matched
2026-08-24 01:17:33,286 INFO ncaa_identity: contest_id=463551 teams 2339/2339 matched, players 6480/6517 matched
2026-08-24 01:17:38,568 INFO ncaa_identity: contest_id=463647 teams 2223/2223 matched, players 5839/6288 matched
2026-08-24 01:17:40,254 INFO ncaa_identity: contest_id=463685 teams 2586/2586 matched, players 6553/7287 matched
2026-08-24 01:17:43,422 INFO ncaa_identity: contest_id=463773 teams 2393/2393 matched, players 6608/6674 matched
2026-08-24 01:17:45,112 INFO ncaa_identity: contest_id=463837 teams 1398/2859 matched, players 3997/8112 matched
2026-08-24 01:17:46,862 INFO ncaa_identity: contest_id=463870 teams 2202/2202 matched, players 5817/6176 matched
2026-08-24 01:17:51,243 INFO ncaa_identity: contest_id=463979 teams 2309/2309 matched, players 6300/6531 matched
2026-08-24 01:17:52,743 INFO ncaa_identity: contest_id=464043 teams 2396/2396 matched, players 6427/6757 matched
2026-08-24 01:17:54,143 INFO ncaa_identity: contest_id=464084 teams 2236/2236 matched, players 5701/6255 matched
2026-08-24 01:18:04,159 INFO ncaa_identity: contest_id=464203 teams 2342/2342 matched, players 6212/6616 matched
2026-08-24 01:18:09,501 INFO ncaa_identity: contest_id=464264 teams 1770/3390 matched, players 4507/9562 matched
2026-08-24 01:18:15,282 INFO ncaa_identity: contest_id=464355 teams 2447/2447 matched, players 6759/6888 matched
2026-08-24 01:18:18,807 INFO ncaa_identity: contest_id=464401 teams 2244/2244 matched, players 6119/6321 matched
2026-08-24 01:18:23,976 INFO ncaa_identity: contest_id=464498 teams 2575/2575 matched, players 6724/7264 matched
2026-08-24 01:18:30,091 INFO ncaa_identity: contest_id=464614 teams 2330/2330 matched, players 6456/6596 matched
2026-08-24 01:18:31,780 INFO ncaa_identity: contest_id=464635 teams 2216/2216 matched, players 5369/6255 matched
2026-08-24 01:18:37,316 INFO ncaa_identity: contest_id=464727 teams 2337/2337 matched, players 6027/6526 matched
2026-08-24 01:18:40,812 INFO ncaa_identity: contest_id=464825 teams 2697/2697 matched, players 7204/7626 matched
2026-08-24 01:18:42,280 INFO ncaa_identity: contest_id=464849 teams 2335/2335 matched, players 6068/6648 matched
2026-08-24 01:18:46,928 INFO ncaa_identity: contest_id=464903 teams 2366/2366 matched, players 6646/6667 matched
2026-08-24 01:18:48,841 INFO ncaa_identity: contest_id=464919 teams 1904/3916 matched, players 5542/11162 matched
2026-08-24 01:18:50,675 INFO ncaa_identity: contest_id=464936 teams 2466/2466 matched, players 6467/6956 matched
2026-08-24 01:18:55,125 INFO ncaa_identity: contest_id=464986 teams 2106/2106 matched, players 5407/5909 matched
2026-08-24 01:18:56,751 INFO ncaa_identity: contest_id=464996 teams 2333/2333 matched, players 6083/6506 matched
2026-08-24 01:18:59,507 INFO ncaa_identity: contest_id=465018 teams 2259/2259 matched, players 6021/6300 matched
2026-08-24 01:19:01,115 INFO ncaa_identity: contest_id=465030 teams 2940/2940 matched, players 8052/8324 matched
2026-08-24 01:19:04,365 INFO ncaa_identity: contest_id=465060 teams 2569/2569 matched, players 6863/7201 matched
2026-08-24 01:19:12,733 INFO ncaa_identity: contest_id=465118 teams 2066/2066 matched, players 5849/5862 matched
2026-08-24 01:19:20,347 INFO ncaa_identity: contest_id=465196 teams 2017/2017 matched, players 5317/5680 matched
2026-08-24 01:19:23,554 INFO ncaa_identity: contest_id=465230 teams 2900/2900 matched, players 7946/8185 matched
2026-08-24 01:19:25,554 INFO ncaa_identity: contest_id=465253 teams 2525/2525 matched, players 6050/7115 matched
2026-08-24 01:19:27,148 INFO ncaa_identity: contest_id=465300 teams 2436/2436 matched, players 6436/6840 matched
2026-08-24 01:19:29,082 INFO ncaa_identity: contest_id=465325 teams 2309/2309 matched, players 6276/6526 matched
2026-08-24 01:19:30,399 INFO ncaa_identity: contest_id=465348 teams 991/2017 matched, players 2826/5655 matched
2026-08-24 01:19:33,856 INFO ncaa_identity: contest_id=465379 teams 1133/2229 matched, players 3210/6281 matched
2026-08-24 01:19:35,746 INFO ncaa_identity: contest_id=465395 teams 1354/2638 matched, players 3742/7429 matched
2026-08-24 01:19:37,152 INFO ncaa_identity: contest_id=465431 teams 2272/2272 matched, players 6400/6412 matched
2026-08-24 01:19:45,244 INFO ncaa_identity: contest_id=465586 teams 2930/2930 matched, players 7912/8272 matched
2026-08-24 01:19:46,956 INFO ncaa_identity: contest_id=465610 teams 2334/2334 matched, players 6192/6548 matched
2026-08-24 01:19:59,228 INFO ncaa_identity: contest_id=465843 teams 2365/2365 matched, players 4995/6649 matched
2026-08-24 01:20:08,581 INFO ncaa_identity: contest_id=465999 teams 2404/2404 matched, players 6389/6808 matched
2026-08-24 01:20:10,380 INFO ncaa_identity: contest_id=466038 teams 1216/2437 matched, players 3365/6868 matched
2026-08-24 01:20:13,041 INFO ncaa_identity: contest_id=466078 teams 1166/2328 matched, players 3034/6533 matched
2026-08-24 01:20:15,277 INFO ncaa_identity: contest_id=466107 teams 2312/2312 matched, players 5583/6522 matched
2026-08-24 01:20:16,655 INFO ncaa_identity: contest_id=466155 teams 2150/2150 matched, players 5231/6029 matched
2026-08-24 01:20:18,900 INFO ncaa_identity: contest_id=466235 teams 3292/3292 matched, players 9329/9413 matched
2026-08-24 01:20:20,702 INFO ncaa_identity: contest_id=466287 teams 2586/2586 matched, players 6800/7309 matched
2026-08-24 01:20:27,245 INFO ncaa_identity: contest_id=466439 teams 2273/2273 matched, players 6180/6426 matched
2026-08-24 01:20:35,093 INFO ncaa_identity: contest_id=466549 teams 2427/2427 matched, players 6691/6884 matched
2026-08-24 01:20:36,652 INFO ncaa_identity: contest_id=466596 teams 2337/2337 matched, players 5799/6564 matched
2026-08-24 01:20:38,399 INFO ncaa_identity: contest_id=466626 teams 2350/2350 matched, players 6385/6660 matched
2026-08-24 01:20:39,853 INFO ncaa_identity: contest_id=466646 teams 2337/2337 matched, players 6446/6555 matched
2026-08-24 01:20:41,646 INFO ncaa_identity: contest_id=466699 teams 1260/2517 matched, players 2507/7079 matched
2026-08-24 01:20:43,157 INFO ncaa_identity: contest_id=466728 teams 2152/2152 matched, players 5897/6073 matched
2026-08-24 01:20:47,463 INFO ncaa_identity: contest_id=466816 teams 1820/1820 matched, players 4241/5140 matched
2026-08-24 01:20:49,013 INFO ncaa_identity: contest_id=466860 teams 2278/2278 matched, players 6182/6439 matched
2026-08-24 01:20:50,678 INFO ncaa_identity: contest_id=466920 teams 2362/2362 matched, players 6325/6659 matched
2026-08-24 01:20:52,267 INFO ncaa_identity: contest_id=466965 teams 2454/2454 matched, players 6660/6889 matched
2026-08-24 01:20:55,442 INFO ncaa_identity: contest_id=467084 teams 2192/2192 matched, players 5574/6148 matched
2026-08-24 01:20:59,853 INFO ncaa_identity: contest_id=467158 teams 2003/2003 matched, players 5579/5626 matched
2026-08-24 01:21:01,525 INFO ncaa_identity: contest_id=467171 teams 2387/2387 matched, players 5865/6733 matched
2026-08-24 01:21:04,944 INFO ncaa_identity: contest_id=467199 teams 2498/2498 matched, players 6933/6987 matched
2026-08-24 01:21:08,279 INFO ncaa_identity: contest_id=467236 teams 2025/2025 matched, players 5041/5731 matched
2026-08-24 01:21:19,268 INFO ncaa_identity: contest_id=467571 teams 2225/2225 matched, players 6220/6300 matched
2026-08-24 01:21:21,025 INFO ncaa_identity: contest_id=467588 teams 2630/2630 matched, players 6861/7465 matched
2026-08-24 01:21:24,220 INFO ncaa_identity: contest_id=467635 teams 2532/2532 matched, players 6940/7201 matched
2026-08-24 01:21:25,952 INFO ncaa_identity: contest_id=467675 teams 2868/2868 matched, players 6392/8167 matched
2026-08-24 01:21:31,265 INFO ncaa_identity: contest_id=467763 teams 2193/2193 matched, players 5852/6165 matched
2026-08-24 01:21:32,657 INFO ncaa_identity: contest_id=467818 teams 2435/2435 matched, players 6716/6858 matched
2026-08-24 01:21:35,089 INFO ncaa_identity: contest_id=467843 teams 2532/2532 matched, players 5855/7111 matched
2026-08-24 01:21:38,276 INFO ncaa_identity: contest_id=467893 teams 1081/2159 matched, players 3034/6099 matched
2026-08-24 01:21:44,130 INFO ncaa_identity: contest_id=468014 teams 2645/2645 matched, players 6935/7489 matched
2026-08-24 01:21:49,043 INFO ncaa_identity: contest_id=468155 teams 2649/2649 matched, players 7395/7441 matched
2026-08-24 01:21:57,133 INFO ncaa_identity: contest_id=468293 teams 2337/2337 matched, players 6392/6574 matched
2026-08-24 01:22:00,299 INFO ncaa_identity: contest_id=468321 teams 2362/2362 matched, players 6258/6631 matched
2026-08-24 01:22:02,997 INFO ncaa_identity: contest_id=468367 teams 2281/2281 matched, players 5323/6417 matched
2026-08-24 01:22:04,578 INFO ncaa_identity: contest_id=468406 teams 2155/2155 matched, players 5554/6052 matched
2026-08-24 01:22:11,078 INFO ncaa_identity: contest_id=468580 teams 2385/2385 matched, players 6286/6714 matched
2026-08-24 01:22:12,384 INFO ncaa_identity: contest_id=468656 teams 2658/2658 matched, players 6723/7577 matched
2026-08-24 01:22:14,346 INFO ncaa_identity: contest_id=468695 teams 2765/2765 matched, players 7340/7814 matched
2026-08-24 01:22:15,896 INFO ncaa_identity: contest_id=468713 teams 2228/2228 matched, players 6062/6308 matched
2026-08-24 01:22:20,937 INFO ncaa_identity: contest_id=468772 teams 2521/2521 matched, players 7044/7120 matched
2026-08-24 01:22:22,599 INFO ncaa_identity: contest_id=468808 teams 2721/2721 matched, players 6937/7725 matched
2026-08-24 01:22:24,660 INFO ncaa_identity: contest_id=468848 teams 2275/2275 matched, players 6010/6426 matched
2026-08-24 01:22:32,787 INFO ncaa_identity: contest_id=469051 teams 2725/2725 matched, players 7164/7635 matched
2026-08-24 01:22:34,239 INFO ncaa_identity: contest_id=469089 teams 2230/2230 matched, players 6034/6252 matched
2026-08-24 01:22:37,433 INFO ncaa_identity: contest_id=469150 teams 3414/3414 matched, players 9306/9600 matched
2026-08-24 01:22:38,768 INFO ncaa_identity: contest_id=469190 teams 1940/1940 matched, players 679/792 matched
2026-08-24 01:22:40,376 INFO ncaa_identity: contest_id=469231 teams 2523/2523 matched, players 5999/7062 matched
2026-08-24 01:22:42,289 INFO ncaa_identity: contest_id=469264 teams 2381/2381 matched, players 6605/6746 matched
2026-08-24 01:22:43,663 INFO ncaa_identity: contest_id=469284 teams 2376/2376 matched, players 6499/6694 matched
2026-08-24 01:22:45,519 INFO ncaa_identity: contest_id=469294 teams 1959/1959 matched, players 5114/5513 matched
2026-08-24 01:22:48,812 INFO ncaa_identity: contest_id=469327 teams 2283/2283 matched, players 6329/6416 matched
2026-08-24 01:22:56,569 INFO ncaa_identity: contest_id=469495 teams 2196/2196 matched, players 6041/6190 matched
2026-08-24 01:22:57,871 INFO ncaa_identity: contest_id=469529 teams 1332/2564 matched, players 3647/7216 matched
2026-08-24 01:23:06,870 INFO ncaa_identity: contest_id=469739 teams 3149/3149 matched, players 8307/8911 matched
2026-08-24 01:23:20,974 INFO ncaa_identity: contest_id=469978 teams 1830/1830 matched, players 4921/5119 matched
2026-08-24 01:23:22,428 INFO ncaa_identity: contest_id=470000 teams 1310/2542 matched, players 3627/7136 matched
2026-08-24 01:23:24,727 INFO ncaa_identity: contest_id=470028 teams 2113/2113 matched, players 5798/5883 matched
2026-08-24 01:23:26,505 INFO ncaa_identity: contest_id=470045 teams 3312/3312 matched, players 9310/9466 matched
2026-08-24 01:23:29,765 INFO ncaa_identity: contest_id=470116 teams 2747/2747 matched, players 7413/7765 matched
2026-08-24 01:23:34,858 INFO ncaa_identity: contest_id=470264 teams 2399/2399 matched, players 6367/6732 matched
2026-08-24 01:23:36,970 INFO ncaa_identity: contest_id=470335 teams 1533/3177 matched, players 3354/8952 matched
2026-08-24 01:23:43,577 INFO ncaa_identity: contest_id=470437 teams 915/1843 matched, players 2584/5153 matched
2026-08-24 01:23:45,442 INFO ncaa_identity: contest_id=470456 teams 2228/2228 matched, players 6208/6227 matched
2026-08-24 01:23:46,683 INFO ncaa_identity: contest_id=470477 teams 1651/1651 matched, players 3805/4669 matched
2026-08-24 01:23:49,121 INFO ncaa_identity: contest_id=470502 teams 2287/2287 matched, players 6212/6457 matched
2026-08-24 01:23:50,698 INFO ncaa_identity: contest_id=470543 teams 2075/2075 matched, players 5392/5843 matched
2026-08-24 01:23:59,459 INFO ncaa_identity: contest_id=470797 teams 2614/2614 matched, players 7072/7348 matched
2026-08-24 01:24:00,979 INFO ncaa_identity: contest_id=470838 teams 2706/2706 matched, players 7055/7599 matched
2026-08-24 01:24:05,188 INFO ncaa_identity: contest_id=470903 teams 2561/2561 matched, players 7132/7266 matched
2026-08-24 01:24:14,061 INFO ncaa_identity: contest_id=471093 teams 1919/1919 matched, players 4023/5415 matched
2026-08-24 01:24:15,649 INFO ncaa_identity: contest_id=471123 teams 2104/2104 matched, players 5649/5908 matched
2026-08-24 01:24:19,369 INFO ncaa_identity: contest_id=471173 teams 2596/2596 matched, players 6228/7260 matched
2026-08-24 01:24:22,705 INFO ncaa_identity: contest_id=471274 teams 2045/2045 matched, players 5297/5766 matched
2026-08-24 01:24:24,326 INFO ncaa_identity: contest_id=471305 teams 2490/2490 matched, players 6813/7065 matched
2026-08-24 01:24:26,061 INFO ncaa_identity: contest_id=471329 teams 2875/2875 matched, players 7506/8158 matched
2026-08-24 01:24:29,033 INFO ncaa_identity: contest_id=471437 teams 2362/2362 matched, players 6339/6695 matched
2026-08-24 01:24:30,525 INFO ncaa_identity: contest_id=471483 teams 2866/2866 matched, players 7629/8190 matched
2026-08-24 01:24:33,751 INFO ncaa_identity: contest_id=471551 teams 2245/2245 matched, players 5683/6322 matched
2026-08-24 01:24:37,318 INFO ncaa_identity: contest_id=471578 teams 2535/2535 matched, players 6562/7198 matched
2026-08-24 01:24:42,395 INFO ncaa_identity: contest_id=471628 teams 2342/2342 matched, players 6129/6659 matched
2026-08-24 01:24:44,018 INFO ncaa_identity: contest_id=471647 teams 1161/2249 matched, players 2788/6349 matched
2026-08-24 01:24:50,701 INFO ncaa_identity: contest_id=471845 teams 2502/2502 matched, players 6523/7065 matched
2026-08-24 01:24:52,242 INFO ncaa_identity: contest_id=471897 teams 2041/2041 matched, players 5569/5748 matched
2026-08-24 01:24:55,425 INFO ncaa_identity: contest_id=471958 teams 2366/2366 matched, players 6330/6639 matched
2026-08-24 01:24:56,908 INFO ncaa_identity: contest_id=471977 teams 1054/2150 matched, players 3004/6069 matched
2026-08-24 01:25:04,249 INFO ncaa_identity: contest_id=472113 teams 2569/2569 matched, players 6680/7218 matched
2026-08-24 01:25:05,471 INFO ncaa_identity: contest_id=472159 teams 1854/1854 matched, players 609/659 matched
2026-08-24 01:25:10,024 INFO ncaa_identity: contest_id=472269 teams 2491/2491 matched, players 6417/7021 matched
2026-08-24 01:25:17,210 INFO ncaa_identity: contest_id=472326 teams 2506/2506 matched, players 5974/7044 matched
2026-08-24 01:25:20,686 INFO ncaa_identity: contest_id=472375 teams 2531/2531 matched, players 7079/7208 matched
2026-08-24 01:25:35,517 INFO ncaa_identity: contest_id=472503 teams 2312/2312 matched, players 6088/6485 matched
2026-08-24 01:25:39,557 INFO ncaa_identity: contest_id=472569 teams 2433/2433 matched, players 6446/6869 matched
2026-08-24 01:25:43,965 INFO ncaa_identity: contest_id=472633 teams 2911/2911 matched, players 8107/8305 matched
2026-08-24 01:25:44,266 INFO 5 starters not found for period 4; using estimate
2026-08-24 01:25:57,291 INFO ncaa_identity: contest_id=472671 teams 2183/2183 matched, players 5940/6175 matched
2026-08-24 01:26:09,667 INFO ncaa_identity: contest_id=472720 teams 2150/2150 matched, players 5436/6039 matched
2026-08-24 01:26:14,984 INFO ncaa_identity: contest_id=472739 teams 2799/2799 matched, players 6769/7905 matched
2026-08-24 01:26:18,736 INFO ncaa_identity: contest_id=472773 teams 2335/2335 matched, players 6333/6584 matched
2026-08-24 01:26:34,993 INFO ncaa_identity: contest_id=472969 teams 2394/2394 matched, players 6226/6774 matched
2026-08-24 01:26:44,159 INFO ncaa_identity: contest_id=473055 teams 2374/2374 matched, players 6236/6699 matched
2026-08-24 01:27:09,866 INFO ncaa_identity: contest_id=473208 teams 2544/2544 matched, players 6563/7177 matched
2026-08-24 01:27:14,940 INFO ncaa_identity: contest_id=473236 teams 2314/2314 matched, players 5946/6532 matched
2026-08-24 01:27:19,933 INFO ncaa_identity: contest_id=473281 teams 3046/3046 matched, players 8420/8600 matched
2026-08-24 01:27:23,817 INFO ncaa_identity: contest_id=473305 teams 1889/1889 matched, players 4985/5297 matched
2026-08-24 01:27:32,548 INFO ncaa_identity: contest_id=473352 teams 2592/2592 matched, players 6867/7271 matched
2026-08-24 01:27:54,303 INFO ncaa_identity: contest_id=473589 teams 2458/2458 matched, players 6785/6930 matched
2026-08-24 01:27:59,515 INFO ncaa_identity: contest_id=473643 teams 2496/2496 matched, players 6513/7031 matched
2026-08-24 01:28:07,387 INFO ncaa_identity: contest_id=473715 teams 2289/2289 matched, players 6039/6409 matched
2026-08-24 01:28:11,726 INFO ncaa_identity: contest_id=473726 teams 2901/2901 matched, players 7669/8251 matched
2026-08-24 01:28:20,896 INFO ncaa_identity: contest_id=473754 teams 2253/2253 matched, players 5835/6360 matched
2026-08-24 01:28:30,374 INFO ncaa_identity: contest_id=473790 teams 2037/2037 matched, players 5193/5697 matched
2026-08-24 01:28:35,014 INFO ncaa_identity: contest_id=473806 teams 2257/2257 matched, players 787/856 matched
2026-08-24 01:29:05,165 INFO ncaa_identity: contest_id=473978 teams 2218/2218 matched, players 5935/6248 matched
2026-08-24 01:29:10,221 INFO ncaa_identity: contest_id=474048 teams 2642/2642 matched, players 6986/7479 matched
2026-08-24 01:29:13,800 INFO ncaa_identity: contest_id=474067 teams 1170/2400 matched, players 3377/6753 matched
2026-08-24 01:29:16,018 INFO ncaa_identity: contest_id=474079 teams 1106/2232 matched, players 2646/6350 matched
2026-08-24 01:29:18,007 INFO ncaa_identity: contest_id=474103 teams 2512/2512 matched, players 5213/7124 matched
2026-08-24 01:29:20,864 INFO ncaa_identity: contest_id=474140 teams 2454/2454 matched, players 6399/6915 matched
2026-08-24 01:29:23,709 INFO ncaa_identity: contest_id=474214 teams 2543/2543 matched, players 6845/7187 matched
2026-08-24 01:29:24,900 INFO ncaa_identity: contest_id=474283 teams 2195/2195 matched, players 4891/6226 matched
2026-08-24 01:29:26,570 INFO ncaa_identity: contest_id=474297 teams 2758/2758 matched, players 7266/7762 matched
2026-08-24 01:29:29,376 INFO ncaa_identity: contest_id=474319 teams 2301/2301 matched, players 6107/6499 matched
2026-08-24 01:29:35,113 INFO ncaa_identity: contest_id=474379 teams 2293/2293 matched, players 5819/6444 matched
2026-08-24 01:29:40,123 INFO ncaa_identity: contest_id=474427 teams 2677/2677 matched, players 7528/7537 matched
2026-08-24 01:29:44,487 INFO ncaa_identity: contest_id=474544 teams 1996/1996 matched, players 5581/5626 matched
2026-08-24 01:29:45,725 INFO ncaa_identity: contest_id=474554 teams 2171/2171 matched, players 6091/6141 matched
2026-08-24 01:29:47,230 INFO ncaa_identity: contest_id=474565 teams 2654/2654 matched, players 6965/7573 matched
2026-08-24 01:29:48,268 INFO ncaa_identity: contest_id=474575 teams 2023/2023 matched, players 5503/5724 matched
2026-08-24 01:29:55,456 INFO ncaa_identity: contest_id=474687 teams 2502/2502 matched, players 6564/7097 matched
2026-08-24 01:29:57,136 INFO ncaa_identity: contest_id=474697 teams 2563/2563 matched, players 7189/7191 matched
2026-08-24 01:29:58,807 INFO ncaa_identity: contest_id=474718 teams 2376/2376 matched, players 6374/6692 matched
2026-08-24 01:30:00,239 INFO ncaa_identity: contest_id=474736 teams 2306/2306 matched, players 6034/6541 matched
2026-08-24 01:30:03,217 INFO ncaa_identity: contest_id=474756 teams 2127/2127 matched, players 5641/6022 matched
2026-08-24 01:30:05,034 INFO ncaa_identity: contest_id=474766 teams 2546/2546 matched, players 931/999 matched
2026-08-24 01:30:06,384 INFO ncaa_identity: contest_id=474778 teams 2613/2613 matched, players 7087/7437 matched
2026-08-24 01:30:08,026 INFO ncaa_identity: contest_id=474804 teams 2507/2507 matched, players 6602/7093 matched
2026-08-24 01:30:12,446 INFO ncaa_identity: contest_id=474847 teams 2674/2674 matched, players 7150/7600 matched
2026-08-24 01:30:14,035 INFO ncaa_identity: contest_id=474875 teams 2411/2411 matched, players 6474/6810 matched
2026-08-24 01:30:16,919 INFO ncaa_identity: contest_id=474921 teams 2602/2602 matched, players 7174/7422 matched
2026-08-24 01:30:25,814 INFO ncaa_identity: contest_id=474992 teams 2500/2500 matched, players 6589/7075 matched
2026-08-24 01:30:29,551 INFO ncaa_identity: contest_id=475070 teams 2296/2296 matched, players 6147/6495 matched
2026-08-24 01:30:31,150 INFO ncaa_identity: contest_id=475092 teams 2647/2647 matched, players 7254/7501 matched
2026-08-24 01:30:36,634 INFO ncaa_identity: contest_id=475143 teams 2776/2776 matched, players 5586/7915 matched
2026-08-24 01:30:44,002 INFO ncaa_identity: contest_id=475193 teams 2675/2675 matched, players 5875/7595 matched
2026-08-24 01:30:49,183 INFO ncaa_identity: contest_id=475236 teams 2386/2386 matched, players 6602/6642 matched
2026-08-24 01:30:50,525 INFO ncaa_identity: contest_id=475247 teams 1980/1980 matched, players 5098/5624 matched
2026-08-24 01:30:55,231 INFO ncaa_identity: contest_id=475316 teams 2475/2475 matched, players 6964/6983 matched
2026-08-24 01:30:57,751 INFO ncaa_identity: contest_id=475360 teams 2108/2108 matched, players 4457/5954 matched
2026-08-24 01:31:08,493 WARNING ncaa_parse: family=lineups contest_id=475449 team=Michigan St. produced NO good stints (18 bad, roster=10) -- parsed successfully but contributed nothing
2026-08-24 01:31:09,005 WARNING ncaa_parse: family=lineups contest_id=475449 team=Mississippi St. produced NO good stints (16 bad, roster=10) -- parsed successfully but contributed nothing
2026-08-24 01:31:13,263 INFO ncaa_identity: contest_id=475485 teams 2139/2139 matched, players 5676/6057 matched
2026-08-24 01:31:22,196 INFO ncaa_identity: contest_id=314744 teams 1465/2814 matched, players 4028/7933 matched
2026-08-24 01:31:23,729 INFO ncaa_identity: contest_id=314759 teams 2576/2576 matched, players 6525/7248 matched
2026-08-24 01:31:25,257 INFO ncaa_identity: contest_id=314772 teams 2209/2209 matched, players 6149/6205 matched
2026-08-24 01:31:26,683 INFO ncaa_identity: contest_id=314784 teams 2499/2499 matched, players 6817/7042 matched
2026-08-24 01:31:29,620 INFO ncaa_identity: contest_id=314808 teams 2197/2197 matched, players 6145/6180 matched
2026-08-24 01:31:34,180 INFO ncaa_identity: contest_id=314843 teams 1440/2806 matched, players 4027/7970 matched
2026-08-24 01:31:35,730 INFO ncaa_identity: contest_id=314857 teams 3318/3318 matched, players 9019/9390 matched
2026-08-24 01:31:38,276 INFO ncaa_identity: contest_id=314896 teams 2378/2378 matched, players 6208/6701 matched
2026-08-24 01:31:39,768 INFO ncaa_identity: contest_id=314970 teams 1195/2366 matched, players 2860/6709 matched
2026-08-24 01:31:41,234 INFO ncaa_identity: contest_id=315006 teams 2393/2393 matched, players 6182/6709 matched
2026-08-24 01:31:42,925 INFO ncaa_identity: contest_id=315085 teams 2874/2874 matched, players 7700/8186 matched
2026-08-24 01:31:45,937 INFO ncaa_identity: contest_id=315116 teams 3060/3060 matched, players 8311/8668 matched
2026-08-24 01:31:47,700 INFO ncaa_identity: contest_id=315132 teams 1375/2665 matched, players 3306/7566 matched
2026-08-24 01:31:49,085 INFO ncaa_identity: contest_id=315144 teams 2634/2634 matched, players 7002/7430 matched
2026-08-24 01:31:51,852 INFO ncaa_identity: contest_id=315169 teams 2547/2547 matched, players 6985/7225 matched
2026-08-24 01:31:53,422 INFO ncaa_identity: contest_id=315182 teams 2533/2533 matched, players 6974/7135 matched
2026-08-24 01:31:56,511 INFO ncaa_identity: contest_id=315223 teams 1396/2843 matched, players 3958/8020 matched
2026-08-24 01:31:57,803 INFO ncaa_identity: contest_id=315234 teams 2250/2250 matched, players 6113/6337 matched
2026-08-24 01:32:00,691 INFO ncaa_identity: contest_id=315257 teams 2004/2004 matched, players 5493/5627 matched
2026-08-24 01:32:02,380 INFO ncaa_identity: contest_id=315282 teams 1178/2259 matched, players 2951/6346 matched
2026-08-24 01:32:05,110 INFO ncaa_identity: contest_id=315379 teams 2409/2409 matched, players 6690/6749 matched
2026-08-24 01:32:06,335 INFO ncaa_identity: contest_id=315418 teams 2528/2528 matched, players 6546/7118 matched
2026-08-24 01:32:11,286 INFO ncaa_identity: contest_id=315551 teams 1667/3341 matched, players 3315/9487 matched
2026-08-24 01:32:12,496 INFO ncaa_identity: contest_id=315568 teams 2346/2346 matched, players 5038/6595 matched
2026-08-24 01:32:14,103 INFO ncaa_identity: contest_id=315581 teams 2280/2280 matched, players 5906/6405 matched
2026-08-24 01:32:15,472 INFO ncaa_identity: contest_id=315596 teams 2357/2357 matched, players 6557/6620 matched
2026-08-24 01:32:17,065 INFO ncaa_identity: contest_id=315629 teams 2327/2327 matched, players 6388/6448 matched
2026-08-24 01:32:18,242 INFO ncaa_identity: contest_id=315655 teams 2005/2005 matched, players 700/730 matched
2026-08-24 01:32:24,897 INFO ncaa_identity: contest_id=315740 teams 1477/2755 matched, players 3424/7712 matched
2026-08-24 01:32:26,191 INFO ncaa_identity: contest_id=315778 teams 2392/2392 matched, players 6606/6727 matched
2026-08-24 01:32:28,010 INFO ncaa_identity: contest_id=315814 teams 2725/2725 matched, players 7031/7653 matched
2026-08-24 01:32:29,628 INFO ncaa_identity: contest_id=315832 teams 2680/2680 matched, players 7035/7604 matched
2026-08-24 01:32:33,426 INFO ncaa_identity: contest_id=316021 teams 2635/2635 matched, players 6990/7436 matched
2026-08-24 01:32:35,190 INFO ncaa_identity: contest_id=316043 teams 2661/2661 matched, players 6025/7505 matched
2026-08-24 01:32:38,309 INFO ncaa_identity: contest_id=316111 teams 2163/2163 matched, players 5660/6090 matched
2026-08-24 01:32:39,973 INFO ncaa_identity: contest_id=316162 teams 2557/2557 matched, players 6118/7238 matched
2026-08-24 01:32:41,746 INFO ncaa_identity: contest_id=316227 teams 2222/2222 matched, players 6062/6174 matched
2026-08-24 01:32:43,584 INFO ncaa_identity: contest_id=316341 teams 1548/3014 matched, players 4261/8588 matched
2026-08-24 01:32:49,156 INFO ncaa_identity: contest_id=316390 teams 2578/2578 matched, players 7126/7292 matched
2026-08-24 01:32:50,918 INFO ncaa_identity: contest_id=316401 teams 2816/2816 matched, players 7201/7927 matched
2026-08-24 01:32:58,153 INFO ncaa_identity: contest_id=316544 teams 1885/3708 matched, players 5239/10560 matched
2026-08-24 01:33:00,911 INFO ncaa_identity: contest_id=316645 teams 2466/2466 matched, players 6699/6857 matched
2026-08-24 01:33:05,153 INFO ncaa_identity: contest_id=316720 teams 2095/2095 matched, players 4672/5899 matched
2026-08-24 01:33:08,234 INFO ncaa_identity: contest_id=316832 teams 2157/2157 matched, players 5843/6036 matched
2026-08-24 01:33:09,572 INFO ncaa_identity: contest_id=316851 teams 1307/2528 matched, players 3131/7124 matched
2026-08-24 01:33:11,281 INFO ncaa_identity: contest_id=316871 teams 2107/2107 matched, players 5802/5982 matched
2026-08-24 01:33:12,552 INFO ncaa_identity: contest_id=316897 teams 1395/2651 matched, players 3763/7514 matched
2026-08-24 01:33:14,566 INFO ncaa_identity: contest_id=316914 teams 2637/2637 matched, players 7126/7460 matched
2026-08-24 01:33:15,997 INFO ncaa_identity: contest_id=316932 teams 2668/2668 matched, players 7253/7532 matched
2026-08-24 01:33:19,178 INFO ncaa_identity: contest_id=316962 teams 2248/2248 matched, players 5813/6307 matched
2026-08-24 01:33:24,126 INFO ncaa_identity: contest_id=317022 teams 1947/1947 matched, players 755/757 matched
2026-08-24 01:33:25,635 INFO ncaa_identity: contest_id=317040 teams 2627/2627 matched, players 7343/7420 matched
2026-08-24 01:33:27,412 INFO ncaa_identity: contest_id=317051 teams 2639/2639 matched, players 7224/7379 matched
2026-08-24 01:33:29,294 INFO ncaa_identity: contest_id=317065 teams 2463/2463 matched, players 6496/6978 matched
2026-08-24 01:33:30,944 INFO ncaa_identity: contest_id=317080 teams 2638/2638 matched, players 7270/7422 matched
2026-08-24 01:33:32,863 INFO ncaa_identity: contest_id=317101 teams 2606/2606 matched, players 6918/7327 matched
2026-08-24 01:33:34,261 INFO ncaa_identity: contest_id=317138 teams 1302/2583 matched, players 3672/7258 matched
2026-08-24 01:33:36,421 INFO ncaa_identity: contest_id=317165 teams 1125/2318 matched, players 3235/6547 matched
2026-08-24 01:33:37,971 INFO ncaa_identity: contest_id=317191 teams 2268/2268 matched, players 5525/6316 matched
2026-08-24 01:33:39,624 INFO ncaa_identity: contest_id=317214 teams 1351/2620 matched, players 3840/7466 matched
2026-08-24 01:33:44,938 INFO ncaa_identity: contest_id=317317 teams 2700/2700 matched, players 703/872 matched
2026-08-24 01:33:47,181 INFO ncaa_identity: contest_id=317331 teams 2275/2275 matched, players 5426/6348 matched
2026-08-24 01:33:48,923 INFO ncaa_identity: contest_id=317355 teams 2381/2381 matched, players 6468/6678 matched
2026-08-24 01:33:52,379 INFO ncaa_identity: contest_id=317416 teams 2461/2461 matched, players 6293/6897 matched
2026-08-24 01:33:55,698 INFO ncaa_identity: contest_id=317466 teams 2833/2833 matched, players 7187/8021 matched
2026-08-24 01:33:57,176 INFO ncaa_identity: contest_id=317490 teams 2652/2652 matched, players 6769/7449 matched
2026-08-24 01:33:59,165 INFO ncaa_identity: contest_id=317510 teams 2859/2859 matched, players 7305/8099 matched
2026-08-24 01:34:00,867 INFO ncaa_identity: contest_id=317530 teams 1321/2665 matched, players 3526/7433 matched
2026-08-24 01:34:02,570 INFO ncaa_identity: contest_id=317562 teams 1923/1923 matched, players 5044/5412 matched
2026-08-24 01:34:07,521 INFO ncaa_identity: contest_id=317653 teams 1451/2841 matched, players 3404/7996 matched
2026-08-24 01:34:09,620 INFO ncaa_identity: contest_id=317718 teams 3010/3010 matched, players 8375/8502 matched
2026-08-24 01:34:11,565 INFO ncaa_identity: contest_id=317771 teams 1468/2928 matched, players 4243/8327 matched
2026-08-24 01:34:12,875 INFO ncaa_identity: contest_id=317792 teams 1075/2145 matched, players 2498/6008 matched
2026-08-24 01:34:15,899 INFO ncaa_identity: contest_id=317828 teams 2472/2472 matched, players 6377/7017 matched
2026-08-24 01:34:17,239 INFO ncaa_identity: contest_id=317872 teams 2123/2123 matched, players 5639/5988 matched
2026-08-24 01:34:21,126 INFO ncaa_identity: contest_id=317945 teams 2562/2562 matched, players 6555/7217 matched
2026-08-24 01:34:24,429 INFO ncaa_identity: contest_id=318009 teams 2552/2552 matched, players 6503/7175 matched
2026-08-24 01:34:27,740 INFO ncaa_identity: contest_id=318068 teams 2987/2987 matched, players 7644/8442 matched
2026-08-24 01:34:33,934 INFO ncaa_identity: contest_id=318213 teams 2400/2400 matched, players 6592/6701 matched
2026-08-24 01:34:35,474 INFO ncaa_identity: contest_id=318263 teams 2559/2559 matched, players 6867/7182 matched
2026-08-24 01:34:37,082 INFO ncaa_identity: contest_id=318328 teams 2409/2409 matched, players 6738/6795 matched
2026-08-24 01:34:42,016 INFO ncaa_identity: contest_id=318440 teams 2353/2353 matched, players 6370/6635 matched
2026-08-24 01:34:43,483 INFO ncaa_identity: contest_id=318533 teams 2107/2107 matched, players 5837/5917 matched
2026-08-24 01:34:47,182 INFO ncaa_identity: contest_id=318580 teams 1251/2431 matched, players 3543/6836 matched
2026-08-24 01:34:50,775 INFO ncaa_identity: contest_id=318608 teams 1427/2848 matched, players 4017/8056 matched
2026-08-24 01:35:05,554 INFO ncaa_identity: contest_id=318842 teams 1350/2569 matched, players 3638/7219 matched
2026-08-24 01:35:07,208 INFO ncaa_identity: contest_id=318881 teams 2187/2187 matched, players 5948/6139 matched
2026-08-24 01:35:12,851 INFO ncaa_identity: contest_id=318959 teams 2494/2494 matched, players 6485/7039 matched
2026-08-24 01:35:14,985 INFO ncaa_identity: contest_id=319006 teams 2785/2785 matched, players 7407/7857 matched
2026-08-24 01:35:16,872 INFO ncaa_identity: contest_id=319038 teams 3047/3047 matched, players 8501/8661 matched
2026-08-24 01:35:18,268 INFO ncaa_identity: contest_id=319060 teams 2182/2182 matched, players 5642/6157 matched
2026-08-24 01:35:24,572 INFO ncaa_identity: contest_id=319265 teams 1161/2383 matched, players 2915/6698 matched
2026-08-24 01:35:27,894 INFO ncaa_identity: contest_id=319339 teams 2244/2244 matched, players 5911/6317 matched
2026-08-24 01:35:31,208 INFO ncaa_identity: contest_id=319419 teams 2671/2671 matched, players 6846/7574 matched
2026-08-24 01:35:35,781 INFO ncaa_identity: contest_id=319522 teams 2790/2790 matched, players 7366/7807 matched
2026-08-24 01:35:39,914 INFO ncaa_identity: contest_id=319555 teams 2449/2449 matched, players 6770/6898 matched
2026-08-24 01:35:41,730 INFO ncaa_identity: contest_id=319570 teams 3011/3011 matched, players 8183/8519 matched
2026-08-24 01:35:42,915 INFO ncaa_identity: contest_id=319582 teams 1039/2051 matched, players 2905/5781 matched
2026-08-24 01:35:44,389 INFO ncaa_identity: contest_id=319607 teams 2279/2279 matched, players 6357/6376 matched
2026-08-24 01:35:46,032 INFO ncaa_identity: contest_id=319654 teams 2706/2706 matched, players 7017/7590 matched
2026-08-24 01:35:47,402 INFO ncaa_identity: contest_id=319671 teams 2843/2843 matched, players 8048/8072 matched
2026-08-24 01:35:48,912 INFO ncaa_identity: contest_id=319711 teams 2169/2169 matched, players 6038/6097 matched
2026-08-24 01:35:51,916 INFO ncaa_identity: contest_id=319775 teams 2661/2661 matched, players 7497/7506 matched
2026-08-24 01:35:53,312 INFO ncaa_identity: contest_id=319793 teams 2674/2674 matched, players 6645/7525 matched
2026-08-24 01:35:55,050 INFO ncaa_identity: contest_id=319826 teams 1177/2324 matched, players 3293/6556 matched
2026-08-24 01:35:56,171 INFO ncaa_identity: contest_id=319856 teams 2219/2219 matched, players 5938/6258 matched
2026-08-24 01:35:57,588 INFO ncaa_identity: contest_id=319885 teams 2256/2256 matched, players 5920/6404 matched
2026-08-24 01:36:03,231 INFO ncaa_identity: contest_id=320045 teams 2520/2520 matched, players 6274/7123 matched
2026-08-24 01:36:04,844 INFO ncaa_identity: contest_id=320090 teams 1981/3921 matched, players 5449/11067 matched
2026-08-24 01:36:06,552 INFO ncaa_identity: contest_id=320114 teams 2446/2446 matched, players 6813/6884 matched
2026-08-24 01:36:07,849 INFO ncaa_identity: contest_id=320134 teams 2371/2371 matched, players 6477/6720 matched
2026-08-24 01:36:10,979 INFO ncaa_identity: contest_id=320161 teams 2714/2714 matched, players 7210/7665 matched
2026-08-24 01:36:15,474 INFO ncaa_identity: contest_id=320245 teams 2428/2428 matched, players 5959/6862 matched
2026-08-24 01:36:16,849 INFO ncaa_identity: contest_id=320275 teams 2280/2280 matched, players 6046/6395 matched
2026-08-24 01:36:19,223 INFO ncaa_identity: contest_id=320303 teams 2320/2320 matched, players 6257/6553 matched
2026-08-24 01:36:23,183 INFO ncaa_identity: contest_id=320351 teams 2324/2324 matched, players 6365/6534 matched
2026-08-24 01:36:25,301 INFO ncaa_identity: contest_id=320372 teams 2675/2675 matched, players 7144/7523 matched
2026-08-24 01:36:28,549 INFO ncaa_identity: contest_id=320396 teams 1307/2590 matched, players 3654/7335 matched
2026-08-24 01:36:34,926 INFO ncaa_identity: contest_id=320460 teams 1359/2695 matched, players 3800/7569 matched
2026-08-24 01:36:37,994 INFO ncaa_identity: contest_id=320483 teams 1438/2780 matched, players 3518/7853 matched
2026-08-24 01:36:40,881 INFO ncaa_identity: contest_id=320505 teams 2042/2042 matched, players 5316/5746 matched
2026-08-24 01:36:51,378 INFO ncaa_identity: contest_id=320599 teams 2309/2309 matched, players 6134/6478 matched
2026-08-24 01:36:54,954 INFO ncaa_identity: contest_id=320629 teams 1309/2576 matched, players 3645/7306 matched
2026-08-24 01:37:00,436 INFO ncaa_identity: contest_id=320663 teams 2712/2712 matched, players 6527/7597 matched
2026-08-24 01:37:02,194 INFO ncaa_identity: contest_id=320684 teams 2392/2392 matched, players 6312/6651 matched
2026-08-24 01:37:04,064 INFO ncaa_identity: contest_id=320714 teams 2429/2429 matched, players 6763/6810 matched
2026-08-24 01:37:07,531 INFO ncaa_identity: contest_id=320749 teams 2047/2047 matched, players 4809/5742 matched
2026-08-24 01:37:10,778 INFO ncaa_identity: contest_id=320778 teams 3376/3376 matched, players 9239/9688 matched
2026-08-24 01:37:12,658 INFO ncaa_identity: contest_id=320796 teams 2638/2638 matched, players 7341/7413 matched
2026-08-24 01:37:14,441 INFO ncaa_identity: contest_id=320875 teams 1625/3180 matched, players 4533/9007 matched
2026-08-24 01:37:24,355 INFO ncaa_identity: contest_id=321099 teams 2727/2727 matched, players 7320/7695 matched
2026-08-24 01:37:30,350 INFO ncaa_identity: contest_id=321172 teams 2735/2735 matched, players 7503/7665 matched
2026-08-24 01:37:31,738 INFO ncaa_identity: contest_id=321191 teams 1217/2449 matched, players 3486/6913 matched
2026-08-24 01:37:33,393 INFO ncaa_identity: contest_id=321207 teams 2480/2480 matched, players 6876/6940 matched
2026-08-24 01:37:34,875 INFO ncaa_identity: contest_id=321229 teams 2252/2252 matched, players 6317/6321 matched
2026-08-24 01:37:38,400 INFO ncaa_identity: contest_id=321274 teams 2298/2298 matched, players 5941/6500 matched
2026-08-24 01:37:41,811 INFO ncaa_identity: contest_id=321295 teams 2479/2479 matched, players 6642/7042 matched
2026-08-24 01:37:48,413 INFO ncaa_identity: contest_id=321369 teams 2333/2333 matched, players 6425/6585 matched
2026-08-24 01:37:53,222 INFO ncaa_identity: contest_id=321532 teams 2356/2356 matched, players 6112/6628 matched
2026-08-24 01:37:54,944 INFO ncaa_identity: contest_id=321568 teams 2634/2634 matched, players 7204/7411 matched
2026-08-24 01:37:56,785 INFO ncaa_identity: contest_id=321597 teams 2424/2424 matched, players 6693/6866 matched
2026-08-24 01:37:59,978 INFO ncaa_identity: contest_id=321634 teams 2354/2354 matched, players 6309/6663 matched
2026-08-24 01:38:01,281 INFO ncaa_identity: contest_id=321695 teams 2128/2128 matched, players 5764/5964 matched
2026-08-24 01:38:04,531 INFO ncaa_identity: contest_id=321755 teams 2155/2155 matched, players 5859/6049 matched
2026-08-24 01:38:09,265 INFO ncaa_identity: contest_id=321808 teams 2874/2874 matched, players 7960/8146 matched
2026-08-24 01:38:10,553 INFO ncaa_identity: contest_id=321837 teams 2300/2300 matched, players 6243/6471 matched
2026-08-24 01:38:13,439 INFO ncaa_identity: contest_id=321926 teams 2010/2010 matched, players 5618/5691 matched
2026-08-24 01:38:20,337 INFO ncaa_identity: contest_id=322118 teams 1288/2561 matched, players 3251/7276 matched
2026-08-24 01:38:23,381 INFO ncaa_identity: contest_id=322163 teams 2042/2042 matched, players 5235/5745 matched
2026-08-24 01:38:24,931 INFO ncaa_identity: contest_id=322185 teams 2390/2390 matched, players 6433/6688 matched
2026-08-24 01:38:26,426 INFO ncaa_identity: contest_id=322211 teams 2168/2168 matched, players 5618/6113 matched
2026-08-24 01:38:35,852 INFO ncaa_identity: contest_id=322399 teams 2172/2172 matched, players 5957/6116 matched
2026-08-24 01:38:37,487 INFO ncaa_identity: contest_id=322411 teams 2483/2483 matched, players 6402/7019 matched
2026-08-24 01:38:39,086 INFO ncaa_identity: contest_id=322426 teams 2445/2445 matched, players 6650/6854 matched
2026-08-24 01:38:40,888 INFO ncaa_identity: contest_id=322478 teams 2442/2442 matched, players 6205/6847 matched
2026-08-24 01:38:42,290 INFO ncaa_identity: contest_id=322513 teams 1245/2365 matched, players 3389/6721 matched
2026-08-24 01:38:43,684 INFO ncaa_identity: contest_id=322568 teams 2490/2490 matched, players 6666/7033 matched
2026-08-24 01:38:46,582 INFO ncaa_identity: contest_id=322648 teams 2276/2276 matched, players 6093/6504 matched
2026-08-24 01:38:47,859 INFO ncaa_identity: contest_id=322695 teams 1323/2550 matched, players 3712/7287 matched
2026-08-24 01:38:49,093 INFO ncaa_identity: contest_id=322727 teams 1911/1911 matched, players 4976/5406 matched
2026-08-24 01:38:52,271 INFO ncaa_identity: contest_id=322824 teams 2507/2507 matched, players 6409/7094 matched
2026-08-24 01:38:53,739 INFO ncaa_identity: contest_id=322862 teams 2127/2127 matched, players 5829/5981 matched
2026-08-24 01:38:56,499 INFO ncaa_identity: contest_id=322910 teams 2183/2183 matched, players 5747/6113 matched
2026-08-24 01:38:58,222 INFO ncaa_identity: contest_id=322926 teams 2943/2943 matched, players 7821/8341 matched
2026-08-24 01:39:03,476 INFO ncaa_identity: contest_id=323023 teams 2535/2535 matched, players 6772/7123 matched
2026-08-24 01:39:06,723 INFO ncaa_identity: contest_id=323127 teams 2357/2357 matched, players 6373/6674 matched
2026-08-24 01:39:08,431 INFO ncaa_identity: contest_id=323175 teams 2510/2510 matched, players 6813/7083 matched
2026-08-24 01:39:13,093 INFO ncaa_identity: contest_id=323270 teams 2252/2252 matched, players 5987/6330 matched
2026-08-24 01:39:16,243 INFO ncaa_identity: contest_id=323322 teams 2246/2246 matched, players 5783/6296 matched
2026-08-24 01:39:18,065 INFO ncaa_identity: contest_id=323355 teams 1620/3217 matched, players 4138/9129 matched
2026-08-24 01:39:25,985 INFO ncaa_identity: contest_id=323543 teams 2688/2688 matched, players 6973/7589 matched
2026-08-24 01:39:30,243 INFO ncaa_identity: contest_id=323591 teams 2595/2595 matched, players 7195/7290 matched
2026-08-24 01:39:32,144 INFO ncaa_identity: contest_id=323624 teams 2806/2806 matched, players 7537/7855 matched
2026-08-24 01:39:35,146 INFO ncaa_identity: contest_id=323674 teams 2043/2043 matched, players 5458/5738 matched
2026-08-24 01:39:42,435 INFO ncaa_identity: contest_id=323896 teams 2139/2139 matched, players 5190/6032 matched
2026-08-24 01:39:45,259 INFO ncaa_identity: contest_id=324008 teams 2168/2168 matched, players 6066/6105 matched
2026-08-24 01:39:48,456 INFO ncaa_identity: contest_id=324043 teams 1280/2583 matched, players 3599/7285 matched
2026-08-24 01:40:00,212 INFO ncaa_identity: contest_id=324309 teams 2353/2353 matched, players 6162/6604 matched
2026-08-24 01:40:02,231 INFO ncaa_identity: contest_id=324355 teams 3154/3154 matched, players 8739/8932 matched
2026-08-24 01:40:04,006 INFO ncaa_identity: contest_id=324382 teams 2446/2446 matched, players 6204/6956 matched
2026-08-24 01:40:05,884 INFO ncaa_identity: contest_id=324416 teams 2304/2304 matched, players 6047/6458 matched
2026-08-24 01:40:09,115 INFO ncaa_identity: contest_id=324464 teams 2181/2181 matched, players 5407/6119 matched
2026-08-24 01:40:10,685 INFO ncaa_identity: contest_id=324481 teams 2331/2331 matched, players 6022/6571 matched
2026-08-24 01:40:12,707 INFO ncaa_identity: contest_id=324555 teams 2251/2251 matched, players 6243/6344 matched
2026-08-24 01:40:15,311 INFO ncaa_identity: contest_id=324641 teams 1966/1966 matched, players 4682/5528 matched
2026-08-24 01:40:21,217 INFO ncaa_identity: contest_id=324684 teams 2390/2390 matched, players 6684/6727 matched
2026-08-24 01:40:24,762 INFO ncaa_identity: contest_id=324720 teams 2374/2374 matched, players 6232/6600 matched
2026-08-24 01:40:26,216 INFO ncaa_identity: contest_id=324737 teams 1881/1881 matched, players 710/759 matched
2026-08-24 01:40:27,864 INFO ncaa_identity: contest_id=324784 teams 2419/2419 matched, players 6505/6826 matched
2026-08-24 01:40:29,371 INFO ncaa_identity: contest_id=324850 teams 2397/2397 matched, players 6722/6775 matched
2026-08-24 01:40:34,702 INFO ncaa_identity: contest_id=324960 teams 2544/2544 matched, players 6997/7155 matched
2026-08-24 01:40:37,412 INFO ncaa_identity: contest_id=325077 teams 2392/2392 matched, players 6704/6727 matched
2026-08-24 01:40:40,318 INFO ncaa_identity: contest_id=325117 teams 2681/2681 matched, players 7420/7574 matched
2026-08-24 01:40:41,651 INFO ncaa_identity: contest_id=325129 teams 2272/2272 matched, players 5971/6402 matched
2026-08-24 01:40:45,717 INFO ncaa_identity: contest_id=325230 teams 1799/1799 matched, players 4666/5063 matched
2026-08-24 01:40:47,044 INFO ncaa_identity: contest_id=325275 teams 2817/2817 matched, players 7647/7957 matched
2026-08-24 01:40:49,900 INFO ncaa_identity: contest_id=325356 teams 2479/2479 matched, players 6923/6985 matched
2026-08-24 01:40:51,364 INFO ncaa_identity: contest_id=325405 teams 949/1935 matched, players 2715/5446 matched
2026-08-24 01:40:52,371 INFO ncaa_identity: contest_id=325440 teams 1997/1997 matched, players 4984/5666 matched
2026-08-24 01:40:56,335 INFO ncaa_identity: contest_id=325522 teams 2695/2695 matched, players 7093/7629 matched
2026-08-24 01:40:59,055 INFO ncaa_identity: contest_id=325575 teams 2469/2469 matched, players 6416/6969 matched
2026-08-24 01:41:00,570 INFO ncaa_identity: contest_id=325606 teams 2484/2484 matched, players 6543/7011 matched
2026-08-24 01:41:04,316 INFO ncaa_identity: contest_id=325758 teams 2244/2244 matched, players 6033/6324 matched
2026-08-24 01:41:07,056 INFO ncaa_identity: contest_id=325780 teams 2293/2293 matched, players 5852/6463 matched
2026-08-24 01:41:10,044 INFO ncaa_identity: contest_id=325831 teams 1231/2524 matched, players 2357/7136 matched
2026-08-24 01:41:11,779 INFO ncaa_identity: contest_id=325847 teams 2787/2787 matched, players 6945/7794 matched
2026-08-24 01:41:13,510 INFO ncaa_identity: contest_id=325920 teams 2231/2231 matched, players 6026/6281 matched
2026-08-24 01:41:14,945 INFO ncaa_identity: contest_id=325988 teams 2532/2532 matched, players 6947/7132 matched
2026-08-24 01:41:16,812 INFO ncaa_identity: contest_id=326023 teams 2118/2118 matched, players 5756/5938 matched
2026-08-24 01:41:19,934 INFO ncaa_identity: contest_id=326079 teams 2039/2039 matched, players 5711/5734 matched
2026-08-24 01:41:23,303 INFO ncaa_identity: contest_id=326182 teams 2398/2398 matched, players 6340/6767 matched
2026-08-24 01:41:29,801 INFO ncaa_identity: contest_id=326277 teams 2209/2209 matched, players 6080/6252 matched
2026-08-24 01:41:31,175 INFO ncaa_identity: contest_id=326308 teams 2191/2191 matched, players 6086/6188 matched
2026-08-24 01:41:32,918 INFO ncaa_identity: contest_id=326348 teams 1986/1986 matched, players 5388/5578 matched
2026-08-24 01:41:36,191 INFO ncaa_identity: contest_id=326418 teams 2672/2672 matched, players 6954/7531 matched
2026-08-24 01:41:39,140 INFO ncaa_identity: contest_id=326499 teams 2076/2076 matched, players 4999/5878 matched
2026-08-24 01:41:43,628 INFO ncaa_identity: contest_id=326616 teams 2187/2187 matched, players 6046/6099 matched
2026-08-24 01:41:47,071 INFO ncaa_identity: contest_id=326661 teams 4203/4203 matched, players 10684/12055 matched
2026-08-24 01:41:48,633 INFO ncaa_identity: contest_id=326686 teams 2444/2444 matched, players 6518/6862 matched
2026-08-24 01:41:50,246 INFO ncaa_identity: contest_id=326710 teams 2601/2601 matched, players 6930/7317 matched
2026-08-24 01:41:56,284 INFO ncaa_identity: contest_id=326880 teams 2376/2376 matched, players 6005/6674 matched
2026-08-24 01:41:57,661 INFO ncaa_identity: contest_id=326892 teams 1744/1744 matched, players 4431/4850 matched
2026-08-24 01:41:59,131 INFO ncaa_identity: contest_id=326905 teams 2231/2231 matched, players 5801/6265 matched
2026-08-24 01:42:00,771 INFO ncaa_identity: contest_id=326922 teams 1040/2145 matched, players 2990/6029 matched
2026-08-24 01:42:02,371 INFO ncaa_identity: contest_id=326943 teams 2932/2932 matched, players 8203/8249 matched
2026-08-24 01:42:04,034 INFO ncaa_identity: contest_id=326961 teams 2140/2140 matched, players 5849/5997 matched
2026-08-24 01:42:08,422 INFO ncaa_identity: contest_id=327133 teams 2586/2586 matched, players 7334/7345 matched
2026-08-24 01:42:09,922 INFO ncaa_identity: contest_id=327149 teams 2242/2242 matched, players 6265/6331 matched
2026-08-24 01:42:11,380 INFO ncaa_identity: contest_id=327239 teams 2378/2378 matched, players 6707/6743 matched
2026-08-24 01:42:15,932 INFO ncaa_identity: contest_id=327305 teams 2231/2231 matched, players 5924/6275 matched
2026-08-24 01:42:19,822 INFO ncaa_identity: contest_id=327376 teams 2125/2125 matched, players 5725/6010 matched
2026-08-24 01:42:21,323 INFO ncaa_identity: contest_id=327408 teams 2267/2267 matched, players 5553/6399 matched
2026-08-24 01:42:22,890 INFO ncaa_identity: contest_id=327443 teams 2200/2200 matched, players 6161/6169 matched
2026-08-24 01:42:24,217 INFO ncaa_identity: contest_id=327477 teams 2013/2013 matched, players 5325/5623 matched
2026-08-24 01:42:31,578 INFO ncaa_identity: contest_id=327684 teams 2454/2454 matched, players 6527/6937 matched
2026-08-24 01:42:33,011 INFO ncaa_identity: contest_id=327701 teams 2413/2413 matched, players 6730/6791 matched
2026-08-24 01:42:34,274 INFO ncaa_identity: contest_id=327730 teams 1939/1939 matched, players 5031/5522 matched
2026-08-24 01:42:35,743 INFO ncaa_identity: contest_id=327753 teams 2772/2772 matched, players 7034/7805 matched
2026-08-24 01:42:37,219 INFO ncaa_identity: contest_id=327785 teams 2287/2287 matched, players 6403/6450 matched
2026-08-24 01:42:38,516 INFO ncaa_identity: contest_id=327849 teams 2125/2125 matched, players 5793/5943 matched
2026-08-24 01:42:41,262 INFO ncaa_identity: contest_id=327942 teams 2302/2302 matched, players 6022/6466 matched
2026-08-24 01:42:45,319 INFO ncaa_identity: contest_id=327974 teams 2505/2505 matched, players 6761/7056 matched
2026-08-24 01:42:47,193 INFO ncaa_identity: contest_id=327986 teams 2664/2664 matched, players 7490/7500 matched
2026-08-24 01:42:51,038 INFO ncaa_identity: contest_id=328016 teams 2481/2481 matched, players 6687/6932 matched
2026-08-24 01:42:53,279 INFO ncaa_identity: contest_id=328037 teams 1617/3332 matched, players 4678/9466 matched
2026-08-24 01:42:54,993 INFO ncaa_identity: contest_id=328053 teams 2625/2625 matched, players 7069/7424 matched
2026-08-24 01:42:56,814 INFO ncaa_identity: contest_id=328097 teams 2623/2623 matched, players 7133/7398 matched
2026-08-24 01:43:00,505 INFO 5 starters not found for period 1; using estimate
2026-08-24 01:43:13,093 INFO ncaa_identity: contest_id=328466 teams 2354/2354 matched, players 6512/6642 matched
2026-08-24 01:43:17,841 INFO ncaa_identity: contest_id=328546 teams 2350/2350 matched, players 6214/6701 matched
2026-08-24 01:43:24,459 INFO ncaa_identity: contest_id=328735 teams 2639/2639 matched, players 7012/7416 matched
2026-08-24 01:43:25,865 INFO ncaa_identity: contest_id=328756 teams 2537/2537 matched, players 6850/7129 matched
2026-08-24 01:43:30,724 INFO ncaa_identity: contest_id=328827 teams 2361/2361 matched, players 6239/6645 matched
2026-08-24 01:43:35,047 INFO ncaa_identity: contest_id=328949 teams 1219/2437 matched, players 3046/6844 matched
2026-08-24 01:43:53,424 INFO ncaa_identity: contest_id=329259 teams 2545/2545 matched, players 6642/7203 matched
2026-08-24 01:43:56,621 INFO ncaa_identity: contest_id=329290 teams 2053/2053 matched, players 5460/5781 matched
2026-08-24 01:43:58,157 INFO ncaa_identity: contest_id=329346 teams 1903/1903 matched, players 5348/5365 matched
2026-08-24 01:43:59,627 INFO ncaa_identity: contest_id=329375 teams 2146/2146 matched, players 5317/6059 matched
2026-08-24 01:44:01,509 INFO ncaa_identity: contest_id=329388 teams 2444/2444 matched, players 6710/6898 matched
2026-08-24 01:44:04,687 INFO ncaa_identity: contest_id=329422 teams 2045/2045 matched, players 5452/5757 matched
2026-08-24 01:44:06,401 INFO ncaa_identity: contest_id=329442 teams 2745/2745 matched, players 6976/7778 matched
2026-08-24 01:44:08,384 INFO ncaa_identity: contest_id=329499 teams 2468/2468 matched, players 6821/6981 matched
2026-08-24 01:44:11,643 INFO ncaa_identity: contest_id=329525 teams 2142/2142 matched, players 5518/6067 matched
2026-08-24 01:44:13,242 INFO ncaa_identity: contest_id=329586 teams 2714/2714 matched, players 7392/7660 matched
2026-08-24 01:44:14,965 INFO ncaa_identity: contest_id=329610 teams 2150/2150 matched, players 5667/6071 matched
2026-08-24 01:44:24,734 INFO ncaa_identity: contest_id=329713 teams 2404/2404 matched, players 6284/6739 matched
2026-08-24 01:44:28,058 INFO ncaa_identity: contest_id=329746 teams 2425/2425 matched, players 6609/6845 matched
2026-08-24 01:44:31,121 INFO ncaa_identity: contest_id=329848 teams 2293/2293 matched, players 5829/6474 matched
2026-08-24 01:44:32,491 INFO ncaa_identity: contest_id=329859 teams 2393/2393 matched, players 5866/6719 matched
2026-08-24 01:44:35,893 INFO ncaa_identity: contest_id=329879 teams 2037/2037 matched, players 4870/5731 matched
2026-08-24 01:44:37,789 INFO ncaa_identity: contest_id=329889 teams 2845/2845 matched, players 7592/8079 matched
2026-08-24 01:44:42,727 INFO ncaa_identity: contest_id=329938 teams 1141/2251 matched, players 2100/6325 matched
2026-08-24 01:44:46,073 INFO ncaa_identity: contest_id=329994 teams 2339/2339 matched, players 6196/6611 matched
2026-08-24 01:44:49,145 INFO ncaa_identity: contest_id=330014 teams 2038/2038 matched, players 5486/5681 matched
2026-08-24 01:44:51,273 INFO ncaa_identity: contest_id=330050 teams 3016/3016 matched, players 8063/8523 matched
2026-08-24 01:44:52,813 INFO ncaa_identity: contest_id=330060 teams 1361/2703 matched, players 3861/7686 matched
2026-08-24 01:45:05,795 INFO ncaa_identity: contest_id=330190 teams 2493/2493 matched, players 6884/7059 matched
2026-08-24 01:45:07,780 INFO ncaa_identity: contest_id=330223 teams 2610/2610 matched, players 6218/7328 matched
2026-08-24 01:45:09,231 INFO ncaa_identity: contest_id=330242 teams 2212/2212 matched, players 5979/6280 matched
2026-08-24 01:45:12,801 INFO ncaa_identity: contest_id=330267 teams 2684/2684 matched, players 7261/7633 matched
2026-08-24 01:45:14,609 INFO ncaa_identity: contest_id=330277 teams 2065/2065 matched, players 4954/5836 matched
2026-08-24 01:45:15,917 INFO ncaa_identity: contest_id=330287 teams 2359/2359 matched, players 6456/6646 matched
2026-08-24 01:45:19,420 INFO ncaa_identity: contest_id=330331 teams 2413/2413 matched, players 6202/6796 matched
2026-08-24 01:45:21,197 INFO ncaa_identity: contest_id=330355 teams 2287/2287 matched, players 5876/6438 matched
2026-08-24 01:45:22,517 INFO ncaa_identity: contest_id=330370 teams 1006/2021 matched, players 2883/5708 matched
2026-08-24 01:45:23,830 INFO ncaa_identity: contest_id=330390 teams 1125/2200 matched, players 3110/6186 matched
2026-08-24 01:45:25,872 INFO ncaa_identity: contest_id=330411 teams 2263/2263 matched, players 5062/6342 matched
2026-08-24 01:45:27,385 INFO ncaa_identity: contest_id=330423 teams 2541/2541 matched, players 6800/7210 matched
2026-08-24 01:45:29,034 INFO ncaa_identity: contest_id=330436 teams 1956/1956 matched, players 5217/5500 matched
2026-08-24 01:45:32,007 INFO ncaa_identity: contest_id=330456 teams 2355/2355 matched, players 6279/6613 matched
2026-08-24 01:45:34,987 INFO ncaa_identity: contest_id=330476 teams 1974/1974 matched, players 5385/5516 matched
2026-08-24 01:45:38,003 INFO ncaa_identity: contest_id=330497 teams 2321/2321 matched, players 5482/6496 matched
2026-08-24 01:45:46,640 INFO ncaa_identity: contest_id=330579 teams 2347/2347 matched, players 6159/6675 matched
2026-08-24 01:45:48,421 INFO ncaa_identity: contest_id=330597 teams 1951/1951 matched, players 5182/5473 matched
2026-08-24 01:45:51,825 INFO ncaa_identity: contest_id=330643 teams 2308/2308 matched, players 4853/6495 matched
2026-08-24 01:45:55,071 INFO ncaa_identity: contest_id=330672 teams 1186/2320 matched, players 3223/6598 matched
2026-08-24 01:45:58,438 INFO ncaa_identity: contest_id=330693 teams 2091/2091 matched, players 5552/5878 matched
2026-08-24 01:46:07,084 INFO ncaa_identity: contest_id=330747 teams 1344/2682 matched, players 2956/7573 matched
2026-08-24 01:46:08,594 INFO ncaa_identity: contest_id=330757 teams 2179/2179 matched, players 5788/6118 matched
2026-08-24 01:46:10,366 INFO ncaa_identity: contest_id=330767 teams 2540/2540 matched, players 7175/7210 matched
2026-08-24 01:46:11,798 INFO ncaa_identity: contest_id=330783 teams 2135/2135 matched, players 5664/6047 matched
2026-08-24 01:46:13,134 INFO ncaa_identity: contest_id=330794 teams 2246/2246 matched, players 5714/6300 matched
2026-08-24 01:46:14,618 INFO ncaa_identity: contest_id=330804 teams 2154/2154 matched, players 5774/6092 matched
2026-08-24 01:46:17,001 INFO ncaa_identity: contest_id=26464 teams 1539/3048 matched, players 3612/8624 matched
2026-08-24 01:46:20,508 INFO ncaa_identity: contest_id=26486 teams 2393/2393 matched, players 6576/6778 matched
2026-08-24 01:46:24,096 INFO ncaa_identity: contest_id=26520 teams 1489/2786 matched, players 3870/7851 matched
2026-08-24 01:46:29,766 INFO ncaa_identity: contest_id=26563 teams 1225/2426 matched, players 3446/6813 matched
2026-08-24 01:46:31,117 INFO ncaa_identity: contest_id=26578 teams 2647/2647 matched, players 7322/7421 matched
2026-08-24 01:46:32,883 INFO ncaa_identity: contest_id=26588 teams 2318/2318 matched, players 6279/6538 matched
2026-08-24 01:46:36,383 INFO ncaa_identity: contest_id=26612 teams 2132/2132 matched, players 825/829 matched
2026-08-24 01:46:37,758 INFO ncaa_identity: contest_id=26625 teams 1174/2422 matched, players 3368/6847 matched
2026-08-24 01:46:40,882 INFO ncaa_identity: contest_id=26706 teams 2551/2551 matched, players 6342/7243 matched
2026-08-24 01:46:42,875 INFO ncaa_identity: contest_id=26739 teams 2807/2807 matched, players 7752/7869 matched
2026-08-24 01:46:44,908 INFO ncaa_identity: contest_id=26779 teams 2564/2564 matched, players 6673/7222 matched
2026-08-24 01:46:49,178 INFO ncaa_identity: contest_id=26899 teams 1335/2593 matched, players 3653/7322 matched
2026-08-24 01:46:54,011 INFO ncaa_identity: contest_id=26934 teams 1210/2395 matched, players 3138/6748 matched
2026-08-24 01:46:55,894 INFO ncaa_identity: contest_id=26946 teams 1226/2346 matched, players 3367/6644 matched
2026-08-24 01:46:57,454 INFO ncaa_identity: contest_id=26975 teams 1303/2544 matched, players 3340/7187 matched
2026-08-24 01:46:59,496 INFO ncaa_identity: contest_id=26989 teams 2363/2363 matched, players 6135/6639 matched
2026-08-24 01:47:00,779 INFO ncaa_identity: contest_id=27001 teams 1979/1979 matched, players 5095/5552 matched
2026-08-24 01:47:02,550 INFO ncaa_identity: contest_id=27013 teams 2543/2543 matched, players 6769/7191 matched
2026-08-24 01:47:04,072 INFO ncaa_identity: contest_id=27027 teams 2782/2782 matched, players 7549/7873 matched
2026-08-24 01:47:06,029 INFO ncaa_identity: contest_id=27039 teams 2653/2653 matched, players 7138/7483 matched
2026-08-24 01:47:09,265 INFO ncaa_identity: contest_id=27075 teams 2260/2260 matched, players 6082/6387 matched
2026-08-24 01:47:14,244 INFO ncaa_identity: contest_id=27163 teams 1048/2044 matched, players 491/754 matched
2026-08-24 01:47:18,094 INFO ncaa_identity: contest_id=27225 teams 1400/2792 matched, players 3905/7806 matched
2026-08-24 01:47:21,909 INFO ncaa_identity: contest_id=27302 teams 2868/2868 matched, players 7467/8125 matched
2026-08-24 01:47:25,331 INFO ncaa_identity: contest_id=27382 teams 1553/3132 matched, players 3657/8839 matched
2026-08-24 01:47:26,601 INFO ncaa_identity: contest_id=27401 teams 2101/2101 matched, players 5567/5932 matched
2026-08-24 01:47:29,808 INFO ncaa_identity: contest_id=27432 teams 1297/2577 matched, players 3181/7256 matched
2026-08-24 01:47:31,686 INFO ncaa_identity: contest_id=27464 teams 2119/2119 matched, players 5895/5975 matched
2026-08-24 01:47:33,342 INFO ncaa_identity: contest_id=27496 teams 2829/2829 matched, players 7704/7969 matched
2026-08-24 01:47:36,745 INFO ncaa_identity: contest_id=27547 teams 1290/2508 matched, players 3556/7060 matched
2026-08-24 01:47:40,358 INFO ncaa_identity: contest_id=27672 teams 2574/2574 matched, players 7097/7266 matched
2026-08-24 01:47:45,563 INFO ncaa_identity: contest_id=27819 teams 3170/3170 matched, players 8549/8998 matched
2026-08-24 01:47:49,306 INFO ncaa_identity: contest_id=27964 teams 1416/2748 matched, players 3470/7750 matched
2026-08-24 01:47:51,146 INFO ncaa_identity: contest_id=28064 teams 1124/2329 matched, players 2967/6557 matched
2026-08-24 01:47:52,486 INFO ncaa_identity: contest_id=28077 teams 2031/2031 matched, players 5653/5731 matched
2026-08-24 01:48:00,448 INFO ncaa_identity: contest_id=28153 teams 2386/2386 matched, players 6621/6724 matched
2026-08-24 01:48:01,968 INFO ncaa_identity: contest_id=28224 teams 1293/2530 matched, players 2569/7154 matched
2026-08-24 01:48:03,647 INFO ncaa_identity: contest_id=28244 teams 2208/2208 matched, players 6029/6241 matched
2026-08-24 01:48:05,121 INFO ncaa_identity: contest_id=28257 teams 1306/2607 matched, players 2653/7358 matched
2026-08-24 01:48:08,374 INFO ncaa_identity: contest_id=28357 teams 1057/2075 matched, players 2942/5783 matched
2026-08-24 01:48:10,348 INFO ncaa_identity: contest_id=28386 teams 2258/2258 matched, players 5984/6325 matched
2026-08-24 01:48:15,318 INFO ncaa_identity: contest_id=28508 teams 2481/2481 matched, players 6556/6935 matched
2026-08-24 01:48:18,904 INFO ncaa_identity: contest_id=28589 teams 1352/2602 matched, players 3679/7359 matched
2026-08-24 01:48:21,125 INFO ncaa_identity: contest_id=28610 teams 2682/2682 matched, players 6830/7557 matched
2026-08-24 01:48:22,985 INFO ncaa_identity: contest_id=28622 teams 2612/2612 matched, players 6883/7372 matched
2026-08-24 01:48:27,385 INFO ncaa_identity: contest_id=28667 teams 2573/2573 matched, players 6813/7328 matched
2026-08-24 01:48:29,313 INFO ncaa_identity: contest_id=28683 teams 1191/2245 matched, players 3302/6339 matched
2026-08-24 01:48:34,073 INFO ncaa_identity: contest_id=28737 teams 2462/2462 matched, players 6796/6948 matched
2026-08-24 01:48:36,122 INFO ncaa_identity: contest_id=28749 teams 2786/2786 matched, players 7716/7861 matched
2026-08-24 01:48:44,117 INFO ncaa_identity: contest_id=28860 teams 2042/2042 matched, players 5130/5730 matched
2026-08-24 01:48:47,696 INFO ncaa_identity: contest_id=28928 teams 2540/2540 matched, players 6450/7168 matched
2026-08-24 01:48:49,360 INFO ncaa_identity: contest_id=28959 teams 2165/2165 matched, players 5877/6126 matched
2026-08-24 01:48:54,004 INFO ncaa_identity: contest_id=29014 teams 2167/2167 matched, players 5831/6107 matched
2026-08-24 01:48:57,760 INFO ncaa_identity: contest_id=29039 teams 3416/3416 matched, players 9061/9641 matched
2026-08-24 01:48:59,794 INFO ncaa_identity: contest_id=29067 teams 1389/2711 matched, players 3643/7607 matched
2026-08-24 01:49:01,445 INFO ncaa_identity: contest_id=29097 teams 1299/2600 matched, players 3326/7324 matched
2026-08-24 01:49:03,281 INFO ncaa_identity: contest_id=29133 teams 2518/2518 matched, players 6887/7095 matched
2026-08-24 01:49:06,355 INFO ncaa_identity: contest_id=29177 teams 2525/2525 matched, players 6657/7127 matched
2026-08-24 01:49:08,136 INFO ncaa_identity: contest_id=29190 teams 2454/2454 matched, players 692/811 matched
2026-08-24 01:49:11,839 INFO ncaa_identity: contest_id=29259 teams 1258/2554 matched, players 3558/7210 matched
2026-08-24 01:49:15,141 INFO ncaa_identity: contest_id=29321 teams 2391/2391 matched, players 6589/6733 matched
2026-08-24 01:49:16,734 INFO ncaa_identity: contest_id=29345 teams 1381/2644 matched, players 3480/7416 matched
2026-08-24 01:49:20,330 INFO ncaa_identity: contest_id=29437 teams 2686/2686 matched, players 6722/7587 matched
2026-08-24 01:49:25,100 INFO ncaa_identity: contest_id=29518 teams 2327/2327 matched, players 6190/6610 matched
2026-08-24 01:49:26,369 INFO ncaa_identity: contest_id=29554 teams 2634/2634 matched, players 6953/7399 matched
2026-08-24 01:49:29,277 INFO ncaa_identity: contest_id=29634 teams 2032/2032 matched, players 5564/5698 matched
2026-08-24 01:49:31,044 INFO ncaa_identity: contest_id=29655 teams 2620/2620 matched, players 7062/7389 matched
2026-08-24 01:49:32,483 INFO ncaa_identity: contest_id=29687 teams 2479/2479 matched, players 6599/7002 matched
2026-08-24 01:49:37,200 INFO ncaa_identity: contest_id=29755 teams 2522/2522 matched, players 6680/7195 matched
2026-08-24 01:49:38,775 INFO ncaa_identity: contest_id=29785 teams 2629/2629 matched, players 6714/7417 matched
2026-08-24 01:49:42,264 INFO ncaa_identity: contest_id=29852 teams 2081/2081 matched, players 5623/5897 matched
2026-08-24 01:49:44,406 INFO ncaa_identity: contest_id=29884 teams 2922/2922 matched, players 8253/8297 matched
2026-08-24 01:50:01,194 INFO ncaa_identity: contest_id=30343 teams 2556/2556 matched, players 6433/7182 matched
2026-08-24 01:50:04,391 INFO ncaa_identity: contest_id=30366 teams 1185/2334 matched, players 3324/6586 matched
2026-08-24 01:50:07,620 INFO ncaa_identity: contest_id=30398 teams 2477/2477 matched, players 6550/6995 matched
2026-08-24 01:50:08,985 INFO ncaa_identity: contest_id=30431 teams 2235/2235 matched, players 6220/6312 matched
2026-08-24 01:50:11,023 INFO ncaa_identity: contest_id=30450 teams 2728/2728 matched, players 7054/7681 matched
2026-08-24 01:50:15,644 INFO ncaa_identity: contest_id=30548 teams 2113/2113 matched, players 5840/5956 matched
2026-08-24 01:50:17,286 INFO ncaa_identity: contest_id=30591 teams 2493/2493 matched, players 6891/7028 matched
2026-08-24 01:50:20,280 INFO ncaa_identity: contest_id=30655 teams 2122/2122 matched, players 5462/5967 matched
2026-08-24 01:50:24,139 INFO ncaa_identity: contest_id=30699 teams 2690/2690 matched, players 6988/7618 matched
2026-08-24 01:50:25,628 INFO ncaa_identity: contest_id=30766 teams 1406/2732 matched, players 3889/7750 matched
2026-08-24 01:50:29,201 INFO ncaa_identity: contest_id=30819 teams 2358/2358 matched, players 6460/6657 matched
2026-08-24 01:50:31,912 INFO ncaa_identity: contest_id=30889 teams 1221/2291 matched, players 3286/6455 matched
2026-08-24 01:50:33,909 INFO ncaa_identity: contest_id=30912 teams 2711/2711 matched, players 7269/7625 matched
2026-08-24 01:50:35,616 INFO ncaa_identity: contest_id=30948 teams 2514/2514 matched, players 6732/7096 matched
2026-08-24 01:50:38,612 INFO ncaa_identity: contest_id=31036 teams 970/1933 matched, players 2373/5461 matched
2026-08-24 01:50:42,713 INFO ncaa_identity: contest_id=31120 teams 1296/2613 matched, players 3702/7378 matched
2026-08-24 01:50:44,245 INFO ncaa_identity: contest_id=31180 teams 2271/2271 matched, players 6256/6398 matched
2026-08-24 01:50:47,834 INFO ncaa_identity: contest_id=31280 teams 1417/2642 matched, players 3779/7387 matched
2026-08-24 01:50:49,899 INFO ncaa_identity: contest_id=31294 teams 2720/2720 matched, players 7509/7639 matched
2026-08-24 01:50:51,421 INFO ncaa_identity: contest_id=31306 teams 2305/2305 matched, players 5908/6473 matched
2026-08-24 01:50:53,374 INFO ncaa_identity: contest_id=31317 teams 2452/2452 matched, players 5739/6903 matched
2026-08-24 01:50:55,054 INFO ncaa_identity: contest_id=31331 teams 0/2222 matched, players 0/6254 matched
2026-08-24 01:50:57,317 INFO ncaa_identity: contest_id=31343 teams 2236/2236 matched, players 5806/6255 matched
2026-08-24 01:50:58,707 INFO ncaa_identity: contest_id=31365 teams 1177/2395 matched, players 3352/6768 matched
2026-08-24 01:51:02,342 INFO ncaa_identity: contest_id=31427 teams 1479/2908 matched, players 4031/8143 matched
2026-08-24 01:51:04,067 INFO ncaa_identity: contest_id=31465 teams 2618/2618 matched, players 6654/7421 matched
2026-08-24 01:51:05,499 INFO ncaa_identity: contest_id=31515 teams 2265/2265 matched, players 6308/6353 matched
2026-08-24 01:51:07,339 INFO ncaa_identity: contest_id=31554 teams 1212/2360 matched, players 3346/6657 matched
2026-08-24 01:51:08,599 INFO ncaa_identity: contest_id=31581 teams 2247/2247 matched, players 6259/6336 matched
2026-08-24 01:51:10,062 INFO ncaa_identity: contest_id=31605 teams 2152/2152 matched, players 5771/6056 matched
2026-08-24 01:51:11,380 INFO ncaa_identity: contest_id=31634 teams 1214/2358 matched, players 3373/6648 matched
2026-08-24 01:51:13,277 INFO ncaa_identity: contest_id=31709 teams 2271/2271 matched, players 6016/6414 matched
2026-08-24 01:51:14,706 INFO ncaa_identity: contest_id=31736 teams 2247/2247 matched, players 6158/6380 matched
2026-08-24 01:51:16,551 INFO ncaa_identity: contest_id=31761 teams 1244/2394 matched, players 3422/6767 matched
2026-08-24 01:51:21,417 INFO ncaa_identity: contest_id=31875 teams 1191/2298 matched, players 3263/6492 matched
2026-08-24 01:51:23,494 INFO ncaa_identity: contest_id=31888 teams 1351/2708 matched, players 3744/7643 matched
2026-08-24 01:51:27,082 INFO ncaa_identity: contest_id=31920 teams 2490/2490 matched, players 5910/7053 matched
2026-08-24 01:51:35,686 INFO ncaa_identity: contest_id=32044 teams 2677/2677 matched, players 7510/7572 matched
2026-08-24 01:51:39,028 INFO ncaa_identity: contest_id=32122 teams 1323/2615 matched, players 3749/7350 matched
2026-08-24 01:51:41,232 INFO ncaa_identity: contest_id=32147 teams 2594/2594 matched, players 7118/7324 matched
2026-08-24 01:51:47,131 INFO ncaa_identity: contest_id=32264 teams 1180/2336 matched, players 3372/6633 matched
2026-08-24 01:51:50,991 INFO ncaa_identity: contest_id=32292 teams 1881/3923 matched, players 5084/11175 matched
2026-08-24 01:51:52,749 INFO ncaa_identity: contest_id=32305 teams 2277/2277 matched, players 5889/6436 matched
2026-08-24 01:51:56,033 INFO ncaa_identity: contest_id=32352 teams 1154/2347 matched, players 420/979 matched
2026-08-24 01:51:57,841 INFO ncaa_identity: contest_id=32363 teams 1414/2774 matched, players 3875/7849 matched
2026-08-24 01:52:04,257 INFO ncaa_identity: contest_id=32404 teams 2719/2719 matched, players 7438/7686 matched
2026-08-24 01:52:07,648 INFO ncaa_identity: contest_id=32430 teams 2512/2512 matched, players 6487/7046 matched
2026-08-24 01:52:09,308 INFO ncaa_identity: contest_id=32446 teams 2328/2328 matched, players 6039/6561 matched
2026-08-24 01:52:10,026 WARNING ncaa_parse: family=lineups contest_id=32465 team=Syracuse produced NO good stints (26 bad, roster=11) -- parsed successfully but contributed nothing
2026-08-24 01:52:10,490 WARNING ncaa_parse: family=lineups contest_id=32465 team=UNLV produced NO good stints (27 bad, roster=8) -- parsed successfully but contributed nothing
2026-08-24 01:52:19,775 INFO ncaa_identity: contest_id=32524 teams 2359/2359 matched, players 6287/6639 matched
2026-08-24 01:52:21,619 INFO ncaa_identity: contest_id=32534 teams 2793/2793 matched, players 7401/7881 matched
2026-08-24 01:52:24,358 INFO ncaa_identity: contest_id=32555 teams 2356/2356 matched, players 6338/6640 matched
2026-08-24 01:52:26,155 INFO ncaa_identity: contest_id=32566 teams 2510/2510 matched, players 5830/7105 matched
2026-08-24 01:52:29,656 INFO ncaa_identity: contest_id=32597 teams 1266/2470 matched, players 3494/6924 matched
2026-08-24 01:52:31,626 INFO ncaa_identity: contest_id=32618 teams 2456/2456 matched, players 6458/6944 matched
2026-08-24 01:52:33,182 INFO ncaa_identity: contest_id=32637 teams 2595/2595 matched, players 6789/7277 matched
2026-08-24 01:52:36,579 INFO ncaa_identity: contest_id=32672 teams 2443/2443 matched, players 6501/6900 matched
2026-08-24 01:52:40,162 INFO ncaa_identity: contest_id=32757 teams 2554/2554 matched, players 6541/7152 matched
2026-08-24 01:52:43,394 INFO ncaa_identity: contest_id=32816 teams 1017/2124 matched, players 2986/5973 matched
2026-08-24 01:52:45,225 INFO ncaa_identity: contest_id=32845 teams 2250/2250 matched, players 5321/6355 matched
2026-08-24 01:52:46,708 INFO ncaa_identity: contest_id=32880 teams 2578/2578 matched, players 6779/7263 matched
2026-08-24 01:52:48,473 INFO ncaa_identity: contest_id=32921 teams 2438/2438 matched, players 6768/6897 matched
2026-08-24 01:52:49,799 INFO ncaa_identity: contest_id=32946 teams 2137/2137 matched, players 5488/6006 matched
2026-08-24 01:52:53,090 INFO ncaa_identity: contest_id=33071 teams 2353/2353 matched, players 6443/6610 matched
2026-08-24 01:52:54,983 INFO ncaa_identity: contest_id=33087 teams 2391/2391 matched, players 6638/6762 matched
2026-08-24 01:52:56,555 INFO ncaa_identity: contest_id=33103 teams 2424/2424 matched, players 6384/6812 matched
2026-08-24 01:52:59,371 INFO ncaa_identity: contest_id=33129 teams 2448/2448 matched, players 6491/6932 matched
2026-08-24 01:53:01,043 INFO ncaa_identity: contest_id=33142 teams 2236/2236 matched, players 5932/6311 matched
2026-08-24 01:53:10,619 INFO ncaa_identity: contest_id=33343 teams 2121/2121 matched, players 5550/5950 matched
2026-08-24 01:53:11,997 INFO ncaa_identity: contest_id=33379 teams 2321/2321 matched, players 5855/6547 matched
2026-08-24 01:53:14,144 INFO ncaa_identity: contest_id=33406 teams 2195/2195 matched, players 6168/6199 matched
2026-08-24 01:53:17,563 INFO ncaa_identity: contest_id=33498 teams 2189/2189 matched, players 5616/6080 matched
2026-08-24 01:53:20,485 INFO ncaa_identity: contest_id=33543 teams 2166/2166 matched, players 5244/6139 matched
2026-08-24 01:53:21,888 INFO ncaa_identity: contest_id=33569 teams 2504/2504 matched, players 6743/7053 matched
2026-08-24 01:53:23,776 INFO ncaa_identity: contest_id=33588 teams 2375/2375 matched, players 6601/6694 matched
2026-08-24 01:53:28,082 INFO ncaa_identity: contest_id=33669 teams 2044/2044 matched, players 5266/5768 matched
2026-08-24 01:53:29,584 INFO ncaa_identity: contest_id=33693 teams 2557/2557 matched, players 7008/7247 matched
2026-08-24 01:53:33,372 INFO ncaa_identity: contest_id=33760 teams 2515/2515 matched, players 6814/7102 matched
2026-08-24 01:53:39,271 INFO ncaa_identity: contest_id=33894 teams 2503/2503 matched, players 6642/7046 matched
2026-08-24 01:53:42,439 INFO ncaa_identity: contest_id=33982 teams 2247/2247 matched, players 6085/6323 matched
2026-08-24 01:53:44,186 INFO ncaa_identity: contest_id=34019 teams 2201/2201 matched, players 5922/6203 matched
2026-08-24 01:53:45,621 INFO ncaa_identity: contest_id=34059 teams 2497/2497 matched, players 6518/7007 matched
2026-08-24 01:53:49,024 INFO ncaa_identity: contest_id=34165 teams 2347/2347 matched, players 5937/6588 matched
2026-08-24 01:53:52,680 INFO ncaa_identity: contest_id=34192 teams 2742/2742 matched, players 7532/7750 matched
2026-08-24 01:53:55,876 INFO ncaa_identity: contest_id=34217 teams 2719/2719 matched, players 7398/7694 matched
2026-08-24 01:53:58,645 INFO ncaa_identity: contest_id=34274 teams 1184/2419 matched, players 3427/6867 matched
2026-08-24 01:54:00,481 INFO ncaa_identity: contest_id=34373 teams 2475/2475 matched, players 6572/7006 matched
2026-08-24 01:54:01,896 INFO ncaa_identity: contest_id=34412 teams 1102/2279 matched, players 3171/6431 matched
2026-08-24 01:54:03,436 INFO ncaa_identity: contest_id=34439 teams 2297/2297 matched, players 6069/6513 matched
2026-08-24 01:54:06,496 INFO ncaa_identity: contest_id=34522 teams 2228/2228 matched, players 6221/6258 matched
2026-08-24 01:54:11,525 INFO ncaa_identity: contest_id=34639 teams 1299/2599 matched, players 3689/7358 matched
2026-08-24 01:54:16,096 INFO ncaa_identity: contest_id=34707 teams 2486/2486 matched, players 6758/7001 matched
2026-08-24 01:54:19,566 INFO ncaa_identity: contest_id=34789 teams 2322/2322 matched, players 6242/6493 matched
2026-08-24 01:54:22,631 INFO ncaa_identity: contest_id=34853 teams 2433/2433 matched, players 6777/6885 matched
2026-08-24 01:54:24,446 INFO ncaa_identity: contest_id=34879 teams 2646/2646 matched, players 6865/7519 matched
2026-08-24 01:54:27,562 INFO ncaa_identity: contest_id=34956 teams 2630/2630 matched, players 7345/7381 matched
2026-08-24 01:54:35,539 INFO ncaa_identity: contest_id=35132 teams 2323/2323 matched, players 6404/6544 matched
2026-08-24 01:54:43,976 INFO ncaa_identity: contest_id=35317 teams 2377/2377 matched, players 6424/6683 matched
2026-08-24 01:54:49,177 INFO ncaa_identity: contest_id=35378 teams 2291/2291 matched, players 6074/6456 matched
2026-08-24 01:54:50,799 INFO ncaa_identity: contest_id=35404 teams 2215/2215 matched, players 5830/6286 matched
2026-08-24 01:54:53,459 INFO ncaa_identity: contest_id=35488 teams 2090/2090 matched, players 5338/5847 matched
2026-08-24 01:54:55,212 INFO ncaa_identity: contest_id=35537 teams 2197/2197 matched, players 6028/6158 matched
2026-08-24 01:54:56,385 INFO ncaa_identity: contest_id=35567 teams 2109/2109 matched, players 5728/5969 matched
2026-08-24 01:54:59,349 INFO ncaa_identity: contest_id=35658 teams 2270/2270 matched, players 6067/6386 matched
2026-08-24 01:55:01,030 INFO ncaa_identity: contest_id=35741 teams 2353/2353 matched, players 6061/6619 matched
2026-08-24 01:55:05,637 INFO ncaa_identity: contest_id=35800 teams 2228/2228 matched, players 6170/6219 matched
2026-08-24 01:55:07,325 INFO ncaa_identity: contest_id=35824 teams 2367/2367 matched, players 6454/6658 matched
2026-08-24 01:55:08,616 INFO ncaa_identity: contest_id=35844 teams 2457/2457 matched, players 6024/6912 matched
2026-08-24 01:55:10,486 INFO ncaa_identity: contest_id=35880 teams 2797/2797 matched, players 7429/7958 matched
2026-08-24 01:55:13,224 INFO ncaa_identity: contest_id=35945 teams 1308/2524 matched, players 3640/7095 matched
2026-08-24 01:55:20,780 INFO ncaa_identity: contest_id=36120 teams 2766/2766 matched, players 7271/7797 matched
2026-08-24 01:55:25,393 INFO ncaa_identity: contest_id=36230 teams 2802/2802 matched, players 6740/7931 matched
2026-08-24 01:55:35,074 INFO 5 starters not found for period 2; using estimate
2026-08-24 01:55:37,910 INFO ncaa_identity: contest_id=36468 teams 1379/2759 matched, players 3806/7796 matched
2026-08-24 01:55:39,377 INFO ncaa_identity: contest_id=36493 teams 1915/1915 matched, players 4974/5365 matched
2026-08-24 01:55:42,826 INFO ncaa_identity: contest_id=36569 teams 2244/2244 matched, players 6039/6322 matched
2026-08-24 01:55:44,804 INFO ncaa_identity: contest_id=36621 teams 2607/2607 matched, players 6945/7283 matched
2026-08-24 01:55:46,193 INFO ncaa_identity: contest_id=36676 teams 1301/2553 matched, players 3600/7229 matched
2026-08-24 01:55:51,801 INFO 5 starters not found for period 5; using estimate
2026-08-24 01:55:53,769 INFO ncaa_identity: contest_id=36872 teams 2937/2937 matched, players 8034/8328 matched
2026-08-24 01:55:55,271 INFO ncaa_identity: contest_id=36900 teams 2721/2721 matched, players 7671/7694 matched
2026-08-24 01:55:57,113 INFO ncaa_identity: contest_id=36928 teams 2516/2516 matched, players 6824/7081 matched
2026-08-24 01:56:01,625 INFO ncaa_identity: contest_id=37029 teams 2640/2640 matched, players 7239/7428 matched
2026-08-24 01:56:03,448 INFO ncaa_identity: contest_id=37060 teams 2456/2456 matched, players 6491/6879 matched
2026-08-24 01:56:08,342 INFO ncaa_identity: contest_id=37182 teams 2872/2872 matched, players 7912/8084 matched
2026-08-24 01:56:10,096 INFO ncaa_identity: contest_id=37210 teams 2322/2322 matched, players 6120/6553 matched
2026-08-24 01:56:16,879 INFO ncaa_identity: contest_id=37344 teams 2204/2204 matched, players 5346/6107 matched
2026-08-24 01:56:19,764 INFO ncaa_identity: contest_id=37408 teams 1951/1951 matched, players 5016/5469 matched
2026-08-24 01:56:23,084 INFO ncaa_identity: contest_id=37515 teams 2600/2600 matched, players 6917/7317 matched
2026-08-24 01:56:27,139 INFO ncaa_identity: contest_id=37555 teams 2187/2187 matched, players 5816/6132 matched
2026-08-24 01:56:29,729 INFO ncaa_identity: contest_id=37603 teams 2382/2382 matched, players 6376/6741 matched
2026-08-24 01:56:30,929 INFO ncaa_identity: contest_id=37620 teams 1204/2484 matched, players 2856/7014 matched
2026-08-24 01:56:32,580 INFO ncaa_identity: contest_id=37713 teams 2336/2336 matched, players 5600/6572 matched
2026-08-24 01:56:32,682 INFO 5 starters not found for period 5; using estimate
2026-08-24 01:56:49,404 INFO ncaa_identity: contest_id=38114 teams 2543/2543 matched, players 7018/7175 matched
2026-08-24 01:56:50,683 INFO ncaa_identity: contest_id=38151 teams 2311/2311 matched, players 5462/6540 matched
2026-08-24 01:56:55,465 INFO ncaa_identity: contest_id=38255 teams 2489/2489 matched, players 6495/6982 matched
2026-08-24 01:56:56,845 INFO ncaa_identity: contest_id=38295 teams 2198/2198 matched, players 5967/6189 matched
2026-08-24 01:56:58,808 INFO ncaa_identity: contest_id=38311 teams 2868/2868 matched, players 7555/8067 matched
2026-08-24 01:57:00,341 INFO ncaa_identity: contest_id=38367 teams 2542/2542 matched, players 6988/7158 matched
2026-08-24 01:57:09,693 INFO ncaa_identity: contest_id=38612 teams 2227/2227 matched, players 5875/6299 matched
2026-08-24 01:57:15,491 INFO ncaa_identity: contest_id=38669 teams 2553/2553 matched, players 7226/7271 matched
2026-08-24 01:57:16,953 INFO ncaa_identity: contest_id=38689 teams 1491/2913 matched, players 4196/8204 matched
2026-08-24 01:57:18,546 INFO ncaa_identity: contest_id=38709 teams 2302/2302 matched, players 5840/6478 matched
2026-08-24 01:57:19,791 INFO ncaa_identity: contest_id=38744 teams 2160/2160 matched, players 6108/6120 matched
2026-08-24 01:57:22,438 INFO ncaa_identity: contest_id=38849 teams 2095/2095 matched, players 5496/5905 matched
2026-08-24 01:57:25,077 INFO ncaa_identity: contest_id=38908 teams 978/1986 matched, players 342/723 matched
2026-08-24 01:57:31,079 INFO ncaa_identity: contest_id=39057 teams 2038/2038 matched, players 5494/5741 matched
2026-08-24 01:57:32,425 INFO ncaa_identity: contest_id=39082 teams 2654/2654 matched, players 7384/7557 matched
2026-08-24 01:57:33,954 INFO ncaa_identity: contest_id=39110 teams 2427/2427 matched, players 6416/6847 matched
2026-08-24 01:57:38,224 INFO ncaa_identity: contest_id=39211 teams 2160/2160 matched, players 5958/6092 matched
2026-08-24 01:57:44,549 INFO ncaa_identity: contest_id=39359 teams 2433/2433 matched, players 6827/6840 matched
2026-08-24 01:57:46,521 INFO ncaa_identity: contest_id=39394 teams 2453/2453 matched, players 6634/6900 matched
2026-08-24 01:57:49,583 INFO ncaa_identity: contest_id=39471 teams 2513/2513 matched, players 6840/7110 matched
2026-08-24 01:57:55,735 INFO ncaa_identity: contest_id=39607 teams 2721/2721 matched, players 6526/7704 matched
2026-08-24 01:58:06,053 INFO ncaa_identity: contest_id=39808 teams 2478/2478 matched, players 6786/6982 matched
2026-08-24 01:58:08,710 INFO ncaa_identity: contest_id=39924 teams 2219/2219 matched, players 5360/6291 matched
2026-08-24 01:58:10,679 INFO ncaa_identity: contest_id=39965 teams 2480/2480 matched, players 6944/6988 matched
2026-08-24 01:58:11,802 INFO ncaa_identity: contest_id=40003 teams 1823/1823 matched, players 4856/5080 matched
2026-08-24 01:58:14,683 INFO ncaa_identity: contest_id=40121 teams 1583/1583 matched, players 610/612 matched
2026-08-24 01:58:16,213 INFO ncaa_identity: contest_id=40143 teams 2420/2420 matched, players 6733/6867 matched
2026-08-24 01:58:17,463 INFO ncaa_identity: contest_id=40166 teams 1915/1915 matched, players 5211/5392 matched
2026-08-24 01:58:22,079 INFO ncaa_identity: contest_id=40232 teams 1187/2489 matched, players 3128/7013 matched
2026-08-24 01:58:24,943 INFO ncaa_identity: contest_id=40289 teams 2046/2046 matched, players 5750/5788 matched
2026-08-24 01:58:26,401 INFO ncaa_identity: contest_id=40311 teams 2173/2173 matched, players 5724/6135 matched
2026-08-24 01:58:27,846 INFO ncaa_identity: contest_id=40340 teams 2112/2112 matched, players 5802/5917 matched
2026-08-24 01:58:29,955 INFO ncaa_identity: contest_id=40363 teams 2890/2890 matched, players 7470/8159 matched
2026-08-24 01:58:31,225 INFO ncaa_identity: contest_id=40402 teams 2121/2121 matched, players 5780/5940 matched
2026-08-24 01:58:35,299 INFO ncaa_identity: contest_id=40470 teams 2841/2841 matched, players 7624/8040 matched
2026-08-24 01:58:38,061 INFO ncaa_identity: contest_id=40551 teams 2823/2823 matched, players 7883/8005 matched
2026-08-24 01:58:39,167 INFO ncaa_identity: contest_id=40583 teams 2187/2187 matched, players 5886/6182 matched
2026-08-24 01:58:44,894 INFO ncaa_identity: contest_id=40782 teams 2203/2203 matched, players 5741/6187 matched
2026-08-24 01:58:46,702 INFO ncaa_identity: contest_id=40794 teams 2243/2243 matched, players 5774/6361 matched
2026-08-24 01:58:48,020 INFO ncaa_identity: contest_id=40804 teams 2339/2339 matched, players 5765/6572 matched
2026-08-24 01:58:53,009 INFO ncaa_identity: contest_id=40851 teams 0/2759 matched, players 0/7781 matched
2026-08-24 01:58:54,608 INFO ncaa_identity: contest_id=40874 teams 2210/2210 matched, players 5951/6198 matched
2026-08-24 01:59:01,609 INFO ncaa_identity: contest_id=41035 teams 2178/2178 matched, players 6105/6150 matched
2026-08-24 01:59:03,032 INFO ncaa_identity: contest_id=41090 teams 2278/2278 matched, players 5978/6447 matched
2026-08-24 01:59:06,035 INFO ncaa_identity: contest_id=41130 teams 2513/2513 matched, players 6203/7068 matched
2026-08-24 01:59:08,435 INFO ncaa_identity: contest_id=41171 teams 2008/2008 matched, players 5355/5668 matched
2026-08-24 01:59:14,827 INFO ncaa_identity: contest_id=41325 teams 2600/2600 matched, players 6821/7397 matched
2026-08-24 01:59:16,141 INFO ncaa_identity: contest_id=41349 teams 1994/1994 matched, players 5616/5638 matched
2026-08-24 01:59:17,329 INFO ncaa_identity: contest_id=41362 teams 2259/2259 matched, players 5474/6383 matched
2026-08-24 01:59:21,342 INFO ncaa_identity: contest_id=41427 teams 2341/2341 matched, players 6003/6589 matched
2026-08-24 01:59:23,250 INFO ncaa_identity: contest_id=41447 teams 2389/2389 matched, players 5913/6749 matched
2026-08-24 01:59:33,372 INFO ncaa_identity: contest_id=41620 teams 2351/2351 matched, players 6576/6639 matched
2026-08-24 01:59:36,808 INFO ncaa_identity: contest_id=41640 teams 2462/2462 matched, players 6642/6934 matched
2026-08-24 01:59:38,863 INFO ncaa_identity: contest_id=41670 teams 2932/2932 matched, players 7417/8200 matched
2026-08-24 01:59:40,010 INFO ncaa_identity: contest_id=41680 teams 2356/2356 matched, players 6128/6653 matched
2026-08-24 01:59:41,396 INFO ncaa_identity: contest_id=41706 teams 1905/1905 matched, players 4941/5368 matched
2026-08-24 01:59:46,499 INFO ncaa_identity: contest_id=41773 teams 2288/2288 matched, players 5932/6433 matched
2026-08-24 01:59:47,927 INFO ncaa_identity: contest_id=41814 teams 2006/2006 matched, players 5223/5646 matched
2026-08-24 01:59:50,631 INFO ncaa_identity: contest_id=41834 teams 2188/2188 matched, players 5908/6237 matched
2026-08-24 01:59:52,442 INFO ncaa_identity: contest_id=41844 teams 2838/2838 matched, players 7354/8037 matched
2026-08-24 01:59:53,665 INFO ncaa_identity: contest_id=41861 teams 2192/2192 matched, players 5739/6160 matched
2026-08-24 01:59:55,598 INFO ncaa_identity: contest_id=41890 teams 2357/2357 matched, players 5754/6621 matched
2026-08-24 02:00:00,089 INFO ncaa_identity: contest_id=41945 teams 2511/2511 matched, players 6879/7102 matched
2026-08-24 02:00:05,931 INFO ncaa_identity: contest_id=42025 teams 2538/2538 matched, players 6930/7123 matched
2026-08-24 02:00:08,538 INFO ncaa_identity: contest_id=42045 teams 2664/2664 matched, players 7132/7544 matched
2026-08-24 02:00:11,601 INFO ncaa_identity: contest_id=42065 teams 2794/2794 matched, players 7854/7905 matched
2026-08-24 02:00:13,056 INFO 5 starters not found for period 5; using estimate
2026-08-24 02:00:15,733 INFO ncaa_identity: contest_id=42139 teams 2392/2392 matched, players 6514/6746 matched
2026-08-24 02:00:17,046 INFO ncaa_identity: contest_id=42156 teams 2183/2183 matched, players 5781/6138 matched
2026-08-24 02:00:18,494 INFO ncaa_identity: contest_id=42169 teams 2290/2290 matched, players 5905/6480 matched
2026-08-24 02:00:20,846 INFO ncaa_identity: contest_id=42192 teams 1784/1784 matched, players 4678/5002 matched
2026-08-24 02:00:22,293 INFO ncaa_identity: contest_id=42215 teams 1234/2482 matched, players 3616/7044 matched
2026-08-24 02:00:23,631 INFO ncaa_identity: contest_id=42225 teams 2046/2046 matched, players 5601/5722 matched
2026-08-24 02:00:32,073 INFO ncaa_identity: contest_id=42285 teams 2173/2173 matched, players 5645/6147 matched
2026-08-24 02:00:34,233 INFO ncaa_identity: contest_id=42295 teams 2157/2157 matched, players 5636/6060 matched
2026-08-24 02:00:39,106 INFO ncaa_identity: contest_id=42305 teams 1155/2312 matched, players 3240/6517 matched
2026-08-24 02:00:49,029 INFO ncaa_identity: contest_id=42342 teams 2686/2686 matched, players 7435/7599 matched
2026-08-24 02:00:52,969 INFO ncaa_identity: contest_id=42366 teams 1784/1784 matched, players 4890/5046 matched
2026-08-24 02:01:05,550 WARNING ncaa_parse: family=lineups contest_id=42426 team=Princeton produced NO good stints (28 bad, roster=13) -- parsed successfully but contributed nothing
2026-08-24 02:01:06,262 WARNING ncaa_parse: family=lineups contest_id=42426 team=Penn produced NO good stints (22 bad, roster=15) -- parsed successfully but contributed nothing
2026-08-24 02:01:12,152 INFO ncaa_identity: contest_id=42445 teams 2033/2033 matched, players 4811/5769 matched
2026-08-24 02:01:38,835 INFO ncaa_identity: contest_id=42498 teams 1430/2824 matched, players 3751/8040 matched
2026-08-24 02:01:49,788 INFO ncaa_identity: contest_id=42520 teams 2557/2557 matched, players 6702/7208 matched
2026-08-24 02:01:54,916 INFO ncaa_identity: contest_id=42530 teams 2215/2215 matched, players 5982/6267 matched
2026-08-24 02:02:09,623 INFO ncaa_identity: contest_id=42554 teams 2200/2200 matched, players 6065/6184 matched
2026-08-24 02:02:25,834 INFO ncaa_identity: contest_id=42587 teams 2130/2130 matched, players 5790/5996 matched
2026-08-24 02:02:31,648 INFO ncaa_identity: contest_id=1618569 teams 2569/2569 matched, players 6593/7045 matched
2026-08-24 02:02:35,686 INFO ncaa_identity: contest_id=1618580 teams 2567/2567 matched, players 6708/7250 matched
2026-08-24 02:02:41,309 INFO ncaa_identity: contest_id=1618590 teams 1253/2454 matched, players 3461/6827 matched
2026-08-24 02:02:58,471 INFO ncaa_identity: contest_id=1618624 teams 1296/2588 matched, players 3636/7274 matched
2026-08-24 02:03:03,617 INFO ncaa_identity: contest_id=1618634 teams 2982/2982 matched, players 8226/8240 matched
2026-08-24 02:03:15,194 INFO ncaa_identity: contest_id=1618655 teams 1426/2757 matched, players 3908/7745 matched
2026-08-24 02:03:43,779 INFO ncaa_identity: contest_id=1618712 teams 1356/2734 matched, players 3817/7655 matched
2026-08-24 02:03:55,381 INFO ncaa_identity: contest_id=1618761 teams 2511/2511 matched, players 6826/7086 matched
2026-08-24 02:04:06,223 INFO ncaa_identity: contest_id=1618815 teams 3014/3014 matched, players 7742/7754 matched
2026-08-24 02:04:22,196 INFO ncaa_identity: contest_id=1618917 teams 2219/2219 matched, players 5717/6069 matched
2026-08-24 02:04:42,121 INFO ncaa_identity: contest_id=1618968 teams 1491/2900 matched, players 3802/8282 matched
2026-08-24 02:04:46,529 INFO ncaa_identity: contest_id=1619021 teams 2619/2619 matched, players 6390/7407 matched
2026-08-24 02:04:51,893 INFO ncaa_identity: contest_id=1619110 teams 2532/2532 matched, players 6734/7162 matched
2026-08-24 02:05:29,191 INFO ncaa_identity: contest_id=1619359 teams 2583/2583 matched, players 6869/7295 matched
2026-08-24 02:05:34,737 INFO ncaa_identity: contest_id=1619384 teams 2258/2258 matched, players 5789/6412 matched
2026-08-24 02:06:04,657 INFO ncaa_identity: contest_id=1619569 teams 2200/2200 matched, players 5936/6196 matched
[p1_s_e_e] [WARNING] [TeamId(name='UNCW')]v[TeamId(name='Presbyterian')] Flip court for periods: [[2]] because [total_shots={1: 28, 2: 24, 3: 1} long_shots={2: 24}]
2026-08-24 02:06:14,839 INFO ncaa_identity: contest_id=1619661 teams 2857/2857 matched, players 7703/8084 matched
2026-08-24 02:06:19,293 INFO ncaa_identity: contest_id=1619680 teams 2731/2731 matched, players 6485/6976 matched
2026-08-24 02:06:29,327 INFO ncaa_identity: contest_id=1619719 teams 1489/2952 matched, players 4190/8345 matched
2026-08-24 02:06:31,699 INFO ncaa_identity: contest_id=1619748 teams 2548/2548 matched, players 6804/7208 matched
2026-08-24 02:06:33,929 INFO ncaa_identity: contest_id=1619778 teams 2719/2719 matched, players 7170/7668 matched
2026-08-24 02:06:38,501 INFO ncaa_identity: contest_id=1619881 teams 1790/1790 matched, players 4992/5052 matched
2026-08-24 02:06:40,360 INFO ncaa_identity: contest_id=1619964 teams 2057/2057 matched, players 774/816 matched
2026-08-24 02:06:41,850 INFO ncaa_identity: contest_id=1619979 teams 2322/2322 matched, players 6150/6154 matched
2026-08-24 02:06:44,319 INFO ncaa_identity: contest_id=1620137 teams 4124/4124 matched, players 11455/11457 matched
2026-08-24 02:06:46,205 INFO ncaa_identity: contest_id=1620212 teams 1539/3047 matched, players 4156/8170 matched
2026-08-24 02:06:49,285 INFO ncaa_identity: contest_id=1620264 teams 1196/2273 matched, players 3279/6415 matched
2026-08-24 02:06:52,267 INFO ncaa_identity: contest_id=1620468 teams 2184/2184 matched, players 5708/6155 matched
2026-08-24 02:06:53,579 INFO ncaa_identity: contest_id=1620483 teams 2666/2666 matched, players 6934/7159 matched
2026-08-24 02:06:55,419 INFO ncaa_identity: contest_id=1620500 teams 2742/2742 matched, players 7123/7742 matched
2026-08-24 02:06:59,228 INFO ncaa_identity: contest_id=1620524 teams 2589/2589 matched, players 7143/7328 matched
2026-08-24 02:07:02,904 INFO ncaa_identity: contest_id=1620566 teams 1843/3483 matched, players 5037/9873 matched
2026-08-24 02:07:06,668 INFO ncaa_identity: contest_id=1620614 teams 2389/2389 matched, players 6343/6703 matched
2026-08-24 02:07:09,039 INFO ncaa_identity: contest_id=1620632 teams 1472/2858 matched, players 3576/8087 matched
2026-08-24 02:07:17,133 INFO ncaa_identity: contest_id=1620850 teams 2253/2253 matched, players 5774/6320 matched
2026-08-24 02:07:21,194 INFO ncaa_identity: contest_id=1620916 teams 2621/2621 matched, players 7095/7363 matched
2026-08-24 02:07:24,451 INFO ncaa_identity: contest_id=1620954 teams 1993/1993 matched, players 4258/5620 matched
2026-08-24 02:07:27,548 INFO ncaa_identity: contest_id=1620994 teams 2075/2075 matched, players 5608/5886 matched
2026-08-24 02:07:29,212 INFO ncaa_identity: contest_id=1621009 teams 2595/2595 matched, players 6308/7302 matched
2026-08-24 02:07:32,818 INFO ncaa_identity: contest_id=1621043 teams 3392/3392 matched, players 9309/9631 matched
2026-08-24 02:07:38,750 INFO ncaa_identity: contest_id=1621096 teams 2853/2853 matched, players 7221/7996 matched
2026-08-24 02:07:40,648 INFO ncaa_identity: contest_id=1621139 teams 2169/2169 matched, players 5650/6097 matched
2026-08-24 02:07:42,039 INFO ncaa_identity: contest_id=1621159 teams 2608/2608 matched, players 6950/7405 matched
2026-08-24 02:07:43,858 INFO ncaa_identity: contest_id=1621196 teams 2691/2691 matched, players 7582/7634 matched
2026-08-24 02:07:50,213 INFO ncaa_identity: contest_id=1621311 teams 2396/2396 matched, players 6224/6756 matched
2026-08-24 02:07:55,413 INFO ncaa_identity: contest_id=1621431 teams 3007/3007 matched, players 7972/8252 matched
2026-08-24 02:07:56,995 INFO ncaa_identity: contest_id=1621454 teams 2651/2651 matched, players 6910/7422 matched
2026-08-24 02:07:58,524 INFO ncaa_identity: contest_id=1621473 teams 2527/2527 matched, players 6739/6898 matched
2026-08-24 02:08:00,272 INFO ncaa_identity: contest_id=1621497 teams 2204/2204 matched, players 6018/6212 matched
2026-08-24 02:08:03,500 INFO ncaa_identity: contest_id=1621573 teams 1564/3006 matched, players 4249/8277 matched
2026-08-24 02:08:07,200 INFO ncaa_identity: contest_id=1621655 teams 3033/3033 matched, players 8381/8384 matched
2026-08-24 02:08:09,028 INFO ncaa_identity: contest_id=1621685 teams 2708/2708 matched, players 7052/7634 matched
2026-08-24 02:08:10,508 INFO ncaa_identity: contest_id=1621780 teams 2055/2055 matched, players 5381/5812 matched
2026-08-24 02:08:12,453 INFO ncaa_identity: contest_id=1621816 teams 2484/2484 matched, players 6700/7025 matched
2026-08-24 02:08:15,560 INFO ncaa_identity: contest_id=1621850 teams 2169/2169 matched, players 5699/6074 matched
2026-08-24 02:08:17,009 INFO ncaa_identity: contest_id=1621865 teams 2571/2571 matched, players 6340/7255 matched
2026-08-24 02:08:18,730 INFO ncaa_identity: contest_id=1621898 teams 1361/2640 matched, players 3703/7425 matched
2026-08-24 02:08:20,205 INFO ncaa_identity: contest_id=1621965 teams 1350/2716 matched, players 3742/7437 matched
2026-08-24 02:08:22,711 INFO ncaa_identity: contest_id=1621998 teams 1321/2650 matched, players 3766/7465 matched
2026-08-24 02:08:24,201 INFO ncaa_identity: contest_id=1622024 teams 2346/2346 matched, players 6243/6657 matched
2026-08-24 02:08:27,106 INFO ncaa_identity: contest_id=1622091 teams 986/1980 matched, players 2806/5541 matched
2026-08-24 02:08:28,110 INFO ncaa_identity: contest_id=1622121 teams 2015/2015 matched, players 5143/5667 matched
2026-08-24 02:08:31,136 INFO ncaa_identity: contest_id=1622310 teams 3014/3014 matched, players 7711/8523 matched
2026-08-24 02:08:32,962 INFO ncaa_identity: contest_id=1622364 teams 1081/2225 matched, players 360/861 matched
2026-08-24 02:08:34,423 INFO ncaa_identity: contest_id=1622409 teams 2477/2477 matched, players 6736/6991 matched
2026-08-24 02:08:37,665 INFO ncaa_identity: contest_id=1622513 teams 2033/2033 matched, players 4890/5742 matched
2026-08-24 02:08:39,073 INFO ncaa_identity: contest_id=1622530 teams 2102/2102 matched, players 5795/5928 matched
2026-08-24 02:08:48,247 INFO ncaa_identity: contest_id=1622591 teams 1212/2491 matched, players 2985/6973 matched
2026-08-24 02:08:54,372 INFO ncaa_identity: contest_id=1622731 teams 2550/2550 matched, players 6889/7164 matched
2026-08-24 02:08:57,570 INFO ncaa_identity: contest_id=1622771 teams 1382/2657 matched, players 3410/7278 matched
2026-08-24 02:09:07,047 INFO ncaa_identity: contest_id=1623016 teams 1162/2408 matched, players 3350/6764 matched
2026-08-24 02:09:12,231 INFO ncaa_identity: contest_id=1623119 teams 2384/2384 matched, players 6454/6677 matched
2026-08-24 02:09:16,904 INFO ncaa_identity: contest_id=1623300 teams 2828/2828 matched, players 7845/7999 matched
2026-08-24 02:09:20,239 INFO ncaa_identity: contest_id=1623370 teams 2387/2387 matched, players 6176/6541 matched
2026-08-24 02:09:21,969 INFO ncaa_identity: contest_id=1623420 teams 1340/2688 matched, players 3810/7555 matched
2026-08-24 02:09:30,723 INFO ncaa_identity: contest_id=1623509 teams 2508/2508 matched, players 6713/7067 matched
2026-08-24 02:09:34,424 INFO ncaa_identity: contest_id=1623569 teams 1375/2686 matched, players 3277/7523 matched
2026-08-24 02:09:36,007 INFO ncaa_identity: contest_id=1623608 teams 1988/1988 matched, players 5175/5582 matched
2026-08-24 02:09:37,502 INFO ncaa_identity: contest_id=1623654 teams 1371/2625 matched, players 3741/7355 matched
2026-08-24 02:09:41,042 INFO ncaa_identity: contest_id=1623728 teams 2090/2090 matched, players 5098/5864 matched
2026-08-24 02:09:42,812 INFO ncaa_identity: contest_id=1623771 teams 1134/2231 matched, players 3219/6334 matched
2026-08-24 02:09:46,033 INFO ncaa_identity: contest_id=1623868 teams 2529/2529 matched, players 6995/7153 matched
2026-08-24 02:09:48,365 INFO ncaa_identity: contest_id=1623908 teams 1478/2936 matched, players 3624/7667 matched
2026-08-24 02:09:49,940 INFO ncaa_identity: contest_id=1623948 teams 1418/2700 matched, players 3806/7601 matched
2026-08-24 02:09:52,987 INFO ncaa_identity: contest_id=1624015 teams 2709/2709 matched, players 7095/7107 matched
2026-08-24 02:09:54,682 INFO ncaa_identity: contest_id=1624039 teams 2267/2267 matched, players 6236/6367 matched
2026-08-24 02:09:56,034 INFO ncaa_identity: contest_id=1624057 teams 2164/2164 matched, players 5157/6112 matched
2026-08-24 02:10:01,572 INFO ncaa_identity: contest_id=1624152 teams 1391/2737 matched, players 3872/7754 matched
2026-08-24 02:10:07,985 INFO ncaa_identity: contest_id=1624288 teams 1977/1977 matched, players 5130/5530 matched
2026-08-24 02:10:12,270 INFO ncaa_identity: contest_id=1624318 teams 2656/2656 matched, players 7170/7479 matched
2026-08-24 02:10:15,464 INFO ncaa_identity: contest_id=1624423 teams 1310/2670 matched, players 3815/7535 matched
2026-08-24 02:10:18,903 INFO ncaa_identity: contest_id=1624467 teams 2165/2165 matched, players 5858/6065 matched
2026-08-24 02:10:26,793 INFO ncaa_identity: contest_id=1624554 teams 2319/2319 matched, players 6225/6533 matched
2026-08-24 02:10:30,012 INFO ncaa_identity: contest_id=1624584 teams 2397/2397 matched, players 6441/6746 matched
2026-08-24 02:10:33,559 INFO ncaa_identity: contest_id=1624604 teams 2278/2278 matched, players 6241/6434 matched
2026-08-24 02:10:39,087 INFO ncaa_identity: contest_id=1624644 teams 2519/2519 matched, players 6799/7196 matched
2026-08-24 02:10:42,446 INFO ncaa_identity: contest_id=1624666 teams 2354/2354 matched, players 6281/6625 matched
2026-08-24 02:10:44,038 INFO ncaa_identity: contest_id=1624677 teams 2466/2466 matched, players 586/760 matched
2026-08-24 02:10:45,646 INFO ncaa_identity: contest_id=1624691 teams 2288/2288 matched, players 5482/6388 matched
2026-08-24 02:10:47,195 INFO ncaa_identity: contest_id=1624708 teams 2253/2253 matched, players 5792/6331 matched
2026-08-24 02:10:50,303 INFO ncaa_identity: contest_id=1624768 teams 2682/2682 matched, players 6968/7620 matched
2026-08-24 02:10:54,959 INFO ncaa_identity: contest_id=1624832 teams 3664/3664 matched, players 10158/10161 matched
2026-08-24 02:10:56,762 INFO ncaa_identity: contest_id=1624858 teams 2485/2485 matched, players 6450/7009 matched
2026-08-24 02:11:04,094 INFO ncaa_identity: contest_id=1624955 teams 2614/2614 matched, players 6815/7396 matched
2026-08-24 02:11:05,978 INFO ncaa_identity: contest_id=1625010 teams 1158/2312 matched, players 3228/6531 matched
2026-08-24 02:11:10,297 INFO ncaa_identity: contest_id=1625103 teams 1308/2572 matched, players 3149/7234 matched
2026-08-24 02:11:13,255 INFO ncaa_identity: contest_id=1625119 teams 1107/2231 matched, players 3138/6239 matched
2026-08-24 02:11:20,167 INFO ncaa_identity: contest_id=1625206 teams 2277/2277 matched, players 4985/6430 matched
2026-08-24 02:11:22,117 INFO ncaa_identity: contest_id=1625231 teams 2527/2527 matched, players 6784/6913 matched
2026-08-24 02:11:28,757 INFO ncaa_identity: contest_id=1625330 teams 1260/2486 matched, players 3158/6768 matched
2026-08-24 02:11:33,560 INFO ncaa_identity: contest_id=1625441 teams 3157/3157 matched, players 8170/8661 matched
2026-08-24 02:11:36,843 INFO ncaa_identity: contest_id=1625553 teams 2635/2635 matched, players 7206/7256 matched
2026-08-24 02:11:39,828 INFO ncaa_identity: contest_id=1625585 teams 2306/2306 matched, players 6140/6291 matched
2026-08-24 02:11:41,316 INFO ncaa_identity: contest_id=1625598 teams 2518/2518 matched, players 6871/6883 matched
2026-08-24 02:11:42,880 INFO ncaa_identity: contest_id=1625611 teams 2117/2117 matched, players 5611/5984 matched
2026-08-24 02:11:51,105 INFO ncaa_identity: contest_id=1625803 teams 2712/2712 matched, players 6962/6977 matched
2026-08-24 02:11:53,118 INFO ncaa_identity: contest_id=1625878 teams 3013/3013 matched, players 8346/8519 matched
2026-08-24 02:11:54,683 INFO ncaa_identity: contest_id=1625914 teams 2461/2461 matched, players 6686/6972 matched
2026-08-24 02:11:58,380 INFO ncaa_identity: contest_id=1625965 teams 1842/1842 matched, players 569/579 matched
2026-08-24 02:12:00,225 INFO ncaa_identity: contest_id=1625982 teams 2186/2186 matched, players 6042/6112 matched
2026-08-24 02:12:01,883 INFO ncaa_identity: contest_id=1626014 teams 2864/2864 matched, players 7818/7908 matched
2026-08-24 02:12:03,643 INFO ncaa_identity: contest_id=1626063 teams 2300/2300 matched, players 6001/6481 matched
2026-08-24 02:12:12,254 INFO ncaa_identity: contest_id=1626161 teams 2808/2808 matched, players 7548/7942 matched
2026-08-24 02:12:17,229 INFO ncaa_identity: contest_id=1626221 teams 2780/2780 matched, players 7289/7871 matched
2026-08-24 02:12:18,973 INFO ncaa_identity: contest_id=1626311 teams 1047/2129 matched, players 2953/5959 matched
2026-08-24 02:12:20,422 INFO ncaa_identity: contest_id=1626335 teams 2339/2339 matched, players 6583/6603 matched
2026-08-24 02:12:25,435 INFO ncaa_identity: contest_id=1626482 teams 2489/2489 matched, players 6812/7047 matched
2026-08-24 02:12:26,928 INFO ncaa_identity: contest_id=1626500 teams 2335/2335 matched, players 6167/6552 matched
2026-08-24 02:12:32,011 INFO ncaa_identity: contest_id=1626653 teams 2372/2372 matched, players 6264/6690 matched
2026-08-24 02:12:35,200 INFO ncaa_identity: contest_id=1626685 teams 2370/2370 matched, players 6391/6704 matched
2026-08-24 02:12:45,018 INFO ncaa_identity: contest_id=1626934 teams 2404/2404 matched, players 6548/6762 matched
2026-08-24 02:12:46,783 INFO ncaa_identity: contest_id=1626990 teams 2120/2120 matched, players 5724/5902 matched
2026-08-24 02:12:52,344 INFO ncaa_identity: contest_id=1627067 teams 1295/2627 matched, players 3572/7182 matched
2026-08-24 02:12:53,695 INFO ncaa_identity: contest_id=1627085 teams 2245/2245 matched, players 6259/6289 matched
2026-08-24 02:12:57,492 INFO ncaa_identity: contest_id=1627158 teams 2495/2495 matched, players 6955/7005 matched
2026-08-24 02:13:01,197 INFO ncaa_identity: contest_id=1627240 teams 2409/2409 matched, players 6376/6771 matched
2026-08-24 02:13:11,399 INFO ncaa_identity: contest_id=1627343 teams 2363/2363 matched, players 6096/6712 matched
2026-08-24 02:13:18,645 INFO ncaa_identity: contest_id=1627571 teams 2384/2384 matched, players 6658/6686 matched
2026-08-24 02:13:27,103 INFO ncaa_identity: contest_id=1627745 teams 2315/2315 matched, players 5892/6506 matched
2026-08-24 02:13:29,851 INFO ncaa_identity: contest_id=1627772 teams 1946/1946 matched, players 672/682 matched
2026-08-24 02:13:36,715 INFO ncaa_identity: contest_id=1627880 teams 2208/2208 matched, players 5804/6223 matched
2026-08-24 02:13:40,115 INFO ncaa_identity: contest_id=1628041 teams 2735/2735 matched, players 7149/7478 matched
2026-08-24 02:13:46,303 INFO ncaa_identity: contest_id=1628122 teams 2417/2417 matched, players 6617/6765 matched
2026-08-24 02:13:47,736 INFO ncaa_identity: contest_id=1628151 teams 1715/1715 matched, players 4412/4864 matched
2026-08-24 02:13:49,619 INFO ncaa_identity: contest_id=1628190 teams 2619/2619 matched, players 6517/7363 matched
2026-08-24 02:13:51,865 INFO ncaa_identity: contest_id=1628226 teams 3076/3076 matched, players 8672/8694 matched
2026-08-24 02:14:05,227 INFO ncaa_identity: contest_id=1628399 teams 1370/2690 matched, players 3665/7370 matched
2026-08-24 02:14:06,567 INFO ncaa_identity: contest_id=1628426 teams 2298/2298 matched, players 5704/6481 matched
2026-08-24 02:14:14,188 INFO ncaa_identity: contest_id=1628654 teams 2685/2685 matched, players 7301/7591 matched
2026-08-24 02:14:20,377 INFO 5 starters not found for period 1; using estimate
2026-08-24 02:14:20,377 INFO 5 starters not found for period 2; using estimate
2026-08-24 02:14:20,377 INFO 5 starters not found for period 2; using estimate
2026-08-24 02:14:23,681 INFO ncaa_identity: contest_id=1628812 teams 2422/2422 matched, players 6559/6834 matched
2026-08-24 02:14:27,620 INFO ncaa_identity: contest_id=1628842 teams 2633/2633 matched, players 7078/7249 matched
2026-08-24 02:14:32,680 INFO ncaa_identity: contest_id=1628929 teams 2976/2976 matched, players 7779/8289 matched
2026-08-24 02:14:39,454 INFO ncaa_identity: contest_id=1629112 teams 2191/2191 matched, players 5846/6213 matched
2026-08-24 02:14:41,452 INFO ncaa_identity: contest_id=1629141 teams 2373/2373 matched, players 5759/6713 matched
2026-08-24 02:14:43,746 INFO ncaa_identity: contest_id=1629176 teams 2408/2408 matched, players 6578/6778 matched
2026-08-24 02:14:50,434 INFO ncaa_identity: contest_id=1629241 teams 2465/2465 matched, players 6687/6976 matched
2026-08-24 02:14:52,736 INFO ncaa_identity: contest_id=1629276 teams 2762/2762 matched, players 6745/7761 matched
2026-08-24 02:14:54,730 INFO ncaa_identity: contest_id=1629330 teams 2342/2342 matched, players 6478/6618 matched
2026-08-24 02:14:58,890 INFO ncaa_identity: contest_id=1629386 teams 2436/2436 matched, players 6647/6857 matched
2026-08-24 02:15:00,687 INFO ncaa_identity: contest_id=1629397 teams 2636/2636 matched, players 7150/7151 matched
2026-08-24 02:15:02,442 INFO ncaa_identity: contest_id=1629421 teams 2190/2190 matched, players 5760/6139 matched
2026-08-24 02:15:11,367 INFO ncaa_identity: contest_id=1629520 teams 2368/2368 matched, players 6053/6649 matched
2026-08-24 02:15:17,275 INFO ncaa_identity: contest_id=1629718 teams 1132/2255 matched, players 3192/6343 matched
2026-08-24 02:15:19,210 INFO ncaa_identity: contest_id=1629751 teams 1977/1977 matched, players 5198/5504 matched
2026-08-24 02:15:25,328 INFO ncaa_identity: contest_id=1629874 teams 2638/2638 matched, players 6868/7444 matched
2026-08-24 02:15:36,743 INFO ncaa_identity: contest_id=1629998 teams 2007/2007 matched, players 5255/5634 matched
2026-08-24 02:15:43,122 INFO ncaa_identity: contest_id=1630126 teams 2061/2061 matched, players 5731/5793 matched
2026-08-24 02:15:49,296 INFO ncaa_identity: contest_id=1630263 teams 1342/2654 matched, players 3630/7263 matched
2026-08-24 02:15:53,009 INFO ncaa_identity: contest_id=1630309 teams 2643/2643 matched, players 7297/7453 matched
2026-08-24 02:15:56,265 INFO ncaa_identity: contest_id=1630381 teams 2779/2779 matched, players 7778/7811 matched
2026-08-24 02:15:57,646 INFO ncaa_identity: contest_id=1630424 teams 2188/2188 matched, players 5705/6161 matched
2026-08-24 02:15:59,396 INFO ncaa_identity: contest_id=1630452 teams 2298/2298 matched, players 6051/6415 matched
2026-08-24 02:16:02,731 INFO ncaa_identity: contest_id=1630480 teams 2620/2620 matched, players 7227/7233 matched
2026-08-24 02:16:12,313 INFO ncaa_identity: contest_id=1630729 teams 1295/2647 matched, players 3630/7263 matched
2026-08-24 02:16:13,895 INFO ncaa_identity: contest_id=1630754 teams 2396/2396 matched, players 6767/6781 matched
2026-08-24 02:16:15,458 INFO ncaa_identity: contest_id=1630777 teams 2262/2262 matched, players 6098/6161 matched
2026-08-24 02:16:20,615 INFO ncaa_identity: contest_id=1630907 teams 2860/2860 matched, players 7350/7833 matched
2026-08-24 02:16:23,550 INFO ncaa_identity: contest_id=1630932 teams 2128/2128 matched, players 5559/6003 matched
2026-08-24 02:16:28,025 INFO ncaa_identity: contest_id=1631028 teams 2572/2572 matched, players 6811/7299 matched
2026-08-24 02:16:31,509 INFO ncaa_identity: contest_id=1631061 teams 1204/2485 matched, players 2922/6806 matched
2026-08-24 02:16:34,488 INFO ncaa_identity: contest_id=1631172 teams 1950/1950 matched, players 5075/5489 matched
2026-08-24 02:16:36,155 INFO ncaa_identity: contest_id=1631256 teams 2347/2347 matched, players 5712/6609 matched
2026-08-24 02:16:40,949 INFO ncaa_identity: contest_id=1631328 teams 2793/2793 matched, players 5953/7616 matched
2026-08-24 02:16:42,585 INFO ncaa_identity: contest_id=1631345 teams 2889/2889 matched, players 7797/8202 matched
2026-08-24 02:16:43,886 INFO ncaa_identity: contest_id=1631390 teams 1984/1984 matched, players 5185/5584 matched
2026-08-24 02:16:46,801 INFO ncaa_identity: contest_id=1631464 teams 2469/2469 matched, players 6465/6975 matched
2026-08-24 02:16:50,372 INFO ncaa_identity: contest_id=1631521 teams 2630/2630 matched, players 6735/7217 matched
2026-08-24 02:16:57,215 INFO ncaa_identity: contest_id=1631580 teams 2221/2221 matched, players 5964/6222 matched
2026-08-24 02:16:58,738 INFO ncaa_identity: contest_id=1631603 teams 2115/2115 matched, players 5234/5940 matched
2026-08-24 02:17:00,836 INFO ncaa_identity: contest_id=1631652 teams 2933/2933 matched, players 7890/8103 matched
2026-08-24 02:17:05,239 INFO ncaa_identity: contest_id=1631820 teams 2138/2138 matched, players 5472/5994 matched
2026-08-24 02:17:13,543 INFO ncaa_identity: contest_id=1631987 teams 2173/2173 matched, players 5548/6139 matched
2026-08-24 02:17:14,831 INFO ncaa_identity: contest_id=1631998 teams 2372/2372 matched, players 6415/6711 matched
2026-08-24 02:17:16,356 INFO ncaa_identity: contest_id=1632010 teams 1117/2260 matched, players 3247/6420 matched
2026-08-24 02:17:23,186 INFO ncaa_identity: contest_id=1632099 teams 2261/2261 matched, players 6011/6390 matched
2026-08-24 02:17:24,468 INFO ncaa_identity: contest_id=1632151 teams 2239/2239 matched, players 5487/6314 matched
2026-08-24 02:17:26,003 INFO ncaa_identity: contest_id=1632214 teams 2252/2252 matched, players 6136/6343 matched
2026-08-24 02:17:27,261 INFO ncaa_identity: contest_id=1632280 teams 2342/2342 matched, players 6077/6622 matched
2026-08-24 02:17:32,479 INFO ncaa_identity: contest_id=1632367 teams 2639/2639 matched, players 7366/7491 matched
2026-08-24 02:17:34,274 INFO ncaa_identity: contest_id=1632392 teams 2390/2390 matched, players 6484/6742 matched
2026-08-24 02:17:36,391 INFO ncaa_identity: contest_id=1632425 teams 2439/2439 matched, players 6508/6858 matched
2026-08-24 02:17:37,980 INFO ncaa_identity: contest_id=1632454 teams 2511/2511 matched, players 6654/7038 matched
2026-08-24 02:17:40,055 INFO ncaa_identity: contest_id=1632487 teams 2394/2394 matched, players 809/816 matched
2026-08-24 02:17:47,804 INFO ncaa_identity: contest_id=1632566 teams 2400/2400 matched, players 6035/6591 matched
2026-08-24 02:17:49,343 INFO ncaa_identity: contest_id=1632576 teams 2045/2045 matched, players 4884/5719 matched
2026-08-24 02:17:52,778 INFO ncaa_identity: contest_id=1632598 teams 2740/2740 matched, players 7435/7727 matched
2026-08-24 02:17:56,969 INFO ncaa_identity: contest_id=1632641 teams 2330/2330 matched, players 6303/6316 matched
2026-08-24 02:18:02,416 INFO ncaa_identity: contest_id=1632716 teams 2387/2387 matched, players 6314/6502 matched
2026-08-24 02:18:04,496 INFO ncaa_identity: contest_id=1632727 teams 3010/3010 matched, players 8300/8302 matched
2026-08-24 02:18:06,078 INFO ncaa_identity: contest_id=1632795 teams 2190/2190 matched, players 5834/6196 matched
2026-08-24 02:18:13,340 INFO ncaa_identity: contest_id=1632840 teams 1984/1984 matched, players 4879/5397 matched
2026-08-24 02:18:18,595 INFO ncaa_identity: contest_id=1632889 teams 2327/2327 matched, players 5816/6399 matched
2026-08-24 02:18:20,656 INFO ncaa_identity: contest_id=1632911 teams 1255/2467 matched, players 3464/6944 matched
2026-08-24 02:18:22,396 INFO ncaa_identity: contest_id=1632944 teams 2375/2375 matched, players 6138/6514 matched
2026-08-24 02:18:24,807 INFO ncaa_identity: contest_id=1632991 teams 3197/3197 matched, players 8180/8810 matched
2026-08-24 02:18:27,706 INFO ncaa_identity: contest_id=1633022 teams 2063/2063 matched, players 5491/5823 matched
2026-08-24 02:18:32,025 INFO ncaa_identity: contest_id=1633074 teams 2528/2528 matched, players 7087/7137 matched
2026-08-24 02:18:35,025 INFO ncaa_identity: contest_id=1633109 teams 2403/2403 matched, players 6395/6791 matched
[p1_s_e_e] [WARNING] [TeamId(name='UNCW')]v[TeamId(name='Delaware')] Flip court for periods: [[2, 3, 4]] because [total_shots={1: 27, 2: 23, 3: 25, 4: 27} long_shots={2: 23, 3: 25, 4: 27}]
2026-08-24 02:18:43,112 INFO ncaa_identity: contest_id=1633183 teams 2874/2874 matched, players 7937/7945 matched
2026-08-24 02:18:44,848 INFO ncaa_identity: contest_id=1633193 teams 3246/3246 matched, players 7730/9227 matched
2026-08-24 02:18:46,527 INFO ncaa_identity: contest_id=1633203 teams 2227/2227 matched, players 6101/6265 matched
2026-08-24 02:18:58,645 INFO ncaa_identity: contest_id=1633389 teams 2336/2336 matched, players 6070/6572 matched
2026-08-24 02:19:00,076 INFO ncaa_identity: contest_id=1633401 teams 2614/2614 matched, players 6516/7393 matched
2026-08-24 02:19:01,630 INFO ncaa_identity: contest_id=1633413 teams 2374/2374 matched, players 5927/6707 matched
2026-08-24 02:19:05,204 INFO ncaa_identity: contest_id=1633446 teams 2349/2349 matched, players 6006/6610 matched
2026-08-24 02:19:08,651 INFO ncaa_identity: contest_id=1633466 teams 2586/2586 matched, players 6488/7286 matched
2026-08-24 02:19:10,444 INFO ncaa_identity: contest_id=1633478 teams 2453/2453 matched, players 6177/6918 matched
2026-08-24 02:19:21,062 INFO ncaa_identity: contest_id=1633601 teams 2698/2698 matched, players 6101/7417 matched
2026-08-24 02:19:23,880 INFO ncaa_identity: contest_id=1633631 teams 2120/2120 matched, players 5445/5971 matched
2026-08-24 02:19:25,400 INFO ncaa_identity: contest_id=1633643 teams 2722/2722 matched, players 6585/7680 matched
2026-08-24 02:19:27,060 INFO ncaa_identity: contest_id=1633653 teams 2486/2486 matched, players 6511/7017 matched
2026-08-24 02:19:31,910 INFO ncaa_identity: contest_id=1633697 teams 2612/2612 matched, players 6089/7149 matched
2026-08-24 02:19:33,487 INFO ncaa_identity: contest_id=1633710 teams 2560/2560 matched, players 6956/7203 matched
2026-08-24 02:19:35,033 INFO ncaa_identity: contest_id=1633720 teams 2691/2691 matched, players 7100/7399 matched
2026-08-24 02:19:36,908 INFO ncaa_identity: contest_id=1633730 teams 3189/3189 matched, players 7531/9030 matched
2026-08-24 02:19:39,616 INFO ncaa_identity: contest_id=1633750 teams 1206/2456 matched, players 3300/6740 matched
2026-08-24 02:19:40,954 INFO ncaa_identity: contest_id=1633760 teams 2272/2272 matched, players 6010/6210 matched
2026-08-24 02:19:52,608 INFO ncaa_identity: contest_id=1633840 teams 2684/2684 matched, players 6889/7330 matched
2026-08-24 02:19:54,245 INFO ncaa_identity: contest_id=1633850 teams 2051/2051 matched, players 5340/5739 matched
2026-08-24 02:19:58,636 INFO ncaa_identity: contest_id=1633880 teams 2393/2393 matched, players 5980/6724 matched
2026-08-24 02:20:00,716 INFO ncaa_identity: contest_id=1633890 teams 2432/2432 matched, players 6636/6648 matched
2026-08-24 02:20:02,354 INFO ncaa_identity: contest_id=1637700 teams 2847/2847 matched, players 7608/7609 matched
2026-08-24 02:20:06,761 INFO ncaa_identity: contest_id=1639791 teams 2444/2444 matched, players 6069/6898 matched
2026-08-24 02:20:13,785 INFO ncaa_identity: contest_id=1642024 teams 0/2756 matched, players 0/7781 matched
2026-08-24 02:20:17,078 INFO ncaa_identity: contest_id=1715535 teams 1130/2286 matched, players 3166/6261 matched
2026-08-24 02:20:18,273 INFO ncaa_identity: contest_id=1715612 teams 1947/1947 matched, players 5324/5493 matched
2026-08-24 02:20:20,123 INFO ncaa_identity: contest_id=1716039 teams 2203/2203 matched, players 5960/5961 matched
2026-08-24 02:20:21,840 INFO ncaa_identity: contest_id=1716267 teams 2285/2285 matched, players 6359/6440 matched
2026-08-24 02:20:27,392 INFO ncaa_identity: contest_id=1716378 teams 2659/2659 matched, players 6898/7501 matched
2026-08-24 02:20:35,068 INFO ncaa_identity: contest_id=1716627 teams 1860/1860 matched, players 4762/5186 matched
2026-08-24 02:20:36,324 INFO ncaa_identity: contest_id=1716855 teams 2535/2535 matched, players 6905/6967 matched
2026-08-24 02:20:37,791 INFO ncaa_identity: contest_id=1716887 teams 2136/2136 matched, players 5900/6056 matched
2026-08-24 02:20:41,830 INFO ncaa_identity: contest_id=1717201 teams 2255/2255 matched, players 5691/6345 matched
2026-08-24 02:20:44,940 INFO ncaa_identity: contest_id=1717256 teams 2271/2271 matched, players 6048/6204 matched
2026-08-24 02:20:46,427 INFO ncaa_identity: contest_id=1717565 teams 2316/2316 matched, players 5423/6538 matched
2026-08-24 02:20:47,677 INFO ncaa_identity: contest_id=1717575 teams 2015/2015 matched, players 5532/5602 matched
2026-08-24 02:20:49,185 INFO ncaa_identity: contest_id=1717589 teams 1081/2168 matched, players 2888/5910 matched
2026-08-24 02:20:50,585 INFO ncaa_identity: contest_id=1717879 teams 2285/2285 matched, players 5802/6419 matched
2026-08-24 02:20:53,904 INFO ncaa_identity: contest_id=1718075 teams 2580/2580 matched, players 6225/7195 matched
2026-08-24 02:21:01,398 INFO ncaa_identity: contest_id=1719731 teams 2697/2697 matched, players 7014/7634 matched
[p1_s_e_e] [WARNING] [TeamId(name='Texas')]v[TeamId(name='Indiana')] Flip court for periods: [[3, 4]] because [total_shots={1: 41, 2: 33, 3: 23, 4: 29} long_shots={3: 23, 4: 29}]
2026-08-24 02:21:05,791 INFO ncaa_identity: contest_id=1719751 teams 2911/2911 matched, players 6745/7984 matched
2026-08-24 02:21:09,263 INFO ncaa_identity: contest_id=1719771 teams 2457/2457 matched, players 5355/6638 matched
2026-08-24 02:21:14,769 INFO ncaa_identity: contest_id=1719847 teams 2327/2327 matched, players 5936/6409 matched
2026-08-24 02:21:25,066 INFO ncaa_identity: contest_id=1721850 teams 2358/2358 matched, players 6644/6646 matched
2026-08-24 02:21:27,322 INFO ncaa_identity: contest_id=1781579 teams 1400/2829 matched, players 3889/7754 matched
2026-08-24 02:21:29,203 INFO ncaa_identity: contest_id=1781590 teams 1306/2593 matched, players 3745/7323 matched
2026-08-24 02:21:31,088 INFO ncaa_identity: contest_id=1781600 teams 2906/2906 matched, players 7912/7995 matched
2026-08-24 02:21:33,102 INFO ncaa_identity: contest_id=1781610 teams 1617/3280 matched, players 4521/9051 matched
2026-08-24 02:21:37,444 INFO ncaa_identity: contest_id=1781632 teams 2610/2610 matched, players 6655/7302 matched
2026-08-24 02:21:39,127 INFO ncaa_identity: contest_id=1781644 teams 2365/2365 matched, players 5728/6659 matched
2026-08-24 02:21:40,877 INFO ncaa_identity: contest_id=1781654 teams 1200/2354 matched, players 3268/6422 matched
2026-08-24 02:21:42,927 INFO ncaa_identity: contest_id=1781664 teams 3175/3175 matched, players 8244/8730 matched
2026-08-24 02:21:44,962 INFO ncaa_identity: contest_id=1781674 teams 1516/2953 matched, players 4084/8064 matched
2026-08-24 02:21:46,585 INFO ncaa_identity: contest_id=1781684 teams 1307/2584 matched, players 3599/7117 matched
2026-08-24 02:21:48,359 INFO ncaa_identity: contest_id=1781694 teams 2491/2491 matched, players 6467/7019 matched
2026-08-24 02:21:50,515 INFO ncaa_identity: contest_id=1781704 teams 2755/2755 matched, players 6835/7628 matched
2026-08-24 02:21:56,624 INFO ncaa_identity: contest_id=1781739 teams 1535/3075 matched, players 4305/8435 matched
2026-08-24 02:21:58,519 INFO ncaa_identity: contest_id=1781749 teams 2714/2714 matched, players 7244/7468 matched
2026-08-24 02:22:02,863 INFO ncaa_identity: contest_id=1781861 teams 1533/3007 matched, players 3756/8284 matched
2026-08-24 02:22:04,920 INFO ncaa_identity: contest_id=1781901 teams 1493/2954 matched, players 4076/8102 matched
2026-08-24 02:22:07,008 INFO ncaa_identity: contest_id=1781920 teams 2907/2907 matched, players 7577/7977 matched
2026-08-24 02:22:11,071 INFO ncaa_identity: contest_id=1781996 teams 1496/2967 matched, players 3692/8300 matched
2026-08-24 02:22:13,289 INFO ncaa_identity: contest_id=1782033 teams 3738/3738 matched, players 10162/10316 matched
2026-08-24 02:22:16,576 INFO ncaa_identity: contest_id=1782098 teams 1299/2547 matched, players 3621/7152 matched
2026-08-24 02:22:20,062 INFO ncaa_identity: contest_id=1782248 teams 2677/2677 matched, players 6952/7356 matched
2026-08-24 02:22:30,758 INFO ncaa_identity: contest_id=1782393 teams 1549/3059 matched, players 4301/8462 matched
2026-08-24 02:22:34,299 INFO ncaa_identity: contest_id=1782436 teams 2856/2856 matched, players 7784/7785 matched
2026-08-24 02:22:36,711 INFO ncaa_identity: contest_id=1782503 teams 2704/2704 matched, players 6797/7436 matched
2026-08-24 02:22:47,292 INFO ncaa_identity: contest_id=1782659 teams 1879/3620 matched, players 5170/10029 matched
2026-08-24 02:22:51,228 INFO ncaa_identity: contest_id=1782696 teams 2570/2570 matched, players 7041/7055 matched
2026-08-24 02:22:55,846 INFO ncaa_identity: contest_id=1782746 teams 2682/2682 matched, players 6179/7378 matched
2026-08-24 02:23:01,607 INFO ncaa_identity: contest_id=1782801 teams 1497/2959 matched, players 4005/8092 matched
2026-08-24 02:23:03,133 INFO ncaa_identity: contest_id=1782904 teams 2880/2880 matched, players 7616/8171 matched
2026-08-24 02:23:05,093 INFO ncaa_identity: contest_id=1782934 teams 2665/2665 matched, players 6835/7329 matched
2026-08-24 02:23:10,472 INFO ncaa_identity: contest_id=1783115 teams 1325/2548 matched, players 3486/6970 matched
2026-08-24 02:23:20,432 INFO ncaa_identity: contest_id=1783447 teams 2935/2935 matched, players 7777/8060 matched
2026-08-24 02:23:22,021 INFO ncaa_identity: contest_id=1783460 teams 2484/2484 matched, players 6549/6999 matched
2026-08-24 02:23:28,636 INFO ncaa_identity: contest_id=1783539 teams 2524/2524 matched, players 6404/6933 matched
2026-08-24 02:23:31,126 INFO ncaa_identity: contest_id=1783554 teams 1328/2719 matched, players 3646/7514 matched
2026-08-24 02:23:42,778 INFO ncaa_identity: contest_id=1783780 teams 2319/2319 matched, players 6498/6533 matched
2026-08-24 02:23:46,751 INFO ncaa_identity: contest_id=1783828 teams 1281/2587 matched, players 3510/7052 matched
2026-08-24 02:23:52,592 INFO ncaa_identity: contest_id=1783913 teams 2713/2713 matched, players 7135/7440 matched
2026-08-24 02:23:54,957 INFO ncaa_identity: contest_id=1783928 teams 2920/2920 matched, players 7895/8101 matched
2026-08-24 02:23:57,287 INFO ncaa_identity: contest_id=1783945 teams 1436/2870 matched, players 3981/8067 matched
2026-08-24 02:23:59,029 INFO ncaa_identity: contest_id=1783964 teams 1225/2529 matched, players 3477/6912 matched
2026-08-24 02:24:02,783 INFO ncaa_identity: contest_id=1784078 teams 2727/2727 matched, players 6853/7499 matched
2026-08-24 02:24:08,317 INFO ncaa_identity: contest_id=1784308 teams 1360/2644 matched, players 3529/7141 matched
2026-08-24 02:24:15,164 INFO ncaa_identity: contest_id=1784455 teams 2371/2371 matched, players 6309/6429 matched
2026-08-24 02:24:16,923 INFO ncaa_identity: contest_id=1784468 teams 2848/2848 matched, players 7396/7819 matched
2026-08-24 02:24:20,194 INFO ncaa_identity: contest_id=1784495 teams 1473/2914 matched, players 4180/8237 matched
2026-08-24 02:24:25,721 INFO ncaa_identity: contest_id=1784567 teams 1787/3530 matched, players 4901/9734 matched
2026-08-24 02:24:29,108 INFO ncaa_identity: contest_id=1784721 teams 1460/2812 matched, players 3883/7705 matched
2026-08-24 02:24:30,744 INFO ncaa_identity: contest_id=1784758 teams 2451/2451 matched, players 6571/6721 matched
2026-08-24 02:24:33,071 INFO ncaa_identity: contest_id=1784784 teams 3234/3234 matched, players 8657/8927 matched
2026-08-24 02:24:36,537 INFO ncaa_identity: contest_id=1784838 teams 2333/2333 matched, players 6316/6398 matched
2026-08-24 02:24:38,444 INFO ncaa_identity: contest_id=1784863 teams 1463/2824 matched, players 3804/7728 matched
2026-08-24 02:24:40,328 INFO ncaa_identity: contest_id=1784877 teams 2965/2965 matched, players 7842/8128 matched
2026-08-24 02:24:41,742 INFO ncaa_identity: contest_id=1784888 teams 2250/2250 matched, players 5871/6353 matched
2026-08-24 02:24:43,187 INFO ncaa_identity: contest_id=1784905 teams 2310/2310 matched, players 6164/6488 matched
2026-08-24 02:24:44,777 INFO ncaa_identity: contest_id=1784920 teams 1319/2542 matched, players 3470/6897 matched
2026-08-24 02:24:48,072 INFO ncaa_identity: contest_id=1784946 teams 2636/2636 matched, players 7069/7392 matched
2026-08-24 02:24:49,946 INFO ncaa_identity: contest_id=1784969 teams 3107/3107 matched, players 8447/8528 matched
2026-08-24 02:24:52,019 INFO ncaa_identity: contest_id=1784989 teams 2679/2679 matched, players 6966/7286 matched
2026-08-24 02:25:01,158 INFO ncaa_identity: contest_id=1785135 teams 1603/3186 matched, players 4336/8750 matched
2026-08-24 02:25:02,905 INFO ncaa_identity: contest_id=1785176 teams 2457/2457 matched, players 6425/6693 matched
2026-08-24 02:25:04,805 INFO ncaa_identity: contest_id=1785204 teams 1978/1978 matched, players 5500/5588 matched
2026-08-24 02:25:10,171 INFO ncaa_identity: contest_id=1785292 teams 1365/2726 matched, players 3745/7513 matched
2026-08-24 02:25:15,925 INFO ncaa_identity: contest_id=1785359 teams 2785/2785 matched, players 7456/7655 matched
2026-08-24 02:25:17,873 INFO ncaa_identity: contest_id=1785400 teams 1095/2114 matched, players 2373/5952 matched
2026-08-24 02:25:21,611 INFO ncaa_identity: contest_id=1785478 teams 2493/2493 matched, players 6525/6844 matched
2026-08-24 02:25:33,073 INFO ncaa_identity: contest_id=1785688 teams 2538/2538 matched, players 6832/7150 matched
2026-08-24 02:25:37,294 INFO ncaa_identity: contest_id=1785785 teams 2326/2326 matched, players 5848/6352 matched
2026-08-24 02:25:39,381 INFO ncaa_identity: contest_id=1785796 teams 1428/2878 matched, players 3962/7924 matched
2026-08-24 02:25:43,712 INFO ncaa_identity: contest_id=1785826 teams 3951/3951 matched, players 10966/10987 matched
2026-08-24 02:25:45,749 INFO ncaa_identity: contest_id=1785881 teams 2384/2384 matched, players 6166/6721 matched
2026-08-24 02:25:47,746 INFO ncaa_identity: contest_id=1785925 teams 2839/2839 matched, players 7522/7771 matched
2026-08-24 02:26:37,617 INFO ncaa_identity: contest_id=1786283 teams 2223/2223 matched, players 6178/6286 matched
2026-08-24 02:26:59,471 INFO ncaa_identity: contest_id=1786313 teams 2565/2565 matched, players 6777/7039 matched
2026-08-24 02:27:06,260 INFO ncaa_identity: contest_id=1786335 teams 1481/2987 matched, players 4184/8183 matched
2026-08-24 02:27:20,334 INFO ncaa_identity: contest_id=1786403 teams 1266/2511 matched, players 3457/6849 matched
2026-08-24 02:27:29,226 INFO ncaa_identity: contest_id=1786455 teams 0/2809 matched, players 0/7712 matched
2026-08-24 02:27:37,170 INFO ncaa_identity: contest_id=1786504 teams 2487/2487 matched, players 6621/6834 matched
2026-08-24 02:27:57,251 INFO ncaa_identity: contest_id=1786665 teams 1291/2670 matched, players 3641/7345 matched
2026-08-24 02:28:04,590 INFO ncaa_identity: contest_id=1786709 teams 2451/2451 matched, players 6453/6935 matched
2026-08-24 02:28:25,344 INFO ncaa_identity: contest_id=1786817 teams 1433/2818 matched, players 3884/7771 matched
2026-08-24 02:28:30,725 INFO ncaa_identity: contest_id=1786832 teams 2692/2692 matched, players 7059/7397 matched
2026-08-24 02:28:37,241 INFO ncaa_identity: contest_id=1786842 teams 1373/2666 matched, players 3816/7474 matched
2026-08-24 02:29:13,060 INFO ncaa_identity: contest_id=1787023 teams 2203/2203 matched, players 5720/6209 matched
2026-08-24 02:29:39,130 INFO ncaa_identity: contest_id=1787134 teams 1143/2326 matched, players 2894/6323 matched
2026-08-24 02:29:45,115 INFO ncaa_identity: contest_id=1787147 teams 1587/3149 matched, players 4355/8693 matched
2026-08-24 02:29:52,054 INFO ncaa_identity: contest_id=1787177 teams 1605/3051 matched, players 3983/8654 matched
2026-08-24 02:30:22,054 INFO ncaa_identity: contest_id=1787312 teams 2714/2714 matched, players 7071/7456 matched
2026-08-24 02:30:27,738 INFO ncaa_identity: contest_id=1787330 teams 2005/2005 matched, players 845/847 matched
2026-08-24 02:30:33,366 INFO ncaa_identity: contest_id=1787352 teams 2402/2402 matched, players 6365/6620 matched
2026-08-24 02:30:44,549 INFO ncaa_identity: contest_id=1787396 teams 1493/2909 matched, players 3959/7972 matched
2026-08-24 02:30:49,208 INFO ncaa_identity: contest_id=1787407 teams 2903/2903 matched, players 7560/7964 matched
2026-08-24 02:30:52,292 INFO ncaa_identity: contest_id=1787432 teams 2600/2600 matched, players 7080/7126 matched
2026-08-24 02:30:54,667 INFO ncaa_identity: contest_id=1787450 teams 2203/2203 matched, players 6046/6187 matched
2026-08-24 02:30:56,777 INFO ncaa_identity: contest_id=1787477 teams 2531/2531 matched, players 6447/6942 matched
2026-08-24 02:31:00,649 INFO ncaa_identity: contest_id=1787536 teams 2443/2443 matched, players 6589/6688 matched
2026-08-24 02:31:08,424 INFO ncaa_identity: contest_id=1787628 teams 1252/2456 matched, players 3346/6691 matched
2026-08-24 02:31:09,849 INFO ncaa_identity: contest_id=1787639 teams 2040/2040 matched, players 5148/5724 matched
2026-08-24 02:31:13,956 INFO ncaa_identity: contest_id=1787666 teams 2496/2496 matched, players 6872/6890 matched
2026-08-24 02:31:16,718 INFO ncaa_identity: contest_id=1787677 teams 1237/2451 matched, players 3326/6669 matched
2026-08-24 02:31:19,856 INFO ncaa_identity: contest_id=1787688 teams 2314/2314 matched, players 6172/6510 matched
2026-08-24 02:31:36,441 INFO ncaa_identity: contest_id=1787798 teams 3404/3404 matched, players 9249/9397 matched
2026-08-24 02:31:40,545 INFO ncaa_identity: contest_id=1787855 teams 2547/2547 matched, players 6745/6958 matched
2026-08-24 02:31:42,195 INFO ncaa_identity: contest_id=1787875 teams 2761/2761 matched, players 7042/7553 matched
2026-08-24 02:31:44,137 INFO ncaa_identity: contest_id=1787955 teams 1386/2708 matched, players 3333/7465 matched
2026-08-24 02:31:45,920 INFO ncaa_identity: contest_id=1787974 teams 3145/3145 matched, players 8344/8691 matched
2026-08-24 02:31:48,346 INFO ncaa_identity: contest_id=1787986 teams 3128/3128 matched, players 8518/8519 matched
2026-08-24 02:31:54,150 INFO ncaa_identity: contest_id=1788036 teams 2456/2456 matched, players 6484/6911 matched
2026-08-24 02:31:57,642 INFO ncaa_identity: contest_id=1788069 teams 2228/2228 matched, players 5726/6093 matched
2026-08-24 02:31:59,985 INFO ncaa_identity: contest_id=1788089 teams 1281/2486 matched, players 3423/6782 matched
2026-08-24 02:32:01,960 INFO ncaa_identity: contest_id=1788111 teams 2508/2508 matched, players 6665/7096 matched
2026-08-24 02:32:06,173 INFO ncaa_identity: contest_id=1788201 teams 2565/2565 matched, players 6364/7039 matched
2026-08-24 02:32:14,297 INFO ncaa_identity: contest_id=1788254 teams 2323/2323 matched, players 5240/6343 matched
2026-08-24 02:32:20,716 INFO ncaa_identity: contest_id=1788341 teams 1403/2800 matched, players 3440/7680 matched
2026-08-24 02:32:23,312 INFO ncaa_identity: contest_id=1788383 teams 1352/2703 matched, players 3654/7393 matched
2026-08-24 02:32:25,229 INFO ncaa_identity: contest_id=1788458 teams 2493/2493 matched, players 6660/7006 matched
2026-08-24 02:32:27,537 INFO ncaa_identity: contest_id=1788504 teams 2701/2701 matched, players 7038/7388 matched
2026-08-24 02:32:30,384 INFO ncaa_identity: contest_id=1788522 teams 2514/2514 matched, players 6123/6882 matched
2026-08-24 02:32:37,353 INFO ncaa_identity: contest_id=1788608 teams 3465/3465 matched, players 9688/9870 matched
2026-08-24 02:32:44,000 INFO ncaa_identity: contest_id=1788742 teams 2962/2962 matched, players 7893/8178 matched
2026-08-24 02:32:52,286 INFO ncaa_identity: contest_id=1788799 teams 2803/2803 matched, players 7598/7686 matched
2026-08-24 02:32:56,691 INFO ncaa_identity: contest_id=1788866 teams 1360/2761 matched, players 3662/7618 matched
2026-08-24 02:33:07,178 INFO ncaa_identity: contest_id=1789050 teams 3104/3104 matched, players 7933/8561 matched
2026-08-24 02:33:31,980 INFO ncaa_identity: contest_id=1789244 teams 2570/2570 matched, players 7034/7039 matched
2026-08-24 02:33:48,127 INFO ncaa_identity: contest_id=1789285 teams 2507/2507 matched, players 6663/6869 matched
2026-08-24 02:33:53,419 INFO ncaa_identity: contest_id=1789296 teams 2563/2563 matched, players 6805/7024 matched
2026-08-24 02:33:59,647 INFO ncaa_identity: contest_id=1789310 teams 2561/2561 matched, players 6240/6950 matched
2026-08-24 02:34:05,770 INFO ncaa_identity: contest_id=1789366 teams 2645/2645 matched, players 6838/7252 matched
2026-08-24 02:34:28,188 INFO ncaa_identity: contest_id=1789494 teams 2641/2641 matched, players 7029/7247 matched
2026-08-24 02:34:42,450 INFO ncaa_identity: contest_id=1789589 teams 2630/2630 matched, players 6956/7231 matched
2026-08-24 02:34:59,143 INFO ncaa_identity: contest_id=1789683 teams 2829/2829 matched, players 7256/7781 matched
2026-08-24 02:35:04,340 INFO ncaa_identity: contest_id=1789718 teams 2130/2130 matched, players 5545/5828 matched
2026-08-24 02:35:39,143 INFO ncaa_identity: contest_id=1789889 teams 3134/3134 matched, players 8105/8597 matched
2026-08-24 02:36:03,896 INFO ncaa_identity: contest_id=1790002 teams 2588/2588 matched, players 7059/7094 matched
2026-08-24 02:36:19,507 INFO ncaa_identity: contest_id=1790164 teams 2377/2377 matched, players 6006/6483 matched
2026-08-24 02:36:31,776 INFO ncaa_identity: contest_id=1790266 teams 2913/2913 matched, players 7719/8237 matched
2026-08-24 02:36:35,711 INFO ncaa_identity: contest_id=1790309 teams 2497/2497 matched, players 6601/6805 matched
2026-08-24 02:37:08,610 INFO ncaa_identity: contest_id=1790464 teams 2518/2518 matched, players 6710/6900 matched
2026-08-24 02:37:21,709 INFO ncaa_identity: contest_id=1790528 teams 2681/2681 matched, players 7065/7289 matched
2026-08-24 02:37:33,761 INFO ncaa_identity: contest_id=1790656 teams 2716/2716 matched, players 6738/7469 matched
2026-08-24 02:37:43,311 INFO ncaa_identity: contest_id=1790710 teams 2422/2422 matched, players 6618/6657 matched
2026-08-24 02:37:55,701 INFO ncaa_identity: contest_id=1790790 teams 2983/2983 matched, players 7758/8237 matched
2026-08-24 02:37:59,673 INFO ncaa_identity: contest_id=1790893 teams 2160/2160 matched, players 5355/5886 matched
2026-08-24 02:38:03,703 INFO ncaa_identity: contest_id=1790929 teams 2235/2235 matched, players 6107/6116 matched
2026-08-24 02:38:06,153 INFO ncaa_identity: contest_id=1790941 teams 2384/2384 matched, players 6347/6521 matched
2026-08-24 02:38:08,157 INFO ncaa_identity: contest_id=1790954 teams 2693/2693 matched, players 6966/7382 matched
2026-08-24 02:38:13,059 INFO ncaa_identity: contest_id=1790983 teams 3045/3045 matched, players 8296/8610 matched
2026-08-24 02:38:14,884 INFO ncaa_identity: contest_id=1791020 teams 2317/2317 matched, players 5996/6510 matched
2026-08-24 02:38:17,066 INFO ncaa_identity: contest_id=1791071 teams 2207/2207 matched, players 5875/6253 matched
2026-08-24 02:38:18,875 INFO ncaa_identity: contest_id=1791162 teams 2818/2818 matched, players 7554/7759 matched
2026-08-24 02:38:23,631 INFO ncaa_identity: contest_id=1791230 teams 1084/2235 matched, players 3009/6126 matched
2026-08-24 02:38:42,662 INFO ncaa_identity: contest_id=1791475 teams 2720/2720 matched, players 7280/7450 matched
2026-08-24 02:38:42,895 INFO 5 starters not found for period 5; using estimate
2026-08-24 02:38:46,999 INFO ncaa_identity: contest_id=1791509 teams 1142/2295 matched, players 3136/6269 matched
2026-08-24 02:38:54,479 INFO ncaa_identity: contest_id=1791709 teams 2372/2372 matched, players 5981/6457 matched
2026-08-24 02:38:58,082 INFO ncaa_identity: contest_id=1791759 teams 2401/2401 matched, players 6032/6575 matched
2026-08-24 02:39:00,106 INFO ncaa_identity: contest_id=1791784 teams 2456/2456 matched, players 6029/6704 matched
2026-08-24 02:39:03,764 INFO ncaa_identity: contest_id=1791865 teams 2493/2493 matched, players 6803/6807 matched
2026-08-24 02:39:15,769 INFO ncaa_identity: contest_id=1792013 teams 2721/2721 matched, players 7146/7471 matched
2026-08-24 02:39:18,222 INFO ncaa_identity: contest_id=1792025 teams 3308/3308 matched, players 8880/9324 matched
2026-08-24 02:39:26,218 INFO ncaa_identity: contest_id=1792225 teams 2265/2265 matched, players 5973/6377 matched
2026-08-24 02:39:32,490 INFO ncaa_identity: contest_id=1792335 teams 2731/2731 matched, players 7463/7472 matched
2026-08-24 02:39:36,506 INFO ncaa_identity: contest_id=1792415 teams 2885/2885 matched, players 7917/7923 matched
2026-08-24 02:39:44,812 INFO ncaa_identity: contest_id=1792468 teams 2412/2412 matched, players 6192/6584 matched
2026-08-24 02:39:48,757 INFO ncaa_identity: contest_id=1792541 teams 2500/2500 matched, players 6999/7038 matched
2026-08-24 02:39:52,155 INFO ncaa_identity: contest_id=1792581 teams 2221/2221 matched, players 5665/6219 matched
2026-08-24 02:39:53,734 INFO ncaa_identity: contest_id=1792623 teams 1249/2495 matched, players 3453/6863 matched
2026-08-24 02:39:58,148 INFO ncaa_identity: contest_id=1792751 teams 3055/3055 matched, players 8250/8432 matched
2026-08-24 02:39:59,907 INFO ncaa_identity: contest_id=1792778 teams 1360/2754 matched, players 3838/7580 matched
2026-08-24 02:40:25,166 INFO ncaa_identity: contest_id=1793109 teams 2253/2253 matched, players 5963/6153 matched
2026-08-24 02:40:29,218 INFO ncaa_identity: contest_id=1793279 teams 2958/2958 matched, players 7594/8169 matched
2026-08-24 02:40:45,480 INFO ncaa_identity: contest_id=1793564 teams 2592/2592 matched, players 6538/7238 matched
2026-08-24 02:40:47,178 INFO ncaa_identity: contest_id=1793581 teams 2440/2440 matched, players 6671/6683 matched
2026-08-24 02:40:51,920 INFO ncaa_identity: contest_id=1793650 teams 2394/2394 matched, players 6170/6558 matched
2026-08-24 02:40:55,070 INFO ncaa_identity: contest_id=1793778 teams 2153/2153 matched, players 5675/6020 matched
2026-08-24 02:40:56,930 INFO ncaa_identity: contest_id=1793806 teams 2411/2411 matched, players 6201/6846 matched
2026-08-24 02:40:58,657 INFO ncaa_identity: contest_id=1793820 teams 2185/2185 matched, players 5977/5986 matched
2026-08-24 02:41:04,363 INFO ncaa_identity: contest_id=1793899 teams 2941/2941 matched, players 7544/8244 matched
2026-08-24 02:41:09,993 INFO ncaa_identity: contest_id=1794056 teams 2914/2914 matched, players 7708/8034 matched
2026-08-24 02:41:17,686 INFO ncaa_identity: contest_id=1794108 teams 1306/2590 matched, players 3549/7084 matched
2026-08-24 02:41:21,763 INFO ncaa_identity: contest_id=1794144 teams 1774/1774 matched, players 4567/5002 matched
2026-08-24 02:41:29,254 INFO ncaa_identity: contest_id=1794341 teams 3066/3066 matched, players 8065/8460 matched
2026-08-24 02:41:39,786 INFO ncaa_identity: contest_id=1794528 teams 2517/2517 matched, players 6749/6899 matched
2026-08-24 02:41:45,768 INFO ncaa_identity: contest_id=1794563 teams 2195/2195 matched, players 5834/5931 matched
2026-08-24 02:41:50,155 INFO ncaa_identity: contest_id=1794629 teams 2466/2466 matched, players 6761/6770 matched
2026-08-24 02:41:57,121 INFO ncaa_identity: contest_id=1794814 teams 2760/2760 matched, players 7336/7593 matched
2026-08-24 02:42:05,985 INFO ncaa_identity: contest_id=1794950 teams 1573/1573 matched, players 3759/4383 matched
2026-08-24 02:42:13,879 INFO ncaa_identity: contest_id=1795113 teams 2751/2751 matched, players 7414/7593 matched
2026-08-24 02:42:32,620 INFO ncaa_identity: contest_id=1795438 teams 2127/2127 matched, players 5727/5810 matched
2026-08-24 02:42:34,650 INFO ncaa_identity: contest_id=1795471 teams 2626/2626 matched, players 6560/7216 matched
2026-08-24 02:42:36,977 INFO ncaa_identity: contest_id=1795523 teams 2839/2839 matched, players 7497/7806 matched
2026-08-24 02:42:37,144 INFO 5 starters not found for period 6; using estimate
2026-08-24 02:42:46,045 INFO ncaa_identity: contest_id=1795630 teams 2538/2538 matched, players 7073/7122 matched
2026-08-24 02:42:47,446 INFO ncaa_identity: contest_id=1795643 teams 2222/2222 matched, players 6030/6267 matched
2026-08-24 02:42:51,085 INFO ncaa_identity: contest_id=1795674 teams 2160/2160 matched, players 5872/5885 matched
2026-08-24 02:42:52,696 INFO ncaa_identity: contest_id=1795686 teams 2410/2410 matched, players 6097/6794 matched
2026-08-24 02:42:54,489 INFO ncaa_identity: contest_id=1795712 teams 1525/2855 matched, players 3913/7812 matched
2026-08-24 02:42:59,831 INFO ncaa_identity: contest_id=1795868 teams 2804/2804 matched, players 7262/7690 matched
2026-08-24 02:43:05,338 INFO ncaa_identity: contest_id=1795951 teams 1470/2926 matched, players 4120/8001 matched
2026-08-24 02:43:06,973 INFO ncaa_identity: contest_id=1796017 teams 2649/2649 matched, players 7006/7485 matched
2026-08-24 02:43:12,084 INFO ncaa_identity: contest_id=1796102 teams 1140/2289 matched, players 3161/6224 matched
2026-08-24 02:43:14,268 INFO ncaa_identity: contest_id=1796114 teams 2468/2468 matched, players 6669/6707 matched
2026-08-24 02:43:18,463 INFO ncaa_identity: contest_id=1796139 teams 2905/2905 matched, players 7739/7982 matched
2026-08-24 02:43:22,371 INFO ncaa_identity: contest_id=1796162 teams 2228/2228 matched, players 5928/6036 matched
2026-08-24 02:43:32,719 INFO ncaa_identity: contest_id=1796289 teams 2582/2582 matched, players 6659/7106 matched
2026-08-24 02:43:36,711 INFO ncaa_identity: contest_id=1796356 teams 2537/2537 matched, players 6927/6930 matched
2026-08-24 02:43:44,145 INFO ncaa_identity: contest_id=1796411 teams 2718/2718 matched, players 6904/7450 matched
2026-08-24 02:43:50,366 INFO ncaa_identity: contest_id=1796444 teams 2768/2768 matched, players 7502/7591 matched
2026-08-24 02:44:01,849 INFO ncaa_identity: contest_id=1796565 teams 2322/2322 matched, players 6329/6341 matched
2026-08-24 02:44:03,829 INFO ncaa_identity: contest_id=1796583 teams 1152/2342 matched, players 3182/6433 matched
2026-08-24 02:44:07,787 INFO ncaa_identity: contest_id=1796614 teams 2267/2267 matched, players 5891/6381 matched
2026-08-24 02:44:13,977 INFO ncaa_identity: contest_id=1796654 teams 3124/3124 matched, players 8466/8610 matched
2026-08-24 02:44:16,307 INFO ncaa_identity: contest_id=1796664 teams 2982/2982 matched, players 7840/8177 matched
2026-08-24 02:44:18,457 INFO ncaa_identity: contest_id=1796675 teams 2372/2372 matched, players 6102/6502 matched
2026-08-24 02:44:26,524 INFO ncaa_identity: contest_id=1796716 teams 2940/2940 matched, players 7593/8094 matched
2026-08-24 02:44:34,701 INFO ncaa_identity: contest_id=1796757 teams 2329/2329 matched, players 6347/6548 matched
2026-08-24 02:44:55,910 INFO ncaa_identity: contest_id=1814642 teams 1712/1712 matched, players 611/627 matched
2026-08-24 02:44:57,892 INFO ncaa_identity: contest_id=1814803 teams 2433/2433 matched, players 6646/6880 matched
2026-08-24 02:44:59,768 INFO ncaa_identity: contest_id=1814855 teams 2763/2763 matched, players 7612/7825 matched
2026-08-24 02:45:13,187 INFO ncaa_identity: contest_id=1968145 teams 2702/2702 matched, players 7448/7454 matched
2026-08-24 02:45:19,947 INFO ncaa_identity: contest_id=1969419 teams 2754/2754 matched, players 7330/7537 matched
2026-08-24 02:45:27,322 INFO ncaa_identity: contest_id=1969573 teams 2736/2736 matched, players 6982/7532 matched
2026-08-24 02:45:34,244 INFO ncaa_identity: contest_id=1970440 teams 2333/2333 matched, players 6327/6342 matched
2026-08-24 02:45:37,992 INFO ncaa_identity: contest_id=1971214 teams 2739/2739 matched, players 7196/7549 matched
2026-08-24 02:45:40,002 INFO ncaa_identity: contest_id=1971429 teams 2389/2389 matched, players 6279/6497 matched
2026-08-24 02:45:47,178 INFO ncaa_identity: contest_id=1972074 teams 2299/2299 matched, players 6388/6507 matched
2026-08-24 02:45:51,056 INFO ncaa_identity: contest_id=1978160 teams 2939/2939 matched, players 7656/8074 matched
2026-08-24 02:45:52,968 INFO ncaa_identity: contest_id=1978173 teams 2365/2365 matched, players 6299/6442 matched
2026-08-24 02:45:57,065 INFO ncaa_identity: contest_id=1978200 teams 1610/3268 matched, players 4467/9000 matched
2026-08-24 02:46:00,891 INFO ncaa_identity: contest_id=1978240 teams 1642/3125 matched, players 4286/8513 matched
2026-08-24 02:46:02,927 INFO ncaa_identity: contest_id=1978261 teams 3493/3493 matched, players 9522/9523 matched
2026-08-24 02:46:06,647 INFO ncaa_identity: contest_id=1978309 teams 2814/2814 matched, players 7363/7721 matched
2026-08-24 02:46:14,421 INFO ncaa_identity: contest_id=1978392 teams 2908/2908 matched, players 7920/8014 matched
2026-08-24 02:46:19,911 INFO ncaa_identity: contest_id=1978465 teams 2737/2737 matched, players 6211/7541 matched
2026-08-24 02:46:24,186 INFO ncaa_identity: contest_id=1978512 teams 2571/2571 matched, players 6836/7043 matched
2026-08-24 02:46:27,706 WARNING ncaa_parse: family=shots contest_id=1978581 team=New Hampshire SKIPPED (1 parse error(s)): No shot events found [<!DOCTYPE html> <html lang="en"> <head> <meta content="text/html; charset=utf-8" http-equiv="CONTENT-TYPE"/> <meta charset="utf-8"/> <meta...
2026-08-24 02:46:31,481 WARNING ncaa_parse: family=shots contest_id=1978610 team=Southeast Mo. St. SKIPPED (1 parse error(s)): No shot events found [<!DOCTYPE html> <html lang="en"> <head> <meta content="text/html; charset=utf-8" http-equiv="CONTENT-TYPE"/> <meta charset="utf-8"/> <meta...
2026-08-24 02:46:33,229 INFO ncaa_identity: contest_id=1978624 teams 1575/3070 matched, players 4280/8447 matched
2026-08-24 02:46:35,619 INFO ncaa_identity: contest_id=1978639 teams 1623/3224 matched, players 4455/8918 matched
2026-08-24 02:46:37,972 INFO ncaa_identity: contest_id=1978666 teams 1430/2826 matched, players 3853/7770 matched
2026-08-24 02:46:39,716 INFO ncaa_identity: contest_id=1978687 teams 1335/2635 matched, players 3677/7235 matched
2026-08-24 02:46:43,509 INFO ncaa_identity: contest_id=1978723 teams 1338/2590 matched, players 3554/7089 matched
2026-08-24 02:46:49,689 INFO ncaa_identity: contest_id=1978803 teams 2488/2488 matched, players 6857/6859 matched
2026-08-24 02:46:52,003 WARNING ncaa_parse: family=shots contest_id=1978816 team=Bradley SKIPPED (1 parse error(s)): No shot events found [<!DOCTYPE html> <html lang="en"> <head> <meta content="text/html; charset=utf-8" http-equiv="CONTENT-TYPE"/> <meta charset="utf-8"/> <meta...
2026-08-24 02:46:52,076 INFO ncaa_identity: contest_id=1978816 teams 1281/2561 matched, players 3430/7200 matched
2026-08-24 02:47:04,251 INFO ncaa_identity: contest_id=1978902 teams 1452/2937 matched, players 4032/8065 matched
2026-08-24 02:47:05,964 INFO ncaa_identity: contest_id=1978931 teams 2507/2507 matched, players 6846/6878 matched
2026-08-24 02:47:12,704 INFO ncaa_identity: contest_id=1978988 teams 2885/2885 matched, players 7516/7938 matched
2026-08-24 02:47:17,194 INFO ncaa_identity: contest_id=1979036 teams 1412/2766 matched, players 3361/7611 matched
2026-08-24 02:47:34,870 INFO ncaa_identity: contest_id=1979185 teams 2720/2720 matched, players 6426/7480 matched
2026-08-24 02:47:43,743 INFO ncaa_identity: contest_id=1979243 teams 1105/2202 matched, players 3012/6015 matched
2026-08-24 02:47:46,160 INFO ncaa_identity: contest_id=1979261 teams 2625/2625 matched, players 6574/7205 matched
2026-08-24 02:47:47,975 WARNING ncaa_parse: family=shots contest_id=1979279 team=Marshall SKIPPED (1 parse error(s)): No shot events found [<!DOCTYPE html> <html lang="en"> <head> <meta content="text/html; charset=utf-8" http-equiv="CONTENT-TYPE"/> <meta charset="utf-8"/> <meta...
2026-08-24 02:47:50,508 INFO ncaa_identity: contest_id=1979299 teams 2942/2942 matched, players 7481/8071 matched
2026-08-24 02:47:57,311 INFO ncaa_identity: contest_id=1979346 teams 3477/3477 matched, players 9260/9669 matched
2026-08-24 02:47:59,694 INFO ncaa_identity: contest_id=1979367 teams 2918/2918 matched, players 8052/8060 matched
2026-08-24 02:48:05,085 INFO ncaa_identity: contest_id=1979430 teams 2213/2213 matched, players 5555/6055 matched
2026-08-24 02:48:07,103 INFO ncaa_identity: contest_id=1979448 teams 2793/2793 matched, players 7054/7664 matched
2026-08-24 02:48:08,829 INFO ncaa_identity: contest_id=1979485 teams 2418/2418 matched, players 5888/6643 matched
2026-08-24 02:48:11,277 INFO ncaa_identity: contest_id=1979499 teams 3129/3129 matched, players 8298/8641 matched
2026-08-24 02:48:13,706 INFO ncaa_identity: contest_id=1979538 teams 3132/3132 matched, players 8624/8647 matched
2026-08-24 02:48:26,117 INFO ncaa_identity: contest_id=1979641 teams 2462/2462 matched, players 6239/6706 matched
2026-08-24 02:48:27,949 INFO ncaa_identity: contest_id=1979682 teams 2972/2972 matched, players 7935/8273 matched
2026-08-24 02:48:31,701 WARNING ncaa_parse: family=shots contest_id=1979740 team=Winthrop SKIPPED (1 parse error(s)): No shot events found [<!DOCTYPE html> <html lang="en"> <head> <meta content="text/html; charset=utf-8" http-equiv="CONTENT-TYPE"/> <meta charset="utf-8"/> <meta...
2026-08-24 02:48:41,666 INFO ncaa_identity: contest_id=1979890 teams 2341/2341 matched, players 6058/6420 matched
2026-08-24 02:48:43,913 INFO ncaa_identity: contest_id=1979911 teams 2753/2753 matched, players 7459/7564 matched
2026-08-24 02:48:50,042 INFO ncaa_identity: contest_id=1979975 teams 3141/3141 matched, players 8412/8696 matched
2026-08-24 02:48:57,675 INFO ncaa_identity: contest_id=1980094 teams 3749/3749 matched, players 10360/10365 matched
2026-08-24 02:49:01,348 WARNING ncaa_parse: family=shots contest_id=1980146 team=Alcorn SKIPPED (1 parse error(s)): No shot events found [<!DOCTYPE html> <html lang="en"> <head> <meta content="text/html; charset=utf-8" http-equiv="CONTENT-TYPE"/> <meta charset="utf-8"/> <meta...
2026-08-24 02:49:01,446 INFO ncaa_identity: contest_id=1980146 teams 2552/2552 matched, players 6404/7204 matched
2026-08-24 02:49:03,173 INFO ncaa_identity: contest_id=1980182 teams 1115/2201 matched, players 3010/5982 matched
2026-08-24 02:49:07,615 INFO ncaa_identity: contest_id=1980232 teams 2732/2732 matched, players 7453/7468 matched
2026-08-24 02:49:14,920 INFO ncaa_identity: contest_id=1980330 teams 1893/1893 matched, players 5094/5167 matched
2026-08-24 02:49:16,809 WARNING ncaa_parse: family=shots contest_id=1980346 team=Alabama St. SKIPPED (1 parse error(s)): No shot events found [<!DOCTYPE html> <html lang="en"> <head> <meta content="text/html; charset=utf-8" http-equiv="CONTENT-TYPE"/> <meta charset="utf-8"/> <meta...
2026-08-24 02:49:16,852 INFO ncaa_identity: contest_id=1980346 teams 2468/2468 matched, players 6848/6975 matched
2026-08-24 02:49:22,029 INFO ncaa_identity: contest_id=1980409 teams 2602/2602 matched, players 7138/7144 matched
2026-08-24 02:49:26,176 INFO ncaa_identity: contest_id=1980460 teams 2705/2705 matched, players 7010/7426 matched
2026-08-24 02:49:33,313 INFO ncaa_identity: contest_id=1980618 teams 2423/2423 matched, players 6121/6645 matched
2026-08-24 02:49:37,126 INFO ncaa_identity: contest_id=1980698 teams 2744/2744 matched, players 7476/7477 matched
2026-08-24 02:49:44,222 INFO ncaa_identity: contest_id=1980780 teams 1237/2502 matched, players 3306/6841 matched
2026-08-24 02:49:46,421 INFO ncaa_identity: contest_id=1980794 teams 2596/2596 matched, players 6257/7133 matched
2026-08-24 02:49:48,070 INFO ncaa_identity: contest_id=1980822 teams 2485/2485 matched, players 6669/6808 matched
2026-08-24 02:49:49,885 INFO ncaa_identity: contest_id=1980845 teams 1168/2364 matched, players 3277/6435 matched
2026-08-24 02:49:53,190 INFO ncaa_identity: contest_id=1980928 teams 2199/2199 matched, players 5516/6041 matched
2026-08-24 02:49:59,417 INFO ncaa_identity: contest_id=1981033 teams 2516/2516 matched, players 6789/6799 matched
2026-08-24 02:50:00,752 WARNING ncaa_parse: family=shots contest_id=1981050 team=Morehead St. SKIPPED (1 parse error(s)): No shot events found [<!DOCTYPE html> <html lang="en"> <head> <meta content="text/html; charset=utf-8" http-equiv="CONTENT-TYPE"/> <meta charset="utf-8"/> <meta...
2026-08-24 02:50:00,834 INFO ncaa_identity: contest_id=1981050 teams 2153/2153 matched, players 5481/6063 matched
2026-08-24 02:50:02,736 INFO ncaa_identity: contest_id=1981092 teams 2629/2629 matched, players 7191/7197 matched
2026-08-24 02:50:10,483 INFO ncaa_identity: contest_id=1981168 teams 2563/2563 matched, players 7007/7013 matched
2026-08-24 02:50:18,940 INFO ncaa_identity: contest_id=1981289 teams 3096/3096 matched, players 8198/8571 matched
2026-08-24 02:50:20,700 INFO ncaa_identity: contest_id=1981312 teams 2733/2733 matched, players 7279/7535 matched
2026-08-24 02:50:29,691 INFO ncaa_identity: contest_id=1981463 teams 2697/2697 matched, players 7311/7376 matched
2026-08-24 02:50:33,544 INFO ncaa_identity: contest_id=1981516 teams 3522/3522 matched, players 9344/9762 matched
2026-08-24 02:50:44,773 INFO ncaa_identity: contest_id=1981634 teams 2715/2715 matched, players 6921/7440 matched
2026-08-24 02:50:55,064 INFO ncaa_identity: contest_id=1981855 teams 2462/2462 matched, players 6309/6720 matched
2026-08-24 02:50:57,088 INFO ncaa_identity: contest_id=1981902 teams 2403/2403 matched, players 6438/6439 matched
2026-08-24 02:50:59,140 INFO ncaa_identity: contest_id=1981919 teams 3453/3453 matched, players 9545/9564 matched
2026-08-24 02:51:02,273 WARNING ncaa_parse: family=shots contest_id=1981953 team=Old Dominion SKIPPED (1 parse error(s)): No shot events found [<!DOCTYPE html> <html lang="en"> <head> <meta content="text/html; charset=utf-8" http-equiv="CONTENT-TYPE"/> <meta charset="utf-8"/> <meta...
2026-08-24 02:51:05,659 INFO ncaa_identity: contest_id=1981998 teams 2704/2704 matched, players 6819/7424 matched
2026-08-24 02:51:07,703 INFO ncaa_identity: contest_id=1982022 teams 2766/2766 matched, players 7295/7565 matched
2026-08-24 02:51:15,400 INFO ncaa_identity: contest_id=1982153 teams 3194/3194 matched, players 8839/8848 matched
2026-08-24 02:51:31,325 WARNING ncaa_parse: family=shots contest_id=1982324 team=Winthrop SKIPPED (1 parse error(s)): No shot events found [<!DOCTYPE html> <html lang="en"> <head> <meta content="text/html; charset=utf-8" http-equiv="CONTENT-TYPE"/> <meta charset="utf-8"/> <meta...
2026-08-24 02:51:37,703 INFO ncaa_identity: contest_id=1982385 teams 2539/2539 matched, players 6630/6965 matched
2026-08-24 02:51:48,069 INFO ncaa_identity: contest_id=1982490 teams 2416/2416 matched, players 6130/6629 matched
2026-08-24 02:51:54,249 INFO ncaa_identity: contest_id=1982530 teams 1271/2406 matched, players 3344/6609 matched
2026-08-24 02:52:00,739 WARNING ncaa_parse: family=shots contest_id=1987260 team=Loyola Maryland SKIPPED (1 parse error(s)): No shot events found [<!DOCTYPE html> <html lang="en"> <head> <meta content="text/html; charset=utf-8" http-equiv="CONTENT-TYPE"/> <meta charset="utf-8"/> <meta...
2026-08-24 02:52:02,863 INFO ncaa_identity: contest_id=1987329 teams 2846/2846 matched, players 7703/7827 matched
2026-08-24 02:52:13,835 INFO ncaa_identity: contest_id=1987589 teams 3213/3213 matched, players 8879/8883 matched
2026-08-24 02:52:18,609 INFO ncaa_identity: contest_id=1987869 teams 2553/2553 matched, players 6571/7008 matched
2026-08-24 02:52:20,551 WARNING ncaa_parse: family=shots contest_id=1987942 team=Morehead St. SKIPPED (1 parse error(s)): No shot events found [<!DOCTYPE html> <html lang="en"> <head> <meta content="text/html; charset=utf-8" http-equiv="CONTENT-TYPE"/> <meta charset="utf-8"/> <meta...
2026-08-24 02:52:20,686 INFO ncaa_identity: contest_id=1987942 teams 2826/2826 matched, players 7240/7950 matched
2026-08-24 02:52:23,174 INFO ncaa_identity: contest_id=1987966 teams 1489/3007 matched, players 4099/8269 matched
2026-08-24 02:52:27,243 INFO ncaa_identity: contest_id=1988090 teams 1248/2480 matched, players 3354/6798 matched
2026-08-24 02:52:29,806 INFO ncaa_identity: contest_id=1988161 teams 2608/2608 matched, players 6881/7117 matched
2026-08-24 02:52:31,469 INFO ncaa_identity: contest_id=1988189 teams 2523/2523 matched, players 6861/6932 matched
2026-08-24 02:52:33,967 INFO ncaa_identity: contest_id=1989014 teams 3355/3355 matched, players 8842/9262 matched
2026-08-24 02:52:37,424 INFO ncaa_identity: contest_id=1989116 teams 2710/2710 matched, players 6930/7459 matched
2026-08-24 02:52:55,700 INFO ncaa_identity: contest_id=1989458 teams 2281/2281 matched, players 5821/6235 matched
2026-08-24 02:53:07,877 INFO ncaa_identity: contest_id=1989808 teams 3125/3125 matched, players 7991/8625 matched
2026-08-24 02:53:10,332 INFO ncaa_identity: contest_id=1989846 teams 2964/2964 matched, players 7071/8202 matched
2026-08-24 02:53:21,264 INFO ncaa_identity: contest_id=1990153 teams 2654/2654 matched, players 7253/7272 matched
2026-08-24 02:53:23,117 INFO ncaa_identity: contest_id=1990173 teams 2512/2512 matched, players 6471/6875 matched
2026-08-24 02:53:27,135 INFO ncaa_identity: contest_id=1990261 teams 2602/2602 matched, players 6763/7147 matched
2026-08-24 02:53:35,394 INFO ncaa_identity: contest_id=1990377 teams 2723/2723 matched, players 6697/7532 matched
2026-08-24 02:53:42,287 INFO ncaa_identity: contest_id=1990497 teams 3205/3205 matched, players 8808/8809 matched
2026-08-24 02:53:46,804 INFO ncaa_identity: contest_id=1990588 teams 1582/2968 matched, players 4285/8200 matched
2026-08-24 02:53:51,659 INFO ncaa_identity: contest_id=1990619 teams 2845/2845 matched, players 7399/7844 matched
2026-08-24 02:54:02,466 INFO ncaa_identity: contest_id=1990773 teams 2737/2737 matched, players 6863/7541 matched
2026-08-24 02:54:04,532 INFO ncaa_identity: contest_id=1990833 teams 2379/2379 matched, players 6160/6526 matched
2026-08-24 02:54:08,385 INFO ncaa_identity: contest_id=1990880 teams 2611/2611 matched, players 7143/7161 matched
2026-08-24 02:54:14,625 INFO ncaa_identity: contest_id=1991017 teams 2694/2694 matched, players 7299/7387 matched
2026-08-24 02:54:16,469 INFO ncaa_identity: contest_id=1991097 teams 1137/2332 matched, players 3208/6320 matched
2026-08-24 02:54:24,407 INFO ncaa_identity: contest_id=1991208 teams 2470/2470 matched, players 6188/6746 matched
2026-08-24 02:54:26,489 INFO ncaa_identity: contest_id=1991225 teams 3888/3888 matched, players 10204/10727 matched
2026-08-24 02:54:28,429 INFO ncaa_identity: contest_id=1991309 teams 1201/2423 matched, players 3323/6617 matched
2026-08-24 02:54:31,308 INFO ncaa_identity: contest_id=1991378 teams 2498/2498 matched, players 6340/6839 matched
2026-08-24 02:54:33,069 INFO ncaa_identity: contest_id=1991416 teams 2649/2649 matched, players 6898/7217 matched
2026-08-24 02:54:40,043 INFO ncaa_identity: contest_id=1991637 teams 2185/2185 matched, players 5231/5968 matched
2026-08-24 02:54:41,991 INFO ncaa_identity: contest_id=1991705 teams 2793/2793 matched, players 7540/7701 matched
2026-08-24 02:54:48,988 INFO ncaa_identity: contest_id=1991971 teams 2649/2649 matched, players 6711/7283 matched
2026-08-24 02:54:54,312 INFO ncaa_identity: contest_id=1992097 teams 2532/2532 matched, players 6632/6936 matched
2026-08-24 02:54:57,726 INFO ncaa_identity: contest_id=1992314 teams 2258/2258 matched, players 5879/6160 matched
[p1_s_e_e] [WARNING] [TeamId(name='Temple')]v[TeamId(name='Tulsa')] Flip court for periods: [[2, 3, 4]] because [total_shots={1: 27, 2: 29, 3: 33, 4: 26} long_shots={1: 12, 2: 29, 3: 33, 4: 26}]
2026-08-24 02:55:03,315 INFO ncaa_identity: contest_id=1992576 teams 2444/2444 matched, players 6190/6653 matched
2026-08-24 02:55:04,905 INFO ncaa_identity: contest_id=1992599 teams 2803/2803 matched, players 7258/7701 matched
2026-08-24 02:55:06,984 INFO ncaa_identity: contest_id=1992640 teams 3073/3073 matched, players 7473/8506 matched
2026-08-24 02:55:14,884 INFO ncaa_identity: contest_id=1992697 teams 2413/2413 matched, players 6119/6604 matched
2026-08-24 02:55:16,847 INFO ncaa_identity: contest_id=1992712 teams 2571/2571 matched, players 6488/7045 matched
2026-08-24 02:55:21,155 INFO 5 starters not found for period 3; using estimate
2026-08-24 02:55:26,657 INFO ncaa_identity: contest_id=1993043 teams 2690/2690 matched, players 6807/7371 matched
2026-08-24 02:55:33,668 WARNING ncaa_parse: family=shots contest_id=1993331 team=New Mexico St. SKIPPED (1 parse error(s)): No shot events found [<!DOCTYPE html> <html lang="en"> <head> <meta content="text/html; charset=utf-8" http-equiv="CONTENT-TYPE"/> <meta charset="utf-8"/> <meta...
2026-08-24 02:55:33,731 INFO ncaa_identity: contest_id=1993331 teams 1377/2632 matched, players 3803/7419 matched
[p1_s_e_e] [WARNING] [TeamId(name='Richmond')]v[TeamId(name='Navy')] Flip court for periods: [[2, 3, 4]] because [total_shots={1: 31, 2: 19, 3: 28, 4: 25} long_shots={1: 14, 2: 19, 3: 28, 4: 25}]
2026-08-24 02:55:37,538 INFO ncaa_identity: contest_id=1993567 teams 3280/3280 matched, players 8657/9064 matched
2026-08-24 02:55:41,440 INFO ncaa_identity: contest_id=1993949 teams 1446/2976 matched, players 4078/8197 matched
2026-08-24 02:55:43,534 INFO ncaa_identity: contest_id=1993997 teams 1225/2437 matched, players 3264/6604 matched
2026-08-24 02:55:45,279 INFO ncaa_identity: contest_id=1994212 teams 1373/2757 matched, players 3742/7546 matched
2026-08-24 02:55:46,556 WARNING ncaa_parse: family=shots contest_id=1994241 team=Furman SKIPPED (1 parse error(s)): No shot events found [<!DOCTYPE html> <html lang="en"> <head> <meta content="text/html; charset=utf-8" http-equiv="CONTENT-TYPE"/> <meta charset="utf-8"/> <meta...
2026-08-24 02:55:46,623 INFO ncaa_identity: contest_id=1994241 teams 2178/2178 matched, players 5871/6151 matched
2026-08-24 02:55:50,589 INFO ncaa_identity: contest_id=1994293 teams 2296/2296 matched, players 6100/6261 matched
2026-08-24 02:55:54,844 INFO ncaa_identity: contest_id=1994522 teams 1391/2709 matched, players 3743/7386 matched
2026-08-24 02:56:02,916 INFO ncaa_identity: contest_id=1995095 teams 2388/2388 matched, players 6401/6492 matched
2026-08-24 02:56:06,556 WARNING ncaa_parse: family=shots contest_id=1995371 team=Lipscomb SKIPPED (1 parse error(s)): No shot events found [<!DOCTYPE html> <html lang="en"> <head> <meta content="text/html; charset=utf-8" http-equiv="CONTENT-TYPE"/> <meta charset="utf-8"/> <meta...
2026-08-24 02:56:06,724 INFO ncaa_identity: contest_id=1995371 teams 1357/2710 matched, players 3823/7649 matched
2026-08-24 02:56:12,597 INFO ncaa_identity: contest_id=1995507 teams 1182/2361 matched, players 3175/6414 matched
2026-08-24 02:56:14,251 INFO ncaa_identity: contest_id=1995531 teams 2566/2566 matched, players 7011/7033 matched
2026-08-24 02:56:16,615 INFO ncaa_identity: contest_id=1995579 teams 1884/3576 matched, players 4948/9834 matched
2026-08-24 02:56:20,742 WARNING ncaa_parse: family=shots contest_id=1995661 team=Bradley SKIPPED (1 parse error(s)): No shot events found [<!DOCTYPE html> <html lang="en"> <head> <meta content="text/html; charset=utf-8" http-equiv="CONTENT-TYPE"/> <meta charset="utf-8"/> <meta...
2026-08-24 02:56:20,938 INFO ncaa_identity: contest_id=1995661 teams 1224/2454 matched, players 3059/6875 matched
2026-08-24 02:56:22,854 INFO ncaa_identity: contest_id=1995771 teams 1202/2390 matched, players 3280/6532 matched
2026-08-24 02:56:25,113 INFO ncaa_identity: contest_id=1995848 teams 1804/3512 matched, players 4917/9676 matched
2026-08-24 02:56:27,145 INFO ncaa_identity: contest_id=1996050 teams 3169/3169 matched, players 8596/8683 matched
2026-08-24 02:56:30,264 INFO ncaa_identity: contest_id=1996287 teams 2341/2341 matched, players 5833/6382 matched
2026-08-24 02:56:32,081 INFO ncaa_identity: contest_id=1996304 teams 2859/2859 matched, players 7469/7839 matched
2026-08-24 02:56:36,225 INFO ncaa_identity: contest_id=1996342 teams 2434/2434 matched, players 6341/6612 matched
2026-08-24 02:56:39,782 INFO ncaa_identity: contest_id=1996490 teams 2508/2508 matched, players 6895/6912 matched
2026-08-24 02:56:43,502 INFO ncaa_identity: contest_id=1996636 teams 2485/2485 matched, players 6432/6791 matched
2026-08-24 02:56:54,642 INFO ncaa_identity: contest_id=1999545 teams 1481/2910 matched, players 4114/8061 matched
2026-08-24 02:56:56,979 INFO ncaa_identity: contest_id=2001654 teams 1301/2489 matched, players 3433/6789 matched
2026-08-24 02:56:58,904 WARNING ncaa_parse: family=shots contest_id=2001883 team=Texas Southern SKIPPED (1 parse error(s)): No shot events found [<!DOCTYPE html> <html lang="en"> <head> <meta content="text/html; charset=utf-8" http-equiv="CONTENT-TYPE"/> <meta charset="utf-8"/> <meta...
2026-08-24 02:56:59,015 INFO ncaa_identity: contest_id=2001883 teams 2412/2412 matched, players 6154/6739 matched
2026-08-24 02:57:01,456 INFO ncaa_identity: contest_id=2004531 teams 3023/3023 matched, players 8085/8305 matched
2026-08-24 02:57:03,443 INFO ncaa_identity: contest_id=2007748 teams 3102/3102 matched, players 8055/8565 matched
2026-08-24 02:57:04,669 WARNING ncaa_parse: family=shots contest_id=2027317 team=Morgan St. SKIPPED (1 parse error(s)): No shot events found [<!DOCTYPE html> <html lang="en"> <head> <meta content="text/html; charset=utf-8" http-equiv="CONTENT-TYPE"/> <meta charset="utf-8"/> <meta...
2026-08-24 02:57:06,507 WARNING ncaa_parse: family=shots contest_id=2034480 team=Utah St. SKIPPED (1 parse error(s)): No shot events found [<!DOCTYPE html> <html lang="en"> <head> <meta content="text/html; charset=utf-8" http-equiv="CONTENT-TYPE"/> <meta charset="utf-8"/> <meta...
2026-08-24 02:57:06,608 INFO ncaa_identity: contest_id=2034480 teams 2539/2539 matched, players 6670/7180 matched
2026-08-24 02:57:10,710 INFO ncaa_identity: contest_id=2045189 teams 1166/2395 matched, players 3349/6555 matched
2026-08-24 02:57:15,323 INFO ncaa_identity: contest_id=2047705 teams 2683/2683 matched, players 7018/7380 matched
2026-08-24 02:57:17,325 INFO ncaa_identity: contest_id=2050093 teams 1959/1959 matched, players 5085/5303 matched
2026-08-24 02:57:34,219 INFO ncaa_identity: contest_id=2053794 teams 2196/2196 matched, players 5640/5994 matched
2026-08-24 02:57:38,464 INFO ncaa_identity: contest_id=2055028 teams 2691/2691 matched, players 6947/7342 matched
2026-08-24 02:57:57,397 INFO ncaa_identity: contest_id=2056253 teams 1216/2412 matched, players 3318/6601 matched
2026-08-24 02:57:59,345 INFO ncaa_identity: contest_id=2056515 teams 1151/2226 matched, players 3095/6047 matched
2026-08-24 02:58:06,206 INFO ncaa_identity: contest_id=2057085 teams 2496/2496 matched, players 6384/6857 matched
2026-08-24 02:58:12,419 INFO ncaa_identity: contest_id=2060475 teams 2620/2620 matched, players 6369/7182 matched
2026-08-24 02:58:24,806 INFO 5 starters not found for period 4; using estimate
2026-08-24 02:58:28,585 INFO ncaa_identity: contest_id=2061544 teams 2354/2354 matched, players 6250/6429 matched
2026-08-24 02:58:33,677 INFO ncaa_identity: contest_id=2125025 teams 1473/2856 matched, players 4010/7863 matched
2026-08-24 02:58:35,706 INFO ncaa_identity: contest_id=2125035 teams 2930/2930 matched, players 7765/8007 matched
2026-08-24 02:58:43,708 INFO ncaa_identity: contest_id=2125066 teams 1534/3040 matched, players 4191/8320 matched
2026-08-24 02:58:47,845 WARNING ncaa_parse: family=shots contest_id=2125087 team=Loyola Chicago SKIPPED (1 parse error(s)): No shot events found [<!DOCTYPE html> <html lang="en"> <head> <meta content="text/html; charset=utf-8" http-equiv="CONTENT-TYPE"/> <meta charset="utf-8"/> <meta...
2026-08-24 02:58:50,106 INFO ncaa_identity: contest_id=2125098 teams 2304/2304 matched, players 5769/6309 matched
2026-08-24 02:58:52,734 INFO ncaa_identity: contest_id=2125108 teams 2513/2513 matched, players 6537/6860 matched
2026-08-24 02:58:56,264 INFO ncaa_identity: contest_id=2125131 teams 1364/2663 matched, players 3652/7280 matched
2026-08-24 02:58:58,464 INFO ncaa_identity: contest_id=2125148 teams 1458/2795 matched, players 3923/7674 matched
2026-08-24 02:59:00,695 INFO ncaa_identity: contest_id=2125163 teams 1379/2693 matched, players 3700/7341 matched
2026-08-24 02:59:02,517 INFO ncaa_identity: contest_id=2125179 teams 1349/2644 matched, players 3676/7266 matched
2026-08-24 02:59:05,200 INFO ncaa_identity: contest_id=2125202 teams 3223/3223 matched, players 8450/8895 matched
2026-08-24 02:59:09,855 INFO ncaa_identity: contest_id=2125237 teams 2634/2634 matched, players 7077/7200 matched
2026-08-24 02:59:21,890 INFO ncaa_identity: contest_id=2125348 teams 1504/2950 matched, players 4131/8134 matched
2026-08-24 02:59:33,933 INFO ncaa_identity: contest_id=2125537 teams 1796/3635 matched, players 4888/10064 matched
2026-08-24 02:59:39,816 INFO ncaa_identity: contest_id=2125668 teams 3163/3163 matched, players 8228/8699 matched
2026-08-24 02:59:44,760 INFO ncaa_identity: contest_id=2125907 teams 1447/2874 matched, players 3984/7914 matched
2026-08-24 02:59:46,956 INFO ncaa_identity: contest_id=2125957 teams 3628/3628 matched, players 9874/9875 matched
2026-08-24 02:59:48,390 INFO ncaa_identity: contest_id=2125969 teams 2904/2904 matched, players 7691/7983 matched
2026-08-24 02:59:53,404 INFO ncaa_identity: contest_id=2126034 teams 1327/2651 matched, players 3153/7247 matched
2026-08-24 02:59:55,602 INFO ncaa_identity: contest_id=2126047 teams 2551/2551 matched, players 7005/7008 matched
2026-08-24 02:59:57,551 INFO ncaa_identity: contest_id=2126059 teams 2751/2751 matched, players 7461/7495 matched
2026-08-24 03:00:04,509 INFO ncaa_identity: contest_id=2126140 teams 1180/2374 matched, players 2923/6490 matched
2026-08-24 03:00:06,186 INFO ncaa_identity: contest_id=2126157 teams 3220/3220 matched, players 8572/8868 matched
2026-08-24 03:00:08,106 INFO ncaa_identity: contest_id=2126168 teams 2328/2328 matched, players 5845/6379 matched
2026-08-24 03:00:10,017 WARNING ncaa_parse: family=shots contest_id=2126223 team=UMES SKIPPED (1 parse error(s)): No shot events found [<!DOCTYPE html> <html lang="en"> <head> <meta content="text/html; charset=utf-8" http-equiv="CONTENT-TYPE"/> <meta charset="utf-8"/> <meta...
2026-08-24 03:00:10,079 INFO ncaa_identity: contest_id=2126223 teams 1210/2398 matched, players 3095/6781 matched
2026-08-24 03:00:14,037 INFO ncaa_identity: contest_id=2126295 teams 2708/2708 matched, players 7449/7464 matched
2026-08-24 03:00:19,933 WARNING ncaa_parse: family=shots contest_id=2126399 team=Grambling SKIPPED (1 parse error(s)): No shot events found [<!DOCTYPE html> <html lang="en"> <head> <meta content="text/html; charset=utf-8" http-equiv="CONTENT-TYPE"/> <meta charset="utf-8"/> <meta...
2026-08-24 03:00:19,984 INFO ncaa_identity: contest_id=2126399 teams 2495/2495 matched, players 6821/7051 matched
2026-08-24 03:00:24,938 INFO ncaa_identity: contest_id=2126471 teams 2996/2996 matched, players 7760/8275 matched
2026-08-24 03:00:29,804 INFO ncaa_identity: contest_id=2126550 teams 2513/2513 matched, players 6325/6880 matched
2026-08-24 03:00:31,558 INFO ncaa_identity: contest_id=2126568 teams 2911/2911 matched, players 7760/8053 matched
2026-08-24 03:00:34,949 INFO ncaa_identity: contest_id=2126597 teams 1284/2608 matched, players 3599/7140 matched
2026-08-24 03:00:39,102 INFO ncaa_identity: contest_id=2126717 teams 1355/2615 matched, players 3380/7094 matched
2026-08-24 03:00:43,238 INFO ncaa_identity: contest_id=2126746 teams 2774/2774 matched, players 7073/7575 matched
2026-08-24 03:00:45,110 INFO ncaa_identity: contest_id=2126768 teams 2383/2383 matched, players 5943/6526 matched
2026-08-24 03:00:47,052 INFO ncaa_identity: contest_id=2126830 teams 2823/2823 matched, players 7250/7760 matched
2026-08-24 03:00:50,204 INFO ncaa_identity: contest_id=2126926 teams 1536/2881 matched, players 3963/7897 matched
2026-08-24 03:00:58,211 INFO ncaa_identity: contest_id=2127102 teams 2630/2630 matched, players 7160/7179 matched
2026-08-24 03:01:03,353 INFO ncaa_identity: contest_id=2127165 teams 2756/2756 matched, players 7074/7570 matched
2026-08-24 03:01:05,707 INFO ncaa_identity: contest_id=2127198 teams 1626/3166 matched, players 4456/8687 matched
2026-08-24 03:01:13,258 WARNING ncaa_parse: family=shots contest_id=2127387 team=UMES SKIPPED (1 parse error(s)): No shot events found [<!DOCTYPE html> <html lang="en"> <head> <meta content="text/html; charset=utf-8" http-equiv="CONTENT-TYPE"/> <meta charset="utf-8"/> <meta...
2026-08-24 03:01:13,645 INFO ncaa_identity: contest_id=2127387 teams 2878/2878 matched, players 8188/8220 matched
2026-08-24 03:01:15,870 INFO ncaa_identity: contest_id=2127426 teams 1716/3364 matched, players 4652/9256 matched
2026-08-24 03:01:17,915 INFO ncaa_identity: contest_id=2127455 teams 2752/2752 matched, players 7439/7538 matched
2026-08-24 03:01:19,595 INFO ncaa_identity: contest_id=2127483 teams 2599/2599 matched, players 6641/7140 matched
2026-08-24 03:01:21,471 INFO ncaa_identity: contest_id=2127502 teams 2464/2464 matched, players 6680/6684 matched
2026-08-24 03:01:23,051 INFO ncaa_identity: contest_id=2127528 teams 1319/2538 matched, players 3569/6958 matched
2026-08-24 03:01:24,493 WARNING ncaa_parse: family=shots contest_id=2127546 team=Mississippi St. SKIPPED (1 parse error(s)): No shot events found [<!DOCTYPE html> <html lang="en"> <head> <meta content="text/html; charset=utf-8" http-equiv="CONTENT-TYPE"/> <meta charset="utf-8"/> <meta...
2026-08-24 03:01:26,328 INFO ncaa_identity: contest_id=2127561 teams 2880/2880 matched, players 7573/7884 matched
2026-08-24 03:01:30,301 INFO ncaa_identity: contest_id=2127589 teams 2821/2821 matched, players 7317/7740 matched
2026-08-24 03:01:32,596 INFO ncaa_identity: contest_id=2127604 teams 2624/2624 matched, players 7087/7099 matched
2026-08-24 03:01:41,483 INFO ncaa_identity: contest_id=2127692 teams 2636/2636 matched, players 7149/7246 matched
2026-08-24 03:01:54,235 INFO ncaa_identity: contest_id=2127889 teams 2389/2389 matched, players 6091/6460 matched
2026-08-24 03:01:59,935 INFO ncaa_identity: contest_id=2127942 teams 2221/2221 matched, players 5893/6103 matched
2026-08-24 03:02:01,546 INFO ncaa_identity: contest_id=2127957 teams 1319/2639 matched, players 3586/7229 matched
2026-08-24 03:02:06,939 INFO ncaa_identity: contest_id=2128033 teams 2465/2465 matched, players 6282/6700 matched
2026-08-24 03:02:10,499 INFO ncaa_identity: contest_id=2128097 teams 2541/2541 matched, players 6945/6974 matched
2026-08-24 03:02:12,032 WARNING ncaa_parse: family=shots contest_id=2128135 team=Harvard SKIPPED (1 parse error(s)): No shot events found [<!DOCTYPE html> <html lang="en"> <head> <meta content="text/html; charset=utf-8" http-equiv="CONTENT-TYPE"/> <meta charset="utf-8"/> <meta...
2026-08-24 03:02:16,799 INFO ncaa_identity: contest_id=2128216 teams 2499/2499 matched, players 6246/6841 matched
2026-08-24 03:02:18,719 INFO ncaa_identity: contest_id=2128230 teams 2486/2486 matched, players 6175/6830 matched
2026-08-24 03:02:20,715 INFO ncaa_identity: contest_id=2128312 teams 1405/2749 matched, players 3825/7572 matched
2026-08-24 03:02:22,244 WARNING ncaa_parse: family=shots contest_id=2128345 team=Hampton SKIPPED (1 parse error(s)): No shot events found [<!DOCTYPE html> <html lang="en"> <head> <meta content="text/html; charset=utf-8" http-equiv="CONTENT-TYPE"/> <meta charset="utf-8"/> <meta...
2026-08-24 03:02:26,288 INFO ncaa_identity: contest_id=2128393 teams 3166/3166 matched, players 8442/8804 matched
2026-08-24 03:02:30,106 INFO ncaa_identity: contest_id=2128472 teams 2480/2480 matched, players 6791/6799 matched
2026-08-24 03:02:36,040 INFO ncaa_identity: contest_id=2128539 teams 1414/2855 matched, players 3891/7797 matched
2026-08-24 03:02:38,060 INFO ncaa_identity: contest_id=2128601 teams 1534/2895 matched, players 3994/7927 matched
2026-08-24 03:02:39,973 INFO ncaa_identity: contest_id=2128614 teams 2607/2607 matched, players 6765/7152 matched
2026-08-24 03:02:43,790 INFO ncaa_identity: contest_id=2128651 teams 1656/3309 matched, players 4590/9115 matched
2026-08-24 03:02:49,550 INFO ncaa_identity: contest_id=2128890 teams 3155/3155 matched, players 8586/8687 matched
2026-08-24 03:02:51,396 INFO ncaa_identity: contest_id=2128988 teams 2633/2633 matched, players 7232/7240 matched
2026-08-24 03:02:59,054 INFO ncaa_identity: contest_id=2129035 teams 2706/2706 matched, players 7329/7431 matched
2026-08-24 03:03:02,322 INFO ncaa_identity: contest_id=2129057 teams 2686/2686 matched, players 7115/7355 matched
2026-08-24 03:03:06,027 INFO ncaa_identity: contest_id=2129084 teams 3138/3138 matched, players 7783/8602 matched
2026-08-24 03:03:10,765 INFO ncaa_identity: contest_id=2129119 teams 1328/2552 matched, players 3408/6930 matched
2026-08-24 03:03:12,844 INFO ncaa_identity: contest_id=2129179 teams 1501/3098 matched, players 4227/8558 matched
2026-08-24 03:03:18,870 INFO ncaa_identity: contest_id=2129231 teams 1205/2437 matched, players 3361/6684 matched
2026-08-24 03:03:21,404 INFO ncaa_identity: contest_id=2129298 teams 2983/2983 matched, players 8165/8219 matched
2026-08-24 03:03:23,517 INFO ncaa_identity: contest_id=2129326 teams 1296/2592 matched, players 3538/7045 matched
2026-08-24 03:03:25,914 INFO ncaa_identity: contest_id=2129364 teams 2789/2789 matched, players 6667/7653 matched
2026-08-24 03:03:28,678 INFO ncaa_identity: contest_id=2129403 teams 3292/3292 matched, players 8765/9051 matched
2026-08-24 03:03:32,761 INFO ncaa_identity: contest_id=2129437 teams 1279/2452 matched, players 3407/6742 matched
2026-08-24 03:03:39,587 INFO ncaa_identity: contest_id=2129578 teams 1332/2571 matched, players 3556/7045 matched
2026-08-24 03:03:42,118 INFO ncaa_identity: contest_id=2129660 teams 2626/2626 matched, players 6440/7173 matched
2026-08-24 03:03:46,203 INFO ncaa_identity: contest_id=2129768 teams 2624/2624 matched, players 6623/7154 matched
2026-08-24 03:03:52,860 INFO ncaa_identity: contest_id=2129795 teams 2330/2330 matched, players 5873/6331 matched
2026-08-24 03:03:57,267 INFO ncaa_identity: contest_id=2129810 teams 2332/2332 matched, players 5788/6305 matched
2026-08-24 03:04:09,717 INFO ncaa_identity: contest_id=2129841 teams 2942/2942 matched, players 7598/8087 matched
2026-08-24 03:04:29,338 INFO ncaa_identity: contest_id=2129894 teams 1622/3237 matched, players 4553/8902 matched
2026-08-24 03:04:36,946 INFO ncaa_identity: contest_id=2129925 teams 2698/2698 matched, players 7391/7406 matched
2026-08-24 03:04:55,423 INFO ncaa_identity: contest_id=2130006 teams 1511/2966 matched, players 4098/8143 matched
2026-08-24 03:05:07,620 INFO ncaa_identity: contest_id=2130069 teams 2775/2775 matched, players 7085/7599 matched
2026-08-24 03:05:26,874 INFO ncaa_identity: contest_id=2130174 teams 2733/2733 matched, players 7506/7508 matched
2026-08-24 03:05:38,069 INFO ncaa_identity: contest_id=2130214 teams 3076/3076 matched, players 8226/8411 matched
2026-08-24 03:05:44,675 INFO ncaa_identity: contest_id=2130238 teams 1257/2495 matched, players 3147/6829 matched
2026-08-24 03:06:01,681 INFO ncaa_identity: contest_id=2130388 teams 2842/2842 matched, players 7282/7859 matched
2026-08-24 03:06:06,966 INFO ncaa_identity: contest_id=2130426 teams 2542/2542 matched, players 6233/6922 matched
2026-08-24 03:06:25,701 INFO ncaa_identity: contest_id=2130494 teams 2882/2882 matched, players 7261/7919 matched
2026-08-24 03:07:02,587 INFO ncaa_identity: contest_id=2130645 teams 2641/2641 matched, players 6759/7243 matched
2026-08-24 03:07:38,914 INFO ncaa_identity: contest_id=2130732 teams 2643/2643 matched, players 6692/7188 matched
2026-08-24 03:07:44,245 INFO ncaa_identity: contest_id=2130752 teams 2363/2363 matched, players 6354/6483 matched
2026-08-24 03:07:54,959 INFO ncaa_identity: contest_id=2130783 teams 2760/2760 matched, players 6973/7568 matched
2026-08-24 03:08:32,387 INFO ncaa_identity: contest_id=2130956 teams 2741/2741 matched, players 7103/7514 matched
2026-08-24 03:08:37,511 INFO ncaa_identity: contest_id=2131057 teams 2193/2193 matched, players 5785/6013 matched
2026-08-24 03:09:06,265 INFO ncaa_identity: contest_id=2131205 teams 2463/2463 matched, players 6683/6735 matched
2026-08-24 03:09:27,532 INFO ncaa_identity: contest_id=2131317 teams 1251/2458 matched, players 3446/6762 matched
2026-08-24 03:09:29,459 INFO ncaa_identity: contest_id=2131334 teams 1199/2355 matched, players 3261/6455 matched
2026-08-24 03:09:33,811 INFO ncaa_identity: contest_id=2131377 teams 2738/2738 matched, players 7164/7515 matched
[p1_s_e_e] [WARNING] [TeamId(name='Duke')]v[TeamId(name='Notre Dame')] Flip court for periods: [[3, 4]] because [total_shots={1: 33, 2: 28, 3: 29, 4: 31} long_shots={3: 29, 4: 31}]
2026-08-24 03:09:45,071 INFO ncaa_identity: contest_id=2131507 teams 2651/2651 matched, players 6223/7260 matched
2026-08-24 03:09:55,092 INFO ncaa_identity: contest_id=2131765 teams 1488/2897 matched, players 4002/7934 matched
2026-08-24 03:10:04,104 INFO ncaa_identity: contest_id=2131879 teams 2486/2486 matched, players 6556/6828 matched
2026-08-24 03:10:20,171 INFO ncaa_identity: contest_id=2132119 teams 2870/2870 matched, players 7319/7869 matched
2026-08-24 03:10:22,936 INFO ncaa_identity: contest_id=2132133 teams 3314/3314 matched, players 8394/9126 matched
2026-08-24 03:10:25,432 INFO ncaa_identity: contest_id=2132145 teams 1387/2687 matched, players 3654/7350 matched
2026-08-24 03:10:32,137 INFO ncaa_identity: contest_id=2132322 teams 2958/2958 matched, players 8149/8164 matched
2026-08-24 03:10:50,444 INFO ncaa_identity: contest_id=2132593 teams 2757/2757 matched, players 7103/7580 matched
2026-08-24 03:11:01,179 INFO ncaa_identity: contest_id=2132739 teams 2689/2689 matched, players 7348/7359 matched
2026-08-24 03:11:04,825 INFO ncaa_identity: contest_id=2132921 teams 2657/2657 matched, players 7014/7277 matched
2026-08-24 03:11:17,421 INFO ncaa_identity: contest_id=2133038 teams 2520/2520 matched, players 6288/6888 matched
2026-08-24 03:11:19,731 INFO ncaa_identity: contest_id=2133048 teams 2551/2551 matched, players 6496/6983 matched
2026-08-24 03:11:22,284 INFO ncaa_identity: contest_id=2133060 teams 2724/2724 matched, players 7035/7506 matched
2026-08-24 03:11:24,632 INFO ncaa_identity: contest_id=2133113 teams 2460/2460 matched, players 6602/6754 matched
2026-08-24 03:11:31,461 INFO ncaa_identity: contest_id=2133173 teams 2647/2647 matched, players 6733/7239 matched
2026-08-24 03:11:35,753 INFO ncaa_identity: contest_id=2133199 teams 1381/2674 matched, players 3638/7339 matched
2026-08-24 03:11:38,590 INFO ncaa_identity: contest_id=2133225 teams 2689/2689 matched, players 7359/7363 matched
2026-08-24 03:11:41,469 INFO ncaa_identity: contest_id=2133278 teams 2480/2480 matched, players 6484/6795 matched
2026-08-24 03:11:43,321 INFO ncaa_identity: contest_id=2133361 teams 2630/2630 matched, players 7208/7230 matched
2026-08-24 03:11:45,958 INFO ncaa_identity: contest_id=2133408 teams 1366/2728 matched, players 3749/7503 matched
2026-08-24 03:11:50,876 INFO ncaa_identity: contest_id=2133482 teams 2859/2859 matched, players 7087/7808 matched
2026-08-24 03:11:56,832 INFO ncaa_identity: contest_id=2133603 teams 1527/3021 matched, players 4181/8353 matched
2026-08-24 03:12:20,646 INFO ncaa_identity: contest_id=2133995 teams 1637/2974 matched, players 4157/8165 matched
2026-08-24 03:12:26,467 INFO ncaa_identity: contest_id=2134089 teams 3069/3069 matched, players 7881/8455 matched
2026-08-24 03:12:33,605 INFO ncaa_identity: contest_id=2134199 teams 2888/2888 matched, players 7493/8028 matched
2026-08-24 03:12:36,940 INFO ncaa_identity: contest_id=2134222 teams 1199/2487 matched, players 3405/6833 matched
2026-08-24 03:12:49,308 INFO ncaa_identity: contest_id=2134499 teams 2188/2188 matched, players 5477/5956 matched
2026-08-24 03:12:52,564 INFO ncaa_identity: contest_id=2134625 teams 2400/2400 matched, players 6176/6603 matched
2026-08-24 03:13:01,000 WARNING ncaa_parse: family=shots contest_id=2134711 team=Grambling SKIPPED (1 parse error(s)): No shot events found [<!DOCTYPE html> <html lang="en"> <head> <meta content="text/html; charset=utf-8" http-equiv="CONTENT-TYPE"/> <meta charset="utf-8"/> <meta...
2026-08-24 03:13:01,085 INFO ncaa_identity: contest_id=2134711 teams 2440/2440 matched, players 6544/6871 matched
2026-08-24 03:13:02,837 INFO ncaa_identity: contest_id=2134779 teams 2770/2770 matched, players 7388/7594 matched
2026-08-24 03:13:17,229 INFO ncaa_identity: contest_id=2135092 teams 2444/2444 matched, players 6148/6654 matched
2026-08-24 03:13:22,822 INFO ncaa_identity: contest_id=2135129 teams 2646/2646 matched, players 6865/7228 matched
2026-08-24 03:13:34,607 INFO ncaa_identity: contest_id=2135268 teams 2574/2574 matched, players 6726/7009 matched
2026-08-24 03:13:36,083 INFO ncaa_identity: contest_id=2135280 teams 2565/2565 matched, players 6982/7028 matched
2026-08-24 03:13:37,548 WARNING ncaa_parse: family=shots contest_id=2135292 team=Morgan St. SKIPPED (1 parse error(s)): No shot events found [<!DOCTYPE html> <html lang="en"> <head> <meta content="text/html; charset=utf-8" http-equiv="CONTENT-TYPE"/> <meta charset="utf-8"/> <meta...
2026-08-24 03:13:37,607 INFO ncaa_identity: contest_id=2135292 teams 2041/2041 matched, players 5324/5698 matched
2026-08-24 03:13:41,017 INFO ncaa_identity: contest_id=2135445 teams 2746/2746 matched, players 7529/7547 matched
2026-08-24 03:13:47,792 INFO ncaa_identity: contest_id=2135615 teams 2514/2514 matched, players 6347/6831 matched
2026-08-24 03:13:51,191 INFO ncaa_identity: contest_id=2135679 teams 2379/2379 matched, players 6407/6537 matched
2026-08-24 03:13:57,565 INFO ncaa_identity: contest_id=2135806 teams 2172/2172 matched, players 5771/5953 matched
2026-08-24 03:14:11,251 INFO ncaa_identity: contest_id=2136093 teams 2499/2499 matched, players 6292/6870 matched
2026-08-24 03:14:14,611 INFO ncaa_identity: contest_id=2136119 teams 2126/2126 matched, players 5722/5783 matched
2026-08-24 03:14:16,472 INFO ncaa_identity: contest_id=2136129 teams 2486/2486 matched, players 6772/6849 matched
2026-08-24 03:14:18,140 INFO ncaa_identity: contest_id=2136140 teams 2643/2643 matched, players 6621/7268 matched
2026-08-24 03:14:23,995 INFO ncaa_identity: contest_id=2136243 teams 2654/2654 matched, players 7043/7295 matched
2026-08-24 03:14:29,448 INFO ncaa_identity: contest_id=2136278 teams 2498/2498 matched, players 6439/6862 matched
2026-08-24 03:14:32,518 INFO ncaa_identity: contest_id=2136354 teams 1226/2514 matched, players 3451/6883 matched
2026-08-24 03:14:36,343 INFO ncaa_identity: contest_id=2136501 teams 2290/2290 matched, players 5547/6249 matched
2026-08-24 03:14:38,708 INFO ncaa_identity: contest_id=2136530 teams 2623/2623 matched, players 7095/7131 matched
2026-08-24 03:14:43,974 INFO ncaa_identity: contest_id=2136680 teams 2476/2476 matched, players 6276/6757 matched
2026-08-24 03:14:57,706 INFO ncaa_identity: contest_id=2136834 teams 2445/2445 matched, players 6577/6645 matched
2026-08-24 03:15:09,250 INFO ncaa_identity: contest_id=2137124 teams 2679/2679 matched, players 6936/7370 matched
2026-08-24 03:15:11,336 INFO ncaa_identity: contest_id=2137140 teams 2686/2686 matched, players 7227/7368 matched
2026-08-24 03:15:16,981 INFO ncaa_identity: contest_id=2137180 teams 0/2367 matched, players 0/6457 matched
2026-08-24 03:15:20,604 INFO ncaa_identity: contest_id=2137264 teams 2570/2570 matched, players 6444/7042 matched
2026-08-24 03:15:27,171 WARNING ncaa_parse: family=shots contest_id=2137315 team=Alcorn SKIPPED (1 parse error(s)): No shot events found [<!DOCTYPE html> <html lang="en"> <head> <meta content="text/html; charset=utf-8" http-equiv="CONTENT-TYPE"/> <meta charset="utf-8"/> <meta...
2026-08-24 03:15:32,624 INFO ncaa_identity: contest_id=2137478 teams 1459/2854 matched, players 3978/7882 matched
2026-08-24 03:15:36,218 INFO ncaa_identity: contest_id=2137555 teams 2424/2424 matched, players 6335/6654 matched
2026-08-24 03:15:38,038 WARNING ncaa_parse: family=shots contest_id=2137608 team=Hampton SKIPPED (1 parse error(s)): No shot events found [<!DOCTYPE html> <html lang="en"> <head> <meta content="text/html; charset=utf-8" http-equiv="CONTENT-TYPE"/> <meta charset="utf-8"/> <meta...
2026-08-24 03:15:38,108 INFO ncaa_identity: contest_id=2137608 teams 2101/2101 matched, players 5891/5920 matched
2026-08-24 03:15:48,847 WARNING ncaa_parse: family=shots contest_id=2137767 team=UMES SKIPPED (1 parse error(s)): No shot events found [<!DOCTYPE html> <html lang="en"> <head> <meta content="text/html; charset=utf-8" http-equiv="CONTENT-TYPE"/> <meta charset="utf-8"/> <meta...
2026-08-24 03:15:49,015 INFO ncaa_identity: contest_id=2137767 teams 2855/2855 matched, players 7436/8091 matched
2026-08-24 03:15:50,442 WARNING ncaa_parse: family=shots contest_id=2137826 team=Hampton SKIPPED (1 parse error(s)): No shot events found [<!DOCTYPE html> <html lang="en"> <head> <meta content="text/html; charset=utf-8" http-equiv="CONTENT-TYPE"/> <meta charset="utf-8"/> <meta...
2026-08-24 03:15:50,478 INFO ncaa_identity: contest_id=2137826 teams 2236/2236 matched, players 6242/6255 matched
2026-08-24 03:15:57,266 INFO ncaa_identity: contest_id=2138012 teams 1262/2464 matched, players 3336/6694 matched
2026-08-24 03:16:07,333 INFO ncaa_identity: contest_id=2138164 teams 2404/2404 matched, players 6156/6593 matched
2026-08-24 03:16:11,045 INFO ncaa_identity: contest_id=2138187 teams 2583/2583 matched, players 6760/7082 matched
2026-08-24 03:16:12,790 INFO ncaa_identity: contest_id=2138200 teams 2372/2372 matched, players 6472/6517 matched
2026-08-24 03:16:28,920 INFO ncaa_identity: contest_id=2138465 teams 2495/2495 matched, players 6772/6773 matched
2026-08-24 03:16:35,019 INFO ncaa_identity: contest_id=2138574 teams 1232/2474 matched, players 3232/6844 matched
2026-08-24 03:16:39,591 INFO ncaa_identity: contest_id=2138676 teams 2658/2658 matched, players 6844/7306 matched
2026-08-24 03:16:44,656 INFO ncaa_identity: contest_id=2138714 teams 2681/2681 matched, players 6923/7374 matched
2026-08-24 03:16:50,992 INFO ncaa_identity: contest_id=2138815 teams 2197/2197 matched, players 5463/5995 matched
2026-08-24 03:16:54,383 INFO ncaa_identity: contest_id=2138839 teams 2632/2632 matched, players 6978/7216 matched
2026-08-24 03:17:04,081 INFO ncaa_identity: contest_id=2138955 teams 2383/2383 matched, players 6350/6524 matched
2026-08-24 03:17:18,978 INFO ncaa_identity: contest_id=2139061 teams 3213/3213 matched, players 8778/8851 matched
2026-08-24 03:17:20,600 INFO ncaa_identity: contest_id=2139091 teams 2577/2577 matched, players 6875/7065 matched
2026-08-24 03:17:26,891 WARNING ncaa_parse: family=shots contest_id=2139170 team=UMES SKIPPED (1 parse error(s)): No shot events found [<!DOCTYPE html> <html lang="en"> <head> <meta content="text/html; charset=utf-8" http-equiv="CONTENT-TYPE"/> <meta charset="utf-8"/> <meta...
2026-08-24 03:17:28,900 INFO ncaa_identity: contest_id=2139182 teams 2796/2796 matched, players 7266/7678 matched
2026-08-24 03:17:41,532 WARNING ncaa_parse: family=shots contest_id=2139279 team=Morgan St. SKIPPED (1 parse error(s)): No shot events found [<!DOCTYPE html> <html lang="en"> <head> <meta content="text/html; charset=utf-8" http-equiv="CONTENT-TYPE"/> <meta charset="utf-8"/> <meta...
2026-08-24 03:17:41,671 INFO ncaa_identity: contest_id=2139279 teams 2421/2421 matched, players 6366/6792 matched
2026-08-24 03:17:51,192 INFO ncaa_identity: contest_id=2139330 teams 1181/2386 matched, players 3187/6429 matched
2026-08-24 03:17:56,195 INFO ncaa_identity: contest_id=2139361 teams 2430/2430 matched, players 6449/6619 matched
2026-08-24 03:17:59,204 INFO ncaa_identity: contest_id=2139381 teams 1161/2191 matched, players 2998/6002 matched
2026-08-24 03:18:05,299 WARNING ncaa_parse: family=shots contest_id=2139421 team=Texas Southern SKIPPED (1 parse error(s)): No shot events found [<!DOCTYPE html> <html lang="en"> <head> <meta content="text/html; charset=utf-8" http-equiv="CONTENT-TYPE"/> <meta charset="utf-8"/> <meta...
2026-08-24 03:18:15,286 INFO ncaa_identity: contest_id=2155307 teams 2461/2461 matched, players 6463/6735 matched
2026-08-24 03:18:21,802 WARNING ncaa_parse: family=shots contest_id=2155542 team=South Carolina St. SKIPPED (1 parse error(s)): No shot events found [<!DOCTYPE html> <html lang="en"> <head> <meta content="text/html; charset=utf-8" http-equiv="CONTENT-TYPE"/> <meta charset="utf-8"/> <meta...
2026-08-24 03:18:23,650 INFO ncaa_identity: contest_id=2156275 teams 1504/2951 matched, players 4017/8089 matched
2026-08-24 03:18:25,352 INFO ncaa_identity: contest_id=2156595 teams 2496/2496 matched, players 5486/6809 matched
2026-08-24 03:18:26,688 INFO ncaa_identity: contest_id=2157885 teams 2336/2336 matched, players 5689/6336 matched
2026-08-24 03:18:28,509 INFO ncaa_identity: contest_id=2159157 teams 2140/2140 matched, players 5781/5838 matched
2026-08-24 03:18:30,242 WARNING ncaa_parse: family=shots contest_id=2160529 team=Morgan St. SKIPPED (1 parse error(s)): No shot events found [<!DOCTYPE html> <html lang="en"> <head> <meta content="text/html; charset=utf-8" http-equiv="CONTENT-TYPE"/> <meta charset="utf-8"/> <meta...
2026-08-24 03:18:30,317 INFO ncaa_identity: contest_id=2160529 teams 1455/2831 matched, players 4035/7979 matched
2026-08-24 03:18:31,848 INFO ncaa_identity: contest_id=2161105 teams 2846/2846 matched, players 7513/7790 matched
2026-08-24 03:18:33,680 INFO ncaa_identity: contest_id=2163484 teams 2703/2703 matched, players 7027/7456 matched
2026-08-24 03:18:36,912 WARNING ncaa_parse: family=shots contest_id=2163994 team=South Carolina St. SKIPPED (1 parse error(s)): No shot events found [<!DOCTYPE html> <html lang="en"> <head> <meta content="text/html; charset=utf-8" http-equiv="CONTENT-TYPE"/> <meta charset="utf-8"/> <meta...
2026-08-24 03:18:36,967 INFO ncaa_identity: contest_id=2163994 teams 2384/2384 matched, players 6608/6686 matched
2026-08-24 03:18:38,390 INFO ncaa_identity: contest_id=2255327 teams 1410/2804 matched, players 3387/7681 matched
2026-08-24 03:18:46,896 INFO ncaa_identity: contest_id=2258081 teams 3022/3022 matched, players 7451/8285 matched
2026-08-24 03:18:49,178 INFO ncaa_identity: contest_id=2258094 teams 2492/2492 matched, players 6540/6785 matched
2026-08-24 03:18:53,612 INFO ncaa_identity: contest_id=2258288 teams 2397/2397 matched, players 6027/6570 matched
2026-08-24 03:18:58,676 INFO ncaa_identity: contest_id=2258781 teams 2614/2614 matched, players 6577/7179 matched
2026-08-24 03:19:19,280 INFO ncaa_identity: contest_id=2259635 teams 2926/2926 matched, players 7887/8084 matched
2026-08-24 03:19:30,130 INFO ncaa_identity: contest_id=2262817 teams 2365/2365 matched, players 5624/6442 matched
2026-08-24 03:19:33,322 INFO ncaa_identity: contest_id=2262883 teams 2529/2529 matched, players 6604/6888 matched
2026-08-24 03:19:55,750 INFO ncaa_identity: contest_id=2319934 teams 1400/2749 matched, players 3769/7535 matched
2026-08-24 03:19:57,327 INFO ncaa_identity: contest_id=2319945 teams 1386/2613 matched, players 3656/7157 matched
2026-08-24 03:19:59,201 INFO ncaa_identity: contest_id=2319956 teams 1346/2611 matched, players 3105/7151 matched
2026-08-24 03:20:00,475 INFO ncaa_identity: contest_id=2319966 teams 1271/2426 matched, players 3422/6647 matched
2026-08-24 03:20:05,723 INFO ncaa_identity: contest_id=2319996 teams 2679/2679 matched, players 6929/7331 matched
2026-08-24 03:20:09,870 INFO ncaa_identity: contest_id=2320017 teams 1535/3146 matched, players 4359/8690 matched
2026-08-24 03:20:11,488 INFO ncaa_identity: contest_id=2320027 teams 1659/3148 matched, players 4054/8672 matched
2026-08-24 03:20:13,205 INFO ncaa_identity: contest_id=2320038 teams 1273/2496 matched, players 3522/6849 matched
2026-08-24 03:20:14,861 INFO ncaa_identity: contest_id=2320048 teams 1380/2753 matched, players 3872/7601 matched
2026-08-24 03:20:16,758 INFO ncaa_identity: contest_id=2320058 teams 1538/3167 matched, players 4386/8777 matched
2026-08-24 03:20:16,898 INFO 5 starters not found for period 5; using estimate
2026-08-24 03:20:34,042 INFO ncaa_identity: contest_id=2320292 teams 3259/3259 matched, players 8648/8987 matched
2026-08-24 03:20:41,115 INFO ncaa_identity: contest_id=2320348 teams 1426/2967 matched, players 3965/8136 matched
2026-08-24 03:20:42,801 INFO ncaa_identity: contest_id=2320362 teams 2656/2656 matched, players 7128/7129 matched
2026-08-24 03:20:51,008 INFO ncaa_identity: contest_id=2320631 teams 2810/2810 matched, players 7471/7711 matched
2026-08-24 03:20:52,856 INFO ncaa_identity: contest_id=2320703 teams 2843/2843 matched, players 7437/7799 matched
2026-08-24 03:21:03,531 INFO ncaa_identity: contest_id=2321033 teams 2552/2552 matched, players 6912/7042 matched
2026-08-24 03:21:21,947 INFO ncaa_identity: contest_id=2321222 teams 2370/2370 matched, players 6194/6528 matched
2026-08-24 03:21:26,406 INFO ncaa_identity: contest_id=2321302 teams 1062/2131 matched, players 2901/5823 matched
2026-08-24 03:21:27,945 INFO ncaa_identity: contest_id=2321316 teams 2565/2565 matched, players 6712/7077 matched
2026-08-24 03:21:29,529 INFO ncaa_identity: contest_id=2321381 teams 2803/2803 matched, players 7645/7694 matched
2026-08-24 03:21:31,607 INFO ncaa_identity: contest_id=2321430 teams 1939/3653 matched, players 5232/10070 matched
2026-08-24 03:21:33,343 INFO ncaa_identity: contest_id=2321450 teams 1375/2748 matched, players 3777/7529 matched
2026-08-24 03:21:35,377 INFO ncaa_identity: contest_id=2321476 teams 1403/2726 matched, players 3783/7511 matched
2026-08-24 03:21:37,575 INFO ncaa_identity: contest_id=2321509 teams 2771/2771 matched, players 7355/7611 matched
2026-08-24 03:21:49,509 INFO ncaa_identity: contest_id=2321685 teams 2679/2679 matched, players 7171/7410 matched
2026-08-24 03:21:51,486 INFO ncaa_identity: contest_id=2321704 teams 1226/2387 matched, players 3314/6535 matched
2026-08-24 03:21:53,245 INFO ncaa_identity: contest_id=2321751 teams 3124/3124 matched, players 8308/8579 matched
2026-08-24 03:21:55,172 INFO ncaa_identity: contest_id=2321799 teams 2784/2784 matched, players 7513/7645 matched
2026-08-24 03:22:08,977 INFO ncaa_identity: contest_id=2322164 teams 2299/2299 matched, players 5899/6317 matched
2026-08-24 03:22:14,317 INFO ncaa_identity: contest_id=2322211 teams 2518/2518 matched, players 6202/6823 matched
2026-08-24 03:22:18,329 INFO ncaa_identity: contest_id=2322259 teams 2575/2575 matched, players 6747/7023 matched
2026-08-24 03:22:23,833 INFO ncaa_identity: contest_id=2322333 teams 1606/3064 matched, players 4339/8429 matched
2026-08-24 03:22:25,383 INFO ncaa_identity: contest_id=2322456 teams 1275/2535 matched, players 3098/6918 matched
2026-08-24 03:22:27,020 INFO ncaa_identity: contest_id=2322496 teams 1144/2265 matched, players 2853/6192 matched
2026-08-24 03:22:37,162 INFO ncaa_identity: contest_id=2322637 teams 2692/2692 matched, players 7193/7411 matched
2026-08-24 03:22:40,562 INFO ncaa_identity: contest_id=2322663 teams 2815/2815 matched, players 7547/7687 matched
2026-08-24 03:22:42,554 INFO ncaa_identity: contest_id=2322680 teams 2517/2517 matched, players 6440/6918 matched
2026-08-24 03:22:48,923 INFO ncaa_identity: contest_id=2322723 teams 2846/2846 matched, players 7426/7845 matched
2026-08-24 03:22:56,848 INFO ncaa_identity: contest_id=2322795 teams 2466/2466 matched, players 6587/6727 matched
2026-08-24 03:23:09,426 INFO ncaa_identity: contest_id=2322968 teams 2475/2475 matched, players 6506/6815 matched
2026-08-24 03:23:12,933 INFO ncaa_identity: contest_id=2323021 teams 1418/2797 matched, players 3720/7629 matched
2026-08-24 03:23:14,894 INFO ncaa_identity: contest_id=2323077 teams 2704/2704 matched, players 6846/7452 matched
2026-08-24 03:23:26,058 INFO ncaa_identity: contest_id=2323271 teams 1410/2735 matched, players 3675/7436 matched
2026-08-24 03:23:28,139 INFO ncaa_identity: contest_id=2323316 teams 2442/2442 matched, players 6383/6672 matched
2026-08-24 03:23:35,131 INFO ncaa_identity: contest_id=2323422 teams 2300/2300 matched, players 5839/6272 matched
2026-08-24 03:23:36,555 INFO ncaa_identity: contest_id=2323462 teams 2533/2533 matched, players 6861/6945 matched
2026-08-24 03:23:39,962 INFO ncaa_identity: contest_id=2323534 teams 2159/2159 matched, players 5577/5901 matched
2026-08-24 03:23:43,900 INFO ncaa_identity: contest_id=2323626 teams 3173/3173 matched, players 8534/8701 matched
2026-08-24 03:23:53,250 INFO ncaa_identity: contest_id=2323751 teams 1426/2711 matched, players 3809/7403 matched
2026-08-24 03:23:56,816 INFO 5 starters not found for period 5; using estimate
2026-08-24 03:24:07,304 INFO ncaa_identity: contest_id=2324100 teams 2668/2668 matched, players 6634/7275 matched
2026-08-24 03:24:11,067 INFO ncaa_identity: contest_id=2324171 teams 1496/2901 matched, players 3989/7954 matched
2026-08-24 03:24:17,931 INFO ncaa_identity: contest_id=2324227 teams 1410/2796 matched, players 3875/7657 matched
2026-08-24 03:24:21,255 INFO ncaa_identity: contest_id=2324254 teams 2465/2465 matched, players 6736/6737 matched
2026-08-24 03:24:23,215 INFO ncaa_identity: contest_id=2324281 teams 2533/2533 matched, players 6512/6898 matched
2026-08-24 03:24:26,783 INFO ncaa_identity: contest_id=2324345 teams 2995/2995 matched, players 8150/8208 matched
2026-08-24 03:24:35,111 INFO ncaa_identity: contest_id=2324501 teams 2829/2829 matched, players 7755/7776 matched
2026-08-24 03:24:43,777 INFO ncaa_identity: contest_id=2324651 teams 1205/2460 matched, players 3384/6731 matched
2026-08-24 03:24:47,356 INFO ncaa_identity: contest_id=2324740 teams 2185/2185 matched, players 5794/5923 matched
2026-08-24 03:24:50,812 INFO ncaa_identity: contest_id=2324862 teams 1489/3021 matched, players 4092/8339 matched
2026-08-24 03:24:53,240 INFO ncaa_identity: contest_id=2324901 teams 3375/3375 matched, players 8677/9290 matched
2026-08-24 03:24:56,519 INFO ncaa_identity: contest_id=2325008 teams 2624/2624 matched, players 6609/7231 matched
2026-08-24 03:25:07,516 INFO ncaa_identity: contest_id=2325113 teams 2654/2654 matched, players 7162/7247 matched
2026-08-24 03:25:10,019 INFO ncaa_identity: contest_id=2325125 teams 1593/3145 matched, players 3871/8659 matched
2026-08-24 03:25:12,164 INFO ncaa_identity: contest_id=2325157 teams 1299/2569 matched, players 3494/7007 matched
2026-08-24 03:25:17,751 INFO ncaa_identity: contest_id=2325231 teams 1219/2353 matched, players 3305/6437 matched
2026-08-24 03:25:29,556 INFO ncaa_identity: contest_id=2325424 teams 1564/3183 matched, players 4332/8737 matched
2026-08-24 03:25:35,624 INFO ncaa_identity: contest_id=2325497 teams 2355/2355 matched, players 6382/6457 matched
2026-08-24 03:25:39,317 INFO ncaa_identity: contest_id=2325587 teams 2913/2913 matched, players 7842/8051 matched
2026-08-24 03:25:52,452 INFO ncaa_identity: contest_id=2325772 teams 1472/3011 matched, players 4084/8298 matched
2026-08-24 03:25:54,105 INFO ncaa_identity: contest_id=2325785 teams 2245/2245 matched, players 5718/6159 matched
2026-08-24 03:25:58,564 INFO ncaa_identity: contest_id=2325902 teams 2935/2935 matched, players 8073/8076 matched
2026-08-24 03:26:02,351 INFO ncaa_identity: contest_id=2325934 teams 1433/2773 matched, players 3911/7661 matched
2026-08-24 03:26:04,472 INFO ncaa_identity: contest_id=2325944 teams 3723/3723 matched, players 9865/10266 matched
2026-08-24 03:26:06,788 INFO ncaa_identity: contest_id=2325969 teams 1243/2409 matched, players 3289/6572 matched
2026-08-24 03:26:08,853 INFO ncaa_identity: contest_id=2325992 teams 1461/3010 matched, players 4060/8272 matched
2026-08-24 03:26:13,009 INFO ncaa_identity: contest_id=2326034 teams 1556/2996 matched, players 4261/8279 matched
2026-08-24 03:26:16,718 INFO ncaa_identity: contest_id=2326061 teams 2683/2683 matched, players 7049/7374 matched
2026-08-24 03:26:21,941 INFO ncaa_identity: contest_id=2326094 teams 1350/2643 matched, players 3633/7189 matched
2026-08-24 03:26:30,252 INFO ncaa_identity: contest_id=2326146 teams 2481/2481 matched, players 6245/6818 matched
2026-08-24 03:26:32,206 INFO ncaa_identity: contest_id=2326159 teams 1282/2455 matched, players 3423/6763 matched
2026-08-24 03:26:35,973 INFO ncaa_identity: contest_id=2326191 teams 1290/2630 matched, players 3622/7168 matched
2026-08-24 03:26:45,485 INFO ncaa_identity: contest_id=2326310 teams 1969/1969 matched, players 4990/5379 matched
2026-08-24 03:26:47,425 INFO ncaa_identity: contest_id=2326338 teams 2866/2866 matched, players 7733/7921 matched
2026-08-24 03:26:53,699 INFO ncaa_identity: contest_id=2326376 teams 2497/2497 matched, players 6349/6813 matched
2026-08-24 03:27:09,443 INFO ncaa_identity: contest_id=2326632 teams 2810/2810 matched, players 7110/7696 matched
2026-08-24 03:27:15,466 INFO ncaa_identity: contest_id=2326716 teams 1562/3117 matched, players 4303/8569 matched
2026-08-24 03:27:19,850 INFO ncaa_identity: contest_id=2326753 teams 2637/2637 matched, players 6809/7274 matched
2026-08-24 03:27:29,551 INFO ncaa_identity: contest_id=2326847 teams 3129/3129 matched, players 8472/8599 matched
2026-08-24 03:27:33,396 INFO ncaa_identity: contest_id=2326901 teams 2505/2505 matched, players 6810/6832 matched
2026-08-24 03:27:38,731 INFO ncaa_identity: contest_id=2327108 teams 2419/2419 matched, players 6449/6616 matched
2026-08-24 03:27:47,167 INFO ncaa_identity: contest_id=2327222 teams 2203/2203 matched, players 5768/6003 matched
2026-08-24 03:27:49,289 INFO ncaa_identity: contest_id=2327294 teams 2614/2614 matched, players 6843/7191 matched
2026-08-24 03:27:58,184 INFO ncaa_identity: contest_id=2327360 teams 2459/2459 matched, players 6321/6713 matched
2026-08-24 03:28:03,390 INFO ncaa_identity: contest_id=2327456 teams 2801/2801 matched, players 7491/7659 matched
2026-08-24 03:28:08,850 INFO ncaa_identity: contest_id=2327488 teams 3138/3138 matched, players 8035/8693 matched
2026-08-24 03:28:10,942 INFO ncaa_identity: contest_id=2327532 teams 2800/2800 matched, players 7654/7705 matched
2026-08-24 03:28:13,130 INFO ncaa_identity: contest_id=2327590 teams 1452/2923 matched, players 4006/8069 matched
2026-08-24 03:28:17,756 INFO ncaa_identity: contest_id=2327734 teams 2696/2696 matched, players 6831/7362 matched
2026-08-24 03:28:24,342 INFO ncaa_identity: contest_id=2327896 teams 1267/2545 matched, players 3448/6965 matched
2026-08-24 03:28:45,583 INFO ncaa_identity: contest_id=2328236 teams 2230/2230 matched, players 5487/6115 matched
2026-08-24 03:28:55,007 INFO ncaa_identity: contest_id=2328379 teams 2813/2813 matched, players 7295/7701 matched
2026-08-24 03:28:58,876 INFO ncaa_identity: contest_id=2328404 teams 2485/2485 matched, players 6658/6785 matched
2026-08-24 03:29:08,074 INFO ncaa_identity: contest_id=2328536 teams 2388/2388 matched, players 6534/6535 matched
2026-08-24 03:29:17,205 INFO ncaa_identity: contest_id=2328757 teams 2470/2470 matched, players 6177/6755 matched
2026-08-24 03:29:35,708 WARNING ncaa_parse: family=shots contest_id=2329023 team=Texas Southern SKIPPED (1 parse error(s)): No shot events found [<!DOCTYPE html> <html lang="en"> <head> <meta content="text/html; charset=utf-8" http-equiv="CONTENT-TYPE"/> <meta charset="utf-8"/> <meta...
2026-08-24 03:29:35,841 INFO ncaa_identity: contest_id=2329023 teams 2845/2845 matched, players 7652/8030 matched
2026-08-24 03:29:41,420 INFO ncaa_identity: contest_id=2329138 teams 1470/2871 matched, players 3960/7891 matched
2026-08-24 03:29:44,938 INFO ncaa_identity: contest_id=2329274 teams 2639/2639 matched, players 7087/7217 matched
2026-08-24 03:29:49,179 INFO ncaa_identity: contest_id=2329340 teams 2855/2855 matched, players 6845/7859 matched
2026-08-24 03:29:53,249 INFO ncaa_identity: contest_id=2329388 teams 3172/3172 matched, players 8410/8749 matched
2026-08-24 03:29:55,450 INFO ncaa_identity: contest_id=2329404 teams 2976/2976 matched, players 7872/8250 matched
2026-08-24 03:29:59,401 INFO ncaa_identity: contest_id=2329474 teams 2905/2905 matched, players 7804/7999 matched
2026-08-24 03:30:12,334 INFO ncaa_identity: contest_id=2329619 teams 2744/2744 matched, players 6730/7568 matched
2026-08-24 03:30:18,148 INFO ncaa_identity: contest_id=2329690 teams 2518/2518 matched, players 6377/6907 matched
2026-08-24 03:30:19,997 INFO ncaa_identity: contest_id=2329769 teams 2251/2251 matched, players 5758/6119 matched
2026-08-24 03:30:28,179 INFO 5 starters not found for period 2; using estimate
2026-08-24 03:30:42,248 INFO ncaa_identity: contest_id=2330116 teams 2606/2606 matched, players 6621/7134 matched
2026-08-24 03:30:45,541 INFO ncaa_identity: contest_id=2330293 teams 2664/2664 matched, players 7160/7323 matched
2026-08-24 03:30:47,229 INFO ncaa_identity: contest_id=2330329 teams 2478/2478 matched, players 6553/6731 matched
2026-08-24 03:30:58,687 INFO ncaa_identity: contest_id=2330514 teams 2396/2396 matched, players 6165/6571 matched
2026-08-24 03:31:02,435 INFO ncaa_identity: contest_id=2330549 teams 2453/2453 matched, players 6723/6744 matched
2026-08-24 03:31:15,643 INFO ncaa_identity: contest_id=2330688 teams 2335/2335 matched, players 5710/6368 matched
2026-08-24 03:31:19,503 INFO ncaa_identity: contest_id=2330713 teams 2958/2958 matched, players 8119/8120 matched
2026-08-24 03:31:25,919 INFO ncaa_identity: contest_id=2330932 teams 2450/2450 matched, players 6593/6699 matched
2026-08-24 03:31:40,558 INFO ncaa_identity: contest_id=2331160 teams 2985/2985 matched, players 8159/8236 matched
2026-08-24 03:31:42,479 WARNING ncaa_parse: family=shots contest_id=2331172 team=Morgan St. SKIPPED (1 parse error(s)): No shot events found [<!DOCTYPE html> <html lang="en"> <head> <meta content="text/html; charset=utf-8" http-equiv="CONTENT-TYPE"/> <meta charset="utf-8"/> <meta...
2026-08-24 03:31:42,544 INFO ncaa_identity: contest_id=2331172 teams 2394/2394 matched, players 6683/6717 matched
2026-08-24 03:31:51,603 INFO ncaa_identity: contest_id=2331465 teams 2438/2438 matched, players 6313/6692 matched
2026-08-24 03:31:53,645 INFO ncaa_identity: contest_id=2331475 teams 2590/2590 matched, players 6782/7063 matched
2026-08-24 03:32:19,139 INFO ncaa_identity: contest_id=2331886 teams 2020/2020 matched, players 5105/5500 matched
2026-08-24 03:32:29,709 INFO ncaa_identity: contest_id=2332110 teams 2411/2411 matched, players 6124/6550 matched
2026-08-24 03:32:38,988 INFO ncaa_identity: contest_id=2332211 teams 3022/3022 matched, players 8079/8378 matched
2026-08-24 03:32:49,857 INFO ncaa_identity: contest_id=2332507 teams 2330/2330 matched, players 6066/6392 matched
2026-08-24 03:32:51,992 INFO ncaa_identity: contest_id=2332517 teams 2341/2341 matched, players 5903/6416 matched
2026-08-24 03:32:57,101 INFO ncaa_identity: contest_id=2332602 teams 2883/2883 matched, players 7974/7975 matched
2026-08-24 03:33:10,115 INFO ncaa_identity: contest_id=2332753 teams 2702/2702 matched, players 6923/7396 matched
2026-08-24 03:33:24,690 INFO ncaa_identity: contest_id=2333047 teams 2617/2617 matched, players 6516/7153 matched
2026-08-24 03:33:26,051 WARNING ncaa_parse: family=shots contest_id=2333067 team=South Carolina St. SKIPPED (1 parse error(s)): No shot events found [<!DOCTYPE html> <html lang="en"> <head> <meta content="text/html; charset=utf-8" http-equiv="CONTENT-TYPE"/> <meta charset="utf-8"/> <meta...
2026-08-24 03:33:30,399 INFO ncaa_identity: contest_id=2333180 teams 3322/3322 matched, players 8063/9144 matched
2026-08-24 03:33:41,412 INFO ncaa_identity: contest_id=2333262 teams 3406/3406 matched, players 8529/9448 matched
2026-08-24 03:33:54,079 INFO ncaa_identity: contest_id=2333562 teams 2842/2842 matched, players 7642/7830 matched
2026-08-24 03:33:55,985 INFO ncaa_identity: contest_id=2333574 teams 2438/2438 matched, players 6153/6689 matched
2026-08-24 03:34:07,376 INFO ncaa_identity: contest_id=2333696 teams 2825/2825 matched, players 7283/7753 matched
2026-08-24 03:34:09,277 INFO ncaa_identity: contest_id=2333706 teams 2889/2889 matched, players 7946/7950 matched
2026-08-24 03:34:13,431 INFO ncaa_identity: contest_id=2333778 teams 2808/2808 matched, players 7401/7735 matched
2026-08-24 03:34:16,771 INFO ncaa_identity: contest_id=2333799 teams 2192/2192 matched, players 5788/5990 matched
2026-08-24 03:34:18,650 INFO ncaa_identity: contest_id=2333811 teams 2527/2527 matched, players 6603/6960 matched
2026-08-24 03:34:20,106 INFO ncaa_identity: contest_id=2333854 teams 2383/2383 matched, players 6160/6548 matched
2026-08-24 03:34:27,034 INFO ncaa_identity: contest_id=2334050 teams 2116/2116 matched, players 5395/5796 matched
2026-08-24 03:34:44,449 INFO ncaa_identity: contest_id=2334275 teams 2610/2610 matched, players 6526/7126 matched
2026-08-24 03:34:55,354 INFO ncaa_identity: contest_id=2334393 teams 2775/2775 matched, players 7192/7643 matched
2026-08-24 03:34:59,493 INFO ncaa_identity: contest_id=2334414 teams 3932/3932 matched, players 10140/10915 matched
2026-08-24 03:35:10,462 INFO ncaa_identity: contest_id=2334540 teams 2655/2655 matched, players 6937/7271 matched
2026-08-24 03:35:15,664 INFO ncaa_identity: contest_id=2334574 teams 2443/2443 matched, players 6522/6639 matched
2026-08-24 03:35:19,264 INFO ncaa_identity: contest_id=2334596 teams 1296/2619 matched, players 3561/7191 matched
2026-08-24 03:35:34,429 INFO ncaa_identity: contest_id=2334758 teams 1228/2319 matched, players 3133/6318 matched
2026-08-24 03:35:39,579 INFO ncaa_identity: contest_id=2334809 teams 2979/2979 matched, players 8072/8159 matched
2026-08-24 03:35:41,688 INFO ncaa_identity: contest_id=2334819 teams 2652/2652 matched, players 6206/7312 matched
2026-08-24 03:35:46,014 INFO ncaa_identity: contest_id=2334849 teams 2706/2706 matched, players 7341/7471 matched
2026-08-24 03:35:55,110 INFO ncaa_identity: contest_id=2334900 teams 3034/3034 matched, players 8137/8432 matched
2026-08-24 03:36:10,357 INFO ncaa_identity: contest_id=2350859 teams 2926/2926 matched, players 7845/8041 matched
2026-08-24 03:36:17,227 INFO ncaa_identity: contest_id=2353752 teams 1540/2910 matched, players 4100/7982 matched
2026-08-24 03:36:18,708 WARNING ncaa_parse: family=shots contest_id=2365742 team=Winthrop SKIPPED (1 parse error(s)): No shot events found [<!DOCTYPE html> <html lang="en"> <head> <meta content="text/html; charset=utf-8" http-equiv="CONTENT-TYPE"/> <meta charset="utf-8"/> <meta...
2026-08-24 03:36:18,780 INFO ncaa_identity: contest_id=2365742 teams 1997/1997 matched, players 5565/5615 matched
2026-08-24 03:36:25,904 INFO ncaa_identity: contest_id=2418277 teams 2338/2338 matched, players 6362/6388 matched
2026-08-24 03:36:33,983 INFO ncaa_identity: contest_id=2418498 teams 3106/3106 matched, players 8535/8584 matched
2026-08-24 03:36:35,472 INFO ncaa_identity: contest_id=2418578 teams 2600/2600 matched, players 6971/7165 matched
2026-08-24 03:36:51,999 INFO ncaa_identity: contest_id=2421064 teams 2734/2734 matched, players 6634/7498 matched
2026-08-24 03:36:53,113 INFO ncaa_identity: contest_id=2421210 teams 1069/2160 matched, players 2941/5909 matched
2026-08-24 03:36:58,259 INFO ncaa_identity: contest_id=2421397 teams 2777/2777 matched, players 7104/7581 matched
2026-08-24 03:37:05,299 INFO 5 starters not found for period 5; using estimate
2026-08-24 03:37:07,975 INFO ncaa_identity: contest_id=2422199 teams 2042/2042 matched, players 5427/5428 matched
2026-08-24 03:37:11,084 INFO ncaa_identity: contest_id=2424298 teams 2234/2234 matched, players 5744/6129 matched
2026-08-24 03:37:22,381 INFO ncaa_identity: contest_id=2424466 teams 2761/2761 matched, players 7551/7598 matched
2026-08-24 03:37:37,809 INFO ncaa_identity: contest_id=3953880 teams 1477/2926 matched, players 4023/8045 matched
2026-08-24 03:37:43,794 INFO ncaa_identity: contest_id=3953920 teams 2669/2669 matched, players 7298/7316 matched
2026-08-24 03:37:49,178 INFO ncaa_identity: contest_id=3954029 teams 2657/2657 matched, players 6711/7276 matched
2026-08-24 03:37:51,170 INFO ncaa_identity: contest_id=3954040 teams 2874/2874 matched, players 7538/7926 matched
2026-08-24 03:37:55,638 INFO ncaa_identity: contest_id=3954158 teams 2403/2403 matched, players 6148/6568 matched
2026-08-24 03:37:57,335 INFO ncaa_identity: contest_id=3954223 teams 2671/2671 matched, players 6749/7365 matched
2026-08-24 03:38:16,773 INFO ncaa_identity: contest_id=3954523 teams 2587/2587 matched, players 6538/7073 matched
2026-08-24 03:38:18,393 INFO ncaa_identity: contest_id=3954535 teams 2690/2690 matched, players 7000/7380 matched
2026-08-24 03:38:32,013 INFO ncaa_identity: contest_id=3970207 teams 1867/3601 matched, players 4633/9904 matched
2026-08-24 03:38:34,110 INFO ncaa_identity: contest_id=3970217 teams 1683/3268 matched, players 4117/8991 matched
2026-08-24 03:38:39,238 INFO ncaa_identity: contest_id=3970248 teams 2119/2119 matched, players 5579/5787 matched
2026-08-24 03:38:41,358 INFO ncaa_identity: contest_id=3970258 teams 1600/3002 matched, players 3822/8239 matched
2026-08-24 03:38:43,150 INFO ncaa_identity: contest_id=3970269 teams 1379/2623 matched, players 3598/7156 matched
2026-08-24 03:38:44,784 INFO ncaa_identity: contest_id=3970279 teams 2962/2962 matched, players 7892/8116 matched
2026-08-24 03:38:46,936 INFO ncaa_identity: contest_id=3970291 teams 2769/2769 matched, players 7388/7623 matched
2026-08-24 03:38:50,649 INFO ncaa_identity: contest_id=3970312 teams 2796/2796 matched, players 7324/7652 matched
2026-08-24 03:38:52,729 INFO ncaa_identity: contest_id=3970322 teams 1367/2630 matched, players 3764/7242 matched
2026-08-24 03:38:54,589 INFO ncaa_identity: contest_id=3970332 teams 2867/2867 matched, players 7263/7902 matched
2026-08-24 03:39:00,302 INFO ncaa_identity: contest_id=3970395 teams 2515/2515 matched, players 6877/6886 matched
2026-08-24 03:39:04,018 INFO ncaa_identity: contest_id=3970473 teams 1328/2656 matched, players 3417/7298 matched
2026-08-24 03:39:08,215 INFO ncaa_identity: contest_id=3970500 teams 1684/3347 matched, players 4642/9198 matched
2026-08-24 03:39:15,562 INFO ncaa_identity: contest_id=3970543 teams 3158/3158 matched, players 8465/8676 matched
2026-08-24 03:39:19,638 INFO ncaa_identity: contest_id=3970624 teams 2852/2852 matched, players 7817/7844 matched
2026-08-24 03:39:29,112 INFO ncaa_identity: contest_id=3970935 teams 3563/3563 matched, players 9205/9847 matched
2026-08-24 03:39:30,860 INFO ncaa_identity: contest_id=3970970 teams 2579/2579 matched, players 7031/7048 matched
2026-08-24 03:39:33,101 INFO ncaa_identity: contest_id=3971099 teams 1250/2493 matched, players 3428/6838 matched
2026-08-24 03:39:37,144 INFO ncaa_identity: contest_id=3971161 teams 2951/2951 matched, players 7813/8110 matched
2026-08-24 03:39:43,343 INFO ncaa_identity: contest_id=3971207 teams 2496/2496 matched, players 6506/6843 matched
2026-08-24 03:39:48,784 INFO ncaa_identity: contest_id=3971280 teams 3497/3497 matched, players 9480/9604 matched
2026-08-24 03:39:52,732 INFO ncaa_identity: contest_id=3971304 teams 1634/3255 matched, players 4548/8927 matched
2026-08-24 03:39:54,736 INFO ncaa_identity: contest_id=3971352 teams 2431/2431 matched, players 6180/6625 matched
2026-08-24 03:39:56,462 INFO ncaa_identity: contest_id=3971372 teams 1185/2301 matched, players 3178/6276 matched
2026-08-24 03:40:13,080 INFO ncaa_identity: contest_id=3971629 teams 1560/3030 matched, players 4194/8334 matched
2026-08-24 03:40:14,843 INFO ncaa_identity: contest_id=3971656 teams 2245/2245 matched, players 5975/6113 matched
2026-08-24 03:40:20,903 INFO ncaa_identity: contest_id=3971708 teams 2553/2553 matched, players 6470/6984 matched
2026-08-24 03:40:22,499 INFO ncaa_identity: contest_id=3971786 teams 1489/2872 matched, players 3978/7877 matched
2026-08-24 03:40:24,518 INFO ncaa_identity: contest_id=3971816 teams 1304/2612 matched, players 3591/7144 matched
2026-08-24 03:40:26,674 INFO ncaa_identity: contest_id=3971874 teams 3011/3011 matched, players 7977/8261 matched
2026-08-24 03:40:43,014 INFO ncaa_identity: contest_id=3972241 teams 2610/2610 matched, players 6622/7190 matched
2026-08-24 03:40:49,234 INFO ncaa_identity: contest_id=3972287 teams 2631/2631 matched, players 7146/7196 matched
2026-08-24 03:40:50,869 INFO ncaa_identity: contest_id=3972324 teams 2729/2729 matched, players 7346/7523 matched
2026-08-24 03:40:54,937 INFO ncaa_identity: contest_id=3972355 teams 1398/2646 matched, players 3550/7183 matched
2026-08-24 03:40:56,897 INFO ncaa_identity: contest_id=3972490 teams 1293/2591 matched, players 3566/7135 matched
2026-08-24 03:40:58,738 INFO ncaa_identity: contest_id=3972545 teams 2462/2462 matched, players 6458/6739 matched
2026-08-24 03:41:00,235 INFO ncaa_identity: contest_id=3972581 teams 1297/2487 matched, players 3441/6767 matched
2026-08-24 03:41:02,934 INFO ncaa_identity: contest_id=3972606 teams 1456/2909 matched, players 4026/8013 matched
2026-08-24 03:41:09,045 INFO ncaa_identity: contest_id=3972667 teams 2964/2964 matched, players 8049/8142 matched
2026-08-24 03:41:12,510 INFO ncaa_identity: contest_id=3972687 teams 1339/2507 matched, players 3422/6845 matched
2026-08-24 03:41:29,148 INFO ncaa_identity: contest_id=3972833 teams 2407/2407 matched, players 6284/6563 matched
2026-08-24 03:41:31,541 INFO ncaa_identity: contest_id=3972845 teams 2349/2349 matched, players 5837/6369 matched
2026-08-24 03:41:41,387 INFO ncaa_identity: contest_id=3973013 teams 2300/2300 matched, players 5935/6287 matched
2026-08-24 03:41:43,891 INFO ncaa_identity: contest_id=3973030 teams 2106/4094 matched, players 5620/11254 matched
2026-08-24 03:41:53,575 INFO ncaa_identity: contest_id=3973202 teams 2674/2674 matched, players 6778/7356 matched
2026-08-24 03:41:55,227 INFO ncaa_identity: contest_id=3973215 teams 1530/3009 matched, players 4090/8332 matched
2026-08-24 03:42:03,226 INFO ncaa_identity: contest_id=3973398 teams 1251/2479 matched, players 3432/6802 matched
2026-08-24 03:42:12,961 INFO ncaa_identity: contest_id=3973515 teams 1459/2954 matched, players 4057/8134 matched
2026-08-24 03:42:16,775 INFO ncaa_identity: contest_id=3973601 teams 2740/2740 matched, players 7366/7482 matched
2026-08-24 03:42:20,101 INFO ncaa_identity: contest_id=3973671 teams 1157/2236 matched, players 3075/6096 matched
2026-08-24 03:42:24,106 INFO ncaa_identity: contest_id=3973725 teams 2617/2617 matched, players 6901/7193 matched
2026-08-24 03:42:30,224 INFO ncaa_identity: contest_id=3973899 teams 2989/2989 matched, players 7750/8251 matched
2026-08-24 03:42:32,027 INFO ncaa_identity: contest_id=3973952 teams 2361/2361 matched, players 6401/6458 matched
2026-08-24 03:42:33,848 INFO ncaa_identity: contest_id=3974046 teams 3009/3009 matched, players 7622/8313 matched
2026-08-24 03:42:37,728 INFO ncaa_identity: contest_id=3974089 teams 2577/2577 matched, players 6697/7035 matched
2026-08-24 03:42:45,256 INFO ncaa_identity: contest_id=3974144 teams 2708/2708 matched, players 7160/7415 matched
2026-08-24 03:42:46,987 INFO ncaa_identity: contest_id=3974176 teams 2606/2606 matched, players 6286/7095 matched
2026-08-24 03:42:48,855 INFO ncaa_identity: contest_id=3974204 teams 1332/2625 matched, players 3610/7210 matched
2026-08-24 03:42:54,571 INFO ncaa_identity: contest_id=3974294 teams 0/2724 matched, players 0/7443 matched
2026-08-24 03:42:56,316 INFO ncaa_identity: contest_id=3974305 teams 2238/2238 matched, players 6051/6135 matched
2026-08-24 03:42:59,751 INFO ncaa_identity: contest_id=3974390 teams 2531/2531 matched, players 6870/6926 matched
2026-08-24 03:43:13,148 INFO ncaa_identity: contest_id=3974630 teams 1251/2439 matched, players 3352/6708 matched
2026-08-24 03:43:16,998 INFO ncaa_identity: contest_id=3974786 teams 2662/2662 matched, players 7308/7337 matched
2026-08-24 03:43:20,671 INFO ncaa_identity: contest_id=3974911 teams 1431/2795 matched, players 3873/7677 matched
2026-08-24 03:43:28,356 INFO ncaa_identity: contest_id=3974978 teams 1365/2616 matched, players 3633/7138 matched
2026-08-24 03:43:31,295 INFO ncaa_identity: contest_id=3974998 teams 2429/2429 matched, players 6497/6658 matched
2026-08-24 03:43:33,119 INFO ncaa_identity: contest_id=3975015 teams 2730/2730 matched, players 7205/7456 matched
2026-08-24 03:43:35,147 WARNING ncaa_parse: family=shots contest_id=3975040 team=Grambling SKIPPED (1 parse error(s)): No shot events found [<!DOCTYPE html> <html lang="en"> <head> <meta content="text/html; charset=utf-8" http-equiv="CONTENT-TYPE"/> <meta charset="utf-8"/> <meta...
2026-08-24 03:43:35,218 INFO ncaa_identity: contest_id=3975040 teams 1522/2949 matched, players 4283/8402 matched
2026-08-24 03:43:38,832 INFO ncaa_identity: contest_id=3975105 teams 1341/2712 matched, players 3731/7450 matched
2026-08-24 03:43:40,520 INFO ncaa_identity: contest_id=3975154 teams 2729/2729 matched, players 7351/7472 matched
2026-08-24 03:43:42,299 INFO ncaa_identity: contest_id=3975173 teams 2523/2523 matched, players 6802/6862 matched
2026-08-24 03:43:44,234 INFO ncaa_identity: contest_id=3975206 teams 3178/3178 matched, players 8764/8800 matched
2026-08-24 03:43:47,519 INFO ncaa_identity: contest_id=3975273 teams 2408/2408 matched, players 5623/6613 matched
2026-08-24 03:43:52,184 INFO ncaa_identity: contest_id=3975288 teams 2709/2709 matched, players 7389/7467 matched
2026-08-24 03:44:01,063 INFO ncaa_identity: contest_id=3975355 teams 2594/2594 matched, players 6633/7117 matched
2026-08-24 03:44:42,422 INFO ncaa_identity: contest_id=3975571 teams 2487/2487 matched, players 6448/6839 matched
2026-08-24 03:45:11,569 INFO ncaa_identity: contest_id=3975704 teams 1255/2545 matched, players 3335/6933 matched
2026-08-24 03:45:22,105 INFO ncaa_identity: contest_id=3975814 teams 1194/2436 matched, players 3336/6726 matched
2026-08-24 03:45:40,536 INFO ncaa_identity: contest_id=3975865 teams 2774/2774 matched, players 7573/7636 matched
2026-08-24 03:46:29,773 INFO ncaa_identity: contest_id=3975992 teams 2551/2551 matched, players 6933/6977 matched
2026-08-24 03:47:01,457 INFO ncaa_identity: contest_id=3976084 teams 2536/2536 matched, players 6717/6900 matched
2026-08-24 03:47:05,800 INFO ncaa_identity: contest_id=3976130 teams 1426/2799 matched, players 3760/7665 matched
2026-08-24 03:47:14,172 INFO ncaa_identity: contest_id=3976181 teams 1695/3610 matched, players 4825/10001 matched
2026-08-24 03:47:29,041 INFO ncaa_identity: contest_id=3976222 teams 2660/2660 matched, players 7229/7292 matched
2026-08-24 03:47:35,283 INFO ncaa_identity: contest_id=3976232 teams 2489/2489 matched, players 6340/6822 matched
2026-08-24 03:47:46,287 INFO ncaa_identity: contest_id=3976327 teams 2772/2772 matched, players 7564/7582 matched
2026-08-24 03:47:50,644 INFO ncaa_identity: contest_id=3976362 teams 2297/2297 matched, players 6043/6285 matched
2026-08-24 03:48:08,494 INFO ncaa_identity: contest_id=3976453 teams 1523/2960 matched, players 4159/8160 matched
2026-08-24 03:48:18,937 INFO ncaa_identity: contest_id=3976500 teams 1365/2637 matched, players 3648/7175 matched
2026-08-24 03:48:36,074 INFO ncaa_identity: contest_id=3976555 teams 2825/2825 matched, players 7624/7775 matched
2026-08-24 03:48:47,991 INFO ncaa_identity: contest_id=3976628 teams 2780/2780 matched, players 6947/7671 matched
2026-08-24 03:48:54,035 INFO ncaa_identity: contest_id=3976638 teams 2433/2433 matched, players 6213/6692 matched
2026-08-24 03:48:57,525 INFO ncaa_identity: contest_id=3976754 teams 2503/2503 matched, players 6398/6885 matched
2026-08-24 03:49:12,366 INFO ncaa_identity: contest_id=3976844 teams 2603/2603 matched, players 7142/7145 matched
2026-08-24 03:49:23,985 INFO ncaa_identity: contest_id=3976938 teams 3622/3622 matched, players 9803/9956 matched
2026-08-24 03:49:28,619 INFO ncaa_identity: contest_id=3976952 teams 2614/2614 matched, players 7125/7195 matched
2026-08-24 03:49:40,596 INFO ncaa_identity: contest_id=3976974 teams 2777/2777 matched, players 7373/7614 matched
2026-08-24 03:50:06,707 INFO ncaa_identity: contest_id=3977081 teams 1264/2592 matched, players 3534/7131 matched
2026-08-24 03:51:16,806 INFO ncaa_identity: contest_id=3977804 teams 2392/2392 matched, players 6544/6576 matched
2026-08-24 03:51:23,604 INFO ncaa_identity: contest_id=3977933 teams 2798/2798 matched, players 7366/7725 matched
2026-08-24 03:51:25,617 INFO ncaa_identity: contest_id=3977945 teams 2536/2536 matched, players 6566/6909 matched
2026-08-24 03:51:32,920 INFO ncaa_identity: contest_id=3978066 teams 1131/2226 matched, players 2776/6094 matched
2026-08-24 03:51:43,950 INFO ncaa_identity: contest_id=3978284 teams 1244/2510 matched, players 3458/6906 matched
2026-08-24 03:51:50,024 INFO ncaa_identity: contest_id=3978375 teams 2750/2750 matched, players 7513/7570 matched
2026-08-24 03:51:51,903 INFO ncaa_identity: contest_id=3978404 teams 2524/2524 matched, players 6604/6910 matched
2026-08-24 03:51:53,119 INFO ncaa_identity: contest_id=3978484 teams 2349/2349 matched, players 5890/6442 matched
2026-08-24 03:51:57,200 INFO ncaa_identity: contest_id=3978511 teams 2929/2929 matched, players 7928/8061 matched
2026-08-24 03:51:58,687 INFO ncaa_identity: contest_id=3978535 teams 2357/2357 matched, players 6292/6432 matched
2026-08-24 03:52:13,264 INFO ncaa_identity: contest_id=3978872 teams 2504/2504 matched, players 6633/6896 matched
2026-08-24 03:52:20,718 INFO ncaa_identity: contest_id=3978980 teams 2609/2609 matched, players 7068/7094 matched
2026-08-24 03:52:23,283 INFO ncaa_identity: contest_id=3978991 teams 2697/2697 matched, players 7334/7414 matched
2026-08-24 03:52:30,575 INFO ncaa_identity: contest_id=3979099 teams 2783/2783 matched, players 6893/7649 matched
2026-08-24 03:52:36,839 INFO ncaa_identity: contest_id=3979276 teams 3105/3105 matched, players 8179/8514 matched
2026-08-24 03:52:40,693 INFO ncaa_identity: contest_id=3979333 teams 2411/2411 matched, players 6566/6567 matched
2026-08-24 03:52:47,881 INFO ncaa_identity: contest_id=3979505 teams 2398/2398 matched, players 6169/6595 matched
2026-08-24 03:52:53,042 INFO ncaa_identity: contest_id=3979553 teams 2739/2739 matched, players 7492/7535 matched
2026-08-24 03:53:03,854 INFO ncaa_identity: contest_id=3979824 teams 2856/2856 matched, players 7761/7808 matched
2026-08-24 03:53:05,731 INFO ncaa_identity: contest_id=3979869 teams 2453/2453 matched, players 6519/6770 matched
2026-08-24 03:53:27,224 INFO ncaa_identity: contest_id=3980182 teams 3043/3043 matched, players 7030/8382 matched
2026-08-24 03:53:29,106 INFO ncaa_identity: contest_id=3980244 teams 2953/2953 matched, players 7772/8096 matched
2026-08-24 03:53:32,558 INFO ncaa_identity: contest_id=3980336 teams 3633/3633 matched, players 9821/10115 matched
2026-08-24 03:53:33,923 INFO ncaa_identity: contest_id=3980364 teams 2360/2360 matched, players 6040/6437 matched
2026-08-24 03:53:36,743 WARNING ncaa_parse: family=shots contest_id=3980412 team=Morgan St. SKIPPED (1 parse error(s)): No shot events found [<!DOCTYPE html> <html lang="en"> <head> <meta content="text/html; charset=utf-8" http-equiv="CONTENT-TYPE"/> <meta charset="utf-8"/> <meta...
2026-08-24 03:53:56,748 INFO ncaa_identity: contest_id=3980872 teams 2567/2567 matched, players 6777/7039 matched
2026-08-24 03:54:09,835 INFO ncaa_identity: contest_id=3981026 teams 2217/2217 matched, players 5906/6035 matched
2026-08-24 03:54:13,406 INFO ncaa_identity: contest_id=3981105 teams 2383/2383 matched, players 6387/6471 matched
2026-08-24 03:54:22,852 INFO ncaa_identity: contest_id=3981314 teams 2855/2855 matched, players 7315/7820 matched
2026-08-24 03:54:29,943 INFO ncaa_identity: contest_id=3981436 teams 2378/2378 matched, players 6435/6501 matched
2026-08-24 03:54:31,772 INFO ncaa_identity: contest_id=3981496 teams 3295/3295 matched, players 8099/9073 matched
2026-08-24 03:54:53,233 INFO 5 starters not found for period 5; using estimate
2026-08-24 03:54:54,702 INFO ncaa_identity: contest_id=3981979 teams 2861/2861 matched, players 7411/7869 matched
2026-08-24 03:55:00,193 INFO ncaa_identity: contest_id=3982015 teams 2427/2427 matched, players 6473/6630 matched
2026-08-24 03:55:03,363 INFO ncaa_identity: contest_id=3982086 teams 2421/2421 matched, players 6348/6586 matched
2026-08-24 03:55:08,281 INFO ncaa_identity: contest_id=3982138 teams 2569/2569 matched, players 6979/7002 matched
2026-08-24 03:55:09,978 INFO ncaa_identity: contest_id=3982149 teams 2480/2480 matched, players 6592/6764 matched
2026-08-24 03:55:19,885 INFO ncaa_identity: contest_id=3982448 teams 2519/2519 matched, players 6637/6878 matched
2026-08-24 03:55:25,744 INFO ncaa_identity: contest_id=3982565 teams 2453/2453 matched, players 6507/6660 matched
2026-08-24 03:55:34,078 WARNING ncaa_parse: family=shots contest_id=3982773 team=Winthrop SKIPPED (1 parse error(s)): No shot events found [<!DOCTYPE html> <html lang="en"> <head> <meta content="text/html; charset=utf-8" http-equiv="CONTENT-TYPE"/> <meta charset="utf-8"/> <meta...
2026-08-24 03:55:34,191 INFO ncaa_identity: contest_id=3982773 teams 2327/2327 matched, players 5142/6534 matched
2026-08-24 03:55:39,763 INFO ncaa_identity: contest_id=3982879 teams 2102/2102 matched, players 5437/5748 matched
2026-08-24 03:55:59,856 INFO ncaa_identity: contest_id=3983109 teams 2373/2373 matched, players 6165/6532 matched
2026-08-24 03:56:01,912 INFO ncaa_identity: contest_id=3983179 teams 2577/2577 matched, players 6003/7095 matched
2026-08-24 03:56:03,787 INFO ncaa_identity: contest_id=3983228 teams 2780/2780 matched, players 7228/7641 matched
2026-08-24 03:56:45,737 INFO ncaa_identity: contest_id=3983771 teams 2191/2191 matched, players 5617/5944 matched
2026-08-24 03:56:55,283 INFO ncaa_identity: contest_id=3983854 teams 2374/2374 matched, players 6400/6501 matched
2026-08-24 03:56:56,568 INFO ncaa_identity: contest_id=3983880 teams 2245/2245 matched, players 5703/6139 matched
2026-08-24 03:56:58,561 INFO ncaa_identity: contest_id=3983921 teams 2538/2538 matched, players 6262/6943 matched
2026-08-24 03:57:03,876 INFO ncaa_identity: contest_id=3983981 teams 2051/2051 matched, players 5488/5556 matched
2026-08-24 03:57:07,839 INFO ncaa_identity: contest_id=3984014 teams 2674/2674 matched, players 7285/7333 matched
2026-08-24 03:57:09,628 INFO ncaa_identity: contest_id=3984048 teams 2701/2701 matched, players 6837/7431 matched
2026-08-24 03:57:22,191 INFO ncaa_identity: contest_id=3984138 teams 3128/3128 matched, players 8514/8550 matched
2026-08-24 03:57:27,756 INFO ncaa_identity: contest_id=3984219 teams 2414/2414 matched, players 6241/6621 matched
2026-08-24 03:57:31,138 INFO ncaa_identity: contest_id=3984287 teams 2287/2287 matched, players 5564/6247 matched
2026-08-24 03:57:33,087 INFO 5 starters not found for period 5; using estimate
2026-08-24 03:57:34,428 INFO ncaa_identity: contest_id=3984307 teams 2668/2668 matched, players 7227/7270 matched
2026-08-24 03:57:37,352 INFO ncaa_identity: contest_id=3984327 teams 2960/2960 matched, players 7515/8139 matched
2026-08-24 03:57:39,165 INFO ncaa_identity: contest_id=3984337 teams 2832/2832 matched, players 7455/7761 matched
2026-08-24 03:58:02,922 INFO ncaa_identity: contest_id=3984593 teams 2318/2318 matched, players 5955/6297 matched
2026-08-24 03:58:07,491 INFO ncaa_identity: contest_id=3984623 teams 2290/2290 matched, players 5107/6281 matched
2026-08-24 03:58:10,343 INFO ncaa_identity: contest_id=3984643 teams 2071/2071 matched, players 5504/5615 matched
2026-08-24 03:58:19,109 INFO ncaa_identity: contest_id=3984685 teams 2288/2288 matched, players 5916/6238 matched
2026-08-24 03:58:26,224 INFO ncaa_identity: contest_id=3984845 teams 2642/2642 matched, players 7019/7244 matched
2026-08-24 03:58:52,635 INFO ncaa_identity: contest_id=3996565 teams 2559/2559 matched, players 6475/6999 matched
2026-08-24 03:59:03,024 INFO ncaa_identity: contest_id=4469493 teams 2229/2229 matched, players 5724/6074 matched
2026-08-24 03:59:08,450 INFO ncaa_identity: contest_id=4472704 teams 1467/2841 matched, players 3583/7772 matched
2026-08-24 03:59:23,385 INFO ncaa_identity: contest_id=5249240 teams 2857/2857 matched, players 6519/7847 matched
2026-08-24 03:59:31,839 INFO ncaa_identity: contest_id=5249777 teams 2247/2247 matched, players 6066/6123 matched
2026-08-24 03:59:33,328 INFO ncaa_identity: contest_id=5249788 teams 2609/2609 matched, players 7110/7151 matched
2026-08-24 03:59:37,089 INFO ncaa_identity: contest_id=5250008 teams 2155/2155 matched, players 5841/5860 matched
2026-08-24 03:59:42,474 INFO ncaa_identity: contest_id=5250278 teams 2484/2484 matched, players 6726/6812 matched
2026-08-24 03:59:52,015 INFO ncaa_identity: contest_id=5250484 teams 3331/3331 matched, players 8758/9181 matched
2026-08-24 04:00:00,584 INFO ncaa_identity: contest_id=5250887 teams 2506/2506 matched, players 6771/6877 matched
2026-08-24 04:00:26,527 INFO ncaa_identity: contest_id=5254422 teams 2713/2713 matched, players 7344/7418 matched
2026-08-24 04:00:28,262 INFO ncaa_identity: contest_id=5254432 teams 2322/2322 matched, players 6355/6362 matched
2026-08-24 04:00:38,406 INFO ncaa_identity: contest_id=5722065 teams 2662/2662 matched, players 6764/7320 matched
2026-08-24 04:00:40,575 INFO ncaa_identity: contest_id=5722075 teams 2666/2666 matched, players 6648/7321 matched
2026-08-24 04:00:42,725 INFO ncaa_identity: contest_id=5722098 teams 2379/2379 matched, players 5951/6547 matched
2026-08-24 04:00:59,567 INFO ncaa_identity: contest_id=5722762 teams 2604/2604 matched, players 6539/7158 matched
2026-08-24 04:01:01,614 INFO ncaa_identity: contest_id=5722785 teams 3076/3076 matched, players 7563/8430 matched
2026-08-24 04:01:30,587 INFO ncaa_identity: contest_id=5723053 teams 1558/3091 matched, players 4304/8512 matched
2026-08-24 04:01:34,919 INFO ncaa_identity: contest_id=5723090 teams 2757/2757 matched, players 7445/7543 matched
2026-08-24 04:02:44,974 INFO ncaa_identity: contest_id=5723708 teams 2888/2888 matched, players 7678/7918 matched
2026-08-24 04:02:51,152 INFO ncaa_identity: contest_id=5723752 teams 2828/2828 matched, players 7110/7729 matched
2026-08-24 04:02:55,144 INFO ncaa_identity: contest_id=5723776 teams 2599/2599 matched, players 7096/7144 matched
2026-08-24 04:03:11,511 INFO ncaa_identity: contest_id=5723920 teams 2480/2480 matched, players 6463/6794 matched
2026-08-24 04:03:13,654 INFO ncaa_identity: contest_id=5723940 teams 2566/2566 matched, players 6608/7058 matched
2026-08-24 04:03:37,111 INFO ncaa_identity: contest_id=5725974 teams 2957/2957 matched, players 7517/8144 matched
2026-08-24 04:03:39,065 INFO ncaa_identity: contest_id=5725984 teams 1184/2408 matched, players 2952/6588 matched
2026-08-24 04:03:47,278 INFO ncaa_identity: contest_id=5728265 teams 1646/3368 matched, players 4365/9316 matched
2026-08-24 04:03:49,347 INFO ncaa_identity: contest_id=5728285 teams 2536/2536 matched, players 6702/6899 matched
2026-08-24 04:03:51,549 INFO ncaa_identity: contest_id=5728327 teams 1725/3342 matched, players 4245/9153 matched
2026-08-24 04:03:53,114 INFO ncaa_identity: contest_id=5728409 teams 2290/2290 matched, players 5849/6234 matched
2026-08-24 04:03:56,467 INFO ncaa_identity: contest_id=5728435 teams 2040/2040 matched, players 5549/5552 matched
2026-08-24 04:04:12,165 INFO ncaa_identity: contest_id=5728740 teams 1340/2658 matched, players 3381/7236 matched
2026-08-24 04:04:13,781 INFO ncaa_identity: contest_id=5728751 teams 2532/2532 matched, players 6908/6932 matched
2026-08-24 04:04:18,316 INFO ncaa_identity: contest_id=5728772 teams 2523/2523 matched, players 6539/6874 matched
2026-08-24 04:04:30,248 INFO ncaa_identity: contest_id=5728931 teams 2532/2532 matched, players 6868/6888 matched
2026-08-24 04:04:34,083 INFO ncaa_identity: contest_id=5728951 teams 1719/3462 matched, players 4714/9554 matched
2026-08-24 04:04:36,096 INFO ncaa_identity: contest_id=5728963 teams 1740/3314 matched, players 4676/9131 matched
2026-08-24 04:04:37,525 INFO ncaa_identity: contest_id=5728975 teams 2530/2530 matched, players 6890/6903 matched
2026-08-24 04:04:48,698 INFO ncaa_identity: contest_id=5729072 teams 1339/2642 matched, players 3663/7272 matched
2026-08-24 04:05:01,285 INFO ncaa_identity: contest_id=5729169 teams 1269/2493 matched, players 3260/6848 matched
2026-08-24 04:05:09,700 INFO ncaa_identity: contest_id=5729318 teams 3007/3007 matched, players 8154/8307 matched
2026-08-24 04:05:15,261 INFO ncaa_identity: contest_id=5729424 teams 1631/3200 matched, players 4566/8813 matched
2026-08-24 04:05:18,775 INFO ncaa_identity: contest_id=5729630 teams 3165/3165 matched, players 8641/8737 matched
2026-08-24 04:05:22,259 INFO ncaa_identity: contest_id=5729655 teams 2829/2829 matched, players 7668/7757 matched
2026-08-24 04:05:24,177 INFO ncaa_identity: contest_id=5729669 teams 2815/2815 matched, players 7063/7721 matched
2026-08-24 04:05:26,044 INFO ncaa_identity: contest_id=5729697 teams 1542/2904 matched, players 3693/7990 matched
2026-08-24 04:05:27,544 INFO ncaa_identity: contest_id=5729725 teams 2894/2894 matched, players 7831/7947 matched
2026-08-24 04:05:29,657 INFO ncaa_identity: contest_id=5729753 teams 1503/2922 matched, players 4097/8049 matched
2026-08-24 04:05:39,167 INFO ncaa_identity: contest_id=5729878 teams 2924/2924 matched, players 7713/8026 matched
2026-08-24 04:05:42,274 INFO ncaa_identity: contest_id=5729995 teams 2129/2129 matched, players 5799/5800 matched
2026-08-24 04:05:53,868 INFO ncaa_identity: contest_id=5730189 teams 1469/2914 matched, players 3955/7955 matched
2026-08-24 04:05:55,813 INFO ncaa_identity: contest_id=5730213 teams 97/3099 matched, players 0/8510 matched
2026-08-24 04:05:57,727 INFO ncaa_identity: contest_id=5730223 teams 1552/2832 matched, players 3903/7754 matched
2026-08-24 04:06:03,197 INFO ncaa_identity: contest_id=5730294 teams 1469/2768 matched, players 3945/7622 matched
2026-08-24 04:06:11,739 INFO ncaa_identity: contest_id=5730425 teams 2511/2511 matched, players 6462/6905 matched
2026-08-24 04:06:18,589 INFO ncaa_identity: contest_id=5730499 teams 1590/3101 matched, players 4307/8505 matched
2026-08-24 04:06:42,693 INFO ncaa_identity: contest_id=5730835 teams 2366/2366 matched, players 6102/6492 matched
2026-08-24 04:07:01,695 INFO ncaa_identity: contest_id=5731210 teams 2344/2344 matched, players 5903/6420 matched
2026-08-24 04:07:05,286 INFO ncaa_identity: contest_id=5731276 teams 2610/2610 matched, players 6745/7109 matched
2026-08-24 04:07:06,948 INFO ncaa_identity: contest_id=5731293 teams 2198/2198 matched, players 5578/5978 matched
2026-08-24 04:07:20,613 INFO ncaa_identity: contest_id=5731564 teams 1516/3055 matched, players 4239/8397 matched
2026-08-24 04:07:30,917 INFO ncaa_identity: contest_id=5731660 teams 1386/2697 matched, players 3775/7416 matched
2026-08-24 04:07:33,060 INFO ncaa_identity: contest_id=5731686 teams 3211/3211 matched, players 8319/8844 matched
2026-08-24 04:07:38,248 INFO ncaa_identity: contest_id=5731721 teams 1131/2269 matched, players 3127/6186 matched
2026-08-24 04:07:54,225 INFO ncaa_identity: contest_id=5731902 teams 1564/3018 matched, players 4232/8276 matched
2026-08-24 04:08:09,408 INFO ncaa_identity: contest_id=5732085 teams 1132/2299 matched, players 3042/6244 matched
2026-08-24 04:08:14,345 INFO ncaa_identity: contest_id=5732118 teams 2515/2515 matched, players 6369/6962 matched
2026-08-24 04:08:24,376 INFO ncaa_identity: contest_id=5732304 teams 2422/2422 matched, players 6512/6618 matched
2026-08-24 04:08:26,474 INFO ncaa_identity: contest_id=5732315 teams 2923/2923 matched, players 7434/7997 matched
2026-08-24 04:08:33,205 INFO ncaa_identity: contest_id=5732554 teams 1517/3054 matched, players 3741/8399 matched
2026-08-24 04:08:34,970 INFO ncaa_identity: contest_id=5732693 teams 2620/2620 matched, players 6624/7204 matched
2026-08-24 04:08:37,000 INFO ncaa_identity: contest_id=5732852 teams 1210/2461 matched, players 3448/6792 matched
2026-08-24 04:08:49,132 INFO ncaa_identity: contest_id=5733310 teams 2658/2658 matched, players 7253/7305 matched
2026-08-24 04:08:50,667 INFO ncaa_identity: contest_id=5733322 teams 2514/2514 matched, players 6790/6883 matched
2026-08-24 04:09:01,573 INFO ncaa_identity: contest_id=5733395 teams 2680/2680 matched, players 7024/7363 matched
2026-08-24 04:09:07,900 INFO ncaa_identity: contest_id=5733445 teams 2741/2741 matched, players 7387/7479 matched
2026-08-24 04:09:17,197 INFO ncaa_identity: contest_id=5733506 teams 2793/2793 matched, players 7064/7653 matched
2026-08-24 04:09:33,194 INFO ncaa_identity: contest_id=5733648 teams 1512/2858 matched, players 3868/7776 matched
2026-08-24 04:09:35,499 INFO ncaa_identity: contest_id=5733664 teams 1378/2734 matched, players 3785/7495 matched
2026-08-24 04:09:49,900 INFO ncaa_identity: contest_id=5733761 teams 2549/2549 matched, players 6898/6949 matched
2026-08-24 04:10:09,573 INFO ncaa_identity: contest_id=5734020 teams 1157/2303 matched, players 3152/6271 matched
2026-08-24 04:10:18,821 INFO ncaa_identity: contest_id=5734161 teams 1389/2726 matched, players 3693/7496 matched
2026-08-24 04:10:21,846 INFO ncaa_identity: contest_id=5734194 teams 1544/2998 matched, players 4146/8274 matched
2026-08-24 04:10:25,479 INFO ncaa_identity: contest_id=5734243 teams 1542/2979 matched, players 4183/8170 matched
2026-08-24 04:10:33,436 INFO ncaa_identity: contest_id=5734326 teams 2691/2691 matched, players 7327/7358 matched
2026-08-24 04:10:40,762 INFO ncaa_identity: contest_id=5734401 teams 2121/2121 matched, players 5785/5786 matched
2026-08-24 04:10:48,419 INFO ncaa_identity: contest_id=5734526 teams 2213/2213 matched, players 5575/6053 matched
2026-08-24 04:10:52,026 INFO ncaa_identity: contest_id=5734550 teams 2794/2794 matched, players 7241/7675 matched
2026-08-24 04:10:53,436 INFO ncaa_identity: contest_id=5734561 teams 2472/2472 matched, players 6178/6769 matched
2026-08-24 04:11:03,941 INFO ncaa_identity: contest_id=5734719 teams 2714/2714 matched, players 6996/7458 matched
2026-08-24 04:11:07,236 INFO ncaa_identity: contest_id=5734741 teams 2513/2513 matched, players 6701/6843 matched
2026-08-24 04:11:12,448 INFO ncaa_identity: contest_id=5734799 teams 2616/2616 matched, players 6980/7181 matched
2026-08-24 04:11:15,756 INFO ncaa_identity: contest_id=5734839 teams 3094/3094 matched, players 8530/8547 matched
2026-08-24 04:11:18,878 INFO ncaa_identity: contest_id=5734896 teams 2690/2690 matched, players 7292/7330 matched
2026-08-24 04:11:29,671 INFO ncaa_identity: contest_id=5734982 teams 1558/3143 matched, players 4360/8682 matched
2026-08-24 04:11:31,400 INFO ncaa_identity: contest_id=5735005 teams 3214/3214 matched, players 8715/8855 matched
2026-08-24 04:11:34,691 INFO ncaa_identity: contest_id=5735029 teams 1319/2546 matched, players 3553/6982 matched
2026-08-24 04:11:54,311 INFO ncaa_identity: contest_id=5735262 teams 1671/3177 matched, players 4468/8723 matched
2026-08-24 04:12:05,154 INFO ncaa_identity: contest_id=5735484 teams 2644/2644 matched, players 6888/7233 matched
2026-08-24 04:12:06,469 INFO ncaa_identity: contest_id=5735562 teams 1244/2545 matched, players 3445/6976 matched
2026-08-24 04:12:20,916 INFO ncaa_identity: contest_id=5735691 teams 1558/3017 matched, players 4217/8309 matched
2026-08-24 04:12:40,205 INFO ncaa_identity: contest_id=5735888 teams 2651/2651 matched, players 7214/7224 matched
2026-08-24 04:12:41,892 INFO ncaa_identity: contest_id=5735956 teams 2258/2258 matched, players 5810/6154 matched
2026-08-24 04:12:53,050 INFO ncaa_identity: contest_id=5736251 teams 1446/2820 matched, players 3876/7737 matched
2026-08-24 04:12:58,462 INFO ncaa_identity: contest_id=5736334 teams 2955/2955 matched, players 8021/8079 matched
2026-08-24 04:13:06,896 INFO ncaa_identity: contest_id=5736386 teams 2897/2897 matched, players 7815/7944 matched
2026-08-24 04:13:18,318 INFO ncaa_identity: contest_id=5736490 teams 2764/2764 matched, players 7303/7643 matched
2026-08-24 04:13:20,209 INFO ncaa_identity: contest_id=5736501 teams 2981/2981 matched, players 7763/8191 matched
2026-08-24 04:13:23,215 INFO ncaa_identity: contest_id=5736522 teams 2188/2188 matched, players 5930/6018 matched
2026-08-24 04:13:27,693 INFO ncaa_identity: contest_id=5736553 teams 2851/2851 matched, players 7402/7803 matched
2026-08-24 04:13:34,899 INFO 5 starters not found for period 3; using estimate
2026-08-24 04:13:42,731 INFO ncaa_identity: contest_id=5736667 teams 2286/2286 matched, players 5850/6234 matched
2026-08-24 04:13:58,031 INFO ncaa_identity: contest_id=5736794 teams 2770/2770 matched, players 7608/7618 matched
2026-08-24 04:14:05,353 INFO ncaa_identity: contest_id=5736862 teams 1385/2767 matched, players 3825/7555 matched
2026-08-24 04:14:07,288 INFO ncaa_identity: contest_id=5736895 teams 2686/2686 matched, players 6799/7355 matched
2026-08-24 04:14:15,911 INFO ncaa_identity: contest_id=5736987 teams 2003/3820 matched, players 5439/10612 matched
2026-08-24 04:14:27,105 INFO ncaa_identity: contest_id=5737101 teams 1477/2897 matched, players 3942/7973 matched
2026-08-24 04:14:31,821 INFO ncaa_identity: contest_id=5737137 teams 1211/2429 matched, players 3350/6683 matched
2026-08-24 04:14:46,156 INFO ncaa_identity: contest_id=5737236 teams 1478/2840 matched, players 3949/7801 matched
2026-08-24 04:14:47,690 INFO ncaa_identity: contest_id=5737251 teams 2418/2418 matched, players 6017/6626 matched
2026-08-24 04:15:26,654 INFO ncaa_identity: contest_id=5737696 teams 3867/3867 matched, players 9603/10706 matched
2026-08-24 04:15:28,444 INFO ncaa_identity: contest_id=5737712 teams 1400/2663 matched, players 3506/7295 matched
2026-08-24 04:15:35,862 INFO ncaa_identity: contest_id=5737802 teams 1327/2647 matched, players 3620/7218 matched
2026-08-24 04:15:41,656 INFO ncaa_identity: contest_id=5737885 teams 2686/2686 matched, players 6804/7350 matched
2026-08-24 04:15:47,243 INFO ncaa_identity: contest_id=5737963 teams 2494/2494 matched, players 6344/6855 matched
2026-08-24 04:15:51,969 INFO ncaa_identity: contest_id=5738055 teams 2233/2233 matched, players 6036/6048 matched
2026-08-24 04:15:55,137 INFO ncaa_identity: contest_id=5738080 teams 3016/3016 matched, players 7641/8277 matched
2026-08-24 04:16:02,748 INFO ncaa_identity: contest_id=5740554 teams 2640/2640 matched, players 7228/7247 matched
2026-08-24 04:16:05,821 INFO ncaa_identity: contest_id=5740622 teams 2640/2640 matched, players 6842/7256 matched
2026-08-24 04:16:07,380 INFO ncaa_identity: contest_id=5756585 teams 2537/2537 matched, players 6401/6981 matched
2026-08-24 04:16:11,878 INFO ncaa_identity: contest_id=5756668 teams 2825/2825 matched, players 7152/7777 matched
2026-08-24 04:16:15,047 INFO ncaa_identity: contest_id=5756690 teams 2568/2568 matched, players 6695/6895 matched
2026-08-24 04:16:16,141 INFO ncaa_identity: contest_id=5756700 teams 1908/1908 matched, players 4655/5165 matched
2026-08-24 04:16:17,696 INFO ncaa_identity: contest_id=5756711 teams 2622/2622 matched, players 6790/7217 matched
2026-08-24 04:16:21,223 INFO ncaa_identity: contest_id=5756738 teams 2544/2544 matched, players 6568/6940 matched
2026-08-24 04:16:22,854 INFO ncaa_identity: contest_id=5756748 teams 2217/2217 matched, players 5562/6002 matched
2026-08-24 04:16:24,461 INFO ncaa_identity: contest_id=5756760 teams 1456/2849 matched, players 3968/7796 matched
2026-08-24 04:16:27,811 INFO ncaa_identity: contest_id=5763036 teams 2726/2726 matched, players 7267/7447 matched
2026-08-24 04:16:31,293 INFO ncaa_identity: contest_id=5763058 teams 1415/2757 matched, players 3820/7580 matched
2026-08-24 04:16:32,665 INFO ncaa_identity: contest_id=5785378 teams 1254/2475 matched, players 3412/6762 matched
2026-08-24 04:16:45,898 INFO ncaa_identity: contest_id=5835751 teams 1388/2722 matched, players 3718/7492 matched
2026-08-24 04:16:47,701 INFO ncaa_identity: contest_id=6081039 teams 1657/3313 matched, players 4541/9097 matched
2026-08-24 04:16:59,404 INFO ncaa_identity: contest_id=6358135 teams 2433/2433 matched, players 6416/6652 matched
2026-08-24 04:17:01,186 INFO ncaa_identity: contest_id=6358145 teams 2693/2693 matched, players 7380/7389 matched
2026-08-24 04:17:24,893 INFO ncaa_identity: contest_id=6362060 teams 3274/3274 matched, players 8650/9023 matched
2026-08-24 04:17:29,279 INFO ncaa_identity: contest_id=6363114 teams 2710/2710 matched, players 6893/7408 matched
2026-08-24 04:17:53,577 INFO ncaa_identity: contest_id=6366991 teams 2816/2816 matched, players 7022/7782 matched
2026-08-24 04:17:58,355 INFO ncaa_identity: contest_id=6390108 teams 1294/2557 matched, players 3448/6916 matched
2026-08-24 04:18:36,789 INFO ncaa_identity: contest_id=6424451 teams 1194/2358 matched, players 3290/6477 matched
2026-08-24 04:18:38,023 INFO ncaa_identity: contest_id=6424462 teams 1040/2010 matched, players 2776/5470 matched
2026-08-24 04:18:39,543 INFO ncaa_identity: contest_id=6424476 teams 1204/2447 matched, players 3346/6674 matched
2026-08-24 04:18:53,301 INFO ncaa_identity: contest_id=6428158 teams 1327/2597 matched, players 3708/7123 matched
2026-08-24 04:18:54,995 INFO ncaa_identity: contest_id=6428172 teams 1365/2674 matched, players 3710/7309 matched
2026-08-24 04:19:03,375 INFO ncaa_identity: contest_id=6428409 teams 2504/2504 matched, players 6848/6852 matched
2026-08-24 04:19:12,779 INFO ncaa_identity: contest_id=6428750 teams 1830/3449 matched, players 4734/9532 matched
2026-08-24 04:19:14,455 INFO ncaa_identity: contest_id=6428769 teams 82/2889 matched, players 0/7895 matched
2026-08-24 04:19:20,965 INFO ncaa_identity: contest_id=6429506 teams 1128/2266 matched, players 3162/6154 matched
2026-08-24 04:19:42,747 INFO ncaa_identity: contest_id=6438832 teams 1250/2500 matched, players 3447/6819 matched
2026-08-24 04:20:18,961 INFO ncaa_identity: contest_id=6454959 teams 1859/3643 matched, players 5071/10094 matched
2026-08-24 04:20:30,321 INFO ncaa_identity: contest_id=6455241 teams 1468/2766 matched, players 3901/7616 matched
2026-08-24 04:20:35,726 INFO ncaa_identity: contest_id=6455851 teams 1225/2430 matched, players 3352/6649 matched
2026-08-24 04:21:06,222 INFO ncaa_identity: contest_id=6456605 teams 2730/2730 matched, players 7109/7453 matched
2026-08-24 04:21:22,117 INFO ncaa_identity: contest_id=6457074 teams 1539/2882 matched, players 4055/7903 matched
2026-08-24 04:21:41,131 INFO ncaa_identity: contest_id=6457787 teams 1228/2409 matched, players 3307/6584 matched
2026-08-24 04:22:16,913 INFO ncaa_identity: contest_id=6458935 teams 1846/3574 matched, players 5018/9944 matched
2026-08-24 04:22:31,411 INFO ncaa_identity: contest_id=6459405 teams 1269/2556 matched, players 3510/6994 matched
2026-08-24 04:22:40,112 INFO 5 starters not found for period 5; using estimate
2026-08-24 04:23:43,966 INFO ncaa_identity: contest_id=6461765 teams 2292/2292 matched, players 6106/6275 matched
2026-08-24 04:24:26,326 INFO ncaa_identity: contest_id=6463213 teams 1387/2701 matched, players 3764/7451 matched
2026-08-24 04:24:42,586 INFO ncaa_identity: contest_id=6463721 teams 2644/2644 matched, players 7127/7267 matched
2026-08-24 04:24:45,545 INFO ncaa_identity: contest_id=6463751 teams 2583/2583 matched, players 6540/7090 matched
2026-08-24 04:25:20,354 INFO ncaa_identity: contest_id=6464825 teams 1416/2848 matched, players 3902/7837 matched
2026-08-24 04:25:21,940 INFO ncaa_identity: contest_id=6465035 teams 2636/2636 matched, players 6683/7196 matched
2026-08-24 04:25:23,814 INFO ncaa_identity: contest_id=6465059 teams 1201/2394 matched, players 3276/6505 matched
2026-08-24 04:25:25,179 INFO ncaa_identity: contest_id=6465078 teams 1116/2211 matched, players 3025/6015 matched
2026-08-24 04:25:39,743 INFO ncaa_identity: contest_id=6465938 teams 2324/2324 matched, players 6015/6287 matched
2026-08-24 04:26:12,511 INFO ncaa_identity: contest_id=6467569 teams 2721/2721 matched, players 7284/7286 matched
2026-08-24 04:26:15,756 INFO ncaa_identity: contest_id=6467627 teams 2329/2329 matched, players 6038/6363 matched
2026-08-24 04:26:38,401 INFO ncaa_identity: contest_id=6468025 teams 1390/2711 matched, players 3737/7430 matched
2026-08-24 04:26:55,508 INFO ncaa_identity: contest_id=6468745 teams 1434/2775 matched, players 3852/7569 matched
2026-08-24 04:27:11,034 INFO ncaa_identity: contest_id=6469105 teams 1429/2765 matched, players 3806/7591 matched
2026-08-24 04:27:21,779 INFO ncaa_identity: contest_id=6469363 teams 1643/3077 matched, players 4311/8423 matched
2026-08-24 04:27:26,268 INFO ncaa_identity: contest_id=6470070 teams 1535/2981 matched, players 4112/8237 matched
2026-08-24 04:27:32,287 INFO ncaa_identity: contest_id=6470151 teams 3278/3278 matched, players 9061/9070 matched
2026-08-24 04:27:39,467 INFO ncaa_identity: contest_id=6470255 teams 3052/3052 matched, players 8019/8408 matched
2026-08-24 04:27:50,090 INFO ncaa_identity: contest_id=6470774 teams 1379/2707 matched, players 2670/7374 matched
2026-08-24 04:27:57,548 INFO ncaa_identity: contest_id=6470970 teams 3050/3050 matched, players 8320/8422 matched
2026-08-24 04:28:01,218 INFO ncaa_identity: contest_id=6471353 teams 1459/2889 matched, players 4023/7965 matched
2026-08-24 04:28:08,729 INFO ncaa_identity: contest_id=6472338 teams 1641/3211 matched, players 4509/8829 matched
[p1_s_e_e] [WARNING] [TeamId(name='Cal St. Fullerton')]v[TeamId(name='UC Irvine')] Flip court for periods: [[4]] because [total_shots={1: 32, 2: 26, 3: 24, 4: 29} long_shots={1: 2, 2: 3, 3: 16, 4: 29}]
2026-08-24 04:28:41,284 INFO ncaa_identity: contest_id=6473666 teams 1617/3001 matched, players 4285/8267 matched
2026-08-24 04:28:43,084 INFO ncaa_identity: contest_id=6473695 teams 1455/2709 matched, players 3789/7459 matched
2026-08-24 04:28:44,958 INFO ncaa_identity: contest_id=6473715 teams 1331/2597 matched, players 3579/7151 matched
2026-08-24 04:28:46,509 INFO ncaa_identity: contest_id=6473730 teams 2643/2643 matched, players 6772/7234 matched
2026-08-24 04:28:58,896 INFO ncaa_identity: contest_id=6474381 teams 1474/2863 matched, players 3971/7852 matched
2026-08-24 04:29:18,219 INFO ncaa_identity: contest_id=6475904 teams 1441/2859 matched, players 3917/7849 matched
2026-08-24 04:29:28,394 INFO ncaa_identity: contest_id=6476153 teams 1705/3276 matched, players 4620/9031 matched
2026-08-24 04:29:30,224 INFO ncaa_identity: contest_id=6476328 teams 1550/3034 matched, players 4077/8288 matched
2026-08-24 04:29:40,661 INFO ncaa_identity: contest_id=6476660 teams 1528/2942 matched, players 4174/8138 matched
2026-08-24 04:29:42,175 INFO ncaa_identity: contest_id=6476684 teams 1338/2714 matched, players 3753/7444 matched
2026-08-24 04:29:58,033 INFO ncaa_identity: contest_id=6477295 teams 3033/3033 matched, players 8228/8379 matched
2026-08-24 04:30:05,740 INFO ncaa_identity: contest_id=6477437 teams 1575/3131 matched, players 4303/8625 matched
2026-08-24 04:30:21,382 INFO ncaa_identity: contest_id=6477916 teams 2669/2669 matched, players 7204/7262 matched
2026-08-24 04:30:38,217 INFO ncaa_identity: contest_id=6478559 teams 1479/2921 matched, players 4080/8052 matched
2026-08-24 04:30:42,074 INFO ncaa_identity: contest_id=6478583 teams 1591/3152 matched, players 4379/8716 matched
2026-08-24 04:30:49,173 INFO ncaa_identity: contest_id=6478752 teams 1378/2737 matched, players 3765/7458 matched
2026-08-24 04:30:59,569 INFO ncaa_identity: contest_id=6478816 teams 1504/3041 matched, players 4140/8385 matched
2026-08-24 04:31:17,247 INFO ncaa_identity: contest_id=6478948 teams 1583/3057 matched, players 4266/8431 matched
2026-08-24 04:31:42,078 INFO ncaa_identity: contest_id=6479267 teams 1333/2681 matched, players 3658/7384 matched
2026-08-24 04:31:47,437 INFO ncaa_identity: contest_id=6479378 teams 1261/2380 matched, players 3423/6515 matched
2026-08-24 04:32:12,062 INFO ncaa_identity: contest_id=6480379 teams 1510/2957 matched, players 4057/8087 matched
2026-08-24 04:32:18,953 INFO ncaa_identity: contest_id=6480721 teams 1278/2545 matched, players 3549/6969 matched
2026-08-24 04:33:22,373 INFO ncaa_identity: contest_id=6483762 teams 1677/3198 matched, players 4482/8767 matched
2026-08-24 04:33:31,420 INFO ncaa_identity: contest_id=6484499 teams 1443/2866 matched, players 4034/7846 matched
2026-08-24 04:33:32,918 INFO ncaa_identity: contest_id=6484551 teams 1222/2377 matched, players 3281/6468 matched
2026-08-24 04:33:41,315 INFO ncaa_identity: contest_id=6485120 teams 1402/2747 matched, players 3802/7568 matched
2026-08-24 04:33:42,984 INFO ncaa_identity: contest_id=6485132 teams 1285/2427 matched, players 3404/6557 matched
2026-08-24 04:33:48,890 INFO ncaa_identity: contest_id=6485631 teams 1499/3032 matched, players 4282/8376 matched
2026-08-24 04:33:52,779 INFO ncaa_identity: contest_id=6485836 teams 1557/3023 matched, players 4175/8312 matched
2026-08-24 04:33:54,611 INFO ncaa_identity: contest_id=6486294 teams 1549/3053 matched, players 4252/8393 matched
2026-08-24 04:34:02,243 INFO ncaa_identity: contest_id=6486744 teams 2700/2700 matched, players 6876/7432 matched
2026-08-24 04:34:03,591 INFO ncaa_identity: contest_id=6486863 teams 1284/2394 matched, players 3296/6470 matched
2026-08-24 04:34:05,712 INFO ncaa_identity: contest_id=6487438 teams 1357/2632 matched, players 3640/7158 matched
2026-08-24 04:34:50,440 INFO ncaa_identity: contest_id=6557728 teams 2396/2396 matched, players 6362/6546 matched
2026-08-24 04:35:14,611 INFO ncaa_identity: contest_id=6559317 teams 2523/2523 matched, players 6330/6927 matched
parsed=9388 failed=0
