seasons=2010,2011,2012,2013,2014,2015,2016,2017,2018,2019,2020,2021,2022,2023,2024,2025,2026 bundles=93884 pending=93884 force=True shard=8/10 assigned=9388
2026-08-19 10:34:21,345 INFO ncaa_identity: contest_id=1343381 season=2010 league=wbb -- teams  not built; ids emitted as nulls
2026-08-19 10:34:21,352 INFO ncaa_identity: contest_id=1343389 teams 0/2188 matched, players 0/851 matched
2026-08-19 10:34:22,305 INFO ncaa_identity: contest_id=1343405 season=2010 league=wbb -- teams  not built; ids emitted as nulls
2026-08-19 10:34:22,309 INFO ncaa_identity: contest_id=1343405 teams 0/2778 matched, players 0/985 matched
2026-08-19 10:34:23,566 INFO ncaa_identity: contest_id=1343415 season=2010 league=wbb -- teams  not built; ids emitted as nulls
2026-08-19 10:34:23,574 INFO ncaa_identity: contest_id=1343415 teams 0/2574 matched, players 0/1190 matched22026-08-19 10:34:24,601 INFO ncaa_identity: contest_id=1343425 season=2010 league=wbb -- teams  not built; ids emitted as nulls
2026-08-19 10:34:24,605 INFO ncaa_identity: contest_id=1343425 teams 0/2239 matched, players 0/917 matched22026-08-19 10:34:25,697 INFO ncaa_identity: contest_id=1343435 season=2010 league=wbb -- teams  not built; ids emitted as nulls
2026-08-19 10:34:25,701 INFO ncaa_identity: contest_id=1343435 teams 0/2138 matched, players 0/749 matched22026-08-19 10:34:26,547 INFO ncaa_identity: contest_id=1343445 season=2010 league=wbb -- teams  not built; ids emitted as nulls
2026-08-19 10:34:26,552 INFO ncaa_identity: contest_id=1343445 teams 0/2522 matched, players 0/888 matched22026-08-19 10:34:27,339 INFO ncaa_identity: contest_id=1343455 season=2010 league=wbb -- teams  not built; ids emitted as nulls
2026-08-19 10:34:27,344 INFO ncaa_identity: contest_id=1343455 teams 0/2656 matched, players 0/906 matched22026-08-19 10:34:28,190 INFO ncaa_identity: contest_id=1343465 season=2010 league=wbb -- teams  not built; ids emitted as nulls
2026-08-19 10:34:28,193 INFO ncaa_identity: contest_id=1343465 teams 0/2179 matched, players 0/919 matched22026-08-19 10:34:28,880 INFO ncaa_identity: contest_id=1343475 season=2010 league=wbb -- teams  not built; ids emitted as nulls
2026-08-19 10:34:28,882 INFO ncaa_identity: contest_id=1343475 teams 0/1884 matched, players 0/657 matched22026-08-19 10:34:29,794 INFO ncaa_identity: contest_id=1343486 season=2010 league=wbb -- teams  not built; ids emitted as nulls
2026-08-19 10:34:29,799 INFO ncaa_identity: contest_id=1343486 teams 0/2310 matched, players 0/919 matched
2026-08-19 10:34:30,424 INFO ncaa_identity: contest_id=1343496 season=2010 league=wbb -- teams  not built; ids emitted as nulls
2026-08-19 10:34:30,427 INFO ncaa_identity: contest_id=1343496 teams 0/1946 matched, players 0/812 matched22026-08-19 10:34:31,084 INFO ncaa_identity: contest_id=1343506 season=2010 league=wbb -- teams  not built; ids emitted as nulls
2026-08-19 10:34:31,087 INFO ncaa_identity: contest_id=1343506 teams 0/2074 matched, players 0/695 matched22026-08-19 10:34:31,992 INFO ncaa_identity: contest_id=1343516 season=2010 league=wbb -- teams  not built; ids emitted as nulls
2026-08-19 10:34:31,995 INFO ncaa_identity: contest_id=1343516 teams 0/2188 matched, players 0/847 matched
2026-08-19 10:34:32,667 INFO ncaa_identity: contest_id=1343526 season=2010 league=wbb -- teams  not built; ids emitted as nulls
2026-08-19 10:34:32,670 INFO ncaa_identity: contest_id=1343526 teams 0/2040 matched, players 0/732 matched
2026-08-19 10:34:33,620 INFO ncaa_identity: contest_id=1343537 season=2010 league=wbb -- teams  not built; ids emitted as nulls
2026-08-19 10:34:33,623 INFO ncaa_identity: contest_id=1343537 teams 0/2236 matched, players 0/843 matched
2026-08-19 10:34:34,251 INFO ncaa_identity: contest_id=1343547 season=2010 league=wbb -- teams  not built; ids emitted as nulls
2026-08-19 10:34:34,255 INFO ncaa_identity: contest_id=1343547 teams 0/2166 matched, players 0/911 matched
2026-08-19 10:34:34,878 INFO ncaa_identity: contest_id=1343558 season=2010 league=wbb -- teams  not built; ids emitted as nulls
2026-08-19 10:34:34,882 INFO ncaa_identity: contest_id=1343558 teams 0/1791 matched, players 0/588 matched
2026-08-19 10:34:35,646 INFO ncaa_identity: contest_id=1343575 season=2010 league=wbb -- teams  not built; ids emitted as nulls
2026-08-19 10:34:35,651 INFO ncaa_identity: contest_id=1343575 teams 0/2084 matched, players 0/868 matched
2026-08-19 10:34:36,418 INFO ncaa_identity: contest_id=1343600 season=2010 league=wbb -- teams  not built; ids emitted as nulls
2026-08-19 10:34:36,421 INFO ncaa_identity: contest_id=1343600 teams 0/1936 matched, players 0/564 matched
2026-08-19 10:34:37,310 INFO ncaa_identity: contest_id=1343635 season=2010 league=wbb -- teams  not built; ids emitted as nulls
2026-08-19 10:34:37,313 INFO ncaa_identity: contest_id=1343635 teams 0/2193 matched, players 0/798 matched
2026-08-19 10:34:37,925 INFO ncaa_identity: contest_id=1343678 season=2010 league=wbb -- teams  not built; ids emitted as nulls
2026-08-19 10:34:37,927 INFO ncaa_identity: contest_id=1343678 teams 0/2089 matched, players 0/812 matched
2026-08-19 10:34:38,652 INFO ncaa_identity: contest_id=1343690 season=2010 league=wbb -- teams  not built; ids emitted as nulls
2026-08-19 10:34:38,656 INFO ncaa_identity: contest_id=1343690 teams 0/2538 matched, players 0/1090 matched
2026-08-19 10:34:39,723 INFO ncaa_identity: contest_id=1343701 season=2010 league=wbb -- teams  not built; ids emitted as nulls
2026-08-19 10:34:39,730 INFO ncaa_identity: contest_id=1343701 teams 0/2627 matched, players 0/1018 matched
2026-08-19 10:34:40,415 INFO ncaa_identity: contest_id=1343743 season=2010 league=wbb -- teams  not built; ids emitted as nulls
2026-08-19 10:34:40,419 INFO ncaa_identity: contest_id=1343743 teams 0/2132 matched, players 0/844 matched
2026-08-19 10:34:41,267 INFO ncaa_identity: contest_id=1343781 season=2010 league=wbb -- teams  not built; ids emitted as nulls
2026-08-19 10:34:41,271 INFO ncaa_identity: contest_id=1343781 teams 0/2157 matched, players 0/824 matched
2026-08-19 10:34:41,922 INFO ncaa_identity: contest_id=1343795 season=2010 league=wbb -- teams  not built; ids emitted as nulls
2026-08-19 10:34:41,927 INFO ncaa_identity: contest_id=1343795 teams 0/2044 matched, players 0/730 matched
2026-08-19 10:34:42,698 INFO ncaa_identity: contest_id=1343821 season=2010 league=wbb -- teams  not built; ids emitted as nulls
2026-08-19 10:34:42,718 INFO ncaa_identity: contest_id=1343821 teams 0/2334 matched, players 0/6573 matched
2026-08-19 10:34:43,497 INFO ncaa_identity: contest_id=1343874 season=2010 league=wbb -- teams  not built; ids emitted as nulls
2026-08-19 10:34:43,500 INFO ncaa_identity: contest_id=1343874 teams 0/1386 matched, players 0/378 matched
2026-08-19 10:34:44,592 INFO ncaa_identity: contest_id=1343908 season=2010 league=wbb -- teams  not built; ids emitted as nulls
2026-08-19 10:34:44,597 INFO ncaa_identity: contest_id=1343908 teams 0/2177 matched, players 0/740 matched
2026-08-19 10:34:45,429 INFO ncaa_identity: contest_id=1343955 season=2010 league=wbb -- teams  not built; ids emitted as nulls
2026-08-19 10:34:45,433 INFO ncaa_identity: contest_id=1343955 teams 0/2136 matched, players 0/722 matched
2026-08-19 10:34:46,493 INFO ncaa_identity: contest_id=1343969 season=2010 league=wbb -- teams  not built; ids emitted as nulls
2026-08-19 10:34:46,496 INFO ncaa_identity: contest_id=1343969 teams 0/2242 matched, players 0/869 matched
2026-08-19 10:34:47,282 INFO ncaa_identity: contest_id=1344016 season=2010 league=wbb -- teams  not built; ids emitted as nulls
2026-08-19 10:34:47,288 INFO ncaa_identity: contest_id=1344016 teams 0/2050 matched, players 0/828 matched
2026-08-19 10:34:48,210 INFO ncaa_identity: contest_id=1344047 season=2010 league=wbb -- teams  not built; ids emitted as nulls
2026-08-19 10:34:48,214 INFO ncaa_identity: contest_id=1344047 teams 0/2187 matched, players 0/751 matched
2026-08-19 10:34:49,083 INFO ncaa_identity: contest_id=1344059 season=2010 league=wbb -- teams  not built; ids emitted as nulls
2026-08-19 10:34:49,087 INFO ncaa_identity: contest_id=1344059 teams 0/1946 matched, players 0/708 matched
2026-08-19 10:34:49,774 INFO ncaa_identity: contest_id=1344087 season=2010 league=wbb -- teams  not built; ids emitted as nulls
2026-08-19 10:34:49,777 INFO ncaa_identity: contest_id=1344087 teams 0/2152 matched, players 0/700 matched
202026-08-19 10:34:50,023 INFO ncaa_identity: contest_id=1344095 season=2010 league=wbb -- teams  not built; ids emitted as nulls2026-08-19 10:34:50,534 INFO ncaa_identity: contest_id=1344128 season=2010 league=wbb -- teams  not built; ids2026-08-19 10:34:50,659 INFO ncaa_identity: contest_id=1344124 season=2010 league=wbb -- teams  not built; ids emitted as nulls2026-08-19 10:34:51,339 INFO ncaa_identity: contest_id=1344139 season=2010 league=wbb -- teams  not built; ids2026-08-19 10:34:51,492 INFO ncaa_identity: contest_id=1344137 season=2010 league=wbb -- teams  not built; ids emitted as nulls2026-08-19 10:34:51,951 INFO ncaa_identity: contest_id=1344156 season=2010 league=wbb -- teams  not built; ids2026-08-19 10:34:52,161 INFO ncaa_identity: contest_id=1344154 season=2010 league=wbb -- teams  not built; ids emitted as nulls2026-08-19 10:34:52,521 INFO ncaa_identity: contest_id=1344168 season=2010 league=wbb -- teams  not built; ids2026-08-19 10:34:52,878 INFO ncaa_identity: contest_id=1344166 season=2010 league=wbb -- teams  not built; ids emitted as nulls2026-08-19 10:34:53,384 INFO ncaa_identity: contest_id=1344185 season=2010 league=wbb -- teams  not built; ids emitted as nulls
2026-08-19 10:34:53,386 INFO ncaa_identity: contest_id=1344185 teams 0/2296 matched, players 0/835 matched
2026-08-19 10:34:54,100 INFO ncaa_identity: contest_id=1344243 season=2010 league=wbb -- teams  not built; ids emitted as nulls
2026-08-19 10:34:54,104 INFO ncaa_identity: contest_id=1344243 teams 0/2066 matched, players 0/819 matched
2026-08-19 10:34:54,946 INFO ncaa_identity: contest_id=1344284 season=2010 league=wbb -- teams  not built; ids e2026-08-19 10:34:54,990 INFO ncaa_identity: contest_id=1344254 season=2010 league=wbb -- teams  not built; ids emitted as null2026-08-19 10:34:55,678 INFO ncaa_identity: contest_id=1344305 season=2010 league=wbb -- teams  not built; ids emitted as nulls
2026-08-19 10:34:55,683 INFO ncaa_identity: contest_id=1344305 teams 0/2596 matched, players 0/872 matched
2026-08-19 10:34:56,321 INFO ncaa_identity: contest_id=1344394 season=2010 league=wbb -- teams  not built; ids emitted as nulls
2026-08-19 10:34:56,325 INFO ncaa_identity: contest_id=1344394 teams 0/2020 matched, players 0/780 matched
2026-08-19 10:34:57,448 INFO ncaa_identity: contest_id=1344457 season=2010 league=wbb -- teams  not built; ids emitted as nulls
2026-08-19 10:34:57,452 INFO ncaa_identity: contest_id=1344457 teams 0/2006 matched, players 0/763 matched
2026-08-19 10:34:58,252 INFO ncaa_identity: contest_id=1344485 season=2010 league=wbb -- teams  not built; ids emitted as nulls
2026-08-19 10:34:58,257 INFO ncaa_identity: contest_id=1344485 teams 0/2492 matched, players 0/940 matched
2026-08-19 10:34:59,110 INFO ncaa_identity: contest_id=1344553 season=2010 league=wbb -- teams  not built; ids emitted as nulls
2026-08-19 10:34:59,113 INFO ncaa_identity: contest_id=1344553 teams 0/1688 matched, players 0/579 matched
2026-08-19 10:35:00,089 INFO ncaa_identity: contest_id=1344596 season=2010 league=wbb -- teams  not built; ids emitted as nulls
2026-08-19 10:35:00,093 INFO ncaa_identity: contest_id=1344596 teams 0/2324 matched, players 0/871 matched
2026-08-19 10:35:00,823 INFO ncaa_identity: contest_id=1344635 season=2010 league=wbb -- teams  not built; ids emitted as nulls
2026-08-19 10:35:00,827 INFO ncaa_identity: contest_id=1344635 teams 0/1944 matched, players 0/646 matched
2026-08-19 10:35:01,755 INFO ncaa_identity: contest_id=1344647 season=2010 league=wbb -- teams  not built; ids emitted as nulls
2026-08-19 10:35:01,758 INFO ncaa_identity: contest_id=1344647 teams 0/1866 matched, players 0/645 matched
2026-08-19 10:35:02,489 INFO ncaa_identity: contest_id=1344770 season=2010 league=wbb -- teams  not built; ids emitted as nulls
2026-08-19 10:35:02,492 INFO ncaa_identity: contest_id=1344770 teams 0/2152 matched, players 0/712 matched
2026-08-19 10:35:03,128 INFO ncaa_identity: contest_id=1344842 season=2010 league=wbb -- teams  not built; ids emitted as nulls
2026-08-19 10:35:03,133 INFO ncaa_identity: contest_id=1344842 teams 0/1996 matched, players 0/730 matched
2026-08-19 10:35:04,092 INFO ncaa_identity: contest_id=1344854 season=2010 league=wbb -- teams  not built; ids emitted as nulls
2026-08-19 10:35:04,094 INFO ncaa_identity: contest_id=1344854 teams 0/1992 matched, players 0/756 matched
2026-08-19 10:35:04,765 INFO ncaa_identity: contest_id=1344882 season=2010 league=wbb -- teams  not built; ids emitted as nulls
2026-08-19 10:35:04,782 INFO ncaa_identity: contest_id=1344882 teams 0/2368 matched, players 0/6739 matched
2026-08-19 10:35:05,489 INFO ncaa_identity: contest_id=1344893 season=2010 league=wbb -- teams  not built; ids emitted as nulls
2026-08-19 10:35:05,493 INFO ncaa_identity: contest_id=1344893 teams 0/2278 matched, players 0/818 matched
2026-08-19 10:35:06,204 INFO ncaa_identity: contest_id=1344911 season=2010 league=wbb -- teams  not built; ids emitted as nulls
2026-08-19 10:35:06,208 INFO ncaa_identity: contest_id=1344911 teams 0/1758 matched, players 0/493 matched
2026-08-19 10:35:07,497 INFO ncaa_identity: contest_id=1344921 season=2010 league=wbb -- teams  not built; ids emitted as nulls
2026-08-19 10:35:07,502 INFO ncaa_identity: contest_id=1344921 teams 0/2395 matched, players 0/862 matched
2026-08-19 10:35:07,624 INFO 5 starters not found for period 1; using estimate
2026-08-19 10:35:07,626 INF2022026-08-19 10:35:08,228 INFO ncaa_identity: contest_id=1344947 season=2010 league=wbb -- teams  not built; ids emitted as null2022026-08-19 10:35:08,234 INFO ncaa_identity: contest_id=1344947 teams 0/2419 match2026-08-19 10:35:08,543 20262026-08-19 10:35:09,026 INFO ncaa_identity: contest_id=1344972 season=2010 league=wbb -- teams  not built; ids emitted as nulls
2026-08-19 10:35:09,029 INFO ncaa_identity: contest_id=1344972 teams 0/1702 match2026-08-19 10:35:10,118 INFO ncaa_identity: contest_id=1344991 season=2010 league=wbb -- teams  not built; ids emitted as nulls
2026-08-19 10:35:10,134 INFO ncaa_identity: contest_id=1344991 teams 0/2701 matched, players 0/7610 matched
2026-08-19 10:35:10,682026-08-19 10:35:10,805 INFO ncaa_identity: contest_id=1345019 season=2010 league=wbb2026-08-19 10:35:10,890 INFO ncaa_identity: contest_id=1345003 season=2010 league=wbb -- teams  not built; ids emitted as nulls
22026-08-19 10:35:11,502 INFO ncaa_identity: contest_id=1345025 season=2010 league=wbb -- teams  not built; ids emitted as nulls
2026-08-19 10:35:11,509 INFO ncaa_identity: contest_id=1345025 teams 0/2728 matched, players 0/1103 matched
2026-08-19 10:35:12,22026-08-19 10:35:12,287 INFO ncaa_identity: contest_id=1345120 season=2010 league=wbb -- teams  not built; ids emitted as nulls
2026-08-19 10:35:12,290 INFO ncaa_identity: contest_id=1345120 teams 0/2088 matched, pl2026-08-19 10:35:12,72026-08-19 10:35:12,981 INFO ncaa_identity: contest_id=1345135 season=2010 league=wbb -- teams  not built; ids emitted as nulls
2026-08-19 10:35:12,985 INFO ncaa_identity: contest_id=1345135 teams 0/1862 matched, pl2026-08-19 10:35:13,42026-08-19 10:35:13,619 INFO ncaa_identity: contest_id=1345204 season=2010 league=wbb -- teams  not built; ids emitted as nulls
2026-08-19 10:35:13,634 INFO ncaa_identity: contest_id=1345204 teams 0/2386 matched, pl2026-08-19 10:35:14,282026-08-19 10:35:14,431 INFO ncaa_identity: contest_id=1345220 season=2010 league=wbb -- teams  not built; ids emitted as nulls
2026-08-19 10:35:14,435 INFO ncaa_identity: contest_id=1345220 teams 0/2118 matched, p2026-08-19 10:35:15,012026-08-19 10:35:15,036 INFO ncaa_identity: contest_id=1345241 season=2010 league=wb2026-08-19 10:35:15,159 INFO ncaa_identity: contest_id=1345224 season=2010 league=wbb -- teams  not built; ids emitted as nulls
2022026-08-19 10:35:15,62026-08-19 10:35:15,643 INFO ncaa_identity: contest_id=1345327 season=2010 league=wb2026-08-19 10:35:15,842 INFO ncaa_identity: contest_id=1345248 season=2010 league=wbb -- teams  not built; ids emitted as nulls
2022026-08-19 10:35:16,52026-08-19 10:35:16,526 INFO ncaa_identity: contest_id=1345339 season=2010 league=wb2026-08-19 10:35:16,816 INFO ncaa_identity: contest_id=1345332 season=2010 league=wbb -- teams  not built; ids emitted as nulls
2022026-08-19 10:35:17,161 INFO ncaa_identity: contest_id=1345347 season=2010 league=wbb -- teams  not built2026-08-19 10:35:17,513 INFO ncaa_identity: contest_id=1345345 season=2010 league=wbb -- teams  not built; ids emitted as nulls
2022026-08-19 10:35:17,82026-08-19 10:35:18,027 INFO ncaa_identity: contest_id=1345371 season=2010 league=wb2026-08-19 10:35:18,218 INFO ncaa_identity: contest_id=1345355 season=2010 league=wbb -- teams  not built; ids emitted as nulls
2022026-08-19 10:35:18,744 INFO ncaa_identity: contest_id=1345377 season=2010 league=wbb -- teams  not built2026-08-19 10:35:18,911 INFO ncaa_identity: contest_id=1345375 season=2010 league=wbb -- teams  not built; ids emitted as nulls
2022026-08-19 10:35:19,356 INFO ncaa_identity: contest_id=1345391 season=2010 league=wbb -- teams  not built2026-08-19 10:35:19,630 INFO ncaa_identity: contest_id=1345389 season=2010 league=wbb -- teams  not built; ids emitted as nulls
2022026-08-19 10:35:20,12026-08-19 10:35:20,224 INFO ncaa_identity: contest_id=1345423 season=2010 league=wb2026-08-19 10:35:20,307 INFO ncaa_identity: contest_id=1345413 season=2010 league=wbb -- teams  not built; ids emitted as nulls
2022026-08-19 10:35:20,82026-08-19 10:35:20,937 INFO ncaa_identity: contest_id=1345433 season=2010 league=wb2026-08-19 10:35:21,078 INFO ncaa_identity: contest_id=1345426 season=2010 league=wbb -- teams  not built; ids emitted as nulls
2022026-08-19 10:35:21,52026-08-19 10:35:21,607 INFO ncaa_identity: contest_id=1345450 season=2010 league=wb2026-08-19 10:35:21,749 INFO ncaa_identity: contest_id=1345440 season=2010 league=wbb -- teams  not built; ids emitted as nulls
20262026-08-19 10:35:22,405 INFO ncaa_identity: contest_id=1345458 season=2010 league=wbb -- teams  not built; ids emitted as nulls
2026-08-19 10:35:22,409 INFO ncaa_identity: contest_id=1345458 teams 0/2332 matched, players 0/924 matched
2026-08-19 10:35:23,110 INFO ncaa_identity: contest_id=1345475 season=2010 league=wbb -- teams  not built; ids emitted as nulls
2026-08-19 10:35:23,113 INFO ncaa_identity: contest_id=1345475 teams 0/2261 matched, players 0/858 matched
2026-08-19 10:35:23,952 INFO ncaa_identity: contest_id=1345494 season=2010 league=wbb -- teams  not built; ids emitted as nulls
2026-08-19 10:35:23,955 INFO ncaa_identity: contest_id=1345494 teams 0/2246 matched, players 0/935 matched
2026-08-19 10:35:24,627 INFO ncaa_identity: contest_id=1345511 season=2010 league=wbb -- teams  not built; ids emitted as nulls
2026-08-19 10:35:24,630 INFO ncaa_identity: contest_id=1345511 teams 0/2212 matched, players 0/863 matched
2026-08-19 10:35:25,276 INFO ncaa_identity: contest_id=1345527 season=2010 league=wbb -- teams  not built; ids emitted as nulls
2026-08-19 10:35:25,279 INFO ncaa_identity: contest_id=1345527 teams 0/1904 matched, players 0/725 matched
2026-08-19 10:35:26,121 INFO ncaa_identity: contest_id=1345541 season=2010 league=wbb -- teams  not built; ids emitted as nulls
2026-08-19 10:35:26,125 INFO ncaa_identity: contest_id=1345541 teams 0/2388 matched, players 0/940 matched
2026-08-19 10:35:26,22026-08-19 10:35:26,610 INFO ncaa_identity: contest_id=1345568 season=2010 league=wbb -- teams  not built; ids emitted as nulls
2026-08-19 10:35:26,614 INFO ncaa_identity: contest_id=1345568 teams 0/1964 matched, players 0/770 matched
2026-08-19 10:35:27,175 INFO ncaa_identity: contest_id=1345590 season=2010 league=wbb -- teams  not built; ids emitted as nulls
2026-08-19 10:35:27,178 INFO ncaa_identity: contest_id=1345590 teams 0/2036 matched, players 0/742 matched
2026-08-19 10:35:27,943 INFO ncaa_identity: contest_id=1345635 season=2010 league=wbb -- teams  not built; ids emitted as nulls
2026-08-19 10:35:27,947 INFO ncaa_identity: contest_id=1345635 teams 0/1812 matched, players 0/704 matched
2026-08-19 10:35:28,676 INFO ncaa_identity: contest_id=1345679 season=2010 league=wbb -- teams  not built; ids emitted as nulls
2026-08-19 10:35:28,681 INFO ncaa_identity: contest_id=1345679 teams 0/2352 matched, players 0/901 matched
2026-08-19 10:35:29,353 INFO ncaa_identity: contest_id=1345695 season=2010 league=wbb -- teams  not built; ids emitted as nulls
2026-08-19 10:35:29,357 INFO ncaa_identity: contest_id=1345695 teams 0/2478 matched, players 0/989 matched
2026-08-19 10:35:30,065 INFO ncaa_identity: contest_id=1345738 season=2010 league=wbb -- teams  not built; ids emitted as nulls
2026-08-19 10:35:30,067 INFO ncaa_identity: contest_id=1345738 teams 0/1724 matched, players 0/512 matched
2026-08-19 10:35:30,697 INFO ncaa_identity: contest_id=1345759 season=2010 league=wbb -- teams  not built; ids emitted as nulls
2026-08-19 10:35:30,700 INFO ncaa_identity: contest_id=1345759 teams 0/2152 matched, players 0/863 matched
2026-08-19 10:35:31,537 INFO ncaa_identity: contest_id=1345771 season=2010 league=wbb -- teams  not built; ids emitted as nulls
2026-08-19 10:35:31,542 INFO ncaa_identity: contest_id=1345771 teams 0/2706 matched, players 0/901 matched
2026-08-19 10:35:32,117 INFO ncaa_identity: contest_id=1345793 season=2010 league=wbb -- teams  not built; ids emitted as nulls
2026-08-19 10:35:32,121 INFO ncaa_identity: contest_id=1345793 teams 0/1848 matched, players 0/607 matched
2026-08-19 10:35:32,735 INFO ncaa_identity: contest_id=1345817 season=2010 league=wbb -- teams  not built; ids emitted as nulls
2026-08-19 10:35:32,738 INFO ncaa_identity: contest_id=1345817 teams 0/2000 matched, players 0/729 matched
2026-08-19 10:35:33,551 INFO ncaa_identity: contest_id=1345840 season=2010 league=wbb -- teams  not built; ids emitted as nulls
2026-08-19 10:35:33,555 INFO ncaa_identity: contest_id=1345840 teams 0/2008 matched, players 0/640 matched
2026-08-19 10:35:34,190 INFO ncaa_identity: contest_id=1345868 season=2010 league=wbb -- teams  not built; ids emitted as nulls
2026-08-19 10:35:34,193 INFO ncaa_identity: contest_id=1345868 teams 0/2008 matched, players 0/702 matched
2026-08-19 10:35:34,703 INFO ncaa_identity: contest_id=1345893 season=2010 league=wbb -- teams  not built; ids emitted as nulls
2026-08-19 10:35:34,706 INFO ncaa_identity: contest_id=1345893 teams 0/1820 matched, players 0/748 matched
2026-08-19 10:35:35,491 INFO ncaa_identity: contest_id=1345906 season=2010 league=wbb -- teams  not built; ids emitted as nulls
2026-08-19 10:35:35,495 INFO ncaa_identity: contest_id=1345906 teams 0/1912 matched, players 0/670 matched
2026-08-19 10:35:36,075 INFO ncaa_identity: contest_id=1345938 season=2010 league=wbb -- teams  not built; ids emitted as nulls
2026-08-19 10:35:36,078 INFO ncaa_identity: contest_id=1345938 teams 0/1896 matched, players 0/709 matched
2026-08-19 10:35:36,743 INFO ncaa_identity: contest_id=1345985 season=2010 league=wbb -- teams  not built; ids emitted as nulls
2026-08-19 10:35:36,748 INFO ncaa_identity: contest_id=1345985 teams 0/2392 matched, players 0/907 matched
2026-08-19 10:35:37,512 INFO ncaa_identity: contest_id=1346038 season=2010 league=wbb -- teams  not built; ids emitted as nulls
2026-08-19 10:35:37,517 INFO ncaa_identity: contest_id=1346038 teams 0/2012 matched, players 0/769 matched
2026-08-19 10:35:38,061 INFO ncaa_identity: contest_id=1346068 season=2010 league=wbb -- teams  not built; ids emitted as nulls
2026-08-19 10:35:38,064 INFO ncaa_identity: contest_id=1346068 teams 0/1827 matched, players 0/682 matched
2026-08-19 10:35:38,988 INFO ncaa_identity: contest_id=1346094 season=2010 league=wbb -- teams  not built; ids emitted as nulls
2026-08-19 10:35:38,993 INFO ncaa_identity: contest_id=1346094 teams 0/2226 matched, players 0/812 matched
2026-08-19 10:35:39,570 INFO ncaa_identity: contest_id=1346131 season=2010 league=wbb -- teams  not built; ids emitted as nulls
2026-08-19 10:35:39,573 INFO ncaa_identity: contest_id=1346131 teams 0/1914 matched, players 0/687 matched
2026-08-19 10:35:40,170 INFO ncaa_identity: contest_id=1346184 season=2010 league=wbb -- teams  not built; ids emitted as nulls
2026-08-19 10:35:40,174 INFO ncaa_identity: contest_id=1346184 teams 0/1954 matched, players 0/665 matched
2026-08-19 10:35:40,982 INFO ncaa_identity: contest_id=1346233 season=2010 league=wbb -- teams  not built; ids emitted as nulls
2026-08-19 10:35:40,987 INFO ncaa_identity: contest_id=1346233 teams 0/2800 matched, players 0/1142 matched
2026-08-19 10:35:41,630 INFO ncaa_identity: contest_id=1346257 season=2010 league=wbb -- teams  not built; ids emitted as nulls
2026-08-19 10:35:41,634 INFO ncaa_identity: contest_id=1346257 teams 0/2164 matched, players 0/757 matched
2026-08-19 10:35:42,230 INFO ncaa_identity: contest_id=1346268 season=2010 league=wbb -- teams  not built; ids emitted as nulls
2026-08-19 10:35:42,233 INFO ncaa_identity: contest_id=1346268 teams 0/2048 matched, players 0/838 matched
2026-08-19 10:35:42,831 INFO ncaa_identity: contest_id=1346316 season=2010 league=wbb -- teams  not built; ids emitted as nulls
2026-08-19 10:35:42,834 INFO ncaa_identity: contest_id=1346316 teams 0/1752 matched, players 0/468 matched
2026-08-19 10:35:43,777 INFO ncaa_identity: contest_id=1346326 season=2010 league=wbb -- teams  not built; ids emitted as nulls
2026-08-19 10:35:43,794 INFO ncaa_identity: contest_id=1346326 teams 0/2866 matched, players 0/8074 matched
2026-08-19 10:35:44,377 INFO ncaa_identity: contest_id=1346360 season=2010 league=wbb -- teams  not built; ids emitted as nulls
2026-08-19 10:35:44,381 INFO ncaa_identity: contest_id=1346360 teams 0/1712 matched, players 0/658 matched
2026-08-19 10:35:44,955 INFO ncaa_identity: contest_id=1346385 season=2010 league=wbb -- teams  not built; ids emitted as nulls
2026-08-19 10:35:44,957 INFO ncaa_identity: contest_id=1346385 teams 0/1711 matched, players 0/537 matched
2026-08-19 10:35:45,493 INFO ncaa_identity: contest_id=1346423 season=2010 league=wbb -- teams  not built; ids emitted as nulls
2026-08-19 10:35:45,495 INFO ncaa_identity: contest_id=1346423 teams 0/1580 matched, players 0/525 matched
2026-08-19 10:35:46,450 INFO ncaa_identity: contest_id=1346481 season=2010 league=wbb -- teams  not built; ids emitted as nulls
2026-08-19 10:35:46,453 INFO ncaa_identity: contest_id=1346481 teams 0/2252 matched, players 0/810 matched
2026-08-19 10:35:47,000 INFO ncaa_identity: contest_id=1346491 season=2010 league=wbb -- teams  not built; ids emitted as nulls
2026-08-19 10:35:47,004 INFO ncaa_identity: contest_id=1346491 teams 0/1811 matched, players 0/614 matched
2026-08-19 10:35:47,845 INFO ncaa_identity: contest_id=1346515 season=2010 league=wbb -- teams  not built; ids emitted as nulls
2026-08-19 10:35:47,850 INFO ncaa_identity: contest_id=1346515 teams 0/2496 matched, players 0/1057 matched
2026-08-19 10:35:48,498 INFO ncaa_identity: contest_id=1346595 season=2010 league=wbb -- teams  not built; ids emitted as nulls
2026-08-19 10:35:48,501 INFO ncaa_identity: contest_id=1346595 teams 0/2170 matched, players 0/793 matched
2026-08-19 10:35:49,146 INFO ncaa_identity: contest_id=1346607 season=2010 league=wbb -- teams  not built; ids emitted as nulls
2026-08-19 10:35:49,148 INFO ncaa_identity: contest_id=1346607 teams 0/1936 matched, players 0/710 matched
2026-08-19 10:35:49,889 INFO ncaa_identity: contest_id=1346617 season=2010 league=wbb -- teams  not built; ids emitted as nulls
2026-08-19 10:35:49,904 INFO ncaa_identity: contest_id=1346617 teams 0/2300 matched, players 0/6474 matched
2026-08-19 10:35:50,484 INFO ncaa_identity: contest_id=1346631 season=2010 league=wbb -- teams  not built; ids emitted as nulls
2026-08-19 10:35:50,488 INFO ncaa_identity: contest_id=1346631 teams 0/1912 matched, players 0/640 matched
2026-08-19 10:35:51,112 INFO ncaa_identity: contest_id=1346662 season=2010 league=wbb -- teams  not built; ids emitted as nulls
2026-08-19 10:35:51,115 INFO ncaa_identity: contest_id=1346662 teams 0/2286 matched, players 0/852 matched
2026-08-19 10:35:51,658 INFO ncaa_identity: contest_id=1346734 season=2010 league=wbb -- teams  not built; ids emitted as nulls
2026-08-19 10:35:51,660 INFO ncaa_identity: contest_id=1346734 teams 0/1678 matched, players 0/655 matched
2026-08-19 10:35:52,405 INFO ncaa_identity: contest_id=1346769 season=2010 league=wbb -- teams  not built; ids emitted as nulls
2026-08-19 10:35:52,407 INFO ncaa_identity: contest_id=1346769 teams 0/1914 matched, players 0/620 matched
2026-08-19 10:35:52,973 INFO ncaa_identity: contest_id=1346842 season=2010 league=wbb -- teams  not built; ids emitted as nulls
2026-08-19 10:35:52,976 INFO ncaa_identity: contest_id=1346842 teams 0/1888 matched, players 0/671 matched
2026-08-19 10:35:53,634 INFO ncaa_identity: contest_id=1346863 season=2010 league=wbb -- teams  not built; ids emitted as nulls
2026-08-19 10:35:53,638 INFO ncaa_identity: contest_id=1346863 teams 0/2013 matched, players 0/641 matched
2026-08-19 10:35:54,457 INFO ncaa_identity: contest_id=1346902 season=2010 league=wbb -- teams  not built; ids emitted as nulls
2026-08-19 10:35:54,462 INFO ncaa_identity: contest_id=1346902 teams 0/2166 matched, players 0/843 matched
2026-08-19 10:35:55,166 INFO ncaa_identity: contest_id=1346989 season=2010 league=wbb -- teams  not built; ids emitted as nulls
2026-08-19 10:35:55,171 INFO ncaa_identity: contest_id=1346989 teams 0/2662 matched, players 0/997 matched
2026-08-19 10:35:55,741 INFO ncaa_identity: contest_id=1346999 season=2010 league=wbb -- teams  not built; ids emitted as nulls
2026-08-19 10:35:55,743 INFO ncaa_identity: contest_id=1346999 teams 0/1986 matched, players 0/598 matched
2026-08-19 10:35:56,581 INFO ncaa_identity: contest_id=1347012 season=2010 league=wbb -- teams  not built; ids emitted as nulls
2026-08-19 10:35:56,586 INFO ncaa_identity: contest_id=1347012 teams 0/2580 matched, players 0/1114 matched
2026-08-19 10:35:57,159 INFO ncaa_identity: contest_id=1347026 season=2010 league=wbb -- teams  not built; ids emitted as nulls
2026-08-19 10:35:57,162 INFO ncaa_identity: contest_id=1347026 teams 0/1830 matched, players 0/623 matched
2026-08-19 10:35:57,943 INFO ncaa_identity: contest_id=1347043 season=2010 league=wbb -- teams  not built; ids emitted as nulls
2026-08-19 10:35:57,945 INFO ncaa_identity: contest_id=1347043 teams 0/2108 matched, players 0/703 matched
2026-08-19 10:35:58,495 INFO ncaa_identity: contest_id=1347054 season=2010 league=wbb -- teams  not built; ids emitted as nulls
2026-08-19 10:35:58,497 INFO ncaa_identity: contest_id=1347054 teams 0/1908 matched, players 0/640 matched
2026-08-19 10:35:59,142 INFO ncaa_identity: contest_id=1347077 season=2010 league=wbb -- teams  not built; ids emitted as nulls
2026-08-19 10:35:59,144 INFO ncaa_identity: contest_id=1347077 teams 0/2092 matched, players 0/779 matched
2026-08-19 10:35:59,891 INFO ncaa_identity: contest_id=1347118 season=2010 league=wbb -- teams  not built; ids emitted as nulls
2026-08-19 10:35:59,896 INFO ncaa_identity: contest_id=1347118 teams 0/2093 matched, players 0/719 matched
2026-08-19 10:36:00,419 INFO ncaa_identity: contest_id=1347145 season=2010 league=wbb -- teams  not built; ids emitted as nulls
2026-08-19 10:36:00,423 INFO ncaa_identity: contest_id=1347145 teams 0/1822 matched, players 0/664 matched
2026-08-19 10:36:01,249 INFO ncaa_identity: contest_id=1347188 season=2010 league=wbb -- teams  not built; ids emitted as nulls
2026-08-19 10:36:01,273 INFO ncaa_identity: contest_id=1347188 teams 0/3542 matched, players 0/10076 matched
2026-08-19 10:36:02,109 INFO ncaa_identity: contest_id=1347228 season=2010 league=wbb -- teams  not built; ids emitted as nulls
2026-08-19 10:36:02,126 INFO ncaa_identity: contest_id=1347228 teams 0/2448 matched, players 0/6934 matched
2026-08-19 10:36:02,719 INFO ncaa_identity: contest_id=1347238 season=2010 league=wbb -- teams  not built; ids emitted as nulls
2026-08-19 10:36:02,723 INFO ncaa_identity: contest_id=1347238 teams 0/2258 matched, players 0/806 matched
2026-08-19 10:36:03,278 INFO ncaa_identity: contest_id=1347267 season=2010 league=wbb -- teams  not built; ids emitted as nulls
2026-08-19 10:36:03,280 INFO ncaa_identity: contest_id=1347267 teams 0/1868 matched, players 0/703 matched
2026-08-19 10:36:04,009 INFO ncaa_identity: contest_id=1347293 season=2010 league=wbb -- teams  not built; ids emitted as nulls
2026-08-19 10:36:04,013 INFO ncaa_identity: contest_id=1347293 teams 0/2030 matched, players 0/674 matched
2026-08-19 10:36:04,579 INFO ncaa_identity: contest_id=1347343 season=2010 league=wbb -- teams  not built; ids emitted as nulls
2026-08-19 10:36:04,583 INFO ncaa_identity: contest_id=1347343 teams 0/1878 matched, players 0/661 matched
2026-08-19 10:36:05,293 INFO ncaa_identity: contest_id=1347366 season=2010 league=wbb -- teams  not built; ids emitted as nulls
2026-08-19 10:36:05,297 INFO ncaa_identity: contest_id=1347366 teams 0/2054 matched, players 0/786 matched
2026-08-19 10:36:06,052 INFO ncaa_identity: contest_id=1347436 season=2010 league=wbb -- teams  not built; ids emitted as nulls
2026-08-19 10:36:06,056 INFO ncaa_identity: contest_id=1347436 teams 0/1928 matched, players 0/710 matched
2026-08-19 10:36:06,804 INFO ncaa_identity: contest_id=1347470 season=2010 league=wbb -- teams  not built; ids emitted as nulls
2026-08-19 10:36:06,807 INFO ncaa_identity: contest_id=1347470 teams 0/2222 matched, players 0/848 matched
2026-08-19 10:36:07,764 INFO ncaa_identity: contest_id=1347521 season=2010 league=wbb -- teams  not built; ids emitted as nulls
2026-08-19 10:36:07,767 INFO ncaa_identity: contest_id=1347521 teams 0/2692 matched, players 0/1216 matched
2026-08-19 10:36:08,355 INFO ncaa_identity: contest_id=1347570 season=2010 league=wbb -- teams  not built; ids emitted as nulls
2026-08-19 10:36:08,357 INFO ncaa_identity: contest_id=1347570 teams 0/1886 matched, players 0/695 matched
2026-08-19 10:36:09,026 INFO ncaa_identity: contest_id=1347604 season=2010 league=wbb -- teams  not built; ids emitted as nulls
2026-08-19 10:36:09,031 INFO ncaa_identity: contest_id=1347604 teams 0/2016 matched, players 0/776 matched
2026-08-19 10:36:09,650 INFO ncaa_identity: contest_id=1347643 season=2010 league=wbb -- teams  not built; ids emitted as nulls
2026-08-19 10:36:09,654 INFO ncaa_identity: contest_id=1347643 teams 0/1998 matched, players 0/798 matched
2026-08-19 10:36:10,350 INFO ncaa_identity: contest_id=1347689 season=2010 league=wbb -- teams  not built; ids emitted as nulls
2026-08-19 10:36:10,354 INFO ncaa_identity: contest_id=1347689 teams 0/1672 matched, players 0/635 matched
2026-08-19 10:36:10,966 INFO ncaa_identity: contest_id=1347768 season=2010 league=wbb -- teams  not built; ids emitted as nulls
2026-08-19 10:36:10,969 INFO ncaa_identity: contest_id=1347768 teams 0/1896 matched, players 0/594 matched
2026-08-19 10:36:11,729 INFO ncaa_identity: contest_id=1347782 season=2010 league=wbb -- teams  not built; ids emitted as nulls
2026-08-19 10:36:11,734 INFO ncaa_identity: contest_id=1347782 teams 0/2148 matched, players 0/836 matched
2026-08-19 10:36:12,441 INFO ncaa_identity: contest_id=1347800 season=2010 league=wbb -- teams  not built; ids emitted as nulls
2026-08-19 10:36:12,444 INFO ncaa_identity: contest_id=1347800 teams 0/1734 matched, players 0/622 matched
2026-08-19 10:36:12,979 INFO ncaa_identity: contest_id=1347810 season=2010 league=wbb -- teams  not built; ids emitted as nulls
2026-08-19 10:36:12,984 INFO ncaa_identity: contest_id=1347810 teams 0/1876 matched, players 0/683 matched
2026-08-19 10:36:13,623 INFO ncaa_identity: contest_id=1347827 season=2010 league=wbb -- teams  not built; ids emitted as nulls
2026-08-19 10:36:13,626 INFO ncaa_identity: contest_id=1347827 teams 0/2040 matched, players 0/735 matched
2026-08-19 10:36:14,590 INFO ncaa_identity: contest_id=1347837 season=2010 league=wbb -- teams  not built; ids emitted as nulls
2026-08-19 10:36:14,595 INFO ncaa_identity: contest_id=1347837 teams 0/2328 matched, players 0/881 matched
2026-08-19 10:36:15,147 INFO ncaa_identity: contest_id=1347874 season=2010 league=wbb -- teams  not built; ids emitted as nulls
2026-08-19 10:36:15,151 INFO ncaa_identity: contest_id=1347874 teams 0/1733 matched, players 0/573 matched
2026-08-19 10:36:15,742 INFO ncaa_identity: contest_id=1347888 season=2010 league=wbb -- teams  not built; ids emitted as nulls
2026-08-19 10:36:15,746 INFO ncaa_identity: contest_id=1347888 teams 0/2176 matched, players 0/884 matched
2026-08-19 10:36:16,524 INFO ncaa_identity: contest_id=1347919 season=2010 league=wbb -- teams  not built; ids emitted as nulls
2026-08-19 10:36:16,542 INFO ncaa_identity: contest_id=1347919 teams 0/2471 matched, players 0/6981 matched
2026-08-19 10:36:17,175 INFO ncaa_identity: contest_id=1347945 season=2010 league=wbb -- teams  not built; ids emitted as nulls
2026-08-19 10:36:17,179 INFO ncaa_identity: contest_id=1347945 teams 0/2428 matched, players 0/877 matched
2026-08-19 10:36:17,737 INFO ncaa_identity: contest_id=1347972 season=2010 league=wbb -- teams  not built; ids emitted as nulls
2026-08-19 10:36:17,740 INFO ncaa_identity: contest_id=1347972 teams 0/2048 matched, players 0/790 matched
2026-08-19 10:36:18,438 INFO ncaa_identity: contest_id=1347982 season=2010 league=wbb -- teams  not built; ids emitted as nulls
2026-08-19 10:36:18,441 INFO ncaa_identity: contest_id=1347982 teams 0/1774 matched, players 0/582 matched
2026-08-19 10:36:19,051 INFO ncaa_identity: contest_id=1348015 season=2010 league=wbb -- teams  not built; ids emitted as nulls
2026-08-19 10:36:19,056 INFO ncaa_identity: contest_id=1348015 teams 0/2068 matched, players 0/782 matched
2026-08-19 10:36:19,750 INFO ncaa_identity: contest_id=1348032 season=2010 league=wbb -- teams  not built; ids emitted as nulls
2026-08-19 10:36:19,755 INFO ncaa_identity: contest_id=1348032 teams 0/2492 matched, players 0/986 matched
2026-08-19 10:36:20,506 INFO ncaa_identity: contest_id=1348065 season=2010 league=wbb -- teams  not built; ids emitted as nulls
2026-08-19 10:36:20,510 INFO ncaa_identity: contest_id=1348065 teams 0/1906 matched, players 0/756 matched
2026-08-19 10:36:21,206 INFO ncaa_identity: contest_id=1348090 season=2010 league=wbb -- teams  not built; ids emitted as nulls
2026-08-19 10:36:21,207 INFO ncaa_identity: contest_id=1348090 teams 0/1736 matched, players 0/466 matched
2026-08-19 10:36:22,003 INFO ncaa_identity: contest_id=1348140 season=2010 league=wbb -- teams  not built; ids emitted as nulls
2026-08-19 10:36:22,006 INFO ncaa_identity: contest_id=1348140 teams 0/1977 matched, players 0/832 matched
2026-08-19 10:36:22,538 INFO ncaa_identity: contest_id=1348173 season=2010 league=wbb -- teams  not built; ids emitted as nulls
2026-08-19 10:36:22,541 INFO ncaa_identity: contest_id=1348173 teams 0/1738 matched, players 0/578 matched
2026-08-19 10:36:23,047 INFO ncaa_identity: contest_id=1348189 season=2010 league=wbb -- teams  not built; ids emitted as nulls
2026-08-19 10:36:23,050 INFO ncaa_identity: contest_id=1348189 teams 0/1606 matched, players 0/538 matched
2026-08-19 10:36:23,587 INFO ncaa_identity: contest_id=1348199 season=2010 league=wbb -- teams  not built; ids emitted as nulls
2026-08-19 10:36:23,591 INFO ncaa_identity: contest_id=1348199 teams 0/1896 matched, players 0/676 matched
2026-08-19 10:36:24,345 INFO ncaa_identity: contest_id=1348213 season=2010 league=wbb -- teams  not built; ids emitted as nulls
2026-08-19 10:36:24,348 INFO ncaa_identity: contest_id=1348213 teams 0/2022 matched, players 0/837 matched
2026-08-19 10:36:24,923 INFO ncaa_identity: contest_id=1348239 season=2010 league=wbb -- teams  not built; ids emitted as nulls
2026-08-19 10:36:24,927 INFO ncaa_identity: contest_id=1348239 teams 0/1972 matched, players 0/679 matched
2026-08-19 10:36:25,586 INFO ncaa_identity: contest_id=1348303 season=2010 league=wbb -- teams  not built; ids emitted as nulls
2026-08-19 10:36:25,589 INFO ncaa_identity: contest_id=1348303 teams 0/1932 matched, players 0/707 matched
2026-08-19 10:36:26,261 INFO ncaa_identity: contest_id=1348321 season=2010 league=wbb -- teams  not built; ids emitted as nulls
2026-08-19 10:36:26,264 INFO ncaa_identity: contest_id=1348321 teams 0/1574 matched, players 0/568 matched
2026-08-19 10:36:26,856 INFO ncaa_identity: contest_id=1348332 season=2010 league=wbb -- teams  not built; ids emitted as nulls
2026-08-19 10:36:26,858 INFO ncaa_identity: contest_id=1348332 teams 0/2090 matched, players 0/635 matched
2026-08-19 10:36:27,459 INFO ncaa_identity: contest_id=1348342 season=2010 league=wbb -- teams  not built; ids emitted as nulls
2026-08-19 10:36:27,461 INFO ncaa_identity: contest_id=1348342 teams 0/1942 matched, players 0/793 matched
2026-08-19 10:36:28,314 INFO ncaa_identity: contest_id=1348355 season=2010 league=wbb -- teams  not built; ids emitted as nulls
2026-08-19 10:36:28,317 INFO ncaa_identity: contest_id=1348355 teams 0/2412 matched, players 0/981 matched
2026-08-19 10:36:28,953 INFO ncaa_identity: contest_id=1348369 season=2010 league=wbb -- teams  not built; ids emitted as nulls
2026-08-19 10:36:28,957 INFO ncaa_identity: contest_id=1348369 teams 0/2126 matched, players 0/839 matched
2026-08-19 10:36:29,571 INFO ncaa_identity: contest_id=1348398 season=2010 league=wbb -- teams  not built; ids emitted as nulls
2026-08-19 10:36:29,574 INFO ncaa_identity: contest_id=1348398 teams 0/2108 matched, players 0/704 matched
2026-08-19 10:36:30,334 INFO ncaa_identity: contest_id=1348410 season=2010 league=wbb -- teams  not built; ids emitted as nulls
2026-08-19 10:36:30,338 INFO ncaa_identity: contest_id=1348410 teams 0/1858 matched, players 0/710 matched
2026-08-19 10:36:31,029 INFO ncaa_identity: contest_id=1348426 season=2010 league=wbb -- teams  not built; ids emitted as nulls
2026-08-19 10:36:31,034 INFO ncaa_identity: contest_id=1348426 teams 0/2502 matched, players 0/986 matched
2026-08-19 10:36:31,637 INFO ncaa_identity: contest_id=1348448 season=2010 league=wbb -- teams  not built; ids emitted as nulls
2026-08-19 10:36:31,641 INFO ncaa_identity: contest_id=1348448 teams 0/2028 matched, players 0/711 matched
2026-08-19 10:36:32,392 INFO ncaa_identity: contest_id=1348460 season=2010 league=wbb -- teams  not built; ids emitted as nulls
2026-08-19 10:36:32,396 INFO ncaa_identity: contest_id=1348460 teams 0/2088 matched, players 0/674 matched
2026-08-19 10:36:32,458 INFO 5 starters not found for period 1; using estimate
2026-08-19 10:36:32,458 INFO 5 starters not found for period 1;2026-08-19 10:36:32,52026-08-19 10:36:32,713 INFO ncaa_identity: contest_id=1348452 season=2010 league=wbb -- teams  not built; ids emitted as nulls
2026-08-19 10:36:32,718 INF2026-08-19 10:36:32,914 INFO ncaa_identity: contest_id=134842026-08-19 10:36:33,12026-08-19 10:36:33,321 INFO ncaa_identity: contest_id=1348464 season=2010 league=wbb -- teams  not built; ids emitted as nulls
2026-08-19 10:36:33,325 INFO2026-08-19 10:36:33,576 INFO ncaa_identity: contest_id=13482026-08-19 10:36:33,62026-08-19 10:36:33,899 INFO ncaa_identity: contest_id=1348474 season=2010 league=wbb -- teams  not built; ids emitted as nulls
2026-08-19 10:36:33,903 INFO2026-08-19 10:36:34,336 INFO ncaa_identity: contest_id=13482026-08-19 10:36:34,42026-08-19 10:36:34,593 INFO ncaa_identity: contest_id=1348506 season=2010 league=wbb -- teams  not built; ids emitted as nulls
2026-08-19 10:36:34,597 INFO2026-08-19 10:36:34,952 INFO ncaa_identity: contest_id=13482026-08-19 10:36:35,12026-08-19 10:36:35,374 INFO ncaa_identity: contest_id=1348522 season=2010 league=wbb -- teams  not built; ids emitted as nulls
2026-08-19 10:36:35,377 INFO2026-08-19 10:36:35,573 INFO ncaa_identity: contest_id=13482026-08-19 10:36:35,72026-08-19 10:36:35,878 INFO ncaa_identity: contest_id=1348534 season=2010 league=wbb -- teams  not built; ids emitted as nulls
2026-08-19 10:36:35,880 INFO2026-08-19 10:36:36,429 INFO ncaa_identity: contest_id=13482026-08-19 10:36:36,42026-08-19 10:36:36,650 INFO ncaa_identity: contest_id=1348544 season=2010 league=wbb -- teams  not built; ids emitted as nulls
2026-08-19 10:36:36,654 INFO 2026-08-19 10:36:37,109 INFO ncaa_identity: contest_id=1348563 season=2010 leag2026-08-19 10:36:37,223 INFO ncaa_identity: contest_id=1348555 season=2010 league=wbb -- teams  not built; ids emitted as nulls
2026-08-19 10:36:37,225 INFO n2026-08-19 10:36:37,747 INFO ncaa_identity: contest_id=132026-08-19 10:36:37,847 INFO ncaa_identity: contest_id=1348557 season=2010 league=wbb -- teams  not built; ids emitted as nulls
2026-08-19 10:36:37,849 INFO ncaa_identity: contest2026-08-19 10:36:38,612 INFO ncaa_identity: contest_id=1348601 season=2010 league=wbb -- teams  not built; ids emitted as nulls
2026-08-19 10:36:38,615 INFO ncaa_identity: contest_id=1348601 teams 0/2336 matched, players 0/950 matched
2026-08-19 10:36:39,257 INFO ncaa_identity: contest_id=1348616 season=2010 league=wbb -- teams  not built; ids emitted as nulls
2026-08-19 10:36:39,260 INFO ncaa_identity: contest_id=1348616 teams 0/1922 matched, players 0/647 matched
2026-08-19 10:36:39,983 INFO ncaa_identity: contest_id=1348626 season=2010 league=wbb -- teams  not built; ids emitted as nulls
2026-08-19 10:36:39,987 INFO ncaa_identity: contest_id=1348626 teams 0/1790 matched, players 0/684 matched
2026-08-19 10:36:40,634 INFO ncaa_identity: contest_id=1348636 season=2010 league=wbb -- teams  not built; ids emitted as nulls
2026-08-19 10:36:40,637 INFO ncaa_identity: contest_id=1348636 teams 0/1866 matched, players 0/541 matched
2026-08-19 10:36:41,294 INFO ncaa_identity: contest_id=1348650 season=2010 league=wbb -- teams  not built; ids emitted as nulls
2026-08-19 10:36:41,298 INFO ncaa_identity: contest_id=1348650 teams 0/2182 matched, players 0/682 matched
2026-08-19 10:36:41,848 INFO ncaa_identity: contest_id=1348684 season=2010 league=wbb -- teams  not built; ids emitted as nulls
2026-08-19 10:36:41,852 INFO ncaa_identity: contest_id=1348684 teams 0/1808 matched, players 0/709 matched
2026-08-19 10:36:42,666 INFO ncaa_identity: contest_id=1348698 season=2010 league=wbb -- teams  not built; ids emitted as nulls
2026-08-19 10:36:42,671 INFO ncaa_identity: contest_id=1348698 teams 0/2070 matched, players 0/818 matched
2026-08-19 10:36:43,287 INFO ncaa_identity: contest_id=1348719 season=2010 league=wbb -- teams  not built; ids emitted as nulls
2026-08-19 10:36:43,290 INFO ncaa_identity: contest_id=1348719 teams 0/1966 matched, players 0/632 matched
2026-08-19 10:36:43,843 INFO ncaa_identity: contest_id=1348732 season=2010 leagu2026-08-19 10:36:43,868 INFO ncaa_identity: contest_id=1348722 season=2010 league=wbb -- teams  not built; ids emitted as nulls
2026-08-19 10:36:43,872 INFO2026-08-19 10:36:44,532 INFO ncaa_identity: contest_id=1348747 season=2010 leagu2026-08-19 10:36:44,638 INFO ncaa_identity: contest_id=1348735 season=2010 league=wbb -- teams  not built; ids emitted as nulls
2026-08-19 10:36:44,642 INFO2026-08-19 10:36:45,051 INFO ncaa_identity: contest_id=1348766 season=2010 leagu2026-08-19 10:36:45,282 INFO ncaa_identity: contest_id=1348752 season=2010 league=wbb -- teams  not built; ids emitted as nulls
2026-08-19 10:36:45,287 INFO2026-08-19 10:36:45,647 INFO ncaa_identity: contest_id=1348782 season=2010 leagu2026-08-19 10:36:45,854 INFO ncaa_identity: contest_id=1348770 season=2010 league=wbb -- teams  not built; ids emitted as nulls
2026-08-19 10:36:45,856 INFO2026-08-19 10:36:46,389 INFO ncaa_identity: contest_id=1348826 season=2010 leagu2026-08-19 10:36:46,649 INFO ncaa_identity: contest_id=1348805 season=2010 league=wbb -- teams  not built; ids emitted as nulls
2026-08-19 10:36:46,653 INFO2026-08-19 10:36:46,952 INFO ncaa_identity: contest_id=1348859 season=2010 leagu2026-08-19 10:36:47,210 INFO ncaa_identity: contest_id=1348834 season=2010 league=wbb -- teams  not built; ids emitted as nulls
2026-08-19 10:36:47,213 INFO2026-08-19 10:36:47,846 INFO ncaa_identity: contest_id=1348887 season=2010 leagu2026-08-19 10:36:47,881 INFO ncaa_identity: contest_id=1348862 season=2010 league=wbb -- teams  not built; ids emitted as nulls
2026-08-19 10:36:47,885 INFO2026-08-19 10:36:48,475 INFO ncaa_identity: contest_id=1348905 season=2010 leagu2026-08-19 10:36:48,710 INFO ncaa_identity: contest_id=1348891 season=2010 league=wbb -- teams  not built; ids emitted as nulls
2026-08-19 10:36:48,713 INFO2026-08-19 10:36:49,042 INFO ncaa_identity: contest_id=1348916 season=2010 leagu2026-08-19 10:36:49,432 INFO ncaa_identity: contest_id=1348908 season=2010 league=wbb -- teams  not built; ids emitted as nulls
2026-08-19 10:36:49,453 INFO2026-08-19 10:36:49,520 INFO ncaa_identity: contest_id=1348926 season=2010 league2026-08-19 10:36:50,274 INFO ncaa_identity: contest_id=1348919 season=2010 league=wbb -- teams  not built; ids emitted as nulls
2026-08-19 10:36:50,277 INF2026-08-19 10:36:50,371 INFO ncaa_identity: contest_id=1348944 season=2010 league2026-08-19 10:36:50,839 INFO ncaa_identity: contest_id=1348937 season=2010 league=wbb -- teams  not built; ids emitted as nulls
2026-08-19 10:36:50,843 INF2026-08-19 10:36:50,962 INFO ncaa_identity: contest_id=1348957 season=2010 league2026-08-19 10:36:51,519 INFO ncaa_identity: contest_id=1348948 season=2010 league=wbb -- teams  not built; ids emitted as nulls
2026-08-19 10:36:51,523 INFO ncaa_identity: contest_id=1348948 teams 0/1906 matched, players 0/607 matched
2026-08-19 10:36:52,314 INFO ncaa_identity: contest_id=1348962 season=2010 league=wbb -- teams  not built; ids emitted as nulls
2026-08-19 10:36:52,316 INFO ncaa_identity: contest_id=1348962 teams 0/1959 matched, players 0/615 matched
2026-08-19 10:36:52,985 INFO ncaa_identity: contest_id=1349031 season=2010 league=wbb -- teams  not built; ids emitted as nulls
2026-08-19 10:36:52,990 INFO ncaa_identity: contest_id=1349031 teams 0/2500 matched, players 0/846 matched
2026-08-19 10:36:53,542 INFO ncaa_identity: contest_id=1349051 season=2010 league=wbb -- teams  not built; ids emitted as nulls
2026-08-19 10:36:53,545 INF2026-08-19 10:36:53,733 INFO ncaa_identity: contest_id=1349071 season=2010 league2026-08-19 10:36:54,337 INFO ncaa_identity: contest_id=1349062 season=2010 league=wbb -- teams  not built; ids emitted as nulls
2026-08-19 10:36:54,341 INFO ncaa_identity: contest_id=1349062 teams 0/2006 matched, players 0/573 matched
2026-08-19 10:36:54,860 INFO ncaa_identity: contest_id=1349074 season=2010 league=wbb -- teams  not built; ids emitted as nulls
2026-08-19 10:36:54,863 INF2026-08-19 10:36:54,982 INFO ncaa_identity: contest_id=1349149 season=2010 league2026-08-19 10:36:55,488 INFO ncaa_identity: contest_id=1349112 season=2010 league=wbb -- teams  not built; ids emitted as nulls
2026-08-19 10:36:55,490 INF2026-08-19 10:36:55,567 INFO ncaa_identity: contest_id=1349178 season=2010 league2026-08-19 10:36:56,179 INFO ncaa_identity: contest_id=1349171 season=2010 league=wbb -- teams  not built; ids emitted as nulls
2026-08-19 10:36:56,183 INF2026-08-19 10:36:56,373 INFO ncaa_identity: contest_id=1349196 season=2010 league2026-08-19 10:36:56,684 INFO ncaa_identity: contest_id=1349185 season=2010 league=wbb -- teams  not built; ids emitted as nulls
2026-08-19 10:36:56,687 INF2026-08-19 10:36:56,958 INFO ncaa_identity: contest_id=1349209 season=2010 league2026-08-19 10:36:57,206 INFO ncaa_identity: contest_id=1349202 season=2010 league=wbb -- teams  not built; ids emitted as nulls
2026-08-19 10:36:57,210 INF2026-08-19 10:36:57,525 INFO ncaa_identity: contest_id=1349219 season=2010 league2026-08-19 10:36:58,055 INFO ncaa_identity: contest_id=1349212 season=2010 league=wbb -- teams  not built; ids emitted as nulls
2026-08-19 10:36:58,058 INF2026-08-19 10:36:58,473 INFO ncaa_identity: contest_id=1349231 season=2010 league2026-08-19 10:36:58,742 INFO ncaa_identity: contest_id=1349222 season=2010 league=wbb -- teams  not built; ids emitted as nulls
2026-08-19 10:36:58,745 INF2026-08-19 10:36:59,044 INFO ncaa_identity: contest_id=1349268 season=2010 league2026-08-19 10:36:59,341 INFO ncaa_identity: contest_id=1349234 season=2010 league=wbb -- teams  not built; ids emitted as nulls
2026-08-19 10:36:59,344 INF2026-08-19 10:36:59,752 INFO ncaa_identity: contest_id=1349283 season=2010 league2026-08-19 10:37:00,237 INFO ncaa_identity: contest_id=1349271 season=2010 league=wbb -- teams  not built; ids emitted as nulls
2026-08-19 10:37:00,243 INF2026-08-19 10:37:00,350 INFO ncaa_identity: contest_id=1349391 season=2010 league=2026-08-19 10:37:00,871 INFO ncaa_identity: contest_id=1349287 season=2010 league=wbb -- teams  not built; ids emitted as nulls
2026-08-19 10:37:00,876 IN2026-08-19 10:37:00,991 INFO ncaa_identity: contest_id=1349418 season=2010 league=2026-08-19 10:37:01,526 INFO ncaa_identity: contest_id=1349394 season=2010 league=wbb -- teams  not built; ids emitted as nulls
2026-08-19 10:37:01,531 INFO ncaa_identity: contest_id=1349394 teams 0/2088 matched, players 0/766 matched
2026-08-19 10:37:02,163 INFO ncaa_identity: contest_id=1349426 season=2010 league=wbb -- teams  not built; ids emitted as nulls
2026-08-19 10:37:02,166 INFO ncaa_identity: contest_id=1349426 teams 0/1478 matched, players 0/387 matched
2026-08-19 10:37:02,769 INFO ncaa_identity: contest_id=1349440 season=2010 league=wbb -- teams  not built; ids emitted as nulls
2026-08-19 10:37:02,774 INFO ncaa_identity: contest_id=1349440 teams 0/1808 matched, players 0/666 matched
2026-08-19 10:37:03,330 INFO ncaa_identity: contest_id=1349455 season=2010 league=wbb -- teams  not built; ids emitted as nulls
2026-08-19 10:37:03,332 INFO ncaa_identity: contest_id=1349455 teams 0/1901 matched, players 0/681 matched
2026-08-19 10:37:04,149 INFO ncaa_identity: contest_id=1349526 season=2010 league=wbb -- teams  not built; ids emitted as nulls
2026-08-19 10:37:04,154 INFO ncaa_identity: contest_id=1349526 teams 0/2182 matched, players 0/752 matched
2026-08-19 10:37:04,849 INFO ncaa_identity: contest_id=1349538 season=2010 league=wbb -- teams  not built; ids emitted as nulls
2026-08-19 10:37:04,854 INFO ncaa_identity: contest_id=1349538 teams 0/2042 matched, players 0/812 matched
2026-08-19 10:37:05,450 INFO ncaa_identity: contest_id=1349548 season=2010 league=wbb -- teams  not built; ids emitted as nulls
2026-08-19 10:37:05,453 INFO ncaa_identity: contest_id=1349548 teams 0/1894 matched, players 0/619 matched
2026-08-19 10:37:06,297 INFO ncaa_identity: contest_id=1349567 season=2010 league=wbb -- teams  not built; ids emitted as nulls
2026-08-19 10:37:06,299 INFO ncaa_identity: contest_id=1349567 teams 0/2054 matched, players 0/869 matched
2026-08-19 10:37:06,876 INFO ncaa_identity: contest_id=1349598 season=2010 league=wbb -- teams  not built; ids emitted as nulls
2026-08-19 10:37:06,880 INFO ncaa_identity: contest_id=1349598 teams 0/1721 matched, players 0/540 matched
2026-08-19 10:37:07,576 INFO ncaa_identity: contest_id=1349608 season=2010 league=wbb -- teams  not built; ids emitted as nulls
2026-08-19 10:37:07,579 INFO ncaa_identity: contest_id=1349608 teams 0/2110 matched, players 0/785 matched
2026-08-19 10:37:08,398 INFO ncaa_identity: contest_id=1349656 season=2010 league=wbb -- teams  not built; ids emitted as nulls
2026-08-19 10:37:08,402 INFO ncaa_identity: contest_id=1349656 teams 0/1880 matched, players 0/739 matched
2026-08-19 10:37:08,923 INFO ncaa_identity: contest_id=1349678 season=2010 league=wbb -- teams  not built; ids emitted as nulls
2026-08-19 10:37:08,927 INFO ncaa_identity: contest_id=1349678 teams 0/1786 matched, players 0/584 matched
2026-08-19 10:37:09,504 INFO ncaa_identity: contest_id=1349716 season=2010 league=wbb -- teams  not built; ids emitted as nulls
2026-08-19 10:37:09,506 INFO ncaa_identity: contest_id=1349716 teams 0/1854 matched, players 0/592 matched
2026-08-19 10:37:10,238 INFO ncaa_identity: contest_id=1349744 season=2010 league=wbb -- teams  not built; ids emitted as nulls
2026-08-19 10:37:10,240 INFO ncaa_identity: contest_id=1349744 teams 0/2168 matched, players 0/715 matched
2026-08-19 10:37:10,957 INFO ncaa_identity: contest_id=1349793 season=2010 league=wbb -- teams  not built; ids emitted as nulls
2026-08-19 10:37:10,961 INFO ncaa_identity: contest_id=1349793 teams 0/2248 matched, players 0/951 matched
2026-08-19 10:37:11,531 INFO ncaa_identity: contest_id=1349858 season=2010 league=wbb -- teams  not built; ids emitted as nulls
2026-08-19 10:37:11,533 INFO ncaa_identity: contest_id=1349858 teams 0/1898 matched, players 0/533 matched
2026-08-19 10:37:12,345 INFO ncaa_identity: contest_id=1349895 season=2010 league=wbb -- teams  not built; ids emitted as nulls
2026-08-19 10:37:12,349 INFO ncaa_identity: contest_id=1349895 teams 0/1876 matched, players 0/559 matched
2026-08-19 10:37:13,112 INFO ncaa_identity: contest_id=1349923 season=2010 league=wbb -- teams  not built; ids emitted as nulls
2026-08-19 10:37:13,115 INFO ncaa_identity: contest_id=1349923 teams 0/2367 matched, players 0/896 matched
2026-08-19 10:37:13,870 INFO ncaa_identity: contest_id=1349949 season=2010 league=wbb -- teams  not built; ids emitted as nulls
2026-08-19 10:37:13,872 INFO ncaa_identity: contest_id=1349949 teams 0/1670 matched, players 0/561 matched
2026-08-19 10:37:14,554 INFO ncaa_identity: contest_id=1349968 season=2010 league=wbb -- teams  not built; ids emitted as nulls
2026-08-19 10:37:14,559 INFO ncaa_identity: contest_id=1349968 teams 0/2292 matched, players 0/917 matched
2026-08-19 10:37:15,161 INFO ncaa_identity: contest_id=1350002 season=2010 league=wbb -- teams  not built; ids emitted as nulls
2026-08-19 10:37:15,163 INFO ncaa_identity: contest_id=1350002 teams 0/2126 matched, players 0/882 matched
2026-08-19 10:37:15,927 INFO ncaa_identity: contest_id=1350012 season=2010 league=wbb -- teams  not built; ids emitted as nulls
2026-08-19 10:37:15,931 INFO ncaa_identity: contest_id=1350012 teams 0/1954 matched, players 0/550 matched
2026-08-19 10:37:16,538 INFO ncaa_identity: contest_id=1350061 season=2010 league=wbb -- teams  not built; ids emitted as nulls
2026-08-19 10:37:16,542 INFO ncaa_identity: contest_id=1350061 teams 0/1936 matched, players 0/762 matched
2026-08-19 10:37:17,146 INFO ncaa_identity: contest_id=1350091 season=2010 league=wbb -- teams  not built; ids emitted as nulls
2026-08-19 10:37:17,150 INFO ncaa_identity: contest_id=1350091 teams 0/2130 matched, players 0/790 matched
2026-08-19 10:37:17,912 INFO ncaa_identity: contest_id=1350131 season=2010 league=wbb -- teams  not built; ids emitted as nulls
2026-08-19 10:37:17,914 INFO ncaa_identity: contest_id=1350131 teams 0/1630 matched, players 0/488 matched
2026-08-19 10:37:18,642 INFO ncaa_identity: contest_id=1350174 season=2010 league=wbb -- teams  not built; ids emitted as nulls
2026-08-19 10:37:18,646 INFO ncaa_identity: contest_id=1350174 teams 0/2082 matched, players 0/770 matched
2026-08-19 10:37:19,254 INFO ncaa_identity: contest_id=1350221 season=2010 league=wbb -- teams  not built; ids emitted as nulls
2026-08-19 10:37:19,258 INFO ncaa_identity: contest_id=1350221 teams 0/1953 matched, players 0/728 matched
2026-08-19 10:37:19,882 INFO ncaa_identity: contest_id=1350260 season=2010 league=wbb -- teams  not built; ids emitted as nulls
2026-08-19 10:37:19,884 INFO ncaa_identity: contest_id=1350260 teams 0/1868 matched, players 0/667 matched
2026-08-19 10:37:20,691 INFO ncaa_identity: contest_id=1350289 season=2010 league=wbb -- teams  not built; ids emitted as nulls
2026-08-19 10:37:20,696 INFO ncaa_identity: contest_id=1350289 teams 0/1938 matched, players 0/770 matched
2026-08-19 10:37:21,382 INFO ncaa_identity: contest_id=1350315 season=2010 league=wbb -- teams  not built; ids emitted as nulls
2026-08-19 10:37:21,385 INFO ncaa_identity: contest_id=1350315 teams 0/1760 matched, players 0/661 matched
2026-08-19 10:37:21,989 INFO ncaa_identity: contest_id=1350336 season=2010 league=wbb -- teams  not built; ids emitted as nulls
2026-08-19 10:37:21,992 INFO ncaa_identity: contest_id=1350336 teams 0/1886 matched, players 0/718 matched
2026-08-19 10:37:23,027 INFO ncaa_identity: contest_id=1350391 season=2010 league=wbb -- teams  not built; ids emitted as nulls
2026-08-19 10:37:23,031 INFO ncaa_identity: contest_id=1350391 teams 0/2154 matched, players 0/730 matched
2026-08-19 10:37:23,725 INFO ncaa_identity: contest_id=1350405 season=2010 league=wbb -- teams  not built; ids emitted as nulls
2026-08-19 10:37:23,729 INFO ncaa_identity: contest_id=1350405 teams 0/1928 matched, players 0/735 matched
2026-08-19 10:37:24,342 INFO ncaa_identity: contest_id=1350431 season=2010 league=wbb -- teams  not built; ids emitted as nulls
2026-08-19 10:37:24,346 INFO ncaa_identity: contest_id=1350431 teams 0/2004 matched, players 0/600 matched
2026-08-19 10:37:25,131 INFO ncaa_identity: contest_id=1350466 season=2010 league=wbb -- teams  not built; ids emitted as nulls
2026-08-19 10:37:25,133 INFO ncaa_identity: contest_id=1350466 teams 0/1880 matched, players 0/623 matched
2026-08-19 10:37:25,813 INFO ncaa_identity: contest_id=1350557 season=2010 league=wbb -- teams  not built; ids emitted as nulls
2026-08-19 10:37:25,819 INFO ncaa_identity: contest_id=1350557 teams 0/2586 matched, players 0/1056 matched
2026-08-19 10:37:26,407 INFO ncaa_identity: contest_id=1350568 season=2010 league=wbb -- teams  not built; ids emitted as nulls
2026-08-19 10:37:26,411 INFO ncaa_identity: contest_id=1350568 teams 0/1780 matched, players 0/685 matched
2026-08-19 10:37:27,180 INFO ncaa_identity: contest_id=1350583 season=2010 league=wbb -- teams  not built; ids emitted as nulls
2026-08-19 10:37:27,182 INFO ncaa_identity: contest_id=1350583 teams 0/1672 matched, players 0/569 matched
2026-08-19 10:37:27,687 INFO ncaa_identity: contest_id=1350597 season=2010 league=wbb -- teams  not built; ids emitted as nulls
2026-08-19 10:37:27,689 INFO ncaa_identity: contest_id=1350597 teams 0/1596 matched, players 0/429 matched
2026-08-19 10:37:28,637 INFO ncaa_identity: contest_id=1350624 season=2010 league=wbb -- teams  not built; ids emitted as nulls
2026-08-19 10:37:28,642 INFO ncaa_identity: contest_id=1350624 teams 0/2432 matched, players 0/880 matched
2026-08-19 10:37:29,318 INFO ncaa_identity: contest_id=1350651 season=2010 league=wbb -- teams  not built; ids emitted as nulls
2026-08-19 10:37:29,322 INFO ncaa_identity: contest_id=1350651 teams 0/1916 matched, players 0/564 matched
2026-08-19 10:37:30,080 INFO ncaa_identity: contest_id=1350681 season=2010 league=wbb -- teams  not built; ids emitted as nulls
2026-08-19 10:37:30,086 INFO ncaa_identity: contest_id=1350681 teams 0/2434 matched, players 0/949 matched
2026-08-19 10:37:30,958 INFO ncaa_identity: contest_id=1350730 season=2010 league=wbb -- teams  not built; ids emitted as nulls
2026-08-19 10:37:30,962 INFO ncaa_identity: contest_id=1350730 teams 0/1988 matched, players 0/759 matched
2026-08-19 10:37:31,591 INFO ncaa_identity: contest_id=1350776 season=2010 league=wbb -- teams  not built; ids emitted as nulls
2026-08-19 10:37:31,594 INFO ncaa_identity: contest_id=1350776 teams 0/1928 matched, players 0/735 matched
2026-08-19 10:37:32,328 INFO ncaa_identity: contest_id=1350822 season=2010 league=wbb -- teams  not built; ids emitted as nulls
2026-08-19 10:37:32,330 INFO ncaa_identity: contest_id=1350822 teams 0/1790 matched, players 0/568 matched
2026-08-19 10:37:32,875 INFO ncaa_identity: contest_id=1350848 season=2010 league=wbb -- teams  not built; ids emitted as nulls
2026-08-19 10:37:32,879 INFO ncaa_identity: contest_id=1350848 teams 0/1564 matched, players 0/487 matched
2026-08-19 10:37:33,452 INFO ncaa_identity: contest_id=1350907 season=2010 league=wbb -- teams  not built; ids emitted as nulls
2026-08-19 10:37:33,455 INFO ncaa_identity: contest_id=1350907 teams 0/1744 matched, players 0/545 matched
2026-08-19 10:37:33,968 INFO ncaa_identity: contest_id=1350942 season=2010 league=wbb -- teams  not built; ids emitted as nulls
2026-08-19 10:37:33,971 INFO ncaa_identity: contest_id=1350942 teams 0/1625 matched, players 0/598 matched
2026-08-19 10:37:34,656 INFO ncaa_identity: contest_id=1350994 season=2010 league=wbb -- teams  not built; ids emitted as nulls
2026-08-19 10:37:34,659 INFO ncaa_identity: contest_id=1350994 teams 0/1536 matched, players 0/485 matched
2026-08-19 10:37:35,201 INFO ncaa_identity: contest_id=1351006 season=2010 league=wbb -- teams  not built; ids emitted as nulls
2026-08-19 10:37:35,205 INFO ncaa_identity: contest_id=1351006 teams 0/1720 matched, players 0/614 matched
2026-08-19 10:37:36,039 INFO ncaa_identity: contest_id=1351035 season=2010 league=wbb -- teams  not built; ids emitted as nulls
2026-08-19 10:37:36,044 INFO ncaa_identity: contest_id=1351035 teams 0/2594 matched, players 0/1031 matched
2026-08-19 10:37:36,901 INFO ncaa_identity: contest_id=1351066 season=2010 league=wbb -- teams  not built; ids emitted as nulls
2026-08-19 10:37:36,905 INFO ncaa_identity: contest_id=1351066 teams 0/2046 matched, players 0/645 matched
2026-08-19 10:37:37,537 INFO ncaa_identity: contest_id=1351094 season=2010 league=wbb -- teams  not built; ids emitted as nulls
2026-08-19 10:37:37,540 INFO ncaa_identity: contest_id=1351094 teams 0/2084 matched, players 0/830 matched
2026-08-19 10:37:38,179 INFO ncaa_identity: contest_id=1351106 season=2010 league=wbb -- teams  not built; ids emitted as nulls
2026-08-19 10:37:38,182 INFO ncaa_identity: contest_id=1351106 teams 0/1926 matched, players 0/744 matched
2026-08-19 10:37:39,132 INFO ncaa_identity: contest_id=1351191 season=2010 league=wbb -- teams  not built; ids emitted as nulls
2026-08-19 10:37:39,136 INFO ncaa_identity: contest_id=1351191 teams 0/2394 matched, players 0/887 matched
2026-08-19 10:37:39,752 INFO ncaa_identity: contest_id=1351245 season=2010 league=wbb -- teams  not built; ids emitted as nulls
2026-08-19 10:37:39,755 INFO ncaa_identity: contest_id=1351245 teams 0/2054 matched, players 0/698 matched
2026-08-19 10:37:40,530 INFO ncaa_identity: contest_id=1351257 season=2010 league=wbb -- teams  not built; ids emitted as nulls
2026-08-19 10:37:40,533 INFO ncaa_identity: contest_id=1351257 teams 0/2048 matched, players 0/744 matched
2026-08-19 10:37:41,168 INFO ncaa_identity: contest_id=1351274 season=2010 league=wbb -- teams  not built; ids emitted as nulls
2026-08-19 10:37:41,172 INFO ncaa_identity: contest_id=1351274 teams 0/2022 matched, players 0/688 matched
2026-08-19 10:37:41,764 INFO ncaa_identity: contest_id=1351284 season=2010 league=wbb -- teams  not built; ids emitted as nulls
2026-08-19 10:37:41,768 INFO ncaa_identity: contest_id=1351284 teams 0/1850 matched, players 0/760 matched
2026-08-19 10:37:42,359 INFO ncaa_identity: contest_id=1351314 season=2010 league=wbb -- teams  not built; ids emitted as nulls
2026-08-19 10:37:42,362 INFO ncaa_identity: contest_id=1351314 teams 0/1804 matched, players 0/517 matched
2026-08-19 10:37:43,236 INFO ncaa_identity: contest_id=1351349 season=2010 league=wbb -- teams  not built; ids emitted as nulls
2026-08-19 10:37:43,240 INFO ncaa_identity: contest_id=1351349 teams 0/1972 matched, players 0/636 matched
2026-08-19 10:37:43,936 INFO ncaa_identity: contest_id=1351424 season=2010 league=wbb -- teams  not built; ids emitted as nulls
2026-08-19 10:37:43,940 INFO ncaa_identity: contest_id=1351424 teams 0/1966 matched, players 0/681 matched
2026-08-19 10:37:44,588 INFO ncaa_identity: contest_id=1351453 season=2010 league=wbb -- teams  not built; ids emitted as nulls
2026-08-19 10:37:44,592 INFO ncaa_identity: contest_id=1351453 teams 0/2286 matched, players 0/887 matched
2026-08-19 10:37:45,371 INFO ncaa_identity: contest_id=1351476 season=2010 league=wbb -- teams  not built; ids emitted as nulls
2026-08-19 10:37:45,374 INFO ncaa_identity: contest_id=1351476 teams 0/1930 matched, players 0/670 matched
2026-08-19 10:37:46,046 INFO ncaa_identity: contest_id=1351486 season=2010 league=wbb -- teams  not built; ids emitted as nulls
2026-08-19 10:37:46,050 INFO ncaa_identity: contest_id=1351486 teams 0/2172 matched, players 0/637 matched
2026-08-19 10:37:46,723 INFO ncaa_identity: contest_id=1351515 season=2010 league=wbb -- teams  not built; ids emitted as nulls
2026-08-19 10:37:46,725 INFO ncaa_identity: contest_id=1351515 teams 0/1882 matched, players 0/604 matched
2026-08-19 10:37:47,527 INFO ncaa_identity: contest_id=1351549 season=2010 league=wbb -- teams  not built; ids emitted as nulls
2026-08-19 10:37:47,545 INFO ncaa_identity: contest_id=1351549 teams 0/2572 matched, players 0/7277 matched
2026-08-19 10:37:48,226 INFO ncaa_identity: contest_id=1351654 season=2010 league=wbb -- teams  not built; ids emitted as nulls
2026-08-19 10:37:48,230 INFO ncaa_identity: contest_id=1351654 teams 0/2406 matched, players 0/1043 matched
2026-08-19 10:37:48,773 INFO ncaa_identity: contest_id=1351667 season=2010 league=wbb -- teams  not built; ids emitted as nulls
2026-08-19 10:37:48,775 INFO ncaa_identity: contest_id=1351667 teams 0/1964 matched, players 0/754 matched
2026-08-19 10:37:49,465 INFO ncaa_identity: contest_id=1351679 season=2010 league=wbb -- teams  not built; ids emitted as nulls
2026-08-19 10:37:49,469 INFO ncaa_identity: contest_id=1351679 teams 0/1846 matched, players 0/651 matched
2026-08-19 10:37:50,087 INFO ncaa_identity: contest_id=1351696 season=2010 league=wbb -- teams  not built; ids emitted as nulls
2026-08-19 10:37:50,090 INFO ncaa_identity: contest_id=1351696 teams 0/2014 matched, players 0/692 matched
2026-08-19 10:37:50,142 INFO 5 starters not found for period 1; using estimate
2026-08-19 10:37:50,142 INFO 5 starters not found for period 1; using estimate
2026-08-19 10:37:50,142 INFO 5 starters not found for period 2; using estimate
2026-08-19 10:37:50,142 INFO 5 starters not found for period 2; using estimate
2026-08-19 10:37:50,607 INFO ncaa_identity: contest_id=1351721 season=2010 league=wbb -- teams  not built; ids emitted as nulls
2026-08-19 10:37:50,613 INFO ncaa_identity: contest_id=1351721 teams 0/1721 matched, players 0/2651 matched
2026-08-19 10:37:51,362 INFO ncaa_identity: contest_id=1351732 season=2010 league=wbb -- teams  not built; ids emitted as nulls
2026-08-19 10:37:51,365 INFO ncaa_identity: contest_id=1351732 teams 0/1884 matched, players 0/551 matched
2026-08-19 10:37:52,045 INFO ncaa_identity: contest_id=1351743 season=2010 league=wbb -- teams  not built; ids emitted as nulls
2026-08-19 10:37:52,051 INFO ncaa_identity: contest_id=1351743 teams 0/2308 matched, players 0/867 matched
2026-08-19 10:37:52,898 INFO ncaa_identity: contest_id=1351760 season=2010 league=wbb -- teams  not built; ids emitted as nulls
2026-08-19 10:37:52,901 INFO ncaa_identity: contest_id=1351760 teams 0/2114 matched, players 0/830 matched
2026-08-19 10:37:53,528 INFO ncaa_identity: contest_id=1351882 season=2010 league=wbb -- teams  not built; ids emitted as nulls
2026-08-19 10:37:53,532 INFO ncaa_identity: contest_id=1351882 teams 0/1862 matched, players 0/535 matched
2026-08-19 10:37:54,087 INFO ncaa_identity: contest_id=1351974 season=2010 league=wbb -- teams  not built; ids emitted as nulls
2026-08-19 10:37:54,091 INFO ncaa_identity: contest_id=1351974 teams 0/1588 matched, players 0/440 matched
2026-08-19 10:37:54,714 INFO ncaa_identity: contest_id=1352005 season=2010 league=wbb -- teams  not built; ids emitted as nulls
2026-08-19 10:37:54,718 INFO ncaa_identity: contest_id=1352005 teams 0/2082 matched, players 0/760 matched
2026-08-19 10:37:55,507 INFO ncaa_identity: contest_id=1352042 season=2010 league=wbb -- teams  not built; ids emitted as nulls
2026-08-19 10:37:55,509 INFO ncaa_identity: contest_id=1352042 teams 0/2029 matched, players 0/634 matched
2026-08-19 10:37:56,178 INFO ncaa_identity: contest_id=1352061 season=2010 league=wbb -- teams  not built; ids emitted as nulls
2026-08-19 10:37:56,181 INFO ncaa_identity: contest_id=1352061 teams 0/2218 matched, players 0/798 matched
2026-08-19 10:37:56,779 INFO ncaa_identity: contest_id=1352140 season=2010 league=wbb -- teams  not built; ids emitted as nulls
2026-08-19 10:37:56,783 INFO ncaa_identity: contest_id=1352140 teams 0/1856 matched, players 0/769 matched
2026-08-19 10:37:57,598 INFO ncaa_identity: contest_id=1352152 season=2010 league=wbb -- teams  not built; ids emitted as nulls
2026-08-19 10:37:57,603 INFO ncaa_identity: contest_id=1352152 teams 0/2288 matched, players 0/873 matched
2026-08-19 10:37:58,263 INFO ncaa_identity: contest_id=1352187 season=2010 league=wbb -- teams  not built; ids emitted as nulls
2026-08-19 10:37:58,267 INFO ncaa_identity: contest_id=1352187 teams 0/1991 matched, players 0/675 matched
2026-08-19 10:37:58,843 INFO ncaa_identity: contest_id=1352202 season=2010 league=wbb -- teams  not built; ids emitted as nulls
2026-08-19 10:37:58,845 INFO ncaa_identity: contest_id=1352202 teams 0/1925 matched, players 0/626 matched
2026-08-19 10:37:59,594 INFO ncaa_identity: contest_id=1352215 season=2010 league=wbb -- teams  not built; ids emitted as nulls
2026-08-19 10:37:59,597 INFO ncaa_identity: contest_id=1352215 teams 0/1884 matched, players 0/663 matched
2026-08-19 10:38:00,215 INFO ncaa_identity: contest_id=1352225 season=2010 league=wbb -- teams  not built; ids emitted as nulls
2026-08-19 10:38:00,220 INFO ncaa_identity: contest_id=1352225 teams 0/2092 matched, players 0/840 matched
2026-08-19 10:38:00,855 INFO ncaa_identity: contest_id=1352304 season=2010 league=wbb -- teams  not built; ids emitted as nulls
2026-08-19 10:38:00,858 INFO ncaa_identity: contest_id=1352304 teams 0/2142 matched, players 0/822 matched
2026-08-19 10:38:01,609 INFO ncaa_identity: contest_id=1352467 season=2010 league=wbb -- teams  not built; ids emitted as nulls
2026-08-19 10:38:01,614 INFO ncaa_identity: contest_id=1352467 teams 0/2008 matched, players 0/845 matched
2026-08-19 10:38:02,217 INFO ncaa_identity: contest_id=1352529 season=2010 league=wbb -- teams  not built; ids emitted as nulls
2026-08-19 10:38:02,220 INFO ncaa_identity: contest_id=1352529 teams 0/2164 matched, players 0/889 matched
2026-08-19 10:38:02,890 INFO ncaa_identity: contest_id=1352542 season=2010 league=wbb -- teams  not built; ids emitted as nulls
2026-08-19 10:38:02,895 INFO ncaa_identity: contest_id=1352542 teams 0/2282 matched, players 0/889 matched
2026-08-19 10:38:03,723 INFO ncaa_identity: contest_id=1352553 season=2010 league=wbb -- teams  not built; ids emitted as nulls
2026-08-19 10:38:03,726 INFO ncaa_identity: contest_id=1352553 teams 0/2257 matched, players 0/750 matched
2026-08-19 10:38:04,349 INFO ncaa_identity: contest_id=1352577 season=2010 league=wbb -- teams  not built; ids emitted as nulls
2026-08-19 10:38:04,352 INFO ncaa_identity: contest_id=1352577 teams 0/2018 matched, players 0/679 matched
2026-08-19 10:38:05,025 INFO ncaa_identity: contest_id=1352600 season=2010 league=wbb -- teams  not built; ids emitted as nulls
2026-08-19 10:38:05,027 INFO ncaa_identity: contest_id=1352600 teams 0/1925 matched, players 0/677 matched
2026-08-19 10:38:05,853 INFO ncaa_identity: contest_id=1352612 season=2010 league=wbb -- teams  not built; ids emitted as nulls
2026-08-19 10:38:05,858 INFO ncaa_identity: contest_id=1352612 teams 0/1848 matched, players 0/664 matched
2026-08-19 10:38:06,399 INFO ncaa_identity: contest_id=1352627 season=2010 league=wbb -- teams  not built; ids emitted as nulls
2026-08-19 10:38:06,401 INFO ncaa_identity: contest_id=1352627 teams 0/1688 matched, players 0/652 matched
2026-08-19 10:38:07,058 INFO ncaa_identity: contest_id=1352661 season=2010 league=wbb -- teams  not built; ids emitted as nulls
2026-08-19 10:38:07,061 INFO ncaa_identity: contest_id=1352661 teams 0/1888 matched, players 0/580 matched
2026-08-19 10:38:07,875 INFO ncaa_identity: contest_id=1352671 season=2010 league=wbb -- teams  not built; ids emitted as nulls
2026-08-19 10:38:07,879 INFO ncaa_identity: contest_id=1352671 teams 0/2166 matched, players 0/774 matched
2026-08-19 10:38:08,489 INFO ncaa_identity: contest_id=1352687 season=2010 league=wbb -- teams  not built; ids emitted as nulls
2026-08-19 10:38:08,492 INFO ncaa_identity: contest_id=1352687 teams 0/1842 matched, players 0/682 matched
2026-08-19 10:38:09,132 INFO ncaa_identity: contest_id=1352703 season=2010 league=wbb -- teams  not built; ids emitted as nulls
2026-08-19 10:38:09,134 INFO ncaa_identity: contest_id=1352703 teams 0/2122 matched, players 0/907 matched
2026-08-19 10:38:09,656 INFO ncaa_identity: contest_id=1352784 season=2010 league=wbb -- teams  not built; ids emitted as nulls
2026-08-19 10:38:09,659 INFO ncaa_identity: contest_id=1352784 teams 0/1746 matched, players 0/516 matched
2026-08-19 10:38:10,393 INFO ncaa_identity: contest_id=1352800 season=2010 league=wbb -- teams  not built; ids emitted as nulls
2026-08-19 10:38:10,395 INFO ncaa_identity: contest_id=1352800 teams 0/2052 matched, players 0/752 matched
2026-08-19 10:38:10,976 INFO ncaa_identity: contest_id=1352815 season=2010 league=wbb -- teams  not built; ids emitted as nulls
2026-08-19 10:38:10,981 INFO ncaa_identity: contest_id=1352815 teams 0/1998 matched, players 0/842 matched
2026-08-19 10:38:11,829 INFO ncaa_identity: contest_id=1352839 season=2010 league=wbb -- teams  not built; ids emitted as nulls
2026-08-19 10:38:11,834 INFO ncaa_identity: contest_id=1352839 teams 0/2291 matched, players 0/859 matched
2026-08-19 10:38:12,492 INFO ncaa_identity: contest_id=1352857 season=2010 league=wbb -- teams  not built; ids emitted as nulls
2026-08-19 10:38:12,496 INFO ncaa_identity: contest_id=1352857 teams 0/2184 matched, players 0/864 matched
2026-08-19 10:38:13,143 INFO ncaa_identity: contest_id=1352883 season=2010 league=wbb -- teams  not built; ids emitted as nulls
2026-08-19 10:38:13,148 INFO ncaa_identity: contest_id=1352883 teams 0/2518 matched, players 0/961 matched
2026-08-19 10:38:13,826 INFO ncaa_identity: contest_id=1352947 season=2010 league=wbb -- teams  not built; ids emitted as nulls
2026-08-19 10:38:13,829 INFO ncaa_identity: contest_id=1352947 teams 0/1674 matched, players 0/601 matched
2026-08-19 10:38:14,390 INFO ncaa_identity: contest_id=1353015 season=2010 league=wbb -- teams  not built; ids emitted as nulls
2026-08-19 10:38:14,392 INFO ncaa_identity: contest_id=1353015 teams 0/1610 matched, players 0/684 matched
2026-08-19 10:38:15,013 INFO ncaa_identity: contest_id=1353061 season=2010 league=wbb -- teams  not built; ids emitted as nulls
2026-08-19 10:38:15,018 INFO ncaa_identity: contest_id=1353061 teams 0/1805 matched, players 0/635 matched
2026-08-19 10:38:15,562 INFO ncaa_identity: contest_id=1353108 season=2010 league=wbb -- teams  not built; ids emitted as nulls
2026-08-19 10:38:15,564 INFO ncaa_identity: contest_id=1353108 teams 0/1904 matched, players 0/772 matched
2026-08-19 10:38:16,390 INFO ncaa_identity: contest_id=1353122 season=2010 league=wbb -- teams  not built; ids emitted as nulls
2026-08-19 10:38:16,393 INFO ncaa_identity: contest_id=1353122 teams 0/2216 matched, players 0/919 matched
2026-08-19 10:38:16,923 INFO ncaa_identity: contest_id=1353136 season=2010 league=wbb -- teams  not built; ids emitted as nulls
2026-08-19 10:38:16,926 INFO ncaa_identity: contest_id=1353136 teams 0/1590 matched, players 0/501 matched
2026-08-19 10:38:17,564 INFO ncaa_identity: contest_id=1353189 season=2010 league=wbb -- teams  not built; ids emitted as nulls
2026-08-19 10:38:17,570 INFO ncaa_identity: contest_id=1353189 teams 0/2540 matched, players 0/1094 matched
2026-08-19 10:38:18,413 INFO ncaa_identity: contest_id=1353199 season=2010 league=wbb -- teams  not built; ids emitted as nulls
2026-08-19 10:38:18,417 INFO ncaa_identity: contest_id=1353199 teams 0/2444 matched, players 0/938 matched
2026-08-19 10:38:19,062 INFO ncaa_identity: contest_id=1353209 season=2010 league=wbb -- teams  not built; ids emitted as nulls
2026-08-19 10:38:19,066 INFO ncaa_identity: contest_id=1353209 teams 0/1976 matched, players 0/743 matched
2026-08-19 10:38:19,568 INFO ncaa_identity: contest_id=1353235 season=2010 league=wbb -- teams  not built; ids emitted as nulls
2026-08-19 10:38:19,570 INFO ncaa_identity: contest_id=1353235 teams 0/1566 matched, players 0/409 matched
2026-08-19 10:38:20,495 INFO ncaa_identity: contest_id=1353261 season=2010 league=wbb -- teams  not built; ids emitted as nulls
2026-08-19 10:38:20,499 INFO ncaa_identity: contest_id=1353261 teams 0/2220 matched, players 0/641 matched
2026-08-19 10:38:21,062 INFO ncaa_identity: contest_id=1353306 season=2010 league=wbb -- teams  not built; ids emitted as nulls
2026-08-19 10:38:21,066 INFO ncaa_identity: contest_id=1353306 teams 0/1796 matched, players 0/608 matched
2026-08-19 10:38:21,968 INFO ncaa_identity: contest_id=1353383 season=2010 league=wbb -- teams  not built; ids emitted as nulls
2026-08-19 10:38:21,985 INFO ncaa_identity: contest_id=1353383 teams 0/2247 matched, players 0/6344 matched
2026-08-19 10:38:22,540 INFO ncaa_identity: contest_id=1353431 season=2010 league=wbb -- teams  not built; ids emitted as nulls
2026-08-19 10:38:22,544 INFO ncaa_identity: contest_id=1353431 teams 0/1908 matched, players 0/656 matched
2026-08-19 10:38:23,213 INFO ncaa_identity: contest_id=1353471 season=2010 league=wbb -- teams  not built; ids emitted as nulls
2026-08-19 10:38:23,215 INFO ncaa_identity: contest_id=1353471 teams 0/1772 matched, players 0/637 matched
2026-08-19 10:38:23,940 INFO ncaa_identity: contest_id=1353482 season=2010 league=wbb -- teams  not built; ids emitted as nulls
2026-08-19 10:38:23,943 INFO ncaa_identity: contest_id=1353482 teams 0/1784 matched, players 0/631 matched
2026-08-19 10:38:24,479 INFO ncaa_identity: contest_id=1353492 season=2010 league=wbb -- teams  not built; ids emitted as nulls
2026-08-19 10:38:24,481 INFO ncaa_identity: contest_id=1353492 teams 0/1702 matched, players 0/522 matched
2026-08-19 10:38:25,078 INFO ncaa_identity: contest_id=1353517 season=2010 league=wbb -- teams  not built; ids emitted as nulls
2026-08-19 10:38:25,081 INFO ncaa_identity: contest_id=1353517 teams 0/1814 matched, players 0/706 matched
2026-08-19 10:38:25,924 INFO ncaa_identity: contest_id=1353578 season=2010 league=wbb -- teams  not built; ids emitted as nulls
2026-08-19 10:38:25,929 INFO ncaa_identity: contest_id=1353578 teams 0/2146 matched, players 0/889 matched
2026-08-19 10:38:26,549 INFO ncaa_identity: contest_id=1353604 season=2010 league=wbb -- teams  not built; ids emitted as nulls
2026-08-19 10:38:26,555 INFO ncaa_identity: contest_id=1353604 teams 0/2160 matched, players 0/912 matched
2026-08-19 10:38:27,149 INFO ncaa_identity: contest_id=1353635 season=2010 league=wbb -- teams  not built; ids emitted as nulls
2026-08-19 10:38:27,153 INFO ncaa_identity: contest_id=1353635 teams 0/2058 matched, players 0/800 matched
2026-08-19 10:38:27,637 INFO ncaa_identity: contest_id=1353674 season=2010 league=wbb -- teams  not built; ids emitted as nulls
2026-08-19 10:38:27,640 INFO ncaa_identity: contest_id=1353674 teams 0/1604 matched, players 0/595 matched
2026-08-19 10:38:28,413 INFO ncaa_identity: contest_id=1353684 season=2010 league=wbb -- teams  not built; ids emitted as nulls
2026-08-19 10:38:28,417 INFO ncaa_identity: contest_id=1353684 teams 0/1994 matched, players 0/813 matched
2026-08-19 10:38:29,052 INFO ncaa_identity: contest_id=1353716 season=2010 league=wbb -- teams  not built; ids emitted as nulls
2026-08-19 10:38:29,054 INFO ncaa_identity: contest_id=1353716 teams 0/2056 matched, players 0/806 matched
2026-08-19 10:38:29,741 INFO ncaa_identity: contest_id=1353727 season=2010 league=wbb -- teams  not built; ids emitted as nulls
2026-08-19 10:38:29,744 INFO ncaa_identity: contest_id=1353727 teams 0/1888 matched, players 0/591 matched
2026-08-19 10:38:30,295 INFO ncaa_identity: contest_id=1353770 season=2010 league=wbb -- teams  not built; ids emitted as nulls
2026-08-19 10:38:30,298 INFO ncaa_identity: contest_id=1353770 teams 0/1883 matched, players 0/654 matched
2026-08-19 10:38:31,001 INFO ncaa_identity: contest_id=1353849 season=2010 league=wbb -- teams  not built; ids emitted as nulls
2026-08-19 10:38:31,004 INFO ncaa_identity: contest_id=1353849 teams 0/1704 matched, players 0/516 matched
2026-08-19 10:38:31,506 INFO ncaa_identity: contest_id=1353864 season=2010 league=wbb -- teams  not built; ids emitted as nulls
2026-08-19 10:38:31,509 INFO ncaa_identity: contest_id=1353864 teams 0/1438 matched, players 0/377 matched
2026-08-19 10:38:32,088 INFO ncaa_identity: contest_id=1353874 season=2010 league=wbb -- teams  not built; ids emitted as nulls
2026-08-19 10:38:32,092 INFO ncaa_identity: contest_id=1353874 teams 0/1846 matched, players 0/620 matched
2026-08-19 10:38:32,895 INFO ncaa_identity: contest_id=1353901 season=2010 league=wbb -- teams  not built; ids emitted as nulls
2026-08-19 10:38:32,900 INFO ncaa_identity: contest_id=1353901 teams 0/2304 matched, players 0/884 matched
2026-08-19 10:38:33,491 INFO ncaa_identity: contest_id=1353935 season=2010 league=wbb -- teams  not built; ids emitted as nulls
2026-08-19 10:38:33,494 INFO ncaa_identity: contest_id=1353935 teams 0/1780 matched, players 0/589 matched
2026-08-19 10:38:34,166 INFO ncaa_identity: contest_id=1353960 season=2010 league=wbb -- teams  not built; ids emitted as nulls
2026-08-19 10:38:34,171 INFO ncaa_identity: contest_id=1353960 teams 0/2372 matched, players 0/889 matched
2026-08-19 10:38:34,999 INFO ncaa_identity: contest_id=1354024 season=2010 league=wbb -- teams  not built; ids emitted as nulls
2026-08-19 10:38:35,003 INFO ncaa_identity: contest_id=1354024 teams 0/2114 matched, players 0/669 matched
2026-08-19 10:38:35,560 INFO ncaa_identity: contest_id=1354122 season=2010 league=wbb -- teams  not built; ids emitted as nulls
2026-08-19 10:38:35,562 INFO ncaa_identity: contest_id=1354122 teams 0/1912 matched, players 0/563 matched
2026-08-19 10:38:36,212 INFO ncaa_identity: contest_id=1354195 season=2010 league=wbb -- teams  not built; ids emitted as nulls
2026-08-19 10:38:36,215 INFO ncaa_identity: contest_id=1354195 teams 0/1794 matched, players 0/635 matched
2026-08-19 10:38:36,899 INFO ncaa_identity: contest_id=1354205 season=2010 league=wbb -- teams  not built; ids emitted as nulls
2026-08-19 10:38:36,902 INFO ncaa_identity: contest_id=1354205 teams 0/1810 matched, players 0/700 matched
2026-08-19 10:38:37,482 INFO ncaa_identity: contest_id=1354215 season=2010 league=wbb -- teams  not built; ids emitted as nulls
2026-08-19 10:38:37,485 INFO ncaa_identity: contest_id=1354215 teams 0/2029 matched, players 0/652 matched
2026-08-19 10:38:38,085 INFO ncaa_identity: contest_id=1354271 season=2010 league=wbb -- teams  not built; ids emitted as nulls
2026-08-19 10:38:38,090 INFO ncaa_identity: contest_id=1354271 teams 0/2032 matched, players 0/746 matched
2026-08-19 10:38:38,938 INFO ncaa_identity: contest_id=1354306 season=2010 league=wbb -- teams  not built; ids emitted as nulls
2026-08-19 10:38:38,942 INFO ncaa_identity: contest_id=1354306 teams 0/2057 matched, players 0/837 matched
2026-08-19 10:38:39,557 INFO ncaa_identity: contest_id=1354347 season=2010 league=wbb -- teams  not built; ids emitted as nulls
2026-08-19 10:38:39,560 INFO ncaa_identity: contest_id=1354347 teams 0/2004 matched, players 0/665 matched
2026-08-19 10:38:40,162 INFO ncaa_identity: contest_id=1354370 season=2010 league=wbb -- teams  not built; ids emitted as nulls
2026-08-19 10:38:40,166 INFO ncaa_identity: contest_id=1354370 teams 0/1670 matched, players 0/471 matched
2026-08-19 10:38:40,764 INFO ncaa_identity: contest_id=1354380 season=2010 league=wbb -- teams  not built; ids emitted as nulls
2026-08-19 10:38:40,767 INFO ncaa_identity: contest_id=1354380 teams 0/1790 matched, players 0/650 matched
2026-08-19 10:38:41,571 INFO ncaa_identity: contest_id=1354390 season=2010 league=wbb -- teams  not built; ids emitted as nulls
2026-08-19 10:38:41,577 INFO ncaa_identity: contest_id=1354390 teams 0/2472 matched, players 0/984 matched
2026-08-19 10:38:42,281 INFO ncaa_identity: contest_id=1354424 season=2010 league=wbb -- teams  not built; ids emitted as nulls
2026-08-19 10:38:42,286 INFO ncaa_identity: contest_id=1354424 teams 0/2486 matched, players 0/1071 matched
2026-08-19 10:38:42,842 INFO ncaa_identity: contest_id=1354473 season=2010 league=wbb -- teams  not built; ids emitted as nulls
2026-08-19 10:38:42,844 INFO ncaa_identity: contest_id=1354473 teams 0/1956 matched, players 0/804 matched
2026-08-19 10:38:43,562 INFO ncaa_identity: contest_id=1354516 season=2010 league=wbb -- teams  not built; ids emitted as nulls
2026-08-19 10:38:43,564 INFO ncaa_identity: contest_id=1354516 teams 0/1876 matched, players 0/680 matched
2026-08-19 10:38:44,115 INFO ncaa_identity: contest_id=1354535 season=2010 league=wbb -- teams  not built; ids emitted as nulls
2026-08-19 10:38:44,118 INFO ncaa_identity: contest_id=1354535 teams 0/1964 matched, players 0/776 matched
2026-08-19 10:38:44,663 INFO ncaa_identity: contest_id=1354546 season=2010 league=wbb -- teams  not built; ids emitted as nulls
2026-08-19 10:38:44,665 INFO ncaa_identity: contest_id=1354546 teams 0/1794 matched, players 0/635 matched
2026-08-19 10:38:45,197 INFO ncaa_identity: contest_id=1354565 season=2010 league=wbb -- teams  not built; ids emitted as nulls
2026-08-19 10:38:45,199 INFO ncaa_identity: contest_id=1354565 teams 0/1678 matched, players 0/445 matched
2026-08-19 10:38:45,947 INFO ncaa_identity: contest_id=1354585 season=2010 league=wbb -- teams  not built; ids emitted as nulls
2026-08-19 10:38:45,950 INFO ncaa_identity: contest_id=1354585 teams 0/1776 matched, players 0/511 matched
2026-08-19 10:38:46,545 INFO ncaa_identity: contest_id=1354606 season=2010 league=wbb -- teams  not built; ids emitted as nulls
2026-08-19 10:38:46,550 INFO ncaa_identity: contest_id=1354606 teams 0/2008 matched, players 0/681 matched
2026-08-19 10:38:47,230 INFO ncaa_identity: contest_id=1354633 season=2010 league=wbb -- teams  not built; ids emitted as nulls
2026-08-19 10:38:47,234 INFO ncaa_identity: contest_id=1354633 teams 0/2020 matched, players 0/709 matched
2026-08-19 10:38:48,035 INFO ncaa_identity: contest_id=1354660 season=2010 league=wbb -- teams  not built; ids emitted as nulls
2026-08-19 10:38:48,040 INFO ncaa_identity: contest_id=1354660 teams 0/2024 matched, players 0/810 matched
2026-08-19 10:38:48,650 INFO ncaa_identity: contest_id=1354683 season=2010 league=wbb -- teams  not built; ids emitted as nulls
2026-08-19 10:38:48,654 INFO ncaa_identity: contest_id=1354683 teams 0/2146 matched, players 0/833 matched
2026-08-19 10:38:49,210 INFO ncaa_identity: contest_id=1354710 season=2010 league=wbb -- teams  not built; ids emitted as nulls
2026-08-19 10:38:49,214 INFO ncaa_identity: contest_id=1354710 teams 0/1648 matched, players 0/604 matched
2026-08-19 10:38:49,290 INFO 5 starters not found for period 1; using estimate
2026-08-19 10:38:49,290 INFO 5 starters not found for period 1; using estimate
2026-08-19 10:38:49,291 INFO 5 starters not found for period 2; using estimate
2026-08-19 10:38:49,291 INFO 5 starters not found for period 2; using estimate
2026-08-19 10:38:50,204 INFO ncaa_identity: contest_id=1354744 season=2010 league=wbb -- teams  not built; ids emitted as nulls
2026-08-19 10:38:50,213 INFO ncaa_identity: contest_id=1354744 teams 0/2601 matched, players 0/3441 matched
2026-08-19 10:38:50,747 INFO ncaa_identity: contest_id=1354865 season=2010 league=wbb -- teams  not built; ids emitted as nulls
2026-08-19 10:38:50,749 INFO ncaa_identity: contest_id=1354865 teams 0/1636 matched, players 0/671 matched
2026-08-19 10:38:51,276 INFO ncaa_identity: contest_id=1354880 season=2010 league=wbb -- teams  not built; ids emitted as nulls
2026-08-19 10:38:51,278 INFO ncaa_identity: contest_id=1354880 teams 0/1734 matched, players 0/543 matched
2026-08-19 10:38:51,993 INFO ncaa_identity: contest_id=1354890 season=2010 league=wbb -- teams  not built; ids emitted as nulls
2026-08-19 10:38:51,994 INFO ncaa_identity: contest_id=1354890 teams 0/1612 matched, players 0/428 matched
2026-08-19 10:38:52,544 INFO ncaa_identity: contest_id=1354906 season=2010 league=wbb -- teams  not built; ids emitted as nulls
2026-08-19 10:38:52,547 INFO ncaa_identity: contest_id=1354906 teams 0/1852 matched, players 0/572 matched
2026-08-19 10:38:53,110 INFO ncaa_identity: contest_id=1354935 season=2010 league=wbb -- teams  not built; ids emitted as nulls
2026-08-19 10:38:53,114 INFO ncaa_identity: contest_id=1354935 teams 0/1810 matched, players 0/687 matched
2026-08-19 10:38:54,017 INFO ncaa_identity: contest_id=1354945 season=2010 league=wbb -- teams  not built; ids emitted as nulls
2026-08-19 10:38:54,021 INFO ncaa_identity: contest_id=1354945 teams 0/2215 matched, players 0/910 matched
2026-08-19 10:38:54,756 INFO ncaa_identity: contest_id=1354957 season=2010 league=wbb -- teams  not built; ids emitted as nulls
2026-08-19 10:38:54,761 INFO ncaa_identity: contest_id=1354957 teams 0/2346 matched, players 0/1014 matched
2026-08-19 10:38:55,405 INFO ncaa_identity: contest_id=1355020 season=2010 league=wbb -- teams  not built; ids emitted as nulls
2026-08-19 10:38:55,409 INFO ncaa_identity: contest_id=1355020 teams 0/1904 matched, players 0/818 matched
2026-08-19 10:38:56,206 INFO ncaa_identity: contest_id=1355108 season=2010 league=wbb -- teams  not built; ids emitted as nulls
2026-08-19 10:38:56,210 INFO ncaa_identity: contest_id=1355108 teams 0/1983 matched, players 0/761 matched
2026-08-19 10:38:56,901 INFO ncaa_identity: contest_id=1355122 season=2010 league=wbb -- teams  not built; ids emitted as nulls
2026-08-19 10:38:56,903 INFO ncaa_identity: contest_id=1355122 teams 0/1922 matched, players 0/717 matched
2026-08-19 10:38:57,454 INFO ncaa_identity: contest_id=1355132 season=2010 league=wbb -- teams  not built; ids emitted as nulls
2026-08-19 10:38:57,457 INFO ncaa_identity: contest_id=1355132 teams 0/2036 matched, players 0/836 matched
2026-08-19 10:38:58,013 INFO ncaa_identity: contest_id=1355143 season=2010 league=wbb -- teams  not built; ids emitted as nulls
2026-08-19 10:38:58,017 INFO ncaa_identity: contest_id=1355143 teams 0/1842 matched, players 0/659 matched
2026-08-19 10:38:58,724 INFO ncaa_identity: contest_id=1355156 season=2010 league=wbb -- teams  not built; ids emitted as nulls
2026-08-19 10:38:58,726 INFO ncaa_identity: contest_id=1355156 teams 0/1920 matched, players 0/745 matched
2026-08-19 10:38:59,345 INFO ncaa_identity: contest_id=1355231 season=2010 league=wbb -- teams  not built; ids emitted as nulls
2026-08-19 10:38:59,348 INFO ncaa_identity: contest_id=1355231 teams 0/1988 matched, players 0/680 matched
2026-08-19 10:38:59,944 INFO ncaa_identity: contest_id=1355251 season=2010 league=wbb -- teams  not built; ids emitted as nulls
2026-08-19 10:38:59,946 INFO ncaa_identity: contest_id=1355251 teams 0/2024 matched, players 0/781 matched
2026-08-19 10:39:00,743 INFO ncaa_identity: contest_id=1355262 season=2010 league=wbb -- teams  not built; ids emitted as nulls
2026-08-19 10:39:00,746 INFO ncaa_identity: contest_id=1355262 teams 0/2094 matched, players 0/851 matched
2026-08-19 10:39:01,474 INFO ncaa_identity: contest_id=1355272 season=2010 league=wbb -- teams  not built; ids emitted as nulls
2026-08-19 10:39:01,477 INFO ncaa_identity: contest_id=1355272 teams 0/2016 matched, players 0/780 matched
2026-08-19 10:39:01,998 INFO ncaa_identity: contest_id=1355282 season=2010 league=wbb -- teams  not built; ids emitted as nulls
2026-08-19 10:39:02,001 INFO ncaa_identity: contest_id=1355282 teams 0/1684 matched, players 0/512 matched
2026-08-19 10:39:02,780 INFO ncaa_identity: contest_id=1355292 season=2010 league=wbb -- teams  not built; ids emitted as nulls
2026-08-19 10:39:02,783 INFO ncaa_identity: contest_id=1355292 teams 0/2032 matched, players 0/800 matched
2026-08-19 10:39:03,453 INFO ncaa_identity: contest_id=1355416 season=2010 league=wbb -- teams  not built; ids emitted as nulls
2026-08-19 10:39:03,457 INFO ncaa_identity: contest_id=1355416 teams 0/2010 matched, players 0/728 matched
2026-08-19 10:39:04,216 INFO ncaa_identity: contest_id=1355494 season=2010 league=wbb -- teams  not built; ids emitted as nulls
2026-08-19 10:39:04,222 INFO ncaa_identity: contest_id=1355494 teams 0/2368 matched, players 0/984 matched
2026-08-19 10:39:05,170 INFO ncaa_identity: contest_id=1355530 season=2010 league=wbb -- teams  not built; ids emitted as nulls
2026-08-19 10:39:05,174 INFO ncaa_identity: contest_id=1355530 teams 0/2146 matched, players 0/764 matched
2026-08-19 10:39:05,787 INFO ncaa_identity: contest_id=1355540 season=2010 league=wbb -- teams  not built; ids emitted as nulls
2026-08-19 10:39:05,791 INFO ncaa_identity: contest_id=1355540 teams 0/1668 matched, players 0/568 matched
2026-08-19 10:39:06,617 INFO ncaa_identity: contest_id=1355552 season=2010 league=wbb -- teams  not built; ids emitted as nulls
2026-08-19 10:39:06,620 INFO ncaa_identity: contest_id=1355552 teams 0/2082 matched, players 0/825 matched
2026-08-19 10:39:07,432 INFO ncaa_identity: contest_id=1355574 season=2010 league=wbb -- teams  not built; ids emitted as nulls
2026-08-19 10:39:07,437 INFO ncaa_identity: contest_id=1355574 teams 0/2352 matched, players 0/1064 matched
2026-08-19 10:39:08,087 INFO ncaa_identity: contest_id=1355591 season=2010 league=wbb -- teams  not built; ids emitted as nulls
2026-08-19 10:39:08,091 INFO ncaa_identity: contest_id=1355591 teams 0/1894 matched, players 0/702 matched
2026-08-19 10:39:08,773 INFO ncaa_identity: contest_id=1355604 season=2010 league=wbb -- teams  not built; ids emitted as nulls
2026-08-19 10:39:08,776 INFO ncaa_identity: contest_id=1355604 teams 0/1930 matched, players 0/679 matched
2026-08-19 10:39:09,458 INFO ncaa_identity: contest_id=1355629 season=2010 league=wbb -- teams  not built; ids emitted as nulls
2026-08-19 10:39:09,462 INFO ncaa_identity: contest_id=1355629 teams 0/2410 matched, players 0/766 matched
2026-08-19 10:39:09,984 INFO ncaa_identity: contest_id=1355680 season=2010 league=wbb -- teams  not built; ids emitted as nulls
2026-08-19 10:39:09,988 INFO ncaa_identity: contest_id=1355680 teams 0/1794 matched, players 0/625 matched
2026-08-19 10:39:10,688 INFO ncaa_identity: contest_id=1355792 season=2010 league=wbb -- teams  not built; ids emitted as nulls
2026-08-19 10:39:10,690 INFO ncaa_identity: contest_id=1355792 teams 0/1790 matched, players 0/510 matched
2026-08-19 10:39:11,116 INFO ncaa_identity: contest_id=1355840 season=2010 league=wbb -- teams  not built; ids emitted as nulls
2026-08-19 10:39:11,118 INFO ncaa_identity: contest_id=1355840 teams 0/1112 matched, players 0/286 matched
2026-08-19 10:39:11,749 INFO ncaa_identity: contest_id=1355902 season=2010 league=wbb -- teams  not built; ids emitted as nulls
2026-08-19 10:39:11,753 INFO ncaa_identity: contest_id=1355902 teams 0/1899 matched, players 0/799 matched
2026-08-19 10:39:12,540 INFO ncaa_identity: contest_id=1355931 season=2010 league=wbb -- teams  not built; ids emitted as nulls
2026-08-19 10:39:12,545 INFO ncaa_identity: contest_id=1355931 teams 0/2234 matched, players 0/831 matched
2026-08-19 10:39:13,153 INFO ncaa_identity: contest_id=1355953 season=2010 league=wbb -- teams  not built; ids emitted as nulls
2026-08-19 10:39:13,156 INFO ncaa_identity: contest_id=1355953 teams 0/1990 matched, players 0/641 matched
2026-08-19 10:39:13,686 INFO ncaa_identity: contest_id=1355967 season=2010 league=wbb -- teams  not built; ids emitted as nulls
2026-08-19 10:39:13,690 INFO ncaa_identity: contest_id=1355967 teams 0/1882 matched, players 0/701 matched
2026-08-19 10:39:14,448 INFO ncaa_identity: contest_id=1355985 season=2010 league=wbb -- teams  not built; ids emitted as nulls
2026-08-19 10:39:14,452 INFO ncaa_identity: contest_id=1355985 teams 0/2056 matched, players 0/766 matched
2026-08-19 10:39:15,014 INFO ncaa_identity: contest_id=1355997 season=2010 league=wbb -- teams  not built; ids emitted as nulls
2026-08-19 10:39:15,018 INFO ncaa_identity: contest_id=1355997 teams 0/1611 matched, players 0/583 matched
2026-08-19 10:39:15,533 INFO ncaa_identity: contest_id=1356011 season=2010 league=wbb -- teams  not built; ids emitted as nulls
2026-08-19 10:39:15,536 INFO ncaa_identity: contest_id=1356011 teams 0/1514 matched, players 0/396 matched
2026-08-19 10:39:16,160 INFO ncaa_identity: contest_id=1356046 season=2010 league=wbb -- teams  not built; ids emitted as nulls
2026-08-19 10:39:16,162 INFO ncaa_identity: contest_id=1356046 teams 0/2016 matched, players 0/743 matched
2026-08-19 10:39:16,724 INFO ncaa_identity: contest_id=1356104 season=2010 league=wbb -- teams  not built; ids emitted as nulls
2026-08-19 10:39:16,726 INFO ncaa_identity: contest_id=1356104 teams 0/1634 matched, players 0/552 matched
2026-08-19 10:39:17,498 INFO ncaa_identity: contest_id=1356179 season=2010 league=wbb -- teams  not built; ids emitted as nulls
2026-08-19 10:39:17,500 INFO ncaa_identity: contest_id=1356179 teams 0/2118 matched, players 0/864 matched
2026-08-19 10:39:18,238 INFO ncaa_identity: contest_id=1356208 season=2010 league=wbb -- teams  not built; ids emitted as nulls
2026-08-19 10:39:18,241 INFO ncaa_identity: contest_id=1356208 teams 0/2088 matched, players 0/871 matched
2026-08-19 10:39:18,845 INFO ncaa_identity: contest_id=1356318 season=2010 league=wbb -- teams  not built; ids emitted as nulls
2026-08-19 10:39:18,847 INFO ncaa_identity: contest_id=1356318 teams 0/1962 matched, players 0/767 matched
2026-08-19 10:39:19,577 INFO ncaa_identity: contest_id=1356337 season=2010 league=wbb -- teams  not built; ids emitted as nulls
2026-08-19 10:39:19,579 INFO ncaa_identity: contest_id=1356337 teams 0/1769 matched, players 0/468 matched
2026-08-19 10:39:20,236 INFO ncaa_identity: contest_id=1356366 season=2010 league=wbb -- teams  not built; ids emitted as nulls
2026-08-19 10:39:20,239 INFO ncaa_identity: contest_id=1356366 teams 0/1926 matched, players 0/653 matched
2026-08-19 10:39:20,826 INFO ncaa_identity: contest_id=1356382 season=2010 league=wbb -- teams  not built; ids emitted as nulls
2026-08-19 10:39:20,830 INFO ncaa_identity: contest_id=1356382 teams 0/2017 matched, players 0/722 matched
2026-08-19 10:39:21,723 INFO ncaa_identity: contest_id=1356407 season=2010 league=wbb -- teams  not built; ids emitted as nulls
2026-08-19 10:39:21,727 INFO ncaa_identity: contest_id=1356407 teams 0/2022 matched, players 0/719 matched
2026-08-19 10:39:22,299 INFO ncaa_identity: contest_id=1356427 season=2010 league=wbb -- teams  not built; ids emitted as nulls
2026-08-19 10:39:22,302 INFO ncaa_identity: contest_id=1356427 teams 0/1848 matched, players 0/667 matched
2026-08-19 10:39:22,824 INFO ncaa_identity: contest_id=1356446 season=2010 league=wbb -- teams  not built; ids emitted as nulls
2026-08-19 10:39:22,827 INFO ncaa_identity: contest_id=1356446 teams 0/1462 matched, players 0/487 matched
2026-08-19 10:39:23,498 INFO ncaa_identity: contest_id=1356493 season=2010 league=wbb -- teams  not built; ids emitted as nulls
2026-08-19 10:39:23,502 INFO ncaa_identity: contest_id=1356493 teams 0/1526 matched, players 0/495 matched
2026-08-19 10:39:24,109 INFO ncaa_identity: contest_id=1356537 season=2010 league=wbb -- teams  not built; ids emitted as nulls
2026-08-19 10:39:24,113 INFO ncaa_identity: contest_id=1356537 teams 0/1976 matched, players 0/735 matched
2026-08-19 10:39:24,718 INFO ncaa_identity: contest_id=1356622 season=2010 league=wbb -- teams  not built; ids emitted as nulls
2026-08-19 10:39:24,720 INFO ncaa_identity: contest_id=1356622 teams 0/1940 matched, players 0/740 matched
2026-08-19 10:39:24,781 INFO 5 starters not found for period 1; using estimate
2026-08-19 10:39:24,782 INFO 5 starters not found for period 1; using estimate
2026-08-19 10:39:24,782 INFO 5 starters not found for period 2; using estimate
2026-08-19 10:39:24,783 INFO 5 starters not found for period 2; using estimate
2026-08-19 10:39:25,367 INFO ncaa_identity: contest_id=1356645 season=2010 league=wbb -- teams  not built; ids emitted as nulls
2026-08-19 10:39:25,375 INFO ncaa_identity: contest_id=1356645 teams 0/1944 matched, players 0/3498 matched
2026-08-19 10:39:26,188 INFO ncaa_identity: contest_id=1356668 season=2010 league=wbb -- teams  not built; ids emitted as nulls
2026-08-19 10:39:26,193 INFO ncaa_identity: contest_id=1356668 teams 0/2296 matched, players 0/840 matched
2026-08-19 10:39:26,950 INFO ncaa_identity: contest_id=1356707 season=2010 league=wbb -- teams  not built; ids emitted as nulls
2026-08-19 10:39:26,952 INFO ncaa_identity: contest_id=1356707 teams 0/2044 matched, players 0/777 matched
2026-08-19 10:39:27,724 INFO ncaa_identity: contest_id=1356792 season=2010 league=wbb -- teams  not built; ids emitted as nulls
2026-08-19 10:39:27,727 INFO ncaa_identity: contest_id=1356792 teams 0/1836 matched, players 0/620 matched
2026-08-19 10:39:28,286 INFO ncaa_identity: contest_id=1356815 season=2010 league=wbb -- teams  not built; ids emitted as nulls
2026-08-19 10:39:28,289 INFO ncaa_identity: contest_id=1356815 teams 0/1734 matched, players 0/685 matched
2026-08-19 10:39:28,894 INFO ncaa_identity: contest_id=1356874 season=2010 league=wbb -- teams  not built; ids emitted as nulls
2026-08-19 10:39:28,896 INFO ncaa_identity: contest_id=1356874 teams 0/1600 matched, players 0/476 matched
2026-08-19 10:39:29,574 INFO ncaa_identity: contest_id=1356919 season=2010 league=wbb -- teams  not built; ids emitted as nulls
2026-08-19 10:39:29,576 INFO ncaa_identity: contest_id=1356919 teams 0/1706 matched, players 0/530 matched
2026-08-19 10:39:30,107 INFO ncaa_identity: contest_id=1356936 season=2010 league=wbb -- teams  not built; ids emitted as nulls
2026-08-19 10:39:30,111 INFO ncaa_identity: contest_id=1356936 teams 0/1824 matched, players 0/686 matched
2026-08-19 10:39:30,761 INFO ncaa_identity: contest_id=1356958 season=2010 league=wbb -- teams  not built; ids emitted as nulls
2026-08-19 10:39:30,766 INFO ncaa_identity: contest_id=1356958 teams 0/2252 matched, players 0/935 matched
2026-08-19 10:39:31,566 INFO ncaa_identity: contest_id=1356969 season=2010 league=wbb -- teams  not built; ids emitted as nulls
2026-08-19 10:39:31,569 INFO ncaa_identity: contest_id=1356969 teams 0/2088 matched, players 0/808 matched
2026-08-19 10:39:32,133 INFO ncaa_identity: contest_id=1356979 season=2010 league=wbb -- teams  not built; ids emitted as nulls
2026-08-19 10:39:32,136 INFO ncaa_identity: contest_id=1356979 teams 0/1737 matched, players 0/650 matched
2026-08-19 10:39:32,752 INFO ncaa_identity: contest_id=1357009 season=2010 league=wbb -- teams  not built; ids emitted as nulls
2026-08-19 10:39:32,756 INFO ncaa_identity: contest_id=1357009 teams 0/2172 matched, players 0/924 matched
2026-08-19 10:39:33,298 INFO ncaa_identity: contest_id=1357021 season=2010 league=wbb -- teams  not built; ids emitted as nulls
2026-08-19 10:39:33,301 INFO ncaa_identity: contest_id=1357021 teams 0/1832 matched, players 0/602 matched
2026-08-19 10:39:33,976 INFO ncaa_identity: contest_id=1357037 season=2010 league=wbb -- teams  not built; ids emitted as nulls
2026-08-19 10:39:33,978 INFO ncaa_identity: contest_id=1357037 teams 0/1724 matched, players 0/459 matched
2026-08-19 10:39:34,541 INFO ncaa_identity: contest_id=1357059 season=2010 league=wbb -- teams  not built; ids emitted as nulls
2026-08-19 10:39:34,544 INFO ncaa_identity: contest_id=1357059 teams 0/1879 matched, players 0/634 matched
2026-08-19 10:39:35,122 INFO ncaa_identity: contest_id=1357075 season=2010 league=wbb -- teams  not built; ids emitted as nulls
2026-08-19 10:39:35,124 INFO ncaa_identity: contest_id=1357075 teams 0/1809 matched, players 0/658 matched
2026-08-19 10:39:35,858 INFO ncaa_identity: contest_id=1357086 season=2010 league=wbb -- teams  not built; ids emitted as nulls
2026-08-19 10:39:35,862 INFO ncaa_identity: contest_id=1357086 teams 0/1954 matched, players 0/745 matched
2026-08-19 10:39:36,492 INFO ncaa_identity: contest_id=1357111 season=2010 league=wbb -- teams  not built; ids emitted as nulls
2026-08-19 10:39:36,495 INFO ncaa_identity: contest_id=1357111 teams 0/2132 matched, players 0/921 matched
2026-08-19 10:39:37,143 INFO ncaa_identity: contest_id=1357135 season=2010 league=wbb -- teams  not built; ids emitted as nulls
2026-08-19 10:39:37,146 INFO ncaa_identity: contest_id=1357135 teams 0/1970 matched, players 0/750 matched
2026-08-19 10:39:38,093 INFO ncaa_identity: contest_id=1357223 season=2010 league=wbb -- teams  not built; ids emitted as nulls
2026-08-19 10:39:38,095 INFO ncaa_identity: contest_id=1357223 teams 0/2202 matched, players 0/692 matched
2026-08-19 10:39:38,883 INFO ncaa_identity: contest_id=1357236 season=2010 league=wbb -- teams  not built; ids emitted as nulls
2026-08-19 10:39:38,886 INFO ncaa_identity: contest_id=1357236 teams 0/2349 matched, players 0/911 matched
2026-08-19 10:39:39,440 INFO ncaa_identity: contest_id=1357273 season=2010 league=wbb -- teams  not built; ids emitted as nulls
2026-08-19 10:39:39,444 INFO ncaa_identity: contest_id=1357273 teams 0/1812 matched, players 0/714 matched
2026-08-19 10:39:40,275 INFO ncaa_identity: contest_id=1357307 season=2010 league=wbb -- teams  not built; ids emitted as nulls
2026-08-19 10:39:40,278 INFO ncaa_identity: contest_id=1357307 teams 0/2090 matched, players 0/734 matched
2026-08-19 10:39:40,841 INFO ncaa_identity: contest_id=1357346 season=2010 league=wbb -- teams  not built; ids emitted as nulls
2026-08-19 10:39:40,844 INFO ncaa_identity: contest_id=1357346 teams 0/1520 matched, players 0/458 matched
2026-08-19 10:39:41,401 INFO ncaa_identity: contest_id=1357356 season=2010 league=wbb -- teams  not built; ids emitted as nulls
2026-08-19 10:39:41,405 INFO ncaa_identity: contest_id=1357356 teams 0/1820 matched, players 0/750 matched
2026-08-19 10:39:42,107 INFO ncaa_identity: contest_id=1357366 season=2010 league=wbb -- teams  not built; ids emitted as nulls
2026-08-19 10:39:42,110 INFO ncaa_identity: contest_id=1357366 teams 0/1808 matched, players 0/688 matched
2026-08-19 10:39:42,748 INFO ncaa_identity: contest_id=1357376 season=2010 league=wbb -- teams  not built; ids emitted as nulls
2026-08-19 10:39:42,753 INFO ncaa_identity: contest_id=1357376 teams 0/2188 matched, players 0/948 matched
2026-08-19 10:39:43,316 INFO ncaa_identity: contest_id=1357400 season=2010 league=wbb -- teams  not built; ids emitted as nulls
2026-08-19 10:39:43,319 INFO ncaa_identity: contest_id=1357400 teams 0/1907 matched, players 0/729 matched
2026-08-19 10:39:44,116 INFO ncaa_identity: contest_id=1357431 season=2010 league=wbb -- teams  not built; ids emitted as nulls
2026-08-19 10:39:44,120 INFO ncaa_identity: contest_id=1357431 teams 0/1912 matched, players 0/692 matched
2026-08-19 10:39:44,746 INFO ncaa_identity: contest_id=1357455 season=2010 league=wbb -- teams  not built; ids emitted as nulls
2026-08-19 10:39:44,751 INFO ncaa_identity: contest_id=1357455 teams 0/2247 matched, players 0/770 matched
2026-08-19 10:39:45,363 INFO ncaa_identity: contest_id=1357477 season=2010 league=wbb -- teams  not built; ids emitted as nulls
2026-08-19 10:39:45,367 INFO ncaa_identity: contest_id=1357477 teams 0/1968 matched, players 0/744 matched
2026-08-19 10:39:46,338 INFO ncaa_identity: contest_id=1357507 season=2010 league=wbb -- teams  not built; ids emitted as nulls
2026-08-19 10:39:46,342 INFO ncaa_identity: contest_id=1357507 teams 0/2270 matched, players 0/760 matched
2026-08-19 10:39:46,911 INFO ncaa_identity: contest_id=1357566 season=2010 league=wbb -- teams  not built; ids emitted as nulls
2026-08-19 10:39:46,915 INFO ncaa_identity: contest_id=1357566 teams 0/2097 matched, players 0/788 matched
2026-08-19 10:39:47,557 INFO ncaa_identity: contest_id=1357606 season=2010 league=wbb -- teams  not built; ids emitted as nulls
2026-08-19 10:39:47,560 INFO ncaa_identity: contest_id=1357606 teams 0/1942 matched, players 0/701 matched
2026-08-19 10:39:48,335 INFO ncaa_identity: contest_id=1357628 season=2010 league=wbb -- teams  not built; ids emitted as nulls
2026-08-19 10:39:48,339 INFO ncaa_identity: contest_id=1357628 teams 0/1870 matched, players 0/644 matched
2026-08-19 10:39:48,927 INFO ncaa_identity: contest_id=1357643 season=2010 league=wbb -- teams  not built; ids emitted as nulls
2026-08-19 10:39:48,930 INFO ncaa_identity: contest_id=1357643 teams 0/1884 matched, players 0/657 matched
2026-08-19 10:39:49,516 INFO ncaa_identity: contest_id=1357653 season=2010 league=wbb -- teams  not built; ids emitted as nulls
2026-08-19 10:39:49,518 INFO ncaa_identity: contest_id=1357653 teams 0/1711 matched, players 0/632 matched
2026-08-19 10:39:50,266 INFO ncaa_identity: contest_id=1357666 season=2010 league=wbb -- teams  not built; ids emitted as nulls
2026-08-19 10:39:50,269 INFO ncaa_identity: contest_id=1357666 teams 0/1832 matched, players 0/765 matched
2026-08-19 10:39:50,879 INFO ncaa_identity: contest_id=1357711 season=2010 league=wbb -- teams  not built; ids emitted as nulls
2026-08-19 10:39:50,882 INFO ncaa_identity: contest_id=1357711 teams 0/1888 matched, players 0/688 matched
2026-08-19 10:39:51,508 INFO ncaa_identity: contest_id=1357725 season=2010 league=wbb -- teams  not built; ids emitted as nulls
2026-08-19 10:39:51,512 INFO ncaa_identity: contest_id=1357725 teams 0/2270 matched, players 0/798 matched
2026-08-19 10:39:52,215 INFO ncaa_identity: contest_id=1357756 season=2010 league=wbb -- teams  not built; ids emitted as nulls
2026-08-19 10:39:52,219 INFO ncaa_identity: contest_id=1357756 teams 0/1908 matched, players 0/662 matched
2026-08-19 10:39:52,942 INFO ncaa_identity: contest_id=1357773 season=2010 league=wbb -- teams  not built; ids emitted as nulls
2026-08-19 10:39:52,945 INFO ncaa_identity: contest_id=1357773 teams 0/2290 matched, players 0/931 matched
2026-08-19 10:39:53,571 INFO ncaa_identity: contest_id=1357783 season=2010 league=wbb -- teams  not built; ids emitted as nulls
2026-08-19 10:39:53,575 INFO ncaa_identity: contest_id=1357783 teams 0/1813 matched, players 0/661 matched
2026-08-19 10:39:54,406 INFO ncaa_identity: contest_id=1357799 season=2010 league=wbb -- teams  not built; ids emitted as nulls
2026-08-19 10:39:54,410 INFO ncaa_identity: contest_id=1357799 teams 0/1999 matched, players 0/685 matched
2026-08-19 10:39:55,093 INFO ncaa_identity: contest_id=1357845 season=2010 league=wbb -- teams  not built; ids emitted as nulls
2026-08-19 10:39:55,097 INFO ncaa_identity: contest_id=1357845 teams 0/2002 matched, players 0/694 matched
2026-08-19 10:39:55,967 INFO ncaa_identity: contest_id=1357865 season=2010 league=wbb -- teams  not built; ids emitted as nulls
2026-08-19 10:39:55,971 INFO ncaa_identity: contest_id=1357865 teams 0/2098 matched, players 0/830 matched
2026-08-19 10:39:56,610 INFO ncaa_identity: contest_id=1357880 season=2010 league=wbb -- teams  not built; ids emitted as nulls
2026-08-19 10:39:56,615 INFO ncaa_identity: contest_id=1357880 teams 0/2390 matched, players 0/893 matched
2026-08-19 10:39:57,180 INFO ncaa_identity: contest_id=1357890 season=2010 league=wbb -- teams  not built; ids emitted as nulls
2026-08-19 10:39:57,184 INFO ncaa_identity: contest_id=1357890 teams 0/1782 matched, players 0/665 matched
2026-08-19 10:39:57,981 INFO ncaa_identity: contest_id=1357912 season=2010 league=wbb -- teams  not built; ids emitted as nulls
2026-08-19 10:39:57,984 INFO ncaa_identity: contest_id=1357912 teams 0/2284 matched, players 0/873 matched
2026-08-19 10:39:58,640 INFO ncaa_identity: contest_id=1357926 season=2010 league=wbb -- teams  not built; ids emitted as nulls
2026-08-19 10:39:58,644 INFO ncaa_identity: contest_id=1357926 teams 0/1967 matched, players 0/698 matched
2026-08-19 10:39:59,243 INFO ncaa_identity: contest_id=1357951 season=2010 league=wbb -- teams  not built; ids emitted as nulls
2026-08-19 10:39:59,246 INFO ncaa_identity: contest_id=1357951 teams 0/1842 matched, players 0/545 matched
2026-08-19 10:39:59,976 INFO ncaa_identity: contest_id=1357981 season=2010 league=wbb -- teams  not built; ids emitted as nulls
2026-08-19 10:39:59,978 INFO ncaa_identity: contest_id=1357981 teams 0/1818 matched, players 0/655 matched
2026-08-19 10:40:00,625 INFO ncaa_identity: contest_id=1358002 season=2010 league=wbb -- teams  not built; ids emitted as nulls
2026-08-19 10:40:00,628 INFO ncaa_identity: contest_id=1358002 teams 0/2210 matched, players 0/980 matched
2026-08-19 10:40:01,460 INFO ncaa_identity: contest_id=1358023 season=2010 league=wbb -- teams  not built; ids emitted as nulls
2026-08-19 10:40:01,463 INFO ncaa_identity: contest_id=1358023 teams 0/2088 matched, players 0/602 matched
2026-08-19 10:40:02,066 INFO ncaa_identity: contest_id=1358043 season=2010 league=wbb -- teams  not built; ids emitted as nulls
2026-08-19 10:40:02,070 INFO ncaa_identity: contest_id=1358043 teams 0/1994 matched, players 0/673 matched
2026-08-19 10:40:02,656 INFO ncaa_identity: contest_id=1358054 season=2010 league=wbb -- teams  not built; ids emitted as nulls
2026-08-19 10:40:02,661 INFO ncaa_identity: contest_id=1358054 teams 0/2200 matched, players 0/810 matched
2026-08-19 10:40:03,480 INFO ncaa_identity: contest_id=1358067 season=2010 league=wbb -- teams  not built; ids emitted as nulls
2026-08-19 10:40:03,484 INFO ncaa_identity: contest_id=1358067 teams 0/2011 matched, players 0/774 matched
2026-08-19 10:40:04,052 INFO ncaa_identity: contest_id=1358083 season=2010 league=wbb -- teams  not built; ids emitted as nulls
2026-08-19 10:40:04,056 INFO ncaa_identity: contest_id=1358083 teams 0/1738 matched, players 0/525 matched
2026-08-19 10:40:04,801 INFO ncaa_identity: contest_id=1358099 season=2010 league=wbb -- teams  not built; ids emitted as nulls
2026-08-19 10:40:04,804 INFO ncaa_identity: contest_id=1358099 teams 0/2500 matched, players 0/997 matched
2026-08-19 10:40:05,523 INFO ncaa_identity: contest_id=1358122 season=2010 league=wbb -- teams  not built; ids emitted as nulls
2026-08-19 10:40:05,526 INFO ncaa_identity: contest_id=1358122 teams 0/1791 matched, players 0/657 matched
2026-08-19 10:40:06,177 INFO ncaa_identity: contest_id=1358149 season=2010 league=wbb -- teams  not built; ids emitted as nulls
2026-08-19 10:40:06,182 INFO ncaa_identity: contest_id=1358149 teams 0/2132 matched, players 0/855 matched
2026-08-19 10:40:06,680 INFO ncaa_identity: contest_id=1358177 season=2010 league=wbb -- teams  not built; ids emitted as nulls
2026-08-19 10:40:06,684 INFO ncaa_identity: contest_id=1358177 teams 0/1864 matched, players 0/656 matched
2026-08-19 10:40:07,258 INFO ncaa_identity: contest_id=1358192 season=2010 league=wbb -- teams  not built; ids emitted as nulls
2026-08-19 10:40:07,262 INFO ncaa_identity: contest_id=1358192 teams 0/1810 matched, players 0/633 matched
2026-08-19 10:40:08,001 INFO ncaa_identity: contest_id=1358212 season=2010 league=wbb -- teams  not built; ids emitted as nulls
2026-08-19 10:40:08,005 INFO ncaa_identity: contest_id=1358212 teams 0/1920 matched, players 0/708 matched
2026-08-19 10:40:08,604 INFO ncaa_identity: contest_id=1358226 season=2010 league=wbb -- teams  not built; ids emitted as nulls
2026-08-19 10:40:08,607 INFO ncaa_identity: contest_id=1358226 teams 0/2274 matched, players 0/911 matched
2026-08-19 10:40:09,243 INFO ncaa_identity: contest_id=1358243 season=2010 league=wbb -- teams  not built; ids emitted as nulls
2026-08-19 10:40:09,256 INFO ncaa_identity: contest_id=1358243 teams 0/2368 matched, players 0/6715 matched
2026-08-19 10:40:10,110 INFO ncaa_identity: contest_id=1358254 season=2010 league=wbb -- teams  not built; ids emitted as nulls
2026-08-19 10:40:10,114 INFO ncaa_identity: contest_id=1358254 teams 0/2140 matched, players 0/780 matched
2026-08-19 10:40:10,666 INFO ncaa_identity: contest_id=1358272 season=2010 league=wbb -- teams  not built; ids emitted as nulls
2026-08-19 10:40:10,669 INFO ncaa_identity: contest_id=1358272 teams 0/1846 matched, players 0/684 matched
2026-08-19 10:40:11,286 INFO ncaa_identity: contest_id=1358292 season=2010 league=wbb -- teams  not built; ids emitted as nulls
2026-08-19 10:40:11,291 INFO ncaa_identity: contest_id=1358292 teams 0/1968 matched, players 0/834 matched
2026-08-19 10:40:12,017 INFO ncaa_identity: contest_id=1358312 season=2010 league=wbb -- teams  not built; ids emitted as nulls
2026-08-19 10:40:12,021 INFO ncaa_identity: contest_id=1358312 teams 0/1798 matched, players 0/544 matched
2026-08-19 10:40:12,498 INFO ncaa_identity: contest_id=1358331 season=2010 league=wbb -- teams  not built; ids emitted as nulls
2026-08-19 10:40:12,501 INFO ncaa_identity: contest_id=1358331 teams 0/1466 matched, players 0/496 matched
2026-08-19 10:40:13,045 INFO ncaa_identity: contest_id=1358349 season=2010 league=wbb -- teams  not built; ids emitted as nulls
2026-08-19 10:40:13,047 INFO ncaa_identity: contest_id=1358349 teams 0/1829 matched, players 0/622 matched
2026-08-19 10:40:13,113 INFO 5 starters not found for period 1; using estimate
2026-08-19 10:40:13,113 INFO 5 starters not found for period 1; using estimate
2026-08-19 10:40:13,114 INFO 5 starters not found for period 2; using estimate
2026-08-19 10:40:13,114 INFO 5 starters not found for period 2; using estimate
2026-08-19 10:40:13,846 INFO ncaa_identity: contest_id=1358365 season=2010 league=wbb -- teams  not built; ids emitted as nulls
2026-08-19 10:40:13,853 INFO ncaa_identity: contest_id=1358365 teams 0/2045 matched, players 0/3150 matched
2026-08-19 10:40:14,535 INFO ncaa_identity: contest_id=1358376 season=2010 league=wbb -- teams  not built; ids emitted as nulls
2026-08-19 10:40:14,539 INFO ncaa_identity: contest_id=1358376 teams 0/2078 matched, players 0/697 matched
2026-08-19 10:40:15,146 INFO ncaa_identity: contest_id=1358394 season=2010 league=wbb -- teams  not built; ids emitted as nulls
2026-08-19 10:40:15,151 INFO ncaa_identity: contest_id=1358394 teams 0/2182 matched, players 0/834 matched
2026-08-19 10:40:15,895 INFO ncaa_identity: contest_id=1358407 season=2010 league=wbb -- teams  not built; ids emitted as nulls
2026-08-19 10:40:15,899 INFO ncaa_identity: contest_id=1358407 teams 0/2174 matched, players 0/790 matched
2026-08-19 10:40:16,479 INFO ncaa_identity: contest_id=1358421 season=2010 league=wbb -- teams  not built; ids emitted as nulls
2026-08-19 10:40:16,483 INFO ncaa_identity: contest_id=1358421 teams 0/1728 matched, players 0/658 matched
2026-08-19 10:40:17,058 INFO ncaa_identity: contest_id=1358433 season=2010 league=wbb -- teams  not built; ids emitted as nulls
2026-08-19 10:40:17,062 INFO ncaa_identity: contest_id=1358433 teams 0/1966 matched, players 0/789 matched
2026-08-19 10:40:17,791 INFO ncaa_identity: contest_id=1358443 season=2010 league=wbb -- teams  not built; ids emitted as nulls
2026-08-19 10:40:17,794 INFO ncaa_identity: contest_id=1358443 teams 0/2078 matched, players 0/702 matched
2026-08-19 10:40:18,338 INFO ncaa_identity: contest_id=1358453 season=2010 league=wbb -- teams  not built; ids emitted as nulls
2026-08-19 10:40:18,341 INFO ncaa_identity: contest_id=1358453 teams 0/1618 matched, players 0/596 matched
2026-08-19 10:40:19,000 INFO ncaa_identity: contest_id=1358464 season=2010 league=wbb -- teams  not built; ids emitted as nulls
2026-08-19 10:40:19,004 INFO ncaa_identity: contest_id=1358464 teams 0/2098 matched, players 0/787 matched
2026-08-19 10:40:19,777 INFO ncaa_identity: contest_id=1358474 season=2010 league=wbb -- teams  not built; ids emitted as nulls
2026-08-19 10:40:19,779 INFO ncaa_identity: contest_id=1358474 teams 0/2006 matched, players 0/752 matched
2026-08-19 10:40:20,279 INFO ncaa_identity: contest_id=1358487 season=2010 league=wbb -- teams  not built; ids emitted as nulls
2026-08-19 10:40:20,281 INFO ncaa_identity: contest_id=1358487 teams 0/1594 matched, players 0/475 matched
2026-08-19 10:40:20,885 INFO ncaa_identity: contest_id=1358497 season=2010 league=wbb -- teams  not built; ids emitted as nulls
2026-08-19 10:40:20,890 INFO ncaa_identity: contest_id=1358497 teams 0/1918 matched, players 0/829 matched
2026-08-19 10:40:21,488 INFO ncaa_identity: contest_id=1358509 season=2010 league=wbb -- teams  not built; ids emitted as nulls
2026-08-19 10:40:21,490 INFO ncaa_identity: contest_id=1358509 teams 0/1686 matched, players 0/430 matched
2026-08-19 10:40:22,268 INFO ncaa_identity: contest_id=1358539 season=2010 league=wbb -- teams  not built; ids emitted as nulls
2026-08-19 10:40:22,273 INFO ncaa_identity: contest_id=1358539 teams 0/2076 matched, players 0/840 matched
2026-08-19 10:40:22,946 INFO ncaa_identity: contest_id=1358564 season=2010 league=wbb -- teams  not built; ids emitted as nulls
2026-08-19 10:40:22,951 INFO ncaa_identity: contest_id=1358564 teams 0/1882 matched, players 0/732 matched
2026-08-19 10:40:23,582 INFO ncaa_identity: contest_id=1358581 season=2010 league=wbb -- teams  not built; ids emitted as nulls
2026-08-19 10:40:23,586 INFO ncaa_identity: contest_id=1358581 teams 0/1978 matched, players 0/772 matched
2026-08-19 10:40:24,140 INFO ncaa_identity: contest_id=1358605 season=2010 league=wbb -- teams  not built; ids emitted as nulls
2026-08-19 10:40:24,143 INFO ncaa_identity: contest_id=1358605 teams 0/1772 matched, players 0/650 matched
2026-08-19 10:40:24,852 INFO ncaa_identity: contest_id=1358621 season=2010 league=wbb -- teams  not built; ids emitted as nulls
2026-08-19 10:40:24,854 INFO ncaa_identity: contest_id=1358621 teams 0/1542 matched, players 0/485 matched
2026-08-19 10:40:25,351 INFO ncaa_identity: contest_id=1358635 season=2010 league=wbb -- teams  not built; ids emitted as nulls
2026-08-19 10:40:25,354 INFO ncaa_identity: contest_id=1358635 teams 0/1710 matched, players 0/544 matched
2026-08-19 10:40:26,153 INFO ncaa_identity: contest_id=1358655 season=2010 league=wbb -- teams  not built; ids emitted as nulls
2026-08-19 10:40:26,155 INFO ncaa_identity: contest_id=1358655 teams 0/2068 matched, players 0/848 matched
2026-08-19 10:40:26,777 INFO ncaa_identity: contest_id=1358665 season=2010 league=wbb -- teams  not built; ids emitted as nulls
2026-08-19 10:40:26,782 INFO ncaa_identity: contest_id=1358665 teams 0/1980 matched, players 0/735 matched
2026-08-19 10:40:27,413 INFO ncaa_identity: contest_id=1358675 season=2010 league=wbb -- teams  not built; ids emitted as nulls
2026-08-19 10:40:27,415 INFO ncaa_identity: contest_id=1358675 teams 0/2104 matched, players 0/713 matched
2026-08-19 10:40:28,171 INFO ncaa_identity: contest_id=1358685 season=2010 league=wbb -- teams  not built; ids emitted as nulls
2026-08-19 10:40:28,174 INFO ncaa_identity: contest_id=1358685 teams 0/2060 matched, players 0/833 matched
2026-08-19 10:40:28,745 INFO ncaa_identity: contest_id=1358699 season=2010 league=wbb -- teams  not built; ids emitted as nulls
2026-08-19 10:40:28,747 INFO ncaa_identity: contest_id=1358699 teams 0/1920 matched, players 0/751 matched
2026-08-19 10:40:29,363 INFO ncaa_identity: contest_id=1358710 season=2010 league=wbb -- teams  not built; ids emitted as nulls
2026-08-19 10:40:29,366 INFO ncaa_identity: contest_id=1358710 teams 0/2075 matched, players 0/820 matched
2026-08-19 10:40:30,164 INFO ncaa_identity: contest_id=1358720 season=2010 league=wbb -- teams  not built; ids emitted as nulls
2026-08-19 10:40:30,169 INFO ncaa_identity: contest_id=1358720 teams 0/2150 matched, players 0/892 matched
2026-08-19 10:40:30,875 INFO ncaa_identity: contest_id=1358730 season=2010 league=wbb -- teams  not built; ids emitted as nulls
2026-08-19 10:40:30,879 INFO ncaa_identity: contest_id=1358730 teams 0/2321 matched, players 0/950 matched
2026-08-19 10:40:31,580 INFO ncaa_identity: contest_id=1358741 season=2010 league=wbb -- teams  not built; ids emitted as nulls
2026-08-19 10:40:31,584 INFO ncaa_identity: contest_id=1358741 teams 0/2434 matched, players 0/1051 matched
2026-08-19 10:40:32,327 INFO ncaa_identity: contest_id=1358753 season=2010 league=wbb -- teams  not built; ids emitted as nulls
2026-08-19 10:40:32,329 INFO ncaa_identity: contest_id=1358753 teams 0/2014 matched, players 0/729 matched
2026-08-19 10:40:32,884 INFO ncaa_identity: contest_id=1358763 season=2010 league=wbb -- teams  not built; ids emitted as nulls
2026-08-19 10:40:32,886 INFO ncaa_identity: contest_id=1358763 teams 0/1730 matched, players 0/646 matched
2026-08-19 10:40:33,575 INFO ncaa_identity: contest_id=1358777 season=2010 league=wbb -- teams  not built; ids emitted as nulls
2026-08-19 10:40:33,579 INFO ncaa_identity: contest_id=1358777 teams 0/2068 matched, players 0/736 matched
2026-08-19 10:40:34,318 INFO ncaa_identity: contest_id=1358788 season=2010 league=wbb -- teams  not built; ids emitted as nulls
2026-08-19 10:40:34,320 INFO ncaa_identity: contest_id=1358788 teams 0/1762 matched, players 0/672 matched
2026-08-19 10:40:34,863 INFO ncaa_identity: contest_id=1358798 season=2010 league=wbb -- teams  not built; ids emitted as nulls
2026-08-19 10:40:34,867 INFO ncaa_identity: contest_id=1358798 teams 0/1904 matched, players 0/745 matched
2026-08-19 10:40:37,496 INFO ncaa_identity: contest_id=878062 teams 2712/2712 matched, players 7281/7625 matched
2026-08-19 10:40:39,914 INFO ncaa_identity: contest_id=878099 teams 1491/2998 matched, players 3698/8498 matched
2026-08-19 10:40:43,063 INFO ncaa_identity: contest_id=878147 teams 3189/3189 matched, players 8756/9015 matched
2026-08-19 10:40:45,378 INFO ncaa_identity: contest_id=878191 teams 2293/2293 matched, players 6195/6465 matched
2026-08-19 10:40:46,004 INFO ncaa_identity: contest_id=878215 teams 1099/2168 matched, players 3098/6133 matched
2026-08-19 10:40:47,670 INFO ncaa_identity: contest_id=878250 teams 2815/2815 matched, players 7692/7976 matched
2026-08-19 10:40:48,510 INFO ncaa_identity: contest_id=878261 teams 2117/2117 matched, players 4990/5899 matched
2026-08-19 10:40:49,171 INFO ncaa_identity: contest_id=878307 teams 2355/2355 matched, players 6434/6600 matched
2026-08-19 10:40:49,904 INFO ncaa_identity: contest_id=878322 teams 2584/2584 matched, players 7252/7317 matched
2026-08-19 10:40:50,770 INFO ncaa_identity: contest_id=878332 teams 2209/2209 matched, players 6082/6231 matched
2026-08-19 10:40:51,402 INFO ncaa_identity: contest_id=878344 teams 1240/2453 matched, players 3462/6945 matched
2026-08-19 10:40:53,536 INFO ncaa_identity: contest_id=878407 teams 2782/2782 matched, players 7346/7853 matched
2026-08-19 10:40:55,910 INFO ncaa_identity: contest_id=878530 teams 2363/2363 matched, players 5756/6680 matched
2026-08-19 10:40:58,376 INFO ncaa_identity: contest_id=878627 teams 2493/2493 matched, players 6872/6977 matched
2026-08-19 10:40:59,167 INFO ncaa_identity: contest_id=878656 teams 2717/2717 matched, players 7645/7680 matched
2026-08-19 10:41:00,794 INFO ncaa_identity: contest_id=878726 teams 2919/2919 matched, players 7767/8268 matched
2026-08-19 10:41:02,192 INFO ncaa_identity: contest_id=878773 teams 1482/1482 matched, players 299/407 matched
2026-08-19 10:41:02,906 INFO ncaa_identity: contest_id=878786 teams 1283/2543 matched, players 3621/7221 matched
2026-08-19 10:41:05,242 INFO ncaa_identity: contest_id=878858 teams 2264/2264 matched, players 5478/6330 matched
2026-08-19 10:41:06,050 INFO ncaa_identity: contest_id=878877 teams 2925/2925 matched, players 7819/8267 matched
2026-08-19 10:41:06,717 INFO ncaa_identity: contest_id=878924 teams 2432/2432 matched, players 6458/6873 matched
2026-08-19 10:41:08,411 INFO ncaa_identity: contest_id=878971 teams 3038/3038 matched, players 8060/8587 matched
2026-08-19 10:41:09,319 INFO ncaa_identity: contest_id=879009 teams 2539/2539 matched, players 6648/7155 matched
2026-08-19 10:41:09,971 INFO ncaa_identity: contest_id=879045 teams 2598/2598 matched, players 6739/7304 matched
2026-08-19 10:41:13,269 INFO ncaa_identity: contest_id=879241 teams 2565/2565 matched, players 6817/7235 matched
2026-08-19 10:41:20,885 INFO ncaa_identity: contest_id=879622 teams 2685/2685 matched, players 6987/7568 matched
2026-08-19 10:41:22,638 INFO ncaa_identity: contest_id=879687 teams 2333/2333 matched, players 6165/6565 matched
2026-08-19 10:41:23,247 INFO ncaa_identity: contest_id=879703 teams 2327/2327 matched, players 5104/6540 matched
2026-08-19 10:41:24,173 INFO ncaa_identity: contest_id=879719 teams 2529/2529 matched, players 6576/7112 matched
2026-08-19 10:41:28,575 INFO ncaa_identity: contest_id=879964 teams 2756/2756 matched, players 7152/7767 matched
2026-08-19 10:41:31,265 INFO ncaa_identity: contest_id=880044 teams 2964/2964 matched, players 8152/8391 matched
2026-08-19 10:41:31,953 INFO ncaa_identity: contest_id=880064 teams 2323/2323 matched, players 5911/6545 matched
2026-08-19 10:41:32,679 INFO ncaa_identity: contest_id=880074 teams 2439/2439 matched, players 6417/6836 matched
2026-08-19 10:41:33,531 INFO ncaa_identity: contest_id=880098 teams 2352/2352 matched, players 6330/6642 matched
2026-08-19 10:41:35,150 INFO ncaa_identity: contest_id=880135 teams 2386/2386 matched, players 6254/6722 matched
2026-08-19 10:41:35,831 INFO ncaa_identity: contest_id=880149 teams 1840/1840 matched, players 696/720 matched
2026-08-19 10:41:38,092 INFO ncaa_identity: contest_id=880193 teams 2123/2123 matched, players 5619/5941 matched
2026-08-19 10:41:38,802 INFO ncaa_identity: contest_id=880210 teams 2239/2239 matched, players 5800/6309 matched
2026-08-19 10:41:40,144 INFO ncaa_identity: contest_id=880269 teams 1303/2637 matched, players 2905/7454 matched
2026-08-19 10:41:40,955 INFO ncaa_identity: contest_id=880298 teams 2352/2352 matched, players 6204/6643 matched
2026-08-19 10:41:42,632 INFO ncaa_identity: contest_id=880369 teams 2620/2620 matched, players 7063/7370 matched
2026-08-19 10:41:43,337 INFO ncaa_identity: contest_id=880383 teams 2332/2332 matched, players 6392/6580 matched
2026-08-19 10:41:44,295 INFO ncaa_identity: contest_id=880410 teams 2664/2664 matched, players 7407/7483 matched
2026-08-19 10:41:44,974 INFO ncaa_identity: contest_id=880428 teams 2217/2217 matched, players 6126/6234 matched
2026-08-19 10:41:46,503 INFO ncaa_identity: contest_id=880462 teams 2036/2036 matched, players 4917/5736 matched
2026-08-19 10:41:47,260 INFO ncaa_identity: contest_id=880479 teams 2693/2693 matched, players 7280/7634 matched
2026-08-19 10:41:48,046 INFO ncaa_identity: contest_id=880499 teams 2131/2131 matched, players 5463/5988 matched
2026-08-19 10:41:54,896 INFO ncaa_identity: contest_id=880724 teams 2130/4410 matched, players 6005/12654 matched
2026-08-19 10:41:55,549 INFO ncaa_identity: contest_id=880748 teams 2324/2324 matched, players 6431/6537 matched
2026-08-19 10:42:01,835 INFO ncaa_identity: contest_id=881024 teams 1394/2772 matched, players 3863/7811 matched
2026-08-19 10:42:04,122 INFO ncaa_identity: contest_id=881113 teams 2341/2341 matched, players 6461/6566 matched
2026-08-19 10:42:08,168 INFO ncaa_identity: contest_id=881288 teams 2352/2352 matched, players 6305/6639 matched
2026-08-19 10:42:08,882 INFO ncaa_identity: contest_id=881332 teams 2508/2508 matched, players 6847/7066 matched
2026-08-19 10:42:09,625 INFO ncaa_identity: contest_id=881388 teams 2169/2169 matched, players 5583/6113 matched
2026-08-19 10:42:10,482 INFO ncaa_identity: contest_id=881436 teams 1478/2888 matched, players 4189/8213 matched
2026-08-19 10:42:11,306 INFO ncaa_identity: contest_id=881459 teams 2300/2300 matched, players 5294/6490 matched
2026-08-19 10:42:11,945 INFO ncaa_identity: contest_id=881526 teams 2577/2577 matched, players 6586/7280 matched
2026-08-19 10:42:12,649 INFO ncaa_identity: contest_id=881597 teams 2247/2247 matched, players 5585/6313 matched
2026-08-19 10:42:16,354 INFO ncaa_identity: contest_id=881703 teams 2029/2029 matched, players 5485/5699 matched
2026-08-19 10:42:17,069 INFO ncaa_identity: contest_id=881715 teams 2452/2452 matched, players 6139/6922 matched
2026-08-19 10:42:17,873 INFO ncaa_identity: contest_id=881727 teams 2264/2264 matched, players 5765/6373 matched
2026-08-19 10:42:18,621 INFO ncaa_identity: contest_id=881768 teams 1295/2634 matched, players 3332/7443 matched
2026-08-19 10:42:19,303 INFO ncaa_identity: contest_id=881791 teams 2006/2006 matched, players 5442/5635 matched
2026-08-19 10:42:20,161 INFO ncaa_identity: contest_id=881822 teams 2404/2404 matched, players 6731/6749 matched
2026-08-19 10:42:23,135 INFO ncaa_identity: contest_id=881965 teams 2145/2145 matched, players 5966/5996 matched
2026-08-19 10:42:26,864 INFO ncaa_identity: contest_id=882143 teams 2276/2276 matched, players 6065/6437 matched
2026-08-19 10:42:27,593 INFO ncaa_identity: contest_id=882170 teams 2243/2243 matched, players 5899/6271 matched
2026-08-19 10:42:29,064 INFO ncaa_identity: contest_id=882251 teams 1336/2631 matched, players 3743/7374 matched
2026-08-19 10:42:29,985 INFO ncaa_identity: contest_id=882267 teams 2626/2626 matched, players 6893/7383 matched
2026-08-19 10:42:30,746 INFO ncaa_identity: contest_id=882293 teams 1192/2399 matched, players 3390/6777 matched
2026-08-19 10:42:31,711 INFO ncaa_identity: contest_id=882333 teams 2861/2861 matched, players 7550/8104 matched
2026-08-19 10:42:33,100 INFO ncaa_identity: contest_id=882453 teams 2522/2522 matched, players 7044/7120 matched
2026-08-19 10:42:36,378 INFO ncaa_identity: contest_id=882564 teams 1247/2497 matched, players 3486/7016 matched
2026-08-19 10:42:37,903 INFO ncaa_identity: contest_id=882615 teams 1095/2076 matched, players 412/827 matched
2026-08-19 10:42:38,863 INFO ncaa_identity: contest_id=882653 teams 2766/2766 matched, players 7380/7806 matched
2026-08-19 10:42:41,400 INFO ncaa_identity: contest_id=882731 teams 21/2996 matched, players 0/8443 matched
2026-08-19 10:42:42,384 INFO ncaa_identity: contest_id=882758 teams 2871/2871 matched, players 7583/8116 matched
2026-08-19 10:42:44,763 INFO ncaa_identity: contest_id=882913 teams 2394/2394 matched, players 6607/6745 matched
2026-08-19 10:42:45,603 INFO ncaa_identity: contest_id=882928 teams 3034/3034 matched, players 8517/8622 matched
2026-08-19 10:42:47,163 INFO ncaa_identity: contest_id=882965 teams 2204/2204 matched, players 5685/6225 matched
2026-08-19 10:42:50,988 INFO ncaa_identity: contest_id=883095 teams 2309/2309 matched, players 6183/6506 matched
2026-08-19 10:42:52,613 INFO ncaa_identity: contest_id=883123 teams 1070/2154 matched, players 3023/6034 matched
2026-08-19 10:42:53,277 INFO ncaa_identity: contest_id=883137 teams 2204/2204 matched, players 5659/6212 matched
2026-08-19 10:42:54,122 INFO ncaa_identity: contest_id=883163 teams 2347/2347 matched, players 6550/6624 matched
2026-08-19 10:42:55,784 INFO ncaa_identity: contest_id=883204 teams 1351/2674 matched, players 3410/7543 matched
2026-08-19 10:42:57,217 INFO ncaa_identity: contest_id=883230 teams 2414/2414 matched, players 6586/6807 matched
2026-08-19 10:42:58,829 INFO ncaa_identity: contest_id=883265 teams 2751/2751 matched, players 7421/7756 matched
2026-08-19 10:42:59,609 INFO ncaa_identity: contest_id=883277 teams 2423/2423 matched, players 6790/6828 matched
2026-08-19 10:43:01,033 INFO ncaa_identity: contest_id=883299 teams 2968/2968 matched, players 8103/8413 matched
2026-08-19 10:43:03,063 INFO ncaa_identity: contest_id=883341 teams 2097/2097 matched, players 5890/5909 matched
2026-08-19 10:43:04,642 INFO ncaa_identity: contest_id=883366 teams 1191/2526 matched, players 3471/7112 matched
2026-08-19 10:43:05,349 INFO ncaa_identity: contest_id=883378 teams 2283/2283 matched, players 6387/6407 matched
2026-08-19 10:43:07,103 INFO ncaa_identity: contest_id=883401 teams 2909/2909 matched, players 7564/8206 matched
2026-08-19 10:43:07,932 INFO ncaa_identity: contest_id=883415 teams 2040/2040 matched, players 5607/5731 matched
2026-08-19 10:43:08,724 INFO ncaa_identity: contest_id=883432 teams 1364/2659 matched, players 3509/7499 matched
2026-08-19 10:43:09,611 INFO ncaa_identity: contest_id=883442 teams 2637/2637 matched, players 7020/7430 matched
2026-08-19 10:43:10,282 INFO ncaa_identity: contest_id=883456 teams 2297/2297 matched, players 6203/6487 matched
2026-08-19 10:43:11,971 INFO ncaa_identity: contest_id=883482 teams 3195/3195 matched, players 8451/9051 matched
2026-08-19 10:43:12,649 INFO ncaa_identity: contest_id=883503 teams 2248/2248 matched, players 6200/6322 matched
2026-08-19 10:43:16,577 INFO ncaa_identity: contest_id=883604 teams 2964/2964 matched, players 8144/8409 matched
2026-08-19 10:43:19,049 INFO ncaa_identity: contest_id=883666 teams 2804/2804 matched, players 7852/7902 matched
2026-08-19 10:43:22,136 INFO ncaa_identity: contest_id=883751 teams 2711/2711 matched, players 7251/7609 matched
2026-08-19 10:43:24,599 INFO ncaa_identity: contest_id=883847 teams 2667/2667 matched, players 7113/7561 matched
2026-08-19 10:43:26,305 INFO ncaa_identity: contest_id=883884 teams 2503/2503 matched, players 6633/7036 matched
2026-08-19 10:43:27,125 INFO ncaa_identity: contest_id=883913 teams 2722/2722 matched, players 7528/7683 matched
2026-08-19 10:43:27,690 INFO ncaa_identity: contest_id=883935 teams 2006/2006 matched, players 5266/5630 matched
2026-08-19 10:43:28,526 INFO ncaa_identity: contest_id=883951 teams 2533/2533 matched, players 7025/7147 matched
2026-08-19 10:43:31,198 INFO ncaa_identity: contest_id=884021 teams 2314/2314 matched, players 5838/6530 matched
2026-08-19 10:43:32,030 INFO ncaa_identity: contest_id=884046 teams 1113/2287 matched, players 3263/6470 matched
2026-08-19 10:43:33,329 INFO ncaa_identity: contest_id=884075 teams 2377/2377 matched, players 6094/6727 matched
2026-08-19 10:43:34,196 INFO ncaa_identity: contest_id=884110 teams 2989/2989 matched, players 8078/8511 matched
2026-08-19 10:43:34,830 INFO ncaa_identity: contest_id=884158 teams 1240/2356 matched, players 3343/6628 matched
2026-08-19 10:43:37,323 INFO ncaa_identity: contest_id=884285 teams 2514/2514 matched, players 6348/7063 matched
2026-08-19 10:43:37,955 INFO ncaa_identity: contest_id=884308 teams 1171/2231 matched, players 3255/6310 matched
2026-08-19 10:43:39,319 INFO ncaa_identity: contest_id=884378 teams 2102/2102 matched, players 5462/5915 matched
2026-08-19 10:43:45,402 INFO ncaa_identity: contest_id=884643 teams 3205/3205 matched, players 8450/9064 matched
2026-08-19 10:43:46,145 INFO ncaa_identity: contest_id=884664 teams 2899/2899 matched, players 7671/8171 matched
2026-08-19 10:43:46,987 INFO ncaa_identity: contest_id=884730 teams 2362/2362 matched, players 6588/6693 matched
2026-08-19 10:43:48,477 INFO ncaa_identity: contest_id=884783 teams 2429/2429 matched, players 6220/6864 matched
2026-08-19 10:43:48,570 INFO 5 starters not found for period 4; using estimate
2026-08-19 10:43:49,314 INFO ncaa_identity: contest_id=884817 teams 2708/2708 matched, players 6807/7666 matched
2026-08-19 10:43:55,944 INFO ncaa_identity: contest_id=885161 teams 2711/2711 matched, players 7388/7639 matched
2026-08-19 10:43:57,343 INFO ncaa_identity: contest_id=885196 teams 2430/2430 matched, players 6680/6838 matched
2026-08-19 10:43:58,339 INFO ncaa_identity: contest_id=885220 teams 2869/2869 matched, players 7255/8105 matched
2026-08-19 10:43:58,905 INFO ncaa_identity: contest_id=885242 teams 1252/2437 matched, players 3422/6895 matched
2026-08-19 10:43:59,602 INFO ncaa_identity: contest_id=885255 teams 2337/2337 matched, players 6364/6645 matched
2026-08-19 10:44:00,335 INFO ncaa_identity: contest_id=885275 teams 2056/2056 matched, players 5243/5788 matched
2026-08-19 10:44:01,035 INFO ncaa_identity: contest_id=885301 teams 2350/2350 matched, players 6566/6604 matched
2026-08-19 10:44:01,674 INFO ncaa_identity: contest_id=885356 teams 2352/2352 matched, players 6023/6591 matched
2026-08-19 10:44:03,084 INFO ncaa_identity: contest_id=885444 teams 1142/2271 matched, players 3255/6392 matched
2026-08-19 10:44:04,667 INFO ncaa_identity: contest_id=885539 teams 2076/2076 matched, players 5624/5832 matched
2026-08-19 10:44:06,289 INFO ncaa_identity: contest_id=885591 teams 2695/2695 matched, players 7098/7574 matched
2026-08-19 10:44:07,811 INFO ncaa_identity: contest_id=885618 teams 2395/2395 matched, players 6329/6748 matched
2026-08-19 10:44:10,041 INFO ncaa_identity: contest_id=885750 teams 3171/3171 matched, players 7994/9014 matched
2026-08-19 10:44:12,133 INFO ncaa_identity: contest_id=885877 teams 2231/2231 matched, players 6220/6247 matched
2026-08-19 10:44:13,867 INFO ncaa_identity: con2026-08-19 10:44:14,474 INFO ncaa_identity: contest_id=886175 teams 2562/2562 matched, players 6982/7231 matched
2026-08-19 10:44:17,671 INFO ncaa_identity: contest_id=886273 teams 2316/2316 matched, players 6117/6531 matched
2026-08-19 10:44:19,995 INFO ncaa_identity: contest_id=886330 teams 2376/2376 matched, players 6512/6688 matched
2026-08-19 10:44:20,681 INFO ncaa_identity: contest_id=886367 teams 2234/2234 matched, players 5945/6310 matched
2026-08-19 10:44:22,932 INFO ncaa_identity: contest_id=886486 teams 1303/2603 matched, players 3692/7341 matched
2026-08-19 10:44:23,763 INFO ncaa_identity: contest_id=886538 teams 2318/2318 matched, players 6293/6573 matched
2026-08-19 10:44:24,516 INFO ncaa_identity: contest_id=886565 teams 2541/2541 matched, players 6858/7136 matched
2026-08-19 10:44:28,254 INFO ncaa_identity: contest_id=886747 teams 2050/2050 matched, players 5406/5770 matched
2026-08-19 10:44:29,865 INFO ncaa_identity: contest_id=886800 teams 2615/2615 matched, players 7340/7378 matched
2026-08-19 10:44:30,548 INFO ncaa_identity: contest_id=886861 teams 2335/2335 matched, players 6363/6593 matched
2026-08-19 10:44:32,108 INFO ncaa_identity: contest_id=886998 teams 1181/2327 matched, players 3255/2026-08-19 10:2026-08-19 10:44:34,915 INFO ncaa_identity: contest_id=887147 teams 2655/2655 matched, players 7019/7479 matched
2026-08-19 10:44:37,894 INFO ncaa_identity: contest_id=887228 teams 2372/2372 matched, players 6226/6675 matched2026-08-19 10:44:40,870 INFO ncaa_identity: contest_id=887218 teams 2089/2089 matched, players 4999/5878 matched
2026-08-19 10:44:43,677 INFO ncaa_identity: contest_id=887368 teams 1911/1911 matched, players 5058/5345 matched
2026-08-19 10:44:47,576 INFO ncaa_identity: contest_id=887458 teams 2891/2891 matched, players 7869/8190 matched
2026-08-19 10:44:48,250 INFO ncaa_identity: contest_id=887472 teams 2189/2189 matched, players 5842/6153 matched
2026-08-19 10:44:49,110 INFO ncaa_identity: contest_id=887496 teams 2556/2556 matched, players 6826/7252 matched
2026-08-19 10:44:49,765 INFO ncaa_identity: contest_id=887555 teams 2183/2183 matched, players 5585/6143 matched
2026-08-19 10:44:50,140 WARNING ncaa_parse: family=lineups contest_id=887624 team=Sam Houston SKIPPED (1 parse error(s)): Duplicate players: [[PlayerCodeId(code='NyCarter', id=PlayerId(name='Carter, Nyha'), ncaa_id=None), PlayerC2026-08-19 10:44:50,704 INFO ncaa_identity: contest_id=887763 teams 1267/2380 matched, players 3346/6671 matched
2026-08-19 10:44:52,193 INFO ncaa_identity: contest_id=8872026-08-19 10:44:53,835 INFO ncaa_identity: contest_id=82026-08-19 10:44:54,439 INFO ncaa_identity: contest_id=8872026-08-19 10:44:57,685 INFO ncaa_identity: contest_id=887882 teams 2568/2568 matched, players 6882/7261 matched
2026-08-19 10:44:58,568 INFO ncaa_identity: contest_id=887923 teams 2491/2491 matched, players 6645/7001 matched
2026-08-19 10:44:59,172 INFO ncaa_identity: contest_id=887994 teams 2049/2049 matched, players 4932/5802 matched
2026-08-19 10:45:00,693 INFO ncaa_identity: contest_id=888059 teams 2655/2655 matched, players 7265/7469 matched
2026-08-19 10:45:01,461 INFO ncaa_identity: contest_id=888088 teams 2536/2536 matched, players 6853/7137 matched
2026-08-19 10:45:2026-08-19 10:45:03,208 INFO ncaa_identity: contest_id=888487 teams 2303/2303 matched, players 632026-08-19 10:45:2026-08-19 10:45:03,851 INFO ncaa_identity: contest_id=888504 teams 1935/1935 matched, players 522026-08-19 10:45:06,150 INFO ncaa_identity: contest_id=82026-08-19 10:45:09,838 INFO ncaa_identity: contest_id=8882026-08-19 10:45:10,841 INFO ncaa_identity: contest_id=888479 teams 2421/2421 matched, players 6087/6779 matched
2026-08-19 10:45:12,586 INFO ncaa_identity: contest_id=888511 teams 2839/2839 matched, players 7499/8016 matched
2026-08-19 10:45:14,267 INFO ncaa_identity: contest_id=888554 teams 2477/2477 matched, players 6938/6978 matched
2026-08-19 10:45:15,141 INFO ncaa_identity: contest_id2026-08-19 10:45:15,849 INFO ncaa_identity: contest_id=888852026-08-19 10:45:19,426 INFO ncaa_identity: contest_id=888822 teams 2358/2358 matched, players 6656/6665 matched
2026-08-19 10:45:20,188 INFO ncaa_identity: contest_id=888843 teams 2420/2420 matched, players 6404/6833 matched
2026-08-19 10:45:26,929 INFO ncaa_identity: contest_id=889191 teams 2255/2255 matched, players 5983/6365 matched
2026-08-19 10:45:27,649 INFO ncaa_identity: contest_id=889208 teams 2391/2391 matched, players 6425/6745 matched
2026-08-19 10:45:30,065 INFO ncaa_identity: contest_id=889279 teams 2211/2211 matched, players 6179/6229 matched
2026-08-19 10:45:32,855 INFO ncaa_identity: contest_id=889484 teams 1860/1860 matched, players 4955/5216 matched
2026-08-19 10:45:35,053 INFO ncaa_identity: contest_id=889531 teams 2319/2319 matched, players 5181/6511 matched
2026-08-19 10:45:35,912 INFO ncaa_identity: contest_id=889553 teams 2583/2583 matched, players 6262/7226 matched
2026-08-19 10:45:37,296 INFO ncaa_identity: contest_id2026-08-19 10:45:38,014 WARNING ncaa_parse: family=lineups c2026-08-19 10:45:41,001 INFO ncaa_identity: contest_id=889869 teams 2553/2553 matched, players 6648/7204 matched
2026-08-19 10:45:46,322 INFO ncaa_identity: contest_id=890092 teams 2364/2364 matched, players 6483/6601 matched
2026-08-19 10:45:51,797 INFO ncaa_identity: contest_id=890385 teams 2229/2229 matched, players 5916/6326 matched
2026-08-19 10:45:53,205 INFO ncaa_identity: contest_id=890431 teams 2193/2193 matched, players 5930/6218 matched
2026-08-19 10:45:54,803 INFO ncaa_identity: contest_id=890503 teams 2368/2368 matched, players 6622/6661 matched
2026-08-19 10:45:55,639 INFO ncaa_identity: contest_id=890525 teams 2100/2100 matched, players 5364/5870 matched
2026-08-19 10:45:58,669 INFO ncaa_identity: contest_id=890629 teams 2220/2220 matched, players 6166/6243 matched
2026-08-19 10:45:59,464 INFO ncaa_identity: contest_id=890653 teams 2199/2199 matched, players 5709/6209 matched
2026-08-19 10:46:00,108 INFO ncaa_identity: contest_id=890678 teams 1157/2318 matched, players 3299/6574 matched
2026-08-19 10:46:05,727 INFO ncaa_identity: contest_id=891017 teams 2561/2561 matched, players 6512/7222 matched
2026-08-19 10:46:10,880 INFO ncaa_identity: contest_id=891223 teams 2282/2282 matched, players 6284/6391 matched
2026-08-19 10:46:16,283 INFO ncaa_identity: contest_id=891534 teams 2679/2679 matched, players 6464/7558 matched
2026-08-19 10:46:17,154 INFO ncaa_identity: contest_id=891565 teams 2413/2413 matched, players 6723/6772 matched
2026-08-19 10:46:22,648 INFO ncaa_identity: contest_id=891710 teams 2416/2416 matched, players 6169/6802 matched
2026-08-19 10:46:23,501 INFO ncaa_identity: contest_id=891724 teams 3123/3123 matched, players 7476/8853 matched
2026-08-19 10:46:24,063 INFO ncaa_identity: contest_id=891747 teams 1896/1896 matched, players 4873/5323 matched
2026-08-19 10:46:26,921 INFO ncaa_identity: contest_id=891882 teams 2142/2142 matched, players 5413/5959 matched
2026-08-19 10:46:30,644 INFO ncaa_identity: contest_id=892040 teams 2017/2017 matched, players 5667/5688 matched
2026-08-19 10:46:32,801 INFO ncaa_identity: contest_id=892074 teams 2312/2312 matched, players 6345/6502 matched
2026-08-19 10:46:34,318 INFO ncaa_identity: contest_id=892125 teams 2826/2826 matched, players 7807/7984 matched
2026-08-19 10:46:34,875 INFO ncaa_identity: contest_id=892179 teams 1778/1778 matched, players 4590/4995 matched
2026-08-19 10:46:39,608 INFO ncaa_identity: contest_id=892349 teams 1928/1928 matched, players 5343/5425 matched
2026-08-19 10:46:42,136 INFO ncaa_identity: contest_id=892430 teams 1994/1994 matched, players 5052/5589 matched
2026-08-19 10:46:47,555 INFO ncaa_identity: contest_id=892560 teams 1175/2413 matched, players 3404/6795 matched
2026-08-19 10:46:49,085 INFO ncaa_identity: contest_id=892590 teams 2729/2729 matched, players 7068/7714 matched
2026-08-19 10:46:52,596 INFO ncaa_identity: contest_id=892726 teams 2312/2312 matched, players 6305/6554 matched
2026-08-19 10:46:53,206 INFO ncaa_identity: contest_id=892736 teams 2009/2009 matched, players 5496/5646 matched
2026-08-19 10:46:55,464 INFO ncaa_identity: contest_id=892770 teams 2420/2420 matched, players 6001/6812 matched
2026-08-19 10:46:57,640 INFO ncaa_identity: contest_id=892826 teams 1224/2470 matched, players 3500/6951 matched
2026-08-19 10:47:00,643 INFO ncaa_identity: contest_id=892906 teams 2184/2184 matched, players 5831/6143 matched
2026-08-19 10:47:02,927 INFO ncaa_identity: contest_id=892952 teams 0/2826 matched, players 0/7976 matched
2026-08-19 10:47:03,760 INFO ncaa_identity: contest_id=892965 teams 2279/2279 matched, players 6163/6436 matched
2026-08-19 10:47:04,417 INFO ncaa_identity: contest_id=892978 teams 2325/2325 matched, players 6227/6577 matched
2026-08-19 10:47:05,169 INFO ncaa_identity: contest_id=892993 teams 2445/2445 matched, players 6502/6893 matched
2026-08-19 10:47:05,989 INFO ncaa_identity: contest_id=893014 teams 2074/2074 matched, players 5015/5822 matched
2026-08-19 10:47:07,456 INFO ncaa_identity: contest_id=893044 teams 2785/2785 matched, players 7378/7919 matched
2026-08-19 10:47:11,443 INFO ncaa_identity: contest_id=893115 teams 2737/2737 matched, players 7205/7700 matched
2026-08-19 10:47:12,765 INFO ncaa_identity: contest_id=893135 teams 2199/2199 matched, players 5666/6222 matched
2026-08-19 10:47:17,469 INFO ncaa_identity: contest_id=893221 teams 2637/2637 matched, players 7268/7443 matched
2026-08-19 10:47:20,936 INFO ncaa_identity: contest_id=893312 teams 1018/2019 matched, players 2894/5689 matched
2026-08-19 10:47:21,964 INFO ncaa_identity: contest_id=893333 teams 2020/2020 matched, players 5645/5721 matched
2026-08-19 10:47:23,418 INFO ncaa_identity: contest_id=893353 teams 2474/2474 matched, players 6890/7024 matched
2026-08-19 10:47:26,628 INFO ncaa_identity: contest_id=893400 teams 2095/2095 matched, players 5405/5921 matched
2026-08-19 10:47:27,239 INFO ncaa_identity: contest_id=893410 teams 2142/2142 matched, players 5676/6016 matched
2026-08-19 10:47:28,605 INFO ncaa_identity: contest_id=893430 teams 2019/2019 matched, players 5628/5639 matched
2026-08-19 10:47:29,255 INFO ncaa_identity: contest_id=893440 teams 2644/2644 matched, players 6823/7502 matched
2026-08-19 10:47:30,037 INFO ncaa_identity: contest_id=893456 teams 2068/2068 matched, players 5342/5796 matched
2026-08-19 10:47:33,213 INFO ncaa_identity: contest_id=805037 teams 2944/2944 matched, players 7408/8342 matched
2026-08-19 10:47:34,874 INFO ncaa_identity: contest_id=805060 teams 2811/2811 matched, players 7569/7935 matched
2026-08-19 10:47:35,785 INFO ncaa_identity: contest_id=805071 teams 2527/2527 matched, players 6672/7155 matched
2026-08-19 10:47:38,061 INFO ncaa_identity: contest_id=805108 teams 2455/2455 matched, players 6475/6922 matched
2026-08-19 10:47:39,670 INFO ncaa_identity: contest_id=805133 teams 1352/2613 matched, players 3267/7401 matched
2026-08-19 10:47:40,422 INFO ncaa_identity: contest_id=805148 teams 1378/2791 matched, players 3984/7869 matched
2026-08-19 10:47:41,508 INFO ncaa_identity: contest_id=805167 teams 1436/2829 matched, players 3836/7925 matched
2026-08-19 10:47:42,347 INFO ncaa_identity: contest_id=805182 teams 2498/2498 matched, players 6443/7051 matched
2026-08-19 10:47:45,340 INFO ncaa_identity: contest_id=805250 teams 1235/2529 matched, players 3500/7132 matched
2026-08-19 10:47:46,144 INFO ncaa_identity: contest_id=805308 teams 2636/2636 matched, players 7150/7435 matched
2026-08-19 10:47:47,009 INFO ncaa_identity: contest_id=805337 teams 2654/2654 matched, players 6833/7512 matched
2026-08-19 10:47:47,632 INFO ncaa_identity: contest_id=805347 teams 2113/2113 matched, players 5451/5945 matched
2026-08-19 10:47:52,466 INFO ncaa_identity: contest_id=805432 teams 1877/1877 matched, players 765/770 matched
2026-08-19 10:47:54,359 INFO ncaa_identity: contest_id=805453 teams 2675/2675 matched, players 7339/7604 matched
2026-08-19 10:47:58,406 INFO ncaa_identity: contest_id=805705 teams 1174/2285 matched, players 3269/6440 matched
2026-08-19 10:47:59,106 INFO ncaa_identity: contest_id=805730 teams 2520/2520 matched, players 6876/7113 matched
2026-08-19 10:48:01,385 INFO ncaa_identity: contest_id=805776 teams 2132/2132 matched, players 5615/6020 matched
2026-08-19 10:48:04,634 INFO ncaa_identity: contest_id=805861 teams 2635/2635 matched, players 6916/7456 matched
2026-08-19 10:48:05,497 INFO ncaa_identity: contest_id=805887 teams 1636/3139 matched, players 4513/8890 matched
2026-08-19 10:48:07,987 INFO ncaa_identity: contest_id=805961 teams 2161/2161 matched, players 5618/6099 matched
2026-08-19 10:48:09,288 INFO ncaa_identity: contest_id=806035 teams 2224/2224 matched, players 5968/6265 matched
2026-08-19 10:48:10,784 INFO ncaa_identity: contest_id=806170 teams 1211/2370 matched, players 2806/6667 matched
2026-08-19 10:48:11,480 INFO ncaa_identity: contest_id=806194 teams 2488/2488 matched, players 6576/7030 matched
2026-08-19 10:48:13,980 INFO ncaa_identity: contest_id=806292 teams 2625/2625 matched, players 6900/7356 matched
2026-08-19 10:48:15,635 INFO ncaa_identity: contest_id=806500 teams 2509/2509 matched, players 6552/7057 matched
2026-08-19 10:48:16,508 INFO ncaa_identity: contest_id=806546 teams 2721/2721 matched, players 6952/7735 matched
2026-08-19 10:48:18,148 INFO ncaa_identity: contest_id=806575 teams 2150/2150 matched, players 6035/6053 matched
2026-08-19 10:48:21,160 INFO ncaa_identity: contest_id=806668 teams 2364/2364 matched, players 6067/6639 matched
2026-08-19 10:48:22,015 INFO ncaa_identity: contest_id=806687 teams 2804/2804 matched, players 7197/7935 matched
2026-08-19 10:48:24,399 INFO ncaa_identity: contest_id=806785 teams 2691/2691 matched, players 7531/7619 matched
2026-08-19 10:48:25,178 INFO ncaa_identity: contest_id=806814 teams 2114/2114 matched, players 5289/5945 matched
2026-08-19 10:48:25,905 INFO ncaa_identity: contest_id=806836 teams 2492/2492 matched, players 6719/7037 matched
2026-08-19 10:48:26,581 INFO ncaa_identity: contest_id=806916 teams 1194/2358 matched, players 3035/6616 matched
2026-08-19 10:48:27,489 INFO ncaa_identity: contest_id=806995 teams 2486/2486 matched, players 6690/6966 matched
2026-08-19 10:48:28,233 INFO ncaa_identity: contest_id=807008 teams 1347/2628 matched, players 3725/7407 matched
2026-08-19 10:48:29,092 INFO ncaa_identity: contest_id=807020 teams 2188/2188 matched, players 5315/6116 matched
2026-08-19 10:48:29,920 INFO ncaa_identity: contest_id=807055 teams 1543/3089 matched, players 4351/8761 matched
2026-08-19 10:48:33,150 INFO ncaa_identity: contest_id=807114 teams 2771/2771 matched, players 7327/7850 matched
2026-08-19 10:48:34,919 INFO ncaa_identity: contest_id=807153 teams 2696/2696 matched, players 7491/7609 matched
2026-08-19 10:48:35,578 INFO ncaa_identity: contest_id=807171 teams 2605/2605 matched, players 6777/7372 matched
2026-08-19 10:48:37,204 INFO ncaa_identity: contest_id=807210 teams 2619/2619 matched, players 7010/7403 matched
2026-08-19 10:48:37,988 INFO ncaa_identity: contest_id=807231 teams 2245/2245 matched, players 5375/6346 matched
2026-08-19 10:48:38,680 INFO ncaa_identity: contest_id=807252 teams 2343/2343 matched, players 6310/6603 matched
2026-08-19 10:48:39,429 INFO ncaa_identity: contest_id=807270 teams 2888/2888 matched, players 7113/8137 matched
2026-08-19 10:48:40,253 INFO ncaa_identity: contest_id=807290 teams 2342/2342 matched, players 5706/6586 matched
2026-08-19 10:48:44,400 INFO ncaa_identity: contest_id=807440 teams 2676/2676 matched, players 7416/7540 matched
2026-08-19 10:48:48,796 INFO ncaa_identity: contest_id=807557 teams 2644/2644 matched, players 7188/7440 matched
2026-08-19 10:48:49,697 INFO ncaa_identity: contest_id=807601 teams 2555/2555 matched, players 6788/7215 matched
2026-08-19 10:48:51,272 INFO ncaa_identity: contest_id=807650 teams 2560/2560 matched, players 7107/7214 matched
2026-08-19 10:48:51,999 INFO ncaa_identity: contest_id=807711 teams 2482/2482 matched, players 6600/6992 matched
2026-08-19 10:48:52,711 INFO ncaa_identity: contest_id=807731 teams 2676/2676 matched, players 6405/7557 matched
2026-08-19 10:48:53,634 INFO ncaa_identity: contest_id=807757 teams 1241/2548 matched, players 3575/7189 matched
2026-08-19 10:48:54,367 INFO ncaa_identity: contest_id=807826 teams 1190/2451 matched, players 3344/6863 matched
2026-08-19 10:48:55,208 INFO ncaa_identity: contest_id=807861 teams 2310/2310 matched, players 6073/6531 matched
2026-08-19 10:48:55,932 INFO 5 starters not found for period 3; using estimate
2026-08-19 10:49:00,144 INFO ncaa_identity: contest_id=808052 teams 2244/2244 matched, players 5293/6293 matched
2026-08-19 10:49:01,621 INFO ncaa_identity: contest_id=808088 teams 1891/1891 matched, players 5245/5324 matched
2026-08-19 10:49:02,611 INFO ncaa_identity: contest_id=808135 teams 1351/2633 matched, players 3781/7451 matched
2026-08-19 10:49:06,727 INFO ncaa_identity: contest_id=808311 teams 2491/2491 matched, players 6728/7014 matched
2026-08-19 10:49:07,377 INFO ncaa_identity: contest_id=808357 teams 1926/1926 matched, players 5364/5410 matched
2026-08-19 10:49:08,858 INFO ncaa_identity: contest_id=808417 teams 2527/2527 matched, players 6487/7147 matched
2026-08-19 10:49:09,776 INFO ncaa_identity: contest_id=808436 teams 2681/2681 matched, players 7400/7585 matched
2026-08-19 10:49:11,155 INFO ncaa_identity: contest_id=808594 teams 1243/2458 matched, players 3435/6892 matched
2026-08-19 10:49:11,968 INFO ncaa_identity: contest_id=808646 teams 2247/2247 matched, players 6191/6295 matched
2026-08-19 10:49:12,609 INFO ncaa_identity: contest_id=808664 teams 2405/2405 matched, players 6634/6769 matched
2026-08-19 10:49:13,202 INFO ncaa_identity: contest_id=808681 teams 2001/2001 matched, players 5154/5635 matched
2026-08-19 10:49:14,058 INFO ncaa_identity: contest_id=808696 teams 2328/2328 matched, players 6397/6620 matched
2026-08-19 10:49:14,829 INFO ncaa_identity: contest_id=808707 teams 2523/2523 matched, players 6611/7115 matched
2026-08-19 10:49:15,718 INFO ncaa_identity: contest_id=808717 teams 2470/2470 matched, players 6707/6934 matched
2026-08-19 10:49:18,367 INFO ncaa_identity: contest_id=808788 teams 1371/2686 matched, players 3806/7556 matched
2026-08-19 10:49:19,388 INFO ncaa_identity: contest_id=808823 teams 2461/2461 matched, players 936/978 matched
2026-08-19 10:49:21,691 INFO ncaa_identity: contest_id=808966 teams 2688/2688 matched, players 6925/7627 matched
2026-08-19 10:49:25,526 INFO ncaa_identity: contest_id=809117 teams 2970/2970 matched, players 6793/8314 matched
2026-08-19 10:49:26,194 INFO ncaa_identity: contest_id=809162 teams 2372/2372 matched, players 6247/6688 matched
2026-08-19 10:49:27,743 INFO ncaa_identity: contest_id=809253 teams 2778/2778 matched, players 7591/7855 matched
2026-08-19 10:49:29,438 INFO ncaa_identity: contest_id=809340 teams 1408/2723 matched, players 3765/7686 matched
2026-08-19 10:49:30,329 INFO ncaa_identity: contest_id=809359 teams 2882/2882 matched, players 7340/8133 matched
2026-08-19 10:49:31,823 INFO ncaa_identity: contest_id=809401 teams 2615/2615 matched, players 7029/7352 matched
2026-08-19 10:49:33,429 INFO ncaa_identity: contest_id=809589 teams 2364/2364 matched, players 6459/6614 matched
2026-08-19 10:49:34,115 INFO ncaa_identity: contest_id=809602 teams 2429/2429 matched, players 6742/6856 matched
2026-08-19 10:49:37,397 INFO ncaa_identity: contest_id=809649 teams 1355/2614 matched, players 3545/7393 matched
2026-08-19 10:49:41,074 INFO ncaa_identity: contest_id=809813 teams 2166/2166 matched, players 5719/6091 matched
2026-08-19 10:49:42,661 INFO ncaa_identity: contest_id=809867 teams 2892/2892 matched, players 7281/8133 matched
2026-08-19 10:49:44,291 INFO ncaa_identity: contest_id=809954 teams 2425/2425 matched, players 6304/6760 matched
2026-08-19 10:49:48,311 INFO ncaa_identity: contest_id=810146 teams 2302/2302 matched, players 5982/6494 matched
2026-08-19 10:49:50,621 INFO ncaa_identity: contest_id=810187 teams 2798/2798 matched, players 7604/7878 matched
2026-08-19 10:49:53,597 INFO ncaa_identity: contest_id=810271 teams 2132/2132 matched, players 5748/5971 matched
2026-08-19 10:49:56,149 INFO ncaa_identity: contest_id=810329 teams 2419/2419 matched, players 6540/6779 matched
2026-08-19 10:50:00,829 INFO ncaa_identity: contest_id=810463 teams 2200/2200 matched, players 5777/6202 matched
2026-08-19 10:50:01,625 INFO ncaa_identity: contest_id=810480 teams 1908/1908 matched, players 4934/5329 matched
2026-08-19 10:50:02,886 INFO ncaa_identity: contest_id=810500 teams 2162/2162 matched, players 6031/6107 matched
2026-08-19 10:50:05,438 INFO ncaa_identity: contest_id=810534 teams 2606/2606 matched, players 7065/7376 matched
2026-08-19 10:50:07,485 INFO ncaa_identity: contest_id=810575 teams 989/2038 matched, players 2811/5712 matched
2026-08-19 10:50:08,254 INFO ncaa_identity: contest_id=810586 teams 2788/2788 matched, players 7131/7864 matched
2026-08-19 10:50:09,932 INFO ncaa_identity: contest_id=810617 teams 2475/2475 matched, players 6835/6955 matched
2026-08-19 10:50:12,523 INFO ncaa_identity: contest_id=810651 teams 2341/2341 matched, players 5695/6590 matched
2026-08-19 10:50:13,192 INFO ncaa_identity: contest_id=810662 teams 2395/2395 matched, players 6007/6754 matched
2026-08-19 10:50:14,001 INFO ncaa_identity: contest_id=810676 teams 1232/2477 matched, players 3004/6946 matched
2026-08-19 10:50:14,864 INFO ncaa_identity: contest_id=810709 teams 2347/2347 matched, players 6532/6622 matched
2026-08-19 10:50:15,496 INFO ncaa_identity: contest_id=810721 teams 2153/2153 matched, players 5903/6051 matched
2026-08-19 10:50:16,371 INFO ncaa_identity: contest_id=810733 teams 2313/2313 matched, players 6253/6487 matched
2026-08-19 10:50:17,086 INFO ncaa_identity: contest_id=810752 teams 1279/2478 matched, players 3532/6982 matched
2026-08-19 10:50:19,958 INFO ncaa_identity: contest_id=810841 teams 2317/2317 matched, players 5949/6538 matched
2026-08-19 10:50:21,398 INFO ncaa_identity: contest_id=810898 teams 1049/2111 matched, players 2393/5970 matched
2026-08-19 10:50:23,942 INFO ncaa_identity: contest_id=810970 teams 2675/2675 matched, players 6785/7509 matched
2026-08-19 10:50:24,849 INFO ncaa_identity: contest_id=811012 teams 2820/2820 matched, players 7531/7951 matched
2026-08-19 10:50:25,536 INFO ncaa_identity: contest_id=811069 teams 1176/2335 matched, players 3289/6604 matched
2026-08-19 10:50:26,110 INFO ncaa_identity: contest_id=811091 teams 2009/2009 matched, players 5215/5645 matched
2026-08-19 10:50:26,966 INFO ncaa_identity: contest_id=811102 teams 2477/2477 matched, players 6066/6999 matched
2026-08-19 10:50:29,286 INFO ncaa_identity: contest_id=811143 teams 2515/2515 matched, players 6639/7117 matched
2026-08-19 10:50:29,997 INFO ncaa_identity: contest_id=811154 teams 2440/2440 matched, players 6769/6825 matched
2026-08-19 10:50:30,877 INFO ncaa_identity: contest_id=811221 teams 1201/2378 matched, players 3340/6664 matched
2026-08-19 10:50:31,696 INFO ncaa_identity: contest_id=811240 teams 2687/2687 matched, players 7210/7562 matched
2026-08-19 10:50:35,394 INFO ncaa_identity: contest_id=811329 teams 1119/2254 matched, players 2688/6386 matched
2026-08-19 10:50:37,947 INFO ncaa_identity: contest_id=811442 teams 1426/2794 matched, players 3943/7897 matched
2026-08-19 10:50:38,496 INFO ncaa_identity: contest_id=811489 teams 2060/2060 matched, players 5301/5791 matched
2026-08-19 10:50:39,033 INFO ncaa_identity: contest_id=811517 teams 948/1980 matched, players 2743/5545 matched
2026-08-19 10:50:42,739 INFO ncaa_identity: contest_id=811679 teams 1971/1971 matched, players 5333/5539 matched
2026-08-19 10:50:43,420 INFO ncaa_identity: contest_id=811701 teams 2119/2119 matched, players 5509/5929 matched
2026-08-19 10:50:44,228 INFO ncaa_identity: contest_id=811714 teams 2144/2144 matched, players 5854/6048 matched
2026-08-19 10:50:44,884 INFO ncaa_identity: contest_id=811729 teams 2135/2135 matched, players 5964/6000 matched
2026-08-19 10:50:45,476 INFO ncaa_identity: contest_id=811793 teams 888/1707 matched, players 216/456 matched
2026-08-19 10:50:46,493 INFO ncaa_identity: contest_id=811887 teams 2996/2996 matched, players 8417/8465 matched
2026-08-19 10:50:48,157 INFO ncaa_identity: contest_id=811935 teams 2541/2541 matched, players 813/888 matched
2026-08-19 10:50:50,413 INFO ncaa_identity: contest_id=812024 teams 1244/2612 matched, players 3624/7388 matched
2026-08-19 10:50:51,038 INFO ncaa_identity: contest_id=812047 teams 2240/2240 matched, players 5849/6344 matched
2026-08-19 10:50:52,582 INFO ncaa_identity: contest_id=812095 teams 2280/2280 matched, players 6271/6393 matched
2026-08-19 10:50:55,810 INFO ncaa_identity: contest_id=812313 teams 2552/2552 matched, players 6775/7212 matched
2026-08-19 10:50:57,370 INFO ncaa_identity: contest_id=812343 teams 1174/2295 matched, players 3271/6458 matched
2026-08-19 10:50:59,545 INFO ncaa_identity: contest_id=812407 teams 2028/2028 matched, players 4674/5654 matched
2026-08-19 10:51:00,199 INFO ncaa_identity: contest_id=812424 teams 1117/2295 matched, players 3230/6436 matched
2026-08-19 10:51:01,601 INFO ncaa_identity: contest_id=812503 teams 2235/2235 matched, players 5819/6285 matched
2026-08-19 10:51:03,841 INFO ncaa_identity: contest_id=812652 teams 2585/2585 matched, players 7136/7285 matched
2026-08-19 10:51:04,675 INFO ncaa_identity: contest_id=812677 teams 1928/1928 matched, players 639/643 matched
2026-08-19 10:51:09,282 INFO ncaa_identity: contest_id=812849 teams 2516/2516 matched, players 6539/7130 matched
2026-08-19 10:51:10,868 INFO ncaa_identity: contest_id=812998 teams 1160/2326 matched, players 3289/6529 matched
2026-08-19 10:51:11,482 INFO ncaa_identity: contest_id=813027 teams 2196/2196 matched, players 6014/6163 matched
2026-08-19 10:51:12,182 INFO ncaa_identity: contest_id=813049 teams 2409/2409 matched, players 6461/6824 matched
2026-08-19 10:51:12,985 INFO ncaa_identity: contest_id=813084 teams 2062/2062 matched, players 5337/5801 matched
2026-08-19 10:51:13,662 INFO ncaa_identity: contest_id=813112 teams 2385/2385 matched, players 6461/6710 matched
2026-08-19 10:51:14,574 INFO ncaa_identity: contest_id=813153 teams 2798/2798 matched, players 7818/7892 matched
2026-08-19 10:51:15,888 INFO ncaa_identity: contest_id=813196 teams 2539/2539 matched, players 6643/7208 matched
2026-08-19 10:51:16,732 INFO ncaa_identity: contest_id=813221 teams 2295/2295 matched, players 6150/6423 matched
2026-08-19 10:51:19,023 INFO ncaa_identity: contest_id=813376 teams 2674/2674 matched, players 7262/7524 matched
2026-08-2026-08-19 10:51:21,766 INFO ncaa_identity: contest_id=813894 teams 2159/2159 matched, players 5954/6069 matched
2026-08-19 10:51:22,675 INFO ncaa_identity: contest_id=813915 teams 2350/2350 matched, players 6411/6623 m2026-08-2026-08-19 10:51:23,998 INFO ncaa_identity: contest_id=813946 teams 2078/2078 matched, players 5854/5866 m2026-08-2026-08-19 10:51:24,858 INFO ncaa_identity: contest_id=813965 teams 2388/2388 matched, players 6684/6764 m2026-08-19 10:51:25,632 INFO ncaa_identity: contest_id=813633 teams 2145/2145 matched, players 5874/6047 matched
2026-08-19 10:51:27,886 INFO ncaa_identity: contest_id=813773 teams 2131/2131 matched, players 5524/5999 matched
2026-08-19 10:51:29,215 INFO ncaa_identity: contest_id=813891 teams 1985/1985 matched, players 5509/5559 matched
2026-08-19 10:51:29,917 INFO ncaa_identity: contest_id=813907 teams 2367/2367 matched, players 6218/6647 matched
2026-08-19 10:51:30,528 INFO ncaa_identity: contest_id=813931 teams 2256/2256 matched, players 6257/6338 matched
2026-08-19 10:51:34,506 INFO ncaa_identity: contest_id=814070 teams 2608/2608 matched, players 7252/7301 matched
2026-08-2026-08-19 10:51:38,001 INFO ncaa_identity: contest_id=814591 teams 2455/2455 matched, players 6388/6951 matched
2026-08-19 10:51:38,727 INFO ncaa_identity: contest_id=814604 teams 2572/2572 matched, players 6694/7271 matched
2026-08-19 10:51:41,145 INFO ncaa_identity: contest_id=814660 teams 2599/2599 matched, players 6903/7296 matched
2026-08-19 10:51:42,485 INFO ncaa_identity: contest_id=814720 teams 2341/2341 matched, players 6574/6599 matched
2026-08-19 10:51:44,058 INFO ncaa_identity: contest_id=814852 teams 994/1940 matched, players 405/739 matched
2026-08-19 10:51:44,848 INFO ncaa_identity: contest_id=814883 teams 2338/2338 matched, players 5947/6578 matched
2026-08-19 10:51:47,343 INFO ncaa_identity: contest_id=815006 teams 2617/2617 matched, players 6955/7352 matched
2026-08-19 10:51:49,003 INFO ncaa_identity: contest_id=815038 teams 2338/2338 matched, players 5677/6598 matched
2026-08-19 10:51:50,607 INFO ncaa_identity: contest_id=815130 teams 2627/2627 matched, players 7175/7390 matched
2026-08-19 10:51:51,308 INFO ncaa_identity: contest_id=815159 teams 2518/2518 matched, players 6782/7097 matched
2026-08-19 10:51:54,720 INFO ncaa_identity: contest_id=815296 teams 2723/2723 matched, players 7054/7682 matched
2026-08-19 10:51:57,043 INFO ncaa_identity: contest_id=815382 teams 2423/2423 matched, players 6350/6846 matched
2026-08-19 10:51:58,528 INFO ncaa_identity: contest_id=815442 teams 2709/2709 matched, players 7224/7675 matched
2026-08-19 10:51:59,907 INFO ncaa_identity: contest_id=815548 teams 1329/2756 matched, players 3930/7822026-08-19 10:52:02,862 INFO ncaa_identity: contest_id=815379 teams 2475/2475 matched, players 6397/7005 matched
2026-08-19 10:52:03,664 INFO ncaa_identity: contest_id=815397 teams 2588/2588 matched, players 7067/7303 matched
2026-08-19 10:52:05,063 INFO ncaa_identity: contest_id=815451 teams 2238/2238 matched, players 5977/6279 matched
2026-08-19 10:52:05,948 INFO ncaa_identity: contest_id=815498 teams 2478/2478 matched, players 6745/6945 matched
2026-08-19 10:52:06,592 INFO ncaa_identity: contest_id=815637 teams 2139/2139 matched, players 5715/6043 matched
2026-08-19 10:52:07,462 INFO ncaa_identity: contest_id=815670 teams 2856/2856 matched, players 7976/8113 matched
2026-08-19 10:52:08,290 INFO ncaa_identity: contest_id=815681 teams 2003/2003 matched, players 726/728 matched
2026-08-19 102026-08-19 10:52:08,986 INFO ncaa_identity: contest_id=815951 teams 2569/2569 matched, players 6818/72026-08-19 10:52:11,089 INFO ncaa_identity: contest_id=815744 teams 2291/2291 matched, players 6326/6440 matched
2026-08-19 10:52:11,951 INFO ncaa_identity: contest_id=815760 teams 1165/2355 matched, players 3326/6622 matched
2026-08-19 10:52:14,925 INFO ncaa_identity: contest_id=815946 teams 2200/2200 matched, players 6008/6221 matched
2026-08-19 10:52:16,512 INFO ncaa_identity: contest_id=816005 teams 2091/2091 matched, players 5439/5920 matched
2026-08-19 10:52:17,252 INFO ncaa_identity: contest_id=816091 teams 2937/2937 matched, players 7729/8356 matched
2026-08-19 10:52:21,992 INFO ncaa_identity: contest_id=816239 teams 2428/2428 matched, players 6677/6817 matched
2026-08-19 10:52:22,713 INFO ncaa_identity: contest_id=816325 teams 2374/2374 matched, players 6641/6704 matched
2026-08-19 10:52:23,765 INFO ncaa_identity: contest_id=816343 teams 2609/2609 matched, players 6836/7398 matched
2026-08-19 10:52:25,130 INFO ncaa_identity: contest_id=816401 teams 2228/2228 matched, players 5549/6266 matched
2026-08-19 10:52:26,762 INFO ncaa_identity: contest_id=816459 teams 2428/2428 matched, players 6043/6877 matched
2026-08-19 10:52:29,331 INFO ncaa_identity: contest_id=816528 teams 2564/2564 matched, players 6049/7161 matched
2026-08-19 10:52:30,771 INFO ncaa_identity: contest_id=816568 teams 1989/1989 matched, players 5380/5570 matched
2026-08-19 10:52:32,337 INFO ncaa_identity: contest_id=816703 teams 2185/2185 matched, players 6126/6192 matched
2026-08-19 10:52:33,301 INFO ncaa_identity: contest_id=816772 teams 3023/3023 matched, players 7950/8585 matched
2026-08-19 10:52:34,042 INFO ncaa_identity: contest_id=816786 teams 2599/2599 matched, players 7058/7355 matched
2026-08-19 10:52:34,715 INFO ncaa_identity: contest_id=816798 teams 2390/2390 matched, players 6710/6777 matched
2026-08-19 10:52:35,597 INFO ncaa_identity: contest_id=816826 teams 2122/2122 matched, players 5544/6003 matched
2026-08-19 10:52:37,157 INFO ncaa_identity: contest_id=816850 teams 2280/2280 matched, players 6124/6466 matched
2026-08-19 10:52:39,345 INFO ncaa_identity: contest_id=817033 teams 1995/1995 matched, pla2026-08-19 10:52:40,386 2026-08-19 10:52:43,177 INFO ncaa_identity: contest_id=817206 teams 2650/2650 matched, players 6701/7478 matched
2026-08-19 10:52:43,825 INFO ncaa_identity: contest_id=817219 teams 2279/2279 matched, players 5992/6406 matched
2026-08-19 10:52:44,691 INFO ncaa_identity: contest_id=817235 teams 2260/2260 matched, players 6037/6340 matched
2026-08-19 10:52:45,498 INFO ncaa_identity: contest_id=817305 teams 2622/2622 matched, pla2026-08-19 10:52:47,747 INFO ncaa_identity: contest_id=817836 teams 2766/2766 matched, players 7291/7844 matched
2026-08-19 10:52:48,628 INFO ncaa_identity: contest_id=817846 teams 2251/2251 matched, players 5779/6337 matched
2026-08-19 10:52:50,221 INFO ncaa_identity: contest_id=817870 teams 2297/2297 matched, players 6461/6484 matched
2026-08-19 10:52:51,770 INFO ncaa_identity: contest_id=817908 teams 2918/2918 matched, players 7546/8213 matched
2026-08-19 10:52:52,468 INFO ncaa_identity: contest_id=817922 teams 2447/2447 matched, players 6715/6917 matched
2026-08-19 10:52:54,057 INFO ncaa_identity: contest_id=818059 teams 2597/2597 matched, players 7088/7315 matched
2026-08-19 10:52:54,757 INFO ncaa_identity: contest_id=818083 teams 2311/2311 matched, players 6319/6549 matched
2026-08-19 10:52:55,685 INFO ncaa_identity: contest_id=818114 teams 1299/2610 matched, players 3663/7359 matched
2026-08-19 10:52:56,374 2026-08-19 10:52:58,294 INFO ncaa_identity: contest_id=817887 teams 2133/2133 matched, players 5473/5985 matched
2026-08-19 10:53:00,422 INFO ncaa_identity: contest_id=817963 teams 2254/2254 matched, pla2026-08-19 10:53:00,955 2026-08-19 10:53:01,918 INFO ncaa_identity: contest_id=818078 teams 2339/2339 matched, pla2026-08-19 10:53:02,566 2026-08-19 10:53:03,567 INFO ncaa_identity: contest_id=818139 teams 2671/2671 matched, players 7009/7566 matched
2026-08-19 10:53:04,206 INFO ncaa_identity: contest_id=818159 teams 2217/2217 matched, p2026-08-19 10:53:04,819 IN2026-08-19 10:53:05,700 INFO ncaa_identity: contest_id=818262 teams 2251/2251 matched, p2026-08-19 10:53:06,927 INFO ncaa_identity: contest_id=818592 teams 1467/1467 matched, players 368/382 matched
2026-08-19 10:53:10,694 INFO ncaa_identity: contest_id=818767 teams 2456/2456 matched, players 6766/6889 matched
2026-08-19 10:53:12,844 INFO ncaa_identity: contest_id=818905 teams 2523/2523 matched, players 7004/7134 matched
2026-08-19 10:53:14,332 INFO ncaa_identity: contest_id=818944 teams 2703/2703 matched, players 7372/7569 matched
2026-08-19 10:53:15,591 INFO ncaa_identity: contest_id=818972 teams 2056/2056 matched, players 5467/5799 matched
2026-08-19 10:53:16,453 INFO ncaa_identity: contest_id=818988 teams 2442/2442 matched, players 6468/6857 matched
2026-08-19 10:53:17,135 INFO ncaa_identity: contest_id=819015 teams 2225/2225 matched, players 6022/6238 matched
2026-08-19 10:53:17,739 INFO ncaa_identity: contest_id=819111 teams 2204/2204 matched, players 6089/6205 matched
2026-08-19 10:53:21,262 INFO ncaa_identity: contest_id=819233 teams 2292/2292 matched, players 6181/6409 matched
2026-08-19 10:53:22,169 INFO ncaa_identity: contest_id=819247 teams 2553/2553 matched, players 6834/7228 matched
2026-08-19 10:53:24,275 INFO ncaa_identity: contest_id=819334 teams 2105/2105 matched, players 5364/5903 matched
2026-08-19 10:53:26,347 INFO ncaa_identity: contest_id=819437 teams 2064/2064 matched, players 5722/5840 matched
2026-08-19 10:53:29,409 INFO ncaa_identity: contest_id=819500 teams 1154/2278 matched, players 2452/6412 matched
2026-08-19 10:53:30,850 INFO ncaa_identity: contest_id=819528 teams 2364/2364 matched, players 6578/6630 matched
2026-08-19 10:53:33,114 INFO ncaa_identity: contest_id=819590 teams 2168/2168 matched, players 5495/6059 matched
2026-08-19 10:53:36,137 INFO ncaa_identity: contest_id=819718 teams 2622/2622 matched, players 6975/7434 matched
2026-08-19 10:53:39,307 INFO ncaa_identity: contest_id=819777 teams 2195/2195 matched, players 5832/6139 matched
2026-08-19 10:53:40,775 INFO ncaa_identity: contest_id=819810 teams 995/1896 matched, players 2280/5325 matched
2026-08-19 10:53:41,493 INFO ncaa_identity: contest_id=819845 teams 2497/2497 matched, players 6240/7053 matched
2026-08-19 10:53:42,357 INFO ncaa_identity: contest_id=819855 teams 2490/2490 matched, players 6541/6979 matched
2026-08-19 10:53:43,159 INFO ncaa_identity: contest_id=819902 teams 3115/3115 matched, players 8286/8834 matched
2026-08-19 10:53:44,662 INFO ncaa_identity: contest_id=819923 teams 2292/2292 matched, players 5812/6452 matc2026-2026-08-19 10:53:48,986 INFO ncaa_identity: contest_id=820064 teams 2608/2608 matched, players 7122/7370 matched
2026-08-19 10:53:50,536 INFO ncaa_identity: contest_id=820090 teams 2755/2755 matched, players 7689/7790 matched
2026-08-19 10:53:53,421 INFO ncaa_identity: contest_id=820138 teams 2092/2092 matched, players 5510/5845 matched
2026-08-19 10:53:54,872 INFO ncaa_identity: contest_id=820165 teams 1364/2728 matched, players 3783/7711 matched
2026-08-19 10:53:58,078 INFO ncaa_identity: contest_id=820268 teams 2474/2474 matched, players 6937/6963 matched
2026-08-19 10:54:00,312 INFO ncaa_identity: contest_id=820304 teams 1444/2858 matched, players 4077/8100 matched
2026-08-19 10:54:01,064 INFO ncaa_identity: contest_id=820314 teams 2237/2237 matched, players 5804/6315 matched
2026-08-19 10:54:04,687 INFO ncaa_identity: contest_id=820372 teams 2460/2460 matched, players 6438/6930 matched
2026-08-19 10:54:05,997 INFO ncaa_identity: contest_id=820392 teams 2276/2276 matched, players 6322/6439 matched
2026-08-19 10:54:06,935 INFO ncaa_identity: contest_id=820426 teams 2744/2744 matched, players 7141/7748 matched
2026-08-19 10:54:07,599 INFO ncaa_identity: contest_id=820440 teams 2203/2203 matched, players 5896/6196 matched
2026-08-19 10:54:08,534 INFO ncaa_identity: contest_id=820453 teams 2292/2292 matched, players 6327/6469 matched
2026-08-19 10:54:14,445 INFO ncaa_identity: contest_id=820583 teams 1151/2373 matched, players 3299/6644 matched
2026-08-19 10:54:16,603 INFO ncaa_identity: contest_id=820616 teams 2289/2289 matched, players 6158/6458 matched
2026-08-19 10:54:17,248 INFO ncaa_identity: contest_id=820626 teams 2472/2472 matched, players 6838/7009 matched
2026-08-19 10:54:19,089 INFO ncaa_identity: contest_id=820646 teams 2536/2536 matched, players 6854/7128 matched
2026-08-19 10:54:20,531 INFO ncaa_identity: contest_id=820673 teams 2352/2352 matched, players 6083/6612 matched
2026-08-19 10:54:22,951 INFO ncaa_identity: contest_id=622598 teams 1477/2940 matched, players 4146/8308 matched
2026-08-19 10:54:23,932 INFO ncaa_identity: contest_id=622613 teams 1430/2891 matched, players 4056/8150 matched
2026-08-19 10:54:24,630 INFO ncaa_identity: contest_id=622623 teams 2560/2560 matched, players 6346/7190 matched
2026-08-19 10:54:26,087 INFO ncaa_identity: contest_id=622645 teams 2201/2201 matched, players 6144/6235 matched
2026-08-19 10:54:27,701 INFO ncaa_identity: contest_id=622666 teams 2675/2675 matched, players 7535/7555 matched
2026-08-19 10:54:28,482 INFO ncaa_identity: contest_id=622677 teams 2814/2814 matched, players 7659/7950 matched
2026-08-19 10:54:29,463 INFO ncaa_identity: contest_id=622688 teams 2695/2695 matched, players 6529/7596 matched
2026-08-19 10:54:30,222 INFO ncaa_identity: contest_id=622704 teams 2601/2601 matched, players 6676/7359 matched
2026-08-19 10:54:30,864 INFO ncaa_identity: contest_id=622728 teams 1163/2274 matched, players 3193/6367 matched
2026-08-19 10:54:31,712 INFO ncaa_identity: contest_id=622767 teams 2760/2760 matched, players 7083/7794 matched
2026-08-19 10:54:32,432 INFO ncaa_identity: contest_id=622789 teams 2351/2351 matched, players 6510/6669 matched
2026-08-19 10:54:34,100 INFO ncaa_identity: contest_id=622857 teams 2440/2440 matched, players 6742/6924 matched
2026-08-19 10:54:35,048 INFO ncaa_identity: contest_id=622893 teams 1402/2745 matched, players 3935/7743 matched
2026-08-19 10:54:35,794 INFO ncaa_identity: contest_id=622903 teams 2464/2464 matched, players 6549/6960 matched
2026-08-19 10:54:37,416 INFO ncaa_identity: contest_id=622928 teams 3297/3297 matched, players 8834/9390 matched
2026-08-19 10:54:38,329 INFO ncaa_identity: contest_id=622944 teams 2325/2325 matched, players 6302/6534 matched
2026-08-19 10:54:39,667 INFO ncaa_identity: contest_id=622976 teams 2327/2327 matched, players 6399/6546 matched
2026-08-19 10:54:41,122 INFO ncaa_identity: contest_id=622999 teams 2142/2142 matched, players 784/829 matched
2026-08-19 10:54:42,071 INFO ncaa_identity: contest_id=623014 teams 1113/2256 matched, players 434/881 matched
2026-08-19 10:54:43,836 INFO ncaa_identity: contest_id=623050 teams 2965/2965 matched, players 8346/8364 matched
2026-08-19 10:54:45,533 INFO ncaa_identity: contest_id=623095 teams 1202/2402 matched, players 3399/6716 matched
2026-08-19 10:54:46,996 INFO ncaa_identity: contest_id=623126 teams 1460/2873 matched, players 3839/8073 matched
2026-08-19 10:54:47,849 INFO ncaa_identity: contest_id=623137 teams 2332/2332 matched, players 5720/6604 matched
2026-08-19 10:54:49,499 INFO ncaa_identity: contest_id=623190 teams 1294/2529 matched, players 3635/7126 matched
2026-08-19 10:54:50,421 INFO ncaa_identity: contest_id=623215 teams 3494/3494 matched, players 9166/9925 matched
2026-08-19 10:54:51,892 INFO ncaa_identity: contest_id=623290 teams 1990/1990 matched, players 5144/5616 matched
2026-08-19 10:54:55,135 INFO ncaa_identity: contest_id=623459 teams 2530/2530 matched, players 6168/7164 matched
2026-08-19 10:54:57,387 INFO ncaa_identity: contest_id=623586 teams 2536/2536 matched, players 6889/7162 matched
2026-08-19 10:54:58,164 INFO ncaa_identity: contest_id=623603 teams 2665/2665 matched, players 7274/7519 matched
2026-08-19 10:54:59,819 INFO ncaa_identity: contest_id=623872 teams 2433/2433 matched, players 6266/6853 matched
2026-08-19 10:55:01,359 INFO ncaa_identity: contest_id=623895 teams 2532/2532 matched, players 5969/7153 matched
2026-08-19 10:55:02,336 INFO ncaa_identity: contest_id=623905 teams 2388/2388 matched, players 6128/6783 matched
2026-08-19 10:55:08,085 INFO ncaa_identity: contest_id=624103 teams 2595/2595 matched, players 6990/7296 matched
2026-08-19 10:55:08,853 INFO ncaa_identity: contest_id=624128 teams 2214/2214 matched, players 5980/6257 matched
2026-08-19 10:55:10,538 INFO ncaa_identity: contest_id=624171 teams 2695/2695 matched, players 7378/7630 matched
2026-08-19 10:55:11,199 INFO ncaa_identity: contest_id=624236 teams 9/2199 matched, players 0/6164 matched
2026-08-19 10:55:14,337 INFO ncaa_identity: contest_id=624368 teams 1185/2335 matched, players 3385/6616 matched
2026-08-19 10:55:18,080 INFO ncaa_identity: contest_id=624432 teams 2228/2228 matched, players 6058/6299 matched
2026-08-19 10:55:18,728 INFO ncaa_identity: contest_id=624444 teams 2437/2437 matched, players 6401/6925 matched
2026-08-19 10:55:20,369 INFO ncaa_identity: contest_id=624500 teams 1322/2630 matched, players 3798/7435 matched
2026-08-19 10:55:21,278 INFO ncaa_identity: contest_id=624519 teams 2524/2524 matched, players 6599/7129 matched
2026-08-19 10:55:23,601 INFO ncaa_identity: contest_id=624598 teams 2509/2509 matched, players 6508/7056 matched
2026-08-19 10:55:29,220 INFO ncaa_identity: contest_id=624802 teams 2660/2660 matched, players 7011/7502 matched
2026-08-19 10:55:29,858 INFO ncaa_identity: contest_id=624819 teams 1026/2146 matched, players 2956/6040 matched
2026-08-19 10:55:30,693 INFO ncaa_identity: contest_id=624839 teams 1189/2255 matched, players 3215/6340 matched
2026-08-19 10:55:33,072 INFO ncaa_identity: contest_id=624918 teams 2688/2688 matched, players 6789/7635 matched
2026-08-19 10:55:35,137 INFO ncaa_identity: contest_id=625029 teams 2695/2695 matched, players 7021/7603 matched
2026-08-19 10:55:37,892 INFO ncaa_identity: contest_id=625178 teams 2284/2284 matched, players 5930/6455 matched
2026-08-19 10:55:38,673 INFO ncaa_identity: contest_id=625200 teams 2340/2340 matched, players 6066/6556 matched
2026-08-19 10:55:39,461 INFO ncaa_identity: contest_id=625218 teams 2770/2770 matched, players 7710/7877 matched
2026-08-19 10:55:44,172 INFO ncaa_identity: contest_id=625456 teams 1255/2491 matched, players 3486/6987 matched
2026-08-19 10:55:46,382 INFO ncaa_identity: contest_id=625550 teams 2590/2590 matched, players 7116/7315 matched
2026-08-19 10:55:47,168 INFO ncaa_identity: contest_id=625572 teams 2515/2515 matched, players 6780/7089 matched
2026-08-19 10:55:48,187 INFO ncaa_identity: contest_id=625611 teams 2932/2932 matched, players 7922/8302 matched
2026-08-19 10:55:50,764 INFO ncaa_identity: contest_id=625702 teams 2546/2546 matched, players 6747/7129 matched
2026-08-19 10:55:51,692 INFO ncaa_identity: contest_id=625725 teams 2541/2541 matched, players 6987/7204 matched
2026-08-19 10:55:53,720 INFO ncaa_identity: contest_id=625894 teams 1233/2487 matched, players 3547/6985 matched
2026-08-19 10:55:55,875 INFO ncaa_identity: contest_id=625969 teams 2267/2267 matched, players 5647/6418 matched
2026-08-19 10:55:56,544 INFO ncaa_identity: contest_id=625981 teams 2304/2304 matched, players 5733/6505 matched
2026-08-19 10:55:59,809 INFO ncaa_identity: contest_id=626102 teams 2699/2699 matched, players 6552/7571 matched
2026-08-19 10:56:02,374 INFO ncaa_identity: contest_id=626206 teams 1191/2307 matched, players 3236/6476 matched
2026-08-19 10:56:05,101 INFO ncaa_identity: contest_id=626326 teams 2529/2529 matched, players 6788/7117 matched
2026-08-19 10:56:06,383 INFO ncaa_identity: contest_id=626425 teams 2188/2188 matched, players 5085/6193 matched
2026-08-19 10:56:12,432 INFO ncaa_identity: contest_id=626739 teams 2232/2232 matched, players 5947/6307 matched
2026-08-19 10:56:13,245 INFO ncaa_identity: contest_id=626759 teams 2676/2676 matched, players 6916/7574 matched
2026-08-19 10:56:14,871 INFO ncaa_identity: contest_id=626930 teams 3032/3032 matched, players 7977/8588 matched
2026-08-19 10:56:16,392 INFO ncaa_identity: contest_id=626955 teams 2091/2091 matched, players 5671/5838 matched
2026-08-19 10:56:18,694 INFO ncaa_identity: contest_id=627019 teams 1241/2509 matched, players 3231/7098 matched
2026-08-19 10:56:19,457 INFO ncaa_identity: contest_id=627071 teams 1297/2558 matched, players 3674/7212 matched
2026-08-19 10:56:22,184 INFO ncaa_identity: contest_id=627166 teams 3060/3060 matched, players 8276/8628 matched
2026-08-19 10:56:22,944 INFO ncaa_identity: contest_id=627229 teams 2758/2758 matched, players 7151/7796 matched
2026-08-19 10:56:23,854 INFO ncaa_identity: contest_id=627266 teams 2865/2865 matched, players 7892/8137 matched
2026-08-19 10:56:24,580 INFO ncaa_identity: contest_id=627298 teams 2601/2601 matched, players 6984/7352 matched
2026-08-19 10:56:26,328 INFO ncaa_identity: contest_id=627419 teams 1506/2998 matched, players 4261/8453 matched
2026-08-19 10:56:29,606 INFO ncaa_identity: contest_id=627488 teams 2517/2517 matched, players 6985/7077 matched
2026-08-19 10:56:30,358 INFO ncaa_identity: contest_id=627501 teams 2698/2698 matched, players 7108/7636 matched
2026-08-19 10:56:31,918 INFO ncaa_identity: contest_id=627561 teams 2076/2076 matched, players 5369/5867 matched
2026-08-19 10:56:33,705 INFO ncaa_identity: contest_id=627637 teams 2494/2494 matched, players 6849/7042 matched
2026-08-19 10:56:35,329 INFO ncaa_identity: contest_id=627671 teams 2538/2538 matched, players 6972/7146 matched
2026-08-19 10:56:36,033 INFO ncaa_identity: contest_id=627724 teams 2466/2466 matched, players 6555/6972 matched
2026-08-19 10:56:39,204 INFO ncaa_identity: contest_id=627854 teams 2420/2420 matched, players 6354/6812 matched
2026-08-19 10:56:39,798 INFO ncaa_identity: contest_id=627874 teams 2128/2128 matched, players 5514/6000 matched
2026-08-19 10:56:43,468 INFO ncaa_identity: contest_id=627943 teams 2202/2202 matched, players 4559/6143 matched
2026-08-19 10:56:44,483 INFO ncaa_identity: contest_id=627953 teams 1580/3062 matched, players 3586/8643 matched
2026-08-19 10:56:47,829 INFO ncaa_identity: contest_id=627998 teams 2798/2798 matched, players 7464/7873 matched
2026-08-19 10:56:48,776 INFO ncaa_identity: contest_id=628014 teams 2626/2626 matched, players 7121/7406 matched
2026-08-19 10:56:50,988 INFO ncaa_identity: contest_id=628050 teams 2495/2495 matched, players 6824/7028 matched
2026-08-19 10:56:53,492 INFO ncaa_identity: contest_id=628088 teams 2170/2170 matched, players 5794/6081 matched
2026-08-19 10:56:58,263 INFO ncaa_identity: contest_id=628210 teams 2597/2597 matched, players 6949/7360 matched
2026-08-19 10:57:00,876 INFO ncaa_identity: contest_id=628251 teams 2938/2938 matched, players 7855/8315 matched
2026-08-19 10:57:01,613 INFO ncaa_identity: contest_id=628265 teams 2373/2373 matched, players 6213/6654 matched
2026-08-19 10:57:02,647 INFO ncaa_identity: contest_id=628301 teams 2882/2882 matched, players 7666/8143 matched
2026-08-19 10:57:03,336 INFO ncaa_identity: contest_id=628343 teams 1122/2344 matched, players 3297/6609 matched
2026-08-19 10:57:04,077 INFO ncaa_identity: contest_id=628397 teams 2392/2392 matched, players 6320/6727 matched
2026-08-19 10:57:04,984 INFO ncaa_identity: contest_id=628415 teams 2323/2323 matched, players 6366/6474 matched
2026-08-19 10:57:07,153 INFO ncaa_identity: contest_id=628482 teams 1116/2312 matched, players 3197/6518 matched
2026-08-19 10:57:08,990 INFO ncaa_identity: contest_id=628549 teams 2487/2487 matched, players 6554/7036 matched
2026-08-19 10:57:09,684 INFO ncaa_identity: contest_id=628573 teams 2645/2645 matched, players 7255/7493 matched
2026-08-19 10:57:11,284 INFO ncaa_identity: contest_id=628617 teams 1287/2570 matched, players 3295/7234 matched
2026-08-19 10:57:14,561 INFO ncaa_identity: contest_id=628727 teams 2776/2776 matched, players 6649/7865 matched
2026-08-19 10:57:16,086 INFO ncaa_identity: contest_id=628800 teams 2197/2197 matched, players 651/737 matched
2026-08-19 10:57:18,222 INFO ncaa_identity: contest_id=628854 teams 2299/2299 matched, players 5928/6500 matched
2026-08-19 10:57:20,684 INFO ncaa_identity: contest_id=628981 teams 2003/2003 matched, players 5197/5592 matched
2026-08-19 10:57:22,336 INFO ncaa_identity: contest_id=629078 teams 1368/2681 matched, players 3809/7587 matched
2026-08-19 10:57:23,949 INFO ncaa_identity: contest_id=629134 teams 2120/2120 matched, players 4978/5948 matched
2026-08-19 10:57:26,843 INFO ncaa_identity: contest_id=629254 teams 2808/2808 matched, players 7719/7951 matched
2026-08-19 10:57:27,721 INFO ncaa_identity: contest_id=629279 teams 2753/2753 matched, players 7351/7790 matched
2026-08-19 10:57:29,247 INFO ncaa_identity: contest_id=629455 teams 2632/2632 matched, players 6951/7431 matched
2026-08-19 10:57:32,225 INFO ncaa_identity: contest_id=629504 teams 2305/2305 matched, players 6495/6517 matched
2026-08-19 10:57:33,753 INFO ncaa_identity: contest_id=629552 teams 2229/2229 matched, players 5321/6285 matched
2026-08-19 10:57:34,679 INFO ncaa_identity: contest_id=629573 teams 2688/2688 matched, players 7387/7620 matched
2026-08-19 10:57:36,102 INFO ncaa_identity: contest_id=629654 teams 2105/2105 matched, players 656/697 matched
2026-08-19 10:57:36,884 INFO ncaa_identity: contest_id=629728 teams 2203/2203 matched, players 5881/6188 matched
2026-08-19 10:57:38,936 INFO ncaa_identity: contest_id=629896 teams 1731/1731 matched, players 649/651 matched
2026-08-19 10:57:40,233 INFO ncaa_identity: contest_id=629936 teams 1850/1850 matched, players 5089/5177 matched
2026-08-19 10:57:41,716 INFO ncaa_identity: contest_id=629970 teams 2374/2374 matched, players 6374/6690 matched
2026-08-19 10:57:42,408 INFO ncaa_identity: contest_id=629988 teams 2302/2302 matched, players 6256/6457 matched
2026-08-19 10:57:43,967 INFO ncaa_identity: contest_id=630149 teams 2183/2183 matched, players 5548/6166 matched
2026-08-19 10:57:44,945 INFO ncaa_identity: contest_id=630190 teams 2515/2515 matched, players 6695/7121 matched
2026-08-19 10:57:47,815 INFO ncaa_identity: contest_id=630310 teams 2038/2038 matched, players 5337/5740 matched
2026-08-19 10:57:48,569 INFO ncaa_identity: contest_id=630335 teams 2712/2712 matched, players 6716/7682 matched
2026-08-19 10:57:49,439 INFO ncaa_identity: contest_id=630364 teams 2140/2140 matched, players 5844/5991 matched
2026-08-19 10:57:51,033 INFO ncaa_identity: contest_id=630413 teams 2214/2214 matched, players 5333/6269 matched
2026-08-19 10:57:51,703 INFO ncaa_identity: contest_id=630538 teams 2330/2330 matched, players 6144/6526 matched
2026-08-19 10:57:53,243 INFO ncaa_identity: contest_id=630606 teams 2077/2077 matched, players 5709/5833 matched
2026-08-19 10:57:54,804 INFO ncaa_identity: contest_id=630628 teams 2367/2367 matched, players 6195/6691 matched
2026-08-19 10:57:57,734 INFO ncaa_identity: contest_id=630694 teams 2440/2440 matched, players 6295/6871 matched
2026-08-19 10:57:59,205 INFO ncaa_identity: contest_id=630778 teams 2198/2198 matched, players 5122/6201 matched
2026-08-19 10:58:01,354 INFO ncaa_identity: contest_id=630944 teams 2274/2274 matched, players 5880/6416 matched
2026-08-19 10:58:03,085 INFO ncaa_identity: contest_id=631046 teams 2491/2491 matched, players 6414/7047 matched
2026-08-19 10:58:05,338 INFO ncaa_identity: contest_id=631094 teams 2199/2199 matched, players 5858/6205 matched
2026-08-19 10:58:09,800 INFO ncaa_identity: contest_id=631328 teams 2340/2340 matched, players 6219/6605 matched
2026-08-19 10:58:10,789 INFO ncaa_identity: contest_id=631362 teams 2757/2757 matched, players 7295/7800 matched
2026-08-19 10:58:12,540 INFO ncaa_identity: contest_id=631425 teams 2617/2617 matched, players 7099/7399 matched
2026-08-19 10:58:14,056 INFO ncaa_identity: contest_id=631490 teams 2695/2695 matched, players 7488/7572 matched
2026-08-19 10:58:16,276 INFO ncaa_identity: contest_id=631687 teams 941/1847 matched, players 276/491 matched
2026-08-19 10:58:16,877 INFO ncaa_identity: contest_id=631702 teams 2072/2072 matched, players 5720/5832 matched
2026-08-19 10:58:17,452 INFO ncaa_identity: contest_id=631714 teams 1804/1804 matched, players 4995/5037 matched
2026-08-19 10:58:18,926 INFO ncaa_identity: contest_id=631739 teams 2474/2474 matched, players 5653/6966 matched
2026-08-19 10:58:21,028 INFO ncaa_identity: contest_id=631805 teams 2653/2653 matched, players 7268/7455 matched
2026-08-19 10:58:22,020 INFO ncaa_identity: contest_id=631825 teams 2812/2812 matched, players 6972/7944 matched
2026-08-19 10:58:23,621 INFO ncaa_identity: contest_id=631955 teams 2348/2348 matched, players 6352/6569 matched
2026-08-19 10:58:24,318 INFO ncaa_identity: contest_id=632014 teams 2299/2299 matched, players 6161/6463 matched
2026-08-19 10:58:25,780 INFO ncaa_identity: contest_id=632147 teams 2716/2716 matched, players 6375/7722 matched
2026-08-19 10:58:28,717 INFO ncaa_identity: contest_id=632204 teams 2266/2266 matched, players 5274/6363 matched
2026-08-19 10:58:29,452 INFO ncaa_identity: contest_id=632221 teams 3005/3005 matched, players 8023/8541 matched
2026-08-19 10:58:30,173 INFO ncaa_identity: contest_id=632232 teams 2373/2373 matched, players 5913/6671 matched
2026-08-19 10:58:31,080 INFO ncaa_identity: contest_id=632299 teams 2605/2605 matched, players 7108/7361 matched
2026-08-19 10:58:32,449 INFO ncaa_identity: contest_id=632397 teams 2101/2101 matched, players 5836/5907 matched
2026-08-19 10:58:33,223 INFO ncaa_identity: contest_id=632441 teams 1355/2717 matched, players 3802/7677 matched
2026-08-19 10:58:35,491 INFO ncaa_identity: contest_id=632524 teams 2208/2208 matched, players 5696/6244 matched
2026-08-19 10:58:36,318 INFO ncaa_identity: contest_id=632555 teams 2237/2237 matched, players 5924/6335 matched
2026-08-19 10:58:38,050 INFO ncaa_identity: contest_id=632608 teams 2371/2371 matched, players 6065/6682 matched
2026-08-19 10:58:40,916 INFO ncaa_identity: contest_id=632824 teams 2100/2100 matched, players 4732/5865 matched
2026-08-19 10:58:43,020 INFO ncaa_identity: contest_id=632859 teams 2252/2252 matched, players 6015/6360 matched
2026-08-19 10:58:43,976 INFO ncaa_identity: contest_id=632887 teams 2991/2991 matched, players 7903/8414 matched
2026-08-19 10:58:46,954 INFO ncaa_identity: contest_id=632997 teams 2393/2393 matched, players 6380/6743 matched
2026-08-19 10:58:51,733 INFO ncaa_identity: contest_id=633244 teams 2299/2299 matched, players 6357/6471 matched
2026-08-19 10:58:52,937 INFO ncaa_identity: contest_id=633267 teams 1078/2156 matched, players 3035/6096 matched
2026-08-19 10:58:55,197 INFO ncaa_identity: contest_id=633396 teams 2421/2421 matched, players 6542/6806 matched
2026-08-19 10:58:56,704 INFO ncaa_identity: contest_id=633496 teams 2323/2323 matched, players 6294/6536 matched
2026-08-19 10:59:01,309 INFO ncaa_identity: contest_id=633674 teams 2055/2055 matched, players 5197/5789 matched
2026-08-19 10:59:03,716 INFO ncaa_identity: contest_id=633799 teams 2987/2987 matched, players 7822/8449 matched
2026-08-19 10:59:05,805 INFO ncaa_identity: contest_id=633935 teams 1866/1866 matched, players 4411/5217 matched
2026-08-19 10:59:07,269 INFO ncaa_identity: contest_id=633960 teams 2098/2098 matched, players 5860/5897 matched
2026-08-19 10:59:07,954 INFO ncaa_identity: contest_id=633982 teams 1292/2649 matched, players 3731/7450 matched
2026-08-19 10:59:09,535 INFO ncaa_identity: contest_id=634017 teams 2272/2272 matched, players 5055/6424 matched
2026-08-19 10:59:11,542 INFO ncaa_identity: contest_id=634177 teams 1060/2149 matched, players 3031/6021 matched
2026-08-19 10:59:13,629 INFO ncaa_identity: contest_id=634336 teams 2264/2264 matched, players 6076/6395 matched
2026-08-19 10:59:14,312 INFO ncaa_identity: contest_id=634354 teams 2198/2198 matched, players 5899/6154 matched
2026-08-19 10:59:18,120 INFO ncaa_identity: contest_id=634496 teams 2015/2015 matched, players 855/876 matched
2026-08-19 10:59:18,950 INFO ncaa_identity: contest_id=634543 teams 2528/2528 matched, players 7106/7121 matched
2026-08-19 10:59:19,697 INFO ncaa_identity: contest_id=634568 teams 2811/2811 matched, players 7488/7957 matched
2026-08-19 10:59:20,558 INFO ncaa_identity: contest_id=634593 teams 2572/2572 matched, players 7020/7259 matched
2026-08-19 10:59:22,036 INFO ncaa_identity: contest_id=634653 teams 2351/2351 matched, players 6629/6655 matched
2026-08-19 10:59:23,576 INFO ncaa_identity: contest_id=634694 teams 2106/2106 matched, players 5442/5911 matched
2026-08-19 10:59:25,824 INFO ncaa_identity: contest_id=634829 teams 2251/2251 matched, players 5964/6334 matched
2026-08-19 10:59:28,256 INFO ncaa_identity: contest_id=634942 teams 2279/2279 matched, players 6272/6444 matched
2026-08-19 10:59:28,884 INFO ncaa_identity: contest_id=634956 teams 1230/2461 matched, players 2947/6911 matched
2026-08-19 10:59:30,467 INFO ncaa_identity: contest_id=634982 teams 2729/2729 matched, players 7071/7724 matched
2026-08-19 10:59:31,008 INFO ncaa_identity: contest_id=635034 teams 1845/1845 matched, players 5081/5201 matched
2026-08-19 10:59:31,792 INFO ncaa_identity: contest_id=635046 teams 2226/2226 matched, players 6086/6323 matched
2026-08-19 10:59:34,667 INFO ncaa_identity: contest_id=635264 teams 2335/2335 matched, players 6210/6592 matched
2026-08-19 10:59:36,095 INFO ncaa_identity: contest_id=635386 teams 2226/2226 matched, players 6097/6303 matched
2026-08-19 10:59:38,313 INFO ncaa_identity: contest_id=635431 teams 1925/1925 matched, players 5266/5408 matched
2026-08-19 10:59:39,139 INFO ncaa_identity: contest_id=635446 teams 2398/2398 matched, players 6432/6811 matched
2026-08-19 10:59:41,390 INFO ncaa_identity: contest_id=635561 teams 2519/2519 matched, players 6864/7081 matched
2026-08-19 10:59:42,020 INFO ncaa_identity: contest_id=635622 teams 2220/2220 matched, players 5777/6248 matched
2026-08-19 10:59:43,707 INFO ncaa_identity: contest_id=635678 teams 2706/2706 matched, players 6774/7594 matched
2026-08-19 10:59:45,148 INFO ncaa_identity: contest_id=635741 teams 2151/2151 matched, players 5716/6018 matched
2026-08-19 10:59:45,804 INFO ncaa_identity: contest_id=635764 teams 2421/2421 matched, players 6313/6900 matched
2026-08-19 10:59:46,506 INFO ncaa_identity: contest_id=635797 teams 2127/2127 matched, players 5835/5997 matched
2026-08-19 10:59:51,629 INFO ncaa_identity: contest_id=636069 teams 2280/2280 matched, players 6218/6459 matched
2026-08-19 10:59:53,169 INFO ncaa_identity: contest_id=636091 teams 2425/2425 matched, players 5772/6875 matched
2026-08-19 10:59:55,231 INFO ncaa_identity: contest_id=636131 teams 2194/2194 matched, players 5939/6164 matched
2026-08-19 10:59:57,231 INFO ncaa_identity: contest_id=636264 teams 2369/2369 matched, players 5372/6743 matched
2026-08-19 10:59:57,965 INFO ncaa_identity: contest_id=636279 teams 1232/2454 matched, players 3466/6916 matched
2026-08-19 10:59:58,917 INFO ncaa_identity: contest_id=636298 teams 1383/2719 matched, players 3900/7714 matched
2026-08-19 10:59:59,707 INFO ncaa_identity: contest_id=636335 teams 2660/2660 matched, players 7105/7521 matched
2026-08-19 11:00:00,607 INFO ncaa_identity: contest_id=636365 teams 2496/2496 matched, players 6427/7066 matched
2026-08-19 11:00:01,944 INFO ncaa_identity: contest_id=636392 teams 2432/2432 matched, players 6274/6827 matched
2026-08-19 11:00:02,829 INFO ncaa_identity: contest_id=636406 teams 2286/2286 matched, players 6084/6457 matched
2026-08-19 11:00:04,397 INFO ncaa_identity: contest_id=636495 teams 2197/2197 matched, players 5286/6192 matched
2026-08-19 11:00:05,041 INFO ncaa_identity: contest_id=636511 teams 2244/2244 matched, players 6263/6328 matched
2026-08-19 11:00:05,697 INFO ncaa_identity: contest_id=636592 teams 2156/2156 matched, players 5798/6042 matched
2026-08-19 11:00:07,210 INFO ncaa_identity: contest_id=636626 teams 1216/2451 matched, players 3299/6948 matched
2026-08-19 11:00:09,628 INFO ncaa_identity: contest_id=636681 teams 2256/2256 matched, players 5971/6339 matched
2026-08-19 11:00:10,402 INFO ncaa_identity: contest_id=636699 teams 2221/2221 matched, players 5569/6238 matched
2026-08-19 11:00:11,952 INFO ncaa_identity: contest_id=636730 teams 2242/2242 matched, players 6210/6331 matched
2026-08-19 11:00:12,611 INFO ncaa_identity: contest_id=636869 teams 2242/2242 matched, players 6219/6279 matched
2026-08-19 11:00:14,005 INFO ncaa_identity: contest_id=636889 teams 2009/2009 matched, players 5236/5628 matched
2026-08-19 11:00:16,215 INFO ncaa_identity: contest_id=636933 teams 2373/2373 matched, players 6075/6665 matched
2026-08-19 11:00:16,832 INFO ncaa_identity: contest_id=636943 teams 1849/1849 matched, players 4621/5164 matched
2026-08-19 11:00:17,733 INFO ncaa_identity: contest_id=636953 teams 2255/2255 matched, players 5914/6341 matched
2026-08-19 11:00:19,287 INFO ncaa_identity: contest_id=637016 teams 2553/2553 2026-08-19 11:00:20,727 INFO ncaa_id2026-08-19 11:00:23,228 INFO ncaa_identity: contest_id=637132 teams 2343/2343 2026-08-19 11:00:23,498 INFO ncaa_id2026-08-19 11:00:26,002 INFO ncaa_identity: contest_id=637182 teams 2596/2596 2026-08-19 11:00:28,663 INFO ncaa_identity: contest_id=637570 teams 2125/2125 matched, players 5848/5984 matched
2026-08-19 11:00:32,220 INFO ncaa_identity: contest_id=637653 teams 912/1876 matched, players 2622/5269 matched
2026-08-19 11:00:33,679 INFO ncaa_identity: contest_id=637692 teams 2099/2099 matched, players 5497/5921 matched
2026-08-19 11:00:35,939 INFO ncaa_identity: contest_id=637724 teams 2291/2291 matched, players 6407/6411 matched
2026-08-19 11:00:36,699 INFO ncaa_identity: contest_id=637752 teams 2570/2570 matched, players 6848/7223 matched
2026-08-19 11:00:37,442 INFO ncaa_ide2026-08-19 11:00:37,683 INFO ncaa_identity: contest_id=637535 teams 2301/23012026-08-19 11:00:39,767 INFO ncaa_ide2026-08-19 11:00:50,629 INFO ncaa_identity: contest_id=637793 teams 2332/2332 matched, players 6376/6595 matched
2026-08-19 11:00:54,406 INFO ncaa_identity: contest_id=637877 teams 2360/2360 matched, players 6551/6681 matched
2026-08-19 11:00:55,123 INFO ncaa_identity: contest_id=637887 teams 2396/2396 matched, players 6440/6778 matched
2026-08-19 11:00:57,957 INFO ncaa_identity: contest_id=637927 teams 2498/2498 matched, players 6154/7012 matched
2026-08-19 11:00:59,487 INFO ncaa_identity: contest_id=637961 teams 2216/2216 matched, players 5681/6212 matched
2026-08-19 11:01:00,137 INFO ncaa_identity: contest_id=637979 teams 2313/2313 matched, players 6511/6535 matched
2026-08-19 11:01:01,032 INFO ncaa_identity: contest_id=637989 teams 2425/2425 matched, players 6450/6807 matched
2026-08-19 11:01:02,452 INFO ncaa_identity: contest_id=638020 teams 2014/2014 matched, players 5307/5687 matched
2026-08-19 11:01:03,825 INFO ncaa_identity: contest_id=638040 teams 2039/2039 matched, players 4581/5691 matched
2026-08-19 11:01:04,404 INFO ncaa_identity: contest_id=638050 teams 1872/1872 matched, players 5038/5307 matched
2026-08-19 11:01:04,950 INFO ncaa_identity: contest_id=638060 teams 2002/2002 matched, players 5312/5641 matched
2026-08-19 11:01:05,751 INFO ncaa_identity: contest_id=638070 teams 1883/1883 matched, players 717/719 matched
2026-08-19 11:01:12,547 INFO ncaa_identity: contest_id=638232 teams 1188/2409 matched, players 3003/6789 matched
2026-08-19 11:01:16,136 INFO ncaa_identity: contest_id=638282 teams 2126/2126 matched, players 5706/5985 matched
2026-08-19 11:01:17,088 INFO ncaa_identity: contest_id=638292 teams 2741/2741 matched, players 6964/7742 matched
2026-08-19 11:01:17,702 INFO ncaa_identity: contest_id=638302 teams 2037/2037 matched, players 5566/5725 matched
2026-08-19 11:01:22,313 INFO ncaa_identity: contest_id=541402 teams 1250/2482 matched, players 3537/7008 matched
2026-08-19 11:01:23,142 INFO ncaa_identity: contest_id=541412 teams 2378/2378 matched, players 6396/6758 matched
2026-08-19 11:01:23,888 INFO ncaa_identity: contest_id=541422 teams 2273/2273 matched, players 6166/6432 matched
2026-08-19 11:01:24,690 INFO ncaa_identity: contest_id=541434 teams 2889/2889 matched, players 7740/8145 matched
2026-08-19 11:01:25,585 INFO ncaa_identity: contest_id=541444 teams 2521/2521 matched, players 6611/7082 matched
2026-08-19 11:01:26,447 INFO ncaa_identity: contest_id=541455 teams 3317/3317 matched, players 9002/9360 matched
2026-08-19 11:01:27,459 INFO ncaa_identity: contest_id=541466 teams 1847/3672 matched, players 5164/10454 matched
2026-08-19 11:01:28,203 INFO ncaa_identity: contest_id=541476 teams 2675/2675 matched, players 7165/7567 matched
2026-08-19 11:01:28,983 INFO ncaa_identity: contest_id=541488 teams 2241/2241 matched, players 6075/6297 matched
2026-08-19 11:01:29,807 INFO ncaa_identity: contest_id=541502 teams 1478/3098 matched, players 4401/8773 matched
2026-08-19 11:01:30,707 INFO ncaa_identity: contest_id=541526 teams 1354/2603 matched, players 3768/7341 matched
2026-08-19 11:01:31,350 INFO ncaa_identity: contest_id=541537 teams 1211/2298 matched, players 2601/6523 matched
2026-08-19 11:01:32,262 INFO ncaa_identity: contest_id=541570 teams 2520/2520 matched, players 6448/7132 matched
2026-08-19 11:01:32,937 INFO ncaa_identity: contest_id=541592 teams 2010/2010 matched, players 5366/5643 matched
2026-08-19 11:01:34,468 INFO ncaa_identity: contest_id=541631 teams 1402/2814 matched, players 3944/7933 matched
2026-08-19 11:01:37,683 INFO ncaa_identity: contest_id=541739 teams 3113/3113 matched, players 8528/8751 matched
2026-08-19 11:01:38,411 INFO ncaa_identity: contest_id=541750 teams 2540/2540 matched, players 6076/7156 matched
2026-08-19 11:01:42,531 INFO ncaa_identity: contest_id=541823 teams 2258/2258 matched, players 5949/6357 matched
2026-08-19 11:01:43,551 INFO ncaa_identity: contest_id=541839 teams 1457/2812 matched, players 3992/7923 matched
2026-08-19 11:01:44,328 INFO ncaa_identity: contest_id=541855 teams 2962/2962 matched, players 8320/8382 matched
2026-08-19 11:01:45,156 INFO ncaa_identity: contest_id=541867 teams 2130/2130 matched, players 5963/5979 matched
2026-08-19 11:01:47,358 INFO ncaa_identity: contest_id=541932 teams 2419/2419 matched, players 6204/6827 matched
2026-08-19 11:01:48,109 INFO ncaa_identity: contest_id=541943 teams 2717/2717 matched, players 7058/7655 matched
2026-08-19 11:01:49,047 INFO ncaa_identity: contest_id=541953 teams 2500/2500 matched, players 5770/7034 matched
2026-08-19 11:01:49,787 INFO ncaa_identity: contest_id=541989 teams 2573/2573 matched, players 6712/7229 matched
2026-08-19 11:01:52,287 INFO ncaa_identity: contest_id=542020 teams 2499/2499 matched, players 6903/7036 matched
2026-08-19 11:01:52,925 INFO ncaa_identity: contest_id=542036 teams 1137/2274 matched, players 2624/6383 matched
2026-08-19 11:01:54,636 INFO ncaa_identity: contest_id=542083 teams 2628/2628 matched, players 6586/7404 matched
2026-08-19 11:01:56,192 INFO ncaa_identity: contest_id=542128 teams 2819/2819 matched, players 6359/7936 matched
2026-08-19 11:01:56,979 INFO ncaa_identity: contest_id=542227 teams 2904/2904 matched, players 7963/8206 matched
2026-08-19 11:01:57,778 INFO ncaa_identity: contest_id=542307 teams 2141/2141 matched, players 5767/6022 matched
2026-08-19 11:01:58,534 INFO ncaa_identity: contest_id=542337 teams 2776/2776 matched, players 7317/7840 matched
2026-08-19 11:02:00,321 INFO ncaa_identity: contest_id=542373 teams 1241/2452 matched, players 3511/6942 matched
2026-08-19 11:02:01,090 INFO ncaa_identity: contest_id=542533 teams 2184/2184 matched, players 5947/6125 matched
2026-08-19 11:02:02,768 INFO ncaa_identity: contest_id=542662 teams 2540/2540 matched, players 7051/7135 matched
2026-08-19 11:02:04,238 INFO ncaa_identity: contest_id=542687 teams 2567/2567 matched, players 6751/7272 matched
2026-08-19 11:02:05,171 INFO ncaa_identity: contest_id=542703 teams 2675/2675 matched, players 6593/7500 matched
2026-08-19 11:02:06,499 INFO ncaa_identity: contest_id=542770 teams 2245/2245 matched, players 5814/6362 matched
2026-08-19 11:02:07,177 INFO ncaa_identity: contest_id=542782 teams 2487/2487 matched, players 6458/7027 matched
2026-08-19 11:02:08,150 INFO ncaa_identity: contest_id=542795 teams 1251/2557 matched, players 3558/7162 matched
2026-08-19 11:02:09,721 INFO ncaa_identity: contest_id=542862 teams 2327/2327 matched, players 6235/6562 matched
2026-08-19 11:02:11,982 INFO ncaa_identity: contest_id=542993 teams 2504/2504 matched, players 6892/7089 matched
2026-08-19 11:02:15,428 INFO ncaa_identity: contest_id=543100 teams 1320/2614 matched, players 3111/7394 matched
2026-08-19 11:02:17,635 INFO ncaa_identity: contest_id=543173 teams 2388/2388 matched, players 6676/6748 matched
2026-08-19 11:02:19,425 INFO ncaa_identity: contest_id=543256 teams 1335/2626 matched, players 3703/7353 matched
2026-08-19 11:02:20,210 INFO ncaa_identity: contest_id=543274 teams 2926/2926 matched, players 7727/8287 matched
2026-08-19 11:02:21,173 INFO ncaa_identity: contest_id=543310 teams 1062/2099 matched, players 391/753 matched
2026-08-19 11:02:21,933 INFO ncaa_identity: contest_id=543366 teams 2396/2396 matched, players 6614/6759 matched
2026-08-19 11:02:24,082 INFO ncaa_identity: contest_id=543438 teams 2207/2207 matched, players 5943/6247 matched
2026-08-19 11:02:24,951 INFO ncaa_identity: contest_id=543464 teams 2589/2589 matched, players 6953/7318 matched
2026-08-19 11:02:25,615 INFO ncaa_identity: contest_id=543497 teams 2444/2444 matched, players 6591/6874 matched
2026-08-19 11:02:27,339 INFO ncaa_identity: contest_id=543680 teams 1403/2886 matched, players 3523/8207 matched
2026-08-19 11:02:27,989 INFO ncaa_identity: contest_id=543712 teams 2420/2420 matched, players 5959/6873 matched
2026-08-19 11:02:29,697 INFO 5 starters not found for period 3; using estimate
2026-08-19 11:02:30,564 INFO ncaa_identity: contest_id=543747 teams 2652/2652 matched, players 7393/7491 matched
2026-08-19 11:02:31,315 INFO ncaa_identity: contest_id=543779 teams 2367/2367 matched, players 5622/6634 matched
2026-08-19 11:02:32,008 INFO ncaa_identity: contest_id=543791 teams 2434/2434 matched, players 6516/6871 matched
2026-08-19 11:02:32,968 INFO ncaa_identity: contest_id=543833 teams 1452/2847 matched, players 3992/8063 matched
2026-08-19 11:02:33,805 INFO ncaa_identity: contest_id=543875 teams 1551/3166 matched, players 4017/8956 matched
2026-08-19 11:02:34,727 INFO ncaa_identity: contest_id=543902 teams 2499/2499 matched, players 6526/6991 matched
2026-08-19 11:02:37,222 INFO ncaa_identity: contest_id=544039 teams 1275/2533 matched, players 3458/7086 matched
2026-08-19 11:02:38,271 INFO ncaa_identity: contest_id=544089 teams 3724/3724 matched, players 10001/10664 matched
2026-08-19 11:02:38,975 INFO ncaa_identity: contest_id=544101 teams 2570/2570 matched, players 6944/7238 matched
2026-08-19 11:02:39,966 INFO ncaa_identity: contest_id=544123 teams 3102/3102 matched, players 8254/8762 matched
2026-08-19 11:02:40,569 INFO ncaa_identity: contest_id=544138 teams 2225/2225 matched, players 5703/6262 matched
2026-08-19 11:02:42,209 INFO ncaa_identity: contest_id=544161 teams 1167/2357 matched, players 3073/6597 matched
2026-08-19 11:02:42,952 INFO ncaa_identity: contest_id=544174 teams 2565/2565 matched, players 6758/7161 matched
2026-08-19 11:02:45,481 INFO ncaa_identity: contest_id=544233 teams 2634/2634 matched, players 7216/7456 matched
2026-08-19 11:02:46,214 INFO ncaa_identity: contest_id=544247 teams 2310/2310 matched, players 6063/6531 matched
2026-08-19 11:02:47,084 INFO ncaa_identity: contest_id=544260 teams 2451/2451 matched, players 6056/6859 matched
2026-08-19 11:02:48,460 INFO ncaa_identity: contest_id=544312 teams 2655/2655 matched, players 6982/7518 matched
2026-08-19 11:02:50,205 INFO ncaa_identity: contest_id=544350 teams 3072/3072 matched, players 7769/8703 matched
2026-08-19 11:02:53,131 INFO ncaa_identity: contest_id=544466 teams 2369/2369 matched, players 6103/6696 matched
2026-08-19 11:02:55,968 INFO ncaa_identity: contest_id=544546 teams 2201/2201 matched, players 5700/6246 matched
2026-08-19 11:02:56,978 INFO ncaa_identity: contest_id=544564 teams 2929/2929 matched, players 8028/8274 matched
2026-08-19 11:02:59,129 INFO ncaa_identity: contest_id=544647 teams 1864/1864 matched, players 4731/5212 matched
2026-08-19 11:03:00,683 INFO ncaa_identity: contest_id=544710 teams 2331/2331 matched, players 6185/6528 matched
2026-08-19 11:03:04,908 INFO ncaa_identity: contest_id=544877 teams 2490/2490 matched, players 6607/7000 matched
2026-08-19 11:03:05,487 INFO ncaa_identity: contest_id=544900 teams 1950/1950 matched, players 5321/5467 matched
2026-08-19 11:03:07,890 INFO ncaa_identity: contest_id=545031 teams 2416/2416 matched, players 6449/6833 matched
2026-08-19 11:03:08,676 INFO ncaa_identity: contest_id=545049 teams 2771/2771 matched, players 7469/7819 matched
2026-08-19 11:03:11,162 INFO ncaa_identity: contest_id=545201 teams 2642/2642 matched, players 6734/7448 matched
2026-08-19 11:03:12,077 INFO ncaa_identity: contest_id=545228 teams 2363/2363 matched, players 6415/6690 matched
2026-08-19 11:03:13,720 INFO ncaa_identity: contest_id=545308 teams 2469/2469 matched, players 6668/6967 matched
2026-08-19 11:03:15,141 INFO ncaa_identity: contest_id=545361 teams 2577/2577 matched, players 6849/7275 matched
2026-08-19 11:03:15,958 INFO ncaa_identity: contest_id=545383 teams 2604/2604 matched, players 7347/7384 matched
2026-08-19 11:03:16,791 INFO ncaa_identity: contest_id=545501 teams 1574/3119 matched, players 4477/8806 matched
2026-08-19 11:03:17,765 INFO ncaa_identity: contest_id=545573 teams 2886/2886 matched, players 8028/8153 matched
2026-08-19 11:03:19,287 INFO ncaa_identity: contest_id=545596 teams 2451/2451 matched, players 6071/6941 matched
2026-08-19 11:03:21,125 INFO ncaa_identity: contest_id=545636 teams 2604/2604 matched, players 7290/7350 matched
2026-08-19 11:03:22,007 INFO ncaa_identity: contest_id=545666 teams 2571/2571 matched, players 6924/7236 matched
2026-08-19 11:03:22,908 INFO ncaa_identity: contest_id=545714 teams 2349/2349 matched, players 6173/6627 m2026-08-19 11:03:26,060 INFO ncaa_identity: contest_id=546375 teams 3030/3030 matched, players 8318/8577 matched
2026-08-19 11:03:29,143 INFO ncaa_identity: contest_id=546472 teams 2328/2328 matched, players 6539/6553 matched
2026-08-19 11:03:30,594 INFO ncaa_identity: contest_id=546536 teams 2434/2434 matched, players 6509/6868 matched
2026-08-19 11:03:31,302 INFO ncaa_identity: contest_id=546551 teams 2202/2202 matched, players 5991/6171 matched
2026-08-2026-08-19 11:03:35,421 INFO ncaa_identity: contest_id=546222 teams 2359/2359 matched, players 6571/6622 m2026-08-2026-08-19 11:03:37,099 INFO ncaa_identity: contest_id=546276 teams 2519/2519 matched, players 6242/7100 m2026-08-19 11:03:38,478 INFO ncaa_identity: contest_id=546727 teams 2573/2573 matched, players 6775/7256 matched
2026-08-19 11:03:42,248 INFO ncaa_identity: contest_id=546863 teams 2619/2619 matched, players 6378/7385 matched
2026-08-19 11:03:43,770 INFO ncaa_identity: contest_id=546887 teams 2280/2280 matched, players 5451/6409 matched
2026-08-19 11:03:46,031 INFO ncaa_identity: contest_id=546942 teams 2364/2364 matched, players 6489/6613 matched
2026-08-19 11:03:48,231 INFO ncaa_identity: contest_id=546986 teams 2101/2101 matched, players 5843/5904 matched
2026-08-19 11:03:49,692 INFO ncaa_identity: contest_id=547032 teams 2351/2351 matched, players 6278/6611 matched
2026-08-19 11:03:52,349 INFO ncaa_identity: contest_id=547078 teams 2093/2093 matched, players 5404/5881 matched
2026-08-19 11:03:53,286 INFO ncaa_identity: contest_id=547089 teams 2742/2742 matched, players 7427/7751 matched
2026-08-19 11:03:57,058 INFO ncaa_identity: contest_id=547194 teams 2588/2588 matched, players 7169/7311 matched
2026-08-19 11:03:57,757 INFO ncaa_identity: contest_id=547220 teams 1328/2674 matched, players 3899/7572 matched
2026-08-19 11:03:58,558 INFO ncaa_identity: contest_id=547242 teams 2067/2067 matched, players 5102/5797 matched
2026-08-19 11:03:59,298 INFO ncaa_identity: contest_id=547275 teams 2791/2791 matched, players 7624/7919 matched
2026-08-2026-08-19 11:04:01,341 INFO ncaa_identity: contest_id=546959 teams 2541/2541 matched, players 5930/7201 matched
2026-08-19 11:04:04,424 INFO ncaa_identity: contest_id=547037 teams 2652/2652 matched, players 6856/7456 matched
2026-08-19 11:04:06,743 INFO ncaa_identity: contest_id=547073 teams 2592/2592 matched, players 6246/7297 matched
2026-08-19 11:04:09,959 INFO ncaa_identity: contest_id=547156 teams 2313/2313 matched, players 6520/6522 matched
2026-08-19 11:04:10,670 INFO ncaa_identity: contest_id=547172 teams 2565/2565 matched, players 7027/7237 matched
2026-08-19 11:04:13,852 INFO ncaa_identity: contest_id=547265 teams 2319/2319 matched, players 6452/6551 matched
2026-08-19 11:04:14,591 INFO ncaa_identity: contest_id=547282 teams 2599/2599 matched, players 6740/7331 matched
2026-08-19 11:04:15,483 INFO ncaa_identity: contest_id=547313 teams 2393/2393 matched, players 6476/6763 matched
2026-08-19 11:04:16,314 INFO ncaa_identity: contest_id=547324 teams 3064/3064 matched, players 8450/8701 matched
2026-08-19 11:04:19,578 INFO ncaa_identity: contest_id=547381 teams 2390/2390 matched, players 6438/6760 matched
2026-08-19 11:04:20,301 INFO ncaa_identity: contest_id=547393 teams 2370/2370 matched, players 6135/6676 matched
2026-08-19 11:04:21,222 INFO ncaa_identity: contest_id=547406 teams 2016/2016 matched, players 728/749 matched
2026-08-19 11:04:21,985 INFO ncaa_identity: contest_id=547427 teams 2310/2310 matched, players 6170/6533 matched
2026-08-19 11:04:23,738 INFO ncaa_identity: contest_id=547514 teams 2631/2631 matched, players 6926/7449 matched
2026-08-19 11:04:24,412 INFO ncaa_identity: contest_id=547553 teams 1173/2328 matched, players 3299/6566 matched
2026-08-19 11:04:25,131 INFO ncaa_identity: contest_id=547594 teams 1776/1776 matched, players 4534/4979 matched
2026-08-19 11:04:26,745 INFO ncaa_identity: contest_id=547650 teams 2417/2417 matched, players 6044/6861 matched
2026-08-19 11:04:28,375 INFO ncaa_identity: contest_id=547700 teams 1271/2462 matched, players 3331/6949 matched
2026-08-19 11:04:29,055 INFO ncaa_identity: contest_id=547732 teams 2602/2602 matched, players 6727/7345 matched
2026-08-19 11:04:31,444 INFO ncaa_identity: contest_id=547885 teams 1377/2691 matched, players 3517/7598 matched
2026-08-19 11:04:33,946 INFO ncaa_identity: contest_id=547978 teams 2955/2955 matched, players 7890/8390 matched
2026-08-19 11:04:34,720 INFO ncaa_identity: contest_id=547995 teams 2450/2450 matched, players 6345/6850 matched
2026-08-19 11:04:35,592 INFO ncaa_identity: contest_id=548008 teams 2205/2205 matched, players 6142/6199 matched
2026-08-19 11:04:36,537 INFO ncaa_identity: contest_id=548033 teams 3108/3108 matched, players 8157/8730 matched
2026-08-19 11:04:37,353 INFO ncaa_identity: contest_id=548060 teams 1130/2241 matched, players 3121/6325 mat2026-02026-08-19 11:04:37,989 INFO ncaa_identity: contest_id=548113 teams 2080/2080 matched, players 5331/5904 mat2026-02026-08-19 11:04:38,749 INFO ncaa_identity: contest_id=548156 teams 2445/2445 matched, players 6140/6875 mat2026-08-19 11:04:41,675 INFO ncaa_identity: contest_id=548875 teams 2433/2433 matched, players 6791/6827 matched
2026-08-19 11:04:43,385 INFO ncaa_identity: contest_id=548997 teams 2349/2349 matched, players 6008/6626 matched
2026-08-19 11:04:44,048 INFO ncaa_identity: contest_id=549084 teams 2354/2354 matched, players 5751/6672 matched
2026-02026-08-19 11:04:46,654 INFO ncaa_identity: contest_id=548476 teams 2222/2222 matched, players 6038/6213 mat2026-02026-08-19 11:04:49,348 INFO ncaa_identity: contest_id=548654 teams 2368/2368 matched, players 6145/6670 matched
2026-08-19 11:04:49,951 INFO ncaa_identity: contest_id=548680 teams 2132/2132 matched, players 5647/5972 matched
2026-08-19 11:04:51,338 INFO ncaa_identity: contest_id=548752 teams 2250/2250 matched, players 5781/6331 mat2026-08-19 11:04:55,115 INFO ncaa_identity: contest_id=549525 teams 1141/2257 matched, players 3209/6340 matched
2026-08-19 11:04:58,212 INFO ncaa_identity: contest_id=549602 teams 2835/2835 matched, players 7748/8004 matched
2026-08-19 11:05:02,119 INFO ncaa_identity: contest_id=549799 teams 2563/2563 matched, players 6839/7253 matched
2026-08-19 11:05:02,852 INFO ncaa_identity: contest_id=549824 teams 2595/2595 matched, players 6880/7301 matched
2026-08-19 11:05:03,438 INFO ncaa_identity: contest_id=549842 teams 2115/2115 matched, players 5105/5960 matched
2026-08-19 11:05:04,227 INFO ncaa_identity: contest_id=549869 teams 1102/2176 matched, players 3068/6128 matched
2026-08-19 11:05:05,777 INFO ncaa_identity: contest_id=549920 teams 2247/2247 matched, players 5911/6322 matched
2026-08-19 11:05:06,464 INFO ncaa_identity: contest_id=549948 teams 2196/2196 matched, players 5841/6180 matched
2026-08-19 11:05:08,180 INFO ncaa_identity: contest_id=550042 teams 2725/2725 matched, players 6777/7714 matched
2026-08-19 11:05:08,845 INFO ncaa_identity: contest_id=550150 teams 2246/2246 matched, players 6090/6318 matched
2026-08-19 11:05:09,687 INFO ncaa_identity: contest_id=550190 teams 2228/2228 matched, players 5819/6297 matched
2026-08-19 11:05:10,269 INFO ncaa_identity: contest_id=550201 teams 2056/2056 matched, players 5345/5835 matched
2026-08-19 11:05:11,798 INFO ncaa_identity: contest_id=550226 teams 2070/2070 matched, players 5810/5827 matched
2026-08-19 11:05:14,039 INFO ncaa_identity: contest_id=550286 teams 3006/3006 matched, players 8175/8495 matched
2026-08-19 11:05:15,636 INFO ncaa_identity: contest_id=550389 teams 2532/2532 matched, players 6678/7111 matched
2026-08-19 11:05:16,285 INFO ncaa_identity: contest_id=550435 teams 2126/2126 matched, players 5148/6012 matched
2026-08-19 11:05:18,796 INFO ncaa_identity: contest_id=550580 teams 2655/2655 matched, players 6565/7535 matched
2026-08-19 11:05:21,232 INFO ncaa_identity: contest_id=550624 teams 15/2535 matched, players 0/7129 matched
2026-08-19 11:05:23,658 INFO ncaa_identity: contest_id=550739 teams 2428/2428 matched, players 6394/6888 matched
2026-08-19 11:05:26,872 INFO ncaa_identity: contest_id=550896 teams 2406/2406 matched, players 6305/6756 matched
2026-08-19 11:05:27,528 INFO ncaa_identity: contest_id=550924 teams 2501/2501 matched, players 6733/7030 matched
2026-08-19 11:05:28,570 INFO ncaa_identity: contest_id=550945 teams 2938/2938 matched, players 8016/8283 matched
2026-08-19 11:05:32,173 INFO ncaa_identity: contest_id=551071 teams 2425/2425 matched, players 6775/6851 matched
2026-08-19 11:05:32,769 INFO ncaa_identity: contest_id=551132 teams 2287/2287 matched, players 5822/6441 matched
2026-08-19 11:05:34,297 INFO ncaa_identity: contest_id=551269 teams 2297/2297 matched, players 6231/6479 matched
2026-08-19 11:05:35,738 INFO ncaa_identity: contest_id=551292 teams 2407/2407 matched, players 5652/6778 matched
2026-08-19 11:05:37,754 INFO ncaa_identity: contest_id=551350 teams 2327/2327 matched, players 5628/6525 matched
2026-08-19 11:05:38,442 INFO ncaa_identity: contest_id=551360 teams 2664/2664 matched, players 7388/7556 matched
2026-08-19 11:05:39,269 INFO ncaa_identity: contest_id=551394 teams 2177/2177 matched, players 5672/6154 matched
2026-08-19 11:05:41,412 INFO ncaa_identity: contest_id=551534 teams 2285/2285 matched, players 6229/6471 matched
2026-08-19 11:05:46,433 INFO ncaa_identity: contest_id=551715 teams 2561/2561 matched, players 6777/7215 matched
2026-08-19 11:05:49,113 INFO ncaa_identity: contest_id=551853 teams 2803/2803 matched, players 7591/7933 matched
2026-08-19 11:05:49,869 INFO ncaa_identity: contest_id=551911 teams 2795/2795 matched, players 7215/7867 matched
2026-08-19 11:05:51,447 INFO ncaa_identity: contest_id=551967 teams 2977/2977 matched, players 7767/8468 matched
2026-08-19 11:05:53,977 INFO ncaa_identity: contest_id=552030 teams 2327/2327 matched, players 6438/6533 matched
2026-08-19 11:05:54,737 INFO ncaa_identity: contest_id=552048 teams 2527/2527 matched, players 6611/7126 matched
2026-08-19 11:05:56,417 INFO ncaa_identity: contest_id=552095 teams 2430/2430 matched, players 5992/6855 matched
2026-08-19 11:06:01,733 INFO ncaa_identity: contest_id=552380 teams 2338/2338 matched, players 6256/6577 matched
2026-08-19 11:06:03,087 INFO ncaa_identity: contest_id=552420 teams 1396/2750 matched, players 3792/7767 matched
2026-08-19 11:06:03,874 INFO ncaa_identity: contest_id=552439 teams 1959/1959 matched, players 4852/5533 matched
2026-08-19 11:06:04,459 INFO ncaa_identity: contest_id=552486 teams 2104/2104 matched, players 4895/5928 matched
2026-08-19 11:06:05,338 INFO ncaa_identity: contest_id=552549 teams 2594/2594 matched, players 7317/7342 matched
2026-08-19 11:06:06,854 INFO ncaa_identity: contest_id=552599 teams 2453/2453 matched, players 6335/6931 matched
2026-08-19 11:06:07,760 INFO ncaa_identity: contest_id=552614 teams 2500/2500 matched, players 6566/7023 matched
2026-08-19 11:06:12,928 INFO ncaa_identity: contest_id=552885 teams 2513/2513 matched, players 6760/7129 matched
2026-08-19 11:06:13,721 INFO ncaa_identity: contest_id=552908 teams 2429/2429 matched, players 6655/6852 matched
2026-08-19 11:06:14,448 INFO ncaa_identity: contest_id=552976 teams 2517/2517 matched, players 6375/7046 matched
2026-08-19 11:06:15,333 INFO ncaa_identity: contest_id=552026-08-19 11:06:15,408 INFO ncaa_identity: contest_id=552026-08-19 11:06:16,945 INFO ncaa_identity: contest_id=553047 teams 2440/2440 matched, players 6505/6860 matched
2026-08-19 11:06:23,033 INFO ncaa_identity: contest_id=553405 teams 2362/2362 matched, players 6100/6586 matched
2026-08-19 11:06:23,786 INFO ncaa_identity: contest_id=553418 teams 2769/2769 matched, players 7812/7818 matched
2026-08-19 11:06:24,595 INFO ncaa_identity: contest_id=553429 teams 2025/2025 matched, players 5226/5724 matched
2026-08-19 11:06:25,956 INFO ncaa_identity: contest_id=553468 teams 2629/2629 matched, players 6223/7396 matched
2026-08-19 11:06:26,867 INFO ncaa_identity: contest_id=553482 teams 2869/2869 matched, players 7687/8051 matched
2026-08-19 11:06:27,671 INFO ncaa_identity: contest_id=553499 teams 1454/2848 matched, players 4023/8076 matched
2026-08-19 11:06:28,525 INFO ncaa_identity: contest_id=553538 teams 2254/2254 matched, players 5755/6374 matched
2026-08-19 11:06:30,108 INFO ncaa_identity: contest_id=553659 teams 2896/2896 matched, players 8143/8193 matched
2026-08-19 11:06:33,943 INFO ncaa_identity: contest_id=553828 teams 1333/2646 matched, players 3744/7430 matched
2026-08-19 11:06:36,181 INFO ncaa_identity: contest_id=553911 teams 2208/2208 matched, players 5958/6243 matched
2026-08-19 11:06:37,620 INFO ncaa_identity: contest_id=553997 teams 2224/2224 matched, players 5644/6250 matched
2026-08-19 11:06:38,890 INFO ncaa_identity: contest_id=554056 teams 2189/2189 matched, players 5657/6176 matched
2026-08-19 11:06:39,738 INFO ncaa_identity: contest_id=554079 teams 2345/2345 matched, players 5972/6584 matched
2026-08-19 11:06:44,111 INFO ncaa_identity: contest_id=554217 teams 1883/1883 matched, players 4840/5291 matched
2026-08-19 11:06:46,383 INFO ncaa_identity: contest_id=554439 teams 2840/2840 matched, players 7563/8064 matched
2026-08-19 11:06:47,336 INFO ncaa_identity: contest_id=554462 teams 2865/2865 matched, players 7956/8101 matched
2026-08-19 11:06:48,112 INFO ncaa_identity: contest_id=554476 teams 2508/2508 matched, players 6782/7020 matched
2026-08-19 11:06:48,716 INFO ncaa_identity: contest_id=554490 teams 2132/2132 matched, players 5824/6020 matched
2026-08-19 11:06:49,553 INFO ncaa_identity: contest_id=554522 teams 2186/2186 matched, players 885/902 matched
2026-08-19 11:06:50,258 INFO ncaa_identity: contest_id=554535 teams 2166/2166 matched, players 4926/6068 matched
2026-08-19 11:06:51,704 INFO ncaa_identity: contest_id=554594 teams 2030/2030 matched, players 5222/5717 matched
2026-08-19 11:06:52,856 INFO ncaa_identity: contest_id=554710 teams 2201/2201 matched, players 5829/6178 matched
2026-08-19 11:06:53,860 INFO ncaa_identity: contest_id=554737 teams 3009/3009 matched, players 8016/8508 matched
2026-08-19 11:07:02,079 INFO ncaa_identity: contest_id=555119 teams 2290/2290 matched, players 6040/6434 matched
2026-08-19 11:07:02,916 INFO ncaa_identity: contest_id=555144 teams 2251/2251 matched, players 5841/6377 matched
2026-08-19 11:07:04,535 INFO ncaa_identity: contest_id=555208 teams 2960/2960 matched, players 7615/8380 matched
2026-08-19 11:07:06,850 INFO ncaa_identity: contest_id=555272 teams 1529/3028 matched, players 4322/8588 matched
2026-08-19 11:07:07,530 INFO ncaa_identity: contest_id=555301 teams 2392/2392 matched, players 6319/6782 matched
2026-08-19 11:07:08,504 INFO ncaa_identity: contest_id=555315 teams 2800/2800 matched, players 7333/7940 matched
2026-08-19 11:07:09,977 INFO ncaa_identity: contest_id=555492 teams 2154/2154 matched, players 5600/6048 matched
2026-08-19 11:07:14,387 INFO ncaa_identity: contest_id=555602 teams 2473/2473 matched, players 6227/6991 matched
2026-08-19 11:07:16,121 INFO ncaa_identity: contest_id=555728 teams 2633/2633 matched, players 6823/7420 matched
2026-08-19 11:07:16,731 INFO ncaa_identity: contest_id=555747 teams 2059/2059 matched, players 5398/5832 matched
2026-08-19 11:07:18,301 INFO ncaa_identity: contest_id=555773 teams 2305/2305 matched, players 6204/6474 matched
2026-08-19 11:07:20,427 INFO ncaa_identity: contest_id=555855 teams 2318/2318 matched, players 5792/6566 matched
2026-08-19 11:07:24,275 INFO ncaa_identity: contest_id=555932 teams 2118/2118 matched, players 5617/6010 matched
2026-08-19 11:07:26,471 INFO ncaa_identity: contest_id=556080 teams 1993/1993 matched, players 5048/5586 matched
2026-08-19 11:07:27,372 INFO ncaa_identity: contest_id=556095 teams 1148/2280 matched, players 2520/6424 matched
2026-08-19 11:07:28,861 INFO ncaa_identity: contest_id=556121 teams 2498/2498 matched, players 6986/7029 matched
2026-08-19 11:07:29,560 INFO ncaa_identity: contest_id=556132 teams 2751/2751 matched, players 7719/7787 matched
2026-08-19 11:07:30,150 INFO ncaa_identity: contest_id=556145 teams 989/1901 matched, players 2725/5337 matched
2026-08-19 11:07:31,128 INFO ncaa_identity: contest_id=556156 teams 1227/2500 matched, players 2593/7081 matched
2026-08-19 11:07:32,115 INFO ncaa_identity: contest_id=556167 teams 3475/3475 matched, players 8661/9750 matched
2026-08-19 11:07:33,014 INFO ncaa_identity: contest_id=556177 teams 2558/2558 matched, players 7120/7202 matched
2026-08-19 11:07:33,765 INFO ncaa_identity: contest_id=556190 teams 1236/2483 matched, players 3450/7022 matched
2026-08-19 11:07:34,622 INFO ncaa_identity: contest_id=556224 teams 2111/2111 matched, players 5471/5960 matched
2026-08-19 11:07:35,984 INFO ncaa_identity: contest_id=556346 teams 2280/2280 matched, players 6400/6426 matched
2026-08-19 11:07:38,338 INFO ncaa_identity: contest_id=556377 teams 2522/2522 matched, players 7104/7137 matched
2026-08-19 11:07:38,978 INFO ncaa_identity: contest_id=556407 teams 2237/2237 matched, players 6207/6251 matched
2026-08-19 11:07:39,669 INFO ncaa_identity: contest_id=556417 teams 2275/2275 matched, players 5216/6426 matched
2026-08-19 11:07:44,372 INFO ncaa_identity: contest_id=556533 teams 2272/2272 matched, players 6289/6404 matched
2026-08-19 11:07:48,898 INFO ncaa_identity: contest_id=556618 teams 2317/2317 matched, players 6001/6565 matched
2026-08-19 11:07:52,975 INFO ncaa_identity: contest_id=556729 teams 2435/2435 matched, players 6033/6870 matched
2026-08-19 11:07:53,776 INFO ncaa_identity: contest_id=556746 teams 2629/2629 matched, players 7005/7416 matched
2026-08-19 11:07:57,186 INFO ncaa_identity: contest_id=556789 teams 2498/2498 matched, players 6282/7075 matched
2026-08-19 11:07:57,844 INFO ncaa_identity: contest_id=556799 teams 2236/2236 matched, players 5725/6279 matched
2026-08-19 11:07:58,657 INFO ncaa_identity: contest_id=556835 teams 2293/2293 matched, players 6136/6458 matched
2026-08-19 11:07:59,317 INFO ncaa_identity: contest_id=556859 teams 2348/2348 matched, players 6595/6620 matched
2026-08-19 11:08:00,951 INFO ncaa_identity: contest_id=556895 teams 2286/2286 matched, players 6019/6387 matched
2026-08-19 11:08:02,460 INFO ncaa_identity: contest_id=556924 teams 2197/2197 matched, players 5723/6200 matched
2026-08-19 11:08:03,244 INFO ncaa_identity: contest_id=556935 teams 1215/2420 matched, players 3443/6857 matched
2026-08-19 11:08:05,529 INFO ncaa_identity: contest_id=556965 teams 2693/2693 matched, players 6507/7593 matched
2026-08-19 11:08:06,388 INFO ncaa_identity: contest_id=556975 teams 2514/2514 matched, players 6596/7113 matched
2026-08-19 11:08:10,845 INFO ncaa_identity: contest_id=557071 teams 2464/2464 matched, players 6558/6958 matched
2026-08-19 11:08:12,640 INFO ncaa_identity: contest_id=557119 teams 2549/2549 matched, players 7048/7159 matched
2026-08-19 11:08:14,878 INFO ncaa_identity: contest_id=557177 teams 2514/2514 matched, players 6840/7131 matched
2026-08-19 11:08:15,761 INFO ncaa_identity: contest_id=557187 teams 2591/2591 matched, players 6943/7317 matched
2026-08-19 11:08:16,474 INFO ncaa_identity: contest_id=557197 teams 2223/2223 matched, players 6038/6291 matched
2026-08-19 11:08:17,145 INFO ncaa_identity: contest_id=557213 teams 2350/2350 matched, players 6140/6661 matched
2026-08-19 11:08:18,066 INFO ncaa_identity: contest_id=557223 teams 2718/2718 matched, players 7165/7691 matched
2026-08-19 11:08:19,197 INFO ncaa_identity: contest_id=557247 teams 2129/2129 matched, players 5760/5986 matched
2026-08-19 11:08:21,303 INFO ncaa_identity: contest_id=557277 teams 2394/2394 matched, players 6727/6743 matched
2026-08-19 11:08:22,954 INFO ncaa_identity: contest_id=557304 teams 2649/2649 matched, players 7249/7451 matched
2026-08-19 11:08:23,637 INFO ncaa_identity: contest_id=557314 teams 1781/1781 matched, players 579/583 matched
2026-08-19 11:08:24,706 INFO ncaa_identity: contest_id=385627 teams 2684/2684 matched, players 6445/7596 matched
2026-08-19 11:08:26,237 INFO ncaa_identity: contest_id=385654 teams 2682/2682 matched, players 7262/7585 matched
2026-08-19 11:08:27,098 INFO ncaa_identity: contest_id=385667 teams 2948/2948 matched, players 7491/8358 matched
2026-08-19 11:08:28,157 INFO ncaa_identity: contest_id=385678 teams 2511/2511 matched, players 857/989 matched
2026-08-19 11:08:28,769 INFO ncaa_identity: contest_id=385690 teams 2383/2383 matched, players 6527/6699 matched
2026-08-19 11:08:29,637 INFO ncaa_identity: contest_id=385702 teams 2635/2635 matched, players 6227/7452 matched
2026-08-19 11:08:32,779 INFO ncaa_identity: contest_id=385746 teams 3134/3134 matched, players 8244/8917 matched
2026-08-19 11:08:33,580 INFO ncaa_identity: contest_id=385761 teams 2156/2156 matched, players 5516/6048 matched
2026-08-19 11:08:34,317 INFO ncaa_identity: contest_id=385802 teams 1459/2793 matched, players 4006/7945 matched
2026-08-19 11:08:38,104 INFO ncaa_identity: contest_id=386104 teams 2044/2044 matched, players 5226/5749 matched
2026-08-19 11:08:39,647 INFO ncaa_identity: contest_id=386246 teams 2629/2629 matched, players 6927/7421 matched
2026-08-19 11:08:42,152 INFO ncaa_identity: contest_id=386286 teams 1646/3334 matched, players 4642/9514 matched
2026-08-19 11:08:43,030 INFO ncaa_identity: contest_id=386300 teams 2250/2250 matched, players 5000/6319 matched
2026-08-19 11:08:44,686 INFO ncaa_identity: contest_id=386451 teams 1450/2752 matched, players 3792/7701 matched
2026-08-19 11:08:48,086 INFO ncaa_identity: contest_id=386517 teams 1580/3096 matched, players 3197/8757 matched
2026-08-19 11:08:48,750 INFO ncaa_identity: contest_id=386538 teams 1187/2381 matched, players 3371/6748 matched
2026-08-19 11:08:49,730 INFO ncaa_identity: contest_id=386559 teams 3165/3165 matched, players 8703/8968 matched
2026-08-19 11:08:51,034 INFO ncaa_identity: contest_id=386587 teams 2426/2426 matched, players 6480/6868 matched
2026-08-19 11:08:51,825 INFO ncaa_identity: contest_id=386631 teams 1314/2560 matched, players 3666/7285 matched
2026-08-19 11:08:52,608 INFO ncaa_identity: contest_id=386680 teams 2998/2998 matched, players 8180/8443 matched
2026-08-19 11:08:53,487 INFO ncaa_identity: contest_id=386702 teams 2175/2175 matched, players 5394/6157 matched
2026-08-19 11:08:55,248 INFO ncaa_identity: contest_id=386746 teams 2252/2252 matched, players 5808/6312 matched
2026-08-19 11:08:56,640 INFO ncaa_identity: contest_id=386858 teams 2534/2534 matched, players 6817/7115 matched
2026-08-19 11:08:57,412 INFO ncaa_identity: contest_id=386876 teams 2192/2192 matched, players 5882/6193 matched
2026-08-19 11:08:59,284 INFO ncaa_identity: contest_id=386917 teams 1407/2808 matched, players 3586/7836 matched
2026-08-19 11:08:59,860 INFO ncaa_identity: contest_id=386946 teams 1626/1626 matched, players 595/612 matched
2026-08-19 11:09:02,145 INFO ncaa_identity: contest_id=387006 teams 2395/2395 matched, players 6545/6694 matched
2026-08-19 11:09:03,688 INFO ncaa_identity: contest_id=387075 teams 2202/2202 matched, players 6168/6196 matched
2026-08-19 11:09:07,455 INFO ncaa_identity: contest_id=387258 teams 2440/2440 matched, players 6226/6913 matched
2026-08-19 11:09:11,227 INFO ncaa_identity: contest_id=387513 teams 2352/2352 matched, players 6236/6665 matched
2026-08-19 11:09:12,132 INFO ncaa_identity: contest_id=387526 teams 2368/2368 matched, players 6310/6672 matched
2026-08-19 11:09:12,920 INFO ncaa_identity: contest_id=387538 teams 2858/2858 matched, players 7556/8082 matched
2026-08-19 11:09:16,244 INFO ncaa_identity: contest_id=387643 teams 1545/3052 matched, players 4323/8616 matched
2026-08-19 11:09:17,141 INFO ncaa_identity: contest_id=387675 teams 1294/2479 matched, players 3555/6946 matched
2026-08-19 11:09:18,641 INFO ncaa_identity: contest_id=387729 teams 2582/2582 matched, players 6958/7247 matched
2026-08-19 11:09:19,499 INFO ncaa_identity: contest_id=387752 teams 2493/2493 matched, players 6731/7008 matched
2026-08-19 11:09:20,234 INFO ncaa_identity: contest_id=387778 teams 2207/2207 matched, players 6071/6105 matched
2026-08-19 11:09:21,154 INFO ncaa_identity: contest_id=387848 teams 2449/2449 matched, players 6832/6834 matched
2026-08-19 11:09:21,958 INFO ncaa_identity: contest_id=387918 teams 2293/2293 matched, players 5899/6454 matched
2026-08-19 11:09:24,497 INFO ncaa_identity: contest_id=387979 teams 2809/2809 matched, players 7379/7945 matched
2026-08-19 11:09:25,431 INFO ncaa_identity: contest_id=388007 teams 2228/2228 matched, players 6012/6223 matched
2026-08-19 11:09:26,321 INFO ncaa_identity: contest_id=388019 teams 2637/2637 matched, players 6533/7387 matched
2026-08-19 11:09:28,015 INFO ncaa_identity: contest_id=388042 teams 2711/2711 matched, players 7327/7602 matched
2026-08-19 11:09:29,798 INFO ncaa_identity: contest_id=388086 teams 3799/3799 matched, players 9415/10769 matched
2026-08-19 11:09:30,706 INFO ncaa_identity: contest_id=388104 teams 2511/2511 matched, players 6783/7097 matched
2026-08-19 11:09:32,273 INFO ncaa_identity: contest_id=388132 teams 2562/2562 matched, players 7163/7234 matched
2026-08-19 11:09:33,585 INFO ncaa_identity: contest_id=388165 teams 2507/2507 matched, players 6766/7069 matched
2026-08-19 11:09:36,672 INFO ncaa_identity: contest_id=388257 teams 1282/2582 matched, players 3671/7273 matched
2026-08-19 11:09:37,326 INFO ncaa_identity: contest_id=388316 teams 2182/2182 matched, players 6073/6174 matched
2026-08-19 11:09:38,289 INFO ncaa_identity: contest_id=388334 teams 2677/2677 matched, players 6781/7528 matched
2026-08-19 11:09:39,796 INFO ncaa_identity: contest_id=388370 teams 2034/2034 matched, players 4656/5732 matched
2026-08-19 11:09:40,461 INFO ncaa_identity: contest_id=388387 teams 1986/1986 matched, players 5532/5580 matched
2026-08-19 11:09:41,145 INFO ncaa_identity: contest_id=388402 teams 2599/2599 matched, players 6738/7271 matched
2026-08-19 11:09:42,117 INFO ncaa_identity: contest_id=388434 teams 1460/2976 matched, players 3980/8469 matched
2026-08-19 11:09:43,605 INFO ncaa_identity: contest_id=388469 teams 2657/2657 matched, players 6971/7489 matched
2026-08-19 11:09:44,410 INFO ncaa_identity: contest_id=388492 teams 1358/2689 matched, players 3818/7603 matched
2026-08-19 11:09:46,173 INFO ncaa_identity: contest_id=388538 teams 3567/3567 matched, players 9614/10096 matched
2026-08-19 11:09:47,069 INFO ncaa_identity: contest_id=388558 teams 2088/2088 matched, players 4975/5887 matched
2026-08-19 11:09:47,745 INFO ncaa_identity: contest_id=388621 teams 2233/2233 matched, players 5818/6264 matched
2026-08-19 11:09:48,331 INFO ncaa_identity: contest_id=388637 teams 1009/2028 matched, players 2890/5720 matched
2026-08-19 11:09:50,064 INFO ncaa_identity: contest_id=388669 teams 2443/2443 matched, players 6632/6896 matched
2026-08-19 11:09:51,080 INFO ncaa_identity: contest_id=388701 teams 1698/3361 matched, players 4493/9571 matched
2026-08-19 11:09:51,840 INFO ncaa_identity: contest_id=388744 teams 2375/2375 matched, players 6122/6690 matched
2026-08-19 11:09:53,461 INFO ncaa_identity: contest_id=388789 teams 2382/2382 matched, players 5809/6692 matched
2026-08-19 11:09:55,213 INFO ncaa_identity: contest_id=388826 teams 2582/2582 matched, players 7161/7292 matched
2026-08-19 11:09:55,827 INFO ncaa_identity: contest_id=388852 teams 2002/2002 matched, players 5626/5628 matched
2026-08-19 11:09:56,772 INFO ncaa_identity: contest_id=388872 teams 2587/2587 matched, players 6951/7306 matched
2026-08-19 11:09:57,517 INFO ncaa_identity: contest_id=388970 teams 2545/2545 matched, players 7042/7191 matched
2026-08-19 11:09:58,411 INFO ncaa_identity: contest_id=388987 teams 2114/2114 matched, players 5401/5936 matched
2026-08-19 11:09:59,081 INFO ncaa_identity: contest_id=389008 teams 2161/2161 matched, players 5337/6109 matched
2026-08-19 11:09:59,775 INFO ncaa_identity: contest_id=389068 teams 1196/2318 matched, players 3094/6558 matched
2026-08-19 11:10:00,667 INFO ncaa_identity: contest_id=389109 teams 2486/2486 matched, players 6640/7011 matched
2026-08-19 11:10:01,515 INFO ncaa_identity: contest_id=389124 teams 2954/2954 matched, players 7934/8333 matched
2026-08-19 11:10:02,482 INFO ncaa_identity: contest_id=389177 teams 2680/2680 matched, players 7315/7576 matched
2026-08-19 11:10:03,129 INFO ncaa_identity: contest_id=389201 teams 2365/2365 matched, players 6374/6679 matched
2026-08-19 11:10:05,436 INFO ncaa_identity: contest_id=389299 teams 2519/2519 matched, players 6638/7068 matched
2026-08-19 11:10:06,402 INFO ncaa_identity: contest_id=389329 teams 2896/2896 matched, players 6816/8208 matched
2026-08-19 11:10:12,452 INFO ncaa_identity: contest_id=389620 teams 2488/2488 matched, players 6115/6980 matched
2026-08-19 11:10:14,106 INFO ncaa_identity: contest_id=389659 teams 2262/2262 matched, players 5914/6359 matched
2026-08-19 11:10:14,738 INFO ncaa_identity: contest_id=389678 teams 2366/2366 matched, players 6331/6684 matched
2026-08-19 11:10:15,580 INFO ncaa_identity: contest_id=389713 teams 2295/2295 matched, players 6229/6451 matched
2026-08-19 11:10:16,243 INFO ncaa_identity: contest_id=389743 teams 1256/2324 matched, players 3378/6585 matched
2026-08-19 11:10:17,048 INFO ncaa_identity: contest_id=389783 teams 2804/2804 matched, players 7722/7942 matched
2026-08-19 11:10:19,330 INFO ncaa_identity: contest_id=389860 teams 2313/2313 matched, players 6036/6524 matched
2026-08-19 11:10:20,697 INFO ncaa_identity: contest_id=389914 teams 2146/2146 matched, players 5778/6070 matched
2026-08-19 11:10:21,675 INFO ncaa_identity: contest_id=389971 teams 1320/2643 matched, players 3756/7482 matched
2026-08-19 11:10:22,398 INFO ncaa_identity: contest_id=389993 teams 2221/2221 matched, players 5899/6312 matched
2026-08-19 11:10:25,570 INFO ncaa_identity: contest_id=390185 teams 2546/2546 matched, players 6156/7182 matched
2026-08-19 11:10:26,226 INFO ncaa_identity: contest_id=390221 teams 2401/2401 matched, players 6010/6799 matched
2026-08-19 11:10:27,035 INFO ncaa_identity: contest_id=390231 teams 2922/2922 matched, players 6920/8260 matched
2026-08-19 11:10:27,904 INFO ncaa_identity: contest_id=390245 teams 2379/2379 matched, players 5969/6709 matched
2026-08-19 11:10:28,600 INFO ncaa_identity: contest_id=390257 teams 2063/2063 matched, players 5377/5823 matched
2026-08-19 11:10:29,547 INFO ncaa_identity: contest_id=390269 teams 2715/2715 matched, players 7276/7646 matched
2026-08-19 11:10:30,827 INFO ncaa_identity: contest_id=390310 teams 1050/2031 matched, players 2910/5723 matched
2026-08-19 11:10:31,632 INFO ncaa_identity: contest_id=390334 teams 2362/2362 matched, players 6399/6640 matched
2026-08-19 11:10:32,341 INFO ncaa_identity: contest_id=390366 teams 1131/2240 matched, players 3168/6244 matched
2026-08-19 11:10:38,087 INFO ncaa_identity: contest_id=390540 teams 2690/2690 matched, players 7111/7593 matched
2026-08-19 11:10:39,513 INFO ncaa_identity: contest_id=390608 teams 2289/2289 matched, players 5359/6463 matched
2026-08-19 11:10:40,409 INFO ncaa_identity: contest_id=390619 teams 2251/2251 matched, players 6003/6308 matched
2026-08-19 11:10:41,195 INFO ncaa_identity: contest_id=390662 teams 1343/2637 matched, players 3783/7455 matched
2026-08-19 11:10:42,077 INFO ncaa_identity: contest_id=390700 teams 2253/2253 matched, players 6017/6320 matched
2026-08-19 11:10:42,922 INFO ncaa_identity: contest_id=390714 teams 2639/2639 matched, players 6781/7359 matched
2026-08-19 11:10:44,522 INFO ncaa_identity: contest_id=390760 teams 1056/2064 matched, players 2930/5784 matched
2026-08-19 11:10:46,783 INFO ncaa_identity: contest_id=390844 teams 2211/2211 matched, players 6258/6279 matched
2026-08-19 11:10:47,623 INFO ncaa_identity: contest_id=390866 teams 2287/2287 matched, players 6283/6433 matched
2026-08-19 11:10:51,560 INFO ncaa_identity: contest_id=391016 teams 2351/2351 matched, players 6288/6602 matched
2026-08-19 11:10:52,388 INFO ncaa_identity: contest_id=391048 teams 3066/3066 matched, players 7301/8687 matched
2026-08-19 11:10:54,060 INFO ncaa_identity: contest_id=391072 teams 2575/2575 matched, players 6904/7291 matched
2026-08-19 11:10:55,503 INFO ncaa_identity: contest_id=391098 teams 1764/1764 matched, players 4550/4956 matched
2026-08-19 11:10:57,014 INFO ncaa_identity: contest_id=391129 teams 2340/2340 matched, players 6232/6615 matched
2026-08-19 11:10:58,803 INFO ncaa_identity: contest_id=391155 teams 4035/4035 matched, players 11364/11426 matched
2026-08-19 11:11:01,119 INFO ncaa_identity: contest_id=391194 teams 2382/2382 matched, players 5563/6700 matched
2026-08-19 11:11:03,414 INFO ncaa_identity: contest_id=391230 teams 2645/2645 matched, players 7192/7463 matched
2026-08-19 11:11:04,239 INFO ncaa_identity: contest_id=391240 teams 2400/2400 matched, players 5617/6802 matched
2026-08-19 11:11:04,983 INFO ncaa_identity: contest_id=391250 teams 2862/2862 matched, players 7609/8090 matched
2026-08-19 11:11:07,976 INFO ncaa_identity: contest_id=391310 teams 2571/2571 matched, players 6698/7284 matched
2026-08-19 11:11:08,855 INFO ncaa_identity: contest_id=391324 teams 2301/2301 matched, players 6163/6478 matched
2026-08-19 11:11:10,504 INFO ncaa_identity: contest_id=391367 teams 2309/2309 matched, players 5944/6478 matched
2026-08-19 11:11:14,285 INFO ncaa_identity: contest_id=391465 teams 2659/2659 matched, players 7173/7488 matched
2026-08-19 11:11:14,998 INFO ncaa_identity: contest_id=391494 teams 1355/2614 matched, players 3772/7406 matched
2026-08-19 11:11:16,557 INFO ncaa_identity: contest_id=391572 teams 2545/2545 matched, players 6857/7234 matched
2026-08-19 11:11:17,204 INFO ncaa_identity: contest_id=391594 teams 2099/2099 matched, players 5687/5903 matched
2026-08-19 11:11:22,219 INFO ncaa_identity: contest_id=391735 teams 2217/2217 matched, players 5906/6233 matched
2026-08-19 11:11:22,925 INFO ncaa_identity: contest_id=391790 teams 2490/2490 matched, players 6941/7022 matched
2026-08-19 11:11:23,841 INFO ncaa_identity: contest_id=391816 teams 2604/2604 matched, players 6956/7371 matched
2026-08-19 11:11:24,561 INFO ncaa_identity: contest_id=391843 teams 1320/2601 matched, players 3715/7284 matched
2026-08-19 11:11:25,397 INFO ncaa_identity: contest_id=391870 teams 2165/2165 matched, players 5690/6083 matched
2026-08-19 11:11:26,109 INFO ncaa_identity: contest_id=391898 teams 2460/2460 matched, players 5295/6879 matched
2026-08-19 11:11:27,690 INFO ncaa_identity: contest_id=391946 teams 2509/2509 matched, players 6938/7074 matched
2026-08-19 11:11:28,370 INFO ncaa_identity: contest_id=391964 teams 2307/2307 matched, players 5486/6530 matched
2026-08-19 11:11:29,259 INFO ncaa_identity: contest_id=392079 teams 1216/2368 matched, players 3404/6664 matched
2026-08-19 11:11:31,503 INFO ncaa_identity: contest_id=392175 teams 2405/2405 matched, players 6135/6738 matched
2026-08-19 11:11:33,055 INFO ncaa_identity: contest_id=392210 teams 2393/2393 matched, players 6470/6723 matched
2026-08-19 11:11:34,453 INFO ncaa_identity: contest_id=392249 teams 1260/2544 matched, players 3549/7143 matched
2026-08-19 11:11:36,859 INFO ncaa_identity: contest_id=392325 teams 2233/2233 matched, players 5490/6257 matched
2026-08-19 11:11:37,591 INFO ncaa_identity: contest_id=392369 teams 1068/2202 matched, players 3087/6172 matched
2026-08-19 11:11:41,564 INFO ncaa_identity: contest_id=392571 teams 2211/2211 matched, players 5971/6254 matched
2026-08-19 11:11:43,659 INFO ncaa_identity: contest_id=392690 teams 1159/2225 matched, players 3183/6290 matched
2026-08-19 11:11:47,366 INFO ncaa_identity: contest_id=392842 teams 2756/2756 matched, players 7428/7814 matched
2026-08-19 11:11:50,517 INFO ncaa_identity: contest_id=392985 teams 2261/2261 matched, players 6050/6340 matched
2026-08-19 11:11:51,269 INFO ncaa_identity: contest_id=393010 teams 2662/2662 matched, players 6963/7505 matched
2026-08-19 11:11:51,875 INFO ncaa_identity: contest_id=393043 teams 2162/2162 matched, players 5633/6097 matched
2026-08-19 11:11:53,491 INFO ncaa_identity: contest_id=393078 teams 2573/2573 matched, players 6992/7290 matched
2026-08-19 11:11:54,526 INFO ncaa_identity: contest_id=393101 teams 1560/3215 matched, players 3745/9113 matched
2026-08-19 11:11:55,151 INFO ncaa_identity: contest_id=393130 teams 2058/2058 matched, players 5584/5814 matched
2026-08-19 11:11:56,064 INFO ncaa_identity: contest_id=393145 teams 2384/2384 matched, players 5640/6738 matched
2026-08-19 11:11:56,142 INFO 5 starters not found for period 3; using estimate
2026-08-19 11:11:57,675 INFO ncaa_identity: contest_id=393354 teams 1104/2232 matched, players 3051/6288 matched
2026-08-19 11:11:59,080 INFO ncaa_identity: contest_id=393376 teams 2217/2217 matched, players 5622/6215 matched
2026-08-19 11:11:59,965 INFO ncaa_identity: contest_id=393387 teams 2483/2483 matched, players 6529/7043 matched
2026-08-19 11:12:00,617 INFO ncaa_identity: contest_id=393398 teams 2385/2385 matched, players 6475/6767 matched
2026-08-19 11:12:01,349 INFO ncaa_identity: contest_id=393408 teams 2441/2441 matched, players 6348/6894 matched
2026-08-19 11:12:02,235 INFO ncaa_identity: contest_id=393445 teams 2187/2187 matched, players 6029/6121 matched
2026-08-19 11:12:05,093 INFO ncaa_identity: contest_id=393638 teams 1990/1990 matched, players 5356/5603 matched
2026-08-19 11:12:09,209 INFO ncaa_identity: contest_id=393810 teams 2769/2769 matched, players 7132/7784 matched
2026-08-19 11:12:10,270 INFO ncaa_identity: contest_id=393826 teams 2912/2912 matched, players 7530/8171 matched
2026-08-19 11:12:10,991 INFO ncaa_identity: contest_id=393841 teams 2337/2337 matched, players 6321/6583 matched
2026-08-19 11:12:12,091 INFO ncaa_identity: contest_id=393853 teams 2964/2964 matched, players 7706/8362 matched
2026-08-19 11:12:13,396 INFO ncaa_identity: contest_id=393943 teams 2024/2024 matched, players 5563/5692 matched
2026-08-19 11:12:14,780 INFO ncaa_identity: contest_id=394030 teams 2260/2260 matched, players 5526/6400 matched
2026-08-19 11:12:15,412 INFO ncaa_identity: contest_id=394051 teams 2193/2193 matched, players 5843/6164 matched
2026-08-19 11:12:16,313 INFO ncaa_identity: contest_id=394091 teams 2420/2420 matched, players 5702/6846 matched
2026-08-19 11:12:18,677 INFO ncaa_identity: contest_id=394159 teams 2550/2550 matched, players 6921/7149 matched
2026-08-19 11:12:19,313 INFO ncaa_identity: contest_id=394192 teams 2094/2094 matched, players 5113/5884 matched
2026-08-19 11:12:20,143 INFO ncaa_identity: contest_id=394214 teams 2208/2208 matched, players 5211/6217 matched
2026-08-19 11:12:20,801 INFO ncaa_identity: contest_id=394228 teams 2296/2296 matched, players 5777/6464 matched
2026-08-19 11:12:21,719 INFO ncaa_identity: contest_id=394273 teams 2100/2100 matched, players 5416/5936 matched
2026-08-19 11:12:24,412 INFO ncaa_identity: contest_id=394474 teams 2886/2886 matched, players 7638/8141 matched
2026-08-19 11:12:25,906 INFO ncaa_identity: contest_id=394499 teams 2131/2131 matched, players 4962/5968 matched
2026-08-19 11:12:27,430 INFO ncaa_identity: contest_id=394536 teams 2589/2589 matched, players 5945/7298 matched
2026-08-19 11:12:28,963 INFO ncaa_identity: contest_id=394568 teams 2097/2097 matched, players 5646/5844 matched
2026-08-19 11:12:31,450 INFO ncaa_identity: contest_id=394720 teams 2215/2215 matched, players 5737/6270 matched
2026-08-19 11:12:32,860 INFO ncaa_identity: contest_id=394787 teams 2070/2070 matched, players 5280/5804 matched
2026-08-19 11:12:34,472 INFO ncaa_identity: contest_id=394891 teams 2225/2225 matched, players 6070/6261 matched
2026-08-19 11:12:37,699 INFO ncaa_identity: contest_id=394944 teams 2589/2589 matched, players 6904/7302 matched
2026-08-19 11:12:38,550 INFO ncaa_identity: contest_id=394980 teams 2470/2470 matched, players 6454/6961 matched
2026-08-19 11:12:41,414 INFO ncaa_identity: contest_id=395169 teams 2319/2319 matched, players 6219/6543 matched
2026-08-19 11:12:42,353 INFO ncaa_identity: contest_id=395193 teams 2581/2581 matched, players 6983/7290 matched
2026-08-19 11:12:43,094 INFO ncaa_identity: contest_id=395219 teams 2313/2313 matched, players 6053/6471 matched
2026-08-19 11:12:45,376 INFO ncaa_identity: contest_id=395284 teams 2397/2397 matched, players 6322/6734 matched
2026-08-19 11:12:46,062 INFO ncaa_identity: contest_id=395311 teams 2280/2280 matched, players 6100/6437 matched
2026-08-19 11:12:46,989 INFO ncaa_identity: contest_id=395334 teams 2525/2525 matched, players 6977/7129 matched
2026-08-19 11:12:48,648 INFO ncaa_identity: contest_id=395450 teams 1418/2750 matched, players 3870/7717 matched
2026-08-19 11:12:51,028 INFO ncaa_identity: contest_id=395573 teams 2931/2931 matched, players 8078/8277 matched
2026-08-19 11:12:52,593 INFO ncaa_identity: contest_id=395594 teams 2287/2287 matched, players 6148/6437 matched
2026-08-19 11:12:53,276 INFO ncaa_identity: contest_id=395633 teams 2269/2269 matched, players 6379/6430 matched
2026-08-19 11:12:54,219 INFO ncaa_identity: contest_id=395644 teams 1358/2778 matched, players 3457/7875 matched
2026-08-19 11:12:56,536 INFO ncaa_identity: contest_id=395732 teams 1983/1983 matched, players 5287/5577 matched
2026-08-19 11:12:57,263 INFO ncaa_identity: contest_id=395768 teams 2712/2712 matched, players 7132/7713 matched
2026-08-19 11:12:57,884 INFO ncaa_identity: contest_id=395880 teams 1664/1664 matched, players 4623/4643 matched
2026-08-19 11:13:08,706 INFO ncaa_identity: contest_id=396293 teams 2163/2163 matched, players 4426/6112 matched
2026-08-19 11:13:09,653 INFO ncaa_identity: contest_id=396309 teams 2994/2994 matched, players 7054/8466 matched
2026-08-19 11:13:13,272 INFO ncaa_identity: contest_id=396514 teams 2078/2078 matched, players 5124/5853 matched
2026-08-19 11:13:15,782 INFO ncaa_identity: contest_id=396636 teams 2353/2353 matched, players 6102/6591 matched
2026-08-19 11:13:16,392 INFO ncaa_identity: contest_id=396648 teams 2029/2029 matched, players 5657/5711 matched
2026-08-19 11:13:17,874 INFO ncaa_identity: contest_id=396690 teams 2107/2107 matched, players 5058/5956 matched
2026-08-19 11:13:18,539 INFO ncaa_identity: contest_id=396704 teams 2120/2120 matched, players 5607/5937 matched
2026-08-19 11:13:20,738 INFO ncaa_identity: contest_id=396884 teams 1033/2088 matched, players 2996/5883 matched
2026-08-19 11:13:21,457 INFO ncaa_identity: contest_id=396922 teams 2326/2326 matched, players 5841/6541 matched
2026-08-19 11:13:23,050 INFO ncaa_identity: contest_id=397022 teams 2329/2329 matched, players 5989/6568 matched
2026-08-19 11:13:23,736 INFO ncaa_identity: contest_id=397040 teams 2140/2140 matched, players 5684/6016 matched
2026-08-19 11:13:24,542 INFO ncaa_identity: contest_id=397053 teams 2147/2147 matched, players 5850/6025 matched
2026-08-19 11:13:25,265 INFO ncaa_identity: contest_id=397068 teams 2127/2127 matched, players 4731/5993 matched
2026-08-19 11:13:26,826 INFO ncaa_identity: contest_id=397119 teams 2050/2050 matched, players 5266/5736 matched
2026-08-19 11:13:27,449 INFO ncaa_identity: contest_id=397173 teams 2027/2027 matched, players 5564/5732 matched
2026-08-19 11:13:28,179 INFO ncaa_identity: contest_id=397195 teams 1910/1910 matched, players 4919/5405 matched
2026-08-19 11:13:28,913 INFO ncaa_identity: contest_id=397262 teams 2561/2561 matched, players 6763/7278 matched
2026-08-19 11:13:31,154 INFO ncaa_identity: contest_id=397335 teams 2368/2368 matched, players 5454/6650 matched
2026-08-19 11:13:32,000 INFO ncaa_identity: contest_id=397365 teams 2446/2446 matched, players 6440/6918 matched
2026-08-19 11:13:33,464 INFO ncaa_identity: contest_id=397410 teams 2404/2404 matched, players 6248/6704 matched
2026-08-19 11:13:34,705 INFO ncaa_identity: contest_id=397447 teams 1874/3736 matched, players 3699/10547 matched
2026-08-19 11:13:35,359 INFO ncaa_identity: contest_id=397469 teams 2316/2316 matched, players 4956/6554 matched
2026-08-19 11:13:36,217 INFO ncaa_identity: contest_id=397487 teams 2369/2369 matched, players 6414/6682 matched
2026-08-19 11:13:37,729 INFO ncaa_identity: contest_id=397679 teams 2653/2653 matched, players 7229/7473 matched
2026-08-19 11:13:38,532 INFO ncaa_identity: contest_id=397715 teams 2596/2596 matched, players 7257/7368 matched
2026-08-19 11:13:40,053 INFO ncaa_identity: contest_id=397742 teams 2052/2052 matched, players 5460/5740 matched
2026-08-19 11:13:40,768 INFO ncaa_identity: contest_id=397752 teams 2693/2693 matched, players 7448/7532 matched
2026-08-19 11:13:42,263 INFO ncaa_identity: contest_id=397793 teams 2240/2240 matched, players 5071/6310 matched
2026-08-19 11:13:43,199 INFO ncaa_identity: contest_id=397807 teams 2580/2580 matched, players 6348/7245 matched
2026-08-19 11:13:43,832 INFO ncaa_identity: contest_id=397841 teams 2077/2077 matched, players 5485/5837 matched
2026-08-19 11:13:46,022 INFO ncaa_identity: contest_id=397948 teams 2307/2307 matched, players 6232/6516 matched
2026-08-19 11:13:46,621 INFO ncaa_identity: contest_id=397976 teams 2096/2096 matched, players 5470/5903 matched
2026-08-19 11:13:47,514 INFO ncaa_identity: contest_id=398109 teams 2603/2603 matched, players 6643/7381 matched
2026-08-19 11:13:48,175 INFO ncaa_identity: contest_id=398127 teams 1705/1705 matched, players 602/604 matched
2026-08-19 11:13:50,695 INFO ncaa_identity: contest_id=398172 teams 2888/2888 matched, players 7612/8224 matched
2026-08-19 11:13:52,144 INFO ncaa_identity: contest_id=398246 teams 2527/2527 matched, players 6784/7126 matched
2026-08-19 11:13:52,959 INFO ncaa_identity: contest_id=398272 teams 2434/2434 matched, players 5976/6868 matched
2026-08-19 11:13:53,725 INFO ncaa_identity: contest_id=398298 teams 2452/2452 matched, players 6357/6932 matched
2026-08-19 11:13:55,365 INFO ncaa_identity: contest_id=398386 teams 2351/2351 matched, players 5394/6640 matched
2026-08-19 11:13:57,046 INFO ncaa_identity: contest_id=398450 teams 1492/2927 matched, players 3067/8308 matched
2026-08-19 11:13:58,627 INFO ncaa_identity: contest_id=398494 teams 1069/2047 matched, players 2948/5773 matched
2026-08-19 11:14:00,961 INFO ncaa_identity: contest_id=398564 teams 2279/2279 matched, players 6260/6400 matched
2026-08-19 11:14:01,658 INFO ncaa_identity: contest_id=398582 teams 2389/2389 matched, players 6041/6705 matched
2026-08-19 11:14:07,545 INFO ncaa_identity: contest_id=398895 teams 2192/2192 matched, players 4554/6196 matched
2026-08-19 11:14:08,361 INFO ncaa_identity: contest_id=398939 teams 2021/2021 matched, players 5347/5662 matched
2026-08-19 11:14:09,676 INFO ncaa_identity: contest_id=399031 teams 2029/2029 matched, players 721/725 matched
2026-08-19 11:14:10,514 INFO ncaa_identity: contest_id=399067 teams 1233/2432 matched, players 3470/6852 matched
2026-08-19 11:14:11,309 INFO ncaa_identity: contest_id=399099 teams 3039/3039 matched, players 8485/8571 matched
2026-08-19 11:14:14,419 INFO ncaa_identity: contest_id=399242 teams 1211/2423 matched, players 3381/6851 matched
2026-08-19 11:14:15,064 INFO ncaa_identity: contest_id=399259 teams 2192/2192 matched, players 6099/6181 matched
2026-08-19 11:14:15,939 INFO ncaa_identity: contest_id=399272 teams 2592/2592 matched, players 7051/7330 matched
2026-08-19 11:14:18,151 INFO ncaa_identity: contest_id=399385 teams 1840/1840 matched, players 4969/5157 matched
2026-08-19 11:14:18,840 INFO ncaa_identity: contest_id=399439 teams 2270/2270 matched, players 5772/6380 matched
2026-08-19 11:14:23,856 INFO ncaa_identity: contest_id=399584 teams 1259/2489 matched, players 3501/7005 matched
2026-08-19 11:14:24,606 INFO ncaa_identity: contest_id=399604 teams 1194/2477 matched, players 3479/7013 matched
2026-08-19 11:14:26,469 INFO ncaa_identity: contest_id=399636 teams 2876/2876 matched, players 6914/8113 matched
2026-08-19 11:14:27,121 INFO ncaa_identity: contest_id=399736 teams 2083/2083 matched, players 5318/5865 matched
2026-08-19 11:14:27,963 INFO ncaa_identity: contest_id=399830 teams 2181/2181 matched, players 6125/6136 matched
2026-08-19 11:14:28,645 INFO ncaa_identity: contest_id=399858 teams 2008/2008 matched, players 5255/5667 matched
2026-08-19 11:14:30,956 INFO ncaa_identity: contest_id=399896 teams 2254/2254 matched, players 5500/6297 matched
2026-08-19 11:14:34,151 INFO ncaa_identity: contest_id=399986 teams 2173/2173 matched, players 5630/6071 matched
2026-08-19 11:14:36,513 INFO ncaa_identity: contest_id=400105 teams 2100/2100 matched, players 5202/5920 matched
2026-08-19 11:14:38,945 INFO ncaa_identity: contest_id=400197 teams 2876/2876 matched, players 7761/8111 matched
2026-08-19 11:14:40,485 INFO ncaa_identity: contest_id=400227 teams 2601/2601 matched, players 6979/7324 matched
2026-08-19 11:14:41,786 INFO ncaa_identity: contest_id=400253 teams 2204/2204 matched, players 5274/6206 matched
2026-08-19 11:14:44,889 INFO ncaa_identity: contest_id=400414 teams 2565/2565 matched, players 6837/7236 matched
2026-08-19 11:14:47,099 INFO ncaa_identity: contest_id=400456 teams 2398/2398 matched, players 6504/6753 matched
2026-08-19 11:14:48,693 INFO ncaa_identity: contest_id=400478 teams 2270/2270 matched, players 5721/6405 matched
2026-08-19 11:14:49,452 INFO ncaa_identity: contest_id=400488 teams 2646/2646 matched, players 7405/7473 matched
2026-08-19 11:14:55,068 INFO ncaa_identity: contest_id=400691 teams 2445/2445 matched, players 5814/6914 matched
2026-08-19 11:14:56,558 INFO ncaa_identity: contest_id=400711 teams 2011/2011 matched, players 5212/5665 matched
2026-08-19 11:14:58,191 INFO ncaa_identity: contest_id=400754 teams 2472/2472 matched, players 6151/6924 matched
2026-08-19 11:14:58,849 INFO ncaa_identity: contest_id=400764 teams 2029/2029 matched, players 4624/5686 matched
2026-08-19 11:15:00,449 INFO ncaa_identity: contest_id=400813 teams 1080/2093 matched, players 2544/5933 matched
2026-08-19 11:15:01,192 INFO ncaa_identity: contest_id=400849 teams 2496/2496 matched, players 7051/7068 matched
2026-08-19 11:15:02,209 INFO ncaa_identity: contest_id=400859 teams 2758/2758 matched, players 6627/7744 matched
2026-08-19 11:15:04,342 INFO ncaa_identity: contest_id=400889 teams 2223/2223 matched, players 6079/6263 matched
2026-08-19 11:15:05,720 INFO ncaa_identity: contest_id=400932 teams 2459/2459 matched, players 6829/6951 matched
2026-08-19 11:15:08,784 INFO ncaa_identity: contest_id=400990 teams 2164/2164 matched, players 5933/6097 matched
2026-08-19 11:15:10,795 INFO ncaa_identity: contest_id=401054 teams 2109/2109 matched, players 5719/5956 matched
2026-08-19 11:15:12,962 INFO ncaa_identity: contest_id=401095 teams 2334/2334 matched, players 6523/6578 matched
2026-08-19 11:15:14,549 INFO ncaa_identity: contest_id=401116 teams 2300/2300 matched, players 5674/6480 matched
2026-08-19 11:15:15,342 INFO ncaa_identity: contest_id=401128 teams 2334/2334 matched, players 5897/6613 matched
2026-08-19 11:15:16,019 INFO ncaa_identity: contest_id=401183 teams 2319/2319 matched, players 6117/6513 matched
2026-08-19 11:15:17,746 INFO ncaa_identity: contest_id=401211 teams 2691/2691 matched, players 6322/7581 matched
2026-08-19 11:15:17,802 INFO 5 starters not found for period 3; using estimate
2026-08-19 11:15:19,296 INFO ncaa_identity: contest_id=401246 teams 1206/2369 matched, players 3334/6675 matched
2026-08-19 11:15:19,926 INFO ncaa_identity: contest_id=401257 teams 981/1888 matched, players 2654/5294 matched
2026-08-19 11:15:21,484 INFO ncaa_identity: contest_id=401277 teams 2085/2085 matched, players 5550/5826 matched
2026-08-19 11:15:23,114 INFO ncaa_identity: contest_id=401297 teams 2275/2275 matched, players 6241/6402 matched
2026-08-19 11:15:23,982 INFO ncaa_identity: contest_id=401307 teams 2258/2258 matched, players 4962/6372 matched
2026-08-19 11:15:24,767 INFO ncaa_identity: contest_id=401317 teams 2514/2514 matched, players 5707/7107 matched
2026-08-19 11:15:25,426 INFO ncaa_identity: contest_id=401329 teams 2171/2171 matched, players 5138/6138 matched
2026-08-19 11:15:26,208 INFO ncaa_identity: contest_id=401345 teams 1909/1909 matched, players 4676/5373 matched
2026-08-19 11:15:26,883 INFO ncaa_identity: contest_id=401391 teams 2626/2626 matched, players 7241/7420 matched
2026-08-19 11:15:27,459 INFO ncaa_identity: contest_id=401403 teams 1814/1814 matched, players 4280/5102 matched
2026-08-19 11:15:29,886 INFO ncaa_identity: contest_id=401461 teams 2467/2467 matched, players 6644/6938 matched
2026-08-19 11:15:31,150 INFO ncaa_identity: contest_id=401492 teams 2014/2014 matched, players 5598/5673 matched
2026-08-19 11:15:32,087 INFO ncaa_identity: contest_id=401502 teams 2645/2645 matched, players 7463/7476 matched
2026-08-19 11:15:33,635 INFO ncaa_identity: contest_id=401526 teams 2231/2231 matched, players 5825/6281 matched
2026-08-19 11:15:34,288 INFO ncaa_identity: contest_id=401539 teams 2218/2218 matched, players 6205/6268 matched
2026-08-19 11:15:34,896 INFO ncaa_identity: contest_id=401551 teams 1829/1829 matched, players 4890/5129 matched
2026-08-19 11:15:36,460 INFO ncaa_identity: contest_id=401572 teams 2625/2625 matched, players 6865/7428 matched
2026-08-19 11:15:37,272 INFO ncaa_identity: contest_id=401582 teams 2067/2067 matched, players 5081/5758 matched
2026-08-19 11:15:38,867 INFO ncaa_identity: contest_id=401608 teams 2381/2381 matched, players 6649/6709 matched
2026-08-19 11:15:40,460 INFO ncaa_identity: contest_id=401629 teams 2353/2353 matched, players 6317/6645 matched
2026-08-19 11:15:44,177 INFO ncaa_identity: contest_id=459429 teams 2774/2774 matched, players 7355/7829 matched
2026-08-19 11:15:45,128 INFO ncaa_identity: contest_id=459445 teams 2383/2383 matched, players 6273/6679 matched
2026-08-19 11:15:45,895 INFO ncaa_identity: contest_id=459463 teams 2499/2499 matched, players 6753/7065 matched
2026-08-19 11:15:47,690 INFO ncaa_identity: contest_id=459499 teams 1455/2838 matched, players 4086/7949 matched
2026-08-19 11:15:48,712 INFO ncaa_identity: contest_id=459515 teams 1245/2466 matched, players 3475/6858 matched
2026-08-19 11:15:49,545 INFO ncaa_identity: contest_id=459535 teams 2703/2703 matched, players 7275/7629 matched
2026-08-19 11:15:50,560 INFO ncaa_identity: contest_id=459558 teams 1321/2565 matched, players 3267/7229 matched
2026-08-19 11:15:51,393 INFO ncaa_identity: contest_id=459574 teams 2733/2733 matched, players 7256/7745 matched
2026-08-19 11:15:52,439 INFO ncaa_identity: contest_id=459594 teams 2618/2618 matched, players 6913/7377 matched
2026-08-19 11:15:55,913 INFO ncaa_identity: contest_id=459829 teams 2648/2648 matched, players 6878/7471 matched
2026-08-19 11:15:56,847 INFO ncaa_identity: contest_id=459953 teams 2247/2247 matched, players 6172/6304 matched
2026-08-19 11:15:57,669 INFO ncaa_identity: contest_id=459967 teams 2488/2488 matched, players 6525/7010 matched
2026-08-19 11:15:58,597 INFO ncaa_identity: contest_id=459982 teams 2541/2541 matched, players 6995/7182 matched
2026-08-19 11:15:59,540 INFO ncaa_identity: contest_id=459998 teams 2767/2767 matched, players 7708/7749 matched
2026-08-19 11:16:00,584 INFO ncaa_identity: contest_id=460014 teams 2945/2945 matched, players 8228/8313 matched
2026-08-19 11:16:02,280 INFO ncaa_identity: contest_id=460052 teams 2488/2488 matched, players 6606/7040 matched
2026-08-19 11:16:03,933 INFO ncaa_identity: contest_id=460126 teams 2473/2473 matched, players 6020/6959 matched
2026-08-19 11:16:04,723 INFO ncaa_identity: contest_id=460139 teams 1194/2436 matched, players 3015/6834 matched
2026-08-19 11:16:07,599 INFO ncaa_identity: contest_id=460199 teams 2385/2385 matched, players 6483/6722 matched
2026-08-19 11:16:08,611 INFO ncaa_identity: contest_id=460225 teams 1312/2492 matched, players 3452/7024 matched
2026-08-19 11:16:09,485 INFO ncaa_identity: contest_id=460241 teams 2785/2785 matched, players 7779/7863 matched
2026-08-19 11:16:10,489 INFO ncaa_identity: contest_id=460266 teams 2287/2287 matched, players 5895/6418 matched
2026-08-19 11:16:12,121 INFO ncaa_identity: contest_id=460363 teams 2215/2215 matched, players 5597/6236 matched
2026-08-19 11:16:13,874 INFO ncaa_identity: contest_id=460415 teams 1307/2578 matched, players 3765/7300 matched
2026-08-19 11:16:14,626 INFO ncaa_identity: contest_id=460428 teams 2647/2647 matched, players 6937/7512 matched
2026-08-19 11:16:16,443 INFO ncaa_identity: contest_id=460518 teams 2485/2485 matched, players 7005/7033 matched
2026-08-19 11:16:17,358 INFO ncaa_identity: contest_id=460533 teams 2474/2474 matched, players 6902/6951 matched
2026-08-19 11:16:18,228 INFO ncaa_identity: contest_id=460554 teams 2657/2657 matched, players 7399/7445 matched
2026-08-19 11:16:19,370 INFO ncaa_identity: contest_id=460573 teams 1506/2947 matched, players 4106/8283 matched
2026-08-19 11:16:20,413 INFO ncaa_identity: contest_id=460589 teams 2693/2693 matched, players 7511/7539 matched
2026-08-19 11:16:21,213 INFO ncaa_identity: contest_id=460629 teams 2428/2428 matched, players 6114/6871 matched
2026-08-19 11:16:23,663 INFO ncaa_identity: contest_id=460711 teams 2671/2671 matched, players 7079/7551 matched
2026-08-19 11:16:24,643 INFO ncaa_identity: contest_id=460754 teams 2581/2581 matched, players 7065/7263 matched
2026-08-19 11:16:28,339 INFO ncaa_identity: contest_id=460964 teams 2501/2501 matched, players 7060/7066 matched
2026-08-19 11:16:29,253 INFO ncaa_identity: contest_id=461037 teams 2588/2588 matched, players 7222/7309 matched
2026-08-19 11:16:30,082 INFO ncaa_identity: contest_id=461102 teams 1210/2496 matched, players 3472/6982 matched
2026-08-19 11:16:34,284 INFO ncaa_identity: contest_id=461260 teams 2553/2553 matched, players 6807/7136 matched
2026-08-19 11:16:35,047 INFO ncaa_identity: contest_id=461292 teams 1190/2371 matched, players 3355/6629 matched
2026-08-19 11:16:36,701 INFO ncaa_identity: contest_id=461344 teams 1246/2469 matched, players 3461/6970 matched
2026-08-19 11:16:40,142 INFO ncaa_identity: contest_id=461438 teams 2460/2460 matched, players 6627/6913 matched
2026-08-19 11:16:42,799 INFO ncaa_identity: contest_id=461543 teams 2209/2209 matched, players 5345/6208 matched
2026-08-19 11:16:44,567 INFO ncaa_identity: contest_id=461669 teams 2858/2858 matched, players 7278/8100 matched
2026-08-19 11:16:46,076 INFO ncaa_identity: contest_id=461722 teams 1822/1822 matched, players 4692/5120 matched
2026-08-19 11:16:48,489 INFO ncaa_identity: contest_id=461766 teams 2205/2205 matched, players 6118/6229 matched
2026-08-19 11:16:50,299 INFO ncaa_identity: contest_id=461794 teams 1221/2405 matched, players 3423/6744 matched
2026-08-19 11:16:53,214 INFO ncaa_identity: contest_id=461851 teams 2969/2969 matched, players 8367/8403 matched
2026-08-19 11:16:56,449 INFO ncaa_identity: contest_id=461908 teams 2128/2128 matched, players 5704/5977 matched
2026-08-19 11:16:58,224 INFO ncaa_identity: contest_id=461974 teams 2289/2289 matched, players 6273/6476 matched
2026-08-19 11:16:59,245 INFO ncaa_identity: contest_id=462001 teams 1295/2625 matched, players 3663/7363 matched
2026-08-19 11:17:00,035 INFO ncaa_identity: contest_id=462031 teams 2443/2443 matched, players 5905/6904 matched
2026-08-19 11:17:01,049 INFO ncaa_identity: contest_id=462070 teams 2759/2759 matched, players 7268/7751 matched
2026-08-19 11:17:04,531 INFO ncaa_identity: contest_id=462131 teams 2080/2080 matched, players 680/738 matched
2026-08-19 11:17:05,260 INFO ncaa_identity: contest_id=462148 teams 2385/2385 matched, players 5706/6711 matched
2026-08-19 11:17:06,230 INFO ncaa_identity: contest_id=462164 teams 2456/2456 matched, players 6612/6950 matched
2026-08-19 11:17:06,984 INFO ncaa_identity: contest_id=462193 teams 2394/2394 matched, players 5805/6773 matched
2026-08-19 11:17:07,909 INFO ncaa_identity: contest_id=462223 teams 1990/1990 matched, players 5149/5562 matched
2026-08-19 11:17:10,457 INFO ncaa_identity: contest_id=462290 teams 2376/2376 matched, players 6459/6705 matched
2026-08-19 11:17:12,218 INFO ncaa_identity: contest_id=462353 teams 1143/2335 matched, players 3250/6532 matched
2026-08-19 11:17:13,037 INFO ncaa_identity: contest_id=462402 teams 963/1910 matched, players 283/663 matched
2026-08-19 11:17:15,542 INFO ncaa_identity: contest_id=462491 teams 0/2380 matched, players 0/6604 matched
2026-08-19 11:17:16,496 INFO ncaa_identity: contest_id=462518 teams 2285/2285 matched, players 5642/6420 matched
2026-08-19 11:17:17,158 INFO ncaa_identity: contest_id=462540 teams 1048/2123 matched, players 3017/5991 matched
2026-08-19 11:17:22,310 INFO ncaa_identity: contest_id=462742 teams 2429/2429 matched, players 6801/6831 matched
2026-08-19 11:17:25,010 INFO ncaa_identity: contest_id=462825 teams 2734/2734 matched, players 7022/7731 matched
2026-08-19 11:17:27,742 INFO ncaa_identity: contest_id=462939 teams 1506/2960 matched, players 4236/8391 matched
2026-08-19 11:17:28,487 INFO ncaa_identity: contest_id=462971 teams 2423/2423 matched, players 6431/6849 matched
2026-08-19 11:17:29,415 INFO ncaa_identity: contest_id=463000 teams 2492/2492 matched, players 6529/7026 matched
2026-08-19 11:17:31,150 INFO ncaa_identity: contest_id=463061 teams 2368/2368 matched, players 5795/6689 matched
2026-08-19 11:17:33,424 INFO ncaa_identity: contest_id=463234 teams 1105/2244 matched, players 2741/6372 matched
2026-08-19 11:17:34,161 INFO ncaa_identity: contest_id=463303 teams 2337/2337 matched, players 6468/6548 matched
2026-08-19 11:17:35,790 INFO ncaa_identity: contest_id=463376 teams 2535/2535 matched, players 6630/7179 matched
2026-08-19 11:17:38,999 INFO ncaa_identity: contest_id=463422 teams 2204/2204 matched, players 5648/6230 matched
2026-08-19 11:17:39,839 INFO ncaa_identity: contest_id=463433 teams 2088/2088 matched, players 5795/5893 matched
2026-08-19 11:17:41,737 INFO ncaa_identity: contest_id=463482 teams 2898/2898 matched, players 7979/8148 matched
2026-08-19 11:17:44,177 INFO ncaa_identity: contest_id=463582 teams 1144/2317 matched, players 3239/6525 matched
2026-08-19 11:17:48,235 INFO ncaa_identity: contest_id=463737 teams 2424/2424 matched, players 5866/6832 matched
2026-08-19 11:17:49,265 INFO ncaa_identity: contest_id=463805 teams 2742/2742 matched, players 6979/7725 matched
2026-08-19 11:17:50,070 INFO ncaa_identity: contest_id=463852 teams 2622/2622 matched, players 6960/7360 matched
2026-08-19 11:17:50,980 INFO ncaa_identity: contest_id=463877 teams 2153/2153 matched, players 5820/6019 matched
2026-08-19 11:17:51,683 INFO ncaa_identity: contest_id=463902 teams 2318/2318 matched, players 6444/6582 matched
2026-08-19 11:17:53,306 INFO ncaa_identity: contest_id=463989 teams 1102/2204 matched, players 3147/6191 matched
2026-08-19 11:17:54,053 INFO ncaa_identity: contest_id=464064 teams 2431/2431 matched, players 6620/6879 matched
2026-08-19 11:17:55,044 INFO ncaa_identity: contest_id=464098 teams 2515/2515 matched, players 6710/7110 matched
2026-08-19 11:17:55,808 INFO ncaa_identity: contest_id=464136 teams 1241/2405 matched, players 3021/6768 matched
2026-08-19 11:17:56,624 INFO ncaa_identity: contest_id=464147 teams 2111/2111 matched, players 5720/5943 matched
2026-08-19 11:17:58,418 INFO ncaa_identity: contest_id=464176 teams 2460/2460 matched, players 6418/6947 matched
2026-08-19 11:18:00,127 INFO ncaa_identity: contest_id=464211 teams 1089/2266 matched, players 3198/6408 matched
2026-08-19 11:18:01,724 INFO ncaa_identity: contest_id=464254 teams 2097/2097 matched, players 5528/5874 matched
2026-08-19 11:18:02,518 INFO ncaa_identity: contest_id=464280 teams 2302/2302 matched, players 6198/6454 matched
2026-08-19 11:18:04,302 INFO ncaa_identity: contest_id=464317 teams 1530/2978 matched, players 4341/8483 matched
2026-08-19 11:18:07,437 INFO ncaa_identity: contest_id=464416 teams 1031/1977 matched, players 2855/5610 matched
2026-08-19 11:18:08,280 INFO ncaa_identity: contest_id=464450 teams 2212/2212 matched, players 6091/6229 matched
2026-08-19 11:18:09,180 INFO ncaa_identity: contest_id=464475 teams 1367/2770 matched, players 3853/7788 matched
2026-08-19 11:18:11,676 INFO ncaa_identity: contest_id=464563 teams 2477/2477 matched, players 6627/6946 matched
2026-08-19 11:18:13,338 INFO ncaa_identity: contest_id=464625 teams 1034/1956 matched, players 2791/5504 matched
2026-08-19 11:18:14,146 INFO ncaa_identity: contest_id=464642 teams 1239/2472 matched, players 2964/6940 matched
2026-08-19 11:18:15,982 INFO ncaa_identity: contest_id=464712 teams 2996/2996 matched, players 7957/8434 matched
2026-08-19 11:18:16,911 INFO ncaa_identity: contest_id=464747 teams 2444/2444 matched, players 6016/6916 matched
2026-08-19 11:18:18,556 INFO ncaa_identity: contest_id=464843 teams 2522/2522 matched, players 6836/7128 matched
2026-08-19 11:18:20,179 INFO ncaa_identity: contest_id=464869 teams 2071/2071 matched, players 5402/5857 matched
2026-08-19 11:18:21,973 INFO ncaa_identity: contest_id=464913 teams 2250/2250 matched, players 6055/6337 matched
2026-08-19 11:18:25,643 INFO ncaa_identity: contest_id=464979 teams 1178/2290 matched, players 3011/6401 matched
2026-08-19 11:18:27,344 INFO ncaa_identity: contest_id=465000 teams 2360/2360 matched, players 6208/6685 matched
2026-08-19 11:18:28,495 INFO ncaa_identity: contest_id=465011 teams 3402/3402 matched, players 7524/9682 matched
2026-08-19 11:18:30,164 INFO ncaa_identity: contest_id=465036 teams 2937/2937 matched, players 7307/8271 matched
2026-08-19 11:18:33,673 INFO ncaa_identity: contest_id=465088 teams 2476/2476 matched, players 6924/6969 matched
2026-08-19 11:18:37,755 INFO ncaa_identity: contest_id=465149 teams 2751/2751 matched, players 7698/7816 matched
2026-08-19 11:18:38,681 INFO ncaa_identity: contest_id=465178 teams 2788/2788 matched, players 7950/7964 matched
2026-08-19 11:18:40,392 INFO ncaa_identity: contest_id=465205 teams 2641/2641 matched, players 7291/7414 matched
2026-08-19 11:18:41,155 INFO ncaa_identity: contest_id=465222 teams 2627/2627 matched, players 7012/7369 matched
2026-08-19 11:18:42,880 INFO ncaa_identity: contest_id=465277 teams 2465/2465 matched, players 6544/6987 matched
2026-08-19 11:18:44,039 INFO ncaa_identity: contest_id=465314 teams 3016/3016 matched, players 7203/8492 matched
2026-08-19 11:18:44,844 INFO ncaa_identity: contest_id=465333 teams 1221/2436 matched, players 2941/6839 matched
2026-08-19 11:18:47,345 INFO ncaa_identity: contest_id=465384 teams 2516/2516 matched, players 6606/7157 matched
2026-08-19 11:18:49,825 INFO ncaa_identity: contest_id=465498 teams 2601/2601 matched, players 7092/7298 matched
2026-08-19 11:18:50,810 INFO ncaa_identity: contest_id=465514 teams 2613/2613 matched, players 6988/7364 matched
2026-08-19 11:18:53,199 INFO ncaa_identity: contest_id=465595 teams 2114/2114 matched, players 5905/5976 matched
2026-08-19 11:18:56,017 INFO ncaa_identity: contest_id=465660 teams 2350/2350 matched, players 6029/6632 matched
2026-08-19 11:18:56,735 INFO ncaa_identity: contest_id=465693 teams 2255/2255 matched, players 5947/6352 matched
2026-08-19 11:18:59,034 INFO ncaa_identity: contest_id=465772 teams 1752/1752 matched, players 4491/4967 matched
2026-08-19 11:18:59,780 INFO ncaa_identity: contest_id=465813 teams 2229/2229 matched, players 6097/6303 matched
2026-08-19 11:19:00,842 INFO ncaa_identity: contest_id=465861 teams 1607/3277 matched, players 4469/9306 matched
2026-08-19 11:19:02,617 INFO ncaa_identity: contest_id=465924 teams 2052/2052 matched, players 5581/5765 matched
2026-08-19 11:19:03,401 INFO ncaa_identity: contest_id=465940 teams 1267/2569 matched, players 3566/7251 matched
2026-08-19 11:19:06,023 INFO ncaa_identity: contest_id=466015 teams 2770/2770 matched, players 7339/7850 matched
2026-08-19 11:19:06,887 INFO ncaa_identity: contest_id=466046 teams 2691/2691 matched, players 7373/7566 matched
2026-08-19 11:19:08,661 INFO ncaa_identity: contest_id=466086 teams 2655/2655 matched, players 7408/7488 matched
2026-08-19 11:19:11,032 INFO ncaa_identity: contest_id=466266 teams 1058/2120 matched, players 2900/5923 matched
2026-08-19 11:19:11,683 INFO ncaa_identity: contest_id=466298 teams 2119/2119 matched, players 5556/6000 matched
2026-08-19 11:19:12,548 INFO ncaa_identity: contest_id=466337 teams 2132/2132 matched, players 5809/6014 matched
2026-08-19 11:19:14,240 INFO ncaa_identity: contest_id=466427 teams 2501/2501 matched, players 6886/7102 matched
2026-08-19 11:19:14,934 INFO ncaa_identity: contest_id=466443 teams 2381/2381 matched, players 6082/6749 matched
2026-08-19 11:19:15,897 INFO ncaa_identity: contest_id=466459 teams 2437/2437 matched, players 5983/6880 matched
2026-08-19 11:19:17,514 INFO ncaa_identity: contest_id=466498 teams 2109/2109 matched, players 5725/5945 matched
2026-08-19 11:19:19,217 INFO ncaa_identity: contest_id=466565 teams 2481/2481 matched, players 6944/7008 matched
2026-08-19 11:19:24,091 INFO ncaa_identity: contest_id=466763 teams 2137/2137 matched, players 5494/5991 matched
2026-08-19 11:19:25,105 INFO ncaa_identity: contest_id=466787 teams 2658/2658 matched, players 6930/7488 matched
2026-08-19 11:19:26,197 INFO ncaa_identity: contest_id=466839 teams 1426/2793 matched, players 3930/7892 matched
2026-08-19 11:19:26,874 INFO ncaa_identity: contest_id=466901 teams 1859/1859 matched, players 4932/5231 matched
2026-08-19 11:19:27,621 INFO ncaa_identity: contest_id=466938 teams 2331/2331 matched, players 6120/6550 matched
2026-08-19 11:19:30,760 INFO ncaa_identity: contest_id=467138 teams 2147/2147 matched, players 5901/6105 matched
2026-08-19 11:19:31,762 INFO ncaa_identity: contest_id=467152 teams 2556/2556 matched, players 6907/7257 matched
2026-08-19 11:19:36,035 INFO ncaa_identity: contest_id=467223 teams 2405/2405 matched, players 6402/6824 matched
2026-08-19 11:19:37,732 INFO ncaa_identity: contest_id=467284 teams 2319/2319 matched, players 6477/6497 matched
2026-08-19 11:19:38,593 INFO ncaa_identity: contest_id=467383 teams 1166/2262 matched, players 3202/6389 matched
2026-08-19 11:19:40,194 INFO ncaa_identity: contest_id=467447 teams 2218/2218 matched, players 5737/6239 matched
2026-08-19 11:19:42,621 INFO ncaa_identity: contest_id=467576 teams 2377/2377 matched, players 6393/6705 matched
2026-08-19 11:19:43,434 INFO ncaa_identity: contest_id=467592 teams 2365/2365 matched, players 6429/6678 matched
2026-08-19 11:19:46,314 INFO ncaa_identity: contest_id=467680 teams 3712/3712 matched, players 9767/10575 matched
2026-08-19 11:19:47,243 INFO ncaa_identity: contest_id=467709 teams 3239/3239 matched, players 8962/9225 matched
2026-08-19 11:19:48,145 INFO ncaa_identity: contest_id=467742 teams 2391/2391 matched, players 6227/6760 matched
2026-08-19 11:19:48,908 INFO ncaa_identity: contest_id=467777 teams 2578/2578 matched, players 6821/7249 matched
2026-08-19 11:19:50,491 INFO ncaa_identity: contest_id=467852 teams 2030/2030 matched, players 5505/5687 matched
2026-08-19 11:19:51,616 INFO ncaa_identity: contest_id=467880 teams 2716/2716 matched, players 7265/7672 matched
2026-08-19 11:19:56,910 INFO ncaa_identity: contest_id=468128 teams 2535/2535 matched, players 6887/7152 matched
2026-08-19 11:19:57,669 INFO ncaa_identity: contest_id=468185 teams 2539/2539 matched, players 6684/7186 matched
2026-08-19 11:19:58,619 INFO ncaa_identity: contest_id=468215 teams 2589/2589 matched, players 6990/7352 matched
2026-08-19 11:19:59,374 INFO ncaa_identity: contest_id=468263 teams 2325/2325 matched, players 6179/6555 matched
2026-08-19 11:20:00,888 INFO ncaa_identity: contest_id=468287 teams 2030/2030 matched, players 5291/5763 matched
2026-08-19 11:20:03,543 INFO ncaa_identity: contest_id=468331 teams 2313/2313 matched, players 5963/6491 matched
2026-08-19 11:20:07,014 INFO ncaa_identity: contest_id=468497 teams 2666/2666 matched, players 6757/7524 matched
2026-08-19 11:20:08,011 INFO ncaa_identity: contest_id=468520 teams 3316/3316 matched, players 8991/9373 matched
2026-08-19 11:20:09,658 INFO ncaa_identity: contest_id=468600 teams 2519/2519 matched, players 6600/7126 matched
2026-08-19 11:20:11,389 INFO ncaa_identity: contest_id=468702 teams 2603/2603 matched, players 7080/7334 matched
2026-08-19 11:20:13,812 INFO ncaa_identity: contest_id=468762 teams 2021/2021 matched, players 5313/5655 matched
2026-08-19 11:20:15,402 INFO ncaa_identity: contest_id=468819 teams 2340/2340 matched, players 5194/6565 matched
2026-08-19 11:20:16,181 INFO ncaa_identity: contest_id=468863 teams 2436/2436 matched, players 6348/6866 matched
2026-08-19 11:20:17,893 INFO ncaa_identity: contest_id=468956 teams 2317/2317 matched, players 6184/6493 matched
2026-08-19 11:20:18,779 INFO ncaa_identity: contest_id=468994 teams 2290/2290 matched, players 6038/6450 matched
2026-08-19 11:20:20,571 INFO ncaa_identity: contest_id=469061 teams 2376/2376 matched, players 6476/6649 matched
2026-08-19 11:20:23,120 INFO ncaa_identity: contest_id=469170 teams 2042/2042 matched, players 5601/5731 matched
2026-08-19 11:20:24,688 INFO ncaa_identity: contest_id=469243 teams 2208/2208 matched, players 5798/6244 matched
2026-08-19 11:20:25,486 INFO ncaa_identity: contest_id=469276 teams 2003/2003 matched, players 5406/5683 matched
2026-08-19 11:20:26,130 INFO ncaa_identity: contest_id=469288 teams 2182/2182 matched, players 5569/6143 matched
2026-08-19 11:20:27,761 INFO ncaa_identity: contest_id=469314 teams 2145/2145 matched, players 5848/6010 matched
2026-08-19 11:20:28,509 INFO ncaa_identity: contest_id=469331 teams 2308/2308 matched, players 6066/6508 matched
2026-08-19 11:20:29,426 INFO ncaa_identity: contest_id=469360 teams 2425/2425 matched, players 6493/6893 matched
2026-08-19 11:20:30,040 INFO ncaa_identity: contest_id=469388 teams 1832/1832 matched, players 4925/5144 matched
2026-08-19 11:20:30,892 INFO ncaa_identity: contest_id=469422 teams 2497/2497 matched, players 6722/7071 matched
2026-08-19 11:20:31,655 INFO ncaa_identity: contest_id=469469 teams 2440/2440 matched, players 6836/6866 matched
2026-08-19 11:20:34,171 INFO ncaa_identity: contest_id=469582 teams 2251/2251 matched, players 6042/6315 matched
2026-08-19 11:20:39,300 INFO ncaa_identity: contest_id=469798 teams 2362/2362 matched, players 5798/6658 matched
2026-08-19 11:20:40,039 INFO ncaa_identity: contest_id=469824 teams 2410/2410 matched, players 6583/6783 matched
2026-08-19 11:20:40,961 INFO ncaa_identity: contest_id=469855 teams 2489/2489 matched, players 6324/7087 matched
2026-08-19 11:20:44,946 INFO ncaa_identity: contest_id=470005 teams 2273/2273 matched, players 5754/6419 matched
2026-08-19 11:20:46,515 INFO ncaa_identity: contest_id=470053 teams 2221/2221 matched, players 5737/6254 matched
2026-08-19 11:20:47,050 INFO ncaa_identity: contest_id=470091 teams 2009/2009 matched, players 5204/5657 matched
2026-08-19 11:20:48,000 INFO ncaa_identity: contest_id=470151 teams 2351/2351 matched, players 6393/6606 matched
2026-08-19 11:20:51,347 INFO ncaa_identity: contest_id=470345 teams 2849/2849 matched, players 7909/8099 matched
2026-08-19 11:20:52,186 INFO ncaa_identity: contest_id=470378 teams 2970/2970 matched, players 6532/8397 matched
2026-08-19 11:20:53,089 INFO ncaa_identity: contest_id=470419 teams 2759/2759 matched, players 7333/7898 matched
2026-08-19 11:20:53,821 INFO ncaa_identity: contest_id=470430 teams 2487/2487 matched, players 6629/7065 matched
2026-08-19 11:20:54,855 INFO ncaa_identity: contest_id=470442 teams 2547/2547 matched, players 6616/7191 matched
2026-08-19 11:20:55,561 INFO ncaa_identity: contest_id=470466 teams 2233/2233 matched, players 6235/6335 matched
2026-08-19 11:20:58,997 INFO ncaa_identity: contest_id=470625 teams 2400/2400 matched, players 6736/6763 matched
2026-08-19 11:21:00,670 INFO ncaa_identity: contest_id=470711 teams 2587/2587 matched, players 7055/7235 matched
2026-08-19 11:21:03,809 INFO ncaa_identity: contest_id=470869 teams 2409/2409 matched, players 6197/6805 matched
2026-08-19 11:21:04,697 INFO ncaa_identity: contest_id=470894 teams 2207/2207 matched, players 6165/6186 matched
2026-08-19 11:21:05,446 INFO ncaa_identity: contest_id=470913 teams 2199/2199 matched, players 6046/6206 matched
2026-08-19 11:21:06,269 INFO ncaa_identity: contest_id=470937 teams 2063/2063 matched, players 5488/5852 matched
2026-08-19 11:21:08,079 INFO ncaa_identity: contest_id=470993 teams 1824/1824 matched, players 631/651 matched
2026-08-19 11:21:10,266 INFO ncaa_identity: contest_id=471104 teams 2144/2144 matched, players 5725/6062 matched
2026-08-19 11:21:11,024 INFO ncaa_identity: contest_id=471128 teams 2691/2691 matched, players 7331/7616 matched
2026-08-19 11:21:12,065 INFO ncaa_identity: contest_id=471147 teams 2480/2480 matched, players 6511/7004 matched
2026-08-19 11:21:12,626 INFO ncaa_identity: contest_id=471188 teams 1703/1703 matched, players 697/699 matched
2026-08-19 11:21:14,026 INFO ncaa_identity: contest_id=471290 teams 2399/2399 matched, players 6437/6824 matched
2026-08-19 112026-08-19 11:21:17,178 INFO ncaa_identity: contest_id=471326 teams 2345/2345 matched, players 6211/6620 matched
2026-08-19 11:21:17,955 INFO ncaa_identity: contest_id=471356 teams 2491/2491 matched, players 6399/7039 matched
2026-08-19 11:21:21,757 INFO ncaa_identity: contest_id=471561 teams 1859/1859 matched, players 4777/5227 matched
2026-08-19 11:21:22,772 INFO ncaa_identity: contest_id=471575 teams 2444/2444 matched, players 6480/6889 matched
2026-08-19 11:21:25,633 INFO ncaa_identity: contest_id=471625 teams 2829/2829 matched, players 7682/7883 matched
2026-08-19 11:21:26,559 INFO ncaa_identity: contest_id=471641 teams 2073/2073 matched, players 5591/5876 matched
2026-08-19 11:21:27,419 INFO ncaa_identity: contest_id=471687 teams 2753/2753 matched, players 7421/7811 matched
2026-08-19 11:21:28,480 INFO ncaa_identity: contest_id=471744 teams 2920/2920 matched, players 8243/8250 matched
2026-08-19 11:21:29,409 INFO ncaa_identity: contest_id=471773 teams 2383/2383 matched, players 6201/6734 matched
2026-08-19 11:21:32,650 INFO ncaa_identity: contest_id=471955 teams 2589/2589 matched, players 6081/7271 matched
2026-08-19 11:21:36,997 INFO ncaa_identity: contest_id=472096 teams 2776/2776 matched, players 7544/7843 matched
2026-08-19 11:21:40,586 INFO ncaa_identity: contest_id=472236 teams 2883/2883 matched, players 7440/8115 matched
2026-08-19 11:21:42,200 INFO ncaa_identity: contest_id=472287 teams 2329/2329 matched, players 6021/6576 matched
2026-08-19 11:21:47,261 INFO ncaa_identity: contest_id=472559 teams 2643/2643 matched, players 6487/7452 matched
2026-08-19 11:21:48,923 INFO ncaa_identity: contest_id=472642 teams 2501/2501 matched, players 6532/7051 matched
2026-08-19 11:21:52,226 INFO ncaa_identity: contest_id=472697 teams 1909/1909 matched, players 4828/5354 matched
2026-08-19 11:21:52,853 INFO ncaa_identity: contest_id=472717 teams 1057/2266 matched, players 2394/6388 matched
2026-08-19 11:21:54,503 INFO ncaa_identity: contest_id=472762 teams 2540/2540 matched, players 7153/7163 matched
2026-08-19 11:21:55,338 INFO ncaa_identity: contest_id=472833 teams 2119/2119 matched, players 5973/5975 matched
2026-08-19 11:21:56,704 INFO ncaa_identity: contest_id=472920 teams 1957/1957 matched, players 5236/5530 matched
2026-08-19 11:21:57,608 INFO ncaa_identity: contest_id=472962 teams 1839/1839 matched, players 665/667 matched
2026-08-19 11:21:59,154 INFO ncaa_identity: contest_id=473053 teams 2358/2358 matched, players 6473/6644 matched
2026-08-19 11:21:59,870 INFO ncaa_identity: contest_id=473070 teams 1087/2149 matched, players 3073/6063 matched
2026-08-19 11:22:03,497 INFO ncaa_identity: contest_id=473168 teams 2751/2751 matched, players 7139/7797 matched
2026-08-19 11:22:04,528 INFO ncaa_identity: contest_id=473197 teams 2499/2499 matched, players 6878/7025 matched
2026-08-19 11:22:08,321 INFO ncaa_identity: contest_id=473318 teams 2133/2133 matched, players 5518/6033 matched
2026-08-19 11:22:14,569 INFO ncaa_identity: contest_id=473659 teams 2092/2092 matched, players 5610/5898 matched
2026-08-19 11:22:15,629 INFO ncaa_identity: contest_id=473706 teams 2819/2819 matched, players 6788/8022 matched
2026-08-19 11:22:16,594 INFO ncaa_identity: contest_id=473724 teams 2806/2806 matched, players 7499/7933 matched
2026-08-19 11:22:20,096 INFO ncaa_identity: contest_id=473783 teams 2530/2530 matched, players 6997/7185 matched
2026-08-19 11:22:21,055 INFO ncaa_identity: contest_id=473803 teams 2050/2050 matched, players 5221/5758 matched
2026-08-19 11:22:22,142 INFO ncaa_identity: contest_id=473817 teams 1285/2641 matched, players 3676/7505 matched
2026-08-19 11:22:23,987 INFO ncaa_identity: contest_id=473933 teams 2149/2149 matched, players 5462/6029 matched
2026-08-19 11:22:24,918 INFO ncaa_identity: contest_id=473947 teams 2120/2120 matched, players 5929/5989 matched
2026-08-19 11:22:25,828 INFO ncaa_identity: contest_id=473964 teams 2566/2566 matched, players 971/1013 matched
2026-08-19 11:22:28,618 INFO ncaa_identity: contest_id=474063 teams 2703/2703 matched, players 7328/7678 matched
2026-08-19 11:22:31,094 INFO ncaa_identity: contest_id=474114 teams 2153/2153 matched, players 5475/6094 matched
2026-08-19 11:22:32,039 INFO ncaa_identity: contest_id=474138 teams 2055/2055 matched, players 5665/5786 matched
2026-08-19 11:22:35,268 INFO ncaa_identity: contest_id=474295 teams 2292/2292 matched, players 5131/6461 matched
2026-08-19 11:22:36,106 INFO ncaa_identity: contest_id=474306 teams 2668/2668 matched, players 6923/7540 matched
2026-08-19 11:22:37,157 INFO ncaa_identity: contest_id=474317 teams 1350/2730 matched, players 3834/7675 matched
2026-08-19 11:22:37,894 INFO ncaa_identity: contest_id=474328 teams 2337/2337 matched, players 5816/6554 matched
2026-08-19 11:22:39,597 INFO ncaa_identity: contest_id=474360 teams 1068/2166 matched, players 3032/6092 matched
2026-08-19 11:22:41,320 INFO ncaa_identity: contest_id=474391 teams 2532/2532 matched, players 6756/7121 matched
2026-08-19 11:22:42,832 INFO ncaa_identity: contest_id=474424 teams 2084/2084 matched, players 5225/5907 matched
2026-08-19 11:22:43,811 INFO ncaa_identity: contest_id=474441 teams 2853/2853 matched, players 7614/8081 matched
2026-08-19 11:22:44,624 INFO ncaa_identity: contest_id=474528 teams 1289/2635 matched, players 3705/7457 matched
2026-08-19 11:22:45,542 INFO ncaa_identity: contest_id=474542 teams 2436/2436 matched, players 5679/6889 matched
2026-08-19 11:22:47,068 INFO ncaa_identity: contest_id=474563 teams 2203/2203 matched, players 6054/6221 matched
2026-08-19 11:22:48,731 INFO ncaa_identity: contest_id=474605 teams 2393/2393 matched, players 6512/6734 matched
2026-08-19 11:22:52,403 INFO ncaa_identity: contest_id=474685 teams 2116/2116 matched, players 5315/5985 matched
2026-08-19 11:23:00,127 INFO ncaa_identity: contest_id=474820 teams 2094/2094 matched, players 5701/5869 matched
2026-08-19 11:23:01,777 INFO ncaa_identity: contest_id=474845 teams 2422/2422 matched, players 6558/6860 matched
2026-08-19 11:23:05,728 INFO ncaa_identity: contest_id=474950 teams 2366/2366 matched, players 6174/6673 matched
2026-08-19 11:23:06,374 INFO ncaa_identity: contest_id=474960 teams 2082/2082 matched, players 5283/5867 matched
2026-08-19 11:23:07,293 INFO ncaa_identity: contest_id=474970 teams 2492/2492 matched, players 6621/6987 matched
2026-08-19 11:23:08,398 INFO 5 starters not found for period 4; using estimate
2026-08-19 11:23:09,632 INFO ncaa_identity: contest_id=475022 teams 1177/2371 matched, players 3028/6691 matched
2026-08-19 11:23:12,274 INFO ncaa_identity: contest_id=475086 teams 1445/2938 matched, players 4040/8314 matched
2026-08-19 11:23:12,952 INFO ncaa_identity: contest_id=475102 teams 2082/2082 matched, players 5737/5854 matched
2026-08-19 11:23:13,788 INFO ncaa_identity: contest_id=475117 teams 1997/1997 matched, players 5394/5615 matched
2026-08-19 11:23:15,436 INFO ncaa_identity: contest_id=475141 teams 2311/2311 matched, players 6254/6515 matched
2026-08-19 11:23:16,283 INFO ncaa_identity: contest_id=475151 teams 2133/2133 matched, players 5693/5992 matched
2026-08-19 11:23:16,2026-08-19 11:23:17,610 INFO ncaa_identity: contest_id=475167 teams 1349/2657 matched, players2026-08-19 11:23:17,2026-08-19 11:23:19,030 INFO ncaa_identity: contest_id=475187 teams 2081/2081 matched, players2026-08-19 11:23:19,2026-08-19 11:23:21,619 INFO ncaa_identity: contest_id=475218 teams 2270/2270 matched, players 5829/6379 matched
2026-08-19 11:23:23,596 INFO ncaa_identity: contest_id=475252 teams 2653/2653 matched, players 6877/7501 matched
2026-08-19 11:23:25,402 INFO ncaa_identity: contest_id=475307 teams 2172/2172 matched, players 5967/5989 matched
2026-08-19 11:23:26,198 INFO ncaa_identity: contest_id=475320 teams 2162/2162 matched, players 5725/6034 matched
2026-08-19 11:23:27,231 INFO ncaa_identity: contest_id=475346 teams 2311/2311 matched, players 5888/6498 matched
2026-08-19 11:23:28,812 INFO ncaa_identity: contest_id=475377 teams 2371/2371 matched, players 6384/6707 matched
2026-08-19 11:23:30,501 INFO ncaa_identity: contest_id=475399 teams 2914/2914 matched, players 7676/8227 matched
2026-08-19 11:23:31,291 INFO ncaa_identity: contest_id=475409 teams 2553/2553 matched, players 6941/7185 matched
2026-08-19 11:23:33,081 INFO ncaa_identity: contest_id=475429 teams 2299/2299 matched, players 5912/6496 matched
2026-08-19 11:23:34,794 INFO ncaa_identity: contest_id=475453 teams 2329/2329 matched, players 6027/6519 matched
2026-08-19 11:23:36,465 INFO ncaa_identity: contest_id=475473 teams 2059/2059 matched, players 5573/5777 matched
2026-08-19 11:23:39,857 INFO ncaa_identity: contest_id=314697 teams 1412/2754 matched, players 3662/7715 matched
2026-08-19 11:23:40,791 INFO ncaa_identity: contest_id=314716 teams 2393/2393 matched, players 6206/6740 matched
2026-08-19 11:23:42,434 INFO ncaa_identity: contest_id=314748 teams 1349/2629 matched, players 3720/7404 matched
2026-08-19 11:23:43,212 INFO ncaa_identity: contest_id=314764 teams 2193/2193 matched, players 874/879 matched
2026-08-19 11:23:44,318 INFO ncaa_identity: contest_id=314776 teams 1394/2721 matched, players 3496/7674 matched
2026-08-19 11:23:45,148 INFO ncaa_identity: contest_id=314790 teams 1363/2729 matched, players 3819/7652 matched
2026-08-19 11:23:46,231 INFO ncaa_identity: contest_id=314802 teams 1729/3360 matched, players 4800/9490 matched
2026-08-19 11:23:49,066 INFO ncaa_identity: contest_id=314836 teams 2933/2933 matched, players 7595/8234 matched
2026-08-19 11:23:49,805 INFO ncaa_identity: contest_id=314849 teams 2406/2406 matched, players 6274/6801 matched
2026-08-19 11:23:51,007 INFO 5 starters not found for period 1; using estimate
2026-08-19 11:23:51,731 INFO ncaa_identity: contest_id=314878 teams 1101/2154 matched, players 3057/6019 matched
2026-08-19 11:23:52,729 INFO ncaa_identity: contest_id=314940 teams 2387/2387 matched, players 6208/6702 matched
2026-08-19 11:23:53,600 INFO ncaa_identity: contest_id=314986 teams 2860/2860 matched, players 7579/8129 matched
2026-08-19 11:23:54,691 INFO ncaa_identity: contest_id=315017 teams 1266/2558 matched, players 3572/7203 matched
2026-08-19 11:23:55,671 INFO ncaa_identity: contest_id=315096 teams 1269/2496 matched, players 3160/6982 matched
2026-08-19 11:23:56,473 INFO ncaa_identity: contest_id=315110 teams 2524/2524 matched, players 6691/7094 matched
2026-08-19 11:23:57,352 INFO ncaa_identity: contest_id=315125 teams 1147/2251 matched, players 3221/6357 matched
2026-08-19 11:232026-08-19 11:23:59,618 INFO ncaa_identity: contest_id=315166 teams 2236/2236 matched, players 5872026-08-19 11:24:02,717 INFO ncaa_identity: contest_id=315216 teams 1517/2971 matched, players 3901/8378 matched
2026-08-19 11:24:03,650 INFO ncaa_identity: contest_id=315227 teams 3162/3162 matched, players 8741/8905 matched
2026-08-19 11:242026-08-19 11:24:04,884 INFO ncaa_identity: contest_id=315255 teams 3181/3181 matched, players 8222026-08-19 11:242026-08-19 11:24:05,839 INFO ncaa_identity: contest_id=315267 teams 2811/2811 matched, players 7582026-08-19 11:24:07,268 INFO ncaa_identity: contest_id=315298 teams 2701/2701 matched, players 7215/7604 matched
2026-08-19 11:24:08,354 INFO ncaa_identity: contest_id=315359 teams 0/2664 matched, players 0/7530 matched
2026-08-19 11:24:10,119 INFO ncaa_identity: contest_id=315432 teams 2223/2223 matched, players 6184/6241 matched
2026-08-19 11:24:11,052026-08-19 11:24:13,131 INFO ncaa_identity: contest_id=315579 teams 2185/2185 matched, players 5652/6159 matched
2026-08-19 11:24:14,859 INFO ncaa_identity: contest_id=315619 teams 2331/2331 matched, players 6364/6536 matched
2026-08-19 11:24:16,675 INFO ncaa_identity: contest_id=315671 teams 2861/2861 matched, players 7680/8047 matched
2026-08-19 11:24:18,468 INFO ncaa_identity: contest_id=315699 teams 1428/2778 matched, players 3580/7851 matched
2026-08-19 11:24:19,293 INFO ncaa_identity: contest_id=315733 teams 2589/2589 matched, players 6983/7279 matched
2026-08-19 11:24:20,220 INFO ncaa_identity: contest_id=315764 teams 2413/2413 matched, players 6785/6814 matched
2026-08-19 11:24:21,015 INFO ncaa_identity: contest_id=315808 teams 2190/2190 matched, playe2026-08-19 11:24:21,832026-08-19 11:24:23,098 INFO ncaa_identity: contest_id=315873 teams 2714/2714 matched, players 7040/7621 matched
2026-08-19 11:24:23,948 INFO ncaa_identity: contest_id=316008 teams 1314/2552 matched, playe2026-08-19 11:24:25,725 INFO ncaa_identity: contest_id=316028 teams 2600/2600 matched, players 6174/7345 matched
2026-08-19 11:24:26,796 INFO ncaa_identity: contest_id=316052 teams 1334/2664 matched, players 3767/7476 matched
2026-08-19 11:24:30,564 INFO ncaa_identity: contest_id=316335 teams 3159/3159 matched, players 8305/8928 matched
2026-08-19 11:24:32,270 INFO ncaa_identity: contest_id=316363 teams 2376/2376 matched, players 6233/6722 matched
2026-08-19 11:24:33,154 INFO ncaa_identity: contest_id=316382 teams 2260/2260 matched, players 6345/6392 matched
2026-08-19 11:24:33,963 INFO ncaa_identity: contest_id=316395 teams 2114/2114 matched, players 843/876 matched
2026-08-19 11:24:36,656 INFO ncaa_identity: contest_id=316443 teams 2372/2372 matched, players 6591/6651 matched
2026-08-19 11:24:37,459 INFO ncaa_identity: contest_id=316501 teams 1348/2624 matched, players 3781/7408 matched
2026-08-19 11:24:38,288 INFO ncaa_identity: contest_id=316522 teams 2084/2084 matched, players 5456/5887 matched
2026-08-19 11:24:40,070 INFO ncaa_identity: contest_id=316609 teams 2640/2640 matched, players 6729/7456 matched
2026-08-19 11:24:41,735 INFO ncaa_identity: contest_id=316684 teams 1503/3007 matched, players 3813/8574 matched
2026-08-19 11:24:43,465 INFO ncaa_identity: contest_id=316730 teams 1203/2399 matched, players 2594/6809 matched
2026-08-19 11:24:45,382 INFO ncaa_identity: contest_id=316837 teams 2128/2128 matched, players 5456/5971 matched
2026-08-19 11:24:46,290 INFO ncaa_identity: contest_id=316862 teams 2390/2390 matched, players 6041/6748 matched
2026-08-19 11:24:47,406 INFO ncaa_identity: contest_id=316888 teams 2728/2728 matched, players 7694/7716 matched
2026-08-19 11:24:48,332 INFO ncaa_identity: contest_id=316902 teams 3008/3008 matched, players 7834/8501 matched
2026-08-19 11:24:49,265 INFO ncaa_identity: contest_id=316921 teams 2439/2439 matched, players 6342/6868 matched
2026-08-19 11:24:50,098 INFO ncaa_identity: contest_id=316936 teams 2595/2595 matched, players 7095/7326 matched
2026-08-19 11:24:51,083 INFO ncaa_identity: contest_id=316948 teams 2509/2509 matched, players 6694/7093 matched
2026-08-19 11:24:54,041 INFO ncaa_identity: contest_id=317010 teams 2803/2803 matched, players 7525/7916 matched
2026-08-19 11:24:55,858 INFO ncaa_identity: contest_id=317045 teams 2584/2584 matched, players 7188/7288 matched
2026-08-19 11:24:56,631 INFO ncaa_identity: contest_id=317057 teams 2485/2485 matched, players 6375/7041 matched
2026-08-19 11:24:57,641 INFO ncaa_identity: contest_id=317071 teams 2652/2652 matched, players 7067/7473 matched
2026-08-19 11:24:59,557 INFO ncaa_identity: contest_id=317115 teams 1446/2905 matched, players 4167/8251 matched
2026-08-19 11:25:00,343 INFO ncaa_identity: contest_id=317146 teams 2274/2274 matched, players 6271/6328 matched
2026-08-19 11:25:02,975 INFO ncaa_identity: contest_id=317240 teams 1176/2424 matched, players 3352/6830 matched
2026-08-19 11:25:03,662 INFO ncaa_identity: contest_id=317285 teams 2323/2323 matched, players 5881/6545 matched
2026-08-19 11:25:04,636 INFO ncaa_identity: contest_id=317306 teams 2357/2357 matched, players 6613/6643 matched
2026-08-19 11:25:06,183 2026-08-19 11:25:06,229 INFO ncaa_identity: contest_id=317410 teams 1164/2324 matched, pla2026-08-19 11:25:07,196 2026-08-19 11:25:07,339 INFO ncaa_identity: contest_id=317433 teams 3031/3031 matched, pla2026-08-19 11:25:08,402 INFO ncaa_identity: contest_id=317401 teams 2837/2837 matched, players 7915/7953 matched
2026-08-19 11:25:10,158 INFO ncaa_identity: contest_id=317442 teams 1202/2421 matched, players 3402/6819 matched
2026-08-19 11:25:10,934 INFO ncaa_identity: contest_id=317480 teams 2442/2442 matched, players 6780/6881 matched
2026-08-19 11:25:12,524 2026-08-19 11:25:13,482 INFO ncaa_identity: contest_id=317631 teams 2675/2675 matched, pla2026-08-19 11:25:13,830 2026-08-19 11:25:14,544 INFO ncaa_identity: contest_id=317651 teams 2488/2488 matched, pla2026-08-19 11:25:14,768 2026-08-19 11:25:17,607 INFO ncaa_identity: contest_id=317788 teams 2915/2915 matched, players 8122/8253 matched
2026-08-19 11:25:18,288 INFO ncaa_identity: contest_id=317805 teams 1919/1919 matched, pla2026-08-19 11:25:18,348 2026-08-19 11:25:19,927 INFO ncaa_identity: contest_id=317849 teams 1193/2300 matched, players 3237/6476 matched
2026-08-19 11:25:23,617 INFO ncaa_identity: contest_id=318007 teams 1925/1925 matched, players 653/664 matched
2026-08-19 11:25:24,639 INFO ncaa_identity: contest_id=318019 teams 2672/2672 matched, players 6998/7570 matched
2026-08-19 11:25:26,460 INFO ncaa_identity: contest_id=318090 teams 2308/2308 matched, players 6294/6515 matched
2026-08-19 11:25:28,150 INFO ncaa_identity: contest_id=318149 teams 2283/2283 matched, players 6051/6453 matched
2026-08-19 11:25:29,210 INFO ncaa_identity: contest_id=318196 teams 1822/1822 matched, playe2026-08-19 11:25:29,2026-08-19 11:25:30,346 INFO ncaa_identity: contest_id=318256 teams 2326/2326 matched, players2026-08-19 11:25:32,755 INFO ncaa_identity: contest_id=318238 teams 2029/2029 matched, players 5162/5720 matched
2026-08-19 11:25:34,580 INFO ncaa_identity: contest_id=318342 teams 2227/2227 matched, players 6084/6324 matched
2026-08-19 11:25:35,431 INFO ncaa_identity: contest_id=318374 teams 2619/2619 matched, players 7244/7366 matched
2026-08-19 11:25:36,494 INFO ncaa_identity: contest_id=318412 teams 2466/22026-08-19 11:25:36,905 INFO ncaa_identi2026-08-19 11:25:37,433 INFO ncaa_identity: contest_id=318498 teams 2429/22026-08-19 11:25:37,762 INFO ncaa_identi2026-08-19 11:25:38,588 INFO ncaa_identity: contest_id=318557 teams 2983/22026-08-19 11:25:39,623 INFO ncaa_identity: contest_id=317936 teams 2501/2501 matched, players 6574/7052 matched
2026-08-19 11:25:42,372 INFO ncaa_identity: contest_id=318017 teams 1187/2321 matched, players 3265/6528 matched
2026-08-19 11:25:44,042 INFO ncaa_identity: contest_id=318087 teams 1346/2667 matched, players 3784/7546 matched
2026-08-19 11:25:44,887 INFO ncaa_identity: contest_id=318110 teams 2603/2603 matched, players 7146/7315 matched
2026-08-19 11:25:45,878 INFO ncaa_identity: contest_id=318130 teams 1159/2326 matched, players 3219/6492 matched
2026-08-19 11:25:51,221 INFO ncaa_identity: contest_id=318420 teams 2044/2044 matched, players 5595/5736 matched
2026-08-19 11:25:52,029 INFO ncaa_identity: contest_id=318523 teams 2478/2478 matched, players 7007/7030 matched
2026-08-19 11:25:52,906 INFO ncaa_identity: contest_id=318560 teams 2175/2175 matched, players 5709/6197 matched
2026-08-19 11:25:53,692 INFO ncaa_identity: contest_id=318574 teams 2588/2588 matched, players 6908/7295 matched
2026-08-19 11:25:54,847 INFO ncaa_identi2026-08-19 11:25:55,976 INFO ncaa_identity: contest_id=319044 teams 1127/2305 matched, players 3033/6473 matched
2026-08-19 11:25:58,392 INFO ncaa_identity: contest_id=319166 teams 2218/22026-08-19 11:25:59,147 INFO ncaa_identi2026-08-19 11:25:59,2026-08-19 11:25:59,760 INFO ncaa_identity: contest_id2026-08-19 11:26:00,284 INFO ncaa_identity: contest_id=318682026-08-19 11:26:00,517 INFO ncaa_identity: contest_id2026-08-19 11:26:02,091 INFO ncaa_identi2026-08-19 11:26:02,131 INFO ncaa_identity: contest_id=319346 teams 2794/22026-08-19 11:26:02,888 INFO ncaa_identi2026-08-19 11:26:03,2026-08-19 11:26:04,202 INFO ncaa_identity: contest_id=319530 teams 1265/2574 matched, players 3597/7228 matched
2026-08-19 11:26:05,366 INFO ncaa_identity: contest_id=319541 teams 1282/2569 matched, players2026-08-19 11:26:06,2026-08-19 11:26:07,216 INFO ncaa_identity: contest_id=319568 teams 2483/2483 matched, players2026-08-19 11:26:10,992 INFO ncaa_identity: contest_id=319599 teams 0/2179 matched, players 0/6190 matched
2026-08-19 11:26:11,952 INFO ncaa_identity: contest_id=319622 teams 1367/2774 matched, players 3170/7842 matched
2026-08-19 11:26:12,732 IN2026-08-19 11:26:12,761 INFO ncaa_identity: contest_id=319723 teams 2609/2609 matched, p2026-08-19 11:26:15,495 INFO ncaa_identity: contest_id=319743 teams 1508/2901 matched, players 4067/8190 matched
2026-08-19 11:26:16,339 INFO ncaa_identity: contest_id=319782 teams 2435/2435 matched, players 6169/6824 matched
2026-08-19 11:26:17,361 IN2026-08-19 11:26:17,379 INFO ncaa_identity: contest_id=319880 teams 2402/2402 matched, p2026-08-19 11:26:19,068 INFO ncaa_identity: contest_id=319865 teams 2329/2329 matched, players 6527/6566 matched
2026-08-19 11:26:21,517 INFO ncaa_identity: contest_id=319992 teams 1996/1996 matched, players 5080/5613 matched
2026-08-19 11:26:23,540 INFO ncaa_identity: contest_id=320071 teams 2300/2300 matched, players 6444/6463 matched
2026-08-19 11:26:24,769 IN2026-08-19 11:26:24,770 INFO ncaa_identity: contest_id=320145 teams 2592/2592 matched, p2026-08-19 11:26:25,542 IN2026-08-19 11:26:27,211 INFO ncaa_identity: contest_id=320203 teams 2264/2264 matched, players 6256/6351 matched
2026-08-19 11:26:28,230 INFO ncaa_identity: contest_id=320243 teams 2838/2838 matched, players 7485/8021 matched
2026-08-19 11:26:30,642 INFO ncaa_identity: contest_id=320333 teams 1521/1521 matched, players 495/511 matched
2026-08-19 11:26:31,388 INFO ncaa_identity: contest_id=320344 teams 2132/2132 matched, players 5755/5964 matched
2026-08-19 11:26:33,222 INFO ncaa_identity: contest_id=320380 teams 2795/2795 matched, players 7744/7882 matched
2026-08-19 11:26:34,961 INFO ncaa_identity: contest_id=320417 teams 2534/2534 matched, players 7061/7179 matched
2026-08-19 11:26:35,917 INFO ncaa_identity: contest_id=320431 teams 2366/2366 matched, players 6103/6571 matched
2026-08-19 11:26:37,604 INFO ncaa_identity: contest_id=320458 teams 2424/2424 matched, players 6455/6855 matched
2026-08-19 11:26:38,327 INFO ncaa_identity: contest_id=320468 teams 1228/2335 matched, pla2026-08-19 11:26:39,800 INFO ncaa_identity: contest_id=320464 teams 2043/2043 matched, players 5628/5753 matched
2026-08-19 11:26:42,090 INFO ncaa_identity: contest_id=320498 teams 2566/2566 matched, players 6691/7230 matched
2026-08-19 11:26:42,980 INFO ncaa_identity: contest_id=320510 teams 2243/2243 matched, players 6191/6312 matched
2026-08-19 11:26:44,678 INFO ncaa_identity: contest_id=320542 teams 2319/2319 matched, players 6078/6507 matched
2026-08-19 11:26:46,400 INFO ncaa_identity: contest_id=320567 teams 2703/2703 matched, players 7244/7595 matched
2026-08-19 11:26:47,937 INFO ncaa_identity: contest_id=320591 teams 2259/2259 matched, players 6096/6412 matched
2026-08-19 11:26:49,576 INFO ncaa_identity: contest_id=320621 teams 2085/2085 matched, players 5839/5898 matched
2026-08-19 11:26:52,563 INFO ncaa_identity: contest_id=320670 teams 1218/2407 matched, players 3438/6768 matched
2026-08-19 11:26:55,463 INFO ncaa_identity: contest_id=320741 teams 2264/2264 matched, players 6225/6359 matched
2026-08-19 11:26:56,505 INFO ncaa_identity: contest_id=320753 teams 1427/2737 matched, players 3890/7671 matched
2026-08-19 11:26:59,607 INFO ncaa_identity: contest_id=320886 teams 2366/2366 matched, players 6209/6676 matched
2026-08-19 11:27:00,512 INFO ncaa_identity: contest_id=320931 teams 2033/2033 matched, players 5462/5737 matched
2026-08-19 11:27:01,190 INFO ncaa_identity: contest_id=320957 teams 2091/2091 matched, players 5513/5884 matched
2026-08-19 11:27:02,864 INFO ncaa_identity: contest_id=321011 teams 2128/2128 matched, players 5776/5893 matched
2026-08-19 11:27:04,599 INFO ncaa_identity: contest_id=321114 teams 1211/2441 matched, players 2258/6889 matched
2026-08-19 11:27:05,464 INFO ncaa_identity: contest_id=321144 teams 1146/2271 matched, players 2670/6434 matched
2026-08-19 11:27:06,205 INFO ncaa_identity: contest_id=321157 teams 1229/2513 matched, players 3530/7099 matched
2026-08-19 11:27:11,521 INFO ncaa_identity: contest_id=321279 teams 2594/2594 matched, players 7075/7343 matched
2026-08-19 11:27:14,130 INFO ncaa_identity: contest_id=321311 teams 2446/2446 matched, players 6187/6933 matched
2026-08-19 11:27:14,905 INFO ncaa_identity: contest_id=321342 teams 1291/2544 matched, players 3345/7126 matched
2026-08-19 11:27:15,957 INFO ncaa_identity: contest_id=321359 teams 2690/2690 matched, players 6926/7570 matched
2026-08-19 11:27:16,727 INFO ncaa_identity: contest_id=321378 teams 2499/2499 matched, players 6915/7029 matched
2026-08-19 11:27:17,584 INFO ncaa_identity: contest_id=321405 teams 2225/2225 matched, players 5881/6298 matched
2026-08-19 11:27:19,205 INFO ncaa_identity: contest_id=321550 teams 2516/2516 matched, players 6565/7091 matched
2026-08-19 11:27:19,958 INFO ncaa_identity: contest_id=321586 teams 2497/2497 matched, players 6421/7023 matched
2026-08-19 11:27:20,874 INFO ncaa_identity: contest_id=321604 teams 2290/2290 matched, players 6417/6459 matched
2026-08-19 11:27:21,764 INFO ncaa_identity: contest_id=321622 teams 2494/2494 matched, players 6796/69392026-08-192026-08-19 11:27:23,740 INFO ncaa_identity: contest_id=321706 teams 3314/3314 matched, players 8591/9357 matched
2026-08-19 11:27:24,739 INFO ncaa_identity: contest_id=321744 teams 1384/2724 matched, players 3848/7666 matched
2026-08-19 11:27:25,729 INFO ncaa_identity: contest_id=321759 teams 2484/2484 matched, players 6850/70032026-08-192026-08-19 11:27:28,057 INFO ncaa_identity: contest_id=321819 teams 1968/1968 matched, players 5118/54982026-08-192026-08-19 11:27:31,425 INFO ncaa_identity: contest_id=322004 teams 1976/1976 matched, players 5533/55762026-08-19 11:27:32,283 INFO ncaa_identity: contest_id=322140 teams 2230/2230 matched, players 6019/6266 matched
2026-08-19 11:27:34,088 INFO ncaa_identity: contest_id=322181 teams 3148/3148 matched, players 8418/8976 matched
2026-08-192026-08-19 11:27:37,787 INFO ncaa_identity: contest_id=322217 teams 2446/2446 matched, players 6131/6919 matched
2026-08-19 11:27:40,216 INFO ncaa_identity: contest_id=322360 teams 2084/2084 matched, players 5037/5908 matched
2026-08-19 11:27:42,010 INFO ncaa_identity: contest_id=322393 teams 2541/2541 matched, players 6852/7166 matched
2026-08-19 11:27:43,018 INFO ncaa_identity: contest_id=322403 teams 2286/2286 matched, players 6353/6456 matched
2026-08-19 11:27:45,698 INFO ncaa_identity: contest_id=322492 teams 2575/2575 matched, players 6824/7238 matched
2026-08-19 11:27:48,273 INFO ncaa_identity: contest_id=322627 teams 2459/2459 matched, players 6513/6920 matched
2026-08-19 11:27:49,200 INFO ncaa_identity: contest_id=322668 teams 2987/2987 matched, players 8257/8435 matched
2026-08-19 11:27:56,180 INFO ncaa_identity: contest_id=322937 teams 2270/2270 matched, players 6123/6399 matched
2026-08-19 11:27:58,752 INFO 5 starters not found for period 5; using estimate
2026-08-19 11:27:59,496 INFO ncaa_identity: contest_id=323094 teams 2326/2326 matched, players 6119/6537 matched
2026-08-19 11:28:01,264 INFO ncaa_identity: contest_id=323183 teams 2958/2958 matched, players 8113/8323 matched
2026-08-19 11:28:02,927 INFO ncaa_identity: contest_id=323251 teams 2515/2515 matched, players 6605/7118 matched
2026-08-19 11:28:04,624 INFO ncaa_identity: contest_id=323304 teams 2082/2082 matched, players 5424/5873 matched
2026-08-19 11:28:06,333 INFO ncaa_identity: contest_id=323364 teams 2100/2100 matched, players 5768/5879 matched
2026-08-19 11:28:07,010 INFO ncaa_identity: contest_id=323414 teams 1915/1915 matched, players 4950/5409 matched
2026-08-19 11:28:08,058 INFO ncaa_identity: contest_id=323477 teams 2586/2586 matched, players 7029/7318 matched
2026-08-19 11:28:08,782 INFO ncaa_identity: contest_id=323519 teams 2297/2297 matched, players 6203/6444 matched
2026-08-19 11:28:10,491 INFO ncaa_identity: contest_id=323548 teams 2194/2194 matched, players 5007/6178 matched
2026-08-19 11:28:11,425 INFO ncaa_identity: contest_id=323559 teams 2247/2247 matched, players 6027/6344 matched
2026-08-19 11:28:13,060 INFO ncaa_identity: contest_id=323612 teams 1131/2259 matched, players 3155/6373 matched
2026-08-19 11:28:14,693 INFO ncaa_identity: contest_id=323648 teams 1003/2020 matched, players 2838/5731 matched
2026-08-19 11:28:18,115 INFO ncaa_identity: contest_id=323863 teams 2212/2212 matched, players 6099/6244 matched
2026-08-19 11:28:18,772 INFO ncaa_identity: contest_id=323881 teams 2078/2078 matched, players 5753/5850 matched
2026-08-19 11:28:19,536 INFO ncaa_identity: contest_id=323932 teams 2392/2392 matched, players 6612/6749 matched
2026-08-19 11:28:20,405 INFO ncaa_identity: contest_id=323987 teams 2210/2210 matched, players 5825/6219 matched
2026-08-19 11:28:22,198 INFO ncaa_identity: contest_id=324029 teams 2353/2353 matched, players 6277/6665 matched
2026-08-19 11:28:23,866 INFO ncaa_identity: contest_id=324075 teams 2249/2249 matched, players 6251/6348 matched
2026-08-19 11:28:24,544 INFO ncaa_identity: contest_id=324119 teams 2152/2152 matched, players 5992/6047 matched
2026-08-19 11:28:26,182 INFO ncaa_identity: contest_id=324190 teams 2764/2764 matched, players 7564/7809 matched
2026-08-19 11:28:27,711 INFO ncaa_identity: contest_id=324282 teams 1687/1687 matched, players 4728/4749 matched
2026-08-19 11:28:28,509 INFO ncaa_identity: contest_id=324329 teams 1013/1995 matched, players 2833/5647 matched
2026-08-19 11:28:30,088 INFO ncaa_identity: contest_id=324395 teams 2570/2570 matched, players 6411/7263 matched
2026-08-19 11:28:30,932 INFO ncaa_identity: contest_id=324426 teams 2832/2832 matched, players 7380/8069 matched
2026-08-19 11:28:32,551 INFO ncaa_identity: contest_id=324470 teams 2253/2253 matched, players 5917/6344 matched
2026-08-19 11:28:35,786 INFO ncaa_identity: contest_id=324648 teams 2185/2185 matched, players 5845/6115 matched
2026-08-19 11:28:36,548 INFO ncaa_identity: contest_id=324664 teams 2433/2433 matched, players 6528/6858 matched
2026-08-19 11:28:36,806 INFO 5 starters not found for period 5; using estimate
2026-08-19 11:28:38,125 INFO ncaa_identity: contest_id=324690 teams 2043/2043 matched, players 5415/5757 m2026-08-2026-08-19 11:28:39,706 INFO ncaa_identity: contest_id=324729 teams 2187/2187 matched, players 5780/6185 matched
2026-08-19 11:28:40,657 INFO ncaa_identity: contest_id=324751 teams 2399/2399 matched, players 6570/6718 m2026-08-19 11:28:43,675 INFO ncaa_identity: contest_id=324369 teams 1204/2491 matched, players 3549/7103 matched
2026-08-2026-08-19 11:28:44,781 INFO ncaa_identity: contest_id=324997 teams 2312/2312 matched, players 6451/6499 m2026-08-2026-08-19 11:28:45,840 INFO ncaa_identity: contest_id=325058 teams 2817/2817 matched, players 7559/7960 m2026-08-19 11:28:47,394 INFO ncaa_identity: contest_id=324475 teams 2139/2139 matched, players 5853/5991 matched
2026-08-19 11:28:52,346 INFO ncaa_identity: contest_id=324678 teams 2411/2411 matched, players 6510/6825 matched
2026-08-19 11:28:53,099 INFO ncaa_identity: contest_id=324694 teams 2298/2298 matched, players 6209/6503 matched
2026-08-19 11:28:54,073 INFO ncaa_identity: contest_id=324710 teams 2606/2606 matched, players 7106/7332 matched
2026-08-2026-08-19 11:28:54,819 INFO ncaa_identity: contest_id=325425 teams 2183/2183 matched, players 6093/6144 m2026-08-2026-08-19 11:28:56,548 INFO ncaa_identity: contest_id=325477 teams 2410/2410 matched, players 6507/6770 m2026-08-2026-08-19 11:28:58,297 INFO ncaa_identity: contest_id=325537 teams 1318/2656 matched, players 3754/7495 m2026-08-2026-08-19 11:29:00,682 INFO ncaa_identity: contest_id=325637 teams 2299/2299 matched, players 6393/6484 2026-08-12026-08-19 11:29:01,671 INFO ncaa_identity: contest_id=325711 teams 2118/2118 matched, players 5577/5948 matched
2026-08-19 11:29:02,441 INFO ncaa_identity: contest_id=325746 teams 2381/2381 matched, players 6496/6696 matched
2026-08-19 11:29:04,910 INFO ncaa_identity: contest_id=325784 teams 2178/2178 matched, players 6083/6154 matched
2026-08-19 11:29:09,928 INFO ncaa_identity: contest_id=326033 teams 2328/2328 matched, players 6521/6578 matched
2026-08-19 11:29:11,600 INFO ncaa_identity: contest_id=326121 teams 2355/2355 matched, players 6148/6595 matched
2026-08-19 11:29:12,221 INFO ncaa_identity: contest_id=326168 teams 2153/2153 matched, players 5706/6083 matched
2026-08-19 11:29:13,044 INFO ncaa_identity: contest_id=326196 teams 1142/2267 matched, players 3249/6378 matched
2026-08-19 11:29:15,457 INFO ncaa_identity: contest_id=326264 teams 2072/2072 matched, players 5382/5821 matched
2026-08-19 11:29:16,360 INFO ncaa_identity: contest_id=326288 teams 2218/2218 matched, players 6219/6260 matched
2026-08-19 11:29:21,088 INFO ncaa_identity: contest_id=326511 teams 1038/2099 matched, players 2929/5931 matched
2026-08-19 11:29:22,010 INFO ncaa_identity: contest_id=326573 teams 2219/2219 matched, players 5708/6266 matched
2026-08-19 11:29:26,313 INFO ncaa_identity: contest_id=326699 teams 2605/2605 matched, players 6737/7331 matched
2026-08-19 11:29:27,277 INFO ncaa_identity: contest_id=326720 teams 2626/2626 matched, players 7008/7406 matched
2026-08-19 11:29:29,594 INFO ncaa_identity: contest_id=326872 teams 2159/2159 matched, players 5837/6101 matched
2026-08-19 11:29:30,482 INFO ncaa_identity: contest_id=326885 teams 2296/2296 matched, players 6273/6476 matched
2026-08-19 11:29:32,130 INFO ncaa_identity: contest_id=326910 teams 2218/2218 matched, players 6011/6266 matched
2026-08-19 11:29:32,856 INFO ncaa_identity: contest_id=326937 teams 2240/2240 matched, players 5574/6249 matched
2026-08-19 11:29:33,802 INFO ncaa_identity: contest_id=326949 teams 2539/2539 matched, players 6855/7095 matched
2026-08-19 11:29:36,252 INFO ncaa_identity: contest_id=327107 teams 2407/2407 matched, players 6468/6832 matched
2026-08-19 11:29:37,165 INFO ncaa_identity: contest_id=327138 teams 2473/2473 matched, players 6669/6993 matched
2026-08-19 11:29:37,905 INFO ncaa_identity: contest_id=327178 teams 2362026-08-19 11:29:38,691 INFO ncaa_identity:2026-08-19 11:29:40,350 INFO ncaa_identity: contest_id=327298 teams 1071/2121 matched, players 2583/5970 matched
2026-08-19 11:29:41,047 INFO ncaa_identity: contest_id=327312 teams 2292026-08-19 11:29:43,262 INFO ncaa_identity: contest_id=326799 teams 3323/3323 matched, players 8382/9479 matched
2026-08-19 11:29:46,157 INFO ncaa_identity: contest_id=326900 teams 1899/1899 matched, players 5025/5359 matched
2026-08-19 11:29:47,741 INFO ncaa_identity: contest_id=326939 teams 1864/1864 matched, players 4949/5241 matched
2026-08-19 11:29:48,639 INFO ncaa_identity: contest_id=326951 teams 2115/2115 matched, players 4969/5939 matched
2026-08-19 11:29:49,385 INFO ncaa_identity: contest_id=327004 teams 2275/2275 matched, players 6360/6372 matched
2026-08-19 11:29:54,218 INFO ncaa_identity: contest_id=327281 teams 1992/1992 matched, players 5321/5623 matched
2026-08-19 11:29:55,012 INFO ncaa_identity: contest_id=327301 teams 2117/2117 matched, players 5471/5938 matched
2026-08-19 11:29:56,010 INFO ncaa_identity: contest_id=327320 teams 2061/2061 matched, players 5291/5822 matched
2026-08-19 11:29:57,794 INFO ncaa_identity: contest_id=327352 teams 2149/2149 matched, players 5653/6037 matched
2026-08-19 11:29:59,554 INFO ncaa_identity: contest_id=327433 teams 2471/2471 matched, players 6489/6940 matched
2026-08-19 11:30:07,302 INFO ncaa_identity: contest_id=327697 teams 2271/2271 matched, players 6329/6400 matched
2026-08-19 11:30:09,498 INFO ncaa_identity: contest_id=327739 teams 2405/2405 matched, players 6525/6761 matched
2026-08-19 11:30:11,449 INFO ncaa_identity: contest_id=327826 teams 2525/2525 matched, players 6887/7159 matched
2026-08-19 11:30:14,395 INFO 5 starters not found for period 4; using estimate
2026-08-19 11:30:15,000 INFO ncaa_identity: contest_id=327968 teams 2221/2221 matched, players 5733/6300 matched
2026-08-19 11:30:19,997 INFO ncaa_identity: contest_id=328083 teams 2078/2078 matched, players 5455/5866 matched
2026-08-19 11:30:21,764 INFO ncaa_identity: contest_id=328206 teams 1234/2507 matched, players 3459/7065 matched
2026-08-19 11:30:23,807 INFO ncaa_identity: contest_id=328264 teams 2259/2259 matched, players 5465/6308 matched
2026-08-19 11:30:24,521 INFO ncaa_identity: contest_id=328310 teams 2232/2232 matched, players 6058/6308 matched
2026-08-19 11:30:25,565 INFO ncaa_identity: contest_id=328377 teams 2314/2314 matched, players 5806/6467 matched
2026-08-19 11:30:28,018 INFO ncaa_identity: contest_id=328435 teams 2466/2466 matched, players 6834/6964 matched
2026-08-19 11:30:28,990 INFO ncaa_identity: contest_id=328451 teams 2470/2470 matched, players 6256/6942 matched
2026-08-19 11:30:30,856 INFO ncaa_identity: contest_id=328518 teams 2453/2453 m2026-08-19 11:30:32,040 INFO ncaa_i2026-08-19 11:30:33,357 INFO ncaa_identity: contest_id=328642 teams 2553/2553 matched, players 6001/7189 matched
2026-08-19 11:30:34,640 INFO ncaa_identity: contest_id=328686 teams 4405/4405 matched, players 11955/12720 matched
2026-08-19 11:30:35,650 INFO ncaa_identity: contest_id=328726 teams 2356/2356 matched, players 797/867 matched
2026-08-19 11:30:37,206 INFO ncaa_identity: contest_id=328780 teams 1981/1981 matched, players 5437/5552 matched
2026-08-19 11:30:38,944 INFO ncaa_identity: contest_id=328821 teams 2354/2354 matched, players 6132/6595 matched
2026-08-19 11:30:41,149 INFO ncaa_identity: contest_id=328924 teams 2286/2286 matched, players 6349/6454 matched
2026-08-19 11:30:43,949 INFO ncaa_identity: contest_id=329034 teams 2405/2405 matched, players 6744/6788 matched
2026-08-19 11:30:46,507 INFO ncaa_identity: contest_id=329076 teams 2140/2140 matched, players 5762/6074 matched
2026-08-19 11:30:52,099 INFO ncaa_identity: contest_id=329267 teams 2515/2515 matched, players 6700/7113 matched
2026-08-19 11:30:55,703 INFO ncaa_identity: contest_id=329383 teams 1285/2473 matched, players 3501/7005 matched
2026-08-19 11:30:56,653 INFO ncaa_identity: contest_id=329404 teams 1319/2685 matched, players 3780/7604 matched
2026-08-19 11:31:00,890 INFO 5 starters not found for period 4; using estimate
2026-08-19 11:31:01,768 INFO ncaa_identity: contest_id=329582 teams 2372/2372 matched, players 6436/6697 matched
2026-08-19 11:31:07,386 INFO ncaa_identity: contest_id=329691 teams 2099/2099 matched, players 5779/5951 matched
2026-08-19 11:31:08,669 INFO ncaa_identity: contest_id=329704 teams 0/2452 matched, players 0/6936 matched
2026-08-19 11:31:10,506 INFO ncaa_identity: contest_id=329737 teams 1988/1988 matched, players 5121/5614 matched
2026-08-19 11:31:11,329 INFO ncaa_identity: contest_id=329758 teams 2090/2090 matched, players 5590/5900 matched
2026-08-19 11:31:14,306 INFO ncaa_identity: contest_id=329865 teams 2296/2296 matched, players 6349/6429 matched
2026-08-19 11:31:15,100 INFO ncaa_identity: contest_id=329875 teams 2144/2144 matched, players 5908/6031 matched
2026-08-19 11:31:17,989 INFO ncaa_identity: contest_id=329924 teams 2441/2441 matched, players 6624/6826 matched
2026-08-19 11:31:21,474 INFO ncaa_identity: contest_id=330000 teams 2130/2130 matched, players 5110/6023 matched
2026-08-19 11:31:24,150 INFO ncaa_identity: contest_id=330056 teams 2606/2606 matched, players 6612/7379 matched
2026-08-19 11:31:25,017 INFO ncaa_identity: contest_id=330066 teams 2298/2298 matched, players 5990/6502 matched
2026-08-19 11:31:26,731 INFO ncaa_identity: contest_id=330091 teams 2358/2358 matched, players 6105/6634 matched
2026-08-19 11:31:29,181 INFO ncaa_identity: contest_id=330138 teams 2433/2433 matched, players 5537/6891 matched
2026-08-19 11:31:30,706 INFO ncaa_identity: contest_id=330185 teams 1780/1780 matched, players 4547/5034 matched
2026-08-19 11:31:32,333 INFO ncaa_identity: contest_id=330237 teams 1977/1977 matched, players 5469/5583 matched
2026-08-19 11:31:37,124 INFO ncaa_identity: contest_id=330324 teams 1798/1798 matched, players 4977/4997 matched
2026-08-19 11:31:37,856 INFO ncaa_identity: contest_id=330347 teams 2289/2289 matched, players 6212/6403 matched
2026-08-19 11:31:39,484 INFO ncaa_identity: contest_id=330386 teams 1971/1971 matched, players 5500/5561 matched
2026-08-19 11:31:40,409 INFO ncaa_identity: contest_id=330403 teams 2359/2359 matched, players 6567/6644 matched
2026-08-19 11:31:41,852 INFO ncaa_identity: contest_id=330432 teams 2228/2228 matched, players 5790/6284 matched
2026-08-19 11:31:42,815 INFO ncaa_identity: contest_id=330442 teams 2517/2517 matched, players 6923/7078 matched
2026-08-19 11:31:43,606 INFO ncaa_identity: contest_id=330452 teams 2211/2211 matched, players 5935/6228 matched
2026-08-19 11:31:45,179 INFO ncaa_identity: contest_id=330472 teams 2005/2005 matched, players 4720/5683 matched
2026-08-19 11:31:46,092 INFO ncaa_identity: contest_id=330483 teams 2197/2197 matched, players 5028/6160 matched
2026-08-19 11:31:46,705 INFO ncaa_identity: contest_id=330493 teams 2014/2014 matched, players 4820/5711 matched
2026-08-19 11:31:47,781 INFO ncaa_identity: contest_id=330503 teams 2573/2573 matched, players 7029/7300 matched
2026-08-19 11:31:48,439 INFO ncaa_identity: contest_id=330513 teams 1884/1884 matched, players 5158/5304 matched
2026-08-19 11:31:49,510 INFO ncaa_identity: contest_id=330523 teams 2835/2835 matched, players 7795/7977 matched
2026-08-19 11:31:51,162 INFO ncaa_identity: contest_id=330571 teams 2259/2259 matched, players 6346/6359 matched
2026-08-19 11:31:51,922 INFO ncaa_identity: contest_id=330593 teams 2180/2180 matched, players 5714/6096 matched
2026-08-19 11:31:52,833 INFO ncaa_identity: contest_id=330617 teams 2462/2462 matched, players 6542/6961 matched
2026-08-19 11:31:53,645 INFO 5 starters not found for period 5; using estimate
2026-08-19 11:31:54,645 INFO ncaa_identity: contest_id=330649 teams 2850/2850 matched, players 7546/8080 matched
2026-08-19 11:31:57,356 INFO ncaa_identity: contest_id=330689 teams 3364/3364 matched, players 9317/9458 matched
2026-08-19 11:31:59,932 INFO ncaa_identity: contest_id=330721 teams 2433/2433 matched, players 6634/6890 matched
2026-08-19 11:32:00,595 INFO ncaa_identity: contest_id=330731 teams 1949/1949 matched, players 4992/5493 matched
2026-08-19 11:32:02,158 INFO ncaa_identity: contest_id=330753 teams 2507/2507 matched, players 6767/7046 matched
2026-08-19 11:32:04,656 INFO ncaa_identity: contest_id=330790 teams 2099/2099 matched, players 5446/5886 matched
2026-08-19 11:32:06,373 INFO ncaa_identity: contest_id=330810 teams 3021/3021 matched, players 8542/8549 matched
2026-08-19 11:32:07,076 INFO ncaa_identity: contest_id=26471 teams 2172/2172 matched, players 5780/6130 matched
2026-08-19 11:32:08,185 INFO ncaa_identity: contest_id=26481 teams 1484/2902 matched, players 4095/8233 matched
2026-08-19 11:32:08,904 INFO ncaa_identity: contest_id=26498 teams 2184/2184 matched, players 6026/6176 matched
2026-08-19 11:32:10,006 INFO ncaa_identity: contest_id=26512 teams 1486/2868 matched, players 4118/8132 matched
2026-08-19 11:32:11,020 INFO ncaa_identity: contest_id=26530 teams 1180/2337 matched, players 363/785 matched
2026-08-19 11:32:11,714 INFO ncaa_identity: contest_id=26545 teams 2039/2039 matched, players 5476/5760 matched
2026-08-19 11:32:13,311 INFO ncaa_identity: contest_id=26572 teams 2501/2501 matched, players 6617/7059 matched
2026-08-19 11:32:14,151 INFO ncaa_identity: contest_id=26584 teams 2554/2554 matched, players 6615/7191 matched
2026-08-19 11:32:15,142 INFO ncaa_identity: contest_id=26595 teams 2638/2638 matched, players 7235/7453 matched
2026-08-19 11:32:15,912 INFO ncaa_identity: contest_id=26608 teams 2283/2283 matched, players 6115/6396 matched
2026-08-19 11:32:17,891 INFO ncaa_identity: contest_id=26638 teams 2858/2858 matched, players 7699/8061 matched
2026-08-19 11:32:18,650 INFO ncaa_identity: contest_id=26699 teams 1156/2230 matched, players 3199/6301 matched
2026-08-19 11:32:20,292 INFO ncaa_identity: contest_id=26759 teams 2742/2742 matched, players 7424/7754 matched
2026-08-19 11:32:22,958 INFO ncaa_identity: contest_id=26892 teams 2447/2447 matched, players 6637/6909 matched
2026-08-19 11:32:24,650 INFO ncaa_identity: contest_id=26918 teams 2118/2118 matched, players 5522/5967 matched
2026-08-19 11:32:27,482 INFO ncaa_identity: contest_id=26967 teams 2635/2635 matched, players 7353/7410 matched
2026-08-19 11:32:28,587 INFO ncaa_identity: contest_id=26982 teams 3038/3038 matched, players 8265/8539 matched
2026-08-19 11:32:30,331 INFO ncaa_identity: contest_id=27008 teams 1473/2947 matched, players 4105/8363 matched
2026-08-19 11:32:31,502 INFO ncaa_identity: contest_id=27022 teams 3485/3485 matched, players 9478/9991 matched
2026-08-19 11:32:32,280 INFO ncaa_identity: contest_id=27035 teams 1399/2739 matched, players 3715/7711 matched
2026-08-19 11:32:33,203 INFO ncaa_identity: contest_id=27049 teams 2342/2342 matched, players 6409/6614 matched
2026-08-19 11:32:33,949 INFO ncaa_identity: contest_id=27069 teams 2129/2129 matched, players 5401/5962 matched
2026-08-19 11:32:35,800 INFO ncaa_identity: contest_id=27104 teams 1429/2829 matched, players 3495/8003 matched
2026-08-19 11:32:37,681 INFO ncaa_identity: contest_id=27187 teams 2734/2734 matched, players 6859/7742 matched
2026-08-19 11:32:40,286 INFO ncaa_identity: contest_id=27284 teams 2517/2517 matched, players 6744/7100 matched
2026-08-19 11:32:41,120 INFO ncaa_identity: contest_id=27353 teams 1305/2544 matched, players 3629/7124 matched
2026-08-19 11:32:43,064 INFO ncaa_identity: contest_id=27392 teams 1375/2761 matched, players 3952/7811 matched
2026-08-19 11:32:44,106 INFO ncaa_identity: contest_id=27411 teams 2521/2521 matched, players 6926/7081 matched
2026-08-19 11:32:44,907 INFO ncaa_identity: contest_id=27426 teams 2373/2373 matched, players 5992/6661 matched
2026-08-19 11:32:45,958 INFO ncaa_identity: contest_id=27447 teams 1129/2250 matched, players 3117/6241 matched
2026-08-19 11:32:47,034 INFO ncaa_identity: contest_id=27482 teams 2535/2535 matched, players 6223/7108 matched
2026-08-19 11:32:47,837 INFO ncaa_identity: contest_id=27519 teams 2310/2310 matched, players 6344/6503 matched
2026-08-19 11:32:48,894 INFO ncaa_identity: contest_id=27540 teams 2519/2519 matched, players 6568/7092 matched
2026-08-19 11:32:49,592 INFO ncaa_identity: contest_id=27573 teams 2150/2150 matched, players 5970/6070 matched
2026-08-19 11:32:50,528 INFO ncaa_identity: contest_id=27613 teams 2767/2767 matched, players 6727/7831 matched
2026-08-19 11:32:52,179 INFO ncaa_identity: contest_id=27774 teams 2911/2911 matched, players 7929/8212 matched
2026-08-19 11:32:54,746 INFO ncaa_identity: contest_id=27887 teams 2251/2251 matched, players 5781/6354 matched
2026-08-19 11:32:55,432 INFO ncaa_identity: contest_id=28057 teams 2249/2249 matched, players 6306/6384 matched
2026-08-19 11:32:57,208 INFO ncaa_identity: contest_id=28089 teams 1085/2222 matched, players 3111/6275 matched
2026-08-19 11:32:58,959 INFO ncaa_identity: contest_id=28120 teams 2384/2384 matched, players 6442/6756 matched
2026-08-19 11:33:00,912 INFO ncaa_identity: contest_id=28148 teams 2437/2437 matched, players 6452/6803 matched
2026-08-19 11:33:02,644 INFO ncaa_identity: contest_id=28237 teams 2501/2501 matched, players 6854/7041 matched
2026-08-19 11:33:04,470 INFO ncaa_identity: contest_id=28297 teams 2223/2223 matched, players 5943/6272 matched
2026-08-19 11:33:06,176 INFO ncaa_identity: contest_id=28374 teams 1393/2851 matched, players 3657/8088 matched
2026-08-19 11:33:07,061 INFO ncaa_identity: contest_id=28414 teams 1415/2697 matched, players 3480/7536 matched
2026-08-19 11:33:08,128 INFO ncaa_identity: contest_id=28462 teams 2112/2112 matched, players 5905/5939 matched
2026-08-19 11:33:11,516 INFO ncaa_identity: contest_id=28605 teams 1005/2000 matched, players 2805/5620 matched
2026-08-19 11:33:12,998 INFO ncaa_identity: contest_id=28630 teams 2214/2214 matched, players 6068/6298 matched
2026-08-19 11:33:17,243 INFO ncaa_identity: contest_id=28708 teams 1211/2534 matched, players 3496/7108 matched
2026-08-19 11:33:17,988 INFO ncaa_identity: contest_id=28733 teams 2481/2481 matched, players 6775/7026 matched
2026-08-19 11:33:20,568 INFO ncaa_identity: contest_id=28769 teams 1937/1937 matched, players 5151/5416 matched
2026-08-19 11:33:21,412 INFO ncaa_identity: contest_id=28785 teams 2546/2546 matched, players 5690/7188 matched
2026-08-19 11:33:22,442 INFO ncaa_identity: contest_id=28813 teams 1137/2238 matched, players 3179/6329 matched
2026-08-19 11:33:24,095 INFO ncaa_identity: contest_id=28881 teams 1188/2484 matched, players 3094/6997 matched
2026-08-19 11:33:25,912 INFO ncaa_identity: contest_id=28945 teams 2218/2218 matched, players 6071/6227 matched
2026-08-19 11:33:27,765 INFO ncaa_identity: contest_id=28989 teams 2359/2359 matched, players 6110/6693 matched
2026-08-19 11:33:28,482 INFO ncaa_identity: contest_id=29005 teams 2024/2024 matched, players 5631/5649 matched
2026-08-19 11:33:29,500 INFO ncaa_identity: contest_id=29020 teams 2790/2790 matched, players 6925/7918 matched
2026-08-19 11:33:30,225 INFO ncaa_identity: contest_id=29035 teams 2352/2352 matched, players 6447/6633 matched
2026-08-19 11:33:31,241 INFO ncaa_identity: contest_id=29047 teams 2372/2372 matched, players 6236/6645 matched
2026-08-19 11:33:33,771 INFO ncaa_identity: contest_id=29148 teams 2503/2503 matched, players 6202/7034 matched
2026-08-19 11:33:36,433 INFO ncaa_identity: contest_id=29200 teams 2288/2288 matched, players 6319/6367 matched
2026-08-19 11:33:37,185 INFO ncaa_identity: contest_id=29237 teams 1266/2553 matched, players 3113/7212 matched
2026-08-19 11:33:38,232 INFO ncaa_identity: contest_id=29278 teams 1402/2764 matched, players 3852/7836 matched
2026-08-19 11:33:39,980 INFO ncaa_identity: contest_id=29335 teams 1128/2246 matched, players 3179/6361 matched
2026-08-19 11:33:40,953 INFO ncaa_identity: contest_id=29380 teams 1136/2275 matched, players 3170/6352 matched
2026-08-19 11:33:41,698 INFO ncaa_identity: contest_id=29406 teams 1158/2314 matched, players 3252/6548 matched
2026-08-19 11:33:43,321 INFO ncaa_identity: contest_id=29486 teams 1149/2278 matched, players 3176/6392 matched
2026-08-19 11:33:44,017 INFO ncaa_identity: contest_id=29505 teams 2212/2212 matched, players 5315/6233 matched
2026-08-19 11:33:45,855 INFO ncaa_identity: contest_id=29571 teams 0/2554 matched, players 0/7199 matched
2026-08-19 11:33:47,253 INFO ncaa_identity: contest_id=29647 teams 1947/1947 matched, players 5298/5480 matched
2026-08-19 11:33:48,140 INFO ncaa_identity: contest_id=29673 teams 1311/2626 matched, players 3795/7461 matched
2026-08-19 11:33:48,205 INFO 5 starters not found for period 5; using estimate
2026-08-19 11:33:48,860 INFO ncaa_identity: contest_id=29704 teams 2286/2286 matched, players 4887/6495 matched
2026-08-19 11:33:49,781 INFO ncaa_identity: contest_id=29724 teams 2661/2661 matched, players 6927/7468 matched
2026-08-19 11:33:50,543 INFO ncaa_identity: contest_id=29749 teams 1139/2211 matched, players 3186/6211 matched
2026-08-19 11:33:51,465 INFO ncaa_identity: contest_id=29773 teams 2406/2406 matched, players 6503/6785 matched
2026-08-19 11:33:53,263 INFO ncaa_identity: contest_id=29844 teams 2391/2391 matched, players 6351/6693 matched
2026-08-19 11:33:54,223 INFO ncaa_identity: contest_id=29872 teams 2265/2265 matched, players 6006/6396 matched
2026-08-19 11:33:55,130 INFO ncaa_identity: contest_id=29915 teams 2658/2658 matched, players 7383/7421 matched
2026-08-19 11:33:57,634 INFO ncaa_identity: contest_id=30061 teams 2102/2102 matched, players 5151/5930 matched
2026-08-19 11:33:58,341 INFO ncaa_identity: contest_id=30129 teams 2212/2212 matched, players 5623/6256 matched
2026-08-19 11:33:59,225 INFO ncaa_identity: contest_id=30203 teams 2207/2207 matched, players 6121/6211 matched
2026-08-19 11:34:00,100 INFO ncaa_identity: contest_id=30273 teams 1343/2776 matched, players 3814/7900 matched
2026-08-19 11:34:03,467 INFO ncaa_identity: contest_id=30349 teams 2383/2383 matched, players 6474/6689 matched
2026-08-19 11:34:07,422 INFO ncaa_identity: contest_id=30443 teams 1152/2258 matched, players 3078/6345 matched
2026-08-19 11:34:09,132 INFO ncaa_identity: contest_id=30496 teams 1292/2460 matched, players 3490/6944 matched
2026-08-19 11:34:10,033 INFO ncaa_identity: contest_id=30534 teams 2540/2540 matched, players 6573/7171 matched
2026-08-19 11:34:10,987 INFO ncaa_identity: contest_id=30587 teams 1274/2543 matched, players 3153/7154 matched
2026-08-19 11:34:11,559 INFO ncaa_identity: contest_id=30600 teams 1665/1665 matched, players 4363/4685 matched
2026-08-19 11:34:12,267 INFO ncaa_identity: contest_id=30634 teams 1069/2185 matched, players 3054/6160 matched
2026-08-19 11:34:13,208 INFO ncaa_identity: contest_id=30671 teams 2707/2707 matched, players 7145/7644 matched
2026-08-19 11:34:13,998 INFO ncaa_identity: contest_id=30688 teams 2471/2471 ma2026-08-19 11:34:14,192 INFO ncaa_2026-08-19 11:34:15,971 INFO ncaa_identity: contest_id=30780 teams 2898/2898 matched, players 6785/8202 matched
2026-08-19 11:34:17,446 INFO ncaa_identity: contest_id=30831 teams 2180/2180 matched, players 4769/6146 matched
2026-08-19 11:34:19,009 INFO ncaa_identity: contest_id=30906 teams 2353/2353 matched, players 6202/6655 matched
2026-08-19 11:34:20,752 INFO ncaa_identity: contest_id=30966 teams 2517/2517 matched, players 6146/7110 matched
2026-08-19 11:34:21,760 INFO ncaa_identity: contest_id=31014 teams 2269/2269 matched, players 6163/6362 matched
2026-08-19 11:34:23,535 INFO ncaa_identity: contest_id=31106 teams 2912/2912 matched, players 7398/8194 matched
2026-08-19 11:34:24,382 INFO nca2026-08-19 11:34:26,654 INFO ncaa_identity: contest_id=31722 teams 2041/2041 matched, players 5685/5726 matched
2026-08-19 11:34:27,503 INFO ncaa_identity: contest_id=31753 teams 1286/2483 matc2026-08-19 11:34:28,195 INFO nca2026-08-19 11:34:28,455 INFO ncaa_identity: co2026-08-19 11:34:29,297 INFO ncaa_i2026-08-19 11:34:31,555 INFO ncaa_identity: contest_id=31355 teams 1245/2517 matched, players 3419/7064 matched
2026-08-19 11:34:32,368 INFO n2026-08-19 11:34:34,371 INFO ncaa_identity: contest_id=31938 teams 1407/2748 matched, players 3881/7706 matched
2026-08-19 11:34:35,400 INFO ncaa_identity: cont2026-08-19 11:34:36,020 INFO ncaa_identity: contest_id=32069 team2026-08-19 11:34:37,054 INFO ncaa_identity: cont2026-08-19 11:34:37,622 INFO ncaa_identity: contest_id=32145 team2026-08-19 11:34:38,033 INFO ncaa_identity: cont2026-08-19 11:34:40,065 INFO ncaa_i2026-08-19 11:34:40,159 INFO ncaa_identity: contest_id=31725 teams 1864/1864 m2026-08-19 11:34:41,838 INFO ncaa_i2026-08-19 11:34:42,723 INFO ncaa_identity: contest_id=31854 teams 2256/2256 m2026-08-19 11:34:42,771 INFO ncaa_i2026-08-19 11:34:43,544 INFO ncaa_identity: contest_id=31871 teams 2775/2775 m2026-08-19 11:34:45,383 INFO ncaa_identity: contest_id=32350 teams 2344/2344 matched, players 5721/6563 matched
2026-08-19 11:34:46,364 INFO ncaa_identity: contest_id=32360 teams 1367/2776 matched, players 3962/7917 matched
2026-08-19 11:34:47,325 INFO ncaa_i2026-08-19 11:34:47,434 INFO ncaa_identity: contest_id=31928 teams 2638/2638 m2026-08-19 11:34:49,411 INFO ncaa_identity: contest_id=32392 team2026-08-19 11:34:49,690 INFO ncaa_identity: cont2026-08-19 11:34:51,242 INFO ncaa_i2026-08-19 11:34:51,818 INFO ncaa_identity: contest_id=32066 teams 2259/2259 m2026-08-19 11:34:52,113 INFO ncaa_i2026-08-19 11:34:52,595 INFO ncaa_identity: contest_id=32104 teams 2092/2026-08-19 11:34:53,254 INFO ncaa_identit2026-08-19 11:34:53,642 INFO n2026-08-19 11:34:55,055 INFO ncaa_identity: contest_id=32451 teams 2477/2477 matched, players 6935/7015 matched
2026-08-19 11:34:58,027 INFO ncaa_identity: contest_id=32495 teams 2603/2603 matched, players 6487/7290 matched
2026-08-19 11:34:58,973 INFO ncaa_identity: contest_id=32507 teams 2596/2596 matched, players 6650/7304 matched
2026-08-19 11:35:00,695 INFO ncaa_identity: contest_id=32528 teams 2341/2341 matched, players 6104/6582 matched
2026-08-19 11:35:02,223 INFO ncaa_identity: contest_id=32549 teams 2000/2000 matched, players 5097/5633 matched
2026-08-19 11:35:03,801 INFO ncaa_identity: contest_id=32570 teams 2340/2340 matched, players 6101/6613 matched
2026-08-19 11:35:05,635 INFO ncaa_identity: contest_id=32607 teams 1230/2579 matched, players 3545/7307 matched
2026-08-19 11:35:07,588 INFO ncaa_identity: contest_id=32644 teams 2140/2140 matched, players 5970/6017 matched
2026-08-19 11:35:08,643 INFO ncaa_identity: contest_id=32665 teams 2280/2280 matched, players 6252/6409 matched
2026-08-19 11:35:09,393 INFO ncaa_identity: contest_id=32684 teams 1749/1749 matched, players 599/655 matched
2026-08-19 11:35:13,223 INFO ncaa_identity: contest_id=32838 teams 12/2258 matched, players 0/6377 matched
2026-08-19 11:35:15,124 INFO ncaa_identity: contest_id=32897 teams 2846/2846 matched, players 6718/8119 matched
2026-08-19 11:35:16,093 INFO ncaa_identity: contest_id=32935 teams 2434/2434 matched, players 6447/6855 matched
2026-08-19 11:35:16,886 INFO ncaa_identity: contest_id=32960 teams 2374/2374 matched, players 6459/6736 matched
2026-08-19 11:35:20,296 INFO ncaa_identity: contest_id=33109 teams 1949/1949 matched, players 5059/5477 matched
2026-08-19 11:35:23,044 INFO ncaa_identity: contest_id=33151 teams 2570/2570 matched, players 6544/7252 matched
2026-08-19 11:35:24,510 INFO ncaa_identity: contest_id=33179 teams 3221/3221 matched, players 8782/9043 matched
2026-08-19 11:35:27,574 INFO ncaa_identity: contest_id=33275 teams 2467/2467 matched, players 6526/7000 matched
2026-08-19 11:35:28,422 INFO ncaa_identity: contest_id=33315 teams 2451/2451 matched, players 6540/6925 matched
2026-08-19 11:35:29,392 INFO ncaa_identity: contest_id=33363 teams 1327/2554 matched, players 3565/7193 matched
2026-08-19 11:35:32,189 INFO ncaa_identity: contest_id=33486 teams 2823/2823 matched, players 7743/7972 matched
2026-08-19 11:35:36,536 INFO ncaa_identity: contest_id=33593 teams 2413/2413 matched, players 6325/6815 matched
2026-08-19 11:35:37,455 INFO ncaa_identity: contest_id=33626 teams 2324/2324 matched, players 6073/6556 matched
2026-08-19 11:35:40,185 INFO ncaa_identity: contest_id=33706 teams 2557/2557 matched, players 6654/7200 matched
2026-08-19 11:35:40,926 INFO ncaa_identity: contest_id=33748 teams 1151/2285 matched, players 3079/6451 matched
2026-08-19 11:35:43,671 INFO ncaa_identity: contest_id=33843 teams 2560/2560 matched, players 6151/7204 matched
2026-08-19 11:35:43,759 INFO 5 starters not found for period 5; using estimate
2026-08-19 11:35:45,974 INFO ncaa_identity: contest_id=33919 teams 3382/3382 matched, players 9525/9614 matched
2026-08-19 11:35:47,958 INFO ncaa_identity: contest_id=33996 teams 2297/2297 matched, players 6278/6463 matched
2026-08-19 11:35:51,718 INFO ncaa_identity: contest_id=34171 teams 2817/2817 matched, players 7933/7961 matched
2026-08-19 11:35:54,245 INFO ncaa_identity: contest_id=34209 teams 2315/2315 matched, players 6443/6537 matched
2026-08-19 11:35:55,250 INFO ncaa_identity: contest_id=34229 teams 2224/2224 matched, players 6228/6260 matched
2026-08-19 11:35:56,216 INFO ncaa_identity: contest_id=34257 teams 3575/3575 matched, players 9992/10217 matched
2026-08-19 11:35:58,000 INFO ncaa_identity: contest_id=34383 teams 2407/2407 matched, players 6477/6842 matched
2026-08-19 11:35:58,831 INFO ncaa_identity: contest_id=34422 teams 1081/2126 matched, players 3030/5985 matched
2026-08-19 11:36:00,348 INFO ncaa_identity: contest_id=34483 teams 2092/2092 matched, players 5321/5901 matched
2026-08-19 11:36:02,800 INFO ncaa_identity: contest_id=34620 teams 2222/2222 matched, players 5761/6260 matched
2026-08-19 11:36:04,294 INFO ncaa_identity: contest_id=34684 teams 2239/2239 matched, players 5258/6305 matched
2026-08-19 11:36:05,023 INFO ncaa_identity: contest_id=34696 teams 2167/2167 matched, players 6079/6106 matched
2026-08-19 11:36:07,713 INFO ncaa_identity: contest_id=34795 teams 2047/2047 matched, players 5169/5790 matched
2026-08-19 11:36:11,244 INFO ncaa_identity: contest_id=34930 teams 2361/2361 matched, players 6140/6637 matched
2026-08-19 11:36:12,997 INFO ncaa_identity: contest_id=34991 teams 2511/2511 matched, players 6186/7063 matched
2026-08-19 11:36:15,333 INFO ncaa_identity: contest_id=35108 teams 2021/2021 matched, players 5398/5703 matched
2026-08-19 11:36:16,324 INFO ncaa_identity: contest_id=35139 teams 2374/2374 matched, players 6680/6723 matched
2026-08-19 11:36:17,045 INFO ncaa_identity: contest_id=35168 teams 2159/2159 matched, players 5683/6091 matched
2026-08-19 11:36:17,912 INFO ncaa_identity: contest_id=35198 teams 2145/2145 matched, players 5523/6090 matched
2026-08-19 11:36:19,521 INFO ncaa_identity: contest_id=35304 teams 2112/2112 matched, players 5681/5964 matched
2026-08-19 11:36:20,934 INFO ncaa_identity: contest_id=35335 teams 2153/2153 matched, players 5787/6061 matched
2026-08-19 11:36:22,027 INFO ncaa_identity: contest_id=35360 teams 1339/2680 matched, players 3728/7565 matched
2026-08-19 11:36:23,865 INFO ncaa_identity: contest_id=35414 teams 1238/2441 matched, players 3451/6877 matched
2026-08-19 11:36:25,349 INFO ncaa_identity: contest_id=35513 teams 1948/1948 matched, players 5326/5473 matched
2026-08-19 11:36:27,396 INFO ncaa_identity: contest_id=35588 teams 1083/2132 matched, players 2500/6043 matched
2026-08-19 11:36:30,874 INFO ncaa_identity: contest_id=35771 teams 2576/2576 matched, players 7010/7249 matched
2026-08-19 11:36:31,518 INFO ncaa_identity: contest_id=35786 teams 1713/1713 matched, players 4340/4805 matched
2026-08-19 11:36:32,628 INFO ncaa_identity: contest_id=35807 teams 3151/3151 matched, players 8672/8950 matched
2026-08-19 11:36:34,328 INFO ncaa_identity: contest_id=35855 teams 1822/1822 matched, players 4962/5119 matched
2022026-08-19 11:36:35,593 INFO ncaa_identity: contest_id=35306 teams 2371/2371 matched, players 6314/6707 matche2022026-08-19 11:36:36,326 INFO ncaa_identity: contest_id=35324 teams 2280/2280 matched, players 6009/6431 matche2022026-08-19 11:36:37,321 INFO ncaa_identity: contest_id=35338 teams 2324/2324 matched, players 6218/6570 matche2026-08-19 11:36:38,155 INFO ncaa_identity: contest_id=36040 teams 2118/2118 matched, players 5734/5964 matched
2026-08-19 11:36:39,803 INFO ncaa_identity: contest_id=36104 teams 2003/2003 matched, players 5262/5636 matched
2026-08-19 11:36:40,514 INFO ncaa_identity: contest_id=36138 teams 1971/1971 matched, players 5027/5540 matched
2026-08-19 11:36:41,559 INFO ncaa_identity: contest_id=36179 teams 2548/2548 matched, players 6657/7265 matched
2022026-08-19 11:36:42,672 INFO ncaa_identity: contest_id=35555 teams 2608/2608 matched, players 7209/7321 matche2026-08-19 11:36:45,390 INFO ncaa_identity: contest_id=36349 teams 2670/2670 matched, players 7085/7543 matched
2026-08-19 11:36:46,086 INFO ncaa_identity: contest_id=36398 teams 2073/2073 matched, players 5815/5836 matched
2026-08-19 11:36:49,237 INFO ncaa_identity: contest_id=36451 teams 2313/2313 matched, players 6425/6574 matched
2026-08-19 11:36:50,321 INFO ncaa_identity: contest_id=36479 teams 1468/3042 matched, players 3595/8633 matched
2026-08-19 11:36:53,181 INFO ncaa_identity: contest_id=36604 teams 2655/2655 matched, players 7382/7543 matched
2026-08-19 11:36:53,981 INFO ncaa_identity: contest_id=36642 teams 2665/2665 matched, players 7370/7601 matched
2026-08-19 11:36:54,913 INFO ncaa_identity: contest_id=36701 teams 2369/2369 matched, players 6607/6656 matched
2022026-08-19 11:36:56,186 INFO ncaa_identity: contest_id=36106 teams 1309/2461 matched, players 3460/6943 matche2022026-08-19 11:36:56,956 INFO ncaa_identity: contest_id=36145 teams 2357/2357 matched, players 6236/6645 matche2022026-08-19 11:36:57,869 INFO ncaa_identity: contest_id=36186 teams 1995/1995 matched, players 5536/5582 matche2026-08-19 11:36:59,077 INFO ncaa_identity: contest_id=36885 teams 2466/2466 matched, players 6616/6891 matched
2026-08-19 11:37:02,293 INFO ncaa_identity: contest_id=36981 teams 2529/2529 matched, players 6728/7115 matched
2026-08-19 11:37:03,726 INFO ncaa_identity: contest_id=37035 teams 2135/2135 matched, players 5831/6031 matched
2026-08-19 11:37:04,762 INFO ncaa_identity: contest_id=37081 teams 2408/2408 matched, players 6685/6767 matched
2026-08-19 11:37:07,660 INFO ncaa_identity: contest_id=37202 teams 2165/2165 matched, players 5836/6133 matched
2026-08-19 11:37:08,791 INFO ncaa_identity: contest_id=37225 teams 1974/1974 matched, players 5071/5548 matched
2026-08-19 11:37:11,338 INFO ncaa_identity: contest_id=37327 teams 2395/2395 matched, players 5884/6754 matched
2026-08-19 11:37:12,168 INFO ncaa_identity: contest_id=37362 teams 1995/1995 matched, players 5137/5608 matched
2026-08-19 11:37:14,238 INFO ncaa_identity: contest_id=37460 teams 2341/2341 matched, players 6334/6614 matched
2026-08-19 11:37:16,850 INFO ncaa_identity: contest_id=37532 teams 2136/2136 matched, players 5754/6071 matched
2026-08-19 11:37:17,851 INFO ncaa_identity: contest_id=37546 teams 2295/2295 matched, players 6227/6466 matched
2026-08-19 11:37:21,262 INFO ncaa_identity: contest_id=37656 teams 2347/2347 matched, players 6484/6582 matched
2026-08-19 11:37:24,287 INFO ncaa_identity: contest_id=37820 teams 2338/2338 matched, players 6086/6614 matched
2026-08-19 11:37:25,291 INFO ncaa_identity: contest_id=37881 teams 2378/2378 matched, players 6236/6738 matched
2026-08-19 11:37:26,398 INFO ncaa_identity: contest_id=37910 teams 2429/2429 matched, players 6617/6885 matched
2026-08-19 11:37:33,242 INFO ncaa_identity: contest_id=38092 teams 2418/2418 matched, players 6578/6904 matched
2026-08-19 11:37:42,101 INFO ncaa_identity: contest_id=38453 teams 2229/2229 matched, players 6255/6307 matched
2026-08-19 11:37:42,797 INFO ncaa_identity: contest_id=38486 teams 1953/1953 matched, players 5465/5495 matched
2026-08-19 11:37:43,846 INFO ncaa_identity: contest_id=38511 teams 2256/2256 matched, players 6103/6288 matched
2026-08-19 11:37:47,509 INFO ncaa_identity: contest_id=38645 teams 2150/2150 matched, players 5856/6064 matched
2026-08-19 11:37:49,301 INFO ncaa_identity: contest_id=38680 teams 2188/2188 matched, players 5292/6175 matched
2026-08-19 11:37:50,231 INFO ncaa_identity: contest_id=38695 teams 2336/2336 matched, players 6193/6518 matched
2026-08-19 11:37:51,335 INFO ncaa_identity: contest_id=38716 teams 2778/2778 matched, players 7410/7858 matched
2026-08-19 11:37:52,108 INFO ncaa_identity: contest_id=38786 teams 2409/2409 matched, players 6621/6797 matched
2026-08-19 11:37:53,756 INFO ncaa_identity: contest_id=38859 teams 2085/2085 matched, players 5050/5890 matched
2026-08-19 11:37:54,716 INFO ncaa_identity: contest_id=38883 teams 2327/2327 matched, players 6442/6575 matched
2026-08-19 11:37:55,517 INFO ncaa_identity: contest_id=38918 teams 2654/2654 matched, players 7372/7503 matched
2026-08-19 11:37:58,137 INFO ncaa_identity: contest_id=39046 teams 1188/2452 matched, players 3449/6903 matched
2026-08-19 11:37:58,946 INFO ncaa_identity: contest_id=39063 teams 2493/2493 matched, players 6734/6994 matched
2026-08-19 11:37:59,785 INFO ncaa_identity: contest_id=39096 teams 2255/2255 matched, players 6273/6402 matched
2026-08-19 11:38:03,356 INFO ncaa_identity: contest_id=39216 teams 2033/2033 matched, players 5716/5735 matched
2026-08-19 11:38:07,626 INFO ncaa_identity: contest_id=39387 teams 1203/2362 matched, players 3275/6599 matched
2026-08-19 11:38:08,717 INFO ncaa_identity: contest_id=39409 teams 2244/2244 matched, players 6259/6291 matched
2026-08-19 11:38:10,660 INFO ncaa_identity: contest_id=39493 teams 2535/2535 matched, players 6589/7129 matched
2026-08-19 11:38:12,336 INFO ncaa_identity: contest_id=39541 teams 2094/2094 matched, players 5477/5904 matched
2026-08-19 11:38:13,088 INFO ncaa_identity: contest_id=39592 teams 2046/2046 matched, players 5514/5713 matched
2026-08-19 11:38:15,406 INFO ncaa_identity: contest_id=39721 teams 1821/1821 matched, players 5099/5124 matched
2026-08-19 11:38:18,489 INFO ncaa_identity: contest_id=39782 teams 1197/2320 matched, players 3033/6602 matched
2026-08-19 11:38:20,342 INFO ncaa_identity: contest_id=39817 teams 2437/2437 matched, players 6318/6903 matched
2026-08-19 11:38:21,406 INFO ncaa_identity: contest_id=39883 teams 2181/2181 matched, players 5837/6123 matched
2026-08-19 11:38:23,531 INFO ncaa_identity: contest_id=39985 teams 2266/2266 matched, players 5895/6395 matched
2026-08-19 11:38:24,387 INFO ncaa_identity: contest_id=40023 teams 2288/2288 matched, players 6048/6440 matched
2026-08-19 11:38:25,497 INFO ncaa_identity: contest_id=40066 teams 1247/2482 matched, players 3520/7043 matched
2026-08-19 11:38:26,347 INFO ncaa_identity: contest_id=40128 teams 2511/2511 matched, players 6988/7037 matched
2026-08-19 11:38:27,148 INFO ncaa_identity: contest_id=40148 teams 2607/2607 matched, players 6941/7380 matched
2026-08-19 11:38:28,093 INFO ncaa_identity: contest_id=40176 teams 2315/2315 matched, players 6346/6522 matched
2026-08-19 11:38:29,727 INFO ncaa_identity: contest_id=40219 teams 2525/2525 matched, players 6894/7168 matched
2026-08-19 11:38:32,415 INFO ncaa_identity: contest_id=40298 teams 2228/2228 matched, players 6191/6290 matched
2026-08-19 11:38:33,147 INFO ncaa_identity: contest_id=40331 teams 2143/2143 matched, players 5686/6004 matched
2026-08-19 11:38:33,864 INFO ncaa_identity: contest_id=40345 teams 2123/2123 matched, players 5507/5978 matched
2026-08-19 11:38:37,526 INFO ncaa_identity: contest_id=40463 teams 2379/2379 matched, players 6523/6677 matched
2026-08-19 11:38:39,493 INFO ncaa_identity: contest_id=40531 teams 2607/2607 matched, players 6881/7374 matched
2026-08-19 11:38:44,214 INFO ncaa_identity: contest_id=40776 teams 2805/2805 matched, players 7784/7952 matched
2026-08-19 11:38:45,742 INFO ncaa_identity: contest_id=40798 teams 2082/2082 matched, players 5864/5874 matched
2026-08-19 11:38:46,476 INFO ncaa_identity: contest_id=40808 teams 2385/2385 matched, players 6191/6752 matched
2026-08-19 11:38:47,456 INFO ncaa_identity: contest_id=40823 teams 2484/2484 matched, players 6579/7041 matched
2026-08-19 11:38:48,157 INFO ncaa_identity: contest_id=40841 teams 2026/2026 matched, players 5228/5664 matched
2026-08-19 11:38:49,990 INFO ncaa_identity: contest_id=40891 teams 2314/2314 matched, players 6119/6482 matched
2026-08-19 11:38:51,290 INFO ncaa_identity: contest_id=40966 teams 2232/2232 matched, players 5918/6298 matched
2026-08-19 11:38:53,099 INFO ncaa_identity: contest_id=41008 teams 2362/2362 matched, players 6233/6704 matched
2026-08-19 11:38:55,074 INFO ncaa_identity: contest_id=41039 teams 1085/2163 matched, players 2492/6087 matched
2026-08-19 11:38:58,911 INFO ncaa_identity: contest_id=41156 teams 1247/2482 matched, players 3513/7011 matched
2026-08-19 11:39:02,021 INFO ncaa_identity: contest_id=41262 teams 2589/2589 matched, players 6823/7289 matched
2026-08-19 11:39:03,062 INFO ncaa_identity: contest_id=41316 teams 2686/2686 matched, players 7312/7499 matched
2026-08-19 11:39:04,274 INFO ncaa_identity: contest_id=41333 teams 2571/2571 matched, players 6276/7317 matched
2026-08-19 11:39:05,303 INFO ncaa_identity: contest_id=41356 teams 2641/2641 matched, players 7266/7477 matched
2026-08-19 11:39:07,374 INFO ncaa_identity: contest_id=41394 teams 2061/2061 matched, players 5433/5802 matched
2026-08-19 11:39:08,459 INFO ncaa_identity: contest_id=41410 teams 1889/1889 matched, players 5281/5294 matched
2026-08-19 11:39:09,283 INFO 5 starters not found for period 5; using estimate
2026-08-19 11:39:12,995 INFO ncaa_identity: contest_id=41505 teams 2137/2137 matched, players 5615/6035 matched
2026-08-19 11:39:13,784 INFO ncaa_identity: contest_id=41587 teams 2370/2370 matched, players 6538/6673 matched
2026-08-19 11:39:15,353 INFO ncaa_identity: contest_id=41614 teams 2263/2263 matched, players 5806/6339 matched
2026-08-19 11:39:16,290 INFO ncaa_identity: contest_id=41624 teams 2124/2124 matched, players 5586/6013 matched
2026-08-19 11:39:18,608 INFO ncaa_identity: contest_id=41674 teams 2390/2390 matched, players 6709/6735 matched
2026-08-19 11:39:20,735 INFO ncaa_identity: contest_id=41710 teams 2686/2686 matched, players 7562/7639 matched
2026-08-19 11:39:22,687 INFO ncaa_identity: contest_id=41753 teams 1165/2335 matched, players 2905/6619 matched
2026-08-19 11:39:23,663 INFO ncaa_identity: contest_id=41763 teams 1207/2433 matched, players 3152/6823 matched
2026-08-19 11:39:24,494 INFO ncaa_identity: contest_id=41794 teams 2274/2274 matched, players 5862/6356 matched
2026-08-19 11:39:25,541 INFO ncaa_identity: contest_id=41818 teams 2296/2296 matched, players 6220/6514 matched
2026-08-19 11:39:29,781 INFO ncaa_identity: contest_id=41895 teams 2134/2134 matched, players 5803/6047 matched
2026-08-19 11:39:31,401 INFO ncaa_identity: contest_id=41922 teams 2487/2487 matched, players 5498/7048 matched
2026-08-19 11:39:32,381 INFO ncaa_identity: contest_id=41955 teams 2506/2506 matched, players 6713/7076 matched
2026-08-19 11:39:34,028 INFO ncaa_identity: contest_id=42000 teams 2199/2199 matched, players 5974/6167 matched
2026-08-19 11:39:34,780 INFO ncaa_identity: contest_id=42019 teams 2341/2341 matched, players 6106/6610 matched
2026-08-19 11:39:38,395 INFO ncaa_identity: contest_id=42059 teams 2665/2665 matched, players 7090/7539 matched
2026-08-19 11:39:42,046 INFO ncaa_identity: contest_id=42150 teams 2726/2726 matched, players 7194/7703 matched
2026-08-19 11:39:42,787 INFO ncaa_identity: contest_id=42163 teams 2004/2004 matched, players 5633/5637 matched
2026-08-19 11:39:43,640 INFO ncaa_identity: contest_id=42175 teams 1825/1825 matched, players 4833/5148 matched
2026-08-19 11:39:44,495 INFO ncaa_identity: contest_id=42186 teams 2678/2678 ma2026-08-19 11:39:46,121 INFO ncaa_2026-08-19 11:39:46,395 INFO ncaa_identity: contest_id=42219 teams 2542/2542 ma2026-08-19 11:39:48,024 INFO ncaa_identity: contest_id=41901 teams 2322/2322 matched, players 6174/6583 matched
2026-08-19 11:39:49,048 INFO ncaa_2026-08-19 11:39:49,447 INFO ncaa_identity: contest_id=42249 teams 3259/3259 ma2026-08-19 11:39:51,668 INFO ncaa_identity: contest_id=41983 teams 2790/2790 matched, players 6772/7862 matched
2026-08-19 11:39:52,640 INFO ncaa_identity: contest_id=42004 teams 2241/2241 matched, players 5995/6269 matched
2026-08-19 11:39:53,330 INFO ncaa_2026-08-19 11:39:55,311 INFO ncaa_identity: contest_id=42309 teams 2200/2200 ma2026-08-19 11:39:55,431 INFO ncaa_2026-08-19 11:39:56,155 INFO ncaa_identity: contest_id=42332 teams 2228/2228 ma2026-08-19 11:39:57,382 INFO ncaa_2026-08-19 11:39:57,410 INFO ncaa_identity: contest_id=42360 teams 2537/2537 ma2026-08-19 11:39:58,231 INFO ncaa_2026-08-19 11:39:58,273 INFO ncaa_identity: contest_id=42379 teams 2636/2636 ma2026-08-19 11:40:04,202 INFO ncaa_2026-08-19 11:40:04,804 INFO ncaa_identity: contest_id=42480 teams 2434/2434 ma2026-08-19 11:40:05,296 INFO ncaa_2026-08-19 11:40:10,250 INFO ncaa_identity: contest_id=42544 teams 2327/2327 matched, players 5973/6588 matched
2026-08-19 11:40:12,139 INFO ncaa_identity: contest_id=42571 teams 2246/2246 matched, players 6220/6317 matched
2026-08-19 11:40:13,126 INFO ncaa_identity: contest_id=42581 teams 1883/1883 matched, players 5218/5300 matched
2026-08-19 11:40:15,219 INFO ncaa_identity: contest_id=1618573 teams 2456/2456 2026-08-19 11:40:17,642 INFO ncaa_identity: contest_id=42381 teams 2601/2601 matched, players 6971/7330 matched
2026-08-19 11:40:18,380 INFO ncaa_identity: contest_id=42396 teams 2280/2280 matched, players 6391/6444 matched
2026-08-19 11:40:23,606 INFO ncaa_identity: contest_id=42482 teams 2245/2245 matched, players 6055/6374 matched
2026-08-19 11:40:25,412 INFO ncaa_identity: contest_id=42504 teams 2112/2112 matched, players 5501/5922 matched
2026-08-19 11:40:27,368 INFO ncaa_identity: contest_id=42526 teams 2284/2284 matched, players 5979/6477 matched
2026-08-19 11:40:31,176 INFO ncaa_identity: contest_id=42573 teams 2227/2227 matched, players 6084/6308 matched
2026-08-19 11:40:31,982 INFO ncaa_identity: contest_id=42583 teams 1801/1801 matched, players 4782/5071 matched
2026-08-19 11:40:33,170 INFO ncaa_identity: contest_id=1618565 teams 2705/2705 matched, players 6944/7666 matched
2026-08-19 11:40:36,118 INFO ncaa_identity: contest_id=1618597 teams 23/2729 matched, players 0/7733 matched
2026-08-19 11:40:36,984 INFO ncaa_identity: contest_id=1618608 teams 2673/2673 matched, players 7187/7521 matched
2026-08-19 11:40:38,181 INFO ncaa_identity: contest_id=1618620 teams 0/3089 matched, players 0/8508 matched
2026-08-19 11:40:40,118 INFO ncaa_identity: contest_id=1618641 teams 1502/2942 matched, players 4282/8356 matched
2026-08-19 11:40:42,158 INFO ncaa_identity: contest_id=1618662 teams 1095/2288 matched, players 3202/6440 matched
2026-08-19 11:40:43,330 INFO ncaa_identity: contest_id=1618673 teams 1287/2537 matched, players 3479/7167 matched
2026-08-19 11:40:44,265 INFO ncaa_identity: contest_id=1618684 teams 1331/2738 matched, players 3868/7730 matched
2026-08-19 11:40:45,971 INFO ncaa_identity: contest_id=1618707 teams 2144/2144 matched, players 5578/6018 matched
2026-08-19 11:40:47,086 INFO ncaa_identity: contest_id=1618730 teams 1418/2899 matched, players 3927/7942 matched
2026-08-19 11:40:47,931 INFO ncaa_identity: contest_id=1618751 teams 2383/2383 matched, players 6299/6719 matched
2026-08-19 11:40:48,750 INFO ncaa_identity: contest_id=1618762026-08-19 11:40:49,110 INFO ncaa_identity: contest_id2026-08-19 11:40:50,821 INFO ncaa_identity: contest_id=1618822026-08-19 11:40:50,966 INFO ncaa_identity: contest_id2026-08-19 11:40:51,768 INFO ncaa_identity: contest_id=1618877 teams 2814/2814 matched, players 7181/7517 matched
2026-08-19 11:40:56,189 INFO ncaa_identity: contest_id=1618964 teams 2872/2872 matched, players 7586/8107 matched
2026-08-19 11:40:57,079 INFO ncaa_identity: contest_id=1618979 teams 2723/2723 matched, players 7133/7710 matched
2026-08-19 11:40:58,906 INFO ncaa_identity: contest_id=1619189 teams 2535/2535 matched, players 6915/7204 matched
2026-08-19 11:40:59,927 INFO ncaa_identity: contest_id=1619272026-08-19 11:41:00,754 INFO ncaa_identity: contest_id2026-08-19 11:41:03,929 INFO ncaa_identity: contest_id=1619331 teams 1459/2847 matched, players 3634/8004 matched
2026-08-19 11:41:04,861 INFO ncaa_identity: contest_id=1619352 teams 2748/2748 matched, players 6893/7757 matched
2026-08-19 11:41:09,220 INFO ncaa_identity: contest_id=1619446 teams 2582/2582 matched, players 6672/7263 matched
2026-08-19 11:41:11,078 INFO ncaa_identity: contest_id=1619540 teams 1306/2598 matched, players 2989/7154 matched
2026-08-19 11:41:12,012 INFO ncaa_identity: contest_id=1619560 teams 2714/2714 matched, players 7022/7035 matched
2026-08-19 11:41:12,921 INFO ncaa_identity: contest_id=1619590 teams 1107/2137 matched, players 3103/6071 matched
2026-08-19 11:41:14,663 INFO ncaa_identity: contest_id=1619674 teams 2394/2394 matched, players 6645/6731 matched
2026-08-19 11:41:20,996 INFO ncaa_identity: contest_id=1619805 teams 2951/2951 matched, players 8184/8317 matched
2026-08-19 11:41:22,922 INFO ncaa_identity: contest_id=1619955 teams 2591/2591 matched, players 6495/7373 matched
2026-08-19 11:41:24,019 INFO ncaa_identity: contest_id=1619974 teams 2291/2291 matched, players 6429/6488 matched
2026-08-19 11:41:29,888 INFO ncaa_identity: contest_id=1620415 teams 2131/2131 matched, players 5769/5834 matched
2026-08-19 11:41:30,894 INFO ncaa_identity: contest_id=1620478 teams 1218/2459 matched, players 3416/6962 matched
2026-08-19 11:41:32,104 INFO ncaa_identity: contest_id=1620496 teams 1223/2431 matched, players 3389/6786 matched
2026-08-19 11:41:33,339 INFO ncaa_identity: contest_id=1620508 teams 2235/2235 matched, players 5751/6275 matched
2026-08-19 11:41:34,153 INFO ncaa_identity: contest_id=1620519 teams 1113/2208 matched, players 3149/6248 matched
2026-08-19 11:41:35,224 INFO ncaa_identity: contest_id=1620531 teams 2411/2411 matched, players 6550/6801 matched
2026-08-19 11:41:36,089 INFO ncaa_identity: contest_id=1620562026-08-19 11:41:37,364 INFO ncaa_identity: contest_id=1621172 teams 1296/2664 matched, players 3737/7527 matched
2026-08-19 11:41:41,857 INFO ncaa_identity: contest_id=1621323 teams 2130/2130 matched, players 5702/5997 matched
2026-08-19 11:41:42,617 INFO ncaa_identity: contest_id=1621354 teams 2344/2344 matched, players 6576/6613 matched
2026-08-19 11:41:43,779 INFO ncaa_identity: contest_id2026-08-19 11:41:44,598 INFO ncaa_identity: contest_id=1620872026-08-19 11:41:44,832 INFO ncaa_identity: contest_id2026-08-19 11:41:47,291 INFO ncaa_identity: contest_id=1620950 teams 0/3012 matched, players 0/8261 matched
2026-08-19 11:41:49,037 INFO ncaa_identity: contest_id=1620988 teams 2221/2221 matched, players 5512/6258 matched
[p1_s_e_e] [WARNING] [TeamId(name='UC Irvine')]v[TeamId(name='LIU')] Flip court for periods: [[2, 3, 4]] because [total_shots={1: 28, 2: 22, 3: 36, 4: 29} long_shots={1: 13, 2: 22, 32026-08-19 11:41:51,599 INFO ncaa_identity: contest_id=1621676 teams 2450/2450 matched, players 6168/6176 matched
2026-08-19 11:42026-08-19 11:41:54,764 INFO ncaa_identity: contest_id=1621089 teams 2268/2268 matched, players 5812/6378 matched
2026-08-19 11:41:55,810 INFO ncaa_identity: contest_id=1621102 teams 2624/2624 matched, players 7168/7368 matched
2026-08-19 11:41:56,663 INFO ncaa_identity: contest_id=1621147 teams 2660/2660 matched, players 70702026-08-19 11:42026-08-19 11:41:57,700 INFO ncaa_identity: contest_id=162026-08-19 11:41:57,990 INFO ncaa_identity:2026-08-19 11:42:06,077 INFO ncaa_identity: contest_id=1622337 teams 2409/2409 matched, players 6285/6770 matched
2026-08-19 11:42:07,132 INFO ncaa_identity: contest_id=1622370 teams 2350/2350 matched, players 5891/6425 matched
2026-08-19 11:42:08,221 INFO ncaa_identity: contest_id=1622422 teams 3124/3124 matched, players 8424/8428 matched
2026-08-19 11:42:09,911 INFO ncaa_identity: contest_id=1622517 teams 2137/2137 matched, players 5647/6033 matched
2026-08-19 11:42:11,088 INFO ncaa_identity: contest_id=1622536 teams 1370/2759 matched, players 3429/7583 matched
2026-08-19 11:42:12,853 INFO ncaa_identity: contest_id=1622559 teams 1140/2171 matched, players 3096/6106 matched
2026-08-19 11:42:14,612 INFO ncaa_identity: contest_id=1622582 teams 2099/2099 matched, players 5225/5910 matched
2026-08-19 11:42:18,151 INFO ncaa_identity: contest_id=1622710 teams 1155/2274 matched, players 3005/6401 matched
2026-08-19 11:42:19,476 INFO ncaa_identity: contest_id=1622735 teams 3555/3555 matched, players 9861/9868 matched
2026-08-19 11:42:20,364 INFO ncaa_identity: contest_id=1622759 teams 1432026-08-19 11:42:20,625 INFO ncaa_identity:2026-08-19 11:42:21,512 INFO 5 starters not found for period 1; using es2026-08-2026-08-19 11:42:22,379 INFO ncaa_identity: contest_id=1622868 teams 2340/2340 matched, players 5996/6003 m2026-08-2026-08-19 11:42:23,529 INFO ncaa_identity: contest_id=1622889 teams 1453/2842 matched, players 3897/7686 m2026-08-19 11:42:25,491 INFO ncaa_identity: contest_id=1622914 teams 2812/2812 matched, players 7516/7697 matched
2026-08-19 11:42:27,226 INFO ncaa_identity: contest_id=1623013 teams 2261/2261 matched, players 6366/6412 matched
2026-08-19 11:42:31,155 INFO ncaa_identity: contest_id=1623190 teams 2394/2394 matched, players 6638/6702 matched
2026-08-19 11:42:34,171 INFO ncaa_identity: contest_id=1623319 teams 1524/3048 matched, players 4379/8627 matched
2026-08-19 11:42:38,673 INFO ncaa_identity: contest_id=1623481 teams 2412/2412 matched, players 6252/6832 matched
2026-08-19 11:42:39,715 INFO ncaa_identity: contest_id=1623493 teams 2380/2380 matched, players 6050/6778 matched
2026-08-19 11:42:42,486 INFO ncaa_identity: contest_id=1623555 teams 1160/2343 matched, players 3297/6566 matched
2026-08-19 11:42:45,386 INFO ncaa_identity: contest_id=1623674 teams 2645/2645 matched, players 6968/7419 matched
2026-08-19 11:42:46,522 INFO ncaa_identity: contest_id=1623719 teams 1344/2742 matched, players 3599/7519 matched
2026-08-19 11:42:50,257 INFO ncaa_identity: contest_id=1623905 teams 2279/2279 matched, players 5881/6379 matched
2026-08-19 11:42:52,032 INFO ncaa_identity: contest_id=1623980 teams 1382/2741 matched, players 3767/7520 matched
2026-08-19 11:42:52,814 INFO ncaa_identity: contest_id=1624008 teams 2265/2265 matched, players 6075/6337 matched
2026-08-19 11:42:55,751 INFO ncaa_identity: contest_id=1624069 teams 2039/2039 matched, players 5239/5742 matched
2026-08-19 11:42:56,407 INFO ncaa_identity: contest_id=1624088 teams 1244/2454 matched, players 2877/6624 matched
2026-08-19 11:42:57,357 INFO ncaa_identity: contest_id=1624118 teams 1186/2335 matched, players 3375/6565 matched
2026-08-19 11:42:58,138 INFO ncaa_identity: contest_id=1624184 teams 2325/2325 matched, players 6492/6547 matched
2026-08-19 11:42:59,926 INFO ncaa_identity: contest_id=1622026-08-19 11:43:02,109 INFO ncaa_identity: contest_id=162026-08-19 11:43:02,775 INFO ncaa_identity: contest_id=1622026-08-19 11:43:03,150 INFO ncaa_identity: contest_id=2026-08-19 11:43:03,755 INFO ncaa_identity: contest_id=162432026-08-19 11:43:04,196 INFO ncaa_identity: contest_id=2026-08-19 11:43:07,413 INFO ncaa_identity: contest_id=1624485 teams 2288/2288 matched, players 5452/6430 matched
2026-08-19 11:43:08,232 INFO ncaa_identity: contest_id=1624501 teams 2504/2504 matched, players 7008/7096 matched
2026-08-19 11:43:11,649 INFO ncaa_identity: contest_id=1624564 teams 2472/2472 matched, players 6601/6799 matched
2026-08-19 11:43:12,752 INFO ncaa_identity: contest_id=1624581 teams 2788/2788 matched, players 7414/7425 matched
2026-08-19 11:43:13,609 INFO ncaa_identity: contest_id=1624592 teams 2459/2459 matched, players 6531/6939 matched
2026-08-19 11:43:15,728 INFO ncaa_identity: contest_id=162462026-08-19 11:43:16,121 INFO ncaa_identity: contest_id=2026-08-19 11:43:16,668 INFO ncaa_identity: contest_id=162462026-08-19 11:43:17,271 INFO ncaa_identity: contest_id=2026-08-19 11:43:17,616 INFO ncaa_identity: contest_id=162462026-08-19 11:43:18,013 INFO ncaa_identity: contest_i2026-08-19 11:43:22,452 INFO ncaa_identity: contest_id=16247032026-08-19 11:43:23,022 INFO ncaa_identity: contest_i2026-08-19 11:43:24,231 INFO ncaa_identity: contest_id=16247652026-08-19 11:43:24,815 INFO ncaa_identity: contest_i2026-08-19 11:43:27,840 INFO ncaa_identity: contest_id=1624886 teams 2333/2333 matched, players 5645/6589 matched
2026-08-19 11:43:30,607 INFO ncaa_identity: contest_id=1624940 teams 1066/2158 matched, players 3045/6063 matched
2026-08-19 11:43:31,455 INFO ncaa_identity: contest_id=1625006 teams 2539/2539 matched, players 6626/7177 matched
2026-08-19 11:43:35,350 INFO ncaa_identity: contest_id=1625133 teams 3013/3013 matched, players 7607/7946 matched
2026-08-19 11:43:36,293 INFO ncaa_identity: contest_id=1625151 teams 1078/2079 matched, players 320/672 matched
2026-08-19 11:43:41,223 INFO ncaa_identity: contest_id=1625317 teams 1359/2702 matched, players 3828/7612 matched
2026-08-19 11:43:43,018 INFO ncaa_identity: contest_id=1625439 teams 2333/2333 matched, players 6379/6565 matched
2026-08-19 11:43:49,207 INFO ncaa_identity: contest_id=1625609 teams 3050/3050 matched, players 8197/8392 matched
2026-08-19 11:43:52,231 INFO ncaa_identity: contest_id=1625696 teams 2347/2347 matched, players 6524/6630 matched
2026-08-19 11:43:53,124 INFO ncaa_identity: contest_id=1625743 teams 2816/2816 matched, players 7618/7945 matched
2026-08-19 11:43:54,984 INFO ncaa_identity: contest_id=1625839 teams 2076/2076 matched, players 5668/5886 matched
2026-08-19 11:43:57,835 INFO ncaa_identity: contest_id=1625961 teams 1792/1792 matched, players 4734/5077 matched
2026-08-19 11:43:58,918 INFO ncaa_identity: contest_id=1625977 teams 2797/2797 matched, players 7350/7938 matched
2026-08-19 11:44:00,605 INFO ncaa_identity: contest_id=1626042 teams 2403/2403 matched, players 6191/6776 matched
2026-08-19 11:44:02,303 INFO ncaa_identity: contest_id=1626123 teams 2276/2276 matched, players 6364/6409 matched
2026-08-19 11:44:02,945 INFO ncaa_identity: contest_id=1626136 teams 2507/2507 matched, players 7113/7152 matched
2026-08-19 11:44:03,705 INFO 5 starters not found for period 3; using estimate
2026-08-19 11:44:04,573 INFO ncaa_identity: contest_id=1626159 teams 2185/2185 matched, players 5529/6139 matched
2026-08-19 11:44:05,252 INFO ncaa_identity: contest_id=1626171 teams 2252/2252 matched, players 5873/6379 matched
2026-08-19 11:44:06,932 INFO ncaa_identity: contest_id=1626213 teams 2172/2172 matched, players 5479/6109 matched
2026-08-19 11:44:09,025 INFO ncaa_identity: contest_id=1626330 teams 2486/2486 matched, players 6388/7011 matched
2026-08-19 11:44:11,495 INFO ncaa_identity: contest_id=1626476 teams 1959/1959 matched, players 5144/5549 matched
2026-08-19 11:44:13,187 INFO ncaa_identity: contest_id=1626537 teams 1898/1898 matched, players 5020/5340 matched
2026-08-19 11:44:14,969 INFO ncaa_identity: contest_id=1626651 teams 1970/1970 matched, players 5198/5568 matched
2026-08-19 11:44:15,734 INFO ncaa_identity: contest_id=1626664 teams 2304/2304 matched, players 5927/6506 matched
2026-08-19 11:44:18,542 INFO ncaa_identity: contest_id=1626714 teams 2334/2334 matched, players 6335/6350 matched
2026-08-19 11:44:25,099 INFO ncaa_identity: contest_id=1627039 teams 1341/2691 matched, players 3682/7387 matched
2026-08-19 11:44:26,875 INFO ncaa_identity: contest_id=1627082 teams 2119/2119 matched, players 5489/5974 matched
2026-08-19 11:44:27,849 INFO ncaa_identity: contest_id=1627106 teams 2424/2424 matched, players 6064/6829 matched
2026-08-19 11:44:28,566 INFO ncaa_identity: contest_id=1627152 teams 2245/2245 matched, players 6235/6330 matched
2026-08-19 11:44:29,579 INFO ncaa_identity: contest_id=1627193 teams 2729/2729 matched, players 7194/7678 matched
2026-08-19 11:44:32,253 INFO ncaa_identity: contest_id=1627274 teams 2618/2618 matched, players 7220/7367 matched
2026-08-19 11:44:33,219 INFO ncaa_identity: contest_id=1627288 teams 2449/2449 matched, players 6641/6948 matched
2026-08-19 11:44:34,744 INFO ncaa_identity: contest_id=1627317 teams 1970/1970 matched, players 4960/5540 matched
2026-08-19 11:44:35,571 INFO ncaa_identity: contest_id=1627338 teams 1173/2383 matched, players 3233/6722 matched
2026-08-19 11:44:36,553 INFO ncaa_identity: contest_id=1627394 teams 2180/2180 matched, players 5548/6113 matched
2026-08-19 11:44:37,303 INFO ncaa_identity: contest_id=1627411 teams 2323/2323 matched, players 5722/6583 matched
2026-08-19 11:44:38,261 INFO ncaa_identity: contest_id=1627541 teams 2236/2236 matched, players 6052/6063 matched
2026-08-19 11:44:39,119 INFO ncaa_identity: contest_id=1627559 teams 2631/2631 matched, players 2026-08-19 11:44:45,183 INFO ncaa_identity: contest_id=1626904 teams 1943/1943 matched, players 5015/5454 matched
2026-08-19 11:44:46,069 INFO ncaa_identity: contest_id=1626984 teams 2143/2143 matched, players 5905/6029 matched
2026-08-19 11:44:46,809 INFO ncaa_identity: contest_id=1626999 teams 2070/2070 matched, players 5327/5821 matched
2026-08-19 11:44:48,495 INFO ncaa_identity: contest_id=1627060 teams 2197/2197 matched, players 5898/6175 matched
2026-08-19 11:44:51,403 INFO ncaa_identity: contest_id=1627134 teams 2785/2785 matched, players 7291/7879 matched
2026-08-19 11:44:55,407 INFO ncaa_identity: contest_id=1627270 teams 2420/2420 matched, players 6003/6837 matched
2026-08-19 11:44:58,175 INFO ncaa_identity: contest_id=1627315 teams 2754/2754 matched, players 6848/7781 matched
2026-08-19 11:44:59,250 INFO ncaa_identity: contest_id=1627335 teams 2521/2521 matched, players 6886/7111 matched
2026-08-19 11:45:00,016 INFO ncaa_identity: contest_id=1627380 teams 2314/2314 matched, players 6292/6521 matched
2026-08-19 11:45:012026-08-19 11:45:01,401 INFO ncaa_identity: contest_id=1628342 teams 2628/2628 matched, players 2026-08-19 11:45:022026-08-19 11:45:04,108 INFO ncaa_identity: contest_id=1628396 teams 2538/2538 matched, players 2026-08-19 11:45:042026-08-19 11:45:04,917 INFO ncaa_identity: contest_id=1628420 teams 2419/2419 matched, players 2026-08-19 11:45:06,811 INFO ncaa_identity: contest_id=1627728 teams 1553/3082 matched, players 4335/8506 matched
2026-08-19 11:45:10,125 INFO ncaa_identity: contest_id=1627768 teams 2757/2757 matched, players 7618/7632 matched
2026-08-19 11:45:13,052 INFO ncaa_identity: contest_id=1627851 teams 2118/2118 matched, players 5732/5734 matched
2026-08-19 11:45:13,988 INFO ncaa_identity: contest_id=1627873 teams 2722/2722 matched, players 7407/7423 matched
2026-08-19 11:45:14,944 INFO ncaa_identity: contest_id=1627920 teams 2325/2325 matched, players 6083/6592 matched
2026-08-19 11:45:172026-08-19 11:45:26,956 INFO ncaa_identity: contest_id=1629344 teams 1999/1999 matched, players 5161/5605 matched
2026-08-19 11:45:28,749 INFO ncaa_identity: contest_id=1629395 teams 2240/2240 matched, players 6183/6327 matched
2026-08-19 11:45:36,656 INFO ncaa_identity: contest_id=1629672 teams 1203/2437 matched, players 3233/6637 matched
2026-08-19 11:45:41,116 INFO ncaa_identity: contest_id=1629872 teams 2609/2609 matched, players 7422/7437 matched
2026-08-19 11:45:42,220 INFO ncaa_identity: contest_id=1629883 teams 2594/2594 matched, players 6791/7145 matched
2026-08-19 11:45:47,834 INFO ncaa_identity: contest_id=1630011 teams 2381/2381 matched, players 5801/6617 matched
2026-08-19 11:45:48,569 INFO ncaa_identity: contest_id=1630077 teams 2274/2274 matched, players 6112/6444 matched
2026-08-19 11:45:49,579 INFO ncaa_identity: contest_id=1630123 teams 1322/2596 matched, players 3675/7337 matched
2026-08-19 11:46:00,792 INFO ncaa_identity: contest_id=1630491 teams 2906/2906 matched, players 7773/8217 matched
2026-08-19 11:46:01,518 INFO ncaa_identity: contest_id=1630505 teams 2165/2165 matched, players 6075/6094 matched
2026-08-19 11:46:04,245 INFO ncaa_identity: contest_id=1630597 teams 2428/2428 matched, players 6267/6857 matched
2026-08-19 11:46:06,951 INFO ncaa_identity: contest_id=1630772 teams 1796/1796 matched, players 5025/5042 matched
2026-08-19 11:46:08,789 INFO ncaa_identity: contest_id=1630832 teams 2488/2488 matched, players 6709/7009 matched
2026-08-19 11:46:11,850 INFO ncaa_identity: contest_id=1630930 teams 2519/2519 matched, players 6802/7105 matched
2026-08-19 11:46:13,621 INFO ncaa_identity: contest_id=1630961 teams 2199/2199 matched, players 5736/6204 matched
2026-08-19 11:46:14,490 INFO ncaa_identity: contest_id=1631021 teams 2172/2172 matched, players 5448/6090 matched
2026-08-19 11:46:17,129 INFO ncaa_identity: contest_id=1631092 teams 2389/2389 matched, players 6522/6554 matched
2026-08-19 11:46:17,892 INFO ncaa_identity: contest_id=1631163 teams 2153/2153 matched, players 5619/6052 matched
2026-08-19 11:46:18,840 INFO ncaa_identity: contest_id=1631254 teams 2192/2192 matched, players 5937/5938 matched
2026-08-19 11:46:19,558 INFO ncaa_identity: contest_id=1631282 teams 2164/2164 matched, players 5426/6072 matched
2026-08-19 11:46:20,493 INFO ncaa_identity: contest_id=1631310 teams 2245/2245 matched, players 5947/6309 matched
2026-08-19 11:46:22,401 INFO ncaa_identity: contest_id=1631343 teams 2349/2349 matched, players 6179/6633 matched
2026-08-19 11:46:23,136 INFO ncaa_identity: contest_id=1631388 teams 1961/1961 matched, players 5427/5505 matched
2026-08-19 11:46:31,042 INFO ncaa_identity: contest_id=1631598 teams 2461/2461 matched, players 6303/6912 matched
2026-08-19 11:46:32,901 INFO ncaa_identity: contest_id=1631666 teams 2501/2501 matched, players 6288/7061 matched
2026-08-19 11:46:34,808 INFO ncaa_identity: contest_id=1631816 teams 2176/2176 matched, players 5571/6123 matched
2026-08-19 11:46:39,197 INFO ncaa_identity: contest_id=1631985 teams 2369/2369 matched, players 6502/6653 matched
2026-08-19 11:46:40,852 INFO ncaa_identity: contest_id=1632008 teams 2077/2077 matched, players 5507/5838 matched
2026-08-19 11:46:42,779 INFO ncaa_identity: contest_id=1632074 teams 2646/2646 matched, players 6814/7486 matched
2026-08-19 11:46:44,883 INFO ncaa_identity: contest_id=1632097 teams 2758/2758 matched, players 7038/7578 matched
2026-08-19 11:46:45,780 INFO ncaa_identity: contest_id=1632134 teams 1324/2761 matched, players 3766/7619 matched
2026-08-19 11:46:47,800 INFO ncaa_identity: contest_id=1632240 teams 2542/2542 matched, players 6965/6966 matched
2026-08-19 11:46:48,875 INFO ncaa_identity: contest_id=1632299 teams 2977/2977 matched, players 8064/8066 matched
2026-08-19 11:46:50,623 INFO ncaa_identity: contest_id=1632365 teams 2177/2177 matched, players 4895/6146 matched
2026-08-19 11:46:52,378 INFO ncaa_identity: contest_id=1632422 teams 2946/2946 matched, players 7977/8292 matched
2026-08-19 11:47:01,189 INFO ncaa_identity: contest_id=1632594 teams 2897/2897 matched, players 7065/8185 matched
2026-08-19 11:47:01,936 INFO ncaa_identity: contest_id=1632613 teams 2275/2275 matched, players 6348/6446 matched
2026-08-19 11:47:02,775 INFO ncaa_identity: contest_id=1632639 teams 2000/2000 matched, players 5188/5636 matched
2026-08-19 11:47:05,220 INFO ncaa_identity: contest_id=1632714 teams 912/1886 matched, players 2388/5322 matched
2026-08-19 11:47:15,678 INFO ncaa_identity: contest_id=1632940 teams 2355/2355 matched, players 6256/6630 matched
2026-08-19 11:47:19,783 INFO ncaa_identity: contest_id=1633056 teams 2311/2311 matched, players 5791/6495 matched
2026-08-19 11:47:25,207 INFO ncaa_identity: contest_id=1633157 teams 2439/2439 matched, players 6280/6680 matched
2026-08-19 11:47:27,090 INFO ncaa_identity: contest_id=1633181 teams 2030/2030 matched, players 5411/5541 matched
2026-08-19 11:47:31,678 INFO ncaa_identity: contest_id=1633285 teams 2610/2610 matched, players 7031/7419 matched
2026-08-19 11:47:32,390 INFO ncaa_identity: contest_id=1633298 teams 1918/1918 matched, players 5185/5209 matched
2026-08-19 11:47:34,184 INFO ncaa_identity: contest_id=1633319 teams 1376/2746 matched, players 3785/7504 matched
2026-08-19 11:47:42,594 INFO ncaa_identity: contest_id=1633475 teams 2282/2282 matched, players 6278/6425 matched
2026-08-19 11:47:45,304 INFO ncaa_identity: contest_id=1633554 teams 1223/2393 matched, players 3327/6577 matched
2026-08-19 11:47:47,154 INFO ncaa_identity: contest_id=1633587 teams 3064/3064 matched, players 7902/8686 matched
2026-08-19 11:47:49,017 INFO ncaa_identity: contest_id=1633610 teams 2066/2066 matched, players 5541/5817 matched
2026-08-19 11:47:50,657 INFO ncaa_identity: contest_id=1633641 teams 2036/2036 matched, players 4835/5687 matched
2026-08-19 11:47:51,687 INFO ncaa_identity: contest_id=1633651 teams 2596/2596 matched, players 6824/7382 matched
2026-08-19 11:47:52,476 INFO ncaa_identity: contest_id=1633663 teams 2185/2185 matched, players 6052/6158 matched
2026-08-19 11:47:55,342 INFO ncaa_identity: contest_id=1633707 teams 2620/2620 matched, players 6869/7369 matched
2026-08-19 11:47:58,264 INFO ncaa_identity: contest_id=1633738 teams 2493/2493 matched, players 6605/7069 matched
2026-08-19 11:47:59,926 INFO ncaa_identity: contest_id=1633758 teams 2428/2428 matched, players 6820/6845 matched
2026-08-19 11:48:01,012 INFO ncaa_identity: contest_id=1633768 teams 1363/2731 matched, players 3254/7468 matched
2026-08-19 11:48:01,954 INFO ncaa_identity: contest_id=1633778 teams 2853/2853 matched, players 7927/8048 matched
2026-08-19 11:48:03,058 INFO ncaa_identity: contest_id=1633788 teams 2331/2331 matched, players 6425/6585 matched
2026-08-19 11:48:04,149 INFO ncaa_identity: contest_id=1633798 teams 3019/3019 matched, players 7968/8333 matched
2026-08-19 11:48:11,956 INFO ncaa_identity: contest_id=1633878 teams 2937/2937 matched, players 8133/8312 matched
2026-08-19 11:48:13,983 INFO ncaa_identity: contest_id=1637683 teams 1241/2556 matched, players 3676/7225 matched
2026-08-19 11:48:14,850 INFO ncaa_identity: contest_id=1638422 teams 1427/2809 matched, players 3818/7983 matched
2026-08-19 11:48:15,822 INFO ncaa_identity: contest_id=1639183 teams 2521/2521 matched, players 6938/7174 matched
2026-08-19 11:48:18,402 INFO ncaa_identity: contest_id=1639935 teams 2360/2360 matched, players 6237/6630 matched
2026-08-19 11:48:19,592 INFO ncaa_identity: contest_id=1640581 teams 0/3277 matched, players 0/9016 matched
2026-08-19 11:48:20,351 INFO ncaa_identity: contest_id=1641541 teams 1123/2319 matched, players 3239/6520 matched
2026-08-19 11:48:21,334 INFO ncaa_identity: contest_id=1642422 teams 2182/2182 matched, players 5957/6185 matched
2026-08-19 11:48:21,413 INFO 5 starters not found for period 4; using estimate
2026-08-19 11:48:25,044 INFO ncaa_identity: contest_id=1716054 teams 1994/1994 matched, players 5504/5572 matched
2026-08-19 11:48:27,602 INFO ncaa_identity: contest_id=1716372 teams 2109/2109 matched, players 5719/5939 matched
2026-08-19 11:48:30,187 INFO ncaa_identity: contest_id=1716595 teams 2567/2567 matched, players 7041/7053 matched
2026-08-19 11:48:30,908 INFO ncaa_identity: contest_id=1716607 teams 1976/1976 matched, players 4003/5544 matched
2026-08-19 11:48:31,872 INFO ncaa_identity: contest_id=1716622 teams 2302/2302 matched, players 5938/6511 matched
2026-08-19 11:48:32,603 INFO ncaa_identity: contest_id=1716804 teams 2277/2277 matched, players 6030/6444 matched
2026-08-19 11:48:36,274 INFO ncaa_identity: contest_id=1717198 teams 2568/2568 matched, players 7192/7262 matched
2026-08-19 11:48:38,899 INFO ncaa_identity: contest_id=1717563 teams 2106/2106 matched, players 5552/5948 matched
2026-08-19 11:48:39,831 INFO ncaa_identity: contest_id=1717573 teams 2148/2148 matched, players 5767/6047 matched
2026-08-19 11:48:41,429 INFO ncaa_identity: contest_id=1717877 teams 2077/2077 matched, players 5799/5870 matched
2026-08-19 11:48:50,940 INFO ncaa_identity: contest_id=1719769 teams 2760/2760 matched, players 7275/7523 matched
2026-08-19 11:48:54,097 INFO ncaa_identity: contest_id=1719843 teams 2744/2744 matched, players 6931/7776 matched
2026-08-19 11:48:57,629 INFO ncaa_identity: contest_id=1720239 teams 2567/2567 matched, players 6675/7253 matched
2026-08-19 11:48:58,438 INFO ncaa_identity: contest_id=1720969 teams 2610/2610 matched, players 7171/7406 matched
2026-08-19 11:48:59,426 INFO ncaa_identity: contest_id=1721786 teams 2538/2538 matched, players 6912/7001 matched
2026-08-19 11:49:01,805 INFO ncaa_identity: contest_id=1781588 teams 3071/3071 matched, players 7806/8423 matched
2026-08-19 11:49:03,006 INFO ncaa_identity: contest_id=1781598 teams 2968/2968 matched, players 8101/8187 matched
2026-08-19 11:49:05,254 INFO ncaa_identity: contest_id=1781619 teams 1494/2950 matched, players 4035/8079 matched
2026-08-19 11:49:06,276 INFO ncaa_identity: contest_id=1781630 teams 1187/2374 matched, players 3377/6659 matched
2026-08-19 11:49:08,482 INFO ncaa_identity: contest_id=1781652 teams 1527/2964 matched, players 4087/8133 matched
2026-08-19 11:49:10,359 INFO ncaa_identity: contest_id=1781672 teams 1203/2373 matched, players 3350/6686 matched
2026-08-19 11:49:11,526 INFO ncaa_identity: contest_id=1781682 teams 2800/2800 matched, players 7531/7670 matched
2026-08-19 11:49:16,596 INFO ncaa_identity: contest_id=1781737 teams 2598/2598 matched, players 6369/7105 matched
2026-08-19 11:49:21,082 INFO ncaa_identity: contest_id=1781898 teams 1838/3503 matched, players 4884/9699 matched
2026-08-19 11:49:24,477 INFO ncaa_identity: contest_id=1781994 teams 2479/2479 matched, players 6295/6778 matched
2026-08-19 11:49:26,590 INFO ncaa_identity: contest_id=1782049 teams 1535/3063 matched, players 4247/8420 matched
2026-08-19 11:49:27,765 INFO ncaa_identity: contest_id=1782096 teams 2948/2948 matched, players 7567/8109 matched
2026-08-19 11:49:35,670 WARNING ncaa_parse: family=lineups contest_id=1782388 team=Peru St. SKIPPED (1 parse error(s)): Duplicate players: [[PlayerCodeId(code='DaBruning', id=PlayerId(name='Bruning, Daspin'), ncaa_id=None), PlayerCodeId(code='ClCudney', id=PlayerId(name='Cudney, ...
2026-08-19 11:49:35,917 INFO ncaa_identity: contest_id=1782388 teams 1508/2981 matched, players 4180/8142 matched
2026-08-19 11:49:37,955 INFO ncaa_identity: contest_id=1782434 teams 2346/2346 matched, players 6276/6412 matched
2026-08-19 11:49:39,691 INFO ncaa_identity: contest_id=1782522 teams 2574/2574 matched, players 6648/7088 matched
2026-08-19 11:49:44,789 INFO ncaa_identity: contest_id=1782670 teams 3359/3359 matched, players 8629/9274 matched
2026-08-19 11:49:45,910 INFO ncaa_identity: contest_id=1782690 teams 2661/2661 matched, players 7004/7294 matched
2026-08-19 11:49:48,737 INFO ncaa_identity: contest_id=1782768 teams 2797/2797 matched, players 7167/7699 matched
2026-08-19 11:49:51,947 INFO ncaa_identity: contest_id=1782839 teams 1483/2822 matched, players 4091/7982 matched
2026-08-19 11:49:54,439 INFO ncaa_identity: contest_id=1782985 teams 1447/2850 matched, players 3885/7786 matched
2026-08-19 11:49:56,873 INFO ncaa_identity: contest_id=1783111 teams 1416/2741 matched, players 3788/7503 matched
2026-08-19 11:50:00,193 INFO ncaa_identity: contest_id=1783337 teams 1487/2858 matched, players 3971/7837 matched
2026-08-19 11:50:01,036 INFO ncaa_identity: contest_id=1783407 teams 2464/2464 matched, players 6548/6933 matched
2026-08-19 11:50:02,156 INFO ncaa_identity: contest_id=1783432 teams 2822/2822 matched, players 7432/7736 matched
2026-08-19 11:50:03,086 INFO ncaa_identity: contest_id=1783445 teams 1380/2721 matched, players 3453/7472 matched
2026-08-19 11:50:08,168 INFO ncaa_identity: contest_id=1783508 teams 1504/3005 matched, players 4178/8286 matched
2026-08-19 11:50:12,264 INFO ncaa_identity: contest_id=1783626 teams 2475/2475 matched, players 5692/6951 matched
2026-08-19 11:50:18,255 INFO ncaa_identity: contest_id=1783825 teams 1437/2897 matched, players 3926/7892 matched
2026-08-19 11:50:19,463 INFO ncaa_identity: contest_id=1783847 teams 2940/2940 matched, players 7713/8099 matched
2026-08-19 11:50:20,387 INFO ncaa_identity: contest_id=1783888 teams 2301/2301 matched, players 6410/6520 matched
2026-08-19 11:50:24,758 INFO ncaa_identity: contest_id=1783958 teams 2339/2339 matched, players 6349/6427 matched
2026-08-19 11:50:27,840 INFO ncaa_identity: contest_id=1784132 teams 1569/3088 matched, players 4288/8529 matched
2026-08-19 11:50:28,678 INFO ncaa_identity: contest_id=1784229 teams 2753/2753 matched, players 7332/7565 matched
2026-08-19 11:50:29,946 INFO ncaa_identity: contest_id=1784300 teams 2546/2546 matched, players 6962/6964 matched
2026-08-19 11:50:30,810 INFO ncaa_identity: contest_id=1784389 teams 2497/2497 matched, players 6757/6827 matched
2026-08-19 11:50:33,950 INFO ncaa_identity: contest_id=1784453 teams 3083/3083 matched, players 8010/8500 matched
2026-08-19 11:50:38,194 INFO ncaa_identity: contest_id=1784507 teams 2429/2429 matched, players 6037/6639 matched
2026-08-19 11:50:39,066 INFO ncaa_identity: contest_id=1784545 teams 1486/2867 matched, players 3955/7820 matched
2026-08-19 11:50:43,262 INFO ncaa_identity: contest_id=1784748 teams 1215/2375 matched, players 3276/6501 matched
2026-08-19 11:50:44,178 INFO ncaa_identity: contest_id=1784781 teams 2478/2478 matched, players 6481/6810 matched
2026-08-19 11:50:47,084 INFO ncaa_identity: contest_id=1784860 teams 1232/2526 matched, players 3555/7120 matched
2026-08-19 11:50:48,984 INFO ncaa_identity: contest_id=1784886 teams 2378/2378 matched, players 6170/6717 matched
2026-08-19 11:50:55,579 INFO ncaa_identity: contest_id=1785004 teams 2601/2601 matched, players 5899/7129 matched
2026-08-19 11:50:57,481 INFO ncaa_identity: contest_id=1785069 teams 2675/2675 matched, players 7043/7576 matched
2026-08-19 11:50:58,630 INFO ncaa_identity: contest_id=1785102 teams 2948/2948 matched, players 7661/8083 matched
2026-08-19 11:51:06,117 INFO ncaa_identity: contest_id=1785328 teams 3020/3020 matched, players 8322/8330 matched
2026-08-19 11:51:07,061 INFO ncaa_identity: contest_id=1785348 teams 2405/2405 matched, players 6498/6751 matched
2026-08-19 11:51:08,286 INFO ncaa_identity: contest_id=1785395 teams 2655/2655 matched, players 6877/7283 matched
2026-08-19 11:51:09,107 INFO ncaa_identity: contest_id=1785416 teams 1299/2563 matched, players 3566/7033 matched
2026-08-19 11:51:10,480 INFO ncaa_identity: contest_id=1785476 teams 1364/2650 matched, players 3625/7257 matched
2026-08-19 11:51:15,620 INFO ncaa_identity: contest_id=1785661 teams 2583/2583 matched, players 7045/7088 matched
2026-08-19 11:51:16,462 INFO ncaa_identity: contest_id=1785686 teams 2461/2461 matched, players 6182/6701 matched
2026-08-19 11:51:23,176 INFO ncaa_identity: contest_id=1785916 teams 1268/2500 matched, players 3434/6814 matched
2026-08-19 11:51:25,099 INFO ncaa_identity: contest_id=1786049 teams 1466/2941 matched, players 4020/8083 matched
2026-08-19 11:51:26,153 INFO ncaa_identity: contest_id=1786081 teams 2790/2790 matched, players 7515/7682 matched
2026-08-19 11:51:28,099 INFO ncaa_identity: contest_id=1786212 teams 2828/2828 matched, players 7262/7752 matched
2026-08-19 11:51:37,187 INFO ncaa_identity: contest_id=1786378 teams 1015/2015 matched, players 2799/5494 matched
2026-08-19 11:51:38,118 INFO ncaa_identity: contest_id=1786401 teams 1103/2254 matched, players 3189/5985 matched
2026-08-19 11:51:39,421 INFO ncaa_identity: contest_id=1786453 teams 1421/2820 matched, players 3903/7801 matched
2026-08-19 11:51:41,582 INFO ncaa_identity: contest_id=1786549 teams 2520/2520 matched, players 6331/6934 matched
2026-08-19 11:51:42,410 INFO ncaa_identity: contest_id=1786588 teams 2190/2190 matched, players 6086/6153 matched
2026-08-19 11:51:44,588 INFO ncaa_identity: contest_id=1786695 teams 1234/2505 matched, players 3461/6879 matched
2026-08-19 11:51:45,532 INFO ncaa_identity: contest_id=1786778 teams 2407/2407 matched, players 6473/6804 matched
2026-08-19 11:51:46,741 INFO ncaa_identity: contest_id=1786794 teams 1475/3076 matched, players 4179/8512 matched
2026-08-19 11:51:49,431 INFO ncaa_identity: contest_id=1786830 teams 1621/3215 matched, players 4433/8884 matched
2026-08-19 11:51:50,520 INFO ncaa_identity: contest_id=1786840 teams 2531/2531 matched, players 6726/6955 matched
2026-08-19 11:51:53,671 INFO ncaa_identity: contest_id=1786889 teams 2565/2565 matched, players 7028/7033 matched
2026-08-19 11:51:58,651 INFO ncaa_identity: contest_id=1787032 teams 3395/3395 matched, players 9335/9398 matched
2026-08-19 11:51:59,578 INFO ncaa_identity: contest_id=1787049 teams 2431/2431 matched, players 6383/6645 matched
2026-08-19 11:52:04,187 INFO ncaa_identity: contest_id=1787168 teams 1550/3065 matched, players 4386/8663 matched
2026-08-19 11:52:07,407 INFO ncaa_identity: contest_id=1787270 teams 2321/2321 matched, players 5960/6566 matched
2026-08-19 11:52:10,822 INFO ncaa_identity: contest_id=1787326 teams 3134/3134 matched, players 8567/8604 matched
2026-08-19 11:52:18,435 INFO ncaa_identity: contest_id=1787475 teams 2719/2719 matched, players 7022/7462 matched
2026-08-19 11:52:24,994 INFO ncaa_identity: contest_id=1787626 teams 2735/2735 matched, players 7198/7511 matched
2026-08-19 11:52:25,890 INFO ncaa_identity: contest_id=1787637 teams 2541/2541 matched, players 6711/7124 matched
2026-08-19 11:52:27,162 INFO ncaa_identity: contest_id=1787649 teams 2644/2644 matched, players 6105/7229 matched
2026-08-19 11:52:31,801 INFO ncaa_identity: contest_id=1787706 teams 1622/3205 matched, players 4516/8826 matched
2026-08-19 11:52:34,867 INFO ncaa_identity: contest_id=1787775 teams 1151/2332 matched, players 3298/6545 matched
2026-08-19 11:52:36,062 INFO ncaa_identity: contest_id=1787785 teams 2489/2489 matched, players 6685/6771 matched
2026-08-19 11:52:37,229 INFO ncaa_identity: contest_id=1787796 teams 2667/2667 matched, players 7257/7260 matched
2026-08-19 11:52:39,542 INFO ncaa_identity: contest_id=1787846 teams 1645/3164 matched, players 4193/8776 matched
2026-08-19 11:52:41,638 INFO ncaa_identity: contest_id=1787944 teams 1050/2030 matched, players 2855/5733 matched
2026-08-19 11:52:45,088 INFO ncaa_identity: contest_id=1787997 teams 2568/2568 matched, players 6998/7009 matched
2026-08-19 11:52:46,386 INFO ncaa_identity: contest_id=1788019 teams 1321/2650 matched, players 3637/7210 matched
2026-08-19 11:52:47,456 INFO ncaa_identity: contest_id=1788034 teams 1395/2687 matched, players 3767/7410 matched
2026-08-19 11:52:48,671 INFO ncaa_identity: contest_id=1788047 teams 2541/2541 matched, players 6662/7155 matched
2026-08-19 11:52:51,264 INFO ncaa_identity: contest_id=1788080 teams 1254/2468 matched, players 3427/6767 matched
2026-08-19 11:52:52,793 INFO ncaa_identity: contest_id=1788109 teams 1200/2380 matched, players 3248/6488 matched
2026-08-19 11:52:55,388 INFO ncaa_identity: contest_id=1788199 teams 2333/2333 matched, players 6249/6250 matched
2026-08-19 11:52:56,554 INFO ncaa_identity: contest_id=1788212 teams 2583/2583 matched, players 6518/7044 matched
2026-08-19 11:52:58,692 INFO ncaa_identity: contest_id=1788234 teams 2353/2353 matched, players 5512/6422 matched
2026-08-19 11:53:00,700 INFO ncaa_identity: contest_id=1788309 teams 2235/2235 matched, players 5627/6320 matched
2026-08-19 11:53:02,886 INFO ncaa_identity: contest_id=1788339 teams 2895/2895 matched, players 7967/7971 matched
2026-08-19 11:53:05,119 INFO ncaa_identity: contest_id=1788449 teams 2274/2274 matched, players 6169/6179 matched
2026-08-19 11:53:07,137 INFO ncaa_identity: contest_id=1788520 teams 2709/2709 matched, players 7014/7432 matched
2026-08-19 11:53:11,269 INFO ncaa_identity: contest_id=1788661 teams 1192/2386 matched, players 3025/6496 matched
2026-08-19 11:53:13,526 INFO ncaa_identity: contest_id=1788740 teams 2738/2738 matched, players 7158/7502 matched
2026-08-19 11:53:14,482 INFO ncaa_identity: contest_id=1788751 teams 2080/2080 matched, players 5787/5882 matched
2026-08-19 11:53:19,509 INFO ncaa_identity: contest_id=1788864 teams 2397/2397 matched, players 6215/6691 matched
2026-08-19 11:53:22,861 INFO ncaa_identity: contest_id=1789048 teams 2995/2995 matched, players 8148/8189 matched
2026-08-19 11:53:27,828 INFO ncaa_identity: contest_id=1789156 teams 2516/2516 matched, players 6641/6861 matched
2026-08-19 11:53:28,876 INFO ncaa_identity: contest_id=1789239 teams 2555/2555 matched, players 6976/7007 matched
2026-08-19 11:53:31,802 INFO ncaa_identity: contest_id=1789272 teams 2861/2861 matched, players 6843/7898 matched
2026-08-19 11:53:40,836 INFO ncaa_identity: contest_id=1789531 teams 2315/2315 matched, players 6093/6347 matched
2026-08-19 11:53:41,815 INFO ncaa_identity: contest_id=1789583 teams 2864/2864 matched, players 7651/7828 matched
2026-08-19 11:53:44,991 INFO ncaa_identity: contest_id=1789674 teams 2532/2532 matched, players 6101/6962 matched
2026-08-19 11:53:45,882 INFO ncaa_identity: contest_id=1789702 teams 2532/2532 matched, players 6114/7083 matched
2026-08-19 11:53:47,059 INFO ncaa_identity: contest_id=1789765 teams 1239/2497 matched, players 3488/6873 matched
2026-08-19 11:53:50,462 INFO ncaa_identity: contest_id=1789859 teams 3038/3038 matched, players 8230/8377 matched
2026-08-19 11:53:54,639 INFO ncaa_identity: contest_id=1789917 teams 2726/2726 matched, players 7680/7682 matched
2026-08-19 11:54:02,159 INFO ncaa_identity: contest_id=1790250 teams 2626/2626 matched, players 7154/7164 matched
2026-08-19 11:54:03,116 INFO ncaa_identity: contest_id=1790306 teams 2526/2526 matched, players 6702/6927 matched
2026-08-19 11:54:03,216 INFO 5 starters not found for period 5; using estimate
2026-08-19 11:54:08,472 INFO ncaa_identity: contest_id=1790385 teams 2502/2502 matched, players 6478/7080 matched
2026-08-19 11:54:12,716 INFO ncaa_identity: contest_id=1790522 teams 2177/2177 matched, players 5939/5951 matched
2026-08-19 11:54:14,707 INFO ncaa_identity: contest_id=1790651 teams 2896/2896 matched, players 7870/7976 matched
2026-08-19 11:54:15,659 INFO ncaa_identity: contest_id=1790678 teams 2257/2257 matched, players 5548/6360 matched
2026-08-19 11:54:16,761 INFO ncaa_identity: contest_id=1790707 teams 2708/2708 matched, players 7143/7458 matched
2026-08-19 11:54:17,853 INFO ncaa_identity: contest_id=1790734 teams 2309/2309 matched, players 6199/6475 matched
2026-08-19 11:54:19,132 INFO ncaa_identity: contest_id=1790762 teams 2832/2832 matched, players 7352/7781 matched
2026-08-19 11:54:20,339 INFO ncaa_identity: contest_id=1790824 teams 2655/2655 matched, players 6975/7267 matched
2026-08-19 11:54:24,485 INFO ncaa_identity: contest_id=1790937 teams 2140/2140 matched, players 5616/6017 matched
2026-08-19 11:54:26,873 INFO ncaa_identity: contest_id=1790965 teams 2398/2398 matched, players 6397/6538 matched
2026-08-19 11:54:27,848 INFO ncaa_identity: contest_id=1790975 teams 1313/2559 matched, players 3562/7008 matched
2026-08-19 11:54:29,823 INFO ncaa_identity: contest_id=1791061 teams 2359/2359 matched, players 6506/6646 matched
2026-08-19 11:54:31,847 INFO ncaa_identity: contest_id=1791187 teams 2528/2528 matched, players 6943/6954 matched
2026-08-19 11:54:33,757 INFO ncaa_identity: contest_id=1791291 teams 2743/2743 matched, players 6953/7529 matched
2026-08-19 11:54:34,744 INFO ncaa_identity: contest_id=1791302 teams 2388/2388 matched, players 6469/6561 matched
2026-08-19 11:54:36,887 INFO ncaa_identity: contest_id=1791382 teams 2581/2581 matched, players 6802/7036 matched
2026-08-19 11:54:40,795 INFO 5 starters not found for period 5; using estimate
2026-08-19 11:54:41,990 INFO ncaa_identity: contest_id=1791483 teams 3382/3382 matched, players 8841/9326 matched
2026-08-19 11:54:47,326 INFO ncaa_identity: contest_id=1791695 teams 2547/2547 matched, players 6460/6991 matched
2026-08-19 11:55:00,920 INFO ncaa_identity: contest_id=1792045 teams 2555/2555 matched, players 6364/6985 matched
2026-08-19 11:55:02,013 INFO ncaa_identity: contest_id=1792056 teams 1178/2368 matched, players 3227/6491 matched
2026-08-19 11:55:08,034 INFO ncaa_identity: contest_id=1792343 teams 2448/2448 matched, players 6220/6744 matched
2026-08-19 11:55:09,252 INFO ncaa_identity: contest_id=1792412 teams 2556/2556 matched, players 6977/6987 matched
2026-08-19 11:55:14,777 INFO ncaa_identity: contest_id=1792537 teams 2728/2728 matched, players 7603/7653 matched
2026-08-19 11:55:16,773 INFO ncaa_identity: contest_id=1792579 teams 2820/2820 matched, players 7769/7770 matched
2026-08-19 11:55:17,923 INFO ncaa_identity: contest_id=1792619 teams 2367/2367 matched, players 6204/6666 matched
2026-08-19 11:55:29,461 INFO ncaa_identity: contest_id=1793025 teams 2279/2279 matched, players 6345/6415 matched
2026-08-19 11:55:31,527 INFO ncaa_identity: contest_id=1793055 teams 3386/3386 matched, players 9253/9328 matched
2026-08-19 11:55:37,733 INFO ncaa_identity: contest_id=1793293 teams 2418/2418 matched, players 6388/6802 matched
2026-08-19 11:55:45,366 INFO ncaa_identity: contest_id=1793516 teams 2198/2198 matched, players 5658/6196 matched
2026-08-19 11:55:46,258 INFO ncaa_identity: contest_id=1793577 teams 2524/2524 matched, players 6427/6924 matched
2026-08-19 11:55:48,532 INFO ncaa_identity: contest_id=1793612 teams 2594/2594 matched, players 7005/7082 matched
2026-08-19 11:55:49,462 INFO ncaa_identity: contest_id=1793634 teams 1111/2212 matched, players 3056/6073 matched
2026-08-19 11:55:50,660 INFO ncaa_identity: contest_id=1793705 teams 2631/2631 matched, players 6962/7263 matched
2026-08-19 11:55:53,424 INFO ncaa_identity: contest_id=1793816 teams 1330/2512 matched, players 3413/6886 matched
2026-08-19 11:55:56,369 INFO ncaa_identity: contest_id=1793897 teams 2043/2043 matched, players 5160/5723 matched
2026-08-19 11:55:57,609 INFO ncaa_identity: contest_id=1793947 teams 3037/3037 matched, players 8010/8322 matched
2026-08-19 11:55:59,606 INFO ncaa_identity: contest_id=1794054 teams 2448/2448 matched, players 6486/6700 matched
2026-08-19 11:56:00,465 INFO ncaa_identity: contest_id=1794065 teams 2613/2613 matched, players 6603/7187 matched
2026-08-19 11:56:04,583 INFO ncaa_identity: contest_id=1794130 teams 2242/2242 matched, players 5802/6340 matched
2026-08-19 11:56:06,473 INFO ncaa_identity: contest_id=1794186 teams 2621/2621 matched, players 7071/7237 matched
2026-08-19 11:56:10,740 INFO ncaa_identity: contest_id=1794379 teams 2525/2525 matched, players 6620/6928 matched
2026-08-19 11:56:11,960 INFO ncaa_identity: contest_id=1794429 teams 3055/3055 matched, players 7440/8436 matched
2026-08-19 11:56:18,268 INFO ncaa_identity: contest_id=1794613 teams 2161/2161 matched, players 6023/6069 matched
2026-08-19 11:56:19,454 INFO ncaa_identity: contest_id=1794624 teams 2493/2493 matched, players 6667/6823 matched
2026-08-19 11:56:21,247 INFO ncaa_identity: contest_id=1794661 teams 2041/2041 matched, players 4630/5558 matched
2026-08-192026-08-19 11:56:22,823 INFO ncaa_identity: contest_id=1793882 teams 1250/2483 matched, players 3432/67522026-08-192026-08-19 11:56:25,580 INFO ncaa_identity: contest_id=1794039 teams 2353/2353 matched, players 6351/63652026-08-192026-08-19 11:56:30,637 INFO ncaa_identity: contest_id=1794109 teams 2762/2762 matched, players 7292/77472026-08-192026-08-19 11:56:33,489 INFO ncaa_identity: contest_id=1794196 teams 2514/2514 matched, players 6377/6876 matched
2026-08-19 11:56:34,588 INFO ncaa_identity: contest_id=1794274 teams 1274/2553 matched, players 3462/69322026-08-192026-08-19 11:56:35,418 INFO ncaa_identity: contest_id=1794318 teams 2351/2351 matched, players 5988/64752026-08-192026-08-19 11:56:41,790 INFO ncaa_identity: contest_id=1794529 teams 2771/2771 matched, players 7173/75602026-08-19 11:56:44,715 INFO ncaa_identity: contest_id=1795469 teams 2518/2518 matched, players 7092/7093 matched
2026-08-19 11:56:46,762 INFO ncaa_identity: contest_id=1795551 teams 2626/2626 matched, players 5746/7143 matched
2026-08-19 11:56:48,040 INFO ncaa_identity: contest_id=1795564 teams 2867/2867 matched, players 7538/7870 matched
2026-08-19 11:56:53,157 INFO ncaa_identity: contest_id=1795654 teams 2509/2509 matched, players 6543/6913 matched
2026-08-19 11:56:56,020 INFO 5 starters not found for period 3; using estimate
2026-08-19 11:56:56,970 INFO ncaa_identity: contest_id=1795767 teams 2253/2253 matched, players 5733/6153 matched
2026-08-19 11:56:57,825 INFO ncaa_identity: c2026-08-19 11:57:01,582 INFO ncaa_identity: contest_id=1795125 teams 2607/2607 matched, players 7140/7151 matched
2026-08-19 11:57:06,547 INFO ncaa_identity: contest_id=1795181 teams 2783/2783 matched, players 7186/7610 matched
2026-08-19 11:57:10,518 INFO ncaa_identity: contest_id=1795378 teams 2423/2423 matched, players 6093/6636 matched
2026-08-19 11:57:14,753 INFO ncaa_identity: contest_id=1795539 teams 2727/2727 matched, players 7095/7489 matched
2026-08-19 11:57:16,074 INFO ncaa_identity: contest_id=1795554 teams 3215/3215 matched, players 8832/8834 matched
2026-08-19 11:57:22,031 INFO ncaa_identity: contest_id=1795646 teams 2184/2184 matched, players 5330/5943 matched
2026-08-19 11:57:31,602 INFO ncaa_identity: contest_id=1795926 teams 2144/2144 matched, players 5606/6046 matched
2026-08-19 11:57:33,440 INFO ncaa_identity: contest_id=1796023 teams 2161/2161 matched, players 5560/6109 matched
2026-08-19 11:57:35,347 INFO ncaa_identity: contest_id=1796093 teams 2567/2567 matched, players 6950/7068 matched
2026-08-19 11:57:42,419 INFO ncaa_identity: contest_id=1796195 teams 2402/2402 matched, players 6666/6711 matched
2026-08-19 11:57:44,759 INFO ncaa_identity: contest_id=1796260 teams 2519/2519 matched, players 6342/6920 matched
2026-08-19 11:57:49,050 INFO ncaa_identity: contest_id=1796314 teams 2323/2323 matched, players 6305/6314 matched
2026-08-19 11:57:50,974 INFO ncaa_identity: contest_id=1796369 teams 2783/2783 matched, players 7593/7687 matched
2026-08-19 11:57:52,169 INFO ncaa_identity: contest_id=1796379 teams 3245/3245 matched, players 8539/8941 matched
2026-08-19 11:57:57,651 INFO ncaa_identity: contest_id=1796445 teams 2388/2388 matched, players 6474/6525 matched
2026-08-19 11:58:02,966 INFO ncaa_identity: contest_id=1796567 teams 1403/2706 matched, players 3644/7421 matched
2026-08-19 11:58:04,159 INFO ncaa_identity: contest_id=1796584 teams 1283/2564 matched, players 3529/7000 matched
2026-08-19 11:58:12,003 INFO ncaa_identity: contest_id=1796676 teams 2983/2983 matched, players 8135/8223 matched
2026-08-19 11:58:14,125 INFO ncaa_identity: contest_id=1796696 teams 1269/2538 matched, players 3445/6905 matched
2026-08-19 11:58:16,584 INFO ncaa_identity: contest_id=1796717 teams 1472/2975 matched, players 3475/8197 matched
2026-08-19 11:58:18,292 INFO ncaa_identity: contest_id=1796737 teams 1208/2405 matched, players 3281/6512 matched
2026-08-19 11:58:22,274 INFO ncaa_identity: contest_id=1796779 teams 2937/2937 matched, players 8016/8139 matched
2026-08-19 11:58:25,180 INFO ncaa_identity: contest_id=1796811 teams 2516/2516 matched, players 6955/7058 matched
2026-08-19 11:58:27,231 INFO ncaa_identity: contest_id=1796831 teams 2664/2664 matched, players 6782/7304 matched
2026-08-19 11:58:28,068 INFO ncaa_identity: contest_id=1796841 teams 2473/2473 matched, players 6753/6774 matched
2026-08-19 11:58:31,067 INFO ncaa_identity: contest_id=1814649 teams 2171/2171 matched, players 5901/6108 matched
2026-08-19 11:58:36,053 INFO ncaa_identity: contest_id=1818607 teams 2770/2770 matched, players 7226/7619 matched
2026-08-19 11:58:49,193 INFO ncaa_identity: contest_id=1969645 teams 2459/2459 matched, players 6651/6660 matched
2026-08-19 11:58:55,675 INFO ncaa_identity: contest_id=1971430 teams 2338/2338 matched, players 5998/6399 matched
2026-08-19 11:59:01,137 INFO ncaa_identity: contest_id=1978143 teams 1430/2869 matched, players 3974/7897 matched
2026-08-19 11:59:04,373 INFO ncaa_identity: contest_id=1978187 teams 1521/3021 matched, players 4107/8301 matched
2026-08-19 11:59:05,632 INFO ncaa_identity: contest_id=1978202 teams 2970/2970 matched, players 7321/8205 matched
2026-08-19 11:59:08,845 INFO ncaa_identity: contest_id=1978267 teams 1464/2959 matched, players 4095/8202 matched
2026-08-19 11:59:18,889 INFO ncaa_identity: contest_id=1978466 teams 2840/2840 matched, players 7321/7851 matched
2026-08-19 11:59:19,989 INFO ncaa_identity: contest_id=1978495 teams 1402/2799 matched, players 3887/7721 matched
2026-08-19 11:59:22,059 INFO ncaa_identity: contest_id=1978559 teams 1426/2702 matched, players 3760/7393 matched
2026-08-19 11:59:23,239 INFO ncaa_identity: contest_id=1978582 teams 2401/2401 matched, players 6258/6539 matched
2026-08-19 11:59:27,891 INFO ncaa_identity: contest_id=1978641 teams 1295/2604 matched, players 3557/7150 matched
2026-08-19 11:59:30,623 INFO ncaa_identity: contest_id=1978689 teams 2867/2867 matched, players 7650/7791 matched
2026-08-19 11:59:32,513 WARNING ncaa_parse: family=shots contest_id=1978725 team=Southeast Mo. St. SKIPPED (1 parse error(s)): No shot events found [<!DOCTYPE html> <html lang="en"> <head> <meta content="text/html; charset=utf-8" http-equiv="CONTENT-TYPE"/> <meta charset="utf-8"/> <meta...
2026-08-19 11:59:32,532 INFO ncaa_identity: contest_id=1978725 teams 2481/2481 matched, players 6202/7012 matched
2026-08-19 11:59:33,490 INFO ncaa_identity: contest_id=1978749 teams 1397/2886 matched, players 3955/7970 matched
2026-08-19 11:59:37,900 INFO ncaa_identity: contest_id=1978831 teams 1430/2866 matched, players 4002/7832 matched
2026-08-19 11:59:40,263 INFO ncaa_identity: contest_id=1978868 teams 3492/3492 matched, players 9124/9607 matched
2026-08-19 11:59:41,361 INFO ncaa_identity: contest_id=1978887 teams 2645/2645 matched, players 6600/7232 matched
2026-08-19 11:59:42,370 INFO ncaa_identity: contest_id=1978904 teams 1526/3074 matched, players 4225/8469 matched
2026-08-19 11:59:46,535 INFO ncaa_identity: contest_id=1978989 teams 3008/3008 matched, players 8257/8268 matched
2026-08-19 11:59:47,518 INFO ncaa_identity: contest_id=1979010 teams 2861/2861 matched, players 7823/7845 matched
2026-08-19 11:59:48,651 INFO ncaa_identity: contest_id=1979037 teams 1432/2645 matched, players 3648/7241 matched
2026-08-19 11:59:49,852 INFO ncaa_identity: contest_id=1979049 teams 2997/2997 matched, players 8039/8223 matched
2026-08-19 11:59:52,101 INFO ncaa_identity: contest_id=1979085 teams 1493/2838 matched, players 3547/7746 matched
2026-08-19 11:59:52,966 INFO ncaa_identity: contest_id=1979104 teams 2587/2587 matched, players 6576/7132 matched
2026-08-19 11:59:54,154 INFO ncaa_identity: contest_id=1979116 teams 2647/2647 matched, players 6919/7258 matched
2026-08-19 11:59:58,425 INFO ncaa_identity: contest_id=1979186 teams 2613/2613 matched, players 7050/7105 matched
2026-08-19 12:00:01,299 WARNING ncaa_parse: family=shots contest_id=1979232 team=Marshall SKIPPED (1 parse error(s)): No shot events found [<!DOCTYPE html> <html lang="en"> <head> <meta content="text/html; charset=utf-8" http-equiv="CONTENT-TYPE"/> <meta charset="utf-8"/> <meta...
2026-08-19 12:00:02,601 INFO ncaa_identity: contest_id=1979246 teams 3157/3157 matched, players 8687/8719 matched
2026-08-19 12:00:03,573 INFO ncaa_identity: contest_id=1979263 teams 2157/2157 matched, players 5380/5896 matched
2026-08-19 12:00:04,784 INFO ncaa_identity: contest_id=1979282 teams 2630/2630 matched, players 6570/7245 matched
2026-08-19 12:00:07,953 INFO ncaa_identity: contest_id=1979331 teams 1367/2659 matched, players 3676/7286 matched
2026-08-19 12:00:08,733 WARNING ncaa_parse: family=shots contest_id=1979352 team=Southeast Mo. St. SKIPPED (1 parse error(s)): No shot events found [<!DOCTYPE html> <html lang="en"> <head> <meta content="text/html; charset=utf-8" http-equiv="CONTENT-TYPE"/> <meta charset="utf-8"/> <meta...
2026-08-19 12:00:08,751 INFO ncaa_identity: contest_id=1979352 teams 2298/2298 matched, players 6259/6456 matched
2026-08-19 12:00:12,005 INFO ncaa_identity: contest_id=1979408 teams 2764/2764 matched, players 7042/7616 matched
2026-08-19 12:00:14,970 INFO ncaa_identity: contest_id=1979486 teams 2931/2931 matched, players 8040/8044 matched
2026-08-19 12:00:20,232 INFO ncaa_identity: contest_id=1979595 teams 2681/2681 matched, players 6389/7364 matched
2026-08-19 12:00:25,567 INFO ncaa_identity: contest_id=1979717 teams 2617/2617 matched, players 7172/7185 matched
2026-08-19 12:00:26,405 INFO ncaa_identity: contest_id=1979742 teams 1240/2450 matched, players 3344/6724 matched
2026-08-19 12:00:27,501 INFO ncaa_identity: contest_id=1979765 teams 2819/2819 matched, players 7011/7744 matched
2026-08-19 12:00:29,284 WARNING ncaa_pars2026-08-19 12:00:30,473 INFO ncaa_identity: contest_id=1980643 teams 2974/2974 matched, players 7373/8144 matched
2026-08-19 12:00:31,636 INFO ncaa_identity: contest_id=1980688 teams 2597/2597 matched, players 6441/7078 matched
2026-08-19 12:00:32,432 WARNING ncaa_parse: family=shots contest_id=1980711 team=Lipscomb SKIPPED (1 parse error(s)): No shot events found [<!DOCTYPE html> <html lang="en"> <head> <meta content="text/html; charset=utf-8" http-equiv="CONTENT-T2026-08-19 12:00:33,465 INFO ncaa_identit2026-08-19 12:00:35,347 INFO ncaa_identity: contest_id=1980777 teams 2788/2788 matched, players 7614/7686 matched
2026-08-19 12:00:36,248 WARNING ncaa_parse: family=shots contest_id=1980792026-08-19 12:00:42,956 INFO ncaa_identity: contest_id=1980184 teams 1395/2816 matched, players 3178/7796 matched
2026-08-19 12:00:44,775 WARNING ncaa_parse: family=shots contest_id=1980237 team=Morehead St. SKIPPED (1 parse error(s)): No shot events found [<!DOCTYPE html> <html lang="en"> <head> <meta content="text/html; charset=utf-8" http-equiv="CONTENT-TYPE"/> <meta charset="utf-8"/> <meta...
2026-08-19 12:00:44,799 INFO ncaa_identity: contest_id=1980237 teams 2320/2320 matched, players 5832/6512 matched
2026-08-19 12:00:45,532 WARNING ncaa_parse: family=shots contest_id=1980276 team=Hampton SKIPPED (1 parse error(s)): No shot events found [<!DOCTYPE html> <html lang="en"> <head> <meta content="text/html; charset=u2026-08-19 12:00:47,541 INFO ncaa_identity: contest_id=1981126 teams 3192/3192 matched, players 8782/8789 matched
2026-08-19 12:00:48,551 INFO ncaa_identity: contest_id=1981146 teams 2491/2491 matched, players 6778/6780 matched
2026-08-19 12:00:52,505 INFO ncaa_identity: contest_id=1981221 teams 2449/2449 matched, players 6696/6709 matched
2026-08-19 12:00:53,227 WARNING ncaa_parse: family=shots contest_id=1981283 team=Southeast Mo. St. SKIPPED (1 parse error(s)): No shot events found [<!DOCTYPE html> <html lang="en"> <head> <meta content="text/html; charset=utf-8" http-equiv="CONTENT-TYPE"/> <meta charset="utf-8"/> <meta...
2026-08-19 12:00:59,575 INFO ncaa_identity: contest_id=1981460 teams 2538/2538 matched, players 6526/6974 matched
2026-08-19 12:01:00,642 INFO ncaa_identity: contest_id=1981498 teams 2682/2682 matched, players 7002/7359 matched
2026-08-19 12:01:05,612 INFO ncaa_identity: contest_id=1981597 teams 2524/2524 matched, players 6580/6925 matched
2026-08-19 12:01:08,016 INFO ncaa_identity: contest_id=1981630 teams 2636/2636 matched, players 7273/7279 matched
2026-08-19 12:01:13,224 INFO ncaa_identity: contest_id=1981838 teams 2894/2894 matched, players 7527/7910 matched
2026-08-19 12:01:15,233 INFO ncaa_identity: contest_id=1981897 teams 2371/2371 matched, players 5946/6472 matched
2026-08-19 12:01:17,193 INFO ncaa_identity: contest_id=1981931 teams 2562/2562 matched, players 6980/7052 matched
2026-08-19 12:01:19,216 INFO ncaa_identity: contest_id=1981977 teams 1395/2887 matched, players 3984/7970 matched
2026-08-19 12:01:22,463 INFO ncaa_identity: contest_id=1982051 teams 1398/2683 matched, players 3650/7351 matched
2026-08-19 12:01:24,395 INFO ncaa_identity: contest_id=1982124 teams 2385/2385 matched, players 6025/6543 matched
2026-08-19 12:01:25,108 WARNING ncaa_parse: family=shots contest_id=1982151 team=Texas Southern SKIPPED (1 parse error(s)): No shot events found [<!DOCTYPE html> <html lang="en"> <head> <meta content="text/html; charset=utf-8" http-equiv="CONTENT-TYPE"/> <meta charset="utf-8"/> <meta...
2026-08-19 12:01:27,536 INFO ncaa_identity: contest_id=1982198 teams 2637/2637 matched, players 6598/7179 matched
2026-08-19 12:01:28,335 WARNING ncaa_parse: family=shots contest_id=1982221 team=Morehead St. SKIPPED (1 parse error(s)): No shot events found [<!DOCTYPE html> <html lang="en"> <head> <meta content="text/html; charset=utf-8" http-equiv="CONTENT-TYPE"/> <meta charset="utf-8"/> <meta...
2026-08-19 12:01:28,359 INFO ncaa_identity: contest_id=1982221 teams 2430/2430 matched, players 5851/6876 matched
2026-08-19 12:01:29,520 INFO ncaa_identity: contest_id=1982254 teams 3103/3103 matched, players 8558/8565 matched
2026-08-19 12:01:32,310 INFO ncaa_identity: contest_id=1982301 teams 2501/2501 matched, players 6811/6837 matched
2026-08-19 12:01:35,372 WARNING ncaa_parse: family=shots contest_id=1982349 team=Morehead St. SKIPPED (1 parse error(s)): No shot events found [<!DOCTYPE html> <html lang="en"> <head> <meta content="text/html; charset=utf-8" http-equiv="CONTENT-TYPE"/> <meta charset="utf-8"/> <meta...
2026-08-19 12:01:35,391 INFO ncaa_identity: contest_id=1982349 teams 2385/2385 matched, players 6165/6728 matched
2026-08-19 12:01:36,433 INFO ncaa_identity: contest_id=1982383 teams 2179/2179 matched, players 5822/5948 matched
2026-08-19 12:01:39,223 INFO ncaa_identity: contest_id=1982450 teams 2729/2729 matched, players 7301/7495 matched
2026-08-19 12:01:41,660 INFO ncaa_identity: contest_id=1982488 teams 2346/2346 matched, players 6352/6377 matched
2026-08-19 12:01:42,474 INFO ncaa_identity: contest_id=1982499 teams 2460/2460 matched, players 6369/6720 matched
2026-08-19 12:01:45,619 INFO ncaa_identity: contest_id=1986858 teams 2932/2932 matched, players 7726/8108 matched
2026-08-19 12:01:46,347 WARNING ncaa_parse: family=shots contest_id=1987183 team=Loyola Maryland SKIPPED (1 parse error(s)): No shot events found [<!DOCTYPE html> <html lang="en"> <head> <meta content="text/html; charset=utf-8" http-equiv="CONTENT-TYPE"/> <meta charset="utf-8"/> <meta...
2026-08-19 12:01:52,253 INFO ncaa_identity: contest_id=1987587 teams 1138/2257 matched, players 3110/6172 matched
2026-08-19 12:01:54,278 INFO ncaa_identity: contest_id=1987867 teams 2701/2701 matched, players 7081/7409 matched
2026-08-19 12:01:55,209 WARNING ncaa_parse: family=shots contest_id=1987939 team=Morehead St. SKIPPED (1 parse error(s)): No shot events found [<!DOCTYPE html> <html lang="en"> <head> <meta content="text/html; charset=utf-8" h2026-08-19 12:01:56,573 WARNING ncaa_parse: family=shots contest_id=1982224 team=Eastern Ky. SKIPPED (1 parse error(s)): No shot events found [<!DOCTYPE html> <html lang="en"> <head> <meta content="text/html; charset=utf-8" http-equiv="CONTENT-TYPE"/> <meta charset="utf-8"/> <meta...
2026-2026-08-19 12:01:58,400 INFO ncaa_identity: contest_id=1988088 teams 1308/2589 matched, players 3502/7120 matched
2026-08-19 12:02:01,407 INFO ncaa_identity: contest_id=1989012 teams 2498/2498 matched, players 6664/6849 matched
2026-08-19 12:02:02,179 INFO ncaa_identity: contest_id=1989070 teams 2392/2392 matched, players 6482/6489 matched
2026-08-19 12:02:10,022 INFO ncaa_identity: contest_id=1989409 teams 2895/2895 matched, players 7383/7895 matched
2026-08-19 12:02:10,954 INFO ncaa_identity: contest_id=1989456 teams 2292/2292 matched, players 5870/6256 matched
2026-08-19 12:02:14,207 INFO ncaa_identity: contest_id=1989593 teams 2599/2599 matched, players 7027/7123 matched
2026-08-19 12:02:18,402 INFO ncaa_identity: contest_id=1989844 teams 2415/2415 matched, players 6412/6625 matched
2026-08-19 12:02:20,390 INFO ncaa_identity: contest_id=1990032 teams 2657/2657 matched, players 6875/7306 matched
2026-08-19 12:02:21,329 INFO 5 starters not found for period 5; using estimate
2026-08-19 12:02:29,816 WARNING ncaa_parse: family=shots contest_id=1990348 team=Bradley SKIPPED (1 parse error(s)): No shot events found [<!DOCTYPE html> <html lang="en"> <head> <meta content="text/html; charset=utf-8" http-equiv="CONTENT-TYPE"/> <meta charset="utf-8"/> <meta...
2026-08-19 12:02:29,837 INFO ncaa_identity: contest_id=1990348 teams 2544/2544 matched, players 6986/7145 matched
2026-08-19 12:02:31,768 INFO ncaa_identity: contest_id=1990385 teams 2418/2418 matched, players 6174/6620 matched
2026-08-19 12:02:33,681 INFO ncaa_identity: contest_id=1990486 teams 2879/2879 matched, players 7415/7958 matched
2026-08-19 12:02:36,092 INFO ncaa_identity: contest_id=1990581 teams 3191/3191 matched, players 8238/8810 matched
2026-08-19 12:02:37,261 INFO ncaa_identity: contest_id=1990597 teams 1850/3630 matched, players 4995/10030 matched
2026-08-19 12:02:38,413 INFO ncaa_identity: contest_id=1990616 teams 2974/2974 matched, players 8166/8208 matched
2026-08-19 12:02:44,335 INFO ncaa_identity: contest_id=1990798 teams 1499/3020 matched, players 4191/8366 matched
2026-08-19 12:02:47,219 WARNING ncaa_parse: family=shots contest_id=1990888 team=Fresno St. SKIPPED (1 parse error(s)): No shot events found [<!DOCTYPE html> <html lang="en"> <head> <meta content="text/html; charset=utf-8" http-equiv="CONTENT-TYPE"/> <meta charset="utf-8"/> <meta...
2026-08-19 12:02:49,258 INFO ncaa_identity: contest_id=1991014 teams 1159/2296 matched, players 3189/6265 matched
2026-08-19 12:02:52,589 INFO 5 starters not found for period 2; using estimate
2026-08-19 12:02:53,398 INFO ncaa_identity: contest_id=1991174 teams 2114/2114 matched, players 5689/5696 matched
2026-08-19 12:02:54,442 INFO ncaa_identity: contest_id=1991206 teams 2336/2336 matched, players 5953/6395 matched
2026-08-19 12:02:56,440 INFO ncaa_identity: contest_id=1991305 teams 2876/2876 matched, players 7552/7873 matched
2026-08-19 12:02:57,709 INFO ncaa_identity: contest_id=1991371 teams 3002/3002 matched, players 7627/8238 matched
[p1_s_e_e] [WARNING] [TeamId(name='Utah')]v[TeamId(name='UCLA')] Flip court for periods: [[2, 3, 4]] because [total_shots={1: 27, 2: 37, 3: 24, 4: 32} long_shots={1: 11, 2: 37, 3: 24, 4: 32}]
2026-08-19 12:02:58,543 INFO ncaa_identity: contest_id=1991401 teams 2421/2421 matched, players 6134/6628 matched
2026-08-19 12:02:59,700 INFO ncaa_identity: contest_id=1991467 teams 2714/2714 matched, players 6810/7443 matched
2026-08-19 12:03:03,547 INFO ncaa_identity: contest_id=1991702 teams 1431/2830 matched, players 3582/7790 matched
2026-08-19 12:03:04,682 INFO ncaa_identity: contest_id=1991854 teams 2430/2430 matched, players 6625/6629 matched
2026-08-19 12:03:05,619 INFO ncaa_identity: contest_id=1991902 teams 2619/2619 matched, players 7157/7164 matched
2026-08-19 12:03:07,849 INFO ncaa_identity: contest_id=1991969 teams 2774/2774 matched, players 6963/7638 matched
2026-08-19 12:03:08,878 INFO ncaa_identity: contest_id=1991979 teams 2797/2797 matched, players 7130/7633 matched
2026-08-19 12:03:12,017 INFO ncaa_identity: contest_id=1992168 teams 1721/3347 matched, players 4634/9231 matched
2026-08-19 12:03:13,852 INFO ncaa_identity: contest_id=1992369 teams 1418/2860 matched, players 3970/7866 matched
2026-08-19 12:03:15,700 INFO ncaa_identity: contest_id=1992566 teams 2288/2288 matched, players 5731/6228 matched
2026-08-19 12:03:16,684 INFO ncaa_identity: contest_id=1992596 teams 2531/2531 matched, players 5935/6948 matched
2026-08-19 12:03:21,576 WARNING ncaa_parse: family=shots contest_id=1992695 team=Fresno St. SKIPPED (1 parse error(s)): No shot events found [<!DOCTYPE html> <html lang="en"> <head> <meta content="text/html; charset=utf-8" http-equiv="CONTENT-TYPE"/> <meta charset="utf-8"/> <meta...
2026-08-19 12:03:21,594 INFO ncaa_identity: contest_id=1992695 teams 2125/2125 matched, players 5555/5978 matched
2026-08-19 12:03:22,574 INFO ncaa_identity: contest_id=1992710 teams 2847/2847 matched, players 7315/7839 matched
2026-08-19 12:03:24,725 INFO ncaa_identity: contest_id=1992830 teams 2523/2523 matched, players 6480/6913 matched
2026-08-19 12:03:28,738 INFO ncaa_identity: contest_id=1993054 teams 2598/2598 matched, players 6533/7136 matched
2026-08-19 12:03:33,831 INFO ncaa_identity: contest_id=1993515 teams 2767/2767 matched, players 7291/7580 matched
2026-08-19 12:03:34,978 INFO ncaa_identity: contest_id=1993730 teams 1449/2805 matched, players 3906/7726 matched
2026-08-19 12:03:36,203 INFO ncaa_identity: contest_id=1993873 teams 1697/3460 matched, players 4780/9605 matched
2026-08-19 12:03:37,436 INFO ncaa_identity: contest_id=1993983 teams 0/3278 matched, players 0/9017 matched
2026-08-19 12:03:39,315 INFO ncaa_identity: contest_id=1994239 teams 2474/2474 matched, players 5662/6767 matched
2026-08-19 12:03:43,379 INFO ncaa_identity: contest_id=1994460 teams 1765/3594 matched, players 5010/9957 matched
2026-08-19 12:03:44,498 INFO ncaa_identity: contest_id=1994564 teams 1267/2473 matched, players 3432/6770 matched
2026-08-19 12:03:45,457 INFO ncaa_identity: contest_id=1994880 teams 2688/2688 matched, players 6935/7406 matched
2026-08-19 12:03:47,843 INFO ncaa_identity: contest_id=1995089 teams 1500/2822 matched, players 3939/7710 matched
2026-08-19 12:03:48,675 WARNING ncaa_parse: family=shots contest_id=1995244 team=Eastern Ky. SKIPPED (1 parse error(s)): No shot events found [<!DOCTYPE html> <html lang="en"> <head> <meta content="text/html; charset=utf-8" http-equiv="CONTENT-TYPE"/> <meta charset="utf-8"/> <meta...
2026-08-19 12:03:48,699 INFO ncaa_identity: contest_id=1995244 teams 2763/2763 matched, players 6911/7802 matched
2026-08-19 12:03:49,840 INFO ncaa_identity: contest_id=1995329 teams 1509/2941 matched, players 4062/8101 matched
2026-08-19 12:03:53,622 WARNING ncaa_parse: family=shots contest_id=1995527 team=Loyola Chicago SKIPPED (1 parse error(s)): No shot events found [<!DOCTYPE html> <html lang="en"> <head> <meta content="text/html; charset=utf-8" http-equiv="CONTENT-TYPE"/> <meta charset="utf-8"/> <meta...
2026-08-19 12:03:53,638 INFO ncaa_identity: contest_id=1995527 teams 2218/2218 matched, players 5900/6278 matched
2026-08-19 12:03:54,990 INFO ncaa_identity: contest_id=1995564 teams 3009/3009 matched, players 7664/8262 matched
2026-08-19 12:03:59,078 INFO ncaa_identity: contest_id=1995843 teams 3086/3086 matched, players 7929/8513 matched
2026-08-19 12:04:01,036 INFO ncaa_identity: contest_id=1996251 teams 2196/2196 matched, players 5588/5982 matched
2026-08-19 12:04:02,093 INFO ncaa_identity: contest_id=1996284 teams 2793/2793 matched, players 7339/7667 matched
2026-08-19 12:04:03,019 INFO ncaa_identity: contest_id=1996302 teams 2740/2740 matched, players 7085/7527 matched
2026-08-19 12:04:04,135 INFO ncaa_identity: contest_id=1996313 teams 2869/2869 matched, players 6857/7905 matched
2026-08-19 12:04:05,138 INFO ncaa_identity: contest_id=1996340 teams 2219/2219 matched, players 6047/6076 matched
2026-08-19 12:04:08,795 INFO ncaa_identity: contest_id=1996634 teams 2629/2629 matched, players 6470/7225 matched
2026-08-19 12:04:09,724 INFO ncaa_identity: contest_id=1996658 teams 1580/3084 matched, players 4291/8512 matched
2026-08-19 12:04:12,046 WARNING ncaa_parse: family=shots contest_id=1997474 team=Furman SKIPPED (1 parse error(s)): No shot events found [<!DOCTYPE html> <html lang="en"> <head> <meta content="text/html; charset=utf-8" http-equiv="CONTENT-TYPE"/> <meta charset="utf-8"/> <meta...
2026-08-19 12:04:12,068 INFO ncaa_identity: contest_id=1997474 teams 1389/2702 matched, players 3739/7644 matched
2026-08-19 12:04:13,040 INFO ncaa_identity: contest_id=1997908 teams 3094/3094 matched, players 8092/8584 matched
2026-08-19 12:04:15,983 INFO ncaa_identity: contest_id=2001819 teams 2846/2846 matched, players 7294/7871 matched
2026-08-19 12:04:18,027 INFO ncaa_identity: contest_id=2007741 teams 2745/2745 matched, players 7496/7543 matched
2026-08-19 12:04:19,158 WARNING ncaa_parse: family=shots contest_id=2027315 team=Coppin St. SKIPPED (1 parse error(s)): No shot events found [<!DOCTYPE html> <html lang="en"> <head> <meta content="text/html; charset=utf-8" http-equiv="CONTENT-TYPE"/> <meta charset="utf-8"/> <meta...
2026-08-19 12:04:19,181 INFO ncaa_identity: contest_id=2027315 teams 2821/2821 matched, players 7295/8004 matched
2026-08-19 12:04:21,147 INFO ncaa_identity: contest_id=2035575 teams 2792/2792 matched, pla2026-08-19 12:04:21,446 2026-08-19 12:04:22,175 INFO ncaa_identity: contest_id=2045012 teams 3203/3203 matched, pla2026-08-19 12:04:24,828 WARNING ncaa_parse: family=shots contest_id=1995622 team=Lipscomb SKIPPED (1 parse error(s)): No shot events found 2026-08-19 12:04:25,716 INFO ncaa_identity: contest_id=2048729 teams 3902/3902 matched, players 10902/10907 matched
2026-08-19 12:04:27,769 INFO ncaa_identity: contest_id=2051200 teams 2691/2691 matched, players 7128/7371 matched
2026-08-19 12:04:29,810 INFO ncaa_identity: contest_id=2051806 teams 2327/2327 matched, players 5781/6296 matched
2026-08-19 12:04:34,461 INFO ncaa_identity: contest_id=2053747 teams 2287/2287 matched, players 6031/6196 matched
2026-08-19 12:04:36,273 WARNING ncaa_parse: family=shots contest_id=2054374 team=Campbell SKIPPED (1 parse error(s)): No shot events found [<!DOCTYPE html> <html lang="en"> <head> <meta content="text/html; charset=utf-8" http-equiv="CONTENT-TYPE"/> <meta charset="utf-8"/> <meta...
2026-08-19 12:04:36,295 INFO ncaa_identity: contest_id=2054374 teams 2096/2096 matched, players 5171/5865 matched
2026-08-19 12:04:37,355 INFO ncaa_identity: contest_id=2055022 teams 2343/2343 matched, players 5949/6382 matched
2026-08-19 12:04:38,421 INFO ncaa_identity: contest_id=2055445 teams 2625/2625 matched, players 6706/7176 matched
2026-08-19 12:04:45,150 INFO ncaa_identity: contest_id=2056211 teams 2265/2265 matched, players 5527/6150 matched
2026-08-19 12:04:49,167 INFO ncaa_identity: contest_id=2056540 teams 2616/2616 matched, players 7111/7172 matched
2026-08-19 12:04:52,904 INFO ncaa_identity: contest_id=2060402 teams 2641/2641 matched, players 6699/7277 matched
2026-08-19 12:04:55,071 INFO ncaa_identity: contest_id=2060641 teams 3081/3081 matched, players 7988/8444 matched
2026-08-19 12:04:58,345 INFO ncaa_identity: contest_id=2060937 teams 2633/2633 matched, players 6150/7188 matched
2026-08-19 12:05:05,602 INFO ncaa_identity: contest_id=2125033 teams 3023/3023 matched, players 7993/8274 matched
2026-08-19 12:05:06,658 INFO ncaa_identity: contest_id=2125043 teams 1681/3217 matched, players 4547/8898 matched
2026-08-19 12:05:07,842 INFO ncaa_identity: contest_id=2125053 teams 1495/3014 matched, players 4196/8345 matched
2026-08-19 12:05:09,912 INFO ncaa_identity: contest_id=2125074 teams 2495/2495 matched, players 6464/6865 matched
2026-08-19 12:05:11,144 INFO ncaa_identity: contest_id=2125085 teams 1346/2687 matched, players 3416/7342 matched
2026-08-19 12:05:12,028 INFO ncaa_identity: contest_id=2125096 teams 1262/2489 matched, players 3203/6833 matched
2026-08-19 12:05:13,233 INFO ncaa_identity: contest_id=2125106 teams 1398/2765 matched, players 3783/7578 matched
2026-08-19 12:05:14,339 INFO ncaa_identity: contest_id=2125125 teams 1197/2396 matched, players 3304/6540 matched
2026-08-19 12:05:16,541 INFO ncaa_identity: contest_id=2125161 teams 1774/3401 matched, players 4875/9406 matched
2026-08-19 12:05:17,396 INFO ncaa_identity: contest_id=2125176 teams 0/2646 matched, players 0/7233 matched
2026-08-19 12:05:18,577 INFO ncaa_identity: contest_id=2125200 teams 1480/2931 matched, players 4009/7994 matched
2026-08-19 12:05:19,742 INFO ncaa_identity: contest_id=2125218 teams 2891/2891 matched, players 7425/7948 matched
2026-08-19 12:05:21,825 INFO ncaa_identity: contest_id=2125247 teams 2835/2835 matched, players 7645/7802 matched
2026-08-19 12:05:23,015 INFO ncaa_identity: contest_id=2125282 teams 1380/2699 matched, players 3805/7428 matched
2026-08-19 12:05:24,105 INFO ncaa_identity: contest_id=2125313 teams 3101/3101 matched, players 8131/8488 matched
2026-08-19 12:05:25,292 INFO ncaa_identity: contest_id=2125323 teams 2564/2564 matched, players 6639/7036 matched
2026-08-19 12:05:31,945 INFO ncaa_identity: contest_id=2125530 teams 2819/2819 matched, players 7663/7747 matched
2026-08-19 12:05:33,962 INFO ncaa_identity: contest_id=2125618 teams 2750/2750 matched, players 7266/7534 matched
2026-08-19 12:05:35,037 WARNING ncaa_parse: family=shots contest_id=2125637 team=South Carolina St. SKIPPED (1 parse error(s)): No shot events found [<!DOCTYPE html> <html lang="en"> <head> <meta content="text/html; charset=utf-8" http-equiv="CONTENT-TYPE"/> <meta charset="utf-8"/> <meta...
2026-08-19 12:05:35,058 INFO ncaa_identity: contest_id=2125637 teams 2574/2574 matched, players 7028/7193 matched
2026-08-19 12:05:38,472 INFO ncaa_identity: contest_id=2125854 teams 2905/2905 matched, players 6926/7998 matched
2026-08-19 12:05:47,176 INFO ncaa_identity: contest_id=2126068 teams 1382/2787 matched, players 3838/7629 matched
2026-08-19 12:05:48,153 INFO ncaa_identity: contest_id=2126104 teams 2563/2563 matched, players 6933/6998 matched
2026-08-19 12:05:53,422 INFO ncaa_identity: contest_id=2126209 teams 1269/2567 matched, players 3500/6988 matched
2026-08-19 12:05:56,654 INFO ncaa_identity: contest_id=2126307 teams 2794/2794 matched, players 7522/7663 matched
2026-08-19 12:06:03,482 INFO ncaa_identity: contest_id=2126500 teams 1392/2794 matched, players 3807/7677 matched
2026-08-19 12:06:04,598 INFO ncaa_identity: contest_id=2126543 teams 2699/2699 matched, players 6822/7387 matched
2026-08-19 12:06:05,659 INFO ncaa_identity: contest_id=2126564 teams 2951/2951 matched, players 7526/8047 matched
2026-08-19 12:06:12,040 INFO ncaa_identity: contest_id=2126739 teams 1585/3032 matched, players 4150/8355 matched
2026-08-19 12:06:14,207 INFO ncaa_identity: contest_id=2126818 teams 1371/2610 matched, players 3582/7084 matched
2026-08-19 12:06:15,280 INFO ncaa_identity: contest_id=2126878 teams 2596/2596 matched, players 7115/7121 matched
2026-08-19 12:06:16,238 INFO ncaa_identity: contest_id=2126920 teams 2620/2620 matched, players 6765/7226 matched
2026-08-19 12:06:17,506 INFO ncaa_identity: contest_id=2127038 teams 3362/3362 matched, players 8795/9231 matched
2026-08-19 12:06:18,453 INFO ncaa_identity: contest_id=2127062 teams 2316/2316 matched, players 5933/6384 matched
2026-08-19 12:06:21,298 INFO ncaa_identity: contest_id=2127118 teams 2935/2935 matched, players 7550/8066 matched
2026-08-19 12:06:23,787 WARNING ncaa_parse: family=lineups contest_id=2127195 team=NIU SKIPPED (1 parse error(s)): Could not find/match team names (target=[TeamId(NIU)]): Bradley/NIU
2026-08-19 12:06:24,225 WARNING ncaa_parse: family=shots contest_id=2127195 team=NIU SKIPPED (1 parse error(s)): Could not find/match team names (target=[TeamId(NIU)]): Bradley/NIU
2026-08-19 12:06:24,252 INFO ncaa_identity: contest_id=2127195 teams 1137/2306 matched, players 3215/6409 matched
2026-08-19 12:06:26,429 INFO ncaa_identity: contest_id=2127225 teams 3123/3123 matched, players 7983/8552 matched
2026-08-19 12:06:27,627 INFO ncaa_identity: contest_id=2127249 teams 3036/3036 matched, players 8218/8393 matched
2026-08-19 12:06:29,714 INFO ncaa_identity: contest_id=2127420 teams 3004/3004 matched, players 7978/8285 matched
2026-08-19 12:06:36,412 INFO ncaa_identity: contest_id=2127573 teams 2418/2418 matched, players 6425/6682 matched
2026-08-19 12:06:37,458 INFO ncaa_identity: contest_id=2127587 teams 2617/2617 matched, players 7113/7114 matched
2026-08-19 12:06:38,240 INFO ncaa_identity: contest_id=2127601 teams 2258/2258 matched, players 6066/6117 matched
2026-08-19 12:06:40,318 INFO ncaa_identity: contest_id=2127632 teams 2448/2448 matched, players 6159/6694 matched
2026-08-19 12:06:42,553 INFO ncaa_identity: contest_id=2127675 teams 2509/2509 matched, players 6475/6872 matched
2026-08-19 12:06:49,548 INFO ncaa_identity: contest_id=2127851 teams 3044/3044 matched, players 7420/8371 matched
2026-08-19 12:06:50,506 INFO ncaa_identity: contest_id=2127875 teams 2794/2794 matched, players 7590/7710 matched
2026-08-19 12:06:52,457 INFO ncaa_identity: contest_id=2127926 teams 1163/2381 matched, players 3289/6564 matched
2026-08-19 12:06:53,480 INFO ncaa_identity: contest_id=2127937 teams 2477/2477 matched, players 6744/6768 matched
2026-08-19 12:06:56,904 INFO ncaa_identity: contest_id=2127999 teams 2878/2878 matched, players 7608/7914 matched
2026-08-19 12:06:57,835 INFO ncaa_identity: contest_id=2128028 teams 1544/2934 matched, players 4152/8057 matched
2026-08-19 12:07:00,057 INFO ncaa_identity: contest_id=2128094 teams 1420/2716 matched, players 3852/7416 matched
2026-08-19 12:07:01,112 INFO ncaa_identity: contest_id=2128115 teams 3212/3212 matched, players 8579/8747 matched
2026-08-19 12:07:03,418 INFO ncaa_identity: contest_id=2128203 teams 2818/2818 matched, players 7051/7716 matched
2026-08-19 12:07:14,926 WARNING ncaa_parse: family=lineups contest_id=2128535 team=NIU SKIPPED (1 parse error(s)): Could not find/match team names (target=[TeamId(NIU)]): NIU/Western Ill.
2026-08-19 12:07:15,152 INFO ncaa_identity: contest_id=2128535 teams 1634/3092 matched, players 4300/8433 matched
2026-08-19 12:07:16,186 INFO ncaa_identity: contest_id=2128590 teams 2339/2339 matched, players 5966/6430 matched
2026-08-19 12:07:22,530 INFO ncaa_identity: contest_id=2128874 teams 2884/2884 matched, players 7742/7743 matched
2026-08-19 12:07:25,602 INFO ncaa_identity: contest_id=2129008 teams 2679/2679 matched, players 7271/7307 matched
2026-08-19 12:07:30,900 INFO ncaa_identity: contest_id=2129065 teams 1433/2794 matched, players 3852/7638 matched
2026-08-19 12:07:32,013 INFO ncaa_identity: contest_id=2129079 teams 2591/2591 matched, players 6222/7075 matched
2026-08-19 12:07:32,791 WARNING ncaa_parse: family=shots contest_id=2129097 team=Morgan St. SKIPPED (1 parse error(s)): No shot events found [<!DOCTYPE html> <html lang="en"> <head> <meta content="text/html; charset=utf-8" http-equiv="CONTENT-TYPE"/> <meta charset="utf-8"/> <meta...
2026-08-19 12:07:36,901 INFO ncaa_identity: contest_id=2129216 teams 1330/2602 matched, players 3271/7065 matched
2026-08-19 12:07:38,058 INFO ncaa_identity: contest_id=2129229 teams 1374/2730 matched, players 3347/7483 matched
2026-08-19 12:07:39,905 WARNING ncaa_parse: family=shots contest_id=2129322 team=Hampton SKIPPED (1 parse error(s)): No shot events found [<!DOCTYPE html> <html lang="en"> <head> <meta content="text/html; charset=utf-8" http-equiv="CONTENT-TYPE"/> <meta charset="utf-8"/> <meta...
2026-08-19 12:07:39,922 INFO ncaa_identity: contest_id=2129322 teams 2178/2178 matched, players 5585/6136 matched
2026-08-19 12:07:41,879 INFO ncaa_identity: contest_id=2129400 teams 2599/2599 matched, players 6616/7157 matched
2026-08-19 12:07:43,120 INFO ncaa_identity: contest_id=2129419 teams 2745/2745 matched, players 7518/7534 matched
2026-08-19 12:07:49,508 INFO ncaa_identity: contest_id=2129684 teams 2558/2558 matched, players 6156/6996 matched
2026-08-19 12:07:52,450 INFO ncaa_identity: contest_id=2129793 teams 1370/2704 matched, players 3347/7403 matched
2026-08-19 12:07:54,296 INFO ncaa_identity: contest_id=2129821 teams 2368/2368 matched, players 6444/6455 matched
2026-08-19 12:07:55,014 WARNING ncaa_parse: family=lineups contest_id=2129836 team=NIU SKIPPED (1 parse error(s)): Could not find/match team names (target=[TeamId(NIU)]): NIU/Drake
2026-08-19 12:07:55,254 INFO ncaa_identity: contest_id=2129836 teams 1506/2778 matched, players 3916/7567 matched
2026-08-19 12:07:57,154 INFO ncaa_identity: contest_id=2129867 teams 2726/2726 matched, players 7350/7507 matched
2026-08-19 12:07:58,326 INFO ncaa_identity: contest_id=2129884 teams 1486/2799 matched, players 3881/7636 matched
2026-08-19 12:07:59,209 INFO ncaa_identity: contest_id=2129923 teams 2743/2743 matched, players 7122/7511 matched
2026-08-19 12:08:01,381 INFO ncaa_identity: contest_id=2129992 teams 1305/2681 matched, players 3423/7379 matched
2026-08-19 12:08:04,444 INFO ncaa_identity: contest_id=2130066 teams 2527/2527 matched, players 6735/6918 matched
2026-08-19 12:08:05,596 INFO ncaa_identity: contest_id=2130111 teams 2758/2758 matched, players 7289/7563 matched
2026-08-19 12:08:06,520 INFO ncaa_identity: contest_id=2130130 teams 2563/2563 matched, players 6826/6994 matched
2026-08-19 12:08:10,052 INFO ncaa_identity: contest_id=2130212 teams 1545/3015 matched, players 3623/8325 matched
2026-08-19 12:08:12,307 INFO ncaa_identity: contest_id=2130300 teams 2666/2666 matched, players 6766/7310 matched
2026-08-19 12:08:19,688 INFO ncaa_identity: contest_id=2130514 teams 2455/2455 matched, players 6451/6721 matched
2026-08-19 12:08:25,031 INFO ncaa_identity: contest_id=2130641 teams 2574/2574 matched, players 6974/7126 matched
2026-08-19 12:08:29,824 INFO ncaa_identity: contest_id=2130728 teams 2648/2648 matched, players 7168/7251 matched
2026-08-19 12:08:34,088 INFO ncaa_identity: contest_id=2130810 teams 2229/2229 matched, players 5630/6074 matched
2026-08-19 12:08:36,046 WARNING ncaa_parse: family=shots contest_id=2130891 team=Morehead St. SKIPPED (1 parse error(s)): No shot events found [<!DOCTYPE html> <html lang="en"> <head> <meta content="text/html; charset=utf-8" http-equiv="CONTENT-TYPE"/> <meta charset="utf-8"/> <meta...
2026-08-19 12:08:36,065 INFO ncaa_identity: contest_id=2130891 teams 2402/2402 matched, players 6095/6781 matched
2026-08-19 12:08:36,973 INFO ncaa_identity: contest_id=2130927 teams 2615/2615 matched, players 6395/7136 matched
2026-08-19 12:08:45,165 INFO ncaa_identity: contest_id=2131192 teams 2565/2565 matched, players 6659/6968 matched
2026-08-19 12:08:49,515 INFO ncaa_identity: contest_id=2131279 teams 2922/2922 matched, players 7599/7989 matched
2026-08-19 12:08:50,456 INFO ncaa_identity: contest_id=2131315 teams 2893/2893 matched, players 7716/7953 matched
2026-08-19 12:08:55,414 INFO ncaa_identity: contest_id=2131413 teams 2546/2546 matched, players 6998/7001 matched
2026-08-19 12:08:56,619 INFO ncaa_identity: contest_id=2131453 teams 2815/2815 matched, players 7761/7762 matched
2026-08-19 12:08:57,522 INFO ncaa_identity: contest_id=2131476 teams 1279/2571 matched, players 3101/7055 matched
2026-08-19 12:08:59,404 WARNING ncaa_parse: family=shots contest_id=2131628 team=Hampton SKIPPED (1 parse error(s)): No shot events found [<!DOCTYPE html> <html lang="en"> <head> <meta content="text/html; charset=utf-8" http-equiv="CONTENT-TYPE"/> <meta charset="utf-8"/> <meta...
2026-08-19 12:08:59,428 INFO ncaa_identity: contest_id=2131628 teams 2245/2245 matched, players 6264/6375 matched
2026-08-19 12:09:01,430 INFO ncaa_identity: contest_id=2131669 teams 2376/2376 matched, players 6488/6494 matched
2026-08-19 12:09:02,485 INFO ncaa_identity: contest_id=2131740 teams 2700/2700 matched, players 7109/7432 matched
2026-08-19 12:09:04,213 INFO ncaa_identity: contest_id=2131847 teams 2473/2473 matched, players 6744/6751 matched
2026-08-19 12:09:07,334 INFO ncaa_identity: contest_id=2131957 teams 2843/2843 matched, players 7099/7803 matched
2026-08-19 12:09:08,317 INFO ncaa_identity: contest_id=2131982 teams 2680/2680 matched, players 6928/7383 matched
2026-08-19 12:09:14,823 INFO ncaa_identity: contest_id=2132131 teams 2833/2833 matched, players 7555/7734 matched
2026-08-19 12:09:18,829 INFO ncaa_identity: contest_id=2132312 teams 2478/2478 matched, players 6228/6789 matched
2026-08-19 12:09:21,089 INFO ncaa_identity: contest_id=2132379 teams 2889/2889 matched, players 7160/7957 matched
2026-08-19 12:09:21,917 WARNING ncaa_parse: family=shots contest_id=2132407 team=N.C. Central SKIPPED (1 parse error(s)): No shot events found [<!DOCTYPE html> <html lang="en"> <head> <meta content="text/html; charset=utf-8" http-equiv="CONTENT-TYPE"/> <meta charset="utf-8"/> <meta...
2026-08-19 12:09:24,012 INFO ncaa_identity: contest_id=2132539 teams 2744/2744 matched, players 7097/7524 matched
2026-08-19 12:09:34,017 INFO ncaa_identity: contest_id=2132932 teams 2701/2701 matched, players 6692/7450 matched
2026-08-19 12:09:34,998 INFO ncaa_identity: contest_id=2132942 teams 2395/2395 matched, players 6515/6524 matched
2026-08-19 12:09:37,956 INFO ncaa_identity: contest_id=2133036 teams 2365/2365 matched, players 5763/6478 matched
2026-08-19 12:09:38,955 INFO ncaa_identity: contest_id=2133046 teams 1278/2551 matched, players 3508/6989 matched
2026-08-19 12:09:41,023 INFO ncaa_identity: contest_id=2133108 teams 2624/2624 matched, players 7176/7181 matched
2026-08-19 12:09:41,913 INFO ncaa_identity: contest_id=2133146 teams 1324/2588 matched, players 3546/7080 matched
2026-08-19 12:09:45,199 INFO ncaa_identity: contest_id=2133181 teams 2665/2665 matched, players 6728/7318 matched
2026-08-19 12:09:47,216 INFO ncaa_identity: contest_id=2133221 teams 2854/2854 matched, players 7043/7845 matched
2026-08-19 12:09:53,302 INFO ncaa_identity: contest_id=2133539 teams 2427/2427 matched, players 6032/6627 matched
2026-08-19 12:10:00,342 INFO ncaa_identity: contest_id=2133755 teams 1200/2415 matched, players 3302/6646 matched
2026-08-19 12:10:03,671 INFO ncaa_identity: contest_id=2133895 teams 2507/2507 matched, players 6875/6899 matched
2026-08-19 12:10:08,872 INFO ncaa_identity: contest_id=2134055 teams 2498/2498 matched, players 6320/6864 matched
2026-08-19 12:10:14,079 INFO ncaa_identity: contest_id=2134174 teams 2612/2612 matched, players 6981/7086 matched
2026-08-19 12:10:18,821 INFO ncaa_identity: contest_id=2134231 teams 2759/2759 matched, players 7522/7534 matched
2026-08-19 12:10:22,156 INFO ncaa_identity: contest_id=2134389 teams 2865/2865 matched, players 7879/7893 matched
2026-08-19 12:10:24,241 INFO ncaa_identity: contest_id=2134464 teams 2545/2545 matched, players 6809/6960 matched
2026-08-19 12:10:26,179 WARNING ncaa_parse: family=shots contest_id=2134543 team=Grambling SKIPPED (1 parse error(s)): No shot events found [<!DOCTYPE html> <html lang="en"> <head> <meta content="text/html; charset=utf-8" http-equiv="CONTENT-TYPE"/> <meta charset="utf-8"/> <meta...
2026-08-19 12:10:26,208 INFO ncaa_identity: contest_id=2134543 teams 2425/2425 matched, players 6636/6798 matched
2026-08-19 12:10:29,340 INFO ncaa_identity: contest_id=2134644 teams 2231/2231 matched, players 5964/6063 matched
2026-08-19 12:10:30,332 INFO ncaa_identity: contest_id=2134669 teams 2805/2805 matched, players 7356/7657 matched
2026-08-19 12:10:36,329 WARNING ncaa_parse: family=shots contest_id=2134951 team=Hampton SKIPPED (1 parse error(s)): No shot events found [<!DOCTYPE html> <html lang="en"> <head> <meta content="text/html; charset=utf-8" http-equiv="CONTENT-TYPE"/> <meta charset="utf-8"/> <meta...
2026-08-19 12:10:36,355 INFO ncaa_identity: contest_id=2134951 teams 2350/2350 matched, players 6520/6584 matched
2026-08-19 12:10:40,427 INFO ncaa_identity: contest_id=2135031 teams 60/2268 matched, players 0/6178 matched
2026-08-19 12:10:41,373 INFO ncaa_identity: contest_id=2135088 teams 3089/3089 matched, players 7660/8539 matched
2026-08-19 12:10:45,490 INFO ncaa_identity: contest_id=2135139 teams 3201/3201 matched, players 8233/8824 matched
2026-08-19 12:10:47,339 INFO ncaa_identity: contest_id=2135228 teams 2664/2664 matched, players 6626/7323 matched
2026-08-19 12:10:50,327 INFO ncaa_identity: contest_id=2135266 teams 2484/2484 matched, players 6761/6789 matched
2026-08-19 12:10:53,780 INFO ncaa_identity: contest_id=2135321 teams 3515/3515 matched, players 9248/9716 matched
2026-08-19 12:10:54,740 INFO ncaa_identity: contest_id=2135442 teams 1051/2139 matched, players 2923/5854 matched
2026-08-19 12:10:57,810 INFO ncaa_identity: contest_id=2135538 teams 1171/2376 matched, players 3222/6487 matched
2026-08-19 12:10:58,736 INFO ncaa_identity: contest_id=2135584 teams 1506/2959 matched, players 4079/8152 matched
2026-08-19 12:10:59,670 INFO ncaa_identity: contest_id=2135651 teams 2318/2318 matched, players 6126/6380 matched
2026-08-19 12:11:00,629 INFO ncaa_identity: contest_id=2135676 teams 2301/2301 matched, players 6040/6261 matched
2026-08-19 12:11:01,745 INFO ncaa_identity: contest_id=2135689 teams 2642/2642 matched, players 7162/7218 matched
2026-08-19 12:11:03,812 WARNING ncaa_parse: family=shots contest_id=2135725 team=UMES SKIPPED (1 parse error(s)): No shot events found [<!DOCTYPE html> <html lang="en"> <head> <meta content="text/html; charset=utf-8" http-equiv="CONTENT-TYPE"/> <meta charset="utf-8"/> <meta...
2026-08-19 12:11:07,006 INFO ncaa_identity: contest_id=2135832 teams 2825/2825 matched, players 7576/7753 matched
2026-08-19 12:11:10,022 INFO ncaa_identity: contest_id=2136019 teams 1155/2410 matched, players 3250/6558 matched
2026-08-19 12:11:10,825 INFO ncaa_identity: contest_id=2136029 teams 1235/2310 matched, players 3186/6344 matched
2026-08-19 12:11:15,054 INFO ncaa_identity: contest_id=2136127 teams 2786/2786 matched, players 6884/7707 matched
2026-08-19 12:11:15,953 INFO ncaa_identity: contest_id=2136138 teams 2643/2643 matched, players 6597/7229 matched
2026-08-19 12:11:19,832 INFO ncaa_identity: contest_id=2136253 teams 1144/2329 matched, players 3107/6344 matched
2026-08-19 12:11:20,973 INFO ncaa_identity: contest_id=2136265 teams 2425/2425 matched, players 6561/6622 matched
2026-08-19 12:11:23,968 INFO ncaa_identity: contest_id=2136322 teams 2040/2040 matched, players 5444/5560 matched
2026-08-19 12:11:26,124 INFO ncaa_identity: contest_id=2136492 teams 2115/2115 matched, players 5698/5800 matched
2026-08-19 12:11:26,232 INFO 5 starters not found for period 5; using estimate
2026-08-19 12:11:27,147 INFO ncaa_identity: contest_id=2136522 teams 2986/2986 matched, players 8157/8196 matched
2026-08-19 12:11:28,138 WARNING ncaa_parse: family=shots contest_id=2136552 team=Morehead St. SKIPPED (1 parse error(s)): No shot events found [<!DOCTYPE html> <html lang="en"> <head> <meta content="text/html; charset=utf-8" http-equiv="CONTENT-TYPE"/> <meta charset="utf-8"/> <meta...
2026-08-19 12:11:28,157 INFO ncaa_identity: contest_id=2136552 teams 2573/2573 matched, players 6624/7278 matched
2026-08-19 12:11:28,995 INFO ncaa_identity: contest_id=2136631 teams 2562/2562 matched, players 6855/6993 matched
2026-08-19 12:11:31,090 INFO ncaa_identity: contest_id=2136689 teams 2813/2813 matched, players 7646/7751 matched
2026-08-19 12:11:31,946 INFO ncaa_identity: contest_id=2136701 teams 2776/2776 matched, players 7381/7595 matched
2026-08-19 12:11:39,887 INFO ncaa_identity: contest_id=2137019 teams 2436/2436 matched, players 6613/6624 matched
2026-08-19 12:11:42,978 INFO ncaa_identity: contest_id=2137122 teams 2699/2699 matched, players 6785/7423 matched
2026-08-19 12:11:53,930 INFO ncaa_identity: contest_id=2137335 teams 3011/3011 matched, players 7315/8304 matched
2026-08-19 12:11:54,699 INFO ncaa_identity: contest_id=2137405 teams 1217/2276 matched, players 3238/6230 matched
2026-08-19 12:11:58,592 INFO ncaa_identity: contest_id=2137585 teams 1280/2277 matched, players 3157/6196 matched
2026-08-19 12:11:59,460 INFO ncaa_identity: contest_id=2137687 teams 2452/2452 matched, players 6603/6676 matched
2026-08-19 12:12:00,568 INFO ncaa_identity: contest_id=2137704 teams 2523/2523 matched, players 6769/6770 matched
2026-08-19 12:12:01,505 INFO ncaa_identity: contest_id=2137715 teams 2571/2571 matched, players 6945/7038 matched
2026-08-19 12:12:04,207 WARNING ncaa_parse: family=shots contest_id=2137763 team=Texas Southern SKIPPED (1 parse error(s)): No shot events found [<!DOCTYPE html> <html lang="en"> <head> <meta content="text/html; charset=utf-8" http-equiv="CONTENT-TYPE"/> <meta charset="utf-8"/> <meta...
2026-08-19 12:12:04,233 INFO ncaa_identity: contest_id=2137763 teams 2451/2451 matched, players 6652/6913 matched
2026-08-19 12:12:13,403 INFO ncaa_identity: contest_id=2138137 teams 3231/3231 matched, players 8857/8866 matched
2026-08-19 12:12:19,099 INFO ncaa_identity: contest_id=2138243 teams 2276/2276 matched, players 5955/6235 matched
2026-08-19 12:12:20,262 INFO ncaa_identity: contest_id=2138264 teams 2816/2816 matched, players 7295/7746 matched
2026-08-19 12:12:24,366 INFO ncaa_identity: contest_id=2138312 teams 2672/2672 matched, players 7111/7314 matched
2026-08-19 12:12:25,320 WARNING ncaa_parse: family=shots contest_id=2138325 team=South Carolina St. SKIPPED (1 parse error(s)): No shot events found [<!DOCTYPE html> <html lang="en"> <head> <meta content="text/html; charset=utf-8" http-equiv="CONTENT-TYPE"/> <meta charset="utf-8"/> <meta...
2026-08-19 12:12:25,337 INFO ncaa_identity: contest_id=2138325 teams 2042/2042 matched, players 785/789 matched
2026-08-19 12:12:26,107 INFO ncaa_identity: contest_id=2138390 teams 2279/2279 matched, players 5982/6211 matched
2026-08-19 12:12:27,940 INFO ncaa_identity: contest_id=2138512 teams 2592/2592 matched, players 6452/7060 matched
2026-08-19 12:12:29,116 INFO ncaa_identity: contest_id=2138534 teams 2751/2751 matched, players 7470/7503 matched
2026-08-19 12:12:32,160 INFO ncaa_identity: contest_id=2138662 teams 2300/2300 matched, players 5715/6311 matched
2026-08-19 12:12:42,952 INFO ncaa_identity: contest_id=2138848 teams 2618/2618 matched, players 7027/7212 matched
2026-08-19 12:12:43,872 INFO ncaa_identity: contest_id=2138860 teams 2961/2961 matched, players 7636/8186 matched
2026-08-19 12:12:48,160 INFO ncaa_identity: contest_id=2138953 teams 2560/2560 matched, players 6937/7019 matched
2026-08-19 12:13:02,792 INFO ncaa_identity: contest_id=2139210 teams 2509/2509 matched, players 6322/6866 matched
2026-08-19 12:13:07,012 INFO ncaa_identity: contest_id=2139267 teams 2726/2726 matched, players 7457/7465 matched
2026-08-19 12:13:07,704 WARNING ncaa_parse: family=shots contest_id=2139277 team=Texas Southern SKIPPED (1 parse error(s)): No shot events found [<!DOCTYPE html> <html lang="en"> <head> <meta content="text/html; charset=utf-8" http-equiv="CONTENT-TYPE"/> <meta charset="utf-8"/> <meta...
2026-08-19 12:13:12,838 INFO ncaa_identity: contest_id=2139328 teams 1337/2642 matched, players 3661/7293 matched
2026-08-19 12:13:13,585 WARNING ncaa_parse: family=shots contest_id=2139338 team=Alcorn SKIPPED (1 parse error(s)): No shot events found [<!DOCTYPE html> <html lang="en"> <head> <meta content="text/html; charset=utf-8" http-equiv="CONTENT-TYPE"/> <meta charset="utf-8"/> <meta...
2026-08-19 12:13:14,773 INFO ncaa_identity: contest_id=2139348 teams 2599/2599 matched, players 6477/7153 matched
2026-08-19 12:13:19,878 INFO ncaa_identity: contest_id=2139399 teams 2635/2635 matched, players 6197/7213 matched
2026-08-19 12:13:21,931 INFO ncaa_identity: contest_id=2139419 teams 2383/2383 matched, players 6080/6535 matched
2026-08-19 12:13:25,884 INFO ncaa_identity: contest_id=2155255 teams 2855/2855 matched, players 7563/7864 matched
2026-08-19 12:13:32,154 INFO ncaa_identity: contest_id=2155520 teams 2340/2340 matched, players 6077/6376 matched
2026-08-19 12:13:34,112 INFO ncaa_identity: contest_id=2156588 teams 2005/2005 matched, players 5451/5454 matched
2026-08-19 12:13:35,988 WARNING ncaa_parse: family=shots contest_id=2159065 team=UCLA SKIPPED (1 parse error(s)): No shot events found [<!DOCTYPE html> <html lang="en"> <head> <meta content="text/html; charset=utf-8" http-equiv="CONTENT-TYPE"/> <meta charset="utf-8"/> <meta...
2026-08-19 12:13:36,016 INFO ncaa_identity: contest_id=2159065 teams 2290/2290 matched, players 6193/6485 matched
2026-08-19 12:13:37,336 INFO ncaa_identity: contest_id=2160284 teams 1714/3348 matched, players 4718/9200 matched
2026-08-19 12:13:38,530 INFO ncaa_identity: contest_id=2161093 teams 2782/2782 matched, players 7368/7615 matched
2026-08-19 12:13:40,465 INFO ncaa_identity: contest_id=2163647 teams 1367/2667 matched, players 3702/7325 matched
2026-08-19 12:13:41,466 INFO ncaa_identity: contest_id=2163983 teams 1419/2852 matched, players 3891/7769 matched
2026-08-19 12:13:42,291 WARNING ncaa_parse: family=shots contest_id=2255102 team=South Carolina St. SKIPPED (1 parse error(s)): No shot events found [<!DOCTYPE html> <html lang="en"> <head> <meta content="text/html; charset=utf-8" http-equiv="CONTENT-TYPE"/> <meta charset="utf-8"/> <meta...
2026-08-19 12:13:42,310 INFO ncaa_identity: contest_id=2255102 teams 2722/2722 matched, players 7617/7670 matched
2026-08-19 12:13:46,246 INFO ncaa_identity: contest_id=2258052 teams 2692/2692 matched, players 6862/7394 matched
2026-08-19 12:13:50,291 INFO ncaa_identity: contest_id=2258239 teams 2535/2535 matched, players 6904/6933 matched
2026-08-19 12:13:52,128 INFO 5 starters not found for period 5; using estimate
2026-08-19 12:13:55,085 INFO ncaa_identity: contest_id=2259019 teams 2225/2225 matched, players 5452/5999 matched
2026-08-19 12:13:56,230 INFO ncaa_identity: contest_id=2259042 teams 2521/2521 matched, players 6418/6910 matched
2026-08-19 12:13:59,796 INFO ncaa_identity: contest_id=2259278 teams 2472/2472 matched, players 6335/6755 matched
2026-08-19 12:14:03,808 INFO ncaa_identity: contest_id=2259432 teams 2674/2674 matched, players 7025/7312 matched
2026-08-19 12:14:05,785 INFO ncaa_identity: contest_id=2259633 teams 2063/2063 matched, players 5116/5594 matched
2026-08-19 12:14:06,837 INFO ncaa_identity: contest_id=2260487 teams 2320/2320 matched, players 5605/6313 matched
2026-08-19 12:14:06,974 WARNING ncaa_parse: family=lineups contest_id=2260505 team=NIU SKIPPED (1 parse error(s)): Could not find/match team names (target=[TeamId(NIU)]): Ball St./NIU
2026-08-19 12:14:07,321 WARNING ncaa_parse: family=shots contest_id=2260505 team=NIU SKIPPED (1 parse error(s)): Could not find/match team names (target=[TeamId(NIU)]): Ball St./NIU
2026-08-19 12:14:07,336 INFO ncaa_identity: contest_id=2260505 teams 1051/2084 matched, players 2999/5848 matched
2026-08-19 12:14:08,628 INFO ncaa_identity: cont2026-08-19 12:14:10,184 INFO ncaa_identity: contest_id=2155518 team2026-08-19 12:14:13,537 INFO ncaa_identity: contest_id=2262841 teams 2668/2668 matched, players 6755/7292 matched
2026-08-19 12:14:15,445 INFO ncaa_identity: contest_id=2262891 teams 2700/2700 matched, players 6711/7345 matched
2026-08-19 12:14:18,324 INFO ncaa_identity: contest_id=2262921 teams 2544/2544 matched, players 6562/6947 matched
2026-08-19 12:14:20,173 INFO ncaa_identity: contest_id=2262994 teams 2840/2840 matched, players 7772/7853 matched
2026-08-19 12:14:21,190 INFO ncaa_identity: contest_id=2263013 teams 2345/2345 matched, players 6166/6404 matched
2026-08-19 12:14:22,299 INFO ncaa_identity: contest_id=2263040 teams 2685/2685 matched, players 7117/7370 matched
2026-08-19 12:14:24,258 INFO ncaa_identity: contest_id=2263103 teams 2525/2525 matched, players 6701/6936 matched
2026-08-19 12:14:26,169 INFO ncaa_identity: contest_id=2263147 teams 2562/2562 matched, players 6959/7015 matched
2026-08-19 12:14:27,379 INFO ncaa_identity: cont2026-08-19 12:14:28,106 INFO ncaa_identity: contest_id=2258120 team2026-08-19 12:14:28,609 INFO ncaa_identity: cont2026-08-19 12:14:34,452 INFO ncaa_identity: contest_id=2258805 teams 2290/2290 matched, players 5750/6233 matched
2026-08-19 12:14:45,035 INFO ncaa_identity: contest_id=2259092 teams 1178/2344 matched, players 3221/6396 matched
2026-08-19 12:15:08,730 INFO ncaa_identity: contest_id=2259453 teams 2966/2966 matched, players 7957/8185 matched
2026-08-19 12:15:16,130 INFO ncaa_identity: contest_id=2260485 teams 2476/2476 matched, players 6790/6805 matched
2026-08-19 12:15:22,978 INFO ncaa_identity: contest_id=2260845 teams 3391/3391 matched, players 8856/9353 matched
2026-08-19 12:15:30,270 WARNING ncaa_parse: family=shots contest_id=2261192 team=Princeton SKIPPED (1 parse error(s)): No shot events found [<!DOCTYPE html> <html lang="en"> <head> <meta content="text/html; charset=utf-8" http-equiv="CONTENT-TYPE"/> <meta charset="utf-8"/> <meta...
2026-08-19 12:15:32,620 INFO ncaa_identity: contest_id=2262836 teams 2588/2588 matched, players 6708/7100 matched
2026-08-19 12:15:34,776 INFO 5 starters not found for period 5; using estimate
2026-08-19 12:15:44,126 INFO ncaa_identity: contest_id=2263099 teams 2637/2637 matched, players 6778/7275 matched
2026-08-19 12:15:47,347 INFO ncaa_identity: contest_id=2319930 teams 1208/2363 matched, players 2925/6321 matched
2026-08-19 12:15:48,157 INFO ncaa_identity: contest_id=2319940 teams 1328/2557 matched, players 3561/6985 matched
2026-08-19 12:15:49,333 INFO ncaa_identity: contest_id=2319952 teams 2855/2855 matched, players 7720/7804 matched
2026-08-19 12:15:50,467 INFO ncaa_identity: contest_id=2319962 teams 1380/2712 matched, players 3231/7441 matched
[p1_s_e_e] [WARNING] [TeamId(name='Tulane')]v[TeamId(name='Grambling')] Flip court for periods: [[2, 3, 4]] because [total_shots={1: 29, 2: 28, 3: 21, 4: 23} long_shots={1: 13, 2: 23, 3: 21, 4: 23}]
2026-08-19 12:15:53,655 INFO ncaa_identity: contest_id=2319992 teams 1343/2607 matched, players 3629/7139 matched
2026-08-19 12:15:57,987 INFO ncaa_identity: contest_id=2320034 teams 1374/2643 matched, players 3214/7221 matched
2026-08-19 12:16:00,090 INFO ncaa_identity: contest_id=2320054 teams 1501/2984 matched, players 4174/8223 matched
2026-08-19 12:16:03,568 INFO ncaa_identity: contest_id=2320086 teams 1502/2936 matched, players 3697/8021 matched
2026-08-19 12:16:06,807 INFO ncaa_identity: contest_id=2320209 teams 1667/3169 matched, players 4062/8684 matched
2026-08-19 12:16:09,953 WARNING ncaa_parse: family=shots contest_id=2320273 team=Morgan St. SKIPPED (1 parse error(s)): No shot events found [<!DOCTYPE html> <html lang="en"> <head> <meta content="text/html; charset=utf-8" http-equiv="CONTENT-TYPE"/> <meta charset="utf-8"/> <meta...
2026-08-19 12:16:11,371 INFO ncaa_identity: contest_id=2320287 teams 1913/3714 matched, players 5230/10249 matched
2026-08-19 12:16:13,486 INFO ncaa_identity: contest_id=2320319 teams 3050/3050 matched, players 8105/8357 matched
2026-08-19 12:16:16,553 INFO ncaa_identity: contest_id=2320356 teams 2710/2710 matched, players 7246/7464 matched
2026-08-19 12:16:18,691 INFO ncaa_identity: contest_id=2320500 teams 1600/3132 matched, players 4380/8635 matched
2026-08-19 12:16:19,700 INFO ncaa_identity: contest_id=2320545 teams 2894/2894 matched, players 7766/7937 matched
2026-08-19 12:16:23,081 INFO ncaa_identity: contest_id=2320646 teams 1386/2752 matched, players 3829/7557 matched
2026-08-19 12:16:24,326 INFO ncaa_identity: contest_id=2320763 teams 3211/3211 matched, players 8432/8858 matched
2026-08-19 12:16:25,545 INFO ncaa_identity: contest_id=2320851 teams 3112/3112 matched, players 8513/8626 matched
2026-08-19 12:16:27,869 INFO ncaa_identity: contest_id=2320988 teams 3111/3111 matched, players 8086/8576 matched
2026-08-19 12:16:31,924 INFO ncaa_identity: contest_id=2321066 teams 2572/2572 matched, players 6805/7046 matched
2026-08-19 12:16:33,137 INFO ncaa_identity: contest_id=2321086 teams 3146/3146 matched, players 8131/8636 matched
2026-08-19 12:16:38,280 INFO ncaa_identity: contest_id=2321172 teams 3198/3198 matched, players 8359/8794 matched
2026-08-19 12:16:41,386 INFO ncaa_identity: contest_id=2321276 teams 1273/2416 matched, players 3388/6633 matched
2026-08-19 12:16:42,240 INFO ncaa_identity: contest_id=2321298 teams 2603/2603 matched, players 7173/7174 matched
2026-08-19 12:16:47,523 INFO ncaa_identity: contest_id=2321471 teams 2636/2636 matched, players 6771/7226 matched
2026-08-19 12:16:48,752 INFO ncaa_identity: contest_id=2321490 teams 2922/2922 matched, players 7809/8033 matched
2026-08-19 12:16:54,792 INFO ncaa_identity: contest_id=2321671 teams 2182/2182 matched, players 5233/5980 matched
2026-08-19 12:16:56,103 INFO ncaa_identity: contest_id=2321695 teams 1457/2889 matched, players 3898/7850 matched
2026-08-19 12:16:57,199 INFO ncaa_identity: contest_id=2321740 teams 2629/2629 matched, players 6786/7247 matched
[p1_s_e_e] [WARNING] [TeamId(name='Jacksonville')]v[TeamId(name='FIU')] Flip court for periods: [[2, 3, 4]] because [total_shots={1: 29, 2: 26, 3: 27, 4: 33} long_shots={2: 26, 3: 27, 4: 33}]
2026-08-19 12:16:59,265 INFO ncaa_identity: contest_id=2321821 teams 2842/2842 matched, players 7719/7798 matched
2026-08-19 12:17:01,384 INFO ncaa_identity: contest_id=2321978 teams 2494/2494 matched, players 6752/6759 matched
2026-08-19 12:17:08,996 INFO ncaa_identity: contest_id=2322188 teams 2778/2778 matched, players 7637/7657 matched
2026-08-19 12:17:12,349 INFO ncaa_identity: contest_id=2322244 teams 1855/3686 matched, players 5216/10182 matched
2026-08-19 12:17:15,542 INFO ncaa_identity: contest_id=2322312 teams 1164/2277 matched, players 3199/6209 matched
2026-08-19 12:17:16,399 WARNING ncaa_parse: family=shots contest_id=2322433 team=Alcorn SKIPPED (1 parse error(s)): No shot events found [<!DOCTYPE html> <html lang="en"> <head> <meta content="text/html; charset=utf-8" http-equiv="CONTENT-TYPE"/> <meta charset="utf-8"/> <meta...
2026-08-19 12:17:16,430 INFO ncaa_identity: contest_id=2322433 teams 1372/2748 matched, players 3860/7762 matched
2026-08-19 12:17:18,759 INFO ncaa_identity: contest_id=2322528 teams 2651/2651 matched, players 6877/7235 matched
2026-08-19 12:17:24,100 INFO ncaa_identity: contest_id=2322633 teams 2885/2885 matched, players 7854/7907 matched
2026-08-19 12:17:27,024 INFO ncaa_identity: contest_id=2322673 teams 2963/2963 matched, players 8120/8121 matched
2026-08-19 12:17:38,811 INFO ncaa_identity: contest_id=2322854 teams 2812/2812 matched, players 7477/7698 matched
2026-08-19 12:17:43,153 INFO ncaa_identity: contest_id=2322985 teams 2391/2391 matched, players 6098/6546 matched
2026-08-19 12:17:46,777 INFO ncaa_identity: contest_id=2323091 teams 3007/3007 matched, players 8203/8232 matched
2026-08-19 12:17:48,008 INFO ncaa_identity: contest_id=2323118 teams 1648/3245 matched, players 4236/8913 matched
2026-08-19 12:17:49,021 WARNING ncaa_parse: family=shots contest_id=2323142 team=Winthrop SKIPPED (1 parse error(s)): No shot events found [<!DOCTYPE html> <html lang="en"> <head> <meta content="text/html; charset=utf-8" http-equiv="CONTENT-TYPE"/> <meta charset="utf-8"/> <meta...
2026-08-19 12:17:49,046 INFO ncaa_identity: contest_id=2323142 teams 2170/2170 matched, players 5605/6077 matched
2026-08-19 12:17:51,093 INFO ncaa_identity: contest_id=2323223 teams 2242/2242 matched, players 5814/6090 matched
2026-08-19 12:17:55,386 INFO ncaa_identity: contest_id=2323348 teams 1433/2763 matched, players 3927/7633 matched
2026-08-19 12:17:57,829 INFO ncaa_identity: contest_id=2323447 teams 2369/2369 matched, players 6246/6480 matched
2026-08-19 12:17:59,100 INFO ncaa_identity: contest_id=2323481 teams 2542/2542 matched, players 6519/6958 matched
2026-08-19 12:18:06,891 INFO ncaa_identity: contest_id=2323681 teams 2786/2786 matched, players 7306/7689 matched
2026-08-19 12:18:12,957 INFO ncaa_identity: contest_id=2323806 teams 3163/3163 matched, players 7867/8693 matched
2026-08-19 12:18:19,819 INFO ncaa_identity: contest_id=2324167 teams 2722/2722 matched, players 6949/7477 matched
2026-08-19 12:18:26,005 INFO ncaa_identity: contest_id=2324234 teams 2935/2935 matched, players 7904/8055 matched
2026-08-19 12:18:28,455 INFO ncaa_identity: contest_id=2324263 teams 3088/3088 matched, players 7864/8508 matched
2026-08-19 12:18:32,671 INFO ncaa_identity: contest_id=2324399 teams 2276/2276 matched, players 5973/6181 matched
2026-08-19 12:18:33,750 INFO ncaa_identity: contest_id=2324418 teams 1311/2555 matched, players 3501/6964 matched
2026-08-19 12:18:41,053 INFO ncaa_identity: contest_id=2324645 teams 2555/2555 matched, players 6544/6936 matched
2026-08-19 12:18:42,299 INFO ncaa_identity: contest_id=2324696 teams 1519/2997 matched, players 4217/8232 matched
2026-08-19 12:18:45,429 INFO ncaa_identity: contest_id=2324850 teams 2873/2873 matched, players 7303/7905 matched
2026-08-19 12:18:46,516 INFO ncaa_identity: contest_id=2324884 teams 3338/3338 matched, players 8685/9232 matched
2026-08-19 12:18:47,600 INFO ncaa_identity: contest_id=2324927 teams 1213/2491 matched, players 3401/6788 matched
2026-08-19 12:18:48,782 INFO ncaa_identity: contest_id=2325002 teams 3146/3146 matched, players 8215/8645 matched
2026-08-19 12:18:49,768 INFO ncaa_identity: contest_id=2325015 teams 1390/2672 matched, players 3690/7313 matched
2026-08-19 12:18:54,899 INFO ncaa_identity: contest_id=2325106 teams 2978/2978 matched, players 7626/8198 matched
2026-08-19 12:18:56,981 INFO ncaa_identity: contest_id=2325132 teams 1290/2481 matched, players 3413/6753 matched
2026-08-19 12:18:57,991 INFO ncaa_identity: contest_id=2325168 teams 1108/2116 matched, players 2554/5708 matched
2026-08-19 12:19:02,135 INFO ncaa_identity: contest_id=2325281 teams 2837/2837 matched, players 7789/7793 matched
2026-08-19 12:19:03,292 INFO ncaa_identity: contest_id=2325296 teams 2780/2780 matched, players 7503/7587 matched
2026-08-19 12:19:04,172 INFO ncaa_identity: contest_id=2325341 teams 1336/2631 matched, players 3659/7235 matched
2026-08-19 12:19:05,265 INFO ncaa_identity: contest_id=2325354 teams 1386/2845 matched, players 3880/7808 matched
2026-08-19 12:19:08,327 INFO ncaa_identity: contest_id=2325454 teams 1226/2447 matched, players 2949/6712 matched
2026-08-19 12:19:09,097 WARNING ncaa_parse: family=shots contest_id=2325466 team=Hampton SKIPPED (1 parse error(s)): No shot events found [<!DOCTYPE html> <html lang="en"> <head> <meta content="text/html; charset=utf-8" http-equiv="CONTENT-TYPE"/> <meta charset="utf-8"/> <meta...
2026-08-19 12:19:11,271 INFO ncaa_identity: contest_id=2325577 teams 1290/2567 matched, players 3545/7009 matched
2026-08-19 12:19:17,560 INFO ncaa_identity: contest_id=2325745 teams 2923/2923 matched, players 7686/8093 matched
2026-08-19 12:19:20,248 INFO ncaa_identity: contest_id=2325799 teams 2832/2832 matched, players 7441/7752 matched
2026-08-19 12:19:22,652 INFO ncaa_identity: contest_id=2325913 teams 1401/2724 matched, players 3733/7480 matched
2026-08-19 12:19:23,644 INFO ncaa_identity: contest_id=2325926 teams 3140/3140 matched, players 8590/8656 matched
2026-08-19 12:19:24,727 INFO ncaa_identity: contest_id=2325940 teams 1415/2713 matched, players 3937/7489 matched
2026-08-19 12:19:26,771 INFO ncaa_identity: contest_id=2325978 teams 2822/2822 matched, players 7262/7771 matched
2026-08-19 12:19:33,040 INFO ncaa_identity: contest_id=2326080 teams 2904/2904 matched, players 7814/7983 matched
2026-08-19 12:19:33,880 INFO ncaa_identity: contest_id=2326090 teams 2453/2453 matched, players 6179/6722 matched
2026-08-19 12:19:34,962 INFO ncaa_identity: contest_id=2326101 teams 1323/2457 matched, players 3562/6762 matched
2026-08-19 12:19:35,817 INFO ncaa_identity: contest_id=2326117 teams 2357/2357 matched, players 6194/6441 matched
2026-08-19 12:19:37,025 INFO ncaa_identity: contest_id=2326129 teams 1261/2503 matched, players 3439/6855 matched
2026-08-19 12:19:37,892 INFO ncaa_identity: contest_id=2326141 teams 2692/2692 matched, players 6975/7352 matched
2026-08-19 12:19:45,487 WARNING ncaa_parse: family=shots contest_id=2326243 team=Winthrop SKIPPED (1 parse error(s)): No shot events found [<!DOCTYPE html> <html lang="en"> <head> <meta content="text/html; charset=utf-8" http-equiv="CONTENT-TYPE"/> <meta charset="utf-8"/> <meta...
2026-08-19 12:19:45,518 INFO ncaa_identity: contest_id=2326243 teams 2188/2188 matched, players 5941/6192 matched
2026-08-19 12:19:53,833 INFO ncaa_identity: contest_id=2326395 teams 2689/2689 matched, players 7303/7305 matched
2026-08-19 12:19:56,069 INFO ncaa_identity: contest_id=2326481 teams 1206/2407 matched, players 3303/6557 matched
2026-08-19 12:19:58,060 INFO ncaa_identity: contest_id=2326582 teams 2771/2771 matched, players 7158/7654 matched
2026-08-19 12:20:01,384 INFO ncaa_identity: contest_id=2326618 teams 2680/2680 matched, players 7121/7338 matched
2026-08-19 12:20:03,923 INFO ncaa_identity: contest_id=2326692 teams 2569/2569 matched, players 6397/7015 matched
2026-08-19 12:20:10,937 INFO ncaa_identity: contest_id=2326828 teams 2704/2704 matched, players 7394/7403 matched
2026-08-19 12:20:11,840 INFO ncaa_identity: contest_id=2326843 teams 2293/2293 matched, players 6076/6261 matched
2026-08-19 12:20:13,901 INFO ncaa_identity: contest_id=2326874 teams 2528/2528 matched, players 2026-08-19 12:20:142026-08-19 12:20:15,741 INFO ncaa_identity: contest_id=2326986 teams 2288/2288 matched, players 2026-08-19 12:20:172026-08-19 12:20:22,074 INFO ncaa_identity: contest_id=2327213 teams 1255/2331 matched, players 3182/6359 matched
2026-08-19 12:20:24,499 INFO ncaa_identity: contest_id=2327302 teams 3074/3074 matched, players 8295/8493 matched
2026-08-19 12:20:26,646 INFO ncaa_identity: contest_id=2327328 teams 2691/2691 matched, players 6823/7408 matched
2026-08-19 12:20:30,664 INFO ncaa_identity: contest_id=2327377 teams 2624/2624 matched, players 6533/7195 matched
2026-08-19 12:20:33,985 INFO ncaa_identity: contest_id=2327473 teams 2488/2488 matched, players 6806/6810 matched
2026-08-19 12:20:35,362 INFO ncaa_identity: contest_id=2327483 teams 3186/3186 matched, players 8420/8756 matched
2026-08-19 12:20:38,394 INFO ncaa_identity: contest_id=2327625 teams 2300/2300 matched, players 6157/6307 matched
2026-08-19 12:20:46,066 INFO ncaa_identity: contest_id=2327902 teams 2494/2494 matched, players 6290/6777 matched
2026-08-19 12:20:47,109 INFO ncaa_identity: contest_id=2327918 teams 2292/2292 matched, players 5845/6208 matched
2026-08-19 12:20:48,350 INFO ncaa_identity: contest_id=2327938 teams 2844/2844 matched, players 7674/7795 matched
2026-08-19 12:20:52,361 INFO ncaa_identity: contest_id=2328061 teams 2440/2440 matched, players 5925/6637 matched
2026-08-19 12:20:53,180 INFO ncaa_identity: contest_id=2328072 teams 2492/2492 matched, players 6872/6877 matched
2026-08-19 12:20:54,139 INFO ncaa_identity: contest_id=2328084 teams 1940/1940 matched, players 5210/5253 matched
2026-08-19 12:20:58,209 INFO ncaa_identity: contest_id=2328286 teams 2608/2608 matched, players 6560/7176 matched
2026-08-19 12:21:01,294 INFO ncaa_identity: contest_id=2328372 teams 3017/3017 matched, players 8294/8323 matched
2026-08-19 12:21:04,943 WARNING ncaa_parse: family=shots contest_id=2328426 team=Hampton SKIPPED (1 parse error(s)): No shot events found [<!DOCTYPE html> <html lang="en"> <head> <meta content="text/html; charset=utf-8" http-equiv="CONTENT-TYPE"/> <meta charset="utf-8"/> <meta...
2026-08-19 12:21:06,090 INFO ncaa_identity: contest_id=2328510 teams 2552/2552 matched, players 6404/6985 matched
2026-08-19 12:21:12,232 INFO ncaa_identity: contest_id=2328718 teams 1175/2422 matched, players 3350/6658 matched
2026-08-19 12:21:15,377 INFO ncaa_identity: contest_id=2328795 teams 2545/2545 matched, players 6581/6980 matched
2026-08-19 12:21:20,380 WARNING ncaa_parse: family=shots contest_id=2328970 team=Hampton SKIPPED (1 parse error2026-08-19 12:21:23,785 INFO ncaa_identity: contest_id=2329631 teams 2574/2574 matched, players 6520/7060 matched
2026-08-19 12:21:24,686 WARNING ncaa_parse: family=shots contest_id=2329641 team=Mercer SKIPPED (1 parse error(s)): No shot events found [<!DOCTYPE html> <html lan2026-08-19 12:21:24,913 INFO ncaa_identity: contest_id=2329377 teams 2663/2663 matched, players 7230/7280 matched
2026-08-19 12:21:26,031 INFO ncaa_identity: contest_id=2329389 teams 3104/3104 matched, players 8369/8511 matched
2026-08-19 12:21:30,236 INFO ncaa_identity: contest_id=2329488 teams 2481/2481 matched, players 6368/6812 matched
2026-08-19 12:21:41,961 INFO ncaa_identity: contest_id=2329844 teams 2218/2218 matched, players 5609/6054 matched
2026-08-19 12:21:42,914 INFO ncaa_identity: contest_id=2329868 teams 2583/2583 matched, players 7057/7069 matched
2026-08-2026-08-19 12:21:48,807 INFO ncaa_identity: contest_id=2329744 teams 2758/2758 matched, players 7415/7572 matched
2026-08-19 12:22:10,220 INFO ncaa_identity: contest_id=2330059 teams 1301/2518 matched, players 2914/6886 matched
2026-08-19 12:22:20,983 INFO ncaa_identity: contest_id=2330217 teams 2628/2628 matched, players 6821/7146 matched
2026-08-19 12:22:22,238 INFO ncaa_identity: contest_id=2330314 teams 2805/2805 matched, players 7336/7694 matched
2026-08-19 12:22:33,160 INFO ncaa_identity: contest_id=2330580 teams 0/2421 matched, players 0/6621 matched
2026-08-19 12:22:34,213 INFO ncaa_identity: contest_id=2330590 teams 2459/2459 matched, players 6154/6728 matched
2026-08-19 12:22:37,156 INFO ncaa_identity: contest_id=2330684 teams 3730/3730 matched, players 10000/10244 matched
2026-08-19 12:22:39,156 INFO ncaa_identity: contest_id=2330707 teams 2605/2605 matched, players 7108/7183 matched
2026-08-19 12:22:42,027 INFO ncaa_identity: contest_id=2330883 teams 2650/2650 matched, players 6930/7297 matched
2026-08-19 12:22:44,038 INFO ncaa_identity: contest_id=2330945 teams 2423/2423 matched, players 6048/6621 matched
2026-08-19 12:22:52,923 INFO ncaa_identity: contest_id=2331192 teams 1220/2463 matched, players 3405/6738 matched
2026-08-19 12:22:59,622 INFO ncaa_identity: contest_id=2331495 teams 2628/2628 matched, players 7063/7221 matched
2026-08-19 12:23:01,666 INFO ncaa_identity: contest_id=2331577 teams 2491/2491 matched, players 6291/6836 matched
2026-08-19 12:23:08,381 INFO ncaa_identity: contest_id=2331725 teams 3205/3205 matched, players 8426/8807 matched
2026-08-19 12:23:11,449 INFO ncaa_identity: contest_id=2331790 teams 2554/2554 matched, players 6393/6981 matched
2026-08-19 12:23:14,218 INFO ncaa_identity: contest_id=2331954 teams 2998/2998 matched, players 8087/8256 matched
2026-08-19 12:23:15,361 INFO ncaa_identity: contest_id=2331983 teams 2468/2468 matched, players 6711/6791 matched
2026-08-19 12:23:16,269 INFO ncaa_identity: contest_id=2332011 teams 2552/2552 matched, players 6687/7002 matched
2026-08-19 12:23:22,373 INFO ncaa_identity: contest_id=2332190 teams 2533/2533 matched, players 6957/6958 matched
2026-08-19 12:23:33,984 INFO ncaa_identity: contest_id=2332612 teams 2810/2810 matched, players 7113/7739 matched
2026-08-19 12:23:35,065 INFO ncaa_identity: contest_id=2332626 teams 2892/2892 matched, players 7596/7992 matched
2026-08-19 12:23:36,722 INFO ncaa_identity: contest_id=2332650 teams 2359/2359 matched, players 6357/6457 matched
2026-08-19 12:23:40,569 INFO ncaa_identity: contest_id=2332759 teams 3088/3088 matched, players 8299/8480 matched
2026-08-19 12:23:41,550 INFO ncaa_identity: contest_id=2332772 teams 2332/2332 matched, players 5910/6379 matched
2026-08-19 12:23:45,246 INFO ncaa_identity: contest_id=2332976 teams 2387/2387 matched, players 5989/6552 matched
2026-08-19 12:23:48,257 INFO ncaa_identity: contest_id=2333055 teams 3011/3011 matched, players 7976/8284 matched
2026-08-19 12:23:49,168 INFO ncaa_identity: contest_id=2333107 teams 2903/2903 matched, players 7558/7978 matched
2026-08-19 12:23:51,939 INFO ncaa_identity: contest_id=2333204 teams 2593/2593 matched, players 6714/7121 matched
2026-08-19 12:23:56,861 INFO ncaa_identity: contest_id=2333275 teams 2837/2837 matched, players 7596/7740 matched
2026-08-19 12:23:59,785 INFO ncaa_identity: contest_id=2333474 teams 2382/2382 matched, players 6151/6487 matched
2026-08-19 12:23:59,861 INFO 5 starters not found for period 1; using estimate
2026-08-19 12:24:05,325 INFO ncaa_identity: contest_id=2333635 teams 2433/2433 matched, players 6210/6635 matched
2026-08-19 12:24:11,133 INFO ncaa_identity: contest_id=2333751 teams 2501/2501 matched, players 6618/6768 matched
2026-08-19 12:24:12,218 INFO ncaa_identity: contest_id=2333773 teams 2524/2524 matched, players 6743/6934 matched
2026-08-19 12:24:14,244 INFO ncaa_identity: contest_id=2333795 teams 3157/3157 matched, players 8630/8666 matched
2026-08-19 12:24:19,341 INFO ncaa_identity: contest_id=2334008 teams 3102/3102 matched, players 7950/8545 matched
2026-08-19 12:24:20,345 INFO ncaa_identity: contest_id=2334041 teams 1220/2484 matched, players 3024/6828 matched
2026-08-19 12:24:25,734 WARNING ncaa_parse: family=shots contest_id=2334213 team=Hampton SKIPPED (1 parse error(s)): No shot events found [<!DOCTYPE html> <html lang="en"> <head> <meta content="text/html; charset=utf-8" http-equiv="CONTENT-TYPE"/> <meta charset="utf-8"/> <meta...
2026-08-19 12:24:28,864 INFO ncaa_identity: contest_id=2334252 teams 3709/3709 matched, players 10175/10233 matched
2026-08-19 12:24:31,528 INFO ncaa_identity: contest_id=2334302 teams 2509/2509 matched, players 6833/6863 matched
2026-08-19 12:24:33,784 INFO ncaa_identity: contest_id=2334367 teams 2266/2266 matched, players 6043/6176 matched
2026-08-19 12:24:34,594 INFO ncaa_identity: contest_id=2334377 teams 2536/2536 matched, players 6772/6928 matched
2026-08-19 12:24:38,641 INFO ncaa_identity: contest_id=2334422 teams 1395/2699 matched, players 3605/7374 matched
2026-08-19 12:24:39,588 INFO ncaa_identity: contest_id=2334480 teams 2830/2830 matched, players 7180/7764 matched
2026-08-19 12:24:47,436 INFO ncaa_identity: contest_id=2334570 teams 2901/2901 matched, players 7536/7941 matched
2026-08-19 12:24:50,884 INFO 5 starters not found for period 5; using estimate
2026-08-19 12:24:54,463 INFO ncaa_identity: contest_id=2334698 teams 2788/2788 matched, players 6880/7420 matched
2026-08-19 12:25:04,121 INFO ncaa_identity: contest_id=2334845 teams 2595/2595 matched, players 6583/7143 matched
2026-08-19 12:25:09,612 WARNING ncaa_parse: family=shots contest_id=2334906 team=South Carolina St. SKIPPED (1 parse error(s)): No shot events found [<!DOCTYPE html> <html lang="en"> <head> <meta content="text/html; charset=utf-8" http-equiv="CONTENT-TYPE"/> <meta charset="utf-8"/> <meta...
2026-08-19 12:25:13,627 INFO ncaa_identity: contest_id=2334946 teams 2380/2380 matched, players 6040/6501 matched
2026-08-19 12:25:15,459 INFO ncaa_identity: contest_id=2334966 teams 2698/2698 matched, players 7380/7428 matched
2026-08-19 12:25:21,129 INFO ncaa_identity: contest_id=2351427 teams 1367/2662 matched, players 3731/7304 matched
2026-08-19 12:25:31,663 INFO ncaa_identity: contest_id=2418601 teams 2985/2985 matched, players 8033/8206 matched
2026-08-19 12:25:33,683 INFO ncaa_identity: contest_id=2418764 teams 3000/3000 matched, players 7757/8291 matched
2026-08-19 12:25:41,147 INFO ncaa_identity: contest_id=2421070 teams 1108/2275 matched, players 2750/6187 matched
2026-08-19 12:25:42,090 INFO ncaa_identity: contest_id=2421228 teams 1333/2655 matched, players 3148/7326 matched
2026-08-19 12:25:44,152 INFO ncaa_identity: contest_id=2421393 teams 2390/2390 matched, players 6074/6558 matched
2026-08-19 12:25:45,080 INFO ncaa_identity: contest_id=2421505 teams 2796/2796 matched, players 7406/7657 matched
2026-08-19 12:25:51,958 INFO ncaa_identity: contest_id=2422264 teams 2560/2560 matched, players 6971/6988 matched
2026-08-19 12:25:59,321 INFO ncaa_identity: contest_id=2424457 teams 2936/2936 matched, players 7990/8087 matched
2026-08-19 12:26:00,475 INFO ncaa_identity: contest_id=2424482 teams 2786/2786 matched, players 7475/7660 matched
2026-08-19 12:26:02,442 INFO ncaa_identity: contest_id=2424566 teams 2621/2621 matched, players 7019/7172 matched
2026-08-19 12:26:11,109 INFO ncaa_identity: contest_id=3953929 teams 2641/2641 matched, players 7008/7266 matched
2026-08-19 12:26:13,322 INFO ncaa_identity: contest_id=3954025 teams 2383/2383 matched, players 6080/6514 matched
2026-08-19 12:26:14,230 INFO ncaa_identity: contest_id=3954035 teams 2603/2603 matched, players 6563/7111 matched
2026-08-19 12:26:15,265 INFO ncaa_identity: contest_id=3954047 teams 2354/2354 matched, players 5858/6402 matched
2026-08-19 12:26:21,115 INFO ncaa_identity: contest_id=3954266 teams 2431/2431 matched, players 6334/6626 matched
2026-08-19 12:26:28,722 INFO ncaa_identity: contest_id=3954530 teams 2617/2617 matched, players 6834/7171 matched
2026-08-19 12:26:34,486 INFO ncaa_identity: contest_id=3970193 teams 1486/2917 matched, players 4030/8002 matched
2026-08-19 12:26:35,482 INFO ncaa_identity: contest_id=3970203 teams 2388/2388 matched, players 6252/6527 matched
2026-08-19 12:26:37,708 INFO ncaa_identity: contest_id=3970223 teams 1400/2795 matched, players 3787/7624 matched
2026-08-19 12:26:38,731 INFO ncaa_identity: contest_id=3970234 teams 2516/2516 matched, players 6440/6921 matched
2026-08-19 12:26:40,718 INFO ncaa_identity: contest_id=3970254 teams 2910/2910 matched, players 7942/7974 matched
2026-08-19 12:26:42,030 INFO ncaa_identity: contest_id=3970265 teams 3210/3210 matched, players 8506/8837 matched
2026-08-19 12:26:42,964 INFO ncaa_identity: contest_id=3970275 teams 1301/2532 matched, players 3482/6929 matched
2026-08-19 12:26:45,493 INFO ncaa_identity: contest_id=3970297 teams 3264/3264 matched, players 8471/9048 matched
2026-08-19 12:26:46,407 INFO ncaa_identity: contest_id=3970308 teams 1624/3065 matched, players 4284/8422 matched
2026-08-19 12:26:48,667 INFO ncaa_identity: contest_id=3970328 teams 2865/2865 matched, players 7833/7861 matched
2026-08-19 12:26:52,581 INFO ncaa_identity: contest_id=3970430 teams 2945/2945 matched, players 7132/8092 matched
2026-08-19 12:26:53,611 INFO ncaa_identity: contest_id=3970459 teams 3015/3015 matched, players 8131/8285 matched
2026-08-19 12:26:54,452 INFO ncaa_identity: contest_id=3970486 teams 2406/2406 matched, players 6264/6580 matched
2026-08-19 12:26:55,632 INFO ncaa_identity: contest_id=3970496 teams 1525/2938 matched, players 3980/8008 matched
2026-08-19 12:26:56,852 INFO ncaa_identity: contest_id=3970508 teams 1759/3424 matched, players 4831/9479 matched
2026-08-19 12:26:58,763 INFO ncaa_identity: contest_id=3970537 teams 2807/2807 matched, players 7342/7686 matched
2026-08-19 12:27:01,891 INFO ncaa_identity: contest_id=3970698 teams 2590/2590 matched, players 7008/7075 matched
2026-08-19 12:27:07,649 INFO ncaa_identity: contest_id=3970995 teams 2642/2642 matched, players 7063/7207 matched
2026-08-19 12:27:08,642 INFO ncaa_identity: contest_id=3971127 teams 2371/2371 matched, players 6181/6438 matched
2026-08-19 12:27:12,869 INFO ncaa_identity: contest_id=3971202 teams 2483/2483 matched, players 6253/6798 matched
2026-08-19 12:27:13,923 INFO ncaa_identity: contest_id=3971217 teams 2873/2873 matched, players 7833/7916 matched
2026-08-19 12:27:17,911 INFO ncaa_identity: contest_id=3971300 teams 3126/3126 matched, players 8196/8634 matched
2026-08-19 12:27:18,989 INFO ncaa_identity: contest_id=3971345 teams 2573/2573 matched, players 6793/7032 matched
2026-08-19 12:27:22,094 INFO ncaa_identity: contest_id=3971411 teams 2873/2873 matched, players 7733/7879 matched
2026-08-19 12:27:23,009 INFO ncaa_identity: contest_id=3971434 teams 1082/2265 matched, players 3058/6182 matched
2026-08-19 12:27:25,372 INFO ncaa_identity: contest_id=3971475 teams 2911/2911 matched, players 7652/8002 matched
2026-08-19 12:27:26,189 INFO ncaa_identity: contest_id=3971562 teams 1334/2586 matched, players 3639/7081 matched
2026-08-19 12:27:28,422 WARNING ncaa_parse: family=shots contest_id=3971623 team=Morgan St. SKIPPED (1 parse error(s)): No shot events found [<!DOCTYPE html> <html lang="en"> <head> <meta content="text/html; charset=utf-8" http-equiv="CONTENT-TYPE"/> <meta charset="utf-8"/> <meta...
2026-08-19 12:27:28,439 INFO ncaa_identity: contest_id=3971623 teams 1193/2348 matched, players 3350/6542 matched
2026-08-19 12:27:31,267 INFO ncaa_identity: contest_id=3971686 teams 2918/2918 matched, players 7624/8033 matched
2026-08-19 12:27:32,407 INFO ncaa_identity: contest_id=3971701 teams 1458/2858 matched, players 3938/7806 matched
2026-08-19 12:27:33,495 INFO ncaa_identity: contest_id=3971765 teams 1569/3019 matched, players 4356/8403 matched
2026-08-19 12:27:39,160 INFO ncaa_identity: contest_id=3972083 teams 1167/2277 matched, players 3190/6221 matched
2026-08-19 12:27:41,404 INFO ncaa_identity: contest_id=3972186 teams 1602/3170 matched, players 4328/8694 matched
2026-08-19 12:27:42,169 INFO ncaa_identity: contest_id=3972216 teams 961/2006 matched, players 2716/5430 matched
2026-08-19 12:27:43,156 INFO ncaa_identity: contest_id=3972236 teams 2572/2572 matched, players 6527/7074 matched
2026-08-19 12:27:44,120 INFO ncaa_identity: contest_id=3972248 teams 2834/2834 matched, players 7624/7695 matched
2026-08-19 12:27:45,472 INFO ncaa_identity: contest_id=3972266 teams 2933/2933 matched, players 7926/8059 matched
2026-08-19 12:27:47,580 INFO ncaa_identity: contest_id=3972304 teams 1175/2390 matched, players 3274/6560 matched
2026-08-19 12:27:49,906 INFO ncaa_identity: contest_id=3972347 teams 2398/2398 matched, players 6454/6586 matched
2026-08-19 12:27:51,129 INFO ncaa_identity: contest_id=3972379 teams 2753/2753 matched, players 7536/7553 matched
2026-08-19 12:27:52,126 INFO ncaa_identity: contest_id=3972541 teams 2966/2966 matched, players 7718/8143 matched
2026-08-19 12:27:53,405 INFO ncaa_identity: contest_id=3972565 teams 2857/2857 matched, players 7665/7864 matched
2026-08-19 12:27:54,605 INFO ncaa_identity: contest_id=3972601 teams 2941/2941 matched, players 7840/8110 matched
2026-08-19 12:27:55,724 INFO ncaa_identity: contest_id=3972614 teams 1272/2528 matched, players 3472/6915 matched
2026-08-19 12:27:56,960 INFO ncaa_identity: contest_id=3972633 teams 1399/2776 matched, players 3843/7643 matched
2026-08-19 12:27:57,913 INFO ncaa_identity: contest_id=3972650 teams 1250/2404 matched, players 3353/6512 matched
2026-08-19 12:27:58,223 INFO 5 starters not found for period 5; using estimate
2026-08-19 12:27:59,167 INFO ncaa_identity: contest_id=3972673 teams 2778/2778 matched, players 7583/7619 matched
2026-08-19 12:28:00,592 INFO ncaa_identity: contest_id=3972683 teams 3313/3313 matched, players 8792/9153 matched
2026-08-19 12:28:09,357 INFO ncaa_identity: contest_id=3972806 teams 1316/2585 matched, players 3560/7054 matched
2026-08-19 12:28:13,821 INFO ncaa_identity: contest_id=3972899 teams 2443/2443 matched, players 6287/6669 matched
2026-08-19 12:28:18,179 INFO ncaa_identity: contest_id=3973025 teams 2639/2639 matched, players 6724/7249 matched
2026-08-19 12:28:20,602 INFO ncaa_identity: contest_id=3973084 teams 2634/2634 matched, players 6789/7237 matched
2026-08-19 12:28:25,188 INFO ncaa_identity: contest_id=3973209 teams 2791/2791 matched, players 5910/7653 matched
2026-08-19 12:28:27,535 INFO ncaa_identity: contest_id=3973299 teams 2481/2481 matched, players 6562/6792 matched
2026-08-19 12:28:32,948 INFO ncaa_identity: contest_id=3973456 teams 2499/2499 matched, players 6639/6841 matched
2026-08-19 12:28:34,021 INFO ncaa_identity: contest_id=3973479 teams 1262/2558 matched, players 3111/7028 matched
2026-08-19 12:28:34,974 INFO ncaa_identity: contest_id=3973510 teams 1319/2563 matched, players 3326/7026 matched
2026-08-19 12:28:39,595 INFO ncaa_identity: contest_id=3973628 teams 3191/3191 matched, players 8683/8778 matched
2026-08-19 12:28:41,808 INFO ncaa_identity: contest_id=3973718 teams 2661/2661 matched, players 7087/7260 matched
2026-08-19 12:28:45,076 INFO ncaa_identity: contest_id=3973849 teams 2732/2732 matched, players 7444/7463 matched
2026-08-19 12:28:49,276 INFO ncaa_identity: contest_id=3974085 teams 2744/2744 matched, players 7464/7581 matched
2026-08-19 12:28:52,807 INFO ncaa_identity: contest_id=3974125 teams 3434/3434 matched, players 8984/9501 matched
2026-08-19 12:28:53,972 INFO ncaa_identity: contest_id=3974138 teams 2096/2096 matched, players 5600/5686 matched
2026-08-19 12:28:55,086 INFO ncaa_identity: contest_id=3974153 teams 2844/2844 matched, players 7404/7836 matched
2026-08-19 12:28:56,246 INFO ncaa_identity: contest_id=3974195 teams 2484/2484 matched, players 6581/6784 matched
2026-08-19 12:28:59,555 INFO ncaa_identity: contest_id=3974279 teams 2800/2800 matched, players 7593/7680 matched
2026-08-19 12:29:01,831 INFO ncaa_identity: contest_id=3974311 teams 3286/3286 matched, players 8044/9042 matched
2026-08-19 12:29:06,162 INFO ncaa_identity: contest_id=3974478 teams 2617/2617 matched, players 7217/7227 matched
2026-08-19 12:29:08,426 INFO ncaa_identity: contest_id=3974560 teams 1664/3110 matched, players 4366/8501 matched
2026-08-19 12:29:10,519 INFO ncaa_identity: contest_id=3974626 teams 2313/2313 matched, players 5833/6320 matched
2026-08-19 12:29:12,817 INFO ncaa_identity: contest_id=3974746 teams 2659/2659 matched, players 6820/7248 matched
2026-08-19 12:29:14,971 INFO 5 starters not found for period 5; using estimate
2026-08-19 12:29:18,267 INFO ncaa_identity: contest_id=3974957 teams 1378/2701 matched, players 3740/7435 matched
2026-08-19 12:29:21,535 INFO ncaa_identity: contest_id=3974994 teams 2644/2644 matched, players 7290/7307 matched
2026-08-19 12:29:23,882 INFO ncaa_identity: contest_id=3975021 teams 1690/3330 matched, players 4471/9134 matched
2026-08-19 12:29:25,982 INFO ncaa_identity: contest_id=3975093 teams 1203/2420 matched, players 3314/6609 matched
2026-08-19 12:29:27,193 INFO ncaa_identity: contest_id=3975122 teams 2261/2261 matched, players 6037/6150 matched
2026-08-19 12:29:28,366 INFO ncaa_identity: contest_id=3975164 teams 1485/2924 matched, players 4039/7987 matched
2026-08-19 12:29:29,607 INFO ncaa_identity: contest_id=3975179 teams 1386/2748 matched, players 3781/7482 matched
2026-08-19 12:29:31,676 INFO ncaa_identity: contest_id=3975234 teams 2663/2663 matched, players 6458/7346 matched
2026-08-19 12:29:33,970 INFO ncaa_identity: contest_id=3975303 teams 2788/2788 matched, players 6666/7660 matched
2026-08-19 12:29:35,195 INFO ncaa_identity: contest_id=3975333 teams 2933/2933 matched, players 7752/8074 matched
2026-08-19 12:29:37,441 INFO ncaa_identity: contest_id=3975430 teams 1381/2751 matched, players 3770/7531 matched
2026-08-19 12:29:45,674 INFO ncaa_identity: contest_id=3975616 teams 1129/2282 matched, players 2907/6186 matched
2026-08-19 12:29:48,024 INFO ncaa_identity: contest_id=3975680 teams 1561/3014 matched, players 4230/8280 matched
2026-08-19 12:29:49,139 INFO ncaa_identity: contest_id=3975695 teams 2987/2987 matched, players 7903/8200 matched
2026-08-19 12:29:51,342 INFO ncaa_identity: contest_id=3975807 teams 2488/2488 matched, players 6261/6824 matched
2026-08-19 12:29:52,477 INFO ncaa_identity: contest_id=3975825 teams 1502/2823 matched, players 3889/7754 matched
2026-08-19 12:29:56,750 INFO ncaa_identity: contest_id=3975891 teams 3033/3033 matched, players 7953/8339 matched
2026-08-19 12:29:57,863 INFO ncaa_identity: contest_id=3975911 teams 1401/2770 matched, players 3310/7574 matched
2026-08-19 12:29:59,923 INFO ncaa_identity: contest_id=3975940 teams 2266/2266 matched, players 5886/6227 matched
2026-08-19 12:30:02,897 INFO ncaa_identity: contest_id=3975975 teams 2109/2109 matched, players 5299/5720 matched
2026-08-19 12:30:03,982 INFO ncaa_identity: contest_id=3975988 teams 2423/2423 matched, players 6617/6625 matched
2026-08-19 12:30:07,253 INFO ncaa_identity: contest_id=3976026 teams 2833/2833 matched, players 6952/7817 matched
2026-08-19 12:30:09,373 INFO ncaa_identity: contest_id=3976056 teams 2712/2712 matched, players 7058/7439 matched
2026-08-19 12:30:11,615 INFO ncaa_identity: contest_id=3976094 teams 2734/2734 matched, players 7138/7445 matched
2026-08-19 12:30:12,810 INFO ncaa_identity: contest_id=3976167 teams 2761/2761 matched, players 6382/7622 matched
2026-08-19 12:30:18,037 WARNING ncaa_parse: family=shots contest_id=3976265 team=Texas Southern SKIPPED (1 parse error(s)): No shot events found [<!DOCTYPE html> <html lang="en"> <head> <meta content="text/html; charset=utf-8" http-equiv="CONTENT-TYPE"/> <meta charset="utf-8"/> <meta...
2026-08-19 12:30:19,041 INFO ncaa_identity: contest_id=3976320 teams 2469/2469 matched, players 6744/6763 matched
2026-08-19 12:30:21,416 INFO ncaa_identity: contest_id=3976385 teams 2714/2714 matched, players 7168/7470 matched
2026-08-19 12:30:22,541 INFO ncaa_identity: contest_id=3976407 teams 2627/2627 matched, players 7067/7180 matched
2026-08-19 12:30:24,802 INFO ncaa_identity: contest_id=3976466 teams 1440/2776 matched, players 3864/7557 matched
2026-08-19 12:30:35,207 INFO ncaa_identity: contest_id=3976773 teams 2911/2911 matched, players 7212/8002 matched
2026-08-19 12:30:38,445 INFO ncaa_identity: contest_id=3976850 teams 17/2638 matched, players 0/7252 matched
2026-08-19 12:30:39,251 INFO ncaa_identity: contest_id=3976883 teams 2236/2236 matched, players 5028/6142 matched
2026-08-19 12:30:41,385 INFO ncaa_identity: contest_id=3976958 teams 3162/3162 matched, players 7922/8683 matched
2026-08-19 12:30:47,667 INFO ncaa_identity: contest_id=3977077 teams 2219/2219 matched, players 5964/6025 matched
2026-08-19 12:30:50,953 INFO ncaa_identity: contest_id=3977213 teams 2110/2110 matched, players 4640/5739 matched
2026-08-19 12:30:52,034 INFO ncaa_identity: contest_id=3977280 teams 30612026-08-19 12:30:53,778 WARNING ncaa_parse2026-08-19 12:30:57,909 INFO ncaa_identity: contest_id=3977475 teams 2904/2904 matched, players 7397/7999 matched
2026-08-19 12:31:00,966 INFO ncaa_identity: contest_id=3977515 teams 1198/2375 matched, players 3336/6484 matched
2026-08-19 12:31:09,303 INFO ncaa_identity: contest_id=3977841 teams 1147/2281 matched, players 3133/6220 matched
2026-08-19 12:31:13,685 INFO ncaa_identity: contest_id=3977952 teams 3064/3064 matched, players 8339/8449 matched
2026-08-19 12:31:14,518 INFO ncaa_identity: contest_id=3977965 teams 2264/2264 matched, players 6152/6154 matched
2026-08-19 12:31:26,435 INFO ncaa_identity: contest_id=3978366 teams 3095/3095 matched, players 8497/8510 matched
2026-08-19 12:31:27,542 INFO ncaa_identity: contest_id=3978393 teams 2896/2896 matched, players 7887/7922 matched
2026-08-19 12:31:35,499 INFO ncaa_identity: contest_id=3978644 teams 2310/2310 matched, players 5786/6348 matched
2026-08-19 12:31:36,722 INFO ncaa_identity: contest_id=3978656 teams 2547/2547 matched, players 6648/7011 matched
2026-08-19 12:31:37,884 INFO ncaa_identity: contest_id=3978793 teams 2629/2629 matched, players 6884/7198 matched
2026-08-19 12:31:40,047 INFO ncaa_identity: contest_id=3978867 teams 2804/2804 matched, players 7579/7694 matched
2026-08-19 12:31:41,046 INFO ncaa_identity: contest_id=3978931 teams 1230/2408 matched, players 3333/6596 matched
2026-08-19 12:31:50,781 INFO ncaa_identity: contest_id=3979106 teams 2689/2689 matched, players 6892/7453 matched
2026-08-19 12:31:52,881 INFO ncaa_identity: contest_id=3979237 teams 1381/2686 matched, players 3764/7370 matched
2026-08-19 12:31:55,088 INFO ncaa_identity: contest_id=3979316 teams 2309/2309 matched, players 6195/6196 matched
2026-08-19 12:31:58,023 WARNING ncaa_parse: family=shots contest_id=3979407 team=South Carolina St. SKIPPED (1 parse error(s)): No shot events found [<!DOCTYPE html> <html lang="en"> <head> <meta content="text/html; charset=utf-8" http-equiv="CONTENT-TYPE"/> <meta charset="utf-8"/> <meta...
2026-08-19 12:32:00,299 INFO ncaa_identity: contest_id=3979516 teams 1347/2611 matched, players 3645/7153 matched
2026-08-19 12:32:12,958 INFO ncaa_identity: contest_id=3979951 teams 2826/2826 matched, players 7689/7797 matched
2026-08-19 12:32:17,498 INFO ncaa_identity: contest_id=3980001 teams 3012/3012 matched, players 7758/8276 matched
2026-08-19 12:32:21,881 INFO ncaa_identity: contest_id=3980106 teams 2315/2315 matched, players 5924/6336 matched
2026-08-19 12:32:23,922 INFO ncaa_identity: contest_id=3980230 teams 2640/2640 matched, players 6759/7259 matched
2026-08-19 12:32:27,017 INFO ncaa_identity: contest_id=3980358 teams 2156/2156 matched, players 5731/5883 matched
2026-08-19 12:32:29,295 INFO ncaa_identity: contest_id=3980389 teams 2517/2517 matched, players 6373/6908 matched
2026-08-19 12:32:30,341 INFO ncaa_identity: contest_id=3980439 teams 2956/2956 matched, players 7668/8124 matched
2026-08-19 12:32:35,459 INFO ncaa_identity: contest_id=3980567 teams 2649/2649 matched, players 6804/7281 matched
2026-08-19 12:32:44,043 INFO ncaa_identity: contest_id=3980903 teams 2779/2779 matched, players 7254/7653 matched
2026-08-19 12:32:45,054 INFO ncaa_identity: contest_id=3980974 teams 2716/2716 matched, players 6879/7438 matched
2026-08-19 12:33:14,631 INFO ncaa_identity: contest_id=3981896 teams 3132/3132 matched, players 8032/8661 matched
2026-08-19 12:33:17,585 INFO ncaa_identity: contest_id=3981988 teams 2053/2053 matched, players 5252/5578 matched
2026-08-19 12:33:18,953 INFO ncaa_identity: contest_id=3981998 teams 1347/2786 matched, players 3772/7655 matched
2026-08-19 12:33:24,701 INFO ncaa_identity: contest_id=3982120 teams 2950/2950 matched, players 7537/8162 matched
2026-08-19 12:33:24,815 INFO 5 starters not found for period 5; using estimate
2026-08-19 12:33:27,015 INFO ncaa_identity: contest_id=3982144 teams 2477/2477 matched, players 6552/6777 matched
2026-08-19 12:33:33,651 INFO ncaa_identity: contest_id=3982432 teams 2622/2622 matched, players 6506/7172 matched
2026-08-19 12:33:39,267 INFO ncaa_identity: contest_id=3982599 teams 3046/3046 matched, players 7395/8387 matched
2026-08-19 12:33:41,235 INFO ncaa_identity: contest_id=3982682 teams 2550/2550 matched, players 6676/7023 matched
2026-08-19 12:33:42,293 INFO ncaa_identity: contest_id=3982693 teams 2732/2732 matched, players 6819/7418 matched
2026-08-19 12:33:44,452 INFO ncaa_identity: contest_id=3982862 teams 2620/2620 matched, players 7185/7196 matched
2026-08-19 12:33:46,936 INFO ncaa_identity: contest_id=3982890 teams 2733/2733 matched, players 6908/7508 matched
2026-08-19 12:33:50,570 INFO ncaa_identity: contest_id=3982969 teams 1468/2919 matched, players 3957/8009 matched
2026-08-19 12:33:58,101 INFO ncaa_identity: contest_id=3983102 teams 2704/2704 matched, players 7196/7428 matched
2026-08-19 12:33:59,010 INFO ncaa_identity: contest_id=3983135 teams 2296/2296 matched, players 5806/6284 matched
2026-08-19 12:34:00,156 INFO ncaa_identity: contest_id=3983214 teams 2743/2743 matched, players 7325/7544 matched
2026-08-19 12:34:02,220 INFO ncaa_identity: contest_id=3983305 teams 2303/2303 matched, players 5749/6327 matched
2026-08-19 12:34:04,259 INFO ncaa_identity: contest_id=3983364 teams 2633/2633 matched, players 7199/7242 matched
2026-08-19 12:34:09,751 INFO ncaa_identity: contest_id=3983501 teams 1330/2653 matched, players 3643/7334 matched
2026-08-19 12:34:16,559 INFO ncaa_identity: contest_id=3983642 teams 2689/2689 matched, players 6948/7387 matched
2026-08-19 12:34:18,533 INFO ncaa_identity: contest_id=3983669 teams 2916/2916 matched, players 6965/8007 matched
2026-08-19 12:34:19,878 INFO ncaa_identity: contest_id=3983724 teams 3295/3295 matched, players 8695/9100 matched
2026-08-19 12:34:21,978 INFO ncaa_identity: contest_id=3983745 teams 2387/2387 matched, players 5830/6490 matched
2026-08-19 12:34:27,201 INFO ncaa_identity: contest_id=3983812 teams 2548/2548 matched, players 6554/7006 matched
2026-08-19 12:34:28,434 INFO ncaa_identity: contest_id=3983822 teams 1663/3070 matched, players 4336/8412 matched
2026-08-19 12:34:31,367 INFO ncaa_identity: contest_id=3983896 teams 2840/2840 matched, players 7289/7802 matched
2026-08-19 12:34:32,472 INFO ncaa_identity: contest_id=3983930 teams 2368/2368 matched, players 6221/6457 matched
2026-08-19 12:34:40,864 INFO ncaa_identity: contest_id=3984079 teams 2659/2659 matched, players 7183/7241 matched
2026-08-19 12:34:41,650 WARNING ncaa_parse: family=shots contest_id=3984094 team=South Carolina St. SKIPPED (1 parse error(s)): No shot events found [<!DOCTYPE html> <html lang="en"> <head> <meta content="text/html; charset=utf-8" http-equiv="CONTENT-TYPE"/> <meta charset="utf-8"/> <meta...
2026-08-19 12:34:48,760 INFO ncaa_identity: contest_id=3984228 teams 2465/2465 matched, players 6210/6761 matched
2026-08-19 12:34:49,968 INFO ncaa_identity: contest_id=3984283 teams 27732026-08-19 12:34:51,045 INFO ncaa_identity2026-08-19 12:34:57,493 INFO ncaa_identity: contest_id=3984375 teams 2422/2422 matched, players 6063/6630 matched
2026-08-19 12:35:07,773 WARNING ncaa_parse: family=shots contest_id=3984543 team=Morgan St. SKIPPED (1 parse error(s)): No shot events found [<!DOCTYPE html> <html lang="en"> <head> <meta content="text/html; charset=utf-8" http-equiv="CONTENT-TYPE"/> <meta charset="utf-8"/> <meta...
2026-08-19 12:35:07,799 INFO ncaa_identity: contest_id=3984543 teams 2511/2511 matched, players 5963/7084 matched
2026-08-19 12:35:08,701 INFO ncaa_identity: contest_id=3984559 teams 2531/2531 matched, players 6660/6951 matched
2026-08-19 12:35:12,655 WARNING ncaa_parse: family=shots contest_id=3984609 team=Morgan St. SKIPPED (1 parse error(s)): No shot events found [<!DOCTYPE html> <html lang="en"> <head> <meta content="text/html; charset=utf-8" http-equiv="CONTENT-TYPE"/> <meta charset="utf-8"/> <meta...
2026-08-19 12:35:12,682026-08-19 12:35:13,260 WARNING ncaa_parse: family=shots contest_id=3984665 team=Morgan St. S2026-08-19 12:35:14,944 INFO ncaa_identity: contest_id=3984629 teams 2709/2709 matched, players 7331/7509 matched
20262026-08-19 12:35:24,070 INFO ncaa_identity: contest_id=3996564 teams 2667/2667 matched, players 6771/7354 matched
2026-08-19 12:35:27,201 INFO ncaa_identity: contest_id=3996627 teams 2315/2315 matched, players 5949/6333 matched
2026-08-19 12:35:32,429 INFO ncaa_identity: contest_id=4471123 teams 2831/2831 matched, players 7079/7794 match2026-08-19 12:35:39,715 INFO ncaa_identity: contest_id=3996561 teams 2407/2407 matched, players 6115/6573 matched
2026-08-19 12:35:41,534 INFO ncaa_identity: contest_id=3996587 teams 2530/2530 matched, players 6275/6907 matched
2026-08-19 12:35:42,576 INFO ncaa_identity: contest_id=3996612 teams 2474/2472026-08-19 12:35:43,500 INFO ncaa_iden20262026-08-19 12:35:46,910 INFO ncaa_identity: contest_id=5249787 teams 2400/2400 matched, players 6017/6619 match2026-08-19 12:35:49,158 INFO ncaa_identity: contest_id=4472224 teams 2515/2515 matched, players 6825/6911 matched
20262026-08-19 12:35:51,803 INFO ncaa_identity: contest_id=5250277 teams 2104/2104 matched, players 5566/5720 matched
2026-08-19 12:36:01,644 INFO ncaa_identity: contest_id=5250884 teams 2526/2526 matched, players 6894/6917 matched
2026-08-19 12:36:08,669 INFO ncaa_identity: contest_id=5254202 teams 2624/2624 matched, players 7082/7156 matched
2026-08-19 12:36:23,006 INFO ncaa_identity: contest_id=5722064 teams 2627/2627 matched, players 6725/7153 matched
2026-08-19 12:36:23,854 INFO ncaa_identity: contest_id=5722074 teams 2282/2282 matched, players 5664/6265 matched
2026-08-19 12:36:24,846 INFO ncaa_identity: contest_id=5722097 teams 2134/2134 matched, players 5461/5851 matched
2026-08-19 12:36:33,769 INFO ncaa_identity: contest_id=5722756 teams 2508/2508 matched, players 6697/6817 matched
2026-08-19 12:36:38,961 INFO ncaa_identity: contest_id=5722890 teams 1448/2701 matched, players 3792/7447 matched
2026-08-19 12:36:40,778 INFO ncaa_identity: contest_id=5722932 teams 2325/2325 matched, players 6231/6232 matched
2026-08-19 12:36:42,760 INFO ncaa_identity: contest_id=5722965 teams 2699/2699 matched, players 6824/7399 matched
2026-08-19 12:36:45,799 INFO ncaa_identity: contest_id=5723014 teams 2726/2726 matched, players 7085/7462 matched
2026-08-19 12:36:49,765 INFO ncaa_identity: contest_id=5723089 teams 1407/2819 matched, players 3896/7717 matched
2026-08-19 12:36:53,941 INFO ncaa_identity: contest_id=5723173 teams 2567/2567 matched, players 6631/7019 matched
2026-08-19 12:36:58,125 INFO ncaa_identity: contest_id=5723260 teams 2929/2929 matched, players 7725/8027 matched
2026-08-19 12:37:15,418 WARNING ncaa_parse: family=lineups contest_id=5723633 team=UT Dallas SKIPPED (1 parse error(s)): Could not find/match team names (target=[TeamId(UT Dallas)]): Texas-Dallas/Kansas City
2026-08-19 12:37:15,880 INFO ncaa_identity: contest_id=5723633 teams 1612/3101 matched, players 4381/8451 matched
2026-08-19 12:37:19,442 INFO ncaa_identity: contest_id=5723705 teams 2040/2040 matched, players 5400/5522 matched
2026-08-19 12:37:23,859 INFO ncaa_identity: contest_id=5723763 teams 2652/2652 matched, players 7221/7237 matched
2026-08-19 12:37:35,493 INFO ncaa_identity: contest_id=5723990 teams 2773/2773 matched, players 7139/7617 matched
2026-08-19 12:37:38,633 INFO ncaa_identity: contest_id=5724069 teams 3195/3195 matched, players 8168/8835 matched
2026-08-19 12:37:42,638 INFO ncaa_identity: contest_id=5725963 teams 2697/2697 matched, players 6864/7384 matched
2026-08-19 12:37:43,476 INFO ncaa_identity: contest_id=5725973 teams 2340/2340 matched, players 5864/6367 matched
2026-08-19 12:37:44,492 INFO ncaa_identity: contest_id=5725983 teams 1191/2384 matched, players 2739/6503 matched
2026-08-19 12:37:44,579 INFO 5 starters not found for period 5; using estimate
2026-08-19 12:37:47,583 INFO ncaa_identity: contest_id=5726042 teams 2311/2311 matched, players 6112/6292 matched
2026-08-19 12:37:49,450 INFO ncaa_identity: contest_id=5728280 teams 2412/2412 matched, players 6362/6596 matched
2026-08-19 12:37:50,505 INFO ncaa_identity: contest_id=5728305 teams 3012/3012 matched, players 8180/8286 matched
2026-08-19 12:37:51,513 INFO ncaa_identity: contest_id=5728407 teams 2380/2380 matched, players 6278/6534 matched
2026-08-19 12:37:52,607 INFO ncaa_identity: contest_id=5728424 teams 2823/2823 matched, players 7388/77522026-08-19 12:37:55,521 INFO ncaa_identity: contest_id=5724056 teams 3184/3184 matched, players 8159/8867 matched
2026-08-19 12:37:58,273 INFO ncaa_identity: contest_id=5725898 teams 3031/3031 matched, players 8387/8388 matched
2026-08-19 12:38:00,197 INFO ncaa_identity: contest_id=5725970 teams 2611/2611 matched, players 6102/7166 matched
2026-08-19 12:38:01,280 INFO ncaa_identity: contest_id=5725980 teams 2755/2755 matched, players 6951/7559 matched
2026-08-192026-08-19 12:38:02,345 INFO ncaa_identity: contest_id=5728738 teams 2903/2903 matched, players 7678/79842026-08-19 12:38:06,491 INFO ncaa_identity: contest_id=5728272 teams 2872/2872 matched, players 7376/7874 matched
2026-08-19 12:38:08,503 INFO ncaa_identity: contest_id=5728403 teams 2825/2825 matched, players 7334/7775 matched
2026-08-192026-08-19 12:38:11,443 INFO ncaa_identity: contest_id=5728929 teams 2440/2440 matched, players 6672/66872026-08-19 12:38:12,318 INFO ncaa_identity: contest_id=5728453 teams 1381/2714 matched, players 3367/7373 matched
2026-08-19 12:38:17,006 INFO ncaa_identity: contest_id=5728654 teams 1515/2981 matched, players 4083/8195 matched
2026-08-19 12:38:20,886 INFO ncaa_identity: contest_id=5728758 teams 1239/2470 matched, players 3184/6733 matched
2026-08-19 12:38:27,882 INFO ncaa_identity: contest_id=5728926 teams 2728/2728 matched, players 7487/7500 matched
2026-08-19 12:38:31,724 INFO ncaa_identity: contest_id=5728969 teams 2291/2291 matched, players 6242/6260 matched
2026-08-19 12:38:44,282 INFO ncaa_identity: contest_id=5729164 teams 2675/2675 matched, players 7312/7357 matched
2026-08-19 12:38:46,130 INFO ncaa_identity: contest_id=5729185 teams 2440/2440 matched, players 6583/6683 matched
2026-08-19 12:38:55,306 INFO ncaa_identity: contest_id=5729637 teams 3258/3258 matched, players 8973/8990 matched
2026-08-19 12:38:59,177 INFO ncaa_identity: contest_id=5729716 teams 1207/2320 matched, players 3206/6327 matched
2026-08-19 12:39:00,028 INFO ncaa_identity: contest_id=5729742 teams 1291/2512 matched, players 3495/6899 matched
2026-08-19 12:39:01,040 INFO ncaa_identity: contest_id=5729769 teams 1379/2616 matched, players 3682/7171 matched
2026-08-19 12:39:02,950 INFO ncaa_identity: contest_id=5729810 teams 1403/2651 matched, players 3586/7219 matched
2026-08-19 12:39:16,557 INFO ncaa_identity: contest_id=5730207 teams 1373/2595 matched, players 3532/7083 matched
2026-08-19 12:39:17,527 INFO ncaa_identity: contest_id=5730219 teams 1704/3144 matched, players 3940/8619 matched
2026-08-19 12:39:21,697 INFO ncaa_identity: contest_id=5730300 teams 2450/2450 matched, players 6725/6726 matched
2026-08-19 12:39:35,395 INFO ncaa_identity: contest_id=5730634 teams 1514/2962 matched, players 4118/8154 matched
2026-08-19 12:39:46,055 INFO ncaa_identity: contest_id=5731002 teams 2525/2525 matched, players 6426/6948 matched
2026-08-19 12:39:47,010 INFO ncaa_identity: contest_id=5731012 teams 2933/2933 matched, players 7669/8077 matched
2026-08-19 12:39:48,165 INFO ncaa_identity: contest_id=5731050 teams 1438/2871 matched, players 3950/7885 matched
2026-08-19 12:39:53,779 INFO ncaa_identity: contest_id=5731178 teams 2512/2512 matched, players 6578/6880 matched
2026-08-19 12:39:54,918 INFO ncaa_identity: contest_id=5731197 teams 2772/2772 matched, players 7327/7614 matched
2026-08-19 12:39:56,736 INFO ncaa_identity: contest_id=5731254 teams 2208/2208 matched, players 6002/6034 matched
2026-08-19 12:39:57,709 INFO ncaa_identity: contest_id=5731289 teams 2353/2353 matched, players 6279/6434 matched
2026-08-19 12:39:58,677 INFO ncaa_identity: contest_id=5731300 teams 1550/3061 matched, players 4240/8412 matched
2026-08-19 12:40:03,657 INFO ncaa_identity: contest_id=5731525 teams 2718/2718 matched, players 7004/7438 matched
2026-08-19 12:40:09,230 INFO ncaa_identity: contest_id=5731602 teams 2667/2667 matched, players 6801/7299 matched
2026-08-19 12:40:13,952 INFO ncaa_identity: contest_id=5731694 teams 2722/2722 matched, players 7240/7477 matched
2026-08-19 12:40:14,839 INFO ncaa_identity: contest_id=5731704 teams 2569/2569 matched, players 6556/7031 matched
2026-08-19 12:40:21,473 INFO ncaa_identity: contest_id=5731763 teams 2598/2598 matched, players 7136/7150 matched
2026-08-19 12:40:22,818 INFO ncaa_identity: contest_id=5731797 teams 2513/2513 matched, players 6835/6838 matched
2026-08-19 12:40:24,843 INFO ncaa_identity: contest_id=5731853 teams 1420/2746 matched, players 3834/7546 matched
2026-08-19 12:40:26,973 INFO ncaa_identity: contest_id=5731874 teams 2645/22026-08-19 12:40:28,528 INFO ncaa_identi2026-08-19 12:40:31,229 INFO ncaa_identity: contest_id=5731983 teams 1389/22026-08-19 12:40:32,045 INFO ncaa_identi2026-08-19 12:40:32,546 INFO ncaa_identity: contest_id=5731995 teams 1614/32026-08-19 12:40:33,920 INFO ncaa_identi2026-08-19 12:40:36,549 INFO ncaa_identity: contest_id=5732081 teams 1227/22026-08-19 12:40:36,905 INFO ncaa_identi2026-08-19 12:40:46,396 INFO ncaa_identity: contest_id=5732298 teams 2826/2826 matched, players 7479/7706 matched
2026-08-19 12:40:47,524 INFO ncaa_identity: contest_id=5732310 teams 2533/2533 matched, players 6872/6918 matched
2026-08-19 12:40:49,523 INFO ncaa_identity: contest_id=5732337 teams 2604/2604 matched, players 7144/7165 matched
2026-08-19 12:40:50,781 INFO ncaa_identity: contest_id=5732351 teams 3651/3651 matched, players 10129/10211 matched
2026-08-19 12:40:53,440 INFO ncaa_identity: contest_id=5732839 teams 1104/2266 matched, players 3080/6162 matched
2026-08-19 12:40:55,660 INFO ncaa_identity: contest_id=5732895 teams 2599/2599 matched, players 6490/7110 matched
2026-08-19 12:41:00,459 INFO ncaa_identity: contest_id=5733258 teams 1536/2999 matched, players 4164/8253 matched
2026-08-19 12:41:18,405 INFO ncaa_identity: contest_id=5733501 teams 3070/3070 matched, players 7736/8447 matched
2026-08-19 12:41:19,631 INFO ncaa_identity: contest_id=5733513 teams 2737/2737 matched, players 7474/7481 matched
2026-08-19 12:41:26,539 INFO ncaa_identity: contest_id=5733582 teams 3430/3430 matched, players 9441/9488 matched
2026-08-19 12:41:27,443 INFO ncaa_identity: contest_id=5733604 teams 2857/2857 matched, players 7525/7853 matched
2026-08-19 12:41:57,886 INFO ncaa_identity: contest_id=5734063 teams 2584/2584 matched, players 7021/7022 matched
2026-08-19 12:42:07,095 INFO ncaa_identity: contest_id=5734299 teams 2423/2423 matched, players 6079/6634 matched
2026-08-19 12:42:15,539 INFO ncaa_identity: contest_id=5734411 teams 1531/2931 matched, players 4072/8009 matched
2026-08-19 12:42:18,696 INFO ncaa_identity: contest_id=5734500 teams 2660/2660 matched, players 6789/7310 matched
2026-08-19 12:42:21,401 INFO ncaa_identity: contest_id=5734545 teams 2237/2237 matched, players 5666/6118 matched
2026-08-19 12:42:29,115 INFO ncaa_identity: contest_id=5734713 teams 2753/2753 matched, players 6761/7537 matched
2026-08-19 12:42:30,019 INFO ncaa_identity: contest_id=5734725 teams 1161/2253 matched, players 3141/6128 matched
2026-08-19 12:42:31,214 INFO ncaa_identity: contest_id=5734736 teams 3069/3069 matched, players 8219/8456 matched
2026-08-19 12:42:35,212 INFO ncaa_identity: contest_id=5734809 teams 2601/2601 matched, players 7044/7084 matched
2026-08-19 12:42:36,384 INFO ncaa_identity: contest_id=5734825 teams 2820/2820 matched, players 7696/7701 matched
2026-08-19 12:42:45,238 INFO ncaa_identity: contest_id=5734977 teams 2445/2445 matched, players 6232/6654 matched
2026-08-19 12:42:49,488 INFO ncaa_identity: contest_id=5735036 teams 2703/2703 matched, players 7312/7362 matched
2026-08-19 12:42:55,949 INFO ncaa_identity: contest_id=5735158 teams 1144/2356 matched, players 2582/6452 matched
2026-08-19 12:42:58,187 INFO ncaa_identity: contest_id=5735189 teams 2675/2675 matched, players 6905/7139 matched
2026-08-19 12:43:02,053 INFO ncaa_identity: contest_id=5735269 teams 2280/2280 matched, players 5979/6205 matched
2026-08-19 12:43:03,093 INFO ncaa_identity: contest_id=5735282 teams 2375/2375 matched, players 6242/6535 matched
2026-08-19 12:43:08,483 INFO ncaa_identity: contest_id=5735456 teams 2649/2649 matched, players 6696/7286 matched
2026-08-19 12:43:09,666 INFO ncaa_identity: contest_id=5735503 teams 1703/3421 matched, players 4169/9458 matched
2026-08-19 12:43:31,412 INFO ncaa_identity: contest_id=5735952 teams 2350/2350 matched, players 6438/6446 matched
2026-08-19 12:43:34,580 INFO ncaa_identity: contest_id=5735986 teams 1351/2684 matched, players 3702/7312 matched
2026-08-19 12:43:41,007 INFO ncaa_identity: contest_id=5736330 teams 2872/2872 matched, players 7860/7908 matched
2026-08-19 12:43:42,031 INFO ncaa_identity: contest_id=5736341 teams 2657/2657 matched, players 7015/7278 matched
2026-08-19 12:43:48,724 INFO ncaa_identity: contest_id=5736406 teams 1637/3401 matched, players 4619/9375 matched
2026-08-19 12:43:54,499 INFO ncaa_identity: contest_id=5736497 teams 3141/3141 matched, players 8531/8693 matched
2026-08-19 12:43:55,677 INFO ncaa_identity: contest_id=5736507 teams 1335/2687 matched, players 3714/7359 matched
2026-08-19 12:44:03,994 INFO ncaa_identity: contest_id=5736606 teams 2727/2727 matched, players 7183/7467 matched
2026-08-19 12:44:06,918 INFO ncaa_identity: contest_id=5736642 teams 2970/2970 matched, players 7881/8140 matched
2026-08-19 12:44:08,951 INFO ncaa_identity: contest_id=5736663 teams 2310/2310 matched, players 5837/6316 matched
2026-08-19 12:44:10,309 INFO ncaa_identity: contest_id=5736674 teams 3520/3520 matched, players 8992/9755 matched
2026-08-19 12:44:12,536 INFO ncaa_identity: contest_id=5736699 teams 2990/2990 matched, players 8125/8295 matched
2026-08-19 12:44:14,863 INFO ncaa_identity: contest_id=5736723 teams 1847/3563 matched, players 4881/9806 matched
2026-08-19 12:44:16,117 INFO ncaa_identity: contest_id=5736735 teams 2933/2933 matched, players 7763/8016 matched
2026-08-19 12:44:25,231 INFO ncaa_identity: contest_id=5736874 teams 3291/3291 matched, players 8808/9110 matched
2026-08-19 12:44:32,387 INFO ncaa_identity: contest_id=5737053 teams 1520/2858 matched, players 4017/7855 matched
2026-08-19 12:44:37,621 INFO ncaa_identity: contest_id=5737121 teams 1446/2828 matched, players 3971/7783 matched
2026-08-19 12:44:48,050 INFO ncaa_identity: contest_id=5737229 teams 1505/2941 matched, players 3713/8076 matched
2026-08-19 12:44:51,273 INFO ncaa_identity: contest_id=5737267 teams 1398/2785 matched, players 3837/7659 matched
2026-08-19 12:44:54,254 INFO ncaa_identity: contest_id=5737303 teams 2741/2741 matched, players 7371/7551 matched
2026-08-19 12:44:56,359 INFO ncaa_identity: contest_id=5737327 teams 1525/2988 matched, players 4220/8269 matched
2026-08-19 12:45:00,617 INFO ncaa_identity: contest_id=5737377 teams 2619/2619 matched, players 6614/7236 matched
2026-08-19 12:45:01,842 INFO ncaa_identity: contest_id=5737424 teams 1411/2993 matched, players 3960/8254 matched
2026-08-19 12:45:05,893 INFO ncaa_identity: contest_id=5737513 teams 2585/2585 matched, players 7079/7080 matched
2026-08-19 12:45:08,240 INFO ncaa_identity: contest_id=5737538 teams 2943/2943 matched, players 7819/8092 matched
2026-08-19 12:45:11,113 INFO ncaa_identity: contest_id=5737638 teams 2539/2539 matched, players 6662/6916 matched
2026-08-19 12:45:17,894 INFO ncaa_identity: contest_id=5737743 teams 3020/3020 matched, players 7783/8371 matched
2026-08-19 12:45:31,097 INFO ncaa_identity: contest_id=5737978 teams 2501/2501 matched, players 6698/6699 matched
2026-08-19 12:45:33,141 INFO ncaa_identity: contest_id=5738033 teams 2239/2239 matched, players 5732/6151 matched
2026-08-19 12:45:35,290 INFO ncaa_identity: contest_id=5738074 teams 2772/2772 matched, players 7137/7639 matched
2026-08-19 12:45:45,947 INFO ncaa_identity: contest_id=5756640 teams 3313/3313 matched, players 8617/9147 matched
2026-08-19 12:45:47,003 INFO ncaa_identity: contest_id=5756663 teams 1557/3071 matched, players 4287/8430 matched
2026-08-19 12:45:49,213 INFO ncaa_identity: contest_id=5756685 teams 1595/3113 matched, players 4224/8570 matched
2026-08-19 12:45:50,066 INFO ncaa_identity: contest_id=5756696 teams 1453/2765 matched, players 3847/7570 matched
2026-08-19 12:45:53,097 INFO ncaa_identity: contest_id=5756734 teams 2591/2591 matched, players 6797/7134 matched
2026-08-19 12:45:57,741 INFO ncaa_identity: contest_id=5763032 teams 1531/2965 matched, players 4073/8202 matched
2026-08-19 12:45:58,838 INFO ncaa_identity: contest_id=5763042 teams 2774/2774 matched, players 6639/7598 matched
2026-08-19 12:46:01,883 INFO ncaa_identity: contest_id=5809528 teams 1429/2914 matched, players 3963/8022 matched
2026-08-19 12:46:03,135 INFO ncaa_identity: contest_id=5809585 teams 1575/3112 matched, players 4233/8529 matched
2026-08-19 12:46:04,198 INFO ncaa_identity: contest_id=5809681 teams 1260/2379 matched, players 3420/6562 matched
2026-08-19 12:46:05,176 INFO ncaa_identity: contest_id=5809693 teams 1559/3004 matched, players 3720/8327 matched
2026-08-19 12:46:06,327 INFO ncaa_identity: contest_id=5809740 teams 1548/3043 matched, players 4272/8380 matched
2026-08-19 12:46:07,398 INFO ncaa_identity: contest_id=5810219 teams 1349/2673 matched, players 3695/7304 matched
2026-08-19 12:46:35,219 INFO ncaa_identity: contest_id=6359389 teams 2469/2469 matched, players 6698/6736 matched
2026-08-19 12:46:37,060 INFO ncaa_identity: contest_id=6362056 teams 2289/2289 matched, players 5773/6276 matched
2026-08-19 12:46:38,206 INFO ncaa_identity: contest_id=6362068 teams 2620/2620 matched, players 7140/7180 matched
2026-08-19 12:46:40,113 INFO ncaa_identity: contest_id=6363110 teams 2470/2470 matched, players 6211/6760 matched
2026-08-19 12:46:42,315 INFO ncaa_identity: contest_id=6363307 teams 3310/3310 matched, players 9056/9057 matched
2026-08-19 12:46:44,583 INFO ncaa_identity: contest_id=6366741 teams 1131/2262 matched, players 3085/6141 matched
2026-08-19 12:46:45,501 INFO ncaa_identity: contest_id=6366751 teams 2621/2621 matched, players 6945/7187 matched
2026-08-19 12:46:56,341 INFO ncaa_identity: contest_id=6366987 teams 2811/2811 matched, players 7078/7738 matched
2026-08-19 12:46:57,565 INFO ncaa_identity: contest_id=6366997 teams 3044/3044 matched, players 8279/8315 matched
2026-08-19 12:46:58,657 INFO ncaa_identity: contest_id=6387146 teams 1211/2358 matched, players 3288/6475 matched
2026-08-19 12:47:05,973 INFO ncaa_identity: contest_id=6392063 teams 1371/2639 matched, players 3651/7177 matched
2026-08-19 12:47:20,348 INFO ncaa_identity: contest_id=6410565 teams 1685/3153 matched, players 4528/8728 matched
2026-08-19 12:47:24,052 INFO ncaa_identity: contest_id=6418614 teams 1838/3640 matched, players 5097/10048 matched
2026-08-19 12:47:26,337 INFO ncaa_identity: contest_id=6423064 teams 1373/2730 matched, players 3759/7506 matched
2026-08-19 12:47:27,226 INFO ncaa_identity: contest_id=6424458 teams 1119/2213 matched, players 3013/5994 matched
2026-08-19 12:47:28,309 INFO ncaa_identity: contest_id=6424472 teams 1105/2275 matched, players 3092/6213 matched
2026-08-19 12:47:43,107 INFO ncaa_identity: contest_id=6428405 teams 2511/2511 matched, players 6880/6888 matched
2026-08-19 12:47:45,250 INFO ncaa_identity: contest_id=6428426 teams 2868/2868 matched, players 7844/7847 matched
2026-08-19 12:47:47,605 INFO ncaa_identity: contest_id=6428446 teams 2667/2667 matched, players 7221/7222 matched
2026-08-19 12:47:50,461 INFO ncaa_identity: contest_id=6428744 teams 1693/3155 matched, players 4428/8684 matched
2026-08-19 12:47:52,128 INFO ncaa_identity: contest_id=6428762 teams 1720/3192 matched, players 4466/8782 matched
2026-08-19 12:47:53,596 INFO ncaa_identity: contest_id=6428775 teams 1559/3061 matched, players 4155/8404 matched
2026-08-19 12:47:58,015 INFO ncaa_identity: contest_id=6429500 teams 2806/28062026-08-19 12:48:10,070 INFO ncaa_identity: contest_id=6440083 teams 1523/3064 matched, players 4288/8422 matched
2026-08-19 12:48:11,399 INFO ncaa_ide2026-08-19 12:48:29,721 INFO ncaa_identity: contest_id=6439932 teams 1514/30712026-08-19 12:48:55,041 INFO ncaa_identity: contest_id=6457253 teams 1492/2982 matched, players 4062/8099 matched
2026-08-19 12:49:04,927 INFO ncaa_identity: contest_id=6457817 teams 2351/2351 matched, players 6258/6473 matched
2026-08-19 12:49:08,766 INFO ncaa_identity: contest_id=6458004 teams 3432/3432 matched, players 9062/9506 matched
2026-08-19 12:49:20,308 INFO 5 starters not found for period 6; using estimate
2026-08-19 12:49:29,199 INFO ncaa_identity: contest_id=6459076 teams 2942026-08-19 12:49:40,331 INFO ncaa_identity: contest_id=6458487 teams 2765/2765 matched, players 7619/7628 matched
2026-08-19 12:49:50,887 INFO ncaa_identity: contest_id=6459003 teams 1465/2959 matched, players 3977/8078 matched
2026-08-19 12:50:10,109 INFO ncaa_identity: contest_id=6459917 teams 2533/2533 matched, players 6945/6946 matched
2026-08-19 12:50:23,348 INFO ncaa_identity: contest_id=6460673 teams 2395/2395 matched, players 6552/6553 matched
2026-08-19 12:50:37,197 INFO ncaa_identity: contest_id=6461337 teams 1396/2638 matched, players 3685/7243 matched
2026-08-19 12:50:41,235 INFO ncaa_identity: contest_id=6461710 teams 2139/2139 matched, players 5590/5803 matched
2026-08-19 12:50:42,191 INFO ncaa_identity: contest_id=6461726 teams 1365/2610 matched, players 3650/7167 matched
2026-08-19 12:50:44,506 INFO ncaa_identity: contest_id=6461789 teams 2145/2145 matched, players 5776/5881 matched
2026-08-19 12:50:47,522 INFO ncaa_identity: contest_id=6461961 teams 1202/2457 matched, players 3375/6674 matched
2026-08-19 12:51:06,817 INFO ncaa_identity: contest_id=6463064 teams 1399/2634 matched, players 3661/7201 matched
2026-08-19 12:51:14,444 INFO ncaa_identity: contest_id=6463477 teams 1269/2449 matched, players 3375/6649 matched
2026-08-19 12:51:18,402 INFO ncaa_identity: contest_id=6463688 teams 2369/2369 matched, players 6173/6475 matched
2026-08-19 12:51:20,742 INFO ncaa_identity: contest_id=6463717 teams 3064/3064 matched, players 7931/8406 matched
2026-08-19 12:51:21,840 INFO ncaa_identity: contest_id=6463727 teams 2470/2470 matched, players 6448/6815 matched
2026-08-19 12:51:22,634 INFO ncaa_identity: contest_id=6463745 teams 2401/2401 matched, players 6054/6617 matched
2026-08-19 12:51:55,681 INFO ncaa_identity: contest_id=6465594 teams 0/2898 matched, players 0/7923 matched
2026-08-19 12:51:57,777 INFO ncaa_identity: contest_id=6465826 teams 1434/2748 matched, players 3856/7593 matched
2026-08-19 12:52:04,314 INFO ncaa_identity: contest_id=6466135 teams 3157/3157 matched, players 8614/8754 matched
2026-08-19 12:52:20,024 INFO ncaa_identity: contest_id=6467597 teams 2572/2572 matched, players 6793/7049 matched
2026-08-19 12:52:20,990 INFO ncaa_identity: contest_id=6467620 teams 2833/2833 matched, players 7396/7749 matched
2026-08-19 12:52:54,016 INFO ncaa_identity: contest_id=6468910 teams 1287/2458 matched, players 2994/6662 matched
2026-08-19 12:52:56,314 INFO ncaa_identity: contest_id=6469053 teams 1260/2431 matched, players 3406/6632 matched
2026-08-19 12:53:19,165 INFO ncaa_identity: contest_id=6470708 teams 2762/2762 matched, players 7538/7539 matched
2026-08-19 12:53:23,689 INFO ncaa_identity: contest_id=6470944 teams 2843/2843 matched, players 7724/7808 matched
2026-08-19 12:53:24,978 INFO ncaa_identity: contest_id=6470979 teams 3054/3054 matched, players 8329/8388 matched
2026-08-19 12:53:36,949 INFO ncaa_identity: contest_id=6472777 teams 2731/2731 matched, players 7318/7319 matched
2026-08-19 12:54:12,662 INFO ncaa_identity: contest_id=6475739 teams 3133/3133 matched, players 8311/8698 matched
2026-08-19 12:54:28,866 INFO ncaa_identity: contest_id=6476628 teams 1609/3149 matched, players 4380/8692 matched
2026-08-19 12:54:30,968 INFO ncaa_identity: contest_id=6476690 teams 1348/2556 matched, players 3525/7020 matched
2026-08-19 12:54:44,638 INFO ncaa_identity: contest_id=6477428 teams 2439/2439 matched, players 6682/6700 matched
2026-08-19 12:54:48,798 INFO ncaa_identity: contest_id=6477517 teams 1264/2527 matched, players 3507/6955 matched
2026-08-19 12:54:53,112 INFO ncaa_identity: contest_id=6477811 teams 1419/2885 matched, players 4008/7909 matched
2026-08-19 12:55:07,811 INFO ncaa_identity: contest_id=6478578 teams 1252/2520 matched, players 3474/6879 matched
2026-08-19 12:55:11,167 INFO ncaa_identity: contest_id=6478737 teams 1551/3117 matched, players 4293/8544 matched
2026-08-19 12:55:26,831 INFO ncaa_identity: contest_id=6478900 teams 1840/3548 matched, players 4995/9843 matched
2026-08-19 12:55:47,232 INFO ncaa_identity: contest_id=6479371 teams 2371/2371 matched, players 6432/6457 matched
2026-08-19 12:55:54,791 INFO ncaa_identity: contest_id=6479741 teams 3239/3239 matched, players 8973/8995 matched
2026-08-19 12:56:00,191 INFO ncaa_identity: contest_id=6480134 teams 1410/2838 matched, players 3909/7778 matched
2026-08-19 12:56:11,503 INFO ncaa_identity: contest_id=6481457 teams 1645/3148 matched, players 4534/8767 matched
2026-08-19 12:56:14,191 INFO ncaa_identity: contest_id=6481566 teams 2705/2705 matched, players 7379/7427 matched
2026-08-19 12:56:23,789 INFO 5 starters not found for period 5; using estimate
2026-08-19 12:56:27,954 INFO ncaa_identity: contest_id=6482866 teams 1504/2988 matched, players 4142/8240 matched
2026-08-19 12:56:29,996 INFO ncaa_identity: contest_id=6483063 teams 1460/2916 matched, players 4057/8056 matched
2026-08-19 12:56:36,157 INFO ncaa_identity: contest_id=6483351 teams 1250/2525 matched, players 3461/6866 matched
2026-08-19 12:56:46,320 INFO ncaa_identity: contest_id=6483928 teams 2375/2375 matched, players 6451/6483 matched
2026-08-19 12:56:56,908 INFO ncaa_identity: contest_id=6485127 teams 2521/2521 matched, players 6349/6914 matched
2026-08-19 12:57:01,024 INFO ncaa_identity: contest_id=6485652 teams 1663/3186 matched, players 4423/8772 matched
2026-08-19 12:57:02,087 INFO ncaa_identity: contest_id=6485719 teams 2269/2269 matched, players 5795/6190 matched
2026-08-19 12:57:07,576 INFO ncaa_identity: contest_id=6486732 teams 2772/2772 matched, players 7122/7595 matched
2026-08-19 12:57:08,959 INFO ncaa_identity: contest_id=6486845 teams 1378/2746 matched, players 3793/7520 matched
2026-08-19 12:57:12,044 INFO ncaa_identity: contest_id=6488182 teams 1446/2915 matched, players 4065/8010 matched
2026-08-19 12:57:16,577 INFO ncaa_identity: contest_id=6490499 teams 1632/3251 matched, players 4455/8974 matched
2026-08-19 12:57:17,587 INFO ncaa_identity: contest_id=6498157 teams 1333/2608 matched, players 3666/7200 matched
parsed=9388 failed=0
ed, players 3495/7337 matched
2026-08-19 12:56:28,851 INFO ncaa_identity: contest_id=6484605 teams 2400/2400 matched, players 6104/6540 matched
2026-08-19 12:56:31,996 INFO ncaa_identity: contest_id=6485099 teams 1321/2620 matched, players 3586/7217 matched
2026-08-19 12:56:39,628 INFO ncaa_identity: contest_id=6485835 teams 1639/2998 matched, players 4278/8224 matched
2026-08-19 12:56:45,629 INFO ncaa_identity: contest_id=6486743 teams 2683/2683 matched, players 6962/7370 matched
2026-08-19 12:56:46,509 INFO ncaa_identity: contest_id=6486861 teams 2291/2291 matched, players 6254/6255 matched
2026-08-19 12:56:48,751 INFO ncaa_identity: contest_id=6488079 teams 1549/3098 matched, players 4310/8523 matched
2026-08-19 12:56:55,020 INFO ncaa_identity: contest_id=6491745 teams 1393/2766 matched, players 3761/7531 matched
2026-08-19 12:56:56,344 INFO ncaa_identity: contest_id=6502127 teams 1376/2646 matched, players 3657/7239 matched
2026-08-19 12:57:12,209 INFO ncaa_identity: contest_id=6557726 teams 2570/2570 matched, players 6623/6978 matched
2026-08-19 12:57:21,334 INFO ncaa_identity: contest_id=6558582 teams 3468/3468 matched, players 9580/9581 matched
2026-08-19 12:57:23,159 INFO ncaa_identity: contest_id=6559034 teams 2503/2503 matched, players 6694/6695 matched
parsed=9388 failed=0
FO ncaa_identity: contest_id=6478959 teams 2499/2499 matched, players 6824/6855 matched
2026-08-19 12:55:35,140 INFO ncaa_identity: contest_id=6479246 teams 1367/2546 matched, players 3565/6904 matched
2026-08-19 12:55:36,044 INFO ncaa_identity: contest_id=6479258 teams 1495/2880 matched, players 4027/7927 matched
2026-08-19 12:55:39,271 INFO ncaa_identity: contest_id=6479356 teams 1381/2768 matched, players 3795/7581 matched
2026-08-19 12:55:40,461 INFO ncaa_identity: contest_id=6479379 teams 3065/3065 matched, players 8130/8469 matched
2026-08-19 12:55:45,225 INFO ncaa_identity: contest_id=6479587 teams 1455/2791 matched, players 3897/7648 matched
2026-08-19 12:55:55,912 INFO ncaa_identity: contest_id=6480380 teams 1597/3130 matched, players 4335/8595 matched
2026-08-19 12:56:11,105 INFO ncaa_identity: contest_id=6481928 teams 1562/3013 matched, players 4204/8317 matched
2026-08-19 12:56:22,586 INFO ncaa_identity: contest_id=6483055 teams 1447/2942 matched, players 4057/8141 matched
2026-08-19 12:56:24,652 INFO ncaa_identity: contest_id=6483097 teams 1805/3302 matched, players 4713/9141 matched
2026-08-19 12:56:34,946 INFO ncaa_identity: contest_id=6483674 teams 1288/2499 matched, players 3408/6829 matched
2026-08-19 12:56:37,607 INFO ncaa_identity: contest_id=6483909 teams 1432/2831 matched, players 3920/7740 matched
2026-08-19 12:56:43,884 INFO ncaa_identity: contest_id=6484552 teams 1327/2631 matched, players 3687/7272 matched
2026-08-19 12:56:49,882 INFO ncaa_identity: contest_id=6485161 teams 1488/2949 matched, players 4091/8012 matched
2026-08-19 12:56:53,856 INFO ncaa_identity: contest_id=6485632 teams 1608/3128 matched, players 4374/8606 matched
2026-08-19 12:57:01,380 INFO ncaa_identity: contest_id=6486751 teams 1656/3327 matched, players 4505/9137 matched
2026-08-19 12:57:03,512 INFO ncaa_identity: contest_id=6487442 teams 1353/2600 matched, players 3586/7097 matched
2026-08-19 12:57:08,091 INFO ncaa_ident2026-08-19 12:57:19,390 INFO ncaa_identity: contest_id=6565264 teams 1121/2284 matched, players 3141/6217 matched
parsed=9388 failed=0
5 teams 1524/2976 matched, players 4150/8191 matched
2026-08-19 12:57:14,632 WARNING ncaa_parse: family=shots contest_id=6554303 team=ULM SKIPPED (1 parse error(s)): No shot events found [<!DOCTYPE html> <html lang="en"> <head> <meta content="text/html; charset=utf-8" http-equiv="CONTENT-TYPE"/> <meta charset="utf-8"/> <meta...
2026-08-19 12:57:14,658 INFO ncaa_identity: contest_id=6554303 teams 1317/2498 matched, players 3630/7067 matched
2026-08-19 12:57:30,389 INFO ncaa_identity: contest_id=6558285 teams 1260/2470 matched, players 3365/6729 matched
2026-08-19 12:57:32,234 INFO ncaa_identity: contest_id=6558572 teams 1281/2522 matched, players 3470/6898 matched
2026-08-19 12:57:40,720 INFO ncaa_identity: contest_id=6564947 teams 2517/2517 matched, players 6580/6842 matched
parsed=9389 failed=0
st_id=6486728 teams 1470/2941 matched, players 3555/8034 matched
2026-08-19 12:56:33,533 INFO ncaa_identity: contest_id=6489448 teams 1265/2549 matched, players 3502/6970 matched
2026-08-19 12:56:35,879 INFO ncaa_identity: contest_id=6498153 teams 1673/3182 matched, players 4475/8773 matched
parsed=9388 failed=0
:54:35,590 I2026-08-19 12:54:43,868 INFO ncaa_identity: contest_id=6478819 teams 1464/2749 matched, players 3867/7538 matched
2026-08-19 12:54:48,539 INFO ncaa_identity: contest_id=6478868 teams 1467/3008 matched, pl2026-08-19 12:55:01,884 I2026-08-19 12:55:02,327 INFO ncaa_identity: contest_id=6479040 teams 1069/1913 matched, pl2026-08-19 12:55:17,656 INFO ncaa_identity: contest_id=6479338 teams 1374/2698 matched, players 3769/7445 matched
2026-08-19 12:55:18,636 INFO ncaa_identity: contest_id=6479369 teams 1566/3101 matched, players 4312/8526 matched
2026-08-19 12:55:20,910 INFO ncaa_identity: contest_id=6479405 teams 2908/2908 matched, players 7510/8024 matched
2026-08-19 12:55:47,111 INFO ncaa_identity: contest_id=6481563 teams 2631/2631 matched, players 7172/7206 matched
2026-08-19 12:55:57,672 INFO 5 starters not found for period 5; using estimate
2026-08-19 12:56:01,465 INFO ncaa_identity: contest_id=6482929 teams 2659/2659 matched, players 7158/7159 matched
2026-08-19 12:56:02,541 INFO ncaa_identity: contest_id=6483058 teams 1513/3001 matched, players 4095/8313 matched
2026-08-19 12:56:18,167 INFO ncaa_identity: contest_id=6484158 teams 2622/2622 matched, players 7035/7197 matched
2026-08-19 12:56:26,514 INFO ncaa_identity: contest_id=6485125 teams 2405/2405 matched, players 6167/6558 matched
2026-08-19 12:56:28,524 INFO ncaa_identity: contest_id=6485322 teams 1476/2981 matched, players 4003/8203 matched
2026-08-19 12:56:30,714 INFO ncaa_identity: contest_id=6485648 teams 1630/3205 matched, players 4473/8788 matched
2026-08-19 12:56:31,934 INFO ncaa_identity: contest_id=6485717 teams 3008/3008 matched, players 7966/8336 matched
2026-08-19 12:56:34,192 INFO ncaa_identity: contest_id=6486320 teams 1562/3070 matched, players 4229/8404 matched
2026-08-19 12:56:35,397 INFO ncaa_identity: contest_id=6486400 teams 1327/2576 matched, players 3562/7048 matched
2026-08-19 12:56:37,882 INFO ncaa_identity: contest_id=6486711 teams 1367/2565 matched, players 636/1142 matched
2026-08-19 12:56:42,993 INFO ncaa_identity: contest_id=6488085 teams 2435/2435 matched, players 6652/6653 matched
2026-08-19 12:56:46,593 INFO ncaa_identity: contest_id=6489435 teams 1684/3311 matched, players 4533/9168 matched
2026-08-19 12:56:49,718 WARNING ncaa_parse: family=shots contest_id=6515073 team=Detroit Mercy SKIPPED (1 parse error(s)): No shot events found [<!DOCTYPE html> <html lang="en"> 2026-08-19 12:57:06,067 INFO ncaa_identity: contest_id=6557728 teams 2396/2396 matched, players 6362/6546 matched
2026-08-19 12:57:19,348 INFO ncaa_identity: contest_id=6559317 teams 2523/2523 matched, players 6330/6927 matched
parsed=9388 failed=0
O ncaa_identity: contest_id=6558575 teams 1081/2186 matched, players 2956/5974 matched
2026-08-19 12:57:16,785 INFO 5 starters not found for period 5; using estimate
2026-08-19 12:57:18,784 INFO ncaa_identity: contest_id=6559039 teams 2344/2344 matched, players 6404/6405 matched
2026-08-19 12:57:26,358 INFO ncaa_identity: contest_id=6564940 teams 2813/2813 matched, players 7679/7681 matched
2026-08-19 12:57:27,287 INFO ncaa_identity: contest_id=6564950 teams 2503/2503 matched, players 6630/6806 matched
parsed=9389 failed=0
/8314 matched
2026-08-19 12:56:48,098 INFO ncaa_identity: contest_id=6557303 teams 2737/2737 matched, players 7523/7533 matched
2026-08-19 12:57:00,227 INFO ncaa_identity: contest_id=6557733 teams 2635/2635 matched, players 7213/7227 matched
2026-08-19 12:57:20,179 INFO ncaa_identity: contest_id=6564939 teams 2612/2612 matched, players 6877/7142 matched
2026-08-19 12:57:26,169 INFO ncaa_identity: contest_id=6565219 teams 2405/2405 matched, players 6522/6523 matched
2026-08-19 12:57:28,587 INFO 5 starters not found for period 5; using estimate
parsed=9389 failed=0
ntity: contest_id=6467599 teams 2248/2248 matched, players 5887/6136 matched
2026-08-19 12:51:30,125 INFO ncaa_identity: contest_id=6467622 teams 2690/2690 matched, players 7054/7402 matched
2026-08-19 12:51:31,099 INFO ncaa_identity: contest_id=6467664 teams 1201/2363 matched, players 3300/6432 matched
2026-08-19 12:51:34,388 INFO ncaa_identity: contest_id=6467782 teams 1295/2719 matched, players 3739/7452 matched
2026-08-19 12:51:39,803 INFO ncaa_identity: contest_id=6467905 teams 1700/3419 matched, players 4662/9431 matched
2026-08-19 12:51:45,267 INFO ncaa_identity: contest_id=6468111 teams 1450/2810 matched, players 3908/7684 matched
2026-08-19 12:51:49,461 INFO ncaa_identity: contest_id=6468366 teams 1368/2703 matched, players 3709/7389 matched
2026-08-19 12:52:08,781 INFO ncaa_identity: contest_id=6469289 teams 2580/2580 matched, players 6678/7040 matched
2026-08-19 12:52:29,996 INFO ncaa_identity: contest_id=6470952 teams 2881/2881 matched, players 7679/7976 matched
2026-08-19 12:52:42,089 INFO ncaa_identity: contest_id=6472699 teams 1337/2669 matched, players 3620/7264 matched
2026-08-19 12:52:54,075 INFO 5 starters not found for period 5; using estimate
2026-08-19 12:52:54,891 INFO ncaa_identity: contest_id=6473601 teams 2612/2612 matched, players 6747/7154 matched
[p1_s_e_e] [WARNING] [TeamId(name='Tulane')]v[TeamId(name='Campbell')] Flip court for periods: [[2, 3, 4]] because [total_shots={1: 32, 2: 35, 3: 33, 4: 33} long_shots={2: 33, 3: 33, 4: 33}]
2026-08-19 12:53:28,045 INFO ncaa_identity: contest_id=6476271 teams 1929/3658 matched, players 5119/10110 matched
2026-08-19 12:53:32,625 INFO ncaa_identity: contest_id=6476508 teams 1405/2721 matched, players 3793/7457 matched
2026-08-19 12:53:35,821 INFO ncaa_identity: contest_id=6476678 teams 1486/2818 matched, players 3877/7745 matched
2026-08-19 12:53:49,749 INFO ncaa_identity: contest_id=6477413 teams 1546/2975 matched, players 4149/8163 matched
2026-08-19 12:54:12,585 INFO ncaa_identity: contest_id=6478567 teams 1140/2235 matched, players 3116/6114 matched
2026-08-19 12:54:16,193 INFO ncaa_identity: contest_id=6478728 teams 1813/3603 matched, players 4993/9913 matched
2026-08-19 12:54:17,509 INFO ncaa_identity: contest_id=6478738 teams 1571/3129 matched, players 4380/8617 matched
2026-08-19 12:54:18,766 INFO ncaa_identity: contest_id=6478748 teams 2485/2485 matched, players 6393/6769 matched
2026-08-19 12:54:39,400 INFO ncaa_identity: contest_id=6478984 teams 1483/2882 matched, players 4072/7900 matched
2026-08-19 12:54:52,954 INFO ncaa_identity: contest_id=6479341 teams 2816/2816 matched, players 7624/7775 matched
2026-08-19 12:55:06,282 INFO ncaa_identity: contest_id=6480038 teams 1338/2576 matched, players 3663/7140 matched
2026-08-19 12:55:07,475 INFO ncaa_identity: contest_id=6480178 teams 1510/3067 matched, players 4191/8380 matched
2026-08-19 12:55:19,607 INFO ncaa_identity: contest_id=6481459 teams 1829/3465 matched, players 5113/9629 matched
2026-08-19 12:55:20,885 INFO 5 starters not found for period 5; using estimate
2026-08-19 12:55:23,213 INFO ncaa_identity: contest_id=6481567 teams 2723/2723 matched, players 7450/7457 matched
2026-08-19 12:55:33,256 INFO 5 starters not found for period 5; using estimate
2026-08-19 12:55:39,984 INFO ncaa_identity: contest_id=6483064 teams 1273/2537 matched, players 3390/6893 matched
2026-08-19 12:55:45,428 INFO ncaa_identity: contest_id=6483326 teams 1603/3085 matched, players 4326/8480 matched
2026-08-19 12:55:48,476 INFO ncaa_identity: contest_id=6483395 teams 1414/2757 matched, players 3891/7590 matched
2026-08-19 12:55:52,809 INFO ncaa_identity: contest_id=6483759 teams 1546/3045 matched, players 4243/8363 matched
2026-08-19 12:55:54,061 INFO ncaa_identity: contest_id=6483839 teams 1502/3105 matched, players 4217/8592 matched
2026-08-19 12:55:55,038 INFO ncaa_identity: contest_id=6483930 teams 1302/2508 matched, players 3470/6881 matched
2026-08-19 12:55:55,991 INFO ncaa_identity: contest_id=6484161 teams 2114/2114 matched, players 5765/5802 matched
2026-08-19 12:56:00,960 INFO ncaa_identity: contest_id=6484725 teams 1204/2449 matched, players 3280/6708 matched
2026-08-19 12:56:08,160 INFO ncaa_identity: contest_id=6485653 teams 2900/2900 matched, players 7769/7979 matched
2026-08-19 12:56:13,379 INFO ncaa_identity: contest_id=6486611 teams 2567/2567 matched, players 7032/7033 matched
2026-08-19 12:56:14,311 INFO ncaa_identity: contest_id=6486733 teams 1460/2877 matched, players 3987/7907 matched
2026-08-19 12:56:15,430 INFO ncaa_identity: contest_id=6486859 teams 1316/2636 matched, players 3634/7270 matched
2026-08-19 12:56:17,278 INFO ncaa_identity: contest_id=6487711 teams 1320/2508 matched, players 3509/6875 matched
2026-08-19 12:56:22,297 INFO ncaa_identity: contest_id=6490520 teams 1589/3075 matched, players 4329/8464 matched
2026-08-19 12:56:23,578 INFO ncaa_identity: contest_id=6501267 teams 1493/2903 matched, players 4089/7958 matched
2026-08-19 12:56:25,833 INFO ncaa_identity: contest_id=6548202 teams 1291/2628 matched, players 3607/7239 matched
parsed=9388 failed=0
st_id=6428771 teams 1570/2870 matched, players 3902/7873 matched
2026-08-19 12:47:25,608 INFO ncaa_identity: contest_id=6429891 teams 1354/2593 matched, players 605/1047 matched
2026-08-19 12:47:30,946 INFO ncaa_identity: contest_id=6438230 teams 1383/2821 matched, players 3805/7744 matched
2026-08-19 12:47:35,171 INFO ncaa_identity: contest_id=6439003 teams 1292/2499 matched, players 3502/6841 matched
2026-08-19 12:47:47,553 INFO ncaa_identity: contest_id=6439831 teams 2704/2704 matched, players 7287/7427 matched
2026-08-19 12:47:49,923 INFO ncaa_identity: contest_id=6439928 teams 1376/2719 matched, players 3641/7446 matched
2026-08-19 12:48:05,241 INFO ncaa_identity: contest_id=6455534 teams 1321/2608 matched, players 3614/7148 matched
2026-08-19 12:48:06,275 INFO ncaa_identity: contest_id=6455883 teams 1236/2441 matched, players 3365/6658 matched
2026-08-19 12:48:26,325 INFO ncaa_identity: contest_id=6456620 teams 1392/2797 matched, players 3874/7668 matched
2026-08-19 12:48:48,963 INFO ncaa_identity: contest_id=6457820 teams 2477/2477 matched, players 6650/6781 matched
2026-08-19 12:49:01,616 INFO ncaa_identity: contest_id=6458584 teams 2654/2654 matched, players 7246/7279 matched
2026-08-19 12:49:28,709 INFO ncaa_identity: contest_id=6459852 teams 1673/3179 matched, players 4380/8764 matched
2026-08-19 12:49:34,120 INFO ncaa_identity: contest_id=6459976 teams 1265/2410 matched, players 3369/6623 matched
2026-08-19 12:49:38,557 INFO ncaa_identity: contest_id=6460311 teams 1337/2641 matched, players 3705/7287 matched
2026-08-19 12:49:44,299 INFO ncaa_identity: contest_id=6460662 teams 2344/2344 matched, players 5985/6421 matched
2026-08-19 12:49:47,735 INFO ncaa_identity: contest_id=6460771 teams 1527/2959 matched, players 4095/8113 matched
2026-08-19 12:49:49,942 INFO ncaa_identity: contest_id=6460886 teams 1556/2975 matched, players 4213/8191 matched
2026-08-19 12:49:59,384 INFO ncaa_identity: contest_id=6461625 teams 1453/2802 matched, players 3878/7665 matched
2026-08-19 12:50:01,528 INFO ncaa_identity: contest_id=6461689 teams 1409/2747 matched, players 3397/7537 matched
2026-08-19 12:50:03,507 INFO ncaa_identity: contest_id=6461722 teams 1288/2495 matched, players 3465/6815 matched
2026-08-19 12:50:06,869 INFO ncaa_identity: contest_id=6461821 teams 2805/2805 matched, players 7293/7666 matched
2026-08-19 12:50:09,049 INFO ncaa_identity: contest_id=6461948 teams 1219/2401 matched, players 3283/6553 matched
2026-08-19 12:50:13,759 INFO ncaa_identity: contest_id=6462316 teams 1273/2547 matched, players 3425/6923 matched
2026-08-19 12:50:18,986 INFO ncaa_identity: contest_id=6462491 teams 1341/2685 matched, players 3638/7294 matched
2026-08-19 12:50:26,520 INFO ncaa_identity: contest_id=6462890 teams 3003/3003 matched, players 7867/8258 matched
2026-08-19 12:50:43,479 INFO ncaa_identity: contest_id=6463723 teams 1550/3001 matched, players 3810/8262 matched
2026-08-19 12:50:44,707 INFO ncaa_identity: contest_id=6463737 teams 3027/3027 matched, players 8273/8274 matched
2026-08-19 12:50:45,576 INFO ncaa_identity: contest_id=6463755 teams 2480/2480 matched, players 6745/6768 matched
2026-08-19 12:51:11,433 INFO ncaa_identity: contest_id=6465145 teams 1550/2986 matched, players 4184/8242 matched
2026-08-19 12:51:41,152 INFO ncaa_identity: contest_id=6467591 teams 3590/3590 matched, players 9815/9970 matched
2026-08-19 12:51:42,258 INFO ncaa_identity: contest_id=6467613 teams 2302/2302 matched, players 5944/6301 matched
2026-08-19 12:51:59,737 INFO ncaa_identity: contest_id=6468151 teams 1466/2837 matched, players 3977/7766 matched
2026-08-19 12:52:04,168 INFO ncaa_identity: contest_id=6468473 teams 1229/2477 matched, players 3437/6802 matched
2026-08-19 12:52:05,143 INFO ncaa_identity: contest_id=6468529 teams 1379/2733 matched, players 3749/7480 matched
2026-08-19 12:52:07,159 INFO ncaa_identity: contest_id=6468725 teams 2800/2800 matched, players 7142/7541 matched
2026-08-19 12:52:11,940 INFO ncaa_identity: contest_id=6468843 teams 1580/3134 matched, players 4321/8627 matched
2026-08-19 12:52:16,870 INFO ncaa_identity: contest_id=6469080 teams 1168/2225 matched, players 3108/6058 matched
2026-08-19 12:52:24,248 INFO ncaa_identity: contest_id=6469889 teams 1408/2639 matched, players 3686/7215 matched
2026-08-19 12:52:25,275 INFO ncaa_identity: contest_id=6470094 teams 3151/3151 matched, players 8671/8672 matched
2026-08-19 12:52:26,430 INFO ncaa_identity: contest_id=6470113 teams 1424/2769 matched, players 3842/7592 matched
2026-08-19 12:52:38,789 INFO ncaa_identity: contest_id=6470778 teams 3314/3314 matched, players 8864/9164 matched
2026-08-19 12:52:41,404 INFO ncaa_identity: contest_id=6470863 teams 3122/3122 matched, players 8600/8647 matched
2026-08-19 12:52:43,635 INFO ncaa_identity: contest_id=6470973 teams 2937/2937 matched, players 8093/8100 matched
2026-08-19 12:52:53,614 INFO ncaa_identity: contest_id=6472628 teams 1419/2866 matched, players 3916/7851 matched
2026-08-19 12:53:11,175 INFO ncaa_identity: contest_id=6473698 teams 1106/2208 matched, players 488/916 matched
2026-08-19 12:53:20,878 INFO ncaa_identity: contest_id=6474421 teams 1215/2341 matched, players 3243/6397 matched
2026-08-19 12:53:27,815 INFO ncaa_identity: contest_id=6475200 teams 1232/2444 matched, players 3381/6678 matched
2026-08-19 12:53:49,957 INFO ncaa_identity: contest_id=6476686 teams 1266/2477 matched, players 3482/6808 matched
2026-08-19 12:54:33,120 INFO ncaa_identity: contest_id=6478765 teams 1371/2636 matched, players 3645/7186 matched
2026-08-19 12:54:51,088 INFO ncaa_identity: contest_id=6478976 teams 1390/2681 matched, players 3690/7332 matched
2026-08-19 12:54:52,083 INFO ncaa_identity: contest_id=6478993 teams 2788/2788 matched, players 7328/7659 matched
2026-08-19 12:55:02,062 INFO ncaa_identity: contest_id=6479259 teams 1311/2563 matched, players 3520/7034 matched
2026-08-19 12:55:05,478 INFO ncaa_identity: contest_id=6479366 teams 1294/2608 matched, players 3462/7127 matched
2026-08-19 12:55:14,519 INFO ncaa_identity: contest_id=6479762 teams 1583/3150 matched, players 4285/8645 matched
2026-08-19 12:55:17,610 INFO ncaa_identity: contest_id=6480020 teams 1134/2215 matched, players 496/906 matched
2026-08-19 12:55:30,394 INFO ncaa_identity: contest_id=6481279 teams 2862/2862 matched, players 7174/7859 matched
2026-08-19 12:55:34,196 INFO ncaa_identity: contest_id=6481560 teams 2672/2672 matched, players 7331/7369 matched
2026-08-19 12:55:37,382 INFO ncaa_identity: contest_id=6481823 teams 2229/2229 matched, players 5834/5836 matched
2026-08-19 12:55:38,425 INFO ncaa_identity: contest_id=6481935 teams 1546/3133 matched, players 4392/8578 matched
2026-08-19 12:55:50,490 INFO ncaa_identity: contest_id=6483056 teams 1348/2686 matched, players 3577/7315 matched
2026-08-19 12:55:58,609 INFO ncaa_identity: contest_id=6483386 teams 2890/2890 matched, players 7959/7960 matched
2026-08-19 12:56:09,864 INFO ncaa_identity: contest_id=6484553 teams 1118/2162 matched, players 2895/5836 matched
2026-08-19 12:56:12,226 INFO ncaa_identity: contest_id=6484937 teams 1540/3014 matched, players 4165/8243 matched
2026-08-19 12:56:17,208 INFO ncaa_identity: contest_id=6485439 teams 1528/3119 matched, players 4197/8580 matched
2026-08-19 12:56:19,329 INFO ncaa_identity: contest_id=6485714 teams 1555/2967 matched, players 4155/8138 matched
2026-08-19 12:56:25,948 INFO ncaa_identity: contest_id=6486753 teams 1506/2950 matched, players 4123/8120 matched
2026-08-19 12:56:26,929 INFO ncaa_identity: contest_id=6487240 teams 1334/2728 matched, players 3729/7454 matched
2026-08-19 12:56:28,083 INFO ncaa_identity: contest_id=6487469 teams 2749/2749 matched, players 7158/7509 matched
2026-08-19 12:56:30,102 INFO ncaa_identity: contest_id=6488268 teams 1306/2551 matched, players 3539/6976 matched
2026-08-19 12:56:32,019 INFO ncaa_identity: contest_id=6488954 teams 1218/2501 matched, players 3405/6803 matched
2026-08-19 12:56:35,377 INFO ncaa_identity: contest_id=6510718 teams 1495/2971 matched, players 4063/8120 matched
2026-08-19 12:56:43,921 INFO ncaa_identity: contest_id=6557507 teams 2886/2886 matched, players 7571/7964 matched
2026-08-19 12:57:02,375 INFO ncaa_identity: contest_id=6558556 teams 1475/2916 matched, players 3973/8027 matched
2026-08-19 12:57:13,759 INFO ncaa_identity: contest_id=6564928 teams 2995/2995 matched, players 7874/8287 matched
parsed=9389 failed=0
EXIT=0
