seasons=all bundles=93884 pending=93884 force=True shard=0/10 assigned=9389
2026-08-23 23:51:41,291 INFO ncaa_identity: contest_id=1343381 season=2010 league=wbb -- teams  not built; ids emitted as nulls
2026-08-23 23:51:41,298 INFO ncaa_identity: contest_id=1343381 teams 0/2236 matched, players 0/950 matched
2026-08-23 23:51:42,337 INFO ncaa_identity: contest_id=1343398 season=2010 league=wbb -- teams  not built; ids emitted as nulls
2026-08-23 23:51:42,341 INFO ncaa_identity: contest_id=1343398 teams 0/2452 matched, players 0/894 matched
2026-08-23 23:51:43,357 INFO ncaa_identity: contest_id=1343408 season=2010 league=wbb -- teams  not built; ids emitted as nulls
2026-08-23 23:51:43,362 INFO ncaa_identity: contest_id=1343408 teams 0/1767 matched, players 0/713 matched
2026-08-23 23:51:45,280 INFO ncaa_identity: contest_id=1343418 season=2010 league=wbb -- teams  not built; ids emitted as nulls
2026-08-23 23:51:45,286 INFO ncaa_identity: contest_id=1343418 teams 0/2318 matched, players 0/981 matched
2026-08-23 23:51:46,353 INFO ncaa_identity: contest_id=1343428 season=2010 league=wbb -- teams  not built; ids emitted as nulls
2026-08-23 23:51:46,356 INFO ncaa_identity: contest_id=1343428 teams 0/1712 matched, players 0/700 matched
2026-08-23 23:51:47,801 INFO ncaa_identity: contest_id=1343438 season=2010 league=wbb -- teams  not built; ids emitted as nulls
2026-08-23 23:51:47,824 INFO ncaa_identity: contest_id=1343438 teams 0/2511 matched, players 0/7089 matched
2026-08-23 23:51:49,486 INFO ncaa_identity: contest_id=1343448 season=2010 league=wbb -- teams  not built; ids emitted as nulls
2026-08-23 23:51:49,491 INFO ncaa_identity: contest_id=1343448 teams 0/2536 matched, players 0/839 matched
2026-08-23 23:51:50,697 INFO ncaa_identity: contest_id=1343458 season=2010 league=wbb -- teams  not built; ids emitted as nulls
2026-08-23 23:51:50,702 INFO ncaa_identity: contest_id=1343458 teams 0/2190 matched, players 0/841 matched
2026-08-23 23:51:50,811 INFO 5 starters not found for period 1; using estimate
2026-08-23 23:51:50,812 INFO 5 starters not found for period 1; using estimate
2026-08-23 23:51:50,813 INFO 5 starters not found for period 2; using estimate
2026-08-23 23:51:50,814 INFO 5 starters not found for period 2; using estimate
2026-08-23 23:51:52,275 INFO ncaa_identity: contest_id=1343468 season=2010 league=wbb -- teams  not built; ids emitted as nulls
2026-08-23 23:51:52,284 INFO ncaa_identity: contest_id=1343468 teams 0/2057 matched, players 0/3196 matched
2026-08-23 23:51:52,397 INFO 5 starters not found for period 1; using estimate
2026-08-23 23:51:52,398 INFO 5 starters not found for period 1; using estimate
2026-08-23 23:51:52,399 INFO 5 starters not found for period 2; using estimate
2026-08-23 23:51:52,399 INFO 5 starters not found for period 2; using estimate
2026-08-23 23:51:53,464 INFO ncaa_identity: contest_id=1343479 season=2010 league=wbb -- teams  not built; ids emitted as nulls
2026-08-23 23:51:53,473 INFO ncaa_identity: contest_id=1343479 teams 0/2363 matched, players 0/3679 matched
2026-08-23 23:51:54,785 INFO ncaa_identity: contest_id=1343489 season=2010 league=wbb -- teams  not built; ids emitted as nulls
2026-08-23 23:51:54,789 INFO ncaa_identity: contest_id=1343489 teams 0/2214 matched, players 0/853 matched
2026-08-23 23:51:55,786 INFO ncaa_identity: contest_id=1343499 season=2010 league=wbb -- teams  not built; ids emitted as nulls
2026-08-23 23:51:55,791 INFO ncaa_identity: contest_id=1343499 teams 0/2004 matched, players 0/759 matched
2026-08-23 23:51:56,973 INFO ncaa_identity: contest_id=1343509 season=2010 league=wbb -- teams  not built; ids emitted as nulls
2026-08-23 23:51:56,977 INFO ncaa_identity: contest_id=1343509 teams 0/1776 matched, players 0/661 matched
2026-08-23 23:51:58,062 INFO ncaa_identity: contest_id=1343519 season=2010 league=wbb -- teams  not built; ids emitted as nulls
2026-08-23 23:51:58,091 INFO ncaa_identity: contest_id=1343519 teams 0/2924 matched, players 0/8263 matched
2026-08-23 23:51:59,193 INFO ncaa_identity: contest_id=1343529 season=2010 league=wbb -- teams  not built; ids emitted as nulls
2026-08-23 23:51:59,196 INFO ncaa_identity: contest_id=1343529 teams 0/1434 matched, players 0/376 matched
2026-08-23 23:52:00,356 INFO ncaa_identity: contest_id=1343540 season=2010 league=wbb -- teams  not built; ids emitted as nulls
2026-08-23 23:52:00,361 INFO ncaa_identity: contest_id=1343540 teams 0/2286 matched, players 0/820 matched
2026-08-23 23:52:01,940 INFO ncaa_identity: contest_id=1343550 season=2010 league=wbb -- teams  not built; ids emitted as nulls
2026-08-23 23:52:01,946 INFO ncaa_identity: contest_id=1343550 teams 0/2653 matched, players 0/983 matched
2026-08-23 23:52:03,140 INFO ncaa_identity: contest_id=1343566 season=2010 league=wbb -- teams  not built; ids emitted as nulls
2026-08-23 23:52:03,145 INFO ncaa_identity: contest_id=1343566 teams 0/1996 matched, players 0/659 matched
2026-08-23 23:52:04,103 INFO ncaa_identity: contest_id=1343589 season=2010 league=wbb -- teams  not built; ids emitted as nulls
2026-08-23 23:52:04,109 INFO ncaa_identity: contest_id=1343589 teams 0/2318 matched, players 0/851 matched
2026-08-23 23:52:05,520 INFO ncaa_identity: contest_id=1343624 season=2010 league=wbb -- teams  not built; ids emitted as nulls
2026-08-23 23:52:05,526 INFO ncaa_identity: contest_id=1343624 teams 0/2250 matched, players 0/899 matched
2026-08-23 23:52:06,708 INFO ncaa_identity: contest_id=1343646 season=2010 league=wbb -- teams  not built; ids emitted as nulls
2026-08-23 23:52:06,714 INFO ncaa_identity: contest_id=1343646 teams 0/1975 matched, players 0/820 matched
2026-08-23 23:52:07,775 INFO ncaa_identity: contest_id=1343681 season=2010 league=wbb -- teams  not built; ids emitted as nulls
2026-08-23 23:52:07,778 INFO ncaa_identity: contest_id=1343681 teams 0/1830 matched, players 0/605 matched
2026-08-23 23:52:09,226 INFO ncaa_identity: contest_id=1343693 season=2010 league=wbb -- teams  not built; ids emitted as nulls
2026-08-23 23:52:09,232 INFO ncaa_identity: contest_id=1343693 teams 0/2170 matched, players 0/857 matched
2026-08-23 23:52:10,412 INFO ncaa_identity: contest_id=1343705 season=2010 league=wbb -- teams  not built; ids emitted as nulls
2026-08-23 23:52:10,417 INFO ncaa_identity: contest_id=1343705 teams 0/2194 matched, players 0/838 matched
2026-08-23 23:52:11,818 INFO ncaa_identity: contest_id=1343747 season=2010 league=wbb -- teams  not built; ids emitted as nulls
2026-08-23 23:52:11,822 INFO ncaa_identity: contest_id=1343747 teams 0/2240 matched, players 0/730 matched
2026-08-23 23:52:12,771 INFO ncaa_identity: contest_id=1343784 season=2010 league=wbb -- teams  not built; ids emitted as nulls
2026-08-23 23:52:12,775 INFO ncaa_identity: contest_id=1343784 teams 0/1906 matched, players 0/661 matched
2026-08-23 23:52:13,745 INFO ncaa_identity: contest_id=1343809 season=2010 league=wbb -- teams  not built; ids emitted as nulls
2026-08-23 23:52:13,749 INFO ncaa_identity: contest_id=1343809 teams 0/1886 matched, players 0/598 matched
2026-08-23 23:52:14,953 INFO ncaa_identity: contest_id=1343852 season=2010 league=wbb -- teams  not built; ids emitted as nulls
2026-08-23 23:52:14,958 INFO ncaa_identity: contest_id=1343852 teams 0/2044 matched, players 0/821 matched
2026-08-23 23:52:16,177 INFO ncaa_identity: contest_id=1343880 season=2010 league=wbb -- teams  not built; ids emitted as nulls
2026-08-23 23:52:16,182 INFO ncaa_identity: contest_id=1343880 teams 0/2048 matched, players 0/697 matched
2026-08-23 23:52:17,457 INFO ncaa_identity: contest_id=1343911 season=2010 league=wbb -- teams  not built; ids emitted as nulls
2026-08-23 23:52:17,461 INFO ncaa_identity: contest_id=1343911 teams 0/2322 matched, players 0/860 matched
2026-08-23 23:52:19,128 INFO ncaa_identity: contest_id=1343959 season=2010 league=wbb -- teams  not built; ids emitted as nulls
2026-08-23 23:52:19,133 INFO ncaa_identity: contest_id=1343959 teams 0/2012 matched, players 0/615 matched
2026-08-23 23:52:20,182 INFO ncaa_identity: contest_id=1344001 season=2010 league=wbb -- teams  not built; ids emitted as nulls
2026-08-23 23:52:20,188 INFO ncaa_identity: contest_id=1344001 teams 0/1880 matched, players 0/663 matched
2026-08-23 23:52:21,099 INFO ncaa_identity: contest_id=1344040 season=2010 league=wbb -- teams  not built; ids emitted as nulls
2026-08-23 23:52:21,103 INFO ncaa_identity: contest_id=1344040 teams 0/2020 matched, players 0/767 matched
2026-08-23 23:52:22,266 INFO ncaa_identity: contest_id=1344050 season=2010 league=wbb -- teams  not built; ids emitted as nulls
2026-08-23 23:52:22,270 INFO ncaa_identity: contest_id=1344050 teams 0/1890 matched, players 0/617 matched
2026-08-23 23:52:23,305 INFO ncaa_identity: contest_id=1344063 season=2010 league=wbb -- teams  not built; ids emitted as nulls
2026-08-23 23:52:23,312 INFO ncaa_identity: contest_id=1344063 teams 0/2056 matched, players 0/855 matched
2026-08-23 23:52:24,900 INFO ncaa_identity: contest_id=1344090 season=2010 league=wbb -- teams  not built; ids emitted as nulls
2026-08-23 23:52:24,907 INFO ncaa_identity: contest_id=1344090 teams 0/2722 matched, players 0/1168 matched
2026-08-23 23:52:26,176 INFO ncaa_identity: contest_id=1344116 season=2010 league=wbb -- teams  not built; ids emitted as nulls
2026-08-23 23:52:26,180 INFO ncaa_identity: contest_id=1344116 teams 0/2084 matched, players 0/649 matched
2026-08-23 23:52:27,331 INFO ncaa_identity: contest_id=1344131 season=2010 league=wbb -- teams  not built; ids emitted as nulls
2026-08-23 23:52:27,337 INFO ncaa_identity: contest_id=1344131 teams 0/2476 matched, players 0/1037 matched
2026-08-23 23:52:28,701 INFO ncaa_identity: contest_id=1344144 season=2010 league=wbb -- teams  not built; ids emitted as nulls
2026-08-23 23:52:28,709 INFO ncaa_identity: contest_id=1344144 teams 0/2752 matched, players 0/1082 matched
2026-08-23 23:52:29,725 INFO ncaa_identity: contest_id=1344159 season=2010 league=wbb -- teams  not built; ids emitted as nulls
2026-08-23 23:52:29,728 INFO ncaa_identity: contest_id=1344159 teams 0/1654 matched, players 0/489 matched
2026-08-23 23:52:30,684 INFO ncaa_identity: contest_id=1344178 season=2010 league=wbb -- teams  not built; ids emitted as nulls
2026-08-23 23:52:30,687 INFO ncaa_identity: contest_id=1344178 teams 0/1798 matched, players 0/497 matched
2026-08-23 23:52:31,865 INFO ncaa_identity: contest_id=1344189 season=2010 league=wbb -- teams  not built; ids emitted as nulls
2026-08-23 23:52:31,872 INFO ncaa_identity: contest_id=1344189 teams 0/1950 matched, players 0/672 matched
2026-08-23 23:52:33,010 INFO ncaa_identity: contest_id=1344253 season=2010 league=wbb -- teams  not built; ids emitted as nulls
2026-08-23 23:52:33,014 INFO ncaa_identity: contest_id=1344253 teams 0/2062 matched, players 0/821 matched
2026-08-23 23:52:34,152 INFO ncaa_identity: contest_id=1344293 season=2010 league=wbb -- teams  not built; ids emitted as nulls
2026-08-23 23:52:34,156 INFO ncaa_identity: contest_id=1344293 teams 0/1986 matched, players 0/681 matched
2026-08-23 23:52:34,268 INFO 5 starters not found for period 1; using estimate
2026-08-23 23:52:34,269 INFO 5 starters not found for period 1; using estimate
2026-08-23 23:52:34,270 INFO 5 starters not found for period 2; using estimate
2026-08-23 23:52:34,271 INFO 5 starters not found for period 2; using estimate
2026-08-23 23:52:35,476 INFO ncaa_identity: contest_id=1344308 season=2010 league=wbb -- teams  not built; ids emitted as nulls
2026-08-23 23:52:35,486 INFO ncaa_identity: contest_id=1344308 teams 0/2307 matched, players 0/3699 matched
2026-08-23 23:52:36,604 INFO ncaa_identity: contest_id=1344434 season=2010 league=wbb -- teams  not built; ids emitted as nulls
2026-08-23 23:52:36,609 INFO ncaa_identity: contest_id=1344434 teams 0/2107 matched, players 0/604 matched
2026-08-23 23:52:37,755 INFO ncaa_identity: contest_id=1344464 season=2010 league=wbb -- teams  not built; ids emitted as nulls
2026-08-23 23:52:37,760 INFO ncaa_identity: contest_id=1344464 teams 0/2198 matched, players 0/809 matched
2026-08-23 23:52:39,260 INFO ncaa_identity: contest_id=1344488 season=2010 league=wbb -- teams  not built; ids emitted as nulls
2026-08-23 23:52:39,265 INFO ncaa_identity: contest_id=1344488 teams 0/2165 matched, players 0/819 matched
2026-08-23 23:52:40,265 INFO ncaa_identity: contest_id=1344568 season=2010 league=wbb -- teams  not built; ids emitted as nulls
2026-08-23 23:52:40,269 INFO ncaa_identity: contest_id=1344568 teams 0/1754 matched, players 0/620 matched
2026-08-23 23:52:41,292 INFO ncaa_identity: contest_id=1344615 season=2010 league=wbb -- teams  not built; ids emitted as nulls
2026-08-23 23:52:41,295 INFO ncaa_identity: contest_id=1344615 teams 0/1594 matched, players 0/416 matched
2026-08-23 23:52:42,385 INFO ncaa_identity: contest_id=1344640 season=2010 league=wbb -- teams  not built; ids emitted as nulls
2026-08-23 23:52:42,390 INFO ncaa_identity: contest_id=1344640 teams 0/2214 matched, players 0/684 matched
2026-08-23 23:52:43,693 INFO ncaa_identity: contest_id=1344651 season=2010 league=wbb -- teams  not built; ids emitted as nulls
2026-08-23 23:52:43,702 INFO ncaa_identity: contest_id=1344651 teams 0/1936 matched, players 0/762 matched
2026-08-23 23:52:45,197 INFO ncaa_identity: contest_id=1344813 season=2010 league=wbb -- teams  not built; ids emitted as nulls
2026-08-23 23:52:45,204 INFO ncaa_identity: contest_id=1344813 teams 0/2680 matched, players 0/1035 matched
2026-08-23 23:52:46,606 INFO ncaa_identity: contest_id=1344845 season=2010 league=wbb -- teams  not built; ids emitted as nulls
2026-08-23 23:52:46,611 INFO ncaa_identity: contest_id=1344845 teams 0/1966 matched, players 0/677 matched
2026-08-23 23:52:47,830 INFO ncaa_identity: contest_id=1344862 season=2010 league=wbb -- teams  not built; ids emitted as nulls
2026-08-23 23:52:47,841 INFO ncaa_identity: contest_id=1344862 teams 0/2260 matched, players 0/836 matched
2026-08-23 23:52:49,004 INFO ncaa_identity: contest_id=1344886 season=2010 league=wbb -- teams  not built; ids emitted as nulls
2026-08-23 23:52:49,009 INFO ncaa_identity: contest_id=1344886 teams 0/2236 matched, players 0/872 matched
2026-08-23 23:52:50,512 INFO ncaa_identity: contest_id=1344900 season=2010 league=wbb -- teams  not built; ids emitted as nulls
2026-08-23 23:52:50,518 INFO ncaa_identity: contest_id=1344900 teams 0/2566 matched, players 0/1070 matched
2026-08-23 23:52:51,701 INFO ncaa_identity: contest_id=1344914 season=2010 league=wbb -- teams  not built; ids emitted as nulls
2026-08-23 23:52:51,708 INFO ncaa_identity: contest_id=1344914 teams 0/2555 matched, players 0/967 matched
2026-08-23 23:52:53,338 INFO ncaa_identity: contest_id=1344927 season=2010 league=wbb -- teams  not built; ids emitted as nulls
2026-08-23 23:52:53,343 INFO ncaa_identity: contest_id=1344927 teams 0/2112 matched, players 0/815 matched
2026-08-23 23:52:54,427 INFO ncaa_identity: contest_id=1344971 season=2010 league=wbb -- teams  not built; ids emitted as nulls
2026-08-23 23:52:54,431 INFO ncaa_identity: contest_id=1344971 teams 0/1900 matched, players 0/623 matched
2026-08-23 23:52:55,679 INFO ncaa_identity: contest_id=1344997 season=2010 league=wbb -- teams  not built; ids emitted as nulls
2026-08-23 23:52:55,686 INFO ncaa_identity: contest_id=1344997 teams 0/2556 matched, players 0/1024 matched
2026-08-23 23:52:57,066 INFO ncaa_identity: contest_id=1345017 season=2010 league=wbb -- teams  not built; ids emitted as nulls
2026-08-23 23:52:57,071 INFO ncaa_identity: contest_id=1345017 teams 0/2248 matched, players 0/821 matched
2026-08-23 23:52:58,197 INFO ncaa_identity: contest_id=1345041 season=2010 league=wbb -- teams  not built; ids emitted as nulls
2026-08-23 23:52:58,201 INFO ncaa_identity: contest_id=1345041 teams 0/1798 matched, players 0/713 matched
2026-08-23 23:52:59,297 INFO ncaa_identity: contest_id=1345112 season=2010 league=wbb -- teams  not built; ids emitted as nulls
2026-08-23 23:52:59,302 INFO ncaa_identity: contest_id=1345112 teams 0/1982 matched, players 0/661 matched
2026-08-23 23:53:00,829 INFO ncaa_identity: contest_id=1345133 season=2010 league=wbb -- teams  not built; ids emitted as nulls
2026-08-23 23:53:00,834 INFO ncaa_identity: contest_id=1345133 teams 0/2154 matched, players 0/795 matched
2026-08-23 23:53:01,684 INFO ncaa_identity: contest_id=1345173 season=2010 league=wbb -- teams  not built; ids emitted as nulls
2026-08-23 23:53:01,687 INFO ncaa_identity: contest_id=1345173 teams 0/1554 matched, players 0/406 matched
2026-08-23 23:53:02,616 INFO ncaa_identity: contest_id=1345218 season=2010 league=wbb -- teams  not built; ids emitted as nulls
2026-08-23 23:53:02,626 INFO ncaa_identity: contest_id=1345218 teams 0/2130 matched, players 0/847 matched
2026-08-23 23:53:03,621 INFO ncaa_identity: contest_id=1345239 season=2010 league=wbb -- teams  not built; ids emitted as nulls
2026-08-23 23:53:03,624 INFO ncaa_identity: contest_id=1345239 teams 0/1582 matched, players 0/434 matched
2026-08-23 23:53:04,868 INFO ncaa_identity: contest_id=1345325 season=2010 league=wbb -- teams  not built; ids emitted as nulls
2026-08-23 23:53:04,872 INFO ncaa_identity: contest_id=1345325 teams 0/2036 matched, players 0/729 matched
2026-08-23 23:53:06,088 INFO ncaa_identity: contest_id=1345337 season=2010 league=wbb -- teams  not built; ids emitted as nulls
2026-08-23 23:53:06,095 INFO ncaa_identity: contest_id=1345337 teams 0/2514 matched, players 0/1044 matched
2026-08-23 23:53:07,172 INFO ncaa_identity: contest_id=1345350 season=2010 league=wbb -- teams  not built; ids emitted as nulls
2026-08-23 23:53:07,176 INFO ncaa_identity: contest_id=1345350 teams 0/1588 matched, players 0/487 matched
2026-08-23 23:53:08,705 INFO ncaa_identity: contest_id=1345368 season=2010 league=wbb -- teams  not built; ids emitted as nulls
2026-08-23 23:53:08,711 INFO ncaa_identity: contest_id=1345368 teams 0/2282 matched, players 0/961 matched
2026-08-23 23:53:09,683 INFO ncaa_identity: contest_id=1345381 season=2010 league=wbb -- teams  not built; ids emitted as nulls
2026-08-23 23:53:09,688 INFO ncaa_identity: contest_id=1345381 teams 0/1876 matched, players 0/753 matched
2026-08-23 23:53:10,644 INFO ncaa_identity: contest_id=1345401 season=2010 league=wbb -- teams  not built; ids emitted as nulls
2026-08-23 23:53:10,649 INFO ncaa_identity: contest_id=1345401 teams 0/2298 matched, players 0/836 matched
2026-08-23 23:53:11,919 INFO ncaa_identity: contest_id=1345418 season=2010 league=wbb -- teams  not built; ids emitted as nulls
2026-08-23 23:53:11,923 INFO ncaa_identity: contest_id=1345418 teams 0/1846 matched, players 0/640 matched
2026-08-23 23:53:12,816 INFO ncaa_identity: contest_id=1345431 season=2010 league=wbb -- teams  not built; ids emitted as nulls
2026-08-23 23:53:12,820 INFO ncaa_identity: contest_id=1345431 teams 0/1778 matched, players 0/608 matched
2026-08-23 23:53:13,749 INFO ncaa_identity: contest_id=1345447 season=2010 league=wbb -- teams  not built; ids emitted as nulls
2026-08-23 23:53:13,753 INFO ncaa_identity: contest_id=1345447 teams 0/1996 matched, players 0/767 matched
2026-08-23 23:53:14,929 INFO ncaa_identity: contest_id=1345465 season=2010 league=wbb -- teams  not built; ids emitted as nulls
2026-08-23 23:53:14,935 INFO ncaa_identity: contest_id=1345465 teams 0/2334 matched, players 0/863 matched
2026-08-23 23:53:15,775 INFO ncaa_identity: contest_id=1345478 season=2010 league=wbb -- teams  not built; ids emitted as nulls
2026-08-23 23:53:15,778 INFO ncaa_identity: contest_id=1345478 teams 0/1541 matched, players 0/403 matched
2026-08-23 23:53:16,928 INFO ncaa_identity: contest_id=1345497 season=2010 league=wbb -- teams  not built; ids emitted as nulls
2026-08-23 23:53:16,933 INFO ncaa_identity: contest_id=1345497 teams 0/2278 matched, players 0/886 matched
2026-08-23 23:53:18,051 INFO ncaa_identity: contest_id=1345514 season=2010 league=wbb -- teams  not built; ids emitted as nulls
2026-08-23 23:53:18,056 INFO ncaa_identity: contest_id=1345514 teams 0/2028 matched, players 0/811 matched
2026-08-23 23:53:18,998 INFO ncaa_identity: contest_id=1345532 season=2010 league=wbb -- teams  not built; ids emitted as nulls
2026-08-23 23:53:19,002 INFO ncaa_identity: contest_id=1345532 teams 0/1922 matched, players 0/733 matched
2026-08-23 23:53:19,825 INFO ncaa_identity: contest_id=1345549 season=2010 league=wbb -- teams  not built; ids emitted as nulls
2026-08-23 23:53:19,829 INFO ncaa_identity: contest_id=1345549 teams 0/1885 matched, players 0/638 matched
2026-08-23 23:53:20,700 INFO ncaa_identity: contest_id=1345565 season=2010 league=wbb -- teams  not built; ids emitted as nulls
2026-08-23 23:53:20,703 INFO ncaa_identity: contest_id=1345565 teams 0/1778 matched, players 0/644 matched
2026-08-23 23:53:21,988 INFO ncaa_identity: contest_id=1345588 season=2010 league=wbb -- teams  not built; ids emitted as nulls
2026-08-23 23:53:21,992 INFO ncaa_identity: contest_id=1345588 teams 0/1818 matched, players 0/691 matched
2026-08-23 23:53:22,951 INFO ncaa_identity: contest_id=1345632 season=2010 league=wbb -- teams  not built; ids emitted as nulls
2026-08-23 23:53:22,955 INFO ncaa_identity: contest_id=1345632 teams 0/1942 matched, players 0/711 matched
2026-08-23 23:53:23,954 INFO ncaa_identity: contest_id=1345677 season=2010 league=wbb -- teams  not built; ids emitted as nulls
2026-08-23 23:53:23,958 INFO ncaa_identity: contest_id=1345677 teams 0/2064 matched, players 0/712 matched
2026-08-23 23:53:25,093 INFO ncaa_identity: contest_id=1345693 season=2010 league=wbb -- teams  not built; ids emitted as nulls
2026-08-23 23:53:25,096 INFO ncaa_identity: contest_id=1345693 teams 0/1588 matched, players 0/626 matched
2026-08-23 23:53:26,455 INFO ncaa_identity: contest_id=1345735 season=2010 league=wbb -- teams  not built; ids emitted as nulls
2026-08-23 23:53:26,461 INFO ncaa_identity: contest_id=1345735 teams 0/2778 matched, players 0/1088 matched
2026-08-23 23:53:27,556 INFO ncaa_identity: contest_id=1345752 season=2010 league=wbb -- teams  not built; ids emitted as nulls
2026-08-23 23:53:27,561 INFO ncaa_identity: contest_id=1345752 teams 0/2170 matched, players 0/809 matched
2026-08-23 23:53:28,951 INFO ncaa_identity: contest_id=1345769 season=2010 league=wbb -- teams  not built; ids emitted as nulls
2026-08-23 23:53:28,956 INFO ncaa_identity: contest_id=1345769 teams 0/2078 matched, players 0/812 matched
2026-08-23 23:53:29,927 INFO ncaa_identity: contest_id=1345789 season=2010 league=wbb -- teams  not built; ids emitted as nulls
2026-08-23 23:53:29,945 INFO ncaa_identity: contest_id=1345789 teams 0/2054 matched, players 0/5799 matched
2026-08-23 23:53:30,993 INFO ncaa_identity: contest_id=1345815 season=2010 league=wbb -- teams  not built; ids emitted as nulls
2026-08-23 23:53:30,998 INFO ncaa_identity: contest_id=1345815 teams 0/1950 matched, players 0/686 matched
2026-08-23 23:53:32,496 INFO ncaa_identity: contest_id=1345838 season=2010 league=wbb -- teams  not built; ids emitted as nulls
2026-08-23 23:53:32,502 INFO ncaa_identity: contest_id=1345838 teams 0/2248 matched, players 0/814 matched
2026-08-23 23:53:33,675 INFO ncaa_identity: contest_id=1345866 season=2010 league=wbb -- teams  not built; ids emitted as nulls
2026-08-23 23:53:33,679 INFO ncaa_identity: contest_id=1345866 teams 0/1950 matched, players 0/552 matched
2026-08-23 23:53:34,737 INFO ncaa_identity: contest_id=1345891 season=2010 league=wbb -- teams  not built; ids emitted as nulls
2026-08-23 23:53:34,741 INFO ncaa_identity: contest_id=1345891 teams 0/1742 matched, players 0/558 matched
2026-08-23 23:53:36,221 INFO ncaa_identity: contest_id=1345902 season=2010 league=wbb -- teams  not built; ids emitted as nulls
2026-08-23 23:53:36,226 INFO ncaa_identity: contest_id=1345902 teams 0/2204 matched, players 0/904 matched
2026-08-23 23:53:37,294 INFO ncaa_identity: contest_id=1345933 season=2010 league=wbb -- teams  not built; ids emitted as nulls
2026-08-23 23:53:37,298 INFO ncaa_identity: contest_id=1345933 teams 0/1970 matched, players 0/779 matched
2026-08-23 23:53:38,460 INFO ncaa_identity: contest_id=1345956 season=2010 league=wbb -- teams  not built; ids emitted as nulls
2026-08-23 23:53:38,465 INFO ncaa_identity: contest_id=1345956 teams 0/2160 matched, players 0/785 matched
2026-08-23 23:53:39,941 INFO ncaa_identity: contest_id=1346036 season=2010 league=wbb -- teams  not built; ids emitted as nulls
2026-08-23 23:53:39,946 INFO ncaa_identity: contest_id=1346036 teams 0/2424 matched, players 0/969 matched
2026-08-23 23:53:41,152 INFO ncaa_identity: contest_id=1346056 season=2010 league=wbb -- teams  not built; ids emitted as nulls
2026-08-23 23:53:41,157 INFO ncaa_identity: contest_id=1346056 teams 0/2016 matched, players 0/803 matched
2026-08-23 23:53:42,477 INFO ncaa_identity: contest_id=1346092 season=2010 league=wbb -- teams  not built; ids emitted as nulls
2026-08-23 23:53:42,482 INFO ncaa_identity: contest_id=1346092 teams 0/2096 matched, players 0/872 matched
2026-08-23 23:53:43,491 INFO ncaa_identity: contest_id=1346129 season=2010 league=wbb -- teams  not built; ids emitted as nulls
2026-08-23 23:53:43,496 INFO ncaa_identity: contest_id=1346129 teams 0/1864 matched, players 0/733 matched
2026-08-23 23:53:44,548 INFO ncaa_identity: contest_id=1346182 season=2010 league=wbb -- teams  not built; ids emitted as nulls
2026-08-23 23:53:44,553 INFO ncaa_identity: contest_id=1346182 teams 0/2165 matched, players 0/767 matched
2026-08-23 23:53:45,852 INFO ncaa_identity: contest_id=1346225 season=2010 league=wbb -- teams  not built; ids emitted as nulls
2026-08-23 23:53:45,856 INFO ncaa_identity: contest_id=1346225 teams 0/1888 matched, players 0/629 matched
2026-08-23 23:53:47,105 INFO ncaa_identity: contest_id=1346243 season=2010 league=wbb -- teams  not built; ids emitted as nulls
2026-08-23 23:53:47,110 INFO ncaa_identity: contest_id=1346243 teams 0/2196 matched, players 0/742 matched
2026-08-23 23:53:47,983 INFO ncaa_identity: contest_id=1346266 season=2010 league=wbb -- teams  not built; ids emitted as nulls
2026-08-23 23:53:47,987 INFO ncaa_identity: contest_id=1346266 teams 0/1905 matched, players 0/638 matched
2026-08-23 23:53:49,610 INFO ncaa_identity: contest_id=1346307 season=2010 league=wbb -- teams  not built; ids emitted as nulls
2026-08-23 23:53:49,615 INFO ncaa_identity: contest_id=1346307 teams 0/2000 matched, players 0/711 matched
2026-08-23 23:53:50,652 INFO ncaa_identity: contest_id=1346324 season=2010 league=wbb -- teams  not built; ids emitted as nulls
2026-08-23 23:53:50,657 INFO ncaa_identity: contest_id=1346324 teams 0/2356 matched, players 0/906 matched
2026-08-23 23:53:51,587 INFO ncaa_identity: contest_id=1346358 season=2010 league=wbb -- teams  not built; ids emitted as nulls
2026-08-23 23:53:51,591 INFO ncaa_identity: contest_id=1346358 teams 0/2136 matched, players 0/880 matched
2026-08-23 23:53:52,939 INFO ncaa_identity: contest_id=1346376 season=2010 league=wbb -- teams  not built; ids emitted as nulls
2026-08-23 23:53:52,943 INFO ncaa_identity: contest_id=1346376 teams 0/2028 matched, players 0/685 matched
2026-08-23 23:53:53,832 INFO ncaa_identity: contest_id=1346414 season=2010 league=wbb -- teams  not built; ids emitted as nulls
2026-08-23 23:53:53,836 INFO ncaa_identity: contest_id=1346414 teams 0/1880 matched, players 0/739 matched
2026-08-23 23:53:55,260 INFO ncaa_identity: contest_id=1346450 season=2010 league=wbb -- teams  not built; ids emitted as nulls
2026-08-23 23:53:55,265 INFO ncaa_identity: contest_id=1346450 teams 0/2188 matched, players 0/882 matched
2026-08-23 23:53:56,282 INFO ncaa_identity: contest_id=1346489 season=2010 league=wbb -- teams  not built; ids emitted as nulls
2026-08-23 23:53:56,287 INFO ncaa_identity: contest_id=1346489 teams 0/2008 matched, players 0/677 matched
2026-08-23 23:53:57,407 INFO ncaa_identity: contest_id=1346512 season=2010 league=wbb -- teams  not built; ids emitted as nulls
2026-08-23 23:53:57,412 INFO ncaa_identity: contest_id=1346512 teams 0/2498 matched, players 0/891 matched
2026-08-23 23:53:58,366 INFO ncaa_identity: contest_id=1346583 season=2010 league=wbb -- teams  not built; ids emitted as nulls
2026-08-23 23:53:58,369 INFO ncaa_identity: contest_id=1346583 teams 0/1872 matched, players 0/630 matched
2026-08-23 23:53:59,837 INFO ncaa_identity: contest_id=1346605 season=2010 league=wbb -- teams  not built; ids emitted as nulls
2026-08-23 23:53:59,842 INFO ncaa_identity: contest_id=1346605 teams 0/2324 matched, players 0/808 matched
2026-08-23 23:54:00,870 INFO ncaa_identity: contest_id=1346615 season=2010 league=wbb -- teams  not built; ids emitted as nulls
2026-08-23 23:54:00,874 INFO ncaa_identity: contest_id=1346615 teams 0/1786 matched, players 0/675 matched
2026-08-23 23:54:01,814 INFO ncaa_identity: contest_id=1346626 season=2010 league=wbb -- teams  not built; ids emitted as nulls
2026-08-23 23:54:01,818 INFO ncaa_identity: contest_id=1346626 teams 0/1820 matched, players 0/649 matched
2026-08-23 23:54:03,420 INFO ncaa_identity: contest_id=1346660 season=2010 league=wbb -- teams  not built; ids emitted as nulls
2026-08-23 23:54:03,427 INFO ncaa_identity: contest_id=1346660 teams 0/1992 matched, players 0/736 matched
2026-08-23 23:54:04,739 INFO ncaa_identity: contest_id=1346682 season=2010 league=wbb -- teams  not built; ids emitted as nulls
2026-08-23 23:54:04,744 INFO ncaa_identity: contest_id=1346682 teams 0/2384 matched, players 0/871 matched
2026-08-23 23:54:05,714 INFO ncaa_identity: contest_id=1346767 season=2010 league=wbb -- teams  not built; ids emitted as nulls
2026-08-23 23:54:05,719 INFO ncaa_identity: contest_id=1346767 teams 0/1714 matched, players 0/608 matched
2026-08-23 23:54:06,812 INFO ncaa_identity: contest_id=1346810 season=2010 league=wbb -- teams  not built; ids emitted as nulls
2026-08-23 23:54:06,817 INFO ncaa_identity: contest_id=1346810 teams 0/2084 matched, players 0/768 matched
2026-08-23 23:54:08,393 INFO ncaa_identity: contest_id=1346859 season=2010 league=wbb -- teams  not built; ids emitted as nulls
2026-08-23 23:54:08,415 INFO ncaa_identity: contest_id=1346859 teams 0/2712 matched, players 0/7680 matched
2026-08-23 23:54:09,775 INFO ncaa_identity: contest_id=1346887 season=2010 league=wbb -- teams  not built; ids emitted as nulls
2026-08-23 23:54:09,783 INFO ncaa_identity: contest_id=1346887 teams 0/2214 matched, players 0/928 matched
2026-08-23 23:54:10,903 INFO ncaa_identity: contest_id=1346984 season=2010 league=wbb -- teams  not built; ids emitted as nulls
2026-08-23 23:54:10,907 INFO ncaa_identity: contest_id=1346984 teams 0/1816 matched, players 0/643 matched
2026-08-23 23:54:12,353 INFO ncaa_identity: contest_id=1346997 season=2010 league=wbb -- teams  not built; ids emitted as nulls
2026-08-23 23:54:12,357 INFO ncaa_identity: contest_id=1346997 teams 0/1786 matched, players 0/685 matched
2026-08-23 23:54:13,377 INFO ncaa_identity: contest_id=1347008 season=2010 league=wbb -- teams  not built; ids emitted as nulls
2026-08-23 23:54:13,383 INFO ncaa_identity: contest_id=1347008 teams 0/2212 matched, players 0/773 matched
2026-08-23 23:54:14,405 INFO ncaa_identity: contest_id=1347020 season=2010 league=wbb -- teams  not built; ids emitted as nulls
2026-08-23 23:54:14,409 INFO ncaa_identity: contest_id=1347020 teams 0/1802 matched, players 0/569 matched
2026-08-23 23:54:15,438 INFO ncaa_identity: contest_id=1347041 season=2010 league=wbb -- teams  not built; ids emitted as nulls
2026-08-23 23:54:15,442 INFO ncaa_identity: contest_id=1347041 teams 0/1818 matched, players 0/645 matched
2026-08-23 23:54:17,022 INFO ncaa_identity: contest_id=1347052 season=2010 league=wbb -- teams  not built; ids emitted as nulls
2026-08-23 23:54:17,026 INFO ncaa_identity: contest_id=1347052 teams 0/1812 matched, players 0/631 matched
2026-08-23 23:54:18,026 INFO ncaa_identity: contest_id=1347073 season=2010 league=wbb -- teams  not built; ids emitted as nulls
2026-08-23 23:54:18,031 INFO ncaa_identity: contest_id=1347073 teams 0/2006 matched, players 0/771 matched
2026-08-23 23:54:19,056 INFO ncaa_identity: contest_id=1347105 season=2010 league=wbb -- teams  not built; ids emitted as nulls
2026-08-23 23:54:19,060 INFO ncaa_identity: contest_id=1347105 teams 0/1756 matched, players 0/604 matched
2026-08-23 23:54:20,308 INFO ncaa_identity: contest_id=1347142 season=2010 league=wbb -- teams  not built; ids emitted as nulls
2026-08-23 23:54:20,327 INFO ncaa_identity: contest_id=1347142 teams 0/2195 matched, players 0/6174 matched
2026-08-23 23:54:21,219 INFO ncaa_identity: contest_id=1347186 season=2010 league=wbb -- teams  not built; ids emitted as nulls
2026-08-23 23:54:21,223 INFO ncaa_identity: contest_id=1347186 teams 0/1722 matched, players 0/471 matched
2026-08-23 23:54:22,222 INFO ncaa_identity: contest_id=1347226 season=2010 league=wbb -- teams  not built; ids emitted as nulls
2026-08-23 23:54:22,226 INFO ncaa_identity: contest_id=1347226 teams 0/1730 matched, players 0/634 matched
2026-08-23 23:54:23,133 INFO ncaa_identity: contest_id=1347236 season=2010 league=wbb -- teams  not built; ids emitted as nulls
2026-08-23 23:54:23,137 INFO ncaa_identity: contest_id=1347236 teams 0/1858 matched, players 0/713 matched
2026-08-23 23:54:24,255 INFO ncaa_identity: contest_id=1347256 season=2010 league=wbb -- teams  not built; ids emitted as nulls
2026-08-23 23:54:24,259 INFO ncaa_identity: contest_id=1347256 teams 0/1586 matched, players 0/519 matched
2026-08-23 23:54:25,205 INFO ncaa_identity: contest_id=1347289 season=2010 league=wbb -- teams  not built; ids emitted as nulls
2026-08-23 23:54:25,210 INFO ncaa_identity: contest_id=1347289 teams 0/2222 matched, players 0/806 matched
2026-08-23 23:54:26,407 INFO ncaa_identity: contest_id=1347318 season=2010 league=wbb -- teams  not built; ids emitted as nulls
2026-08-23 23:54:26,412 INFO ncaa_identity: contest_id=1347318 teams 0/2150 matched, players 0/830 matched
2026-08-23 23:54:27,793 INFO ncaa_identity: contest_id=1347351 season=2010 league=wbb -- teams  not built; ids emitted as nulls
2026-08-23 23:54:27,798 INFO ncaa_identity: contest_id=1347351 teams 0/2090 matched, players 0/752 matched
2026-08-23 23:54:28,879 INFO ncaa_identity: contest_id=1347433 season=2010 league=wbb -- teams  not built; ids emitted as nulls
2026-08-23 23:54:28,890 INFO ncaa_identity: contest_id=1347433 teams 0/2194 matched, players 0/849 matched
2026-08-23 23:54:30,349 INFO ncaa_identity: contest_id=1347457 season=2010 league=wbb -- teams  not built; ids emitted as nulls
2026-08-23 23:54:30,373 INFO ncaa_identity: contest_id=1347457 teams 0/2671 matched, players 0/7561 matched
2026-08-23 23:54:31,363 INFO ncaa_identity: contest_id=1347511 season=2010 league=wbb -- teams  not built; ids emitted as nulls
2026-08-23 23:54:31,367 INFO ncaa_identity: contest_id=1347511 teams 0/2108 matched, players 0/692 matched
2026-08-23 23:54:32,420 INFO ncaa_identity: contest_id=1347550 season=2010 league=wbb -- teams  not built; ids emitted as nulls
2026-08-23 23:54:32,425 INFO ncaa_identity: contest_id=1347550 teams 0/2222 matched, players 0/914 matched
2026-08-23 23:54:33,664 INFO ncaa_identity: contest_id=1347601 season=2010 league=wbb -- teams  not built; ids emitted as nulls
2026-08-23 23:54:33,669 INFO ncaa_identity: contest_id=1347601 teams 0/1936 matched, players 0/682 matched
2026-08-23 23:54:34,652 INFO ncaa_identity: contest_id=1347640 season=2010 league=wbb -- teams  not built; ids emitted as nulls
2026-08-23 23:54:34,656 INFO ncaa_identity: contest_id=1347640 teams 0/1938 matched, players 0/705 matched
2026-08-23 23:54:35,580 INFO ncaa_identity: contest_id=1347684 season=2010 league=wbb -- teams  not built; ids emitted as nulls
2026-08-23 23:54:35,584 INFO ncaa_identity: contest_id=1347684 teams 0/1986 matched, players 0/806 matched
2026-08-23 23:54:36,885 INFO ncaa_identity: contest_id=1347708 season=2010 league=wbb -- teams  not built; ids emitted as nulls
2026-08-23 23:54:36,890 INFO ncaa_identity: contest_id=1347708 teams 0/1976 matched, players 0/626 matched
2026-08-23 23:54:37,951 INFO ncaa_identity: contest_id=1347780 season=2010 league=wbb -- teams  not built; ids emitted as nulls
2026-08-23 23:54:37,955 INFO ncaa_identity: contest_id=1347780 teams 0/2015 matched, players 0/741 matched
2026-08-23 23:54:38,969 INFO ncaa_identity: contest_id=1347798 season=2010 league=wbb -- teams  not built; ids emitted as nulls
2026-08-23 23:54:38,975 INFO ncaa_identity: contest_id=1347798 teams 0/2374 matched, players 0/960 matched
2026-08-23 23:54:40,366 INFO ncaa_identity: contest_id=1347808 season=2010 league=wbb -- teams  not built; ids emitted as nulls
2026-08-23 23:54:40,371 INFO ncaa_identity: contest_id=1347808 teams 0/2190 matched, players 0/787 matched
2026-08-23 23:54:41,281 INFO ncaa_identity: contest_id=1347825 season=2010 league=wbb -- teams  not built; ids emitted as nulls
2026-08-23 23:54:41,284 INFO ncaa_identity: contest_id=1347825 teams 0/1540 matched, players 0/504 matched
2026-08-23 23:54:42,185 INFO ncaa_identity: contest_id=1347835 season=2010 league=wbb -- teams  not built; ids emitted as nulls
2026-08-23 23:54:42,189 INFO ncaa_identity: contest_id=1347835 teams 0/1866 matched, players 0/663 matched
2026-08-23 23:54:43,419 INFO ncaa_identity: contest_id=1347856 season=2010 league=wbb -- teams  not built; ids emitted as nulls
2026-08-23 23:54:43,424 INFO ncaa_identity: contest_id=1347856 teams 0/1958 matched, players 0/743 matched
2026-08-23 23:54:44,649 INFO ncaa_identity: contest_id=1347884 season=2010 league=wbb -- teams  not built; ids emitted as nulls
2026-08-23 23:54:44,654 INFO ncaa_identity: contest_id=1347884 teams 0/2067 matched, players 0/838 matched
2026-08-23 23:54:45,996 INFO ncaa_identity: contest_id=1347917 season=2010 league=wbb -- teams  not built; ids emitted as nulls
2026-08-23 23:54:46,002 INFO ncaa_identity: contest_id=1347917 teams 0/2638 matched, players 0/1060 matched
2026-08-23 23:54:47,231 INFO ncaa_identity: contest_id=1347943 season=2010 league=wbb -- teams  not built; ids emitted as nulls
2026-08-23 23:54:47,236 INFO ncaa_identity: contest_id=1347943 teams 0/1794 matched, players 0/580 matched
2026-08-23 23:54:48,534 INFO ncaa_identity: contest_id=1347969 season=2010 league=wbb -- teams  not built; ids emitted as nulls
2026-08-23 23:54:48,540 INFO ncaa_identity: contest_id=1347969 teams 0/2420 matched, players 0/940 matched
2026-08-23 23:54:49,887 INFO ncaa_identity: contest_id=1347980 season=2010 league=wbb -- teams  not built; ids emitted as nulls
2026-08-23 23:54:49,891 INFO ncaa_identity: contest_id=1347980 teams 0/1492 matched, players 0/544 matched
2026-08-23 23:54:51,130 INFO ncaa_identity: contest_id=1348005 season=2010 league=wbb -- teams  not built; ids emitted as nulls
2026-08-23 23:54:51,136 INFO ncaa_identity: contest_id=1348005 teams 0/2122 matched, players 0/912 matched
2026-08-23 23:54:52,465 INFO ncaa_identity: contest_id=1348030 season=2010 league=wbb -- teams  not built; ids emitted as nulls
2026-08-23 23:54:52,470 INFO ncaa_identity: contest_id=1348030 teams 0/2116 matched, players 0/698 matched
2026-08-23 23:54:54,205 INFO ncaa_identity: contest_id=1348063 season=2010 league=wbb -- teams  not built; ids emitted as nulls
2026-08-23 23:54:54,218 INFO ncaa_identity: contest_id=1348063 teams 0/3202 matched, players 0/1236 matched
2026-08-23 23:54:55,435 INFO ncaa_identity: contest_id=1348087 season=2010 league=wbb -- teams  not built; ids emitted as nulls
2026-08-23 23:54:55,440 INFO ncaa_identity: contest_id=1348087 teams 0/1864 matched, players 0/731 matched
2026-08-23 23:54:56,934 INFO ncaa_identity: contest_id=1348127 season=2010 league=wbb -- teams  not built; ids emitted as nulls
2026-08-23 23:54:56,939 INFO ncaa_identity: contest_id=1348127 teams 0/1910 matched, players 0/624 matched
2026-08-23 23:54:58,517 INFO ncaa_identity: contest_id=1348170 season=2010 league=wbb -- teams  not built; ids emitted as nulls
2026-08-23 23:54:58,524 INFO ncaa_identity: contest_id=1348170 teams 0/2528 matched, players 0/928 matched
2026-08-23 23:54:59,745 INFO ncaa_identity: contest_id=1348187 season=2010 league=wbb -- teams  not built; ids emitted as nulls
2026-08-23 23:54:59,750 INFO ncaa_identity: contest_id=1348187 teams 0/2204 matched, players 0/741 matched
2026-08-23 23:55:01,174 INFO ncaa_identity: contest_id=1348197 season=2010 league=wbb -- teams  not built; ids emitted as nulls
2026-08-23 23:55:01,180 INFO ncaa_identity: contest_id=1348197 teams 0/2308 matched, players 0/976 matched
2026-08-23 23:55:02,226 INFO ncaa_identity: contest_id=1348211 season=2010 league=wbb -- teams  not built; ids emitted as nulls
2026-08-23 23:55:02,232 INFO ncaa_identity: contest_id=1348211 teams 0/1942 matched, players 0/668 matched
2026-08-23 23:55:03,346 INFO ncaa_identity: contest_id=1348236 season=2010 league=wbb -- teams  not built; ids emitted as nulls
2026-08-23 23:55:03,350 INFO ncaa_identity: contest_id=1348236 teams 0/1736 matched, players 0/601 matched
2026-08-23 23:55:04,520 INFO ncaa_identity: contest_id=1348299 season=2010 league=wbb -- teams  not built; ids emitted as nulls
2026-08-23 23:55:04,524 INFO ncaa_identity: contest_id=1348299 teams 0/2170 matched, players 0/817 matched
2026-08-23 23:55:05,821 INFO ncaa_identity: contest_id=1348318 season=2010 league=wbb -- teams  not built; ids emitted as nulls
2026-08-23 23:55:05,825 INFO ncaa_identity: contest_id=1348318 teams 0/1869 matched, players 0/668 matched
2026-08-23 23:55:07,040 INFO ncaa_identity: contest_id=1348330 season=2010 league=wbb -- teams  not built; ids emitted as nulls
2026-08-23 23:55:07,045 INFO ncaa_identity: contest_id=1348330 teams 0/2144 matched, players 0/749 matched
2026-08-23 23:55:08,197 INFO ncaa_identity: contest_id=1348340 season=2010 league=wbb -- teams  not built; ids emitted as nulls
2026-08-23 23:55:08,213 INFO ncaa_identity: contest_id=1348340 teams 0/1935 matched, players 0/5472 matched
2026-08-23 23:55:09,891 INFO ncaa_identity: contest_id=1348353 season=2010 league=wbb -- teams  not built; ids emitted as nulls
2026-08-23 23:55:09,895 INFO ncaa_identity: contest_id=1348353 teams 0/2084 matched, players 0/813 matched
2026-08-23 23:55:10,941 INFO ncaa_identity: contest_id=1348367 season=2010 league=wbb -- teams  not built; ids emitted as nulls
2026-08-23 23:55:10,946 INFO ncaa_identity: contest_id=1348367 teams 0/1962 matched, players 0/735 matched
2026-08-23 23:55:12,542 INFO ncaa_identity: contest_id=1348377 season=2010 league=wbb -- teams  not built; ids emitted as nulls
2026-08-23 23:55:12,547 INFO ncaa_identity: contest_id=1348377 teams 0/2320 matched, players 0/768 matched
2026-08-23 23:55:13,657 INFO ncaa_identity: contest_id=1348408 season=2010 league=wbb -- teams  not built; ids emitted as nulls
2026-08-23 23:55:13,662 INFO ncaa_identity: contest_id=1348408 teams 0/2110 matched, players 0/829 matched
2026-08-23 23:55:14,888 INFO ncaa_identity: contest_id=1348424 season=2010 league=wbb -- teams  not built; ids emitted as nulls
2026-08-23 23:55:14,892 INFO ncaa_identity: contest_id=1348424 teams 0/2085 matched, players 0/843 matched
2026-08-23 23:55:16,301 INFO ncaa_identity: contest_id=1348446 season=2010 league=wbb -- teams  not built; ids emitted as nulls
2026-08-23 23:55:16,306 INFO ncaa_identity: contest_id=1348446 teams 0/2306 matched, players 0/870 matched
2026-08-23 23:55:17,616 INFO ncaa_identity: contest_id=1348458 season=2010 league=wbb -- teams  not built; ids emitted as nulls
2026-08-23 23:55:17,620 INFO ncaa_identity: contest_id=1348458 teams 0/2042 matched, players 0/828 matched
2026-08-23 23:55:18,873 INFO ncaa_identity: contest_id=1348469 season=2010 league=wbb -- teams  not built; ids emitted as nulls
2026-08-23 23:55:18,878 INFO ncaa_identity: contest_id=1348469 teams 0/1966 matched, players 0/709 matched
2026-08-23 23:55:19,865 INFO ncaa_identity: contest_id=1348482 season=2010 league=wbb -- teams  not built; ids emitted as nulls
2026-08-23 23:55:19,869 INFO ncaa_identity: contest_id=1348482 teams 0/1880 matched, players 0/618 matched
2026-08-23 23:55:20,924 INFO ncaa_identity: contest_id=1348513 season=2010 league=wbb -- teams  not built; ids emitted as nulls
2026-08-23 23:55:20,928 INFO ncaa_identity: contest_id=1348513 teams 0/1985 matched, players 0/815 matched
2026-08-23 23:55:22,079 INFO ncaa_identity: contest_id=1348528 season=2010 league=wbb -- teams  not built; ids emitted as nulls
2026-08-23 23:55:22,084 INFO ncaa_identity: contest_id=1348528 teams 0/2100 matched, players 0/757 matched
2026-08-23 23:55:22,924 INFO ncaa_identity: contest_id=1348539 season=2010 league=wbb -- teams  not built; ids emitted as nulls
2026-08-23 23:55:22,927 INFO ncaa_identity: contest_id=1348539 teams 0/1760 matched, players 0/546 matched
2026-08-23 23:55:24,057 INFO ncaa_identity: contest_id=1348549 season=2010 league=wbb -- teams  not built; ids emitted as nulls
2026-08-23 23:55:24,062 INFO ncaa_identity: contest_id=1348549 teams 0/2214 matched, players 0/797 matched
2026-08-23 23:55:25,419 INFO ncaa_identity: contest_id=1348560 season=2010 league=wbb -- teams  not built; ids emitted as nulls
2026-08-23 23:55:25,422 INFO ncaa_identity: contest_id=1348560 teams 0/2024 matched, players 0/672 matched
2026-08-23 23:55:26,436 INFO ncaa_identity: contest_id=1348582 season=2010 league=wbb -- teams  not built; ids emitted as nulls
2026-08-23 23:55:26,441 INFO ncaa_identity: contest_id=1348582 teams 0/1692 matched, players 0/587 matched
2026-08-23 23:55:27,442 INFO ncaa_identity: contest_id=1348599 season=2010 league=wbb -- teams  not built; ids emitted as nulls
2026-08-23 23:55:27,446 INFO ncaa_identity: contest_id=1348599 teams 0/2142 matched, players 0/867 matched
2026-08-23 23:55:28,847 INFO ncaa_identity: contest_id=1348614 season=2010 league=wbb -- teams  not built; ids emitted as nulls
2026-08-23 23:55:28,851 INFO ncaa_identity: contest_id=1348614 teams 0/1892 matched, players 0/656 matched
2026-08-23 23:55:29,716 INFO ncaa_identity: contest_id=1348624 season=2010 league=wbb -- teams  not built; ids emitted as nulls
2026-08-23 23:55:29,720 INFO ncaa_identity: contest_id=1348624 teams 0/1884 matched, players 0/700 matched
2026-08-23 23:55:30,980 INFO ncaa_identity: contest_id=1348634 season=2010 league=wbb -- teams  not built; ids emitted as nulls
2026-08-23 23:55:30,985 INFO ncaa_identity: contest_id=1348634 teams 0/2314 matched, players 0/852 matched
2026-08-23 23:55:32,369 INFO ncaa_identity: contest_id=1348648 season=2010 league=wbb -- teams  not built; ids emitted as nulls
2026-08-23 23:55:32,373 INFO ncaa_identity: contest_id=1348648 teams 0/2130 matched, players 0/774 matched
2026-08-23 23:55:33,654 INFO ncaa_identity: contest_id=1348670 season=2010 league=wbb -- teams  not built; ids emitted as nulls
2026-08-23 23:55:33,659 INFO ncaa_identity: contest_id=1348670 teams 0/2244 matched, players 0/800 matched
2026-08-23 23:55:35,413 INFO ncaa_identity: contest_id=1348696 season=2010 league=wbb -- teams  not built; ids emitted as nulls
2026-08-23 23:55:35,420 INFO ncaa_identity: contest_id=1348696 teams 0/2268 matched, players 0/688 matched
2026-08-23 23:55:36,551 INFO ncaa_identity: contest_id=1348716 season=2010 league=wbb -- teams  not built; ids emitted as nulls
2026-08-23 23:55:36,555 INFO ncaa_identity: contest_id=1348716 teams 0/2228 matched, players 0/765 matched
2026-08-23 23:55:37,850 INFO ncaa_identity: contest_id=1348727 season=2010 league=wbb -- teams  not built; ids emitted as nulls
2026-08-23 23:55:37,855 INFO ncaa_identity: contest_id=1348727 teams 0/2120 matched, players 0/748 matched
2026-08-23 23:55:38,868 INFO ncaa_identity: contest_id=1348744 season=2010 league=wbb -- teams  not built; ids emitted as nulls
2026-08-23 23:55:38,874 INFO ncaa_identity: contest_id=1348744 teams 0/2242 matched, players 0/832 matched
2026-08-23 23:55:40,143 INFO ncaa_identity: contest_id=1348757 season=2010 league=wbb -- teams  not built; ids emitted as nulls
2026-08-23 23:55:40,148 INFO ncaa_identity: contest_id=1348757 teams 0/1838 matched, players 0/679 matched
2026-08-23 23:55:41,172 INFO ncaa_identity: contest_id=1348777 season=2010 league=wbb -- teams  not built; ids emitted as nulls
2026-08-23 23:55:41,176 INFO ncaa_identity: contest_id=1348777 teams 0/1674 matched, players 0/619 matched
2026-08-23 23:55:42,841 INFO ncaa_identity: contest_id=1348814 season=2010 league=wbb -- teams  not built; ids emitted as nulls
2026-08-23 23:55:42,845 INFO ncaa_identity: contest_id=1348814 teams 0/2516 matched, players 0/994 matched
2026-08-23 23:55:43,784 INFO ncaa_identity: contest_id=1348856 season=2010 league=wbb -- teams  not built; ids emitted as nulls
2026-08-23 23:55:43,788 INFO ncaa_identity: contest_id=1348856 teams 0/1860 matched, players 0/712 matched
2026-08-23 23:55:44,669 INFO ncaa_identity: contest_id=1348885 season=2010 league=wbb -- teams  not built; ids emitted as nulls
2026-08-23 23:55:44,673 INFO ncaa_identity: contest_id=1348885 teams 0/1836 matched, players 0/701 matched
2026-08-23 23:55:46,294 INFO ncaa_identity: contest_id=1348903 season=2010 league=wbb -- teams  not built; ids emitted as nulls
2026-08-23 23:55:46,298 INFO ncaa_identity: contest_id=1348903 teams 0/1608 matched, players 0/594 matched
2026-08-23 23:55:47,449 INFO ncaa_identity: contest_id=1348913 season=2010 league=wbb -- teams  not built; ids emitted as nulls
2026-08-23 23:55:47,455 INFO ncaa_identity: contest_id=1348913 teams 0/2676 matched, players 0/1071 matched
2026-08-23 23:55:48,640 INFO ncaa_identity: contest_id=1348924 season=2010 league=wbb -- teams  not built; ids emitted as nulls
2026-08-23 23:55:48,644 INFO ncaa_identity: contest_id=1348924 teams 0/1950 matched, players 0/756 matched
2026-08-23 23:55:48,774 INFO 5 starters not found for period 1; using estimate
2026-08-23 23:55:48,775 INFO 5 starters not found for period 1; using estimate
2026-08-23 23:55:48,776 INFO 5 starters not found for period 2; using estimate
2026-08-23 23:55:48,776 INFO 5 starters not found for period 2; using estimate
2026-08-23 23:55:50,421 INFO ncaa_identity: contest_id=1348942 season=2010 league=wbb -- teams  not built; ids emitted as nulls
2026-08-23 23:55:50,435 INFO ncaa_identity: contest_id=1348942 teams 0/2423 matched, players 0/3861 matched
2026-08-23 23:55:51,621 INFO ncaa_identity: contest_id=1348955 season=2010 league=wbb -- teams  not built; ids emitted as nulls
2026-08-23 23:55:51,626 INFO ncaa_identity: contest_id=1348955 teams 0/1896 matched, players 0/654 matched
2026-08-23 23:55:52,654 INFO ncaa_identity: contest_id=1349007 season=2010 league=wbb -- teams  not built; ids emitted as nulls
2026-08-23 23:55:52,658 INFO ncaa_identity: contest_id=1349007 teams 0/2186 matched, players 0/811 matched
2026-08-23 23:55:54,186 INFO ncaa_identity: contest_id=1349044 season=2010 league=wbb -- teams  not built; ids emitted as nulls
2026-08-23 23:55:54,214 INFO ncaa_identity: contest_id=1349044 teams 0/2599 matched, players 0/7320 matched
2026-08-23 23:55:54,339 INFO 5 starters not found for period 1; using estimate
2026-08-23 23:55:54,339 INFO 5 starters not found for period 1; using estimate
2026-08-23 23:55:54,340 INFO 5 starters not found for period 2; using estimate
2026-08-23 23:55:54,340 INFO 5 starters not found for period 2; using estimate
2026-08-23 23:55:55,429 INFO ncaa_identity: contest_id=1349057 season=2010 league=wbb -- teams  not built; ids emitted as nulls
2026-08-23 23:55:55,438 INFO ncaa_identity: contest_id=1349057 teams 0/2106 matched, players 0/2758 matched
2026-08-23 23:55:56,936 INFO ncaa_identity: contest_id=1349069 season=2010 league=wbb -- teams  not built; ids emitted as nulls
2026-08-23 23:55:56,942 INFO ncaa_identity: contest_id=1349069 teams 0/2470 matched, players 0/933 matched
2026-08-23 23:55:58,203 INFO ncaa_identity: contest_id=1349100 season=2010 league=wbb -- teams  not built; ids emitted as nulls
2026-08-23 23:55:58,209 INFO ncaa_identity: contest_id=1349100 teams 0/2698 matched, players 0/1128 matched
2026-08-23 23:55:59,145 INFO ncaa_identity: contest_id=1349145 season=2010 league=wbb -- teams  not built; ids emitted as nulls
2026-08-23 23:55:59,148 INFO ncaa_identity: contest_id=1349145 teams 0/1729 matched, players 0/647 matched
2026-08-23 23:56:00,601 INFO ncaa_identity: contest_id=1349176 season=2010 league=wbb -- teams  not built; ids emitted as nulls
2026-08-23 23:56:00,606 INFO ncaa_identity: contest_id=1349176 teams 0/2326 matched, players 0/775 matched
2026-08-23 23:56:01,715 INFO ncaa_identity: contest_id=1349194 season=2010 league=wbb -- teams  not built; ids emitted as nulls
2026-08-23 23:56:01,719 INFO ncaa_identity: contest_id=1349194 teams 0/2055 matched, players 0/676 matched
2026-08-23 23:56:02,684 INFO ncaa_identity: contest_id=1349207 season=2010 league=wbb -- teams  not built; ids emitted as nulls
2026-08-23 23:56:02,688 INFO ncaa_identity: contest_id=1349207 teams 0/2003 matched, players 0/726 matched
2026-08-23 23:56:03,977 INFO ncaa_identity: contest_id=1349217 season=2010 league=wbb -- teams  not built; ids emitted as nulls
2026-08-23 23:56:04,011 INFO ncaa_identity: contest_id=1349217 teams 0/2557 matched, players 0/7243 matched
2026-08-23 23:56:05,049 INFO ncaa_identity: contest_id=1349229 season=2010 league=wbb -- teams  not built; ids emitted as nulls
2026-08-23 23:56:05,053 INFO ncaa_identity: contest_id=1349229 teams 0/1947 matched, players 0/691 matched
2026-08-23 23:56:05,888 INFO ncaa_identity: contest_id=1349253 season=2010 league=wbb -- teams  not built; ids emitted as nulls
2026-08-23 23:56:05,894 INFO ncaa_identity: contest_id=1349253 teams 0/1978 matched, players 0/636 matched
2026-08-23 23:56:06,977 INFO ncaa_identity: contest_id=1349276 season=2010 league=wbb -- teams  not built; ids emitted as nulls
2026-08-23 23:56:06,981 INFO ncaa_identity: contest_id=1349276 teams 0/1726 matched, players 0/624 matched
2026-08-23 23:56:08,246 INFO ncaa_identity: contest_id=1349379 season=2010 league=wbb -- teams  not built; ids emitted as nulls
2026-08-23 23:56:08,251 INFO ncaa_identity: contest_id=1349379 teams 0/1884 matched, players 0/638 matched
2026-08-23 23:56:09,587 INFO ncaa_identity: contest_id=1349414 season=2010 league=wbb -- teams  not built; ids emitted as nulls
2026-08-23 23:56:09,591 INFO ncaa_identity: contest_id=1349414 teams 0/2088 matched, players 0/793 matched
2026-08-23 23:56:10,553 INFO ncaa_identity: contest_id=1349433 season=2010 league=wbb -- teams  not built; ids emitted as nulls
2026-08-23 23:56:10,558 INFO ncaa_identity: contest_id=1349433 teams 0/2052 matched, players 0/822 matched
2026-08-23 23:56:11,503 INFO ncaa_identity: contest_id=1349448 season=2010 league=wbb -- teams  not built; ids emitted as nulls
2026-08-23 23:56:11,506 INFO ncaa_identity: contest_id=1349448 teams 0/1934 matched, players 0/615 matched
2026-08-23 23:56:12,829 INFO ncaa_identity: contest_id=1349474 season=2010 league=wbb -- teams  not built; ids emitted as nulls
2026-08-23 23:56:12,833 INFO ncaa_identity: contest_id=1349474 teams 0/1890 matched, players 0/660 matched
2026-08-23 23:56:13,956 INFO ncaa_identity: contest_id=1349533 season=2010 league=wbb -- teams  not built; ids emitted as nulls
2026-08-23 23:56:13,961 INFO ncaa_identity: contest_id=1349533 teams 0/1946 matched, players 0/742 matched
2026-08-23 23:56:15,042 INFO ncaa_identity: contest_id=1349543 season=2010 league=wbb -- teams  not built; ids emitted as nulls
2026-08-23 23:56:15,046 INFO ncaa_identity: contest_id=1349543 teams 0/1620 matched, players 0/559 matched
2026-08-23 23:56:16,124 INFO ncaa_identity: contest_id=1349558 season=2010 league=wbb -- teams  not built; ids emitted as nulls
2026-08-23 23:56:16,128 INFO ncaa_identity: contest_id=1349558 teams 0/1607 matched, players 0/600 matched
2026-08-23 23:56:17,697 INFO ncaa_identity: contest_id=1349578 season=2010 league=wbb -- teams  not built; ids emitted as nulls
2026-08-23 23:56:17,703 INFO ncaa_identity: contest_id=1349578 teams 0/2484 matched, players 0/983 matched
2026-08-23 23:56:18,849 INFO ncaa_identity: contest_id=1349603 season=2010 league=wbb -- teams  not built; ids emitted as nulls
2026-08-23 23:56:18,853 INFO ncaa_identity: contest_id=1349603 teams 0/2050 matched, players 0/664 matched
2026-08-23 23:56:19,931 INFO ncaa_identity: contest_id=1349613 season=2010 league=wbb -- teams  not built; ids emitted as nulls
2026-08-23 23:56:19,935 INFO ncaa_identity: contest_id=1349613 teams 0/2214 matched, players 0/830 matched
2026-08-23 23:56:21,185 INFO ncaa_identity: contest_id=1349668 season=2010 league=wbb -- teams  not built; ids emitted as nulls
2026-08-23 23:56:21,189 INFO ncaa_identity: contest_id=1349668 teams 0/1876 matched, players 0/675 matched
2026-08-23 23:56:22,376 INFO ncaa_identity: contest_id=1349695 season=2010 league=wbb -- teams  not built; ids emitted as nulls
2026-08-23 23:56:22,393 INFO ncaa_identity: contest_id=1349695 teams 0/1908 matched, players 0/840 matched
2026-08-23 23:56:23,787 INFO ncaa_identity: contest_id=1349737 season=2010 league=wbb -- teams  not built; ids emitted as nulls
2026-08-23 23:56:23,795 INFO ncaa_identity: contest_id=1349737 teams 0/2488 matched, players 0/976 matched
2026-08-23 23:56:24,940 INFO ncaa_identity: contest_id=1349773 season=2010 league=wbb -- teams  not built; ids emitted as nulls
2026-08-23 23:56:24,945 INFO ncaa_identity: contest_id=1349773 teams 0/2034 matched, players 0/764 matched
2026-08-23 23:56:25,906 INFO ncaa_identity: contest_id=1349808 season=2010 league=wbb -- teams  not built; ids emitted as nulls
2026-08-23 23:56:25,910 INFO ncaa_identity: contest_id=1349808 teams 0/1704 matched, players 0/514 matched
2026-08-23 23:56:27,201 INFO ncaa_identity: contest_id=1349863 season=2010 league=wbb -- teams  not built; ids emitted as nulls
2026-08-23 23:56:27,206 INFO ncaa_identity: contest_id=1349863 teams 0/1952 matched, players 0/684 matched
2026-08-23 23:56:28,270 INFO ncaa_identity: contest_id=1349900 season=2010 league=wbb -- teams  not built; ids emitted as nulls
2026-08-23 23:56:28,274 INFO ncaa_identity: contest_id=1349900 teams 0/2162 matched, players 0/901 matched
2026-08-23 23:56:29,121 INFO ncaa_identity: contest_id=1349940 season=2010 league=wbb -- teams  not built; ids emitted as nulls
2026-08-23 23:56:29,124 INFO ncaa_identity: contest_id=1349940 teams 0/1646 matched, players 0/515 matched
2026-08-23 23:56:30,528 INFO ncaa_identity: contest_id=1349954 season=2010 league=wbb -- teams  not built; ids emitted as nulls
2026-08-23 23:56:30,533 INFO ncaa_identity: contest_id=1349954 teams 0/2150 matched, players 0/794 matched
2026-08-23 23:56:31,659 INFO ncaa_identity: contest_id=1349997 season=2010 league=wbb -- teams  not built; ids emitted as nulls
2026-08-23 23:56:31,664 INFO ncaa_identity: contest_id=1349997 teams 0/2086 matched, players 0/883 matched
2026-08-23 23:56:32,663 INFO ncaa_identity: contest_id=1350007 season=2010 league=wbb -- teams  not built; ids emitted as nulls
2026-08-23 23:56:32,670 INFO ncaa_identity: contest_id=1350007 teams 0/1574 matched, players 0/487 matched
2026-08-23 23:56:33,994 INFO ncaa_identity: contest_id=1350049 season=2010 league=wbb -- teams  not built; ids emitted as nulls
2026-08-23 23:56:33,999 INFO ncaa_identity: contest_id=1350049 teams 0/1966 matched, players 0/703 matched
2026-08-23 23:56:35,020 INFO ncaa_identity: contest_id=1350086 season=2010 league=wbb -- teams  not built; ids emitted as nulls
2026-08-23 23:56:35,025 INFO ncaa_identity: contest_id=1350086 teams 0/1908 matched, players 0/673 matched
2026-08-23 23:56:36,011 INFO ncaa_identity: contest_id=1350126 season=2010 league=wbb -- teams  not built; ids emitted as nulls
2026-08-23 23:56:36,021 INFO ncaa_identity: contest_id=1350126 teams 0/1812 matched, players 0/653 matched
2026-08-23 23:56:37,102 INFO ncaa_identity: contest_id=1350165 season=2010 league=wbb -- teams  not built; ids emitted as nulls
2026-08-23 23:56:37,108 INFO ncaa_identity: contest_id=1350165 teams 0/2190 matched, players 0/936 matched
2026-08-23 23:56:38,246 INFO ncaa_identity: contest_id=1350192 season=2010 league=wbb -- teams  not built; ids emitted as nulls
2026-08-23 23:56:38,251 INFO ncaa_identity: contest_id=1350192 teams 0/1688 matched, players 0/651 matched
2026-08-23 23:56:39,447 INFO ncaa_identity: contest_id=1350254 season=2010 league=wbb -- teams  not built; ids emitted as nulls
2026-08-23 23:56:39,455 INFO ncaa_identity: contest_id=1350254 teams 0/2550 matched, players 0/940 matched
2026-08-23 23:56:40,903 INFO ncaa_identity: contest_id=1350283 season=2010 league=wbb -- teams  not built; ids emitted as nulls
2026-08-23 23:56:40,908 INFO ncaa_identity: contest_id=1350283 teams 0/2272 matched, players 0/804 matched
2026-08-23 23:56:42,167 INFO ncaa_identity: contest_id=1350306 season=2010 league=wbb -- teams  not built; ids emitted as nulls
2026-08-23 23:56:42,171 INFO ncaa_identity: contest_id=1350306 teams 0/1702 matched, players 0/579 matched
2026-08-23 23:56:43,281 INFO ncaa_identity: contest_id=1350320 season=2010 league=wbb -- teams  not built; ids emitted as nulls
2026-08-23 23:56:43,285 INFO ncaa_identity: contest_id=1350320 teams 0/1774 matched, players 0/575 matched
2026-08-23 23:56:44,629 INFO ncaa_identity: contest_id=1350341 season=2010 league=wbb -- teams  not built; ids emitted as nulls
2026-08-23 23:56:44,634 INFO ncaa_identity: contest_id=1350341 teams 0/1984 matched, players 0/802 matched
2026-08-23 23:56:45,654 INFO ncaa_identity: contest_id=1350400 season=2010 league=wbb -- teams  not built; ids emitted as nulls
2026-08-23 23:56:45,659 INFO ncaa_identity: contest_id=1350400 teams 0/1934 matched, players 0/649 matched
2026-08-23 23:56:46,748 INFO ncaa_identity: contest_id=1350416 season=2010 league=wbb -- teams  not built; ids emitted as nulls
2026-08-23 23:56:46,752 INFO ncaa_identity: contest_id=1350416 teams 0/1686 matched, players 0/510 matched
2026-08-23 23:56:47,733 INFO ncaa_identity: contest_id=1350460 season=2010 league=wbb -- teams  not built; ids emitted as nulls
2026-08-23 23:56:47,737 INFO ncaa_identity: contest_id=1350460 teams 0/2096 matched, players 0/697 matched
2026-08-23 23:56:49,258 INFO ncaa_identity: contest_id=1350471 season=2010 league=wbb -- teams  not built; ids emitted as nulls
2026-08-23 23:56:49,262 INFO ncaa_identity: contest_id=1350471 teams 0/2029 matched, players 0/754 matched
2026-08-23 23:56:50,277 INFO ncaa_identity: contest_id=1350562 season=2010 league=wbb -- teams  not built; ids emitted as nulls
2026-08-23 23:56:50,281 INFO ncaa_identity: contest_id=1350562 teams 0/1774 matched, players 0/621 matched
2026-08-23 23:56:51,240 INFO ncaa_identity: contest_id=1350573 season=2010 league=wbb -- teams  not built; ids emitted as nulls
2026-08-23 23:56:51,246 INFO ncaa_identity: contest_id=1350573 teams 0/1798 matched, players 0/776 matched
2026-08-23 23:56:52,613 INFO ncaa_identity: contest_id=1350588 season=2010 league=wbb -- teams  not built; ids emitted as nulls
2026-08-23 23:56:52,618 INFO ncaa_identity: contest_id=1350588 teams 0/1966 matched, players 0/784 matched
2026-08-23 23:56:53,709 INFO ncaa_identity: contest_id=1350611 season=2010 league=wbb -- teams  not built; ids emitted as nulls
2026-08-23 23:56:53,713 INFO ncaa_identity: contest_id=1350611 teams 0/1934 matched, players 0/650 matched
2026-08-23 23:56:54,787 INFO ncaa_identity: contest_id=1350641 season=2010 league=wbb -- teams  not built; ids emitted as nulls
2026-08-23 23:56:54,791 INFO ncaa_identity: contest_id=1350641 teams 0/1886 matched, players 0/577 matched
2026-08-23 23:56:55,776 INFO ncaa_identity: contest_id=1350668 season=2010 league=wbb -- teams  not built; ids emitted as nulls
2026-08-23 23:56:55,781 INFO ncaa_identity: contest_id=1350668 teams 0/2020 matched, players 0/851 matched
2026-08-23 23:56:56,959 INFO ncaa_identity: contest_id=1350688 season=2010 league=wbb -- teams  not built; ids emitted as nulls
2026-08-23 23:56:56,963 INFO ncaa_identity: contest_id=1350688 teams 0/1790 matched, players 0/635 matched
2026-08-23 23:56:57,927 INFO ncaa_identity: contest_id=1350760 season=2010 league=wbb -- teams  not built; ids emitted as nulls
2026-08-23 23:56:57,931 INFO ncaa_identity: contest_id=1350760 teams 0/1778 matched, players 0/582 matched
2026-08-23 23:56:58,759 INFO ncaa_identity: contest_id=1350817 season=2010 league=wbb -- teams  not built; ids emitted as nulls
2026-08-23 23:56:58,763 INFO ncaa_identity: contest_id=1350817 teams 0/1794 matched, players 0/705 matched
2026-08-23 23:57:00,077 INFO ncaa_identity: contest_id=1350833 season=2010 league=wbb -- teams  not built; ids emitted as nulls
2026-08-23 23:57:00,082 INFO ncaa_identity: contest_id=1350833 teams 0/2048 matched, players 0/641 matched
2026-08-23 23:57:01,555 INFO ncaa_identity: contest_id=1350872 season=2010 league=wbb -- teams  not built; ids emitted as nulls
2026-08-23 23:57:01,560 INFO ncaa_identity: contest_id=1350872 teams 0/2152 matched, players 0/846 matched
2026-08-23 23:57:02,692 INFO ncaa_identity: contest_id=1350935 season=2010 league=wbb -- teams  not built; ids emitted as nulls
2026-08-23 23:57:02,696 INFO ncaa_identity: contest_id=1350935 teams 0/1980 matched, players 0/752 matched
2026-08-23 23:57:04,244 INFO ncaa_identity: contest_id=1350989 season=2010 league=wbb -- teams  not built; ids emitted as nulls
2026-08-23 23:57:04,273 INFO ncaa_identity: contest_id=1350989 teams 0/2541 matched, players 0/7190 matched
2026-08-23 23:57:05,436 INFO ncaa_identity: contest_id=1350999 season=2010 league=wbb -- teams  not built; ids emitted as nulls
2026-08-23 23:57:05,441 INFO ncaa_identity: contest_id=1350999 teams 0/2040 matched, players 0/736 matched
2026-08-23 23:57:06,512 INFO ncaa_identity: contest_id=1351025 season=2010 league=wbb -- teams  not built; ids emitted as nulls
2026-08-23 23:57:06,517 INFO ncaa_identity: contest_id=1351025 teams 0/1994 matched, players 0/668 matched
2026-08-23 23:57:07,607 INFO ncaa_identity: contest_id=1351052 season=2010 league=wbb -- teams  not built; ids emitted as nulls
2026-08-23 23:57:07,612 INFO ncaa_identity: contest_id=1351052 teams 0/2032 matched, players 0/803 matched
2026-08-23 23:57:09,300 INFO ncaa_identity: contest_id=1351080 season=2010 league=wbb -- teams  not built; ids emitted as nulls
2026-08-23 23:57:09,307 INFO ncaa_identity: contest_id=1351080 teams 0/2610 matched, players 0/1123 matched
2026-08-23 23:57:10,407 INFO ncaa_identity: contest_id=1351101 season=2010 league=wbb -- teams  not built; ids emitted as nulls
2026-08-23 23:57:10,411 INFO ncaa_identity: contest_id=1351101 teams 0/1824 matched, players 0/590 matched
2026-08-23 23:57:11,911 INFO ncaa_identity: contest_id=1351156 season=2010 league=wbb -- teams  not built; ids emitted as nulls
2026-08-23 23:57:11,916 INFO ncaa_identity: contest_id=1351156 teams 0/2530 matched, players 0/973 matched
2026-08-23 23:57:13,279 INFO ncaa_identity: contest_id=1351203 season=2010 league=wbb -- teams  not built; ids emitted as nulls
2026-08-23 23:57:13,285 INFO ncaa_identity: contest_id=1351203 teams 0/2490 matched, players 0/1001 matched
2026-08-23 23:57:14,248 INFO ncaa_identity: contest_id=1351252 season=2010 league=wbb -- teams  not built; ids emitted as nulls
2026-08-23 23:57:14,260 INFO ncaa_identity: contest_id=1351252 teams 0/1588 matched, players 0/599 matched
2026-08-23 23:57:15,563 INFO ncaa_identity: contest_id=1351269 season=2010 league=wbb -- teams  not built; ids emitted as nulls
2026-08-23 23:57:15,568 INFO ncaa_identity: contest_id=1351269 teams 0/1784 matched, players 0/722 matched
2026-08-23 23:57:17,046 INFO ncaa_identity: contest_id=1351279 season=2010 league=wbb -- teams  not built; ids emitted as nulls
2026-08-23 23:57:17,050 INFO ncaa_identity: contest_id=1351279 teams 0/1852 matched, players 0/732 matched
2026-08-23 23:57:18,383 INFO ncaa_identity: contest_id=1351289 season=2010 league=wbb -- teams  not built; ids emitted as nulls
2026-08-23 23:57:18,390 INFO ncaa_identity: contest_id=1351289 teams 0/2944 matched, players 0/1292 matched
2026-08-23 23:57:19,609 INFO ncaa_identity: contest_id=1351319 season=2010 league=wbb -- teams  not built; ids emitted as nulls
2026-08-23 23:57:19,611 INFO ncaa_identity: contest_id=1351319 teams 0/1461 matched, players 0/399 matched
2026-08-23 23:57:20,753 INFO ncaa_identity: contest_id=1351409 season=2010 league=wbb -- teams  not built; ids emitted as nulls
2026-08-23 23:57:20,758 INFO ncaa_identity: contest_id=1351409 teams 0/2234 matched, players 0/788 matched
2026-08-23 23:57:21,722 INFO ncaa_identity: contest_id=1351448 season=2010 league=wbb -- teams  not built; ids emitted as nulls
2026-08-23 23:57:21,725 INFO ncaa_identity: contest_id=1351448 teams 0/2118 matched, players 0/710 matched
2026-08-23 23:57:22,912 INFO ncaa_identity: contest_id=1351460 season=2010 league=wbb -- teams  not built; ids emitted as nulls
2026-08-23 23:57:22,916 INFO ncaa_identity: contest_id=1351460 teams 0/2078 matched, players 0/739 matched
2026-08-23 23:57:24,393 INFO ncaa_identity: contest_id=1351481 season=2010 league=wbb -- teams  not built; ids emitted as nulls
2026-08-23 23:57:24,399 INFO ncaa_identity: contest_id=1351481 teams 0/2528 matched, players 0/1022 matched
2026-08-23 23:57:25,643 INFO ncaa_identity: contest_id=1351491 season=2010 league=wbb -- teams  not built; ids emitted as nulls
2026-08-23 23:57:25,648 INFO ncaa_identity: contest_id=1351491 teams 0/2008 matched, players 0/690 matched
2026-08-23 23:57:26,639 INFO ncaa_identity: contest_id=1351531 season=2010 league=wbb -- teams  not built; ids emitted as nulls
2026-08-23 23:57:26,644 INFO ncaa_identity: contest_id=1351531 teams 0/2266 matched, players 0/713 matched
2026-08-23 23:57:27,786 INFO ncaa_identity: contest_id=1351554 season=2010 league=wbb -- teams  not built; ids emitted as nulls
2026-08-23 23:57:27,790 INFO ncaa_identity: contest_id=1351554 teams 0/1900 matched, players 0/756 matched
2026-08-23 23:57:29,362 INFO ncaa_identity: contest_id=1351660 season=2010 league=wbb -- teams  not built; ids emitted as nulls
2026-08-23 23:57:29,367 INFO ncaa_identity: contest_id=1351660 teams 0/2366 matched, players 0/919 matched
2026-08-23 23:57:30,337 INFO ncaa_identity: contest_id=1351673 season=2010 league=wbb -- teams  not built; ids emitted as nulls
2026-08-23 23:57:30,341 INFO ncaa_identity: contest_id=1351673 teams 0/1932 matched, players 0/642 matched
2026-08-23 23:57:31,680 INFO ncaa_identity: contest_id=1351686 season=2010 league=wbb -- teams  not built; ids emitted as nulls
2026-08-23 23:57:31,686 INFO ncaa_identity: contest_id=1351686 teams 0/2400 matched, players 0/967 matched
2026-08-23 23:57:32,952 INFO ncaa_identity: contest_id=1351716 season=2010 league=wbb -- teams  not built; ids emitted as nulls
2026-08-23 23:57:32,957 INFO ncaa_identity: contest_id=1351716 teams 0/2274 matched, players 0/812 matched
2026-08-23 23:57:34,229 INFO ncaa_identity: contest_id=1351727 season=2010 league=wbb -- teams  not built; ids emitted as nulls
2026-08-23 23:57:34,235 INFO ncaa_identity: contest_id=1351727 teams 0/2882 matched, players 0/1175 matched
2026-08-23 23:57:35,408 INFO ncaa_identity: contest_id=1351737 season=2010 league=wbb -- teams  not built; ids emitted as nulls
2026-08-23 23:57:35,411 INFO ncaa_identity: contest_id=1351737 teams 0/1664 matched, players 0/433 matched
2026-08-23 23:57:36,339 INFO ncaa_identity: contest_id=1351755 season=2010 league=wbb -- teams  not built; ids emitted as nulls
2026-08-23 23:57:36,342 INFO ncaa_identity: contest_id=1351755 teams 0/1740 matched, players 0/588 matched
2026-08-23 23:57:37,229 INFO ncaa_identity: contest_id=1351869 season=2010 league=wbb -- teams  not built; ids emitted as nulls
2026-08-23 23:57:37,233 INFO ncaa_identity: contest_id=1351869 teams 0/1838 matched, players 0/762 matched
2026-08-23 23:57:39,334 INFO ncaa_identity: contest_id=1351932 season=2010 league=wbb -- teams  not built; ids emitted as nulls
2026-08-23 23:57:39,340 INFO ncaa_identity: contest_id=1351932 teams 0/2646 matched, players 0/1121 matched
2026-08-23 23:57:40,399 INFO ncaa_identity: contest_id=1351991 season=2010 league=wbb -- teams  not built; ids emitted as nulls
2026-08-23 23:57:40,402 INFO ncaa_identity: contest_id=1351991 teams 0/1727 matched, players 0/627 matched
2026-08-23 23:57:41,429 INFO ncaa_identity: contest_id=1352027 season=2010 league=wbb -- teams  not built; ids emitted as nulls
2026-08-23 23:57:41,434 INFO ncaa_identity: contest_id=1352027 teams 0/2078 matched, players 0/747 matched
2026-08-23 23:57:42,367 INFO ncaa_identity: contest_id=1352056 season=2010 league=wbb -- teams  not built; ids emitted as nulls
2026-08-23 23:57:42,371 INFO ncaa_identity: contest_id=1352056 teams 0/1975 matched, players 0/679 matched
2026-08-23 23:57:43,577 INFO ncaa_identity: contest_id=1352114 season=2010 league=wbb -- teams  not built; ids emitted as nulls
2026-08-23 23:57:43,582 INFO ncaa_identity: contest_id=1352114 teams 0/1948 matched, players 0/662 matched
2026-08-23 23:57:44,460 INFO ncaa_identity: contest_id=1352146 season=2010 league=wbb -- teams  not built; ids emitted as nulls
2026-08-23 23:57:44,464 INFO ncaa_identity: contest_id=1352146 teams 0/1788 matched, players 0/528 matched
2026-08-23 23:57:45,530 INFO ncaa_identity: contest_id=1352165 season=2010 league=wbb -- teams  not built; ids emitted as nulls
2026-08-23 23:57:45,535 INFO ncaa_identity: contest_id=1352165 teams 0/1914 matched, players 0/721 matched
2026-08-23 23:57:46,740 INFO ncaa_identity: contest_id=1352197 season=2010 league=wbb -- teams  not built; ids emitted as nulls
2026-08-23 23:57:46,743 INFO ncaa_identity: contest_id=1352197 teams 0/1800 matched, players 0/590 matched
2026-08-23 23:57:48,244 INFO ncaa_identity: contest_id=1352207 season=2010 league=wbb -- teams  not built; ids emitted as nulls
2026-08-23 23:57:48,248 INFO ncaa_identity: contest_id=1352207 teams 0/1730 matched, players 0/669 matched
2026-08-23 23:57:49,457 INFO ncaa_identity: contest_id=1352220 season=2010 league=wbb -- teams  not built; ids emitted as nulls
2026-08-23 23:57:49,463 INFO ncaa_identity: contest_id=1352220 teams 0/2546 matched, players 0/1107 matched
2026-08-23 23:57:50,852 INFO ncaa_identity: contest_id=1352280 season=2010 league=wbb -- teams  not built; ids emitted as nulls
2026-08-23 23:57:50,857 INFO ncaa_identity: contest_id=1352280 teams 0/1999 matched, players 0/829 matched
2026-08-23 23:57:51,962 INFO ncaa_identity: contest_id=1352374 season=2010 league=wbb -- teams  not built; ids emitted as nulls
2026-08-23 23:57:51,968 INFO ncaa_identity: contest_id=1352374 teams 0/2304 matched, players 0/883 matched
2026-08-23 23:57:53,404 INFO ncaa_identity: contest_id=1352479 season=2010 league=wbb -- teams  not built; ids emitted as nulls
2026-08-23 23:57:53,412 INFO ncaa_identity: contest_id=1352479 teams 0/2410 matched, players 0/849 matched
2026-08-23 23:57:54,903 INFO ncaa_identity: contest_id=1352537 season=2010 league=wbb -- teams  not built; ids emitted as nulls
2026-08-23 23:57:54,907 INFO ncaa_identity: contest_id=1352537 teams 0/1880 matched, players 0/680 matched
2026-08-23 23:57:56,033 INFO ncaa_identity: contest_id=1352548 season=2010 league=wbb -- teams  not built; ids emitted as nulls
2026-08-23 23:57:56,039 INFO ncaa_identity: contest_id=1352548 teams 0/2092 matched, players 0/815 matched
2026-08-23 23:57:57,067 INFO ncaa_identity: contest_id=1352562 season=2010 league=wbb -- teams  not built; ids emitted as nulls
2026-08-23 23:57:57,071 INFO ncaa_identity: contest_id=1352562 teams 0/1840 matched, players 0/655 matched
2026-08-23 23:57:58,194 INFO ncaa_identity: contest_id=1352582 season=2010 league=wbb -- teams  not built; ids emitted as nulls
2026-08-23 23:57:58,197 INFO ncaa_identity: contest_id=1352582 teams 0/1740 matched, players 0/494 matched
2026-08-23 23:57:59,562 INFO ncaa_identity: contest_id=1352605 season=2010 league=wbb -- teams  not built; ids emitted as nulls
2026-08-23 23:57:59,566 INFO ncaa_identity: contest_id=1352605 teams 0/1688 matched, players 0/664 matched
2026-08-23 23:58:00,659 INFO ncaa_identity: contest_id=1352617 season=2010 league=wbb -- teams  not built; ids emitted as nulls
2026-08-23 23:58:00,665 INFO ncaa_identity: contest_id=1352617 teams 0/2168 matched, players 0/815 matched
2026-08-23 23:58:01,682 INFO ncaa_identity: contest_id=1352656 season=2010 league=wbb -- teams  not built; ids emitted as nulls
2026-08-23 23:58:01,686 INFO ncaa_identity: contest_id=1352656 teams 0/1746 matched, players 0/541 matched
2026-08-23 23:58:02,877 INFO ncaa_identity: contest_id=1352666 season=2010 league=wbb -- teams  not built; ids emitted as nulls
2026-08-23 23:58:02,881 INFO ncaa_identity: contest_id=1352666 teams 0/1912 matched, players 0/642 matched
2026-08-23 23:58:04,016 INFO ncaa_identity: contest_id=1352679 season=2010 league=wbb -- teams  not built; ids emitted as nulls
2026-08-23 23:58:04,026 INFO ncaa_identity: contest_id=1352679 teams 0/1806 matched, players 0/588 matched
2026-08-23 23:58:05,392 INFO ncaa_identity: contest_id=1352692 season=2010 league=wbb -- teams  not built; ids emitted as nulls
2026-08-23 23:58:05,397 INFO ncaa_identity: contest_id=1352692 teams 0/2290 matched, players 0/851 matched
2026-08-23 23:58:06,667 INFO ncaa_identity: contest_id=1352779 season=2010 league=wbb -- teams  not built; ids emitted as nulls
2026-08-23 23:58:06,671 INFO ncaa_identity: contest_id=1352779 teams 0/1489 matched, players 0/491 matched
2026-08-23 23:58:08,158 INFO ncaa_identity: contest_id=1352791 season=2010 league=wbb -- teams  not built; ids emitted as nulls
2026-08-23 23:58:08,163 INFO ncaa_identity: contest_id=1352791 teams 0/2506 matched, players 0/982 matched
2026-08-23 23:58:09,513 INFO ncaa_identity: contest_id=1352806 season=2010 league=wbb -- teams  not built; ids emitted as nulls
2026-08-23 23:58:09,516 INFO ncaa_identity: contest_id=1352806 teams 0/1852 matched, players 0/698 matched
2026-08-23 23:58:10,426 INFO ncaa_identity: contest_id=1352822 season=2010 league=wbb -- teams  not built; ids emitted as nulls
2026-08-23 23:58:10,429 INFO ncaa_identity: contest_id=1352822 teams 0/1680 matched, players 0/540 matched
2026-08-23 23:58:11,714 INFO ncaa_identity: contest_id=1352848 season=2010 league=wbb -- teams  not built; ids emitted as nulls
2026-08-23 23:58:11,718 INFO ncaa_identity: contest_id=1352848 teams 0/1665 matched, players 0/551 matched
2026-08-23 23:58:12,767 INFO ncaa_identity: contest_id=1352878 season=2010 league=wbb -- teams  not built; ids emitted as nulls
2026-08-23 23:58:12,771 INFO ncaa_identity: contest_id=1352878 teams 0/1768 matched, players 0/668 matched
2026-08-23 23:58:13,712 INFO ncaa_identity: contest_id=1352893 season=2010 league=wbb -- teams  not built; ids emitted as nulls
2026-08-23 23:58:13,715 INFO ncaa_identity: contest_id=1352893 teams 0/1406 matched, players 0/369 matched
2026-08-23 23:58:14,762 INFO ncaa_identity: contest_id=1352997 season=2010 league=wbb -- teams  not built; ids emitted as nulls
2026-08-23 23:58:14,765 INFO ncaa_identity: contest_id=1352997 teams 0/1780 matched, players 0/524 matched
2026-08-23 23:58:16,376 INFO ncaa_identity: contest_id=1353020 season=2010 league=wbb -- teams  not built; ids emitted as nulls
2026-08-23 23:58:16,388 INFO ncaa_identity: contest_id=1353020 teams 0/2110 matched, players 0/796 matched
2026-08-23 23:58:17,784 INFO ncaa_identity: contest_id=1353095 season=2010 league=wbb -- teams  not built; ids emitted as nulls
2026-08-23 23:58:17,793 INFO ncaa_identity: contest_id=1353095 teams 0/2144 matched, players 0/894 matched
2026-08-23 23:58:19,317 INFO ncaa_identity: contest_id=1353113 season=2010 league=wbb -- teams  not built; ids emitted as nulls
2026-08-23 23:58:19,322 INFO ncaa_identity: contest_id=1353113 teams 0/2110 matched, players 0/747 matched
2026-08-23 23:58:20,526 INFO ncaa_identity: contest_id=1353131 season=2010 league=wbb -- teams  not built; ids emitted as nulls
2026-08-23 23:58:20,529 INFO ncaa_identity: contest_id=1353131 teams 0/1828 matched, players 0/660 matched
2026-08-23 23:58:21,960 INFO ncaa_identity: contest_id=1353149 season=2010 league=wbb -- teams  not built; ids emitted as nulls
2026-08-23 23:58:21,968 INFO ncaa_identity: contest_id=1353149 teams 0/2694 matched, players 0/982 matched
2026-08-23 23:58:23,532 INFO ncaa_identity: contest_id=1353194 season=2010 league=wbb -- teams  not built; ids emitted as nulls
2026-08-23 23:58:23,536 INFO ncaa_identity: contest_id=1353194 teams 0/1945 matched, players 0/574 matched
2026-08-23 23:58:24,654 INFO ncaa_identity: contest_id=1353204 season=2010 league=wbb -- teams  not built; ids emitted as nulls
2026-08-23 23:58:24,662 INFO ncaa_identity: contest_id=1353204 teams 0/1780 matched, players 0/600 matched
2026-08-23 23:58:25,840 INFO ncaa_identity: contest_id=1353228 season=2010 league=wbb -- teams  not built; ids emitted as nulls
2026-08-23 23:58:25,844 INFO ncaa_identity: contest_id=1353228 teams 0/2210 matched, players 0/722 matched
2026-08-23 23:58:27,054 INFO ncaa_identity: contest_id=1353244 season=2010 league=wbb -- teams  not built; ids emitted as nulls
2026-08-23 23:58:27,058 INFO ncaa_identity: contest_id=1353244 teams 0/2032 matched, players 0/736 matched
2026-08-23 23:58:28,326 INFO ncaa_identity: contest_id=1353296 season=2010 league=wbb -- teams  not built; ids emitted as nulls
2026-08-23 23:58:28,333 INFO ncaa_identity: contest_id=1353296 teams 0/2480 matched, players 0/963 matched
2026-08-23 23:58:29,400 INFO ncaa_identity: contest_id=1353320 season=2010 league=wbb -- teams  not built; ids emitted as nulls
2026-08-23 23:58:29,403 INFO ncaa_identity: contest_id=1353320 teams 0/1676 matched, players 0/539 matched
2026-08-23 23:58:31,051 INFO ncaa_identity: contest_id=1353402 season=2010 league=wbb -- teams  not built; ids emitted as nulls
2026-08-23 23:58:31,056 INFO ncaa_identity: contest_id=1353402 teams 0/2396 matched, players 0/910 matched
2026-08-23 23:58:31,987 INFO ncaa_identity: contest_id=1353458 season=2010 league=wbb -- teams  not built; ids emitted as nulls
2026-08-23 23:58:31,991 INFO ncaa_identity: contest_id=1353458 teams 0/1534 matched, players 0/507 matched
2026-08-23 23:58:33,282 INFO ncaa_identity: contest_id=1353477 season=2010 league=wbb -- teams  not built; ids emitted as nulls
2026-08-23 23:58:33,287 INFO ncaa_identity: contest_id=1353477 teams 0/2608 matched, players 0/1086 matched
2026-08-23 23:58:34,314 INFO ncaa_identity: contest_id=1353487 season=2010 league=wbb -- teams  not built; ids emitted as nulls
2026-08-23 23:58:34,319 INFO ncaa_identity: contest_id=1353487 teams 0/2280 matched, players 0/887 matched
2026-08-23 23:58:35,312 INFO ncaa_identity: contest_id=1353497 season=2010 league=wbb -- teams  not built; ids emitted as nulls
2026-08-23 23:58:35,316 INFO ncaa_identity: contest_id=1353497 teams 0/1818 matched, players 0/545 matched
2026-08-23 23:58:36,548 INFO ncaa_identity: contest_id=1353562 season=2010 league=wbb -- teams  not built; ids emitted as nulls
2026-08-23 23:58:36,553 INFO ncaa_identity: contest_id=1353562 teams 0/1752 matched, players 0/611 matched
2026-08-23 23:58:37,630 INFO ncaa_identity: contest_id=1353583 season=2010 league=wbb -- teams  not built; ids emitted as nulls
2026-08-23 23:58:37,634 INFO ncaa_identity: contest_id=1353583 teams 0/1752 matched, players 0/613 matched
2026-08-23 23:58:38,499 INFO ncaa_identity: contest_id=1353626 season=2010 league=wbb -- teams  not built; ids emitted as nulls
2026-08-23 23:58:38,502 INFO ncaa_identity: contest_id=1353626 teams 0/1618 matched, players 0/515 matched
2026-08-23 23:58:39,726 INFO ncaa_identity: contest_id=1353654 season=2010 league=wbb -- teams  not built; ids emitted as nulls
2026-08-23 23:58:39,730 INFO ncaa_identity: contest_id=1353654 teams 0/1814 matched, players 0/718 matched
2026-08-23 23:58:40,751 INFO ncaa_identity: contest_id=1353679 season=2010 league=wbb -- teams  not built; ids emitted as nulls
2026-08-23 23:58:40,755 INFO ncaa_identity: contest_id=1353679 teams 0/1854 matched, players 0/714 matched
2026-08-23 23:58:41,673 INFO ncaa_identity: contest_id=1353695 season=2010 league=wbb -- teams  not built; ids emitted as nulls
2026-08-23 23:58:41,677 INFO ncaa_identity: contest_id=1353695 teams 0/1778 matched, players 0/659 matched
2026-08-23 23:58:42,495 INFO ncaa_identity: contest_id=1353722 season=2010 league=wbb -- teams  not built; ids emitted as nulls
2026-08-23 23:58:42,498 INFO ncaa_identity: contest_id=1353722 teams 0/1624 matched, players 0/582 matched
2026-08-23 23:58:43,641 INFO ncaa_identity: contest_id=1353762 season=2010 league=wbb -- teams  not built; ids emitted as nulls
2026-08-23 23:58:43,645 INFO ncaa_identity: contest_id=1353762 teams 0/1690 matched, players 0/670 matched
2026-08-23 23:58:44,710 INFO ncaa_identity: contest_id=1353841 season=2010 league=wbb -- teams  not built; ids emitted as nulls
2026-08-23 23:58:44,714 INFO ncaa_identity: contest_id=1353841 teams 0/1762 matched, players 0/658 matched
2026-08-23 23:58:45,691 INFO ncaa_identity: contest_id=1353856 season=2010 league=wbb -- teams  not built; ids emitted as nulls
2026-08-23 23:58:45,702 INFO ncaa_identity: contest_id=1353856 teams 0/1682 matched, players 0/526 matched
2026-08-23 23:58:47,021 INFO ncaa_identity: contest_id=1353869 season=2010 league=wbb -- teams  not built; ids emitted as nulls
2026-08-23 23:58:47,025 INFO ncaa_identity: contest_id=1353869 teams 0/1906 matched, players 0/678 matched
2026-08-23 23:58:48,146 INFO ncaa_identity: contest_id=1353883 season=2010 league=wbb -- teams  not built; ids emitted as nulls
2026-08-23 23:58:48,154 INFO ncaa_identity: contest_id=1353883 teams 0/1732 matched, players 0/549 matched
2026-08-23 23:58:49,306 INFO ncaa_identity: contest_id=1353906 season=2010 league=wbb -- teams  not built; ids emitted as nulls
2026-08-23 23:58:49,309 INFO ncaa_identity: contest_id=1353906 teams 0/1498 matched, players 0/392 matched
2026-08-23 23:58:50,577 INFO ncaa_identity: contest_id=1353955 season=2010 league=wbb -- teams  not built; ids emitted as nulls
2026-08-23 23:58:50,581 INFO ncaa_identity: contest_id=1353955 teams 0/1856 matched, players 0/652 matched
2026-08-23 23:58:51,511 INFO ncaa_identity: contest_id=1353969 season=2010 league=wbb -- teams  not built; ids emitted as nulls
2026-08-23 23:58:51,514 INFO ncaa_identity: contest_id=1353969 teams 0/1651 matched, players 0/585 matched
2026-08-23 23:58:52,638 INFO ncaa_identity: contest_id=1354041 season=2010 league=wbb -- teams  not built; ids emitted as nulls
2026-08-23 23:58:52,643 INFO ncaa_identity: contest_id=1354041 teams 0/2444 matched, players 0/985 matched
2026-08-23 23:58:53,825 INFO ncaa_identity: contest_id=1354142 season=2010 league=wbb -- teams  not built; ids emitted as nulls
2026-08-23 23:58:53,829 INFO ncaa_identity: contest_id=1354142 teams 0/1982 matched, players 0/728 matched
2026-08-23 23:58:55,207 INFO ncaa_identity: contest_id=1354200 season=2010 league=wbb -- teams  not built; ids emitted as nulls
2026-08-23 23:58:55,212 INFO ncaa_identity: contest_id=1354200 teams 0/1930 matched, players 0/730 matched
2026-08-23 23:58:56,320 INFO ncaa_identity: contest_id=1354210 season=2010 league=wbb -- teams  not built; ids emitted as nulls
2026-08-23 23:58:56,325 INFO ncaa_identity: contest_id=1354210 teams 0/1912 matched, players 0/666 matched
2026-08-23 23:58:57,298 INFO ncaa_identity: contest_id=1354227 season=2010 league=wbb -- teams  not built; ids emitted as nulls
2026-08-23 23:58:57,301 INFO ncaa_identity: contest_id=1354227 teams 0/1644 matched, players 0/446 matched
2026-08-23 23:58:58,748 INFO ncaa_identity: contest_id=1354281 season=2010 league=wbb -- teams  not built; ids emitted as nulls
2026-08-23 23:58:58,753 INFO ncaa_identity: contest_id=1354281 teams 0/1900 matched, players 0/679 matched
2026-08-23 23:58:59,898 INFO ncaa_identity: contest_id=1354333 season=2010 league=wbb -- teams  not built; ids emitted as nulls
2026-08-23 23:58:59,903 INFO ncaa_identity: contest_id=1354333 teams 0/1946 matched, players 0/735 matched
2026-08-23 23:59:01,354 INFO ncaa_identity: contest_id=1354352 season=2010 league=wbb -- teams  not built; ids emitted as nulls
2026-08-23 23:59:01,358 INFO ncaa_identity: contest_id=1354352 teams 0/1840 matched, players 0/527 matched
2026-08-23 23:59:02,477 INFO ncaa_identity: contest_id=1354375 season=2010 league=wbb -- teams  not built; ids emitted as nulls
2026-08-23 23:59:02,482 INFO ncaa_identity: contest_id=1354375 teams 0/1710 matched, players 0/650 matched
2026-08-23 23:59:03,561 INFO ncaa_identity: contest_id=1354385 season=2010 league=wbb -- teams  not built; ids emitted as nulls
2026-08-23 23:59:03,566 INFO ncaa_identity: contest_id=1354385 teams 0/1910 matched, players 0/647 matched
2026-08-23 23:59:04,783 INFO ncaa_identity: contest_id=1354419 season=2010 league=wbb -- teams  not built; ids emitted as nulls
2026-08-23 23:59:04,788 INFO ncaa_identity: contest_id=1354419 teams 0/1976 matched, players 0/721 matched
2026-08-23 23:59:06,200 INFO ncaa_identity: contest_id=1354452 season=2010 league=wbb -- teams  not built; ids emitted as nulls
2026-08-23 23:59:06,204 INFO ncaa_identity: contest_id=1354452 teams 0/2088 matched, players 0/632 matched
2026-08-23 23:59:07,261 INFO ncaa_identity: contest_id=1354511 season=2010 league=wbb -- teams  not built; ids emitted as nulls
2026-08-23 23:59:07,264 INFO ncaa_identity: contest_id=1354511 teams 0/1546 matched, players 0/480 matched
2026-08-23 23:59:08,382 INFO ncaa_identity: contest_id=1354530 season=2010 league=wbb -- teams  not built; ids emitted as nulls
2026-08-23 23:59:08,386 INFO ncaa_identity: contest_id=1354530 teams 0/1878 matched, players 0/652 matched
2026-08-23 23:59:09,546 INFO ncaa_identity: contest_id=1354541 season=2010 league=wbb -- teams  not built; ids emitted as nulls
2026-08-23 23:59:09,551 INFO ncaa_identity: contest_id=1354541 teams 0/2118 matched, players 0/817 matched
2026-08-23 23:59:10,914 INFO ncaa_identity: contest_id=1354551 season=2010 league=wbb -- teams  not built; ids emitted as nulls
2026-08-23 23:59:10,919 INFO ncaa_identity: contest_id=1354551 teams 0/2004 matched, players 0/714 matched
2026-08-23 23:59:12,230 INFO ncaa_identity: contest_id=1354580 season=2010 league=wbb -- teams  not built; ids emitted as nulls
2026-08-23 23:59:12,235 INFO ncaa_identity: contest_id=1354580 teams 0/2038 matched, players 0/817 matched
2026-08-23 23:59:13,255 INFO ncaa_identity: contest_id=1354590 season=2010 league=wbb -- teams  not built; ids emitted as nulls
2026-08-23 23:59:13,259 INFO ncaa_identity: contest_id=1354590 teams 0/1884 matched, players 0/663 matched
2026-08-23 23:59:14,467 INFO ncaa_identity: contest_id=1354611 season=2010 league=wbb -- teams  not built; ids emitted as nulls
2026-08-23 23:59:14,471 INFO ncaa_identity: contest_id=1354611 teams 0/1818 matched, players 0/728 matched
2026-08-23 23:59:15,523 INFO ncaa_identity: contest_id=1354638 season=2010 league=wbb -- teams  not built; ids emitted as nulls
2026-08-23 23:59:15,529 INFO ncaa_identity: contest_id=1354638 teams 0/2148 matched, players 0/737 matched
2026-08-23 23:59:16,597 INFO ncaa_identity: contest_id=1354667 season=2010 league=wbb -- teams  not built; ids emitted as nulls
2026-08-23 23:59:16,602 INFO ncaa_identity: contest_id=1354667 teams 0/2046 matched, players 0/698 matched
2026-08-23 23:59:17,820 INFO ncaa_identity: contest_id=1354691 season=2010 league=wbb -- teams  not built; ids emitted as nulls
2026-08-23 23:59:17,826 INFO ncaa_identity: contest_id=1354691 teams 0/2144 matched, players 0/693 matched
2026-08-23 23:59:18,696 INFO ncaa_identity: contest_id=1354739 season=2010 league=wbb -- teams  not built; ids emitted as nulls
2026-08-23 23:59:18,701 INFO ncaa_identity: contest_id=1354739 teams 0/1734 matched, players 0/569 matched
2026-08-23 23:59:19,591 INFO ncaa_identity: contest_id=1354796 season=2010 league=wbb -- teams  not built; ids emitted as nulls
2026-08-23 23:59:19,595 INFO ncaa_identity: contest_id=1354796 teams 0/1986 matched, players 0/686 matched
2026-08-23 23:59:20,859 INFO ncaa_identity: contest_id=1354873 season=2010 league=wbb -- teams  not built; ids emitted as nulls
2026-08-23 23:59:20,864 INFO ncaa_identity: contest_id=1354873 teams 0/2066 matched, players 0/835 matched
2026-08-23 23:59:21,750 INFO ncaa_identity: contest_id=1354885 season=2010 league=wbb -- teams  not built; ids emitted as nulls
2026-08-23 23:59:21,754 INFO ncaa_identity: contest_id=1354885 teams 0/1840 matched, players 0/630 matched
2026-08-23 23:59:22,965 INFO ncaa_identity: contest_id=1354895 season=2010 league=wbb -- teams  not built; ids emitted as nulls
2026-08-23 23:59:22,970 INFO ncaa_identity: contest_id=1354895 teams 0/2080 matched, players 0/705 matched
2026-08-23 23:59:24,150 INFO ncaa_identity: contest_id=1354929 season=2010 league=wbb -- teams  not built; ids emitted as nulls
2026-08-23 23:59:24,154 INFO ncaa_identity: contest_id=1354929 teams 0/1872 matched, players 0/691 matched
2026-08-23 23:59:25,197 INFO ncaa_identity: contest_id=1354940 season=2010 league=wbb -- teams  not built; ids emitted as nulls
2026-08-23 23:59:25,201 INFO ncaa_identity: contest_id=1354940 teams 0/1795 matched, players 0/671 matched
2026-08-23 23:59:26,180 INFO ncaa_identity: contest_id=1354952 season=2010 league=wbb -- teams  not built; ids emitted as nulls
2026-08-23 23:59:26,184 INFO ncaa_identity: contest_id=1354952 teams 0/1604 matched, players 0/576 matched
2026-08-23 23:59:27,111 INFO ncaa_identity: contest_id=1354963 season=2010 league=wbb -- teams  not built; ids emitted as nulls
2026-08-23 23:59:27,114 INFO ncaa_identity: contest_id=1354963 teams 0/1678 matched, players 0/446 matched
2026-08-23 23:59:28,305 INFO ncaa_identity: contest_id=1355025 season=2010 league=wbb -- teams  not built; ids emitted as nulls
2026-08-23 23:59:28,309 INFO ncaa_identity: contest_id=1355025 teams 0/1822 matched, players 0/648 matched
2026-08-23 23:59:29,253 INFO ncaa_identity: contest_id=1355117 season=2010 league=wbb -- teams  not built; ids emitted as nulls
2026-08-23 23:59:29,258 INFO ncaa_identity: contest_id=1355117 teams 0/1718 matched, players 0/637 matched
2026-08-23 23:59:30,307 INFO ncaa_identity: contest_id=1355127 season=2010 league=wbb -- teams  not built; ids emitted as nulls
2026-08-23 23:59:30,310 INFO ncaa_identity: contest_id=1355127 teams 0/1832 matched, players 0/543 matched
2026-08-23 23:59:31,617 INFO ncaa_identity: contest_id=1355137 season=2010 league=wbb -- teams  not built; ids emitted as nulls
2026-08-23 23:59:31,622 INFO ncaa_identity: contest_id=1355137 teams 0/2084 matched, players 0/714 matched
2026-08-23 23:59:32,682 INFO ncaa_identity: contest_id=1355148 season=2010 league=wbb -- teams  not built; ids emitted as nulls
2026-08-23 23:59:32,686 INFO ncaa_identity: contest_id=1355148 teams 0/1858 matched, players 0/626 matched
2026-08-23 23:59:33,643 INFO ncaa_identity: contest_id=1355225 season=2010 league=wbb -- teams  not built; ids emitted as nulls
2026-08-23 23:59:33,647 INFO ncaa_identity: contest_id=1355225 teams 0/1996 matched, players 0/623 matched
2026-08-23 23:59:35,133 INFO ncaa_identity: contest_id=1355243 season=2010 league=wbb -- teams  not built; ids emitted as nulls
2026-08-23 23:59:35,136 INFO ncaa_identity: contest_id=1355243 teams 0/1786 matched, players 0/583 matched
2026-08-23 23:59:36,378 INFO ncaa_identity: contest_id=1355256 season=2010 league=wbb -- teams  not built; ids emitted as nulls
2026-08-23 23:59:36,383 INFO ncaa_identity: contest_id=1355256 teams 0/1822 matched, players 0/724 matched
2026-08-23 23:59:37,470 INFO ncaa_identity: contest_id=1355267 season=2010 league=wbb -- teams  not built; ids emitted as nulls
2026-08-23 23:59:37,474 INFO ncaa_identity: contest_id=1355267 teams 0/1812 matched, players 0/554 matched
2026-08-23 23:59:38,907 INFO ncaa_identity: contest_id=1355277 season=2010 league=wbb -- teams  not built; ids emitted as nulls
2026-08-23 23:59:38,912 INFO ncaa_identity: contest_id=1355277 teams 0/2002 matched, players 0/861 matched
2026-08-23 23:59:40,128 INFO ncaa_identity: contest_id=1355287 season=2010 league=wbb -- teams  not built; ids emitted as nulls
2026-08-23 23:59:40,133 INFO ncaa_identity: contest_id=1355287 teams 0/2232 matched, players 0/902 matched
2026-08-23 23:59:41,206 INFO ncaa_identity: contest_id=1355411 season=2010 league=wbb -- teams  not built; ids emitted as nulls
2026-08-23 23:59:41,210 INFO ncaa_identity: contest_id=1355411 teams 0/1758 matched, players 0/742 matched
2026-08-23 23:59:42,858 INFO ncaa_identity: contest_id=1355426 season=2010 league=wbb -- teams  not built; ids emitted as nulls
2026-08-23 23:59:42,862 INFO ncaa_identity: contest_id=1355426 teams 0/2052 matched, players 0/714 matched
2026-08-23 23:59:43,935 INFO ncaa_identity: contest_id=1355525 season=2010 league=wbb -- teams  not built; ids emitted as nulls
2026-08-23 23:59:43,939 INFO ncaa_identity: contest_id=1355525 teams 0/1568 matched, players 0/499 matched
2026-08-23 23:59:45,062 INFO ncaa_identity: contest_id=1355535 season=2010 league=wbb -- teams  not built; ids emitted as nulls
2026-08-23 23:59:45,066 INFO ncaa_identity: contest_id=1355535 teams 0/1772 matched, players 0/681 matched
2026-08-23 23:59:46,551 INFO ncaa_identity: contest_id=1355546 season=2010 league=wbb -- teams  not built; ids emitted as nulls
2026-08-23 23:59:46,557 INFO ncaa_identity: contest_id=1355546 teams 0/2564 matched, players 0/1102 matched
2026-08-23 23:59:47,607 INFO ncaa_identity: contest_id=1355558 season=2010 league=wbb -- teams  not built; ids emitted as nulls
2026-08-23 23:59:47,611 INFO ncaa_identity: contest_id=1355558 teams 0/1740 matched, players 0/597 matched
2026-08-23 23:59:48,814 INFO ncaa_identity: contest_id=1355586 season=2010 league=wbb -- teams  not built; ids emitted as nulls
2026-08-23 23:59:48,818 INFO ncaa_identity: contest_id=1355586 teams 0/1842 matched, players 0/557 matched
2026-08-23 23:59:49,951 INFO ncaa_identity: contest_id=1355596 season=2010 league=wbb -- teams  not built; ids emitted as nulls
2026-08-23 23:59:49,957 INFO ncaa_identity: contest_id=1355596 teams 0/2466 matched, players 0/987 matched
2026-08-23 23:59:50,896 INFO ncaa_identity: contest_id=1355609 season=2010 league=wbb -- teams  not built; ids emitted as nulls
2026-08-23 23:59:50,901 INFO ncaa_identity: contest_id=1355609 teams 0/2064 matched, players 0/862 matched
2026-08-23 23:59:52,181 INFO ncaa_identity: contest_id=1355640 season=2010 league=wbb -- teams  not built; ids emitted as nulls
2026-08-23 23:59:52,184 INFO ncaa_identity: contest_id=1355640 teams 0/1765 matched, players 0/482 matched
2026-08-23 23:59:53,343 INFO ncaa_identity: contest_id=1355721 season=2010 league=wbb -- teams  not built; ids emitted as nulls
2026-08-23 23:59:53,348 INFO ncaa_identity: contest_id=1355721 teams 0/1966 matched, players 0/731 matched
2026-08-23 23:59:54,321 INFO ncaa_identity: contest_id=1355797 season=2010 league=wbb -- teams  not built; ids emitted as nulls
2026-08-23 23:59:54,326 INFO ncaa_identity: contest_id=1355797 teams 0/1730 matched, players 0/512 matched
2026-08-23 23:59:55,659 INFO ncaa_identity: contest_id=1355891 season=2010 league=wbb -- teams  not built; ids emitted as nulls
2026-08-23 23:59:55,664 INFO ncaa_identity: contest_id=1355891 teams 0/2102 matched, players 0/743 matched
2026-08-23 23:59:56,521 INFO ncaa_identity: contest_id=1355907 season=2010 league=wbb -- teams  not built; ids emitted as nulls
2026-08-23 23:59:56,525 INFO ncaa_identity: contest_id=1355907 teams 0/1843 matched, players 0/646 matched
2026-08-23 23:59:57,432 INFO ncaa_identity: contest_id=1355945 season=2010 league=wbb -- teams  not built; ids emitted as nulls
2026-08-23 23:59:57,444 INFO ncaa_identity: contest_id=1355945 teams 0/1636 matched, players 0/623 matched
2026-08-23 23:59:58,742 INFO ncaa_identity: contest_id=1355961 season=2010 league=wbb -- teams  not built; ids emitted as nulls
2026-08-23 23:59:58,749 INFO ncaa_identity: contest_id=1355961 teams 0/1904 matched, players 0/688 matched
2026-08-23 23:59:59,780 INFO ncaa_identity: contest_id=1355980 season=2010 league=wbb -- teams  not built; ids emitted as nulls
2026-08-23 23:59:59,786 INFO ncaa_identity: contest_id=1355980 teams 0/1826 matched, players 0/741 matched
2026-08-24 00:00:01,068 INFO ncaa_identity: contest_id=1355992 season=2010 league=wbb -- teams  not built; ids emitted as nulls
2026-08-24 00:00:01,075 INFO ncaa_identity: contest_id=1355992 teams 0/2626 matched, players 0/1105 matched
2026-08-24 00:00:02,586 INFO ncaa_identity: contest_id=1356003 season=2010 league=wbb -- teams  not built; ids emitted as nulls
2026-08-24 00:00:02,592 INFO ncaa_identity: contest_id=1356003 teams 0/2448 matched, players 0/936 matched
2026-08-24 00:00:03,645 INFO ncaa_identity: contest_id=1356036 season=2010 league=wbb -- teams  not built; ids emitted as nulls
2026-08-24 00:00:03,649 INFO ncaa_identity: contest_id=1356036 teams 0/1716 matched, players 0/638 matched
2026-08-24 00:00:04,705 INFO ncaa_identity: contest_id=1356084 season=2010 league=wbb -- teams  not built; ids emitted as nulls
2026-08-24 00:00:04,709 INFO ncaa_identity: contest_id=1356084 teams 0/1906 matched, players 0/790 matched
2026-08-24 00:00:06,105 INFO ncaa_identity: contest_id=1356134 season=2010 league=wbb -- teams  not built; ids emitted as nulls
2026-08-24 00:00:06,110 INFO ncaa_identity: contest_id=1356134 teams 0/1830 matched, players 0/723 matched
2026-08-24 00:00:07,131 INFO ncaa_identity: contest_id=1356199 season=2010 league=wbb -- teams  not built; ids emitted as nulls
2026-08-24 00:00:07,142 INFO ncaa_identity: contest_id=1356199 teams 0/1840 matched, players 0/676 matched
2026-08-24 00:00:07,253 INFO 5 starters not found for period 1; using estimate
2026-08-24 00:00:07,253 INFO 5 starters not found for period 1; using estimate
2026-08-24 00:00:07,253 INFO 5 starters not found for period 2; using estimate
2026-08-24 00:00:07,254 INFO 5 starters not found for period 2; using estimate
2026-08-24 00:00:08,206 INFO ncaa_identity: contest_id=1356235 season=2010 league=wbb -- teams  not built; ids emitted as nulls
2026-08-24 00:00:08,215 INFO ncaa_identity: contest_id=1356235 teams 0/1847 matched, players 0/2915 matched
2026-08-24 00:00:09,413 INFO ncaa_identity: contest_id=1356332 season=2010 league=wbb -- teams  not built; ids emitted as nulls
2026-08-24 00:00:09,418 INFO ncaa_identity: contest_id=1356332 teams 0/1948 matched, players 0/616 matched
2026-08-24 00:00:10,528 INFO ncaa_identity: contest_id=1356360 season=2010 league=wbb -- teams  not built; ids emitted as nulls
2026-08-24 00:00:10,541 INFO ncaa_identity: contest_id=1356360 teams 0/1912 matched, players 0/574 matched
2026-08-24 00:00:11,595 INFO ncaa_identity: contest_id=1356375 season=2010 league=wbb -- teams  not built; ids emitted as nulls
2026-08-24 00:00:11,598 INFO ncaa_identity: contest_id=1356375 teams 0/1846 matched, players 0/652 matched
2026-08-24 00:00:12,588 INFO ncaa_identity: contest_id=1356388 season=2010 league=wbb -- teams  not built; ids emitted as nulls
2026-08-24 00:00:12,595 INFO ncaa_identity: contest_id=1356388 teams 0/1950 matched, players 0/754 matched
2026-08-24 00:00:13,852 INFO ncaa_identity: contest_id=1356415 season=2010 league=wbb -- teams  not built; ids emitted as nulls
2026-08-24 00:00:13,857 INFO ncaa_identity: contest_id=1356415 teams 0/2012 matched, players 0/707 matched
2026-08-24 00:00:14,877 INFO ncaa_identity: contest_id=1356436 season=2010 league=wbb -- teams  not built; ids emitted as nulls
2026-08-24 00:00:14,882 INFO ncaa_identity: contest_id=1356436 teams 0/2080 matched, players 0/716 matched
2026-08-24 00:00:15,845 INFO ncaa_identity: contest_id=1356486 season=2010 league=wbb -- teams  not built; ids emitted as nulls
2026-08-24 00:00:15,849 INFO ncaa_identity: contest_id=1356486 teams 0/1760 matched, players 0/621 matched
2026-08-24 00:00:17,063 INFO ncaa_identity: contest_id=1356513 season=2010 league=wbb -- teams  not built; ids emitted as nulls
2026-08-24 00:00:17,066 INFO ncaa_identity: contest_id=1356513 teams 0/1476 matched, players 0/478 matched
2026-08-24 00:00:17,954 INFO ncaa_identity: contest_id=1356545 season=2010 league=wbb -- teams  not built; ids emitted as nulls
2026-08-24 00:00:17,958 INFO ncaa_identity: contest_id=1356545 teams 0/1918 matched, players 0/772 matched
2026-08-24 00:00:18,053 INFO 5 starters not found for period 1; using estimate
2026-08-24 00:00:18,054 INFO 5 starters not found for period 1; using estimate
2026-08-24 00:00:18,054 INFO 5 starters not found for period 2; using estimate
2026-08-24 00:00:18,055 INFO 5 starters not found for period 2; using estimate
2026-08-24 00:00:18,910 INFO ncaa_identity: contest_id=1356640 season=2010 league=wbb -- teams  not built; ids emitted as nulls
2026-08-24 00:00:18,919 INFO ncaa_identity: contest_id=1356640 teams 0/1934 matched, players 0/3426 matched
2026-08-24 00:00:20,299 INFO ncaa_identity: contest_id=1356656 season=2010 league=wbb -- teams  not built; ids emitted as nulls
2026-08-24 00:00:20,304 INFO ncaa_identity: contest_id=1356656 teams 0/2128 matched, players 0/875 matched
2026-08-24 00:00:21,184 INFO ncaa_identity: contest_id=1356673 season=2010 league=wbb -- teams  not built; ids emitted as nulls
2026-08-24 00:00:21,187 INFO ncaa_identity: contest_id=1356673 teams 0/1628 matched, players 0/504 matched
2026-08-24 00:00:22,268 INFO ncaa_identity: contest_id=1356724 season=2010 league=wbb -- teams  not built; ids emitted as nulls
2026-08-24 00:00:22,273 INFO ncaa_identity: contest_id=1356724 teams 0/2084 matched, players 0/768 matched
2026-08-24 00:00:23,826 INFO ncaa_identity: contest_id=1356810 season=2010 league=wbb -- teams  not built; ids emitted as nulls
2026-08-24 00:00:23,832 INFO ncaa_identity: contest_id=1356810 teams 0/2340 matched, players 0/992 matched
2026-08-24 00:00:24,745 INFO ncaa_identity: contest_id=1356820 season=2010 league=wbb -- teams  not built; ids emitted as nulls
2026-08-24 00:00:24,749 INFO ncaa_identity: contest_id=1356820 teams 0/1800 matched, players 0/742 matched
2026-08-24 00:00:25,775 INFO ncaa_identity: contest_id=1356909 season=2010 league=wbb -- teams  not built; ids emitted as nulls
2026-08-24 00:00:25,782 INFO ncaa_identity: contest_id=1356909 teams 0/2198 matched, players 0/860 matched
2026-08-24 00:00:26,965 INFO ncaa_identity: contest_id=1356931 season=2010 league=wbb -- teams  not built; ids emitted as nulls
2026-08-24 00:00:26,969 INFO ncaa_identity: contest_id=1356931 teams 0/1534 matched, players 0/592 matched
2026-08-24 00:00:28,036 INFO ncaa_identity: contest_id=1356949 season=2010 league=wbb -- teams  not built; ids emitted as nulls
2026-08-24 00:00:28,040 INFO ncaa_identity: contest_id=1356949 teams 0/1986 matched, players 0/807 matched
2026-08-24 00:00:29,054 INFO ncaa_identity: contest_id=1356963 season=2010 league=wbb -- teams  not built; ids emitted as nulls
2026-08-24 00:00:29,059 INFO ncaa_identity: contest_id=1356963 teams 0/1783 matched, players 0/707 matched
2026-08-24 00:00:30,015 INFO ncaa_identity: contest_id=1356974 season=2010 league=wbb -- teams  not built; ids emitted as nulls
2026-08-24 00:00:30,019 INFO ncaa_identity: contest_id=1356974 teams 0/1766 matched, players 0/619 matched
2026-08-24 00:00:31,240 INFO ncaa_identity: contest_id=1356985 season=2010 league=wbb -- teams  not built; ids emitted as nulls
2026-08-24 00:00:31,243 INFO ncaa_identity: contest_id=1356985 teams 0/1556 matched, players 0/486 matched
2026-08-24 00:00:32,455 INFO ncaa_identity: contest_id=1357015 season=2010 league=wbb -- teams  not built; ids emitted as nulls
2026-08-24 00:00:32,460 INFO ncaa_identity: contest_id=1357015 teams 0/2068 matched, players 0/824 matched
2026-08-24 00:00:33,512 INFO ncaa_identity: contest_id=1357028 season=2010 league=wbb -- teams  not built; ids emitted as nulls
2026-08-24 00:00:33,516 INFO ncaa_identity: contest_id=1357028 teams 0/1766 matched, players 0/702 matched
2026-08-24 00:00:34,814 INFO ncaa_identity: contest_id=1357051 season=2010 league=wbb -- teams  not built; ids emitted as nulls
2026-08-24 00:00:34,818 INFO ncaa_identity: contest_id=1357051 teams 0/1638 matched, players 0/556 matched
2026-08-24 00:00:35,904 INFO ncaa_identity: contest_id=1357064 season=2010 league=wbb -- teams  not built; ids emitted as nulls
2026-08-24 00:00:35,909 INFO ncaa_identity: contest_id=1357064 teams 0/2058 matched, players 0/796 matched
2026-08-24 00:00:37,048 INFO ncaa_identity: contest_id=1357080 season=2010 league=wbb -- teams  not built; ids emitted as nulls
2026-08-24 00:00:37,055 INFO ncaa_identity: contest_id=1357080 teams 0/2018 matched, players 0/745 matched
2026-08-24 00:00:38,220 INFO ncaa_identity: contest_id=1357096 season=2010 league=wbb -- teams  not built; ids emitted as nulls
2026-08-24 00:00:38,225 INFO ncaa_identity: contest_id=1357096 teams 0/1960 matched, players 0/643 matched
2026-08-24 00:00:39,234 INFO ncaa_identity: contest_id=1357126 season=2010 league=wbb -- teams  not built; ids emitted as nulls
2026-08-24 00:00:39,238 INFO ncaa_identity: contest_id=1357126 teams 0/1554 matched, players 0/559 matched
2026-08-24 00:00:40,117 INFO ncaa_identity: contest_id=1357147 season=2010 league=wbb -- teams  not built; ids emitted as nulls
2026-08-24 00:00:40,121 INFO ncaa_identity: contest_id=1357147 teams 0/1812 matched, players 0/600 matched
2026-08-24 00:00:41,279 INFO ncaa_identity: contest_id=1357231 season=2010 league=wbb -- teams  not built; ids emitted as nulls
2026-08-24 00:00:41,283 INFO ncaa_identity: contest_id=1357231 teams 0/2046 matched, players 0/760 matched
2026-08-24 00:00:42,313 INFO ncaa_identity: contest_id=1357261 season=2010 league=wbb -- teams  not built; ids emitted as nulls
2026-08-24 00:00:42,317 INFO ncaa_identity: contest_id=1357261 teams 0/1916 matched, players 0/640 matched
2026-08-24 00:00:43,207 INFO ncaa_identity: contest_id=1357278 season=2010 league=wbb -- teams  not built; ids emitted as nulls
2026-08-24 00:00:43,212 INFO ncaa_identity: contest_id=1357278 teams 0/1984 matched, players 0/759 matched
2026-08-24 00:00:44,207 INFO ncaa_identity: contest_id=1357324 season=2010 league=wbb -- teams  not built; ids emitted as nulls
2026-08-24 00:00:44,211 INFO ncaa_identity: contest_id=1357324 teams 0/1948 matched, players 0/682 matched
2026-08-24 00:00:45,539 INFO ncaa_identity: contest_id=1357351 season=2010 league=wbb -- teams  not built; ids emitted as nulls
2026-08-24 00:00:45,544 INFO ncaa_identity: contest_id=1357351 teams 0/2058 matched, players 0/845 matched
2026-08-24 00:00:46,426 INFO ncaa_identity: contest_id=1357361 season=2010 league=wbb -- teams  not built; ids emitted as nulls
2026-08-24 00:00:46,431 INFO ncaa_identity: contest_id=1357361 teams 0/1998 matched, players 0/762 matched
2026-08-24 00:00:47,458 INFO ncaa_identity: contest_id=1357371 season=2010 league=wbb -- teams  not built; ids emitted as nulls
2026-08-24 00:00:47,463 INFO ncaa_identity: contest_id=1357371 teams 0/2220 matched, players 0/871 matched
2026-08-24 00:00:48,780 INFO ncaa_identity: contest_id=1357394 season=2010 league=wbb -- teams  not built; ids emitted as nulls
2026-08-24 00:00:48,786 INFO ncaa_identity: contest_id=1357394 teams 0/2220 matched, players 0/1033 matched
2026-08-24 00:00:50,044 INFO ncaa_identity: contest_id=1357422 season=2010 league=wbb -- teams  not built; ids emitted as nulls
2026-08-24 00:00:50,048 INFO ncaa_identity: contest_id=1357422 teams 0/1782 matched, players 0/630 matched
2026-08-24 00:00:51,678 INFO ncaa_identity: contest_id=1357448 season=2010 league=wbb -- teams  not built; ids emitted as nulls
2026-08-24 00:00:51,683 INFO ncaa_identity: contest_id=1357448 teams 0/2304 matched, players 0/883 matched
2026-08-24 00:00:52,973 INFO ncaa_identity: contest_id=1357471 season=2010 league=wbb -- teams  not built; ids emitted as nulls
2026-08-24 00:00:52,979 INFO ncaa_identity: contest_id=1357471 teams 0/2388 matched, players 0/991 matched
2026-08-24 00:00:54,188 INFO ncaa_identity: contest_id=1357484 season=2010 league=wbb -- teams  not built; ids emitted as nulls
2026-08-24 00:00:54,193 INFO ncaa_identity: contest_id=1357484 teams 0/2110 matched, players 0/830 matched
2026-08-24 00:00:55,753 INFO ncaa_identity: contest_id=1357556 season=2010 league=wbb -- teams  not built; ids emitted as nulls
2026-08-24 00:00:55,764 INFO ncaa_identity: contest_id=1357556 teams 0/2110 matched, players 0/847 matched
2026-08-24 00:00:57,162 INFO ncaa_identity: contest_id=1357573 season=2010 league=wbb -- teams  not built; ids emitted as nulls
2026-08-24 00:00:57,169 INFO ncaa_identity: contest_id=1357573 teams 0/2514 matched, players 0/1071 matched
2026-08-24 00:00:58,257 INFO ncaa_identity: contest_id=1357622 season=2010 league=wbb -- teams  not built; ids emitted as nulls
2026-08-24 00:00:58,260 INFO ncaa_identity: contest_id=1357622 teams 0/1672 matched, players 0/567 matched
2026-08-24 00:00:59,721 INFO ncaa_identity: contest_id=1357638 season=2010 league=wbb -- teams  not built; ids emitted as nulls
2026-08-24 00:00:59,726 INFO ncaa_identity: contest_id=1357638 teams 0/2122 matched, players 0/747 matched
2026-08-24 00:01:00,949 INFO ncaa_identity: contest_id=1357648 season=2010 league=wbb -- teams  not built; ids emitted as nulls
2026-08-24 00:01:00,954 INFO ncaa_identity: contest_id=1357648 teams 0/2056 matched, players 0/659 matched
2026-08-24 00:01:02,193 INFO ncaa_identity: contest_id=1357659 season=2010 league=wbb -- teams  not built; ids emitted as nulls
2026-08-24 00:01:02,197 INFO ncaa_identity: contest_id=1357659 teams 0/1942 matched, players 0/700 matched
2026-08-24 00:01:03,527 INFO ncaa_identity: contest_id=1357676 season=2010 league=wbb -- teams  not built; ids emitted as nulls
2026-08-24 00:01:03,531 INFO ncaa_identity: contest_id=1357676 teams 0/1744 matched, players 0/681 matched
2026-08-24 00:01:04,772 INFO ncaa_identity: contest_id=1357719 season=2010 league=wbb -- teams  not built; ids emitted as nulls
2026-08-24 00:01:04,776 INFO ncaa_identity: contest_id=1357719 teams 0/1942 matched, players 0/640 matched
2026-08-24 00:01:05,948 INFO ncaa_identity: contest_id=1357730 season=2010 league=wbb -- teams  not built; ids emitted as nulls
2026-08-24 00:01:05,952 INFO ncaa_identity: contest_id=1357730 teams 0/1732 matched, players 0/697 matched
2026-08-24 00:01:07,549 INFO ncaa_identity: contest_id=1357764 season=2010 league=wbb -- teams  not built; ids emitted as nulls
2026-08-24 00:01:07,553 INFO ncaa_identity: contest_id=1357764 teams 0/1898 matched, players 0/748 matched
2026-08-24 00:01:08,831 INFO ncaa_identity: contest_id=1357778 season=2010 league=wbb -- teams  not built; ids emitted as nulls
2026-08-24 00:01:08,834 INFO ncaa_identity: contest_id=1357778 teams 0/1566 matched, players 0/473 matched
2026-08-24 00:01:10,314 INFO ncaa_identity: contest_id=1357788 season=2010 league=wbb -- teams  not built; ids emitted as nulls
2026-08-24 00:01:10,322 INFO ncaa_identity: contest_id=1357788 teams 0/2234 matched, players 0/863 matched
2026-08-24 00:01:11,690 INFO ncaa_identity: contest_id=1357840 season=2010 league=wbb -- teams  not built; ids emitted as nulls
2026-08-24 00:01:11,696 INFO ncaa_identity: contest_id=1357840 teams 0/2248 matched, players 0/869 matched
2026-08-24 00:01:13,203 INFO ncaa_identity: contest_id=1357850 season=2010 league=wbb -- teams  not built; ids emitted as nulls
2026-08-24 00:01:13,208 INFO ncaa_identity: contest_id=1357850 teams 0/1940 matched, players 0/679 matched
2026-08-24 00:01:14,742 INFO ncaa_identity: contest_id=1357871 season=2010 league=wbb -- teams  not built; ids emitted as nulls
2026-08-24 00:01:14,747 INFO ncaa_identity: contest_id=1357871 teams 0/1912 matched, players 0/700 matched
2026-08-24 00:01:16,120 INFO ncaa_identity: contest_id=1357885 season=2010 league=wbb -- teams  not built; ids emitted as nulls
2026-08-24 00:01:16,143 INFO ncaa_identity: contest_id=1357885 teams 0/1836 matched, players 0/623 matched
2026-08-24 00:01:17,897 INFO ncaa_identity: contest_id=1357907 season=2010 league=wbb -- teams  not built; ids emitted as nulls
2026-08-24 00:01:17,902 INFO ncaa_identity: contest_id=1357907 teams 0/2171 matched, players 0/803 matched
2026-08-24 00:01:18,775 INFO ncaa_identity: contest_id=1357920 season=2010 league=wbb -- teams  not built; ids emitted as nulls
2026-08-24 00:01:18,778 INFO ncaa_identity: contest_id=1357920 teams 0/1342 matched, players 0/353 matched
2026-08-24 00:01:20,147 INFO ncaa_identity: contest_id=1357931 season=2010 league=wbb -- teams  not built; ids emitted as nulls
2026-08-24 00:01:20,151 INFO ncaa_identity: contest_id=1357931 teams 0/1774 matched, players 0/720 matched
2026-08-24 00:01:21,505 INFO ncaa_identity: contest_id=1357959 season=2010 league=wbb -- teams  not built; ids emitted as nulls
2026-08-24 00:01:21,509 INFO ncaa_identity: contest_id=1357959 teams 0/2072 matched, players 0/749 matched
2026-08-24 00:01:23,138 INFO ncaa_identity: contest_id=1357987 season=2010 league=wbb -- teams  not built; ids emitted as nulls
2026-08-24 00:01:23,142 INFO ncaa_identity: contest_id=1357987 teams 0/1994 matched, players 0/788 matched
2026-08-24 00:01:24,453 INFO ncaa_identity: contest_id=1358009 season=2010 league=wbb -- teams  not built; ids emitted as nulls
2026-08-24 00:01:24,457 INFO ncaa_identity: contest_id=1358009 teams 0/1698 matched, players 0/577 matched
2026-08-24 00:01:26,192 INFO ncaa_identity: contest_id=1358029 season=2010 league=wbb -- teams  not built; ids emitted as nulls
2026-08-24 00:01:26,198 INFO ncaa_identity: contest_id=1358029 teams 0/2326 matched, players 0/783 matched
2026-08-24 00:01:27,582 INFO ncaa_identity: contest_id=1358048 season=2010 league=wbb -- teams  not built; ids emitted as nulls
2026-08-24 00:01:27,592 INFO ncaa_identity: contest_id=1358048 teams 0/1838 matched, players 0/620 matched
2026-08-24 00:01:28,576 INFO ncaa_identity: contest_id=1358062 season=2010 league=wbb -- teams  not built; ids emitted as nulls
2026-08-24 00:01:28,581 INFO ncaa_identity: contest_id=1358062 teams 0/2034 matched, players 0/732 matched
2026-08-24 00:01:30,226 INFO ncaa_identity: contest_id=1358074 season=2010 league=wbb -- teams  not built; ids emitted as nulls
2026-08-24 00:01:30,231 INFO ncaa_identity: contest_id=1358074 teams 0/2066 matched, players 0/779 matched
2026-08-24 00:01:31,493 INFO ncaa_identity: contest_id=1358094 season=2010 league=wbb -- teams  not built; ids emitted as nulls
2026-08-24 00:01:31,498 INFO ncaa_identity: contest_id=1358094 teams 0/1912 matched, players 0/730 matched
2026-08-24 00:01:32,786 INFO ncaa_identity: contest_id=1358104 season=2010 league=wbb -- teams  not built; ids emitted as nulls
2026-08-24 00:01:32,790 INFO ncaa_identity: contest_id=1358104 teams 0/2140 matched, players 0/880 matched
2026-08-24 00:01:33,900 INFO ncaa_identity: contest_id=1358140 season=2010 league=wbb -- teams  not built; ids emitted as nulls
2026-08-24 00:01:33,905 INFO ncaa_identity: contest_id=1358140 teams 0/1646 matched, players 0/648 matched
2026-08-24 00:01:35,073 INFO ncaa_identity: contest_id=1358158 season=2010 league=wbb -- teams  not built; ids emitted as nulls
2026-08-24 00:01:35,077 INFO ncaa_identity: contest_id=1358158 teams 0/1720 matched, players 0/585 matched
2026-08-24 00:01:36,314 INFO ncaa_identity: contest_id=1358184 season=2010 league=wbb -- teams  not built; ids emitted as nulls
2026-08-24 00:01:36,319 INFO ncaa_identity: contest_id=1358184 teams 0/2154 matched, players 0/888 matched
2026-08-24 00:01:37,758 INFO ncaa_identity: contest_id=1358198 season=2010 league=wbb -- teams  not built; ids emitted as nulls
2026-08-24 00:01:37,762 INFO ncaa_identity: contest_id=1358198 teams 0/1868 matched, players 0/656 matched
2026-08-24 00:01:39,513 INFO ncaa_identity: contest_id=1358220 season=2010 league=wbb -- teams  not built; ids emitted as nulls
2026-08-24 00:01:39,517 INFO ncaa_identity: contest_id=1358220 teams 0/1976 matched, players 0/703 matched
2026-08-24 00:01:40,654 INFO ncaa_identity: contest_id=1358235 season=2010 league=wbb -- teams  not built; ids emitted as nulls
2026-08-24 00:01:40,658 INFO ncaa_identity: contest_id=1358235 teams 0/1964 matched, players 0/612 matched
2026-08-24 00:01:41,769 INFO ncaa_identity: contest_id=1358248 season=2010 league=wbb -- teams  not built; ids emitted as nulls
2026-08-24 00:01:41,778 INFO ncaa_identity: contest_id=1358248 teams 0/1908 matched, players 0/703 matched
2026-08-24 00:01:43,838 INFO ncaa_identity: contest_id=1358265 season=2010 league=wbb -- teams  not built; ids emitted as nulls
2026-08-24 00:01:43,842 INFO ncaa_identity: contest_id=1358265 teams 0/2119 matched, players 0/658 matched
2026-08-24 00:01:45,119 INFO ncaa_identity: contest_id=1358279 season=2010 league=wbb -- teams  not built; ids emitted as nulls
2026-08-24 00:01:45,123 INFO ncaa_identity: contest_id=1358279 teams 0/1894 matched, players 0/688 matched
2026-08-24 00:01:46,791 INFO ncaa_identity: contest_id=1358303 season=2010 league=wbb -- teams  not built; ids emitted as nulls
2026-08-24 00:01:46,795 INFO ncaa_identity: contest_id=1358303 teams 0/1788 matched, players 0/638 matched
2026-08-24 00:01:47,930 INFO ncaa_identity: contest_id=1358324 season=2010 league=wbb -- teams  not built; ids emitted as nulls
2026-08-24 00:01:47,937 INFO ncaa_identity: contest_id=1358324 teams 0/1780 matched, players 0/644 matched
2026-08-24 00:01:49,578 INFO ncaa_identity: contest_id=1358339 season=2010 league=wbb -- teams  not built; ids emitted as nulls
2026-08-24 00:01:49,583 INFO ncaa_identity: contest_id=1358339 teams 0/2162 matched, players 0/740 matched
2026-08-24 00:01:51,307 INFO ncaa_identity: contest_id=1358355 season=2010 league=wbb -- teams  not built; ids emitted as nulls
2026-08-24 00:01:51,312 INFO ncaa_identity: contest_id=1358355 teams 0/2033 matched, players 0/827 matched
2026-08-24 00:01:52,445 INFO ncaa_identity: contest_id=1358370 season=2010 league=wbb -- teams  not built; ids emitted as nulls
2026-08-24 00:01:52,449 INFO ncaa_identity: contest_id=1358370 teams 0/2038 matched, players 0/518 matched
2026-08-24 00:01:53,565 INFO ncaa_identity: contest_id=1358383 season=2010 league=wbb -- teams  not built; ids emitted as nulls
2026-08-24 00:01:53,569 INFO ncaa_identity: contest_id=1358383 teams 0/1994 matched, players 0/661 matched
2026-08-24 00:01:54,968 INFO ncaa_identity: contest_id=1358401 season=2010 league=wbb -- teams  not built; ids emitted as nulls
2026-08-24 00:01:54,972 INFO ncaa_identity: contest_id=1358401 teams 0/1942 matched, players 0/747 matched
2026-08-24 00:01:56,313 INFO ncaa_identity: contest_id=1358415 season=2010 league=wbb -- teams  not built; ids emitted as nulls
2026-08-24 00:01:56,316 INFO ncaa_identity: contest_id=1358415 teams 0/1668 matched, players 0/599 matched
2026-08-24 00:01:57,750 INFO ncaa_identity: contest_id=1358428 season=2010 league=wbb -- teams  not built; ids emitted as nulls
2026-08-24 00:01:57,755 INFO ncaa_identity: contest_id=1358428 teams 0/2036 matched, players 0/828 matched
2026-08-24 00:01:59,107 INFO ncaa_identity: contest_id=1358438 season=2010 league=wbb -- teams  not built; ids emitted as nulls
2026-08-24 00:01:59,111 INFO ncaa_identity: contest_id=1358438 teams 0/1710 matched, players 0/573 matched
2026-08-24 00:02:00,382 INFO ncaa_identity: contest_id=1358448 season=2010 league=wbb -- teams  not built; ids emitted as nulls
2026-08-24 00:02:00,387 INFO ncaa_identity: contest_id=1358448 teams 0/2116 matched, players 0/817 matched
2026-08-24 00:02:01,470 INFO ncaa_identity: contest_id=1358459 season=2010 league=wbb -- teams  not built; ids emitted as nulls
2026-08-24 00:02:01,476 INFO ncaa_identity: contest_id=1358459 teams 0/1744 matched, players 0/577 matched
2026-08-24 00:02:02,726 INFO ncaa_identity: contest_id=1358469 season=2010 league=wbb -- teams  not built; ids emitted as nulls
2026-08-24 00:02:02,736 INFO ncaa_identity: contest_id=1358469 teams 0/1859 matched, players 0/708 matched
2026-08-24 00:02:03,834 INFO ncaa_identity: contest_id=1358482 season=2010 league=wbb -- teams  not built; ids emitted as nulls
2026-08-24 00:02:03,838 INFO ncaa_identity: contest_id=1358482 teams 0/1668 matched, players 0/540 matched
2026-08-24 00:02:05,191 INFO ncaa_identity: contest_id=1358492 season=2010 league=wbb -- teams  not built; ids emitted as nulls
2026-08-24 00:02:05,195 INFO ncaa_identity: contest_id=1358492 teams 0/1704 matched, players 0/594 matched
2026-08-24 00:02:06,308 INFO ncaa_identity: contest_id=1358502 season=2010 league=wbb -- teams  not built; ids emitted as nulls
2026-08-24 00:02:06,312 INFO ncaa_identity: contest_id=1358502 teams 0/2076 matched, players 0/656 matched
2026-08-24 00:02:07,435 INFO ncaa_identity: contest_id=1358527 season=2010 league=wbb -- teams  not built; ids emitted as nulls
2026-08-24 00:02:07,439 INFO ncaa_identity: contest_id=1358527 teams 0/1792 matched, players 0/662 matched
2026-08-24 00:02:08,901 INFO ncaa_identity: contest_id=1358556 season=2010 league=wbb -- teams  not built; ids emitted as nulls
2026-08-24 00:02:08,906 INFO ncaa_identity: contest_id=1358556 teams 0/1994 matched, players 0/798 matched
2026-08-24 00:02:10,134 INFO ncaa_identity: contest_id=1358569 season=2010 league=wbb -- teams  not built; ids emitted as nulls
2026-08-24 00:02:10,139 INFO ncaa_identity: contest_id=1358569 teams 0/2034 matched, players 0/836 matched
2026-08-24 00:02:11,219 INFO ncaa_identity: contest_id=1358589 season=2010 league=wbb -- teams  not built; ids emitted as nulls
2026-08-24 00:02:11,223 INFO ncaa_identity: contest_id=1358589 teams 0/1864 matched, players 0/671 matched
2026-08-24 00:02:13,065 INFO ncaa_identity: contest_id=1358612 season=2010 league=wbb -- teams  not built; ids emitted as nulls
2026-08-24 00:02:13,070 INFO ncaa_identity: contest_id=1358612 teams 0/2032 matched, players 0/685 matched
2026-08-24 00:02:14,482 INFO ncaa_identity: contest_id=1358627 season=2010 league=wbb -- teams  not built; ids emitted as nulls
2026-08-24 00:02:14,487 INFO ncaa_identity: contest_id=1358627 teams 0/2132 matched, players 0/886 matched
2026-08-24 00:02:16,010 INFO ncaa_identity: contest_id=1358650 season=2010 league=wbb -- teams  not built; ids emitted as nulls
2026-08-24 00:02:16,014 INFO ncaa_identity: contest_id=1358650 teams 0/1864 matched, players 0/791 matched
2026-08-24 00:02:17,386 INFO ncaa_identity: contest_id=1358660 season=2010 league=wbb -- teams  not built; ids emitted as nulls
2026-08-24 00:02:17,392 INFO ncaa_identity: contest_id=1358660 teams 0/2612 matched, players 0/1037 matched
2026-08-24 00:02:18,498 INFO ncaa_identity: contest_id=1358670 season=2010 league=wbb -- teams  not built; ids emitted as nulls
2026-08-24 00:02:18,502 INFO ncaa_identity: contest_id=1358670 teams 0/2162 matched, players 0/779 matched
2026-08-24 00:02:20,262 INFO ncaa_identity: contest_id=1358680 season=2010 league=wbb -- teams  not built; ids emitted as nulls
2026-08-24 00:02:20,267 INFO ncaa_identity: contest_id=1358680 teams 0/2286 matched, players 0/895 matched
2026-08-24 00:02:21,234 INFO ncaa_identity: contest_id=1358692 season=2010 league=wbb -- teams  not built; ids emitted as nulls
2026-08-24 00:02:21,238 INFO ncaa_identity: contest_id=1358692 teams 0/1930 matched, players 0/769 matched
2026-08-24 00:02:22,351 INFO ncaa_identity: contest_id=1358704 season=2010 league=wbb -- teams  not built; ids emitted as nulls
2026-08-24 00:02:22,356 INFO ncaa_identity: contest_id=1358704 teams 0/2184 matched, players 0/795 matched
2026-08-24 00:02:23,920 INFO ncaa_identity: contest_id=1358715 season=2010 league=wbb -- teams  not built; ids emitted as nulls
2026-08-24 00:02:23,924 INFO ncaa_identity: contest_id=1358715 teams 0/2090 matched, players 0/786 matched
2026-08-24 00:02:25,078 INFO ncaa_identity: contest_id=1358725 season=2010 league=wbb -- teams  not built; ids emitted as nulls
2026-08-24 00:02:25,097 INFO ncaa_identity: contest_id=1358725 teams 0/2321 matched, players 0/6596 matched
2026-08-24 00:02:26,447 INFO ncaa_identity: contest_id=1358735 season=2010 league=wbb -- teams  not built; ids emitted as nulls
2026-08-24 00:02:26,451 INFO ncaa_identity: contest_id=1358735 teams 0/1930 matched, players 0/726 matched
2026-08-24 00:02:26,884 WARNING ncaa_parse: family=lineups contest_id=1358746 team=Baylor produced NO good stints (12 bad, roster=9) -- parsed successfully but contributed nothing
2026-08-24 00:02:27,573 INFO ncaa_identity: contest_id=1358746 season=2010 league=wbb -- teams  not built; ids emitted as nulls
2026-08-24 00:02:27,577 INFO ncaa_identity: contest_id=1358746 teams 0/1952 matched, players 0/598 matched
2026-08-24 00:02:28,745 INFO ncaa_identity: contest_id=1358758 season=2010 league=wbb -- teams  not built; ids emitted as nulls
2026-08-24 00:02:28,750 INFO ncaa_identity: contest_id=1358758 teams 0/2210 matched, players 0/874 matched
2026-08-24 00:02:30,072 INFO ncaa_identity: contest_id=1358772 season=2010 league=wbb -- teams  not built; ids emitted as nulls
2026-08-24 00:02:30,077 INFO ncaa_identity: contest_id=1358772 teams 0/1950 matched, players 0/740 matched
2026-08-24 00:02:31,211 INFO ncaa_identity: contest_id=1358783 season=2010 league=wbb -- teams  not built; ids emitted as nulls
2026-08-24 00:02:31,214 INFO ncaa_identity: contest_id=1358783 teams 0/1726 matched, players 0/511 matched
2026-08-24 00:02:32,235 INFO ncaa_identity: contest_id=1358793 season=2010 league=wbb -- teams  not built; ids emitted as nulls
2026-08-24 00:02:32,239 INFO ncaa_identity: contest_id=1358793 teams 0/1781 matched, players 0/576 matched
2026-08-24 00:02:35,535 INFO ncaa_identity: contest_id=878042 teams 1205/2269 matched, players 3076/6406 matched
2026-08-24 00:02:36,750 INFO ncaa_identity: contest_id=878057 teams 1411/2743 matched, players 3813/7712 matched
2026-08-24 00:02:39,987 INFO ncaa_identity: contest_id=878081 teams 2846/2846 matched, players 7403/8060 matched
2026-08-24 00:02:43,212 INFO ncaa_identity: contest_id=878105 teams 1497/3009 matched, players 4271/8488 matched
2026-08-24 00:02:44,388 INFO ncaa_identity: contest_id=878117 teams 2628/2628 matched, players 7233/7364 matched
2026-08-24 00:02:45,824 INFO ncaa_identity: contest_id=878127 teams 2274/2274 matched, players 6021/6372 matched
2026-08-24 00:02:47,124 INFO ncaa_identity: contest_id=878138 teams 2665/2665 matched, players 7079/7488 matched
2026-08-24 00:02:51,818 INFO ncaa_identity: contest_id=878177 teams 1519/2961 matched, players 4250/8302 matched
2026-08-24 00:02:53,241 INFO ncaa_identity: contest_id=878201 teams 2681/2681 matched, players 6968/7618 matched
2026-08-24 00:02:54,904 INFO ncaa_identity: contest_id=878225 teams 1494/2937 matched, players 4159/8273 matched
2026-08-24 00:02:57,831 INFO ncaa_identity: contest_id=878256 teams 2875/2875 matched, players 7954/8137 matched
2026-08-24 00:03:00,543 INFO ncaa_identity: contest_id=878316 teams 1574/1574 matched, players 315/433 matched
2026-08-24 00:03:02,501 INFO ncaa_identity: contest_id=878327 teams 2513/2513 matched, players 6741/7113 matched
2026-08-24 00:03:03,709 INFO ncaa_identity: contest_id=878339 teams 2602/2602 matched, players 6953/7329 matched
2026-08-24 00:03:05,309 INFO ncaa_identity: contest_id=878354 teams 1368/2699 matched, players 3758/7570 matched
2026-08-24 00:03:06,820 INFO ncaa_identity: contest_id=878364 teams 2670/2670 matched, players 6976/7540 matched
2026-08-24 00:03:08,422 INFO ncaa_identity: contest_id=878376 teams 2571/2571 matched, players 7222/7242 matched
2026-08-24 00:03:14,552 INFO ncaa_identity: contest_id=878536 teams 2843/2843 matched, players 7872/8008 matched
2026-08-24 00:03:16,403 INFO ncaa_identity: contest_id=878585 teams 2150/2150 matched, players 5257/6040 matched
2026-08-24 00:03:19,716 INFO ncaa_identity: contest_id=878641 teams 1285/2605 matched, players 3363/7312 matched
2026-08-24 00:03:21,000 INFO ncaa_identity: contest_id=878684 teams 2227/2227 matched, players 5576/6298 matched
2026-08-24 00:03:22,493 INFO ncaa_identity: contest_id=878713 teams 2542/2542 matched, players 6178/7195 matched
2026-08-24 00:03:27,191 INFO ncaa_identity: contest_id=878781 teams 2504/2504 matched, players 6638/7065 matched
2026-08-24 00:03:28,585 INFO ncaa_identity: contest_id=878796 teams 2313/2313 matched, players 5605/6501 matched
2026-08-24 00:03:30,324 INFO ncaa_identity: contest_id=878834 teams 2985/2985 matched, players 8101/8446 matched
2026-08-24 00:03:35,274 INFO ncaa_identity: contest_id=878887 teams 2933/2933 matched, players 7741/8252 matched
2026-08-24 00:03:38,720 INFO ncaa_identity: contest_id=878963 teams 2567/2567 matched, players 7099/7230 matched
2026-08-24 00:03:41,922 INFO ncaa_identity: contest_id=879024 teams 2839/2839 matched, players 7131/8070 matched
2026-08-24 00:03:44,783 INFO ncaa_identity: contest_id=879166 teams 1065/2129 matched, players 2814/5950 matched
2026-08-24 00:03:46,045 INFO ncaa_identity: contest_id=879200 teams 2628/2628 matched, players 7203/7388 matched
2026-08-24 00:03:48,871 INFO ncaa_identity: contest_id=879267 teams 2127/2127 matched, players 5565/5986 matched
2026-08-24 00:03:50,246 INFO ncaa_identity: contest_id=879338 teams 2431/2431 matched, players 6503/6898 matched
2026-08-24 00:03:53,762 INFO ncaa_identity: contest_id=879430 teams 2399/2399 matched, players 6479/6757 matched
2026-08-24 00:03:55,251 INFO ncaa_identity: contest_id=879543 teams 2265/2265 matched, players 5757/6353 matched
2026-08-24 00:03:56,638 INFO ncaa_identity: contest_id=879564 teams 2570/2570 matched, players 7051/7245 matched
2026-08-24 00:04:00,649 INFO ncaa_identity: contest_id=879609 teams 2166/2166 matched, players 6070/6072 matched
2026-08-24 00:04:11,260 INFO ncaa_identity: contest_id=879789 teams 2669/2669 matched, players 6579/7542 matched
2026-08-24 00:04:12,609 INFO ncaa_identity: contest_id=879820 teams 1444/2946 matched, players 4166/8304 matched
2026-08-24 00:04:14,346 INFO ncaa_identity: contest_id=879877 teams 2882/2882 matched, players 7933/8134 matched
2026-08-24 00:04:15,896 INFO ncaa_identity: contest_id=879927 teams 2436/2436 matched, players 6523/6832 matched
2026-08-24 00:04:17,527 INFO ncaa_identity: contest_id=879981 teams 2677/2677 matched, players 7488/7517 matched
2026-08-24 00:04:18,814 INFO ncaa_identity: contest_id=880020 teams 2201/2201 matched, players 5763/6188 matched
2026-08-24 00:04:31,295 INFO ncaa_identity: contest_id=880156 teams 2578/2578 matched, players 7196/7284 matched
2026-08-24 00:04:35,418 INFO ncaa_identity: contest_id=880202 teams 2330/2330 matched, players 6255/6543 matched
2026-08-24 00:04:36,944 INFO ncaa_identity: contest_id=880217 teams 2329/2329 matched, players 6070/6601 matched
2026-08-24 00:04:40,543 INFO ncaa_identity: contest_id=880276 teams 2486/2486 matched, players 6721/7023 matched
2026-08-24 00:04:42,229 INFO ncaa_identity: contest_id=880305 teams 2550/2550 matched, players 6633/7172 matched
2026-08-24 00:04:43,277 INFO ncaa_identity: contest_id=880343 teams 2274/2274 matched, players 6218/6375 matched
2026-08-24 00:04:44,601 INFO ncaa_identity: contest_id=880376 teams 2573/2573 matched, players 7015/7238 matched
2026-08-24 00:04:47,497 INFO ncaa_identity: contest_id=880418 teams 2294/2294 matched, players 5877/6438 matched
2026-08-24 00:04:49,039 INFO ncaa_identity: contest_id=880439 teams 1808/1808 matched, players 690/692 matched
2026-08-24 00:04:51,940 INFO ncaa_identity: contest_id=880469 teams 2423/2423 matched, players 6491/6783 matched
2026-08-24 00:04:56,392 INFO ncaa_identity: contest_id=880529 teams 2245/2245 matched, players 6184/6344 matched
2026-08-24 00:04:57,561 INFO ncaa_identity: contest_id=880549 teams 2330/2330 matched, players 6514/6593 matched
2026-08-24 00:05:03,824 INFO ncaa_identity: contest_id=880666 teams 2564/2564 matched, players 6767/7239 matched
2026-08-24 00:05:04,989 INFO ncaa_identity: contest_id=880704 teams 1681/1681 matched, players 560/594 matched
2026-08-24 00:05:06,695 INFO ncaa_identity: contest_id=880739 teams 1392/2711 matched, players 3696/7637 matched
2026-08-24 00:05:09,681 INFO ncaa_identity: contest_id=880835 teams 2598/2598 matched, players 6992/7326 matched
2026-08-24 00:05:13,771 INFO ncaa_identity: contest_id=880913 teams 2783/2783 matched, players 6999/7924 matched
2026-08-24 00:05:21,196 INFO ncaa_identity: contest_id=881059 teams 2345/2345 matched, players 5704/6584 matched
2026-08-24 00:05:21,936 WARNING ncaa_parse: family=lineups contest_id=881100 team=Virginia Tech produced NO good stints (2 bad, roster=12) -- parsed successfully but contributed nothing
2026-08-24 00:05:22,396 INFO ncaa_identity: contest_id=881100 teams 1464/1464 matched, players 271/386 matched
2026-08-24 00:05:25,392 INFO ncaa_identity: contest_id=881158 teams 2092/2092 matched, players 5005/5841 matched
2026-08-24 00:05:28,539 INFO ncaa_identity: contest_id=881218 teams 2164/2164 matched, players 5426/6077 matched
2026-08-24 00:05:31,102 INFO ncaa_identity: contest_id=881311 teams 2250/2250 matched, players 6037/6306 matched
2026-08-24 00:05:34,884 INFO ncaa_identity: contest_id=881446 teams 2298/2298 matched, players 5896/6461 matched
2026-08-24 00:05:36,214 INFO ncaa_identity: contest_id=881514 teams 1842/1842 matched, players 659/663 matched
2026-08-24 00:05:37,394 INFO ncaa_identity: contest_id=881583 teams 2606/2606 matched, players 6107/7325 matched
2026-08-24 00:05:38,808 INFO ncaa_identity: contest_id=881603 teams 2275/2275 matched, players 5999/6388 matched
2026-08-24 00:05:40,245 INFO ncaa_identity: contest_id=881652 teams 2033/2033 matched, players 5125/5692 matched
2026-08-24 00:05:47,896 INFO ncaa_identity: contest_id=881722 teams 2642/2642 matched, players 7348/7423 matched
2026-08-24 00:05:49,288 INFO ncaa_identity: contest_id=881748 teams 1140/2341 matched, players 2287/6619 matched
2026-08-24 00:05:50,962 INFO ncaa_identity: contest_id=881777 teams 1349/2622 matched, players 3729/7325 matched
2026-08-24 00:05:54,294 INFO ncaa_identity: contest_id=881831 teams 1982/1982 matched, players 807/837 matched
2026-08-24 00:05:56,246 INFO ncaa_identity: contest_id=881878 teams 1331/2645 matched, players 3277/7513 matched
2026-08-24 00:06:04,576 INFO ncaa_identity: contest_id=882096 teams 2156/2156 matched, players 5693/6079 matched
2026-08-24 00:06:05,956 INFO ncaa_identity: contest_id=882125 teams 2851/2851 matched, players 7762/8035 matched
2026-08-24 00:06:10,204 INFO ncaa_identity: contest_id=882242 teams 966/1904 matched, players 387/724 matched
2026-08-24 00:06:11,963 WARNING ncaa_parse: family=lineups contest_id=882274 team=Sam Houston SKIPPED (1 parse error(s)): Duplicate players after widening: LatishaMorgan <- ['Morgan, LaTisha', 'Morgan, LaTisha'] (roster of 12)
2026-08-24 00:06:12,768 WARNING ncaa_parse: family=shots contest_id=882274 team=Sam Houston SKIPPED (1 parse error(s)): Duplicate players after widening: LatishaMorgan <- ['Morgan, LaTisha', 'Morgan, LaTisha'] (roster of 12)
2026-08-24 00:06:12,891 INFO ncaa_identity: contest_id=882274 teams 1128/2204 matched, players 2516/6190 matched
2026-08-24 00:06:15,733 INFO ncaa_identity: contest_id=882355 teams 1182/2362 matched, players 3389/6702 matched
2026-08-24 00:06:17,030 INFO ncaa_identity: contest_id=882409 teams 2566/2566 matched, players 7080/7197 matched
2026-08-24 00:06:31,022 INFO ncaa_identity: contest_id=882705 teams 1096/2198 matched, players 3083/6202 matched
2026-08-24 00:06:35,885 INFO ncaa_identity: contest_id=882773 teams 1352/2617 matched, players 3689/7354 matched
2026-08-24 00:06:37,275 INFO ncaa_identity: contest_id=882816 teams 2677/2677 matched, players 7415/7547 matched
2026-08-24 00:06:39,252 INFO ncaa_identity: contest_id=882846 teams 2578/2578 matched, players 6948/7253 matched
2026-08-24 00:06:42,340 INFO ncaa_identity: contest_id=882933 teams 2466/2466 matched, players 6439/6909 matched
2026-08-24 00:06:45,551 INFO ncaa_identity: contest_id=882984 teams 2555/2555 matched, players 6913/7217 matched
2026-08-24 00:06:50,795 INFO ncaa_identity: contest_id=883076 teams 1188/2428 matched, players 3390/6803 matched
2026-08-24 00:06:54,004 INFO ncaa_identity: contest_id=883105 teams 2139/2139 matched, players 5487/6021 matched
2026-08-24 00:06:56,696 INFO ncaa_identity: contest_id=883132 teams 2363/2363 matched, players 5610/6700 matched
2026-08-24 00:07:03,462 INFO ncaa_identity: contest_id=883224 teams 2263/2263 matched, players 5986/6385 matched
2026-08-24 00:07:06,712 INFO ncaa_identity: contest_id=883258 teams 2539/2539 matched, players 6650/7142 matched
2026-08-24 00:07:08,386 INFO ncaa_identity: contest_id=883271 teams 2907/2907 matched, players 7621/8182 matched
2026-08-24 00:07:17,517 INFO ncaa_identity: contest_id=883351 teams 2305/2305 matched, players 6440/6495 matched
2026-08-24 00:07:27,816 INFO ncaa_identity: contest_id=883437 teams 1180/2378 matched, players 3399/6748 matched
2026-08-24 00:07:29,419 INFO ncaa_identity: contest_id=883448 teams 2559/2559 matched, players 7009/7213 matched
2026-08-24 00:07:32,293 INFO ncaa_identity: contest_id=883472 teams 1195/2427 matched, players 2852/6858 matched
2026-08-24 00:07:40,625 INFO ncaa_identity: contest_id=883592 teams 2383/2383 matched, players 6254/6744 matched
2026-08-24 00:07:45,152 INFO ncaa_identity: contest_id=883660 teams 1944/1944 matched, players 5437/5461 matched
2026-08-24 00:07:48,105 INFO ncaa_identity: contest_id=883708 teams 2836/2836 matched, players 7457/7971 matched
2026-08-24 00:07:49,634 INFO ncaa_identity: contest_id=883729 teams 2189/2189 matched, players 5568/6116 matched
2026-08-24 00:07:51,300 INFO ncaa_identity: contest_id=883744 teams 2374/2374 matched, players 6418/6717 matched
2026-08-24 00:07:54,132 INFO ncaa_identity: contest_id=883806 teams 2268/2268 matched, players 5446/6455 matched
2026-08-24 00:07:59,140 INFO ncaa_identity: contest_id=883875 teams 2859/2859 matched, players 7618/8093 matched
2026-08-24 00:08:02,121 INFO ncaa_identity: contest_id=883923 teams 1451/2838 matched, players 4014/7979 matched
2026-08-24 00:08:06,876 INFO ncaa_identity: contest_id=883969 teams 1441/2802 matched, players 3554/7928 matched
2026-08-24 00:08:08,247 INFO ncaa_identity: contest_id=884000 teams 2348/2348 matched, players 5909/6592 matched
2026-08-24 00:08:09,831 INFO ncaa_identity: contest_id=884013 teams 2558/2558 matched, players 6717/7183 matched
2026-08-24 00:08:11,841 INFO ncaa_identity: contest_id=884034 teams 2681/2681 matched, players 7076/7550 matched
2026-08-24 00:08:13,110 INFO ncaa_identity: contest_id=884052 teams 3020/3020 matched, players 8225/8560 matched
2026-08-24 00:08:14,838 INFO ncaa_identity: contest_id=884066 teams 1033/2117 matched, players 2942/5953 matched
2026-08-24 00:08:15,997 INFO ncaa_identity: contest_id=884095 teams 1235/2424 matched, players 3462/6897 matched
2026-08-24 00:08:21,375 INFO ncaa_identity: contest_id=884265 teams 1912/1912 matched, players 5038/5359 matched
2026-08-24 00:08:22,587 INFO ncaa_identity: contest_id=884300 teams 1135/2358 matched, players 3119/6623 matched
2026-08-24 00:08:27,473 INFO ncaa_identity: contest_id=884400 teams 2486/2486 matched, players 6401/7016 matched
2026-08-24 00:08:29,841 INFO ncaa_identity: contest_id=884485 teams 2304/2304 matched, players 5960/6499 matched
2026-08-24 00:08:33,774 INFO ncaa_identity: contest_id=884577 teams 2296/2296 matched, players 6450/6486 matched
2026-08-24 00:08:44,781 INFO ncaa_identity: contest_id=884832 teams 2630/2630 matched, players 7151/7497 matched
2026-08-24 00:08:49,273 INFO ncaa_identity: contest_id=884945 teams 1214/2457 matched, players 2929/6956 matched
2026-08-24 00:08:50,794 INFO ncaa_identity: contest_id=884991 teams 2054/2054 matched, players 5318/5752 matched
2026-08-24 00:08:53,675 INFO ncaa_identity: contest_id=885043 teams 2043/2043 matched, players 5398/5747 matched
2026-08-24 00:09:00,691 INFO ncaa_identity: contest_id=885203 teams 2552/2552 matched, players 6638/7252 matched
2026-08-24 00:09:02,544 INFO ncaa_identity: contest_id=885226 teams 2411/2411 matched, players 6703/6796 matched
2026-08-24 00:09:06,121 INFO ncaa_identity: contest_id=885260 teams 2816/2816 matched, players 7242/7919 matched
2026-08-24 00:09:07,513 INFO ncaa_identity: contest_id=885290 teams 2313/2313 matched, players 5324/6543 matched
2026-08-24 00:09:10,578 INFO ncaa_identity: contest_id=885415 teams 2325/2325 matched, players 6131/6546 matched
2026-08-24 00:09:14,806 INFO ncaa_identity: contest_id=885504 teams 1104/2218 matched, players 3073/6240 matched
2026-08-24 00:09:22,381 INFO ncaa_identity: contest_id=885640 teams 2119/2119 matched, players 5623/5988 matched
2026-08-24 00:09:24,104 INFO ncaa_identity: contest_id=885684 teams 2400/2400 matched, players 6426/6709 matched
2026-08-24 00:09:30,389 INFO ncaa_identity: contest_id=885868 teams 2569/2569 matched, players 7108/7270 matched
2026-08-24 00:09:33,474 INFO ncaa_identity: contest_id=885895 teams 2460/2460 matched, players 6492/6897 matched
2026-08-24 00:09:42,436 INFO ncaa_identity: contest_id=886173 teams 2451/2451 matched, players 6517/6843 matched
2026-08-24 00:09:46,074 INFO ncaa_identity: contest_id=886259 teams 2073/2073 matched, players 5380/5851 matched
2026-08-24 00:09:50,156 INFO ncaa_identity: contest_id=886309 teams 2502/2502 matched, players 6692/7066 matched
2026-08-24 00:09:51,841 INFO ncaa_identity: contest_id=886328 teams 2428/2428 matched, players 6593/6882 matched
2026-08-24 00:09:53,194 INFO ncaa_identity: contest_id=886362 teams 1138/2259 matched, players 3120/6375 matched
2026-08-24 00:10:02,509 INFO ncaa_identity: contest_id=886589 teams 2445/2445 matched, players 6239/6887 matched
2026-08-24 00:10:03,935 INFO ncaa_identity: contest_id=886629 teams 3024/3024 matched, players 8353/8577 matched
2026-08-24 00:10:06,068 WARNING ncaa_parse: family=lineups contest_id=886723 team=Wisconsin produced NO good stints (2 bad, roster=8) -- parsed successfully but contributed nothing
2026-08-24 00:10:06,411 INFO ncaa_identity: contest_id=886723 teams 1449/1449 matched, players 272/386 matched
2026-08-24 00:10:12,091 INFO ncaa_identity: contest_id=886832 teams 2438/2438 matched, players 6623/6884 matched
2026-08-24 00:10:13,591 INFO ncaa_identity: contest_id=886916 teams 2322/2322 matched, players 5658/6586 matched
2026-08-24 00:10:15,303 INFO ncaa_identity: contest_id=886994 teams 2697/2697 matched, players 7054/7624 matched
2026-08-24 00:10:19,008 INFO ncaa_identity: contest_id=887047 teams 2696/2696 matched, players 7469/7649 matched
2026-08-24 00:10:23,021 INFO ncaa_identity: contest_id=887163 teams 1933/1933 matched, players 4836/5438 matched
2026-08-24 00:10:24,187 INFO ncaa_identity: contest_id=887180 teams 2408/2408 matched, players 6524/6765 matched
2026-08-24 00:10:29,981 INFO ncaa_identity: contest_id=887309 teams 2630/2630 matched, players 7231/7372 matched
2026-08-24 00:10:38,167 INFO ncaa_identity: contest_id=887448 teams 1340/1340 matched, players 349/373 matched
2026-08-24 00:10:44,006 INFO ncaa_identity: contest_id=887610 teams 2507/2507 matched, players 6922/7093 matched
2026-08-24 00:10:45,171 INFO ncaa_identity: contest_id=887644 teams 1952/1952 matched, players 4961/5477 matched
2026-08-24 00:10:52,144 INFO ncaa_identity: contest_id=887779 teams 2344/2344 matched, players 6550/6622 matched
2026-08-24 00:10:55,115 INFO ncaa_identity: contest_id=887839 teams 2674/2674 matched, players 7190/7589 matched
2026-08-24 00:10:56,323 INFO ncaa_identity: contest_id=887863 teams 2574/2574 matched, players 6679/7276 matched
2026-08-24 00:10:58,984 INFO ncaa_identity: contest_id=887942 teams 2283/2283 matched, players 4951/6408 matched
2026-08-24 00:11:03,048 INFO ncaa_identity: contest_id=888077 teams 2507/2507 matched, players 6563/7104 matched
2026-08-24 00:11:07,633 INFO ncaa_identity: contest_id=888196 teams 2457/2457 matched, players 6642/6957 matched
2026-08-24 00:11:16,503 INFO ncaa_identity: contest_id=888344 teams 2811/2811 matched, players 7419/7877 matched
2026-08-24 00:11:17,932 INFO ncaa_identity: contest_id=888435 teams 9/2158 matched, players 0/6103 matched
2026-08-24 00:11:21,915 INFO ncaa_identity: contest_id=888487 teams 2303/2303 matched, players 6324/6470 matched
2026-08-24 00:11:23,285 INFO ncaa_identity: contest_id=888504 teams 1935/1935 matched, players 5279/5375 matched
2026-08-24 00:11:26,636 INFO ncaa_identity: contest_id=888546 teams 2704/2704 matched, players 7108/7612 matched
2026-08-24 00:11:29,974 INFO ncaa_identity: contest_id=888600 teams 2246/2246 matched, players 5752/6316 matched
2026-08-24 00:11:33,408 INFO ncaa_identity: contest_id=888667 teams 2639/2639 matched, players 6667/7455 matched
2026-08-24 00:11:34,862 INFO ncaa_identity: contest_id=888700 teams 1929/1929 matched, players 5048/5404 matched
2026-08-24 00:11:38,074 INFO ncaa_identity: contest_id=888817 teams 2349/2349 matched, players 6255/6586 matched
2026-08-24 00:11:42,968 INFO ncaa_identity: contest_id=888871 teams 3024/3024 matched, players 7983/8602 matched
2026-08-24 00:11:50,680 INFO ncaa_identity: contest_id=889104 teams 2249/2249 matched, players 6156/6336 matched
2026-08-24 00:11:57,828 INFO ncaa_identity: contest_id=889233 teams 2110/2110 matched, players 4817/5967 matched
2026-08-24 00:12:00,907 INFO ncaa_identity: contest_id=889293 teams 2864/2864 matched, players 8044/8063 matched
2026-08-24 00:12:03,311 INFO ncaa_identity: contest_id=889437 teams 2160/2160 matched, players 5630/6081 matched
2026-08-24 00:12:04,680 INFO ncaa_identity: contest_id=889472 teams 2451/2451 matched, players 6584/6889 matched
2026-08-24 00:12:09,277 INFO ncaa_identity: contest_id=889522 teams 2638/2638 matched, players 6864/7451 matched
2026-08-24 00:12:11,931 INFO ncaa_identity: contest_id=889540 teams 1462/2919 matched, players 3414/8200 matched
2026-08-24 00:12:13,744 INFO ncaa_identity: contest_id=889578 teams 2144/2144 matched, players 5577/6039 matched
2026-08-24 00:12:15,272 INFO ncaa_identity: contest_id=889596 teams 2286/2286 matched, players 6358/6425 matched
2026-08-24 00:12:16,563 INFO ncaa_identity: contest_id=889623 teams 1673/1673 matched, players 3826/4736 matched
2026-08-24 00:12:17,974 INFO ncaa_identity: contest_id=889681 teams 2675/2675 matched, players 6597/7553 matched
2026-08-24 00:12:22,560 INFO ncaa_identity: contest_id=889854 teams 2399/2399 matched, players 5899/6746 matched
2026-08-24 00:12:24,105 INFO ncaa_identity: contest_id=889888 teams 2197/2197 matched, players 5709/6210 matched
2026-08-24 00:12:25,178 INFO ncaa_identity: contest_id=889924 teams 2272/2272 matched, players 5949/6442 matched
2026-08-24 00:12:26,602 INFO ncaa_identity: contest_id=889958 teams 1249/2481 matched, players 3536/7006 matched
2026-08-24 00:12:28,208 INFO ncaa_identity: contest_id=889972 teams 2486/2486 matched, players 6462/7039 matched
2026-08-24 00:12:31,853 INFO ncaa_identity: contest_id=890042 teams 1165/1165 matched, players 319/327 matched
2026-08-24 00:12:33,034 INFO ncaa_identity: contest_id=890129 teams 2272/2272 matched, players 5902/6400 matched
2026-08-24 00:12:34,598 INFO ncaa_identity: contest_id=890157 teams 2221/2221 matched, players 5776/6218 matched
2026-08-24 00:12:35,677 INFO ncaa_identity: contest_id=890194 teams 2520/2520 matched, players 6024/7146 matched
2026-08-24 00:12:46,624 INFO ncaa_identity: contest_id=890471 teams 2006/2006 matched, players 5189/5647 matched
2026-08-24 00:13:03,767 INFO ncaa_identity: contest_id=890637 teams 2620/2620 matched, players 7388/7418 matched
2026-08-24 00:13:10,335 INFO ncaa_identity: contest_id=890689 teams 2456/2456 matched, players 5588/6895 matched
2026-08-24 00:13:13,697 INFO ncaa_identity: contest_id=890704 teams 2444/2444 matched, players 6835/6876 matched
2026-08-24 00:13:32,031 INFO ncaa_identity: contest_id=890994 teams 1978/1978 matched, players 5214/5577 matched
2026-08-24 00:13:42,779 INFO ncaa_identity: contest_id=891138 teams 2445/2445 matched, players 6396/6913 matched
2026-08-24 00:13:47,263 INFO ncaa_identity: contest_id=891272 teams 2097/2097 matched, players 5525/5907 matched
2026-08-24 00:13:50,054 INFO ncaa_identity: contest_id=891393 teams 2459/2459 matched, players 6468/6874 matched
2026-08-24 00:13:51,346 INFO ncaa_identity: contest_id=891458 teams 1887/1887 matched, players 4941/5284 matched
2026-08-24 00:13:56,508 INFO ncaa_identity: contest_id=891572 teams 2541/2541 matched, players 6811/7144 matched
2026-08-24 00:13:57,717 INFO ncaa_identity: contest_id=891596 teams 2336/2336 matched, players 6490/6615 matched
2026-08-24 00:13:59,364 INFO ncaa_identity: contest_id=891609 teams 2655/2655 matched, players 6939/7466 matched
2026-08-24 00:14:00,583 INFO ncaa_identity: contest_id=891630 teams 2153/2153 matched, players 5582/6063 matched
2026-08-24 00:14:04,704 INFO ncaa_identity: contest_id=891702 teams 2170/2170 matched, players 5623/6090 matched
2026-08-24 00:14:14,572 INFO ncaa_identity: contest_id=891921 teams 2480/2480 matched, players 6768/7015 matched
2026-08-24 00:14:25,372 INFO ncaa_identity: contest_id=892079 teams 2554/2554 matched, players 6901/7208 matched
2026-08-24 00:14:26,541 INFO ncaa_identity: contest_id=892110 teams 2654/2654 matched, players 7017/7494 matched
2026-08-24 00:14:29,608 INFO ncaa_identity: contest_id=892218 teams 2397/2397 matched, players 6454/6808 matched
2026-08-24 00:14:30,969 INFO ncaa_identity: contest_id=892232 teams 2320/2320 matched, players 6051/6538 matched
2026-08-24 00:14:33,441 INFO ncaa_identity: contest_id=892291 teams 2155/2155 matched, players 5836/6091 matched
2026-08-24 00:14:39,714 INFO ncaa_identity: contest_id=892390 teams 2200/2200 matched, players 5811/6226 matched
2026-08-24 00:14:42,716 INFO ncaa_identity: contest_id=892442 teams 2530/2530 matched, players 6079/7190 matched
2026-08-24 00:14:45,728 INFO ncaa_identity: contest_id=892499 teams 3212/3212 matched, players 7999/9139 matched
2026-08-24 00:14:47,234 INFO ncaa_identity: contest_id=892516 teams 3045/3045 matched, players 8342/8654 matched
2026-08-24 00:14:49,013 INFO ncaa_identity: contest_id=892526 teams 2184/2184 matched, players 5664/6154 matched
2026-08-24 00:14:53,324 INFO ncaa_identity: contest_id=892565 teams 2474/2474 matched, players 6947/6949 matched
2026-08-24 00:14:54,735 INFO ncaa_identity: contest_id=892585 teams 2522/2522 matched, players 7089/7115 matched
2026-08-24 00:15:02,665 INFO ncaa_identity: contest_id=892731 teams 2440/2440 matched, players 6633/6870 matched
2026-08-24 00:15:03,899 INFO ncaa_identity: contest_id=892741 teams 2240/2240 matched, players 6168/6312 matched
2026-08-24 00:15:05,131 INFO ncaa_identity: contest_id=892751 teams 2204/2204 matched, players 5757/6207 matched
2026-08-24 00:15:06,557 INFO ncaa_identity: contest_id=892761 teams 1942/1942 matched, players 667/671 matched
2026-08-24 00:15:08,147 INFO ncaa_identity: contest_id=892775 teams 2767/2767 matched, players 7351/7780 matched
2026-08-24 00:15:19,069 INFO ncaa_identity: contest_id=892934 teams 2226/2226 matched, players 5965/6286 matched
2026-08-24 00:15:21,802 INFO ncaa_identity: contest_id=892958 teams 2644/2644 matched, players 6806/7432 matched
2026-08-24 00:15:23,098 INFO ncaa_identity: contest_id=892972 teams 2377/2377 matched, players 6220/6702 matched
2026-08-24 00:15:24,943 INFO ncaa_identity: contest_id=892988 teams 2430/2430 matched, players 6697/6856 matched
2026-08-24 00:15:30,382 INFO ncaa_identity: contest_id=893058 teams 2877/2877 matched, players 7413/8091 matched
2026-08-24 00:15:36,718 INFO ncaa_identity: contest_id=893120 teams 2354/2354 matched, players 6331/6622 matched
2026-08-24 00:15:41,864 INFO ncaa_identity: contest_id=893160 teams 2395/2395 matched, players 6189/6766 matched
2026-08-24 00:15:46,001 INFO ncaa_identity: contest_id=893202 teams 2131/2131 matched, players 5457/5988 matched
2026-08-24 00:15:47,388 INFO ncaa_identity: contest_id=893226 teams 2372/2372 matched, players 6698/6700 matched
2026-08-24 00:15:50,243 INFO ncaa_identity: contest_id=893263 teams 2441/2441 matched, players 6656/6831 matched
2026-08-24 00:15:53,252 INFO ncaa_identity: contest_id=893307 teams 2260/2260 matched, players 6230/6328 matched
2026-08-24 00:15:54,678 INFO ncaa_identity: contest_id=893328 teams 2707/2707 matched, players 7369/7671 matched
2026-08-24 00:15:55,835 INFO ncaa_identity: contest_id=893338 teams 1976/1976 matched, players 5143/5586 matched
2026-08-24 00:15:57,423 INFO ncaa_identity: contest_id=893348 teams 2533/2533 matched, players 6962/7141 matched
2026-08-24 00:15:58,623 INFO ncaa_identity: contest_id=893358 teams 2161/2161 matched, players 6035/6076 matched
2026-08-24 00:16:04,654 INFO ncaa_identity: contest_id=893405 teams 2339/2339 matched, players 6162/6591 matched
2026-08-24 00:16:08,636 INFO ncaa_identity: contest_id=893435 teams 2366/2366 matched, players 6263/6626 matched
2026-08-24 00:16:11,534 INFO ncaa_identity: contest_id=893462 teams 2575/2575 matched, players 6861/7267 matched
2026-08-24 00:16:12,555 INFO ncaa_identity: contest_id=893472 teams 2106/2106 matched, players 5847/5877 matched
2026-08-24 00:16:13,931 INFO ncaa_identity: contest_id=805022 teams 2015/2015 matched, players 814/816 matched
2026-08-24 00:16:22,693 INFO ncaa_identity: contest_id=805078 teams 1983/1983 matched, players 794/798 matched
2026-08-24 00:16:24,628 INFO ncaa_identity: contest_id=805089 teams 1521/2963 matched, players 3834/7980 matched
2026-08-24 00:16:27,906 INFO ncaa_identity: contest_id=805113 teams 2697/2697 matched, players 7608/7622 matched
2026-08-24 00:16:32,121 INFO ncaa_identity: contest_id=805162 teams 1219/2309 matched, players 2901/6503 matched
2026-08-24 00:16:34,003 INFO ncaa_identity: contest_id=805177 teams 2787/2787 matched, players 7592/7821 matched
2026-08-24 00:16:36,572 INFO ncaa_identity: contest_id=805218 teams 1338/2651 matched, players 3256/7445 matched
2026-08-24 00:16:38,095 INFO ncaa_identity: contest_id=805239 teams 2663/2663 matched, players 6992/7560 matched
2026-08-24 00:16:39,534 INFO ncaa_identity: contest_id=805283 teams 1203/2381 matched, players 3397/6691 matched
2026-08-24 00:16:41,261 INFO ncaa_identity: contest_id=805332 teams 2575/2575 matched, players 6979/7247 matched
2026-08-24 00:16:42,391 INFO ncaa_identity: contest_id=805342 teams 2044/2044 matched, players 5235/5752 matched
2026-08-24 00:16:43,694 INFO ncaa_identity: contest_id=805354 teams 2510/2510 matched, players 6419/7082 matched
2026-08-24 00:16:46,526 INFO ncaa_identity: contest_id=805378 teams 2713/2713 matched, players 7440/7686 matched
2026-08-24 00:16:48,023 INFO ncaa_identity: contest_id=805389 teams 2252/2252 matched, players 5962/6305 matched
2026-08-24 00:16:49,493 INFO ncaa_identity: contest_id=805404 teams 1364/2695 matched, players 3050/7662 matched
2026-08-24 00:16:50,719 INFO ncaa_identity: contest_id=805422 teams 2702/2702 matched, players 7514/7602 matched
2026-08-24 00:16:52,394 INFO ncaa_identity: contest_id=805437 teams 2410/2410 matched, players 6476/6796 matched
2026-08-24 00:16:55,282 INFO ncaa_identity: contest_id=805466 teams 2272/2272 matched, players 6115/6437 matched
2026-08-24 00:16:59,546 INFO ncaa_identity: contest_id=805562 teams 1276/2543 matched, players 3575/7152 matched
2026-08-24 00:17:02,406 INFO ncaa_identity: contest_id=805724 teams 2635/2635 matched, players 7009/7512 matched
2026-08-24 00:17:08,314 INFO ncaa_identity: contest_id=805791 teams 1298/2509 matched, players 509/910 matched
2026-08-24 00:17:10,031 INFO ncaa_identity: contest_id=805831 teams 2649/2649 matched, players 7015/7482 matched
2026-08-24 00:17:16,695 INFO ncaa_identity: contest_id=805921 teams 2509/2509 matched, players 6593/7085 matched
2026-08-24 00:17:20,970 INFO ncaa_identity: contest_id=805986 teams 1111/2167 matched, players 2481/6095 matched
2026-08-24 00:17:23,735 INFO ncaa_identity: contest_id=806155 teams 2338/2338 matched, players 6506/6531 matched
2026-08-24 00:17:24,965 INFO ncaa_identity: contest_id=806182 teams 2335/2335 matched, players 6004/6503 matched
2026-08-24 00:17:26,048 INFO ncaa_identity: contest_id=806202 teams 2077/2077 matched, players 5682/5845 matched
2026-08-24 00:17:27,472 INFO ncaa_identity: contest_id=806230 teams 2685/2685 matched, players 7194/7500 matched
2026-08-24 00:17:28,626 INFO ncaa_identity: contest_id=806248 teams 2621/2621 matched, players 6347/7417 matched
2026-08-24 00:17:29,967 INFO ncaa_identity: contest_id=806342 teams 2296/2296 matched, players 6383/6471 matched
2026-08-24 00:17:31,009 INFO ncaa_identity: contest_id=806416 teams 1891/1891 matched, players 4891/5296 matched
2026-08-24 00:17:33,494 INFO ncaa_identity: contest_id=806555 teams 2298/2298 matched, players 6278/6492 matched
2026-08-24 00:17:34,885 INFO ncaa_identity: contest_id=806570 teams 2773/2773 matched, players 7439/7865 matched
2026-08-24 00:17:36,216 INFO ncaa_identity: contest_id=806582 teams 1075/2162 matched, players 3062/6089 matched
2026-08-24 00:17:38,683 INFO ncaa_identity: contest_id=806650 teams 2621/2621 matched, players 7092/7407 matched
2026-08-24 00:17:41,537 INFO ncaa_identity: contest_id=806676 teams 2404/2404 matched, players 6259/6775 matched
2026-08-24 00:17:42,944 INFO ncaa_identity: contest_id=806705 teams 1180/2450 matched, players 477/902 matched
2026-08-24 00:17:46,557 INFO ncaa_identity: contest_id=806798 teams 2469/2469 matched, players 6830/6990 matched
2026-08-24 00:17:47,987 INFO ncaa_identity: contest_id=806822 teams 2465/2465 matched, players 6939/6967 matched
2026-08-24 00:17:49,405 INFO ncaa_identity: contest_id=806872 teams 1288/2548 matched, players 3569/7157 matched
2026-08-24 00:17:50,526 INFO ncaa_identity: contest_id=806956 teams 2181/2181 matched, players 5930/6159 matched
2026-08-24 00:17:53,170 INFO ncaa_identity: contest_id=807015 teams 2853/2853 matched, players 8011/8123 matched
2026-08-24 00:17:54,257 INFO ncaa_identity: contest_id=807040 teams 1255/2550 matched, players 3553/7170 matched
2026-08-24 00:17:59,617 INFO ncaa_identity: contest_id=807107 teams 2547/2547 matched, players 7134/7189 matched
2026-08-24 00:18:03,466 INFO ncaa_identity: contest_id=807166 teams 2214/2214 matched, players 5918/6244 matched
2026-08-24 00:18:06,159 INFO ncaa_identity: contest_id=807204 teams 2825/2825 matched, players 7282/8005 matched
2026-08-24 00:18:14,412 INFO ncaa_identity: contest_id=807339 teams 1258/2492 matched, players 3117/7010 matched
2026-08-24 00:18:17,648 INFO ncaa_identity: contest_id=807401 teams 2403/2403 matched, players 6303/6764 matched
2026-08-24 00:18:19,071 INFO ncaa_identity: contest_id=807433 teams 2487/2487 matched, players 6699/6976 matched
2026-08-24 00:18:21,493 INFO ncaa_identity: contest_id=807475 teams 2208/2208 matched, players 5746/6195 matched
2026-08-24 00:18:25,223 INFO ncaa_identity: contest_id=807532 teams 2366/2366 matched, players 6339/6682 matched
2026-08-24 00:18:26,857 INFO ncaa_identity: contest_id=807549 teams 2256/2256 matched, players 6234/6355 matched
2026-08-24 00:18:28,198 INFO ncaa_identity: contest_id=807583 teams 2185/2185 matched, players 5267/6097 matched
2026-08-24 00:18:29,433 INFO ncaa_identity: contest_id=807636 teams 2324/2324 matched, players 6508/6532 matched
2026-08-24 00:18:35,183 INFO ncaa_identity: contest_id=807795 teams 1367/2652 matched, players 3791/7494 matched
2026-08-24 00:18:36,601 INFO ncaa_identity: contest_id=807842 teams 2471/2471 matched, players 6804/6976 matched
2026-08-24 00:18:39,372 INFO ncaa_identity: contest_id=807896 teams 3103/3103 matched, players 8535/8769 matched
2026-08-24 00:18:53,395 INFO ncaa_identity: contest_id=808197 teams 2307/2307 matched, players 6040/6481 matched
2026-08-24 00:18:54,583 INFO ncaa_identity: contest_id=808255 teams 2729/2729 matched, players 7496/7695 matched
2026-08-24 00:18:57,183 INFO ncaa_identity: contest_id=808336 teams 2410/2410 matched, players 6400/6805 matched
2026-08-24 00:18:58,301 INFO ncaa_identity: contest_id=808373 teams 2057/2057 matched, players 5552/5792 matched
2026-08-24 00:19:01,533 INFO ncaa_identity: contest_id=808427 teams 3222/3222 matched, players 8940/9149 matched
2026-08-24 00:19:05,599 INFO ncaa_identity: contest_id=808634 teams 1092/2120 matched, players 3076/6006 matched
2026-08-24 00:19:08,063 INFO ncaa_identity: contest_id=808675 teams 2801/2801 matched, players 7814/7895 matched
2026-08-24 00:19:13,460 INFO ncaa_identity: contest_id=808727 teams 2573/2573 matched, players 6667/7252 matched
2026-08-24 00:19:16,331 INFO ncaa_identity: contest_id=808770 teams 2462/2462 matched, players 5939/6932 matched
2026-08-24 00:19:18,911 INFO ncaa_identity: contest_id=808833 teams 1925/1925 matched, players 4914/5392 matched
2026-08-24 00:19:19,897 INFO ncaa_identity: contest_id=808873 teams 1496/1496 matched, players 388/396 matched
2026-08-24 00:19:20,971 INFO ncaa_identity: contest_id=808954 teams 2469/2469 matched, players 6590/7003 matched
2026-08-24 00:19:22,442 INFO ncaa_identity: contest_id=808980 teams 2589/2589 matched, players 7212/7297 matched
2026-08-24 00:19:23,630 INFO ncaa_identity: contest_id=809003 teams 2542/2542 matched, players 6829/7125 matched
2026-08-24 00:19:25,077 INFO ncaa_identity: contest_id=809050 teams 2321/2321 matched, players 6134/6526 matched
2026-08-24 00:19:30,632 INFO ncaa_identity: contest_id=809183 teams 2212/2212 matched, players 5796/6196 matched
2026-08-24 00:19:32,257 INFO ncaa_identity: contest_id=809222 teams 2505/2505 matched, players 6477/7049 matched
2026-08-24 00:19:36,369 INFO ncaa_identity: contest_id=809353 teams 2464/2464 matched, players 6529/6949 matched
2026-08-24 00:19:40,089 INFO ncaa_identity: contest_id=809407 teams 2245/2245 matched, players 5926/6319 matched
2026-08-24 00:19:43,217 INFO ncaa_identity: contest_id=809596 teams 2501/2501 matched, players 6603/7088 matched
2026-08-24 00:19:45,767 INFO ncaa_identity: contest_id=809617 teams 1298/2486 matched, players 3556/7026 matched
2026-08-24 00:19:47,164 INFO ncaa_identity: contest_id=809627 teams 2922/2922 matched, players 7759/8277 matched
2026-08-24 00:19:48,820 INFO ncaa_identity: contest_id=809639 teams 3064/3064 matched, players 8072/8675 matched
2026-08-24 00:19:49,897 INFO ncaa_identity: contest_id=809667 teams 1927/1927 matched, players 5387/5426 matched
2026-08-24 00:19:55,537 INFO ncaa_identity: contest_id=809794 teams 1244/2442 matched, players 4075/6898 matched
2026-08-24 00:19:58,082 INFO ncaa_identity: contest_id=809860 teams 2783/2783 matched, players 7671/7823 matched
2026-08-24 00:20:00,644 INFO ncaa_identity: contest_id=809933 teams 2705/2705 matched, players 7271/7629 matched
2026-08-24 00:20:02,155 INFO ncaa_identity: contest_id=809964 teams 1186/2370 matched, players 3345/6716 matched
2026-08-24 00:20:04,356 INFO ncaa_identity: contest_id=810012 teams 2332/2332 matched, players 6476/6597 matched
2026-08-24 00:20:09,484 INFO ncaa_identity: contest_id=810168 teams 1984/1984 matched, players 5111/5597 matched
2026-08-24 00:20:17,458 INFO ncaa_identity: contest_id=810278 teams 983/1880 matched, players 2742/5279 matched
2026-08-24 00:20:19,029 INFO ncaa_identity: contest_id=810296 teams 1316/2632 matched, players 3683/7386 matched
2026-08-24 00:20:23,693 INFO ncaa_identity: contest_id=810376 teams 3184/3184 matched, players 8315/8972 matched
2026-08-24 00:20:26,309 INFO ncaa_identity: contest_id=810400 teams 1397/1397 matched, players 348/366 matched
2026-08-24 00:20:29,319 INFO ncaa_identity: contest_id=810426 teams 2499/2499 matched, players 6859/7022 matched
2026-08-24 00:20:30,510 INFO ncaa_identity: contest_id=810456 teams 2600/2600 matched, players 6860/7359 matched
2026-08-24 00:20:32,249 INFO ncaa_identity: contest_id=810475 teams 2280/2280 matched, players 6351/6419 matched
2026-08-24 00:20:33,629 INFO ncaa_identity: contest_id=810485 teams 2302/2302 matched, players 6031/6477 matched
2026-08-24 00:20:36,353 INFO ncaa_identity: contest_id=810505 teams 2336/2336 matched, players 5539/6609 matched
2026-08-24 00:20:37,965 INFO ncaa_identity: contest_id=810516 teams 2558/2558 matched, players 7154/7220 matched
2026-08-24 00:20:49,735 INFO ncaa_identity: contest_id=810622 teams 2184/2184 matched, players 5720/6177 matched
2026-08-24 00:20:50,916 INFO ncaa_identity: contest_id=810634 teams 1201/2338 matched, players 3352/6593 matched
2026-08-24 00:20:52,241 INFO ncaa_identity: contest_id=810645 teams 2396/2396 matched, players 6258/6723 matched
2026-08-24 00:20:53,839 INFO ncaa_identity: contest_id=810657 teams 2617/2617 matched, players 7041/7350 matched
2026-08-24 00:20:53,996 INFO 5 starters not found for period 3; using estimate
2026-08-24 00:20:57,292 INFO ncaa_identity: contest_id=810689 teams 2876/2876 matched, players 8112/8113 matched
2026-08-24 00:21:01,627 INFO ncaa_identity: contest_id=810746 teams 2527/2527 matched, players 6666/7096 matched
2026-08-24 00:21:04,638 INFO ncaa_identity: contest_id=810770 teams 2901/2901 matched, players 8078/8193 matched
2026-08-24 00:21:14,927 INFO ncaa_identity: contest_id=810947 teams 2738/2738 matched, players 7637/7724 matched
2026-08-24 00:21:17,857 INFO ncaa_identity: contest_id=811045 teams 2341/2341 matched, players 6058/6587 matched
2026-08-24 00:21:21,036 INFO ncaa_identity: contest_id=811096 teams 2579/2579 matched, players 6828/7310 matched
2026-08-24 00:21:26,543 INFO ncaa_identity: contest_id=811149 teams 2543/2543 matched, players 7054/7160 matched
2026-08-24 00:21:29,139 INFO ncaa_identity: contest_id=811226 teams 2493/2493 matched, players 6758/7049 matched
2026-08-24 00:21:30,940 INFO ncaa_identity: contest_id=811264 teams 1880/1880 matched, players 5235/5283 matched
2026-08-24 00:21:32,431 INFO ncaa_identity: contest_id=811276 teams 2537/2537 matched, players 6750/7176 matched
2026-08-24 00:21:35,240 INFO ncaa_identity: contest_id=811311 teams 1477/2926 matched, players 4083/8268 matched
2026-08-24 00:21:40,482 INFO ncaa_identity: contest_id=811475 teams 2080/2080 matched, players 5798/5841 matched
2026-08-24 00:21:41,904 INFO ncaa_identity: contest_id=811505 teams 2282/2282 matched, players 5868/6444 matched
2026-08-24 00:21:43,098 INFO ncaa_identity: contest_id=811528 teams 1194/2343 matched, players 3358/6613 matched
2026-08-24 00:21:44,570 INFO ncaa_identity: contest_id=811553 teams 2695/2695 matched, players 7262/7656 matched
2026-08-24 00:21:45,887 INFO ncaa_identity: contest_id=811638 teams 2434/2434 matched, players 6576/6876 matched
2026-08-24 00:21:47,150 INFO ncaa_identity: contest_id=811653 teams 1145/2259 matched, players 3203/6379 matched
2026-08-24 00:21:49,918 INFO ncaa_identity: contest_id=811692 teams 2131/2131 matched, players 5102/5927 matched
2026-08-24 00:21:51,392 INFO ncaa_identity: contest_id=811707 teams 2580/2580 matched, players 6934/7282 matched
2026-08-24 00:21:59,839 INFO ncaa_identity: contest_id=811951 teams 1955/1955 matched, players 5402/5517 matched
2026-08-24 00:22:06,287 INFO ncaa_identity: contest_id=812086 teams 2238/2238 matched, players 6052/6283 matched
2026-08-24 00:22:16,117 INFO ncaa_identity: contest_id=812352 teams 2349/2349 matched, players 6343/6599 matched
2026-08-24 00:22:19,181 INFO ncaa_identity: contest_id=812400 teams 2760/2760 matched, players 7526/7823 matched
2026-08-24 00:22:22,759 INFO ncaa_identity: contest_id=812463 teams 990/1821 matched, players 2684/5160 matched
2026-08-24 00:22:23,997 INFO ncaa_identity: contest_id=812557 teams 0/2991 matched, players 0/8463 matched
2026-08-24 00:22:25,555 INFO ncaa_identity: contest_id=812610 teams 2249/2249 matched, players 5955/6353 matched
2026-08-24 00:22:28,291 INFO ncaa_identity: contest_id=812668 teams 2429/2429 matched, players 6664/6811 matched
2026-08-24 00:22:32,064 INFO ncaa_identity: contest_id=812776 teams 2398/2398 matched, players 6684/6765 matched
2026-08-24 00:22:34,840 INFO ncaa_identity: contest_id=812821 teams 2309/2309 matched, players 5291/6472 matched
2026-08-24 00:22:35,885 INFO ncaa_identity: contest_id=812840 teams 2127/2127 matched, players 5769/5981 matched
2026-08-24 00:22:36,896 INFO ncaa_identity: contest_id=812893 teams 2016/2016 matched, players 5534/5685 matched
2026-08-24 00:22:38,335 INFO ncaa_identity: contest_id=812960 teams 2287/2287 matched, players 5846/6417 matched
2026-08-24 00:22:41,254 INFO ncaa_identity: contest_id=813040 teams 2482/2482 matched, players 6724/6994 matched
2026-08-24 00:22:43,107 INFO 5 starters not found for period 3; using estimate
2026-08-24 00:22:45,739 INFO ncaa_identity: contest_id=813136 teams 1878/1878 matched, players 5257/5304 matched
2026-08-24 00:22:46,832 INFO ncaa_identity: contest_id=813160 teams 2092/2092 matched, players 5059/5891 matched
2026-08-24 00:22:48,132 INFO ncaa_identity: contest_id=813180 teams 2228/2228 matched, players 5924/6261 matched
2026-08-24 00:22:49,799 INFO ncaa_identity: contest_id=813211 teams 2239/2239 matched, players 5946/6276 matched
2026-08-24 00:22:51,073 INFO ncaa_identity: contest_id=813229 teams 2891/2891 matched, players 7464/8162 matched
2026-08-24 00:22:52,218 INFO ncaa_identity: contest_id=813244 teams 1120/2205 matched, players 3153/6193 matched
2026-08-24 00:22:56,675 INFO ncaa_identity: contest_id=813447 teams 2199/2199 matched, players 5775/6141 matched
2026-08-24 00:22:59,740 INFO ncaa_identity: contest_id=813471 teams 2621/2621 matched, players 7169/7361 matched
2026-08-24 00:23:01,130 INFO ncaa_identity: contest_id=813485 teams 2372/2372 matched, players 6398/6664 matched
2026-08-24 00:23:04,026 INFO ncaa_identity: contest_id=813540 teams 2074/2074 matched, players 5385/5813 matched
2026-08-24 00:23:06,241 INFO ncaa_identity: contest_id=813608 teams 2517/2517 matched, players 6676/7117 matched
2026-08-24 00:23:11,641 INFO ncaa_identity: contest_id=813796 teams 2482/2482 matched, players 6573/7028 matched
2026-08-24 00:23:13,909 INFO ncaa_identity: contest_id=813900 teams 2177/2177 matched, players 5699/6137 matched
2026-08-24 00:23:18,181 INFO ncaa_identity: contest_id=813950 teams 2440/2440 matched, players 6421/6884 matched
2026-08-24 00:23:22,001 INFO ncaa_identity: contest_id=814049 teams 2637/2637 matched, players 7103/7434 matched
2026-08-24 00:23:22,983 INFO ncaa_identity: contest_id=814131 teams 1865/1865 matched, players 4783/5216 matched
2026-08-24 00:23:24,557 INFO ncaa_identity: contest_id=814158 teams 2714/2714 matched, players 7663/7682 matched
2026-08-24 00:23:25,813 INFO ncaa_identity: contest_id=814189 teams 2257/2257 matched, players 5802/6323 matched
2026-08-24 00:23:28,955 INFO ncaa_identity: contest_id=814268 teams 2725/2725 matched, players 7270/7734 matched
2026-08-24 00:23:34,125 INFO ncaa_identity: contest_id=814362 teams 2160/2160 matched, players 6003/6093 matched
2026-08-24 00:23:35,769 INFO ncaa_identity: contest_id=814389 teams 2140/2140 matched, players 5731/5990 matched
2026-08-24 00:23:37,322 INFO ncaa_identity: contest_id=814462 teams 2614/2614 matched, players 6677/7289 matched
2026-08-24 00:23:41,303 INFO ncaa_identity: contest_id=814582 teams 2347/2347 matched, players 6383/6632 matched
2026-08-24 00:23:42,831 INFO ncaa_identity: contest_id=814595 teams 2021/2021 matched, players 5409/5661 matched
2026-08-24 00:23:44,115 INFO ncaa_identity: contest_id=814606 teams 2864/2864 matched, players 7413/8063 matched
2026-08-24 00:23:47,014 INFO ncaa_identity: contest_id=814650 teams 2833/2833 matched, players 7626/7985 matched
2026-08-24 00:23:48,450 INFO ncaa_identity: contest_id=814662 teams 1224/2413 matched, players 3372/6749 matched
2026-08-24 00:23:50,073 INFO ncaa_identity: contest_id=814674 teams 2375/2375 matched, players 6675/6713 matched
2026-08-24 00:23:52,645 INFO ncaa_identity: contest_id=814815 teams 2433/2433 matched, players 6650/6858 matched
2026-08-24 00:23:59,531 INFO ncaa_identity: contest_id=815008 teams 2191/2191 matched, players 5745/6172 matched
2026-08-24 00:24:02,518 INFO ncaa_identity: contest_id=815047 teams 2276/2276 matched, players 5668/6381 matched
2026-08-24 00:24:05,474 INFO ncaa_identity: contest_id=815137 teams 2203/2203 matched, players 6036/6133 matched
2026-08-24 00:24:06,647 INFO ncaa_identity: contest_id=815169 teams 2130/2130 matched, players 5883/5954 matched
2026-08-24 00:24:08,096 INFO ncaa_identity: contest_id=815230 teams 2107/2107 matched, players 5667/5924 matched
2026-08-24 00:24:11,906 INFO ncaa_identity: contest_id=815300 teams 2146/2146 matched, players 5680/6036 matched
2026-08-24 00:24:13,331 INFO ncaa_identity: contest_id=815327 teams 1183/2348 matched, players 3072/6602 matched
2026-08-24 00:24:18,960 INFO ncaa_identity: contest_id=815445 teams 2191/2191 matched, players 5724/6119 matched
2026-08-24 00:24:20,209 INFO ncaa_identity: contest_id=815465 teams 2254/2254 matched, players 6060/6319 matched
2026-08-24 00:24:28,722 INFO ncaa_identity: contest_id=815710 teams 2578/2578 matched, players 7204/7318 matched
2026-08-24 00:24:30,470 INFO ncaa_identity: contest_id=815737 teams 2737/2737 matched, players 7356/7707 matched
2026-08-24 00:24:43,384 INFO ncaa_identity: contest_id=816099 teams 2205/2205 matched, players 6120/6232 matched
2026-08-24 00:24:43,493 INFO 5 starters not found for period 3; using estimate
2026-08-24 00:24:45,070 INFO ncaa_identity: contest_id=816111 teams 2459/2459 matched, players 6833/6952 matched
2026-08-24 00:24:46,522 INFO ncaa_identity: contest_id=816129 teams 2561/2561 matched, players 7200/7219 matched
2026-08-24 00:24:48,155 INFO ncaa_identity: contest_id=816148 teams 2258/2258 matched, players 5621/6311 matched
2026-08-24 00:24:52,238 INFO ncaa_identity: contest_id=816304 teams 2701/2701 matched, players 6760/7617 matched
2026-08-24 00:24:53,891 INFO ncaa_identity: contest_id=816333 teams 2462/2462 matched, players 6295/6916 matched
2026-08-24 00:24:56,969 INFO ncaa_identity: contest_id=816389 teams 2227/2227 matched, players 6060/6268 matched
2026-08-24 00:24:58,646 INFO ncaa_identity: contest_id=816417 teams 1293/2660 matched, players 3773/7507 matched
2026-08-24 00:24:59,882 INFO ncaa_identity: contest_id=816444 teams 2372/2372 matched, players 5783/6712 matched
2026-08-24 00:25:00,943 INFO ncaa_identity: contest_id=816466 teams 1443/1443 matched, players 379/395 matched
2026-08-24 00:25:03,008 INFO ncaa_identity: contest_id=816490 teams 2594/2594 matched, players 7366/7378 matched
2026-08-24 00:25:04,526 INFO ncaa_identity: contest_id=816516 teams 2126/2126 matched, players 5577/5963 matched
2026-08-24 00:25:05,918 INFO ncaa_identity: contest_id=816540 teams 2723/2723 matched, players 7310/7669 matched
2026-08-24 00:25:07,659 INFO ncaa_identity: contest_id=816559 teams 2297/2297 matched, players 6239/6478 matched
2026-08-24 00:25:13,952 INFO ncaa_identity: contest_id=816779 teams 2379/2379 matched, players 6402/6706 matched
2026-08-24 00:25:17,216 INFO ncaa_identity: contest_id=816818 teams 2402/2402 matched, players 6456/6745 matched
2026-08-24 00:25:18,740 INFO ncaa_identity: contest_id=816833 teams 2596/2596 matched, players 6935/7335 matched
2026-08-24 00:25:21,990 INFO ncaa_identity: contest_id=816857 teams 2362/2362 matched, players 6405/6658 matched
2026-08-24 00:25:26,628 INFO ncaa_identity: contest_id=817060 teams 2047/2047 matched, players 5252/5716 matched
2026-08-24 00:25:29,244 INFO ncaa_identity: contest_id=817165 teams 2607/2607 matched, players 7090/7352 matched
2026-08-24 00:25:33,595 INFO ncaa_identity: contest_id=817213 teams 2510/2510 matched, players 6647/7084 matched
2026-08-24 00:25:38,170 INFO ncaa_identity: contest_id=817322 teams 2481/2481 matched, players 6786/7018 matched
2026-08-24 00:25:41,291 INFO ncaa_identity: contest_id=817413 teams 2576/2576 matched, players 6772/7292 matched
2026-08-24 00:25:42,735 INFO ncaa_identity: contest_id=817439 teams 2178/2178 matched, players 5571/6122 matched
2026-08-24 00:25:47,736 INFO ncaa_identity: contest_id=817532 teams 2330/2330 matched, players 5637/6566 matched
2026-08-24 00:25:49,428 INFO ncaa_identity: contest_id=817552 teams 2283/2283 matched, players 6213/6465 matched
2026-08-24 00:25:50,825 INFO ncaa_identity: contest_id=817579 teams 2139/2139 matched, players 5857/5993 matched
2026-08-24 00:25:57,117 INFO ncaa_identity: contest_id=817781 teams 2572/2572 matched, players 7051/7274 matched
2026-08-24 00:25:59,886 INFO ncaa_identity: contest_id=817848 teams 1884/1884 matched, players 5080/5307 matched
2026-08-24 00:26:01,640 INFO ncaa_identity: contest_id=817861 teams 2328/2328 matched, players 6241/6563 matched
2026-08-24 00:26:02,916 INFO ncaa_identity: contest_id=817872 teams 2401/2401 matched, players 6231/6768 matched
2026-08-24 00:26:09,020 INFO ncaa_identity: contest_id=817999 teams 2444/2444 matched, players 6735/6891 matched
2026-08-24 00:26:12,222 INFO ncaa_identity: contest_id=818093 teams 2206/2206 matched, players 5770/6243 matched
2026-08-24 00:26:15,412 INFO ncaa_identity: contest_id=818150 teams 2239/2239 matched, players 5838/6268 matched
2026-08-24 00:26:17,349 INFO ncaa_identity: contest_id=818241 teams 2019/2019 matched, players 5449/5684 matched
2026-08-24 00:26:18,931 INFO ncaa_identity: contest_id=818256 teams 2655/2655 matched, players 7285/7505 matched
2026-08-24 00:26:23,016 INFO ncaa_identity: contest_id=818303 teams 2507/2507 matched, players 6657/7100 matched
2026-08-24 00:26:30,749 INFO ncaa_identity: contest_id=818472 teams 2342/2342 matched, players 6379/6612 matched
2026-08-24 00:26:33,388 INFO ncaa_identity: contest_id=818524 teams 2216/2216 matched, players 5832/6245 matched
2026-08-24 00:26:36,217 INFO ncaa_identity: contest_id=818575 teams 2238/2238 matched, players 6240/6258 matched
2026-08-24 00:26:50,285 INFO ncaa_identity: contest_id=818907 teams 2900/2900 matched, players 7741/8222 matched
2026-08-24 00:26:53,943 INFO ncaa_identity: contest_id=818947 teams 2511/2511 matched, players 6934/7093 matched
2026-08-24 00:26:58,652 INFO ncaa_identity: contest_id=819000 teams 2045/2045 matched, players 5418/5754 matched
2026-08-24 00:27:03,711 INFO ncaa_identity: contest_id=819146 teams 2313/2313 matched, players 6463/6509 matched
2026-08-24 00:27:07,910 INFO ncaa_identity: contest_id=819236 teams 2376/2376 matched, players 5999/6711 matched
2026-08-24 00:27:09,632 INFO ncaa_identity: contest_id=819250 teams 2409/2409 matched, players 6380/6812 matched
2026-08-24 00:27:13,417 INFO ncaa_identity: contest_id=819342 teams 2224/2224 matched, players 6032/6316 matched
2026-08-24 00:27:15,890 INFO ncaa_identity: contest_id=819425 teams 1832/1832 matched, players 4833/5157 matched
2026-08-24 00:27:17,795 INFO ncaa_identity: contest_id=819439 teams 2745/2745 matched, players 7116/7784 matched
2026-08-24 00:27:21,921 INFO ncaa_identity: contest_id=819491 teams 2913/2913 matched, players 7669/8214 matched
2026-08-24 00:27:25,013 INFO ncaa_identity: contest_id=819519 teams 1238/2484 matched, players 2930/6995 matched
2026-08-24 00:27:29,884 INFO ncaa_identity: contest_id=819557 teams 2691/2691 matched, players 7623/7628 matched
2026-08-24 00:27:34,029 INFO ncaa_identity: contest_id=819700 teams 2156/2156 matched, players 5815/6049 matched
2026-08-24 00:27:35,623 INFO ncaa_identity: contest_id=819710 teams 2163/2163 matched, players 5261/6086 matched
2026-08-24 00:27:37,145 INFO ncaa_identity: contest_id=819720 teams 2257/2257 matched, players 6249/6386 matched
2026-08-24 00:27:41,390 INFO ncaa_identity: contest_id=819769 teams 2149/2149 matched, players 5686/6048 matched
2026-08-24 00:27:44,341 INFO ncaa_identity: contest_id=819789 teams 2599/2599 matched, players 7298/7346 matched
2026-08-24 00:27:52,097 INFO ncaa_identity: contest_id=819925 teams 2279/2279 matched, players 6111/6403 matched
2026-08-24 00:27:54,972 INFO ncaa_identity: contest_id=819952 teams 2486/2486 matched, players 6194/7020 matched
2026-08-24 00:27:56,347 INFO ncaa_identity: contest_id=819981 teams 2567/2567 matched, players 7016/7245 matched
2026-08-24 00:27:57,806 INFO ncaa_identity: contest_id=819999 teams 2439/2439 matched, players 6568/6883 matched
2026-08-24 00:27:59,081 INFO ncaa_identity: contest_id=820009 teams 2525/2525 matched, players 6557/7135 matched
2026-08-24 00:28:02,131 INFO ncaa_identity: contest_id=820081 teams 2326/2326 matched, players 5985/6523 matched
2026-08-24 00:28:06,758 INFO ncaa_identity: contest_id=820119 teams 3035/3035 matched, players 7694/8579 matched
2026-08-24 00:28:08,325 INFO ncaa_identity: contest_id=820129 teams 2219/2219 matched, players 5978/6273 matched
2026-08-24 00:28:09,937 INFO ncaa_identity: contest_id=820140 teams 2250/2250 matched, players 6317/6325 matched
2026-08-24 00:28:11,795 INFO ncaa_identity: contest_id=820150 teams 2164/2164 matched, players 6088/6098 matched
2026-08-24 00:28:13,222 INFO ncaa_identity: contest_id=820167 teams 2459/2459 matched, players 6810/6918 matched
2026-08-24 00:28:15,940 INFO ncaa_identity: contest_id=820232 teams 2373/2373 matched, players 6413/6658 matched
2026-08-24 00:28:17,598 INFO ncaa_identity: contest_id=820250 teams 2530/2530 matched, players 6324/7152 matched
2026-08-24 00:28:36,814 INFO ncaa_identity: contest_id=820445 teams 2324/2324 matched, players 6485/6559 matched
2026-08-24 00:28:41,510 INFO ncaa_identity: contest_id=820505 teams 2343/2343 matched, players 6143/6581 matched
2026-08-24 00:28:44,643 INFO ncaa_identity: contest_id=820539 teams 2533/2533 matched, players 6537/7159 matched
2026-08-24 00:28:47,719 INFO ncaa_identity: contest_id=820559 teams 2310/2310 matched, players 6473/6523 matched
2026-08-24 00:28:49,015 INFO ncaa_identity: contest_id=820572 teams 2544/2544 matched, players 7005/7190 matched
2026-08-24 00:28:49,880 WARNING ncaa_parse: family=lineups contest_id=820585 team=Green Bay produced NO good stints (25 bad, roster=10) -- parsed successfully but contributed nothing
2026-08-24 00:28:50,300 WARNING ncaa_parse: family=lineups contest_id=820585 team=Iowa St. produced NO good stints (21 bad, roster=10) -- parsed successfully but contributed nothing
2026-08-24 00:28:50,773 INFO ncaa_identity: contest_id=820585 teams 2219/2219 matched, players 5621/6198 matched
2026-08-24 00:28:54,015 INFO ncaa_identity: contest_id=820608 teams 2584/2584 matched, players 6711/7310 matched
2026-08-24 00:28:55,813 INFO 5 starters not found for period 3; using estimate
2026-08-24 00:28:57,083 INFO ncaa_identity: contest_id=820628 teams 2530/2530 matched, players 7100/7148 matched
2026-08-24 00:28:59,875 INFO ncaa_identity: contest_id=820648 teams 1956/1956 matched, players 4864/5524 matched
2026-08-24 00:29:01,445 INFO ncaa_identity: contest_id=820664 teams 2247/2247 matched, players 5896/6393 matched
2026-08-24 00:29:07,661 INFO ncaa_identity: contest_id=622603 teams 2151/2151 matched, players 5568/6059 matched
2026-08-24 00:29:09,428 INFO ncaa_identity: contest_id=622615 teams 3132/3132 matched, players 8469/8849 matched
2026-08-24 00:29:10,716 INFO ncaa_identity: contest_id=622625 teams 1296/2536 matched, players 2568/7145 matched
2026-08-24 00:29:12,314 INFO ncaa_identity: contest_id=622637 teams 2581/2581 matched, players 6778/7326 matched
2026-08-24 00:29:13,637 INFO ncaa_identity: contest_id=622647 teams 2108/2108 matched, players 5633/5929 matched
2026-08-24 00:29:15,443 INFO ncaa_identity: contest_id=622657 teams 2446/2446 matched, players 6474/6911 matched
2026-08-24 00:29:18,630 INFO ncaa_identity: contest_id=622679 teams 2507/2507 matched, players 6236/7099 matched
2026-08-24 00:29:20,114 INFO ncaa_identity: contest_id=622690 teams 2633/2633 matched, players 7222/7423 matched
2026-08-24 00:29:21,526 INFO ncaa_identity: contest_id=622711 teams 1318/2577 matched, players 3646/7256 matched
2026-08-24 00:29:23,212 INFO ncaa_identity: contest_id=622739 teams 2755/2755 matched, players 7073/7838 matched
2026-08-24 00:29:26,480 INFO ncaa_identity: contest_id=622793 teams 2661/2661 matched, players 7510/7525 matched
2026-08-24 00:29:28,022 INFO ncaa_identity: contest_id=622833 teams 0/2833 matched, players 0/7930 matched
2026-08-24 00:29:29,947 INFO ncaa_identity: contest_id=622862 teams 2824/2824 matched, players 7686/7988 matched
2026-08-24 00:29:34,669 INFO ncaa_identity: contest_id=622920 teams 2426/2426 matched, players 6694/6855 matched
2026-08-24 00:29:36,271 INFO ncaa_identity: contest_id=622931 teams 2291/2291 matched, players 6022/6449 matched
2026-08-24 00:29:37,634 INFO ncaa_identity: contest_id=622947 teams 1325/2590 matched, players 3576/7289 matched
2026-08-24 00:29:39,635 INFO ncaa_identity: contest_id=622968 teams 2494/2494 matched, players 6103/7013 matched
2026-08-24 00:29:45,951 INFO ncaa_identity: contest_id=623018 teams 1211/2329 matched, players 3318/6550 matched
2026-08-24 00:29:47,310 INFO ncaa_identity: contest_id=623037 teams 2238/2238 matched, players 6034/6314 matched
2026-08-24 00:29:52,069 INFO ncaa_identity: contest_id=623103 teams 2812/2812 matched, players 7664/7949 matched
2026-08-24 00:29:55,217 INFO ncaa_identity: contest_id=623128 teams 2277/2277 matched, players 6223/6404 matched
2026-08-24 00:29:58,391 INFO ncaa_identity: contest_id=623178 teams 2751/2751 matched, players 7433/7759 matched
2026-08-24 00:29:59,521 INFO ncaa_identity: contest_id=623195 teams 2916/2916 matched, players 8144/8258 matched
2026-08-24 00:30:02,765 INFO ncaa_identity: contest_id=623231 teams 2942/2942 matched, players 7609/8334 matched
2026-08-24 00:30:07,547 INFO ncaa_identity: contest_id=623336 teams 2229/2229 matched, players 5771/6300 matched
2026-08-24 00:30:09,557 INFO ncaa_identity: contest_id=623351 teams 2809/2809 matched, players 6634/7957 matched
2026-08-24 00:30:12,651 INFO ncaa_identity: contest_id=623533 teams 2257/2257 matched, players 5341/6361 matched
2026-08-24 00:30:14,288 INFO ncaa_identity: contest_id=623566 teams 2543/2543 matched, players 7002/7203 matched
2026-08-24 00:30:19,046 INFO ncaa_identity: contest_id=623690 teams 1494/2931 matched, players 4038/8245 matched
2026-08-24 00:30:21,039 INFO ncaa_identity: contest_id=623875 teams 2850/2850 matched, players 7974/8047 matched
2026-08-24 00:30:25,876 INFO ncaa_identity: contest_id=623907 teams 2663/2663 matched, players 6952/7506 matched
2026-08-24 00:30:27,641 INFO ncaa_identity: contest_id=623918 teams 2472/2472 matched, players 6575/6997 matched
2026-08-24 00:30:29,127 INFO ncaa_identity: contest_id=623939 teams 1248/2392 matched, players 3166/6747 matched
2026-08-24 00:30:34,476 INFO ncaa_identity: contest_id=624023 teams 2859/2859 matched, players 8107/8109 matched
2026-08-24 00:30:36,129 INFO ncaa_identity: contest_id=624065 teams 2605/2605 matched, players 7016/7368 matched
2026-08-24 00:30:38,078 INFO ncaa_identity: contest_id=624105 teams 2800/2800 matched, players 7488/7880 matched
2026-08-24 00:30:41,044 INFO ncaa_identity: contest_id=624154 teams 2480/2480 matched, players 6649/6976 matched
2026-08-24 00:30:43,504 INFO ncaa_identity: contest_id=624281 teams 1160/2326 matched, players 3286/6586 matched
2026-08-24 00:30:45,199 INFO ncaa_identity: contest_id=624323 teams 2012/2012 matched, players 5525/5676 matched
2026-08-24 00:30:46,574 INFO ncaa_identity: contest_id=624335 teams 2264/2264 matched, players 5406/6365 matched
2026-08-24 00:30:48,090 INFO ncaa_identity: contest_id=624348 teams 1195/2304 matched, players 3296/6508 matched
2026-08-24 00:30:49,498 INFO ncaa_identity: contest_id=624371 teams 2143/2143 matched, players 5997/6051 matched
2026-08-24 00:30:51,121 INFO ncaa_identity: contest_id=624388 teams 2131/2131 matched, players 5855/5968 matched
2026-08-24 00:30:58,045 INFO ncaa_identity: contest_id=624434 teams 2589/2589 matched, players 7191/7321 matched
2026-08-24 00:30:59,521 INFO ncaa_identity: contest_id=624451 teams 1110/2287 matched, players 3141/6420 matched
2026-08-24 00:31:06,054 INFO ncaa_identity: contest_id=624551 teams 2426/2426 matched, players 6586/6839 matched
2026-08-24 00:31:09,215 INFO ncaa_identity: contest_id=624602 teams 1361/2853 matched, players 3957/8126 matched
2026-08-24 00:31:17,484 INFO ncaa_identity: contest_id=624755 teams 3014/3014 matched, players 5682/8573 matched
2026-08-24 00:31:19,571 INFO ncaa_identity: contest_id=624781 teams 2949/2949 matched, players 7307/8341 matched
2026-08-24 00:31:23,721 INFO ncaa_identity: contest_id=624844 teams 2080/2080 matched, players 5236/5823 matched
2026-08-24 00:31:26,645 INFO ncaa_identity: contest_id=624887 teams 1153/2230 matched, players 527/836 matched
2026-08-24 00:31:29,664 INFO ncaa_identity: contest_id=624977 teams 1270/2489 matched, players 3505/7014 matched
2026-08-24 00:31:32,882 INFO ncaa_identity: contest_id=625033 teams 1094/2132 matched, players 2823/5994 matched
2026-08-24 00:31:34,879 INFO ncaa_identity: contest_id=625079 teams 924/1847 matched, players 422/696 matched
2026-08-24 00:31:36,150 INFO ncaa_identity: contest_id=625141 teams 2271/2271 matched, players 5956/6415 matched
2026-08-24 00:31:40,309 INFO ncaa_identity: contest_id=625205 teams 2021/2021 matched, players 5454/5639 matched
2026-08-24 00:31:41,707 INFO ncaa_identity: contest_id=625225 teams 1267/2498 matched, players 3559/7032 matched
2026-08-24 00:31:44,036 INFO ncaa_identity: contest_id=625310 teams 1227/2354 matched, players 3345/6645 matched
2026-08-24 00:31:49,453 INFO ncaa_identity: contest_id=625413 teams 1471/2986 matched, players 4175/8431 matched
2026-08-24 00:31:50,639 INFO ncaa_identity: contest_id=625462 teams 1065/2149 matched, players 2982/6048 matched
2026-08-24 00:31:55,537 INFO ncaa_identity: contest_id=625557 teams 2671/2671 matched, players 7433/7553 matched
2026-08-24 00:31:58,931 INFO ncaa_identity: contest_id=625616 teams 2664/2664 matched, players 7394/7479 matched
2026-08-24 00:32:05,154 INFO ncaa_identity: contest_id=625728 teams 2333/2333 matched, players 6159/6573 matched
2026-08-24 00:32:08,666 INFO ncaa_identity: contest_id=625922 teams 2584/2584 matched, players 6828/7259 matched
2026-08-24 00:32:10,791 INFO ncaa_identity: contest_id=625944 teams 2866/2866 matched, players 7757/8089 matched
2026-08-24 00:32:12,530 INFO ncaa_identity: contest_id=625957 teams 1321/2644 matched, players 3703/7460 matched
2026-08-24 00:32:14,174 INFO ncaa_identity: contest_id=625973 teams 2301/2301 matched, players 5980/6476 matched
2026-08-24 00:32:20,631 INFO ncaa_identity: contest_id=626058 teams 1212/2461 matched, players 3443/6974 matched
2026-08-24 00:32:23,916 INFO ncaa_identity: contest_id=626141 teams 1146/2230 matched, players 3059/6268 matched
2026-08-24 00:32:25,524 INFO ncaa_identity: contest_id=626174 teams 2313/2313 matched, players 6477/6561 matched
2026-08-24 00:32:27,001 INFO ncaa_identity: contest_id=626226 teams 1208/2400 matched, players 3397/6770 matched
2026-08-24 00:32:28,801 INFO ncaa_identity: contest_id=626260 teams 2492/2492 matched, players 6505/7035 matched
2026-08-24 00:32:30,320 INFO ncaa_identity: contest_id=626286 teams 2405/2405 matched, players 6360/6776 matched
2026-08-24 00:32:36,922 INFO ncaa_identity: contest_id=626430 teams 2371/2371 matched, players 6425/6661 matched
2026-08-24 00:32:42,614 INFO ncaa_identity: contest_id=626600 teams 1188/2462 matched, players 3453/6891 matched
2026-08-24 00:32:48,353 INFO ncaa_identity: contest_id=626741 teams 2187/2187 matched, players 5914/6182 matched
2026-08-24 00:32:58,056 INFO ncaa_identity: contest_id=626971 teams 2697/2697 matched, players 6961/7630 matched
2026-08-24 00:32:59,812 INFO ncaa_identity: contest_id=626996 teams 2473/2473 matched, players 6659/6957 matched
2026-08-24 00:33:01,267 INFO ncaa_identity: contest_id=627033 teams 1224/2419 matched, players 3486/6785 matched
2026-08-24 00:33:09,652 INFO ncaa_identity: contest_id=627232 teams 2917/2917 matched, players 7946/8235 matched
2026-08-24 00:33:11,602 INFO ncaa_identity: contest_id=627270 teams 2387/2387 matched, players 5775/6688 matched
2026-08-24 00:33:16,370 INFO ncaa_identity: contest_id=627436 teams 2661/2661 matched, players 7522/7537 matched
2026-08-24 00:33:19,952 INFO ncaa_identity: contest_id=627464 teams 1414/2743 matched, players 3416/7799 matched
2026-08-24 00:33:24,650 INFO ncaa_identity: contest_id=627503 teams 2194/2194 matched, players 5815/6199 matched
2026-08-24 00:33:26,443 INFO ncaa_identity: contest_id=627528 teams 2482/2482 matched, players 6383/6947 matched
2026-08-24 00:33:33,125 INFO ncaa_identity: contest_id=627659 teams 2278/2278 matched, players 6031/6403 matched
2026-08-24 00:33:36,154 INFO ncaa_identity: contest_id=627745 teams 2314/2314 matched, players 6318/6519 matched
2026-08-24 00:33:37,697 INFO ncaa_identity: contest_id=627773 teams 2538/2538 matched, players 6624/7150 matched
2026-08-24 00:33:39,241 INFO ncaa_identity: contest_id=627789 teams 2468/2468 matched, players 6807/6960 matched
2026-08-24 00:33:40,626 INFO ncaa_identity: contest_id=627818 teams 1232/2418 matched, players 3442/6819 matched
2026-08-24 00:33:43,761 INFO ncaa_identity: contest_id=627876 teams 2205/2205 matched, players 5703/6186 matched
2026-08-24 00:33:45,311 INFO ncaa_identity: contest_id=627890 teams 2201/2201 matched, players 5855/6212 matched
2026-08-24 00:33:46,721 INFO ncaa_identity: contest_id=627901 teams 2506/2506 matched, players 6452/7094 matched
2026-08-24 00:33:49,494 INFO ncaa_identity: contest_id=627935 teams 2234/2234 matched, players 6193/6333 matched
2026-08-24 00:33:50,723 INFO ncaa_identity: contest_id=627945 teams 2146/2146 matched, players 5827/6071 matched
2026-08-24 00:33:52,458 INFO ncaa_identity: contest_id=627955 teams 2475/2475 matched, players 6544/6970 matched
2026-08-24 00:33:57,550 INFO ncaa_identity: contest_id=627987 teams 1117/2206 matched, players 3080/6127 matched
2026-08-24 00:33:59,097 INFO ncaa_identity: contest_id=628002 teams 2116/2116 matched, players 5544/5877 matched
2026-08-24 00:34:03,496 INFO ncaa_identity: contest_id=628039 teams 1207/2426 matched, players 3368/6826 matched
2026-08-24 00:34:05,411 INFO ncaa_identity: contest_id=628052 teams 2338/2338 matched, players 6136/6573 matched
2026-08-24 00:34:06,898 INFO ncaa_identity: contest_id=628066 teams 1161/2286 matched, players 2903/6417 matched
2026-08-24 00:34:11,843 INFO ncaa_identity: contest_id=628103 teams 1911/1911 matched, players 750/754 matched
2026-08-24 00:34:13,565 INFO ncaa_identity: contest_id=628115 teams 1980/1980 matched, players 5159/5547 matched
2026-08-24 00:34:15,043 INFO ncaa_identity: contest_id=628132 teams 1483/2887 matched, players 3730/8156 matched
2026-08-24 00:34:17,009 INFO ncaa_identity: contest_id=628181 teams 2157/2157 matched, players 5370/6032 matched
2026-08-24 00:34:23,381 INFO ncaa_identity: contest_id=628239 teams 2118/2118 matched, players 5674/6011 matched
2026-08-24 00:34:25,387 INFO ncaa_identity: contest_id=628254 teams 2809/2809 matched, players 7163/7924 matched
2026-08-24 00:34:28,819 INFO ncaa_identity: contest_id=628320 teams 1240/2508 matched, players 3531/7040 matched
2026-08-24 00:34:30,305 INFO ncaa_identity: contest_id=628348 teams 1059/2104 matched, players 2960/5933 matched
2026-08-24 00:34:35,914 INFO ncaa_identity: contest_id=628455 teams 1812/1812 matched, players 621/629 matched
2026-08-24 00:34:37,735 INFO ncaa_identity: contest_id=628500 teams 1402/2672 matched, players 3773/7520 matched
2026-08-24 00:34:40,397 INFO ncaa_identity: contest_id=628564 teams 2626/2626 matched, players 6877/7393 matched
2026-08-24 00:34:42,032 INFO ncaa_identity: contest_id=628577 teams 2377/2377 matched, players 6436/6710 matched
2026-08-24 00:34:43,489 INFO ncaa_identity: contest_id=628588 teams 2469/2469 matched, players 6435/6923 matched
2026-08-24 00:34:45,549 INFO ncaa_identity: contest_id=628636 teams 2258/2258 matched, players 6051/6351 matched
2026-08-24 00:34:48,265 INFO ncaa_identity: contest_id=628691 teams 1989/1989 matched, players 5055/5576 matched
2026-08-24 00:34:59,643 INFO ncaa_identity: contest_id=628863 teams 2466/2466 matched, players 6813/6921 matched
2026-08-24 00:35:01,346 INFO ncaa_identity: contest_id=628880 teams 2367/2367 matched, players 6264/6662 matched
2026-08-24 00:35:03,069 INFO ncaa_identity: contest_id=628955 teams 2186/2186 matched, players 5821/6175 matched
2026-08-24 00:35:04,270 INFO ncaa_identity: contest_id=628992 teams 2451/2451 matched, players 6547/6914 matched
2026-08-24 00:35:05,909 INFO ncaa_identity: contest_id=629041 teams 2260/2260 matched, players 5805/6335 matched
2026-08-24 00:35:09,706 INFO ncaa_identity: contest_id=629106 teams 1404/2753 matched, players 3935/7754 matched
2026-08-24 00:35:15,702 INFO ncaa_identity: contest_id=629231 teams 2170/2170 matched, players 5557/6114 matched
2026-08-24 00:35:20,273 INFO ncaa_identity: contest_id=629447 teams 2268/2268 matched, players 6042/6366 matched
2026-08-24 00:35:25,296 INFO ncaa_identity: contest_id=629481 teams 1995/1995 matched, players 5497/5607 matched
2026-08-24 00:35:27,072 INFO ncaa_identity: contest_id=629495 teams 2484/2484 matched, players 6873/7041 matched
2026-08-24 00:35:29,859 INFO ncaa_identity: contest_id=629535 teams 2279/2279 matched, players 5844/6362 matched
2026-08-24 00:35:35,483 INFO ncaa_identity: contest_id=629667 teams 3146/3146 matched, players 8285/8857 matched
2026-08-24 00:35:37,443 INFO ncaa_identity: contest_id=629734 teams 2365/2365 matched, players 6327/6668 matched
2026-08-24 00:35:38,731 INFO ncaa_identity: contest_id=629778 teams 2479/2479 matched, players 6968/6996 matched
2026-08-24 00:35:41,528 INFO ncaa_identity: contest_id=629903 teams 2118/2118 matched, players 5656/5954 matched
2026-08-24 00:35:45,898 INFO ncaa_identity: contest_id=629952 teams 2968/2968 matched, players 7915/8360 matched
2026-08-24 00:35:47,584 INFO ncaa_identity: contest_id=629973 teams 2407/2407 matched, players 5911/6789 matched
2026-08-24 00:35:53,866 INFO ncaa_identity: contest_id=630193 teams 2452/2452 matched, players 6126/6892 matched
2026-08-24 00:35:55,537 INFO ncaa_identity: contest_id=630229 teams 1834/1834 matched, players 4063/5126 matched
2026-08-24 00:36:04,217 INFO ncaa_identity: contest_id=630370 teams 2999/2999 matched, players 7749/8456 matched
2026-08-24 00:36:05,646 INFO ncaa_identity: contest_id=630386 teams 2264/2264 matched, players 5657/6344 matched
2026-08-24 00:36:07,140 INFO ncaa_identity: contest_id=630420 teams 2047/2047 matched, players 804/826 matched
2026-08-24 00:36:17,598 INFO ncaa_identity: contest_id=630668 teams 2126/2126 matched, players 5662/5986 matched
2026-08-24 00:36:18,909 INFO ncaa_identity: contest_id=630683 teams 2077/2077 matched, players 5562/5853 matched
2026-08-24 00:36:27,737 INFO ncaa_identity: contest_id=630946 teams 2834/2834 matched, players 7641/8041 matched
2026-08-24 00:36:31,757 INFO ncaa_identity: contest_id=631065 teams 2033/2033 matched, players 5500/5720 matched
2026-08-24 00:36:35,376 INFO ncaa_identity: contest_id=631096 teams 2140/2140 matched, players 5913/6018 matched
2026-08-24 00:36:38,583 INFO ncaa_identity: contest_id=631135 teams 2356/2356 matched, players 6202/6670 matched
2026-08-24 00:36:40,080 INFO ncaa_identity: contest_id=631205 teams 2306/2306 matched, players 5063/6532 matched
2026-08-24 00:36:43,958 INFO ncaa_identity: contest_id=631297 teams 1987/1987 matched, players 5249/5546 matched
2026-08-24 00:36:47,408 INFO ncaa_identity: contest_id=631367 teams 1223/2445 matched, players 3336/6845 matched
2026-08-24 00:36:48,865 INFO ncaa_identity: contest_id=631391 teams 2546/2546 matched, players 6902/7217 matched
2026-08-24 00:36:52,281 INFO ncaa_identity: contest_id=631456 teams 2525/2525 matched, players 6655/7136 matched
2026-08-24 00:36:57,594 INFO ncaa_identity: contest_id=631565 teams 2612/2612 matched, players 7353/7369 matched
2026-08-24 00:36:58,915 INFO ncaa_identity: contest_id=631689 teams 2142/2142 matched, players 5828/6037 matched
2026-08-24 00:37:00,461 INFO ncaa_identity: contest_id=631704 teams 1928/1928 matched, players 5088/5426 matched
2026-08-24 00:37:01,987 INFO ncaa_identity: contest_id=631717 teams 2552/2552 matched, players 6855/7219 matched
2026-08-24 00:37:03,761 INFO ncaa_identity: contest_id=631730 teams 2686/2686 matched, players 7301/7609 matched
2026-08-24 00:37:11,974 INFO ncaa_identity: contest_id=631828 teams 2471/2471 matched, players 6593/6979 matched
2026-08-24 00:37:12,105 INFO 5 starters not found for period 3; using estimate
2026-08-24 00:37:13,275 INFO ncaa_identity: contest_id=631899 teams 2666/2666 matched, players 7107/7501 matched
2026-08-24 00:37:25,041 INFO ncaa_identity: contest_id=632207 teams 1963/1963 matched, players 5035/5522 matched
2026-08-24 00:37:26,434 INFO ncaa_identity: contest_id=632224 teams 2763/2763 matched, players 7545/7828 matched
2026-08-24 00:37:27,734 INFO ncaa_identity: contest_id=632236 teams 2050/2050 matched, players 5332/5798 matched
2026-08-24 00:37:29,265 INFO ncaa_identity: contest_id=632310 teams 3008/3008 matched, players 7958/8542 matched
2026-08-24 00:37:34,248 INFO 5 starters not found for period 3; using estimate
2026-08-24 00:37:36,977 INFO ncaa_identity: contest_id=632514 teams 2210/2210 matched, players 5265/6214 matched
2026-08-24 00:37:38,794 INFO ncaa_identity: contest_id=632531 teams 2767/2767 matched, players 7587/7759 matched
2026-08-24 00:37:40,402 INFO ncaa_identity: contest_id=632559 teams 2812/2812 matched, players 7532/7963 matched
2026-08-24 00:37:43,761 INFO ncaa_identity: contest_id=632614 teams 2572/2572 matched, players 6600/7258 matched
2026-08-24 00:37:46,915 INFO ncaa_identity: contest_id=632765 teams 2381/2381 matched, players 6262/6716 matched
2026-08-24 00:37:52,706 INFO ncaa_identity: contest_id=632851 teams 1995/1995 matched, players 5244/5579 matched
2026-08-24 00:37:58,507 INFO ncaa_identity: contest_id=632920 teams 1152/2317 matched, players 3207/6538 matched
2026-08-24 00:37:59,966 INFO ncaa_identity: contest_id=632937 teams 2653/2653 matched, players 6714/7442 matched
2026-08-24 00:38:01,409 INFO ncaa_identity: contest_id=633036 teams 1195/2375 matched, players 3399/6672 matched
2026-08-24 00:38:08,528 INFO ncaa_identity: contest_id=633233 teams 2146/2146 matched, players 771/773 matched
2026-08-24 00:38:12,815 INFO ncaa_identity: contest_id=633270 teams 2691/2691 matched, players 7099/7590 matched
2026-08-24 00:38:14,200 INFO ncaa_identity: contest_id=633285 teams 2303/2303 matched, players 6116/6509 matched
2026-08-24 00:38:21,860 INFO ncaa_identity: contest_id=633526 teams 2333/2333 matched, players 6105/6591 matched
2026-08-24 00:38:29,224 INFO ncaa_identity: contest_id=633593 teams 2460/2460 matched, players 6221/6923 matched
2026-08-24 00:38:49,235 INFO ncaa_identity: contest_id=633707 teams 2368/2368 matched, players 6170/6737 matched
2026-08-24 00:39:09,289 INFO ncaa_identity: contest_id=633937 teams 2404/2404 matched, players 6556/6797 matched
2026-08-24 00:39:17,373 INFO ncaa_identity: contest_id=633962 teams 2149/2149 matched, players 5973/6048 matched
2026-08-24 00:39:22,577 INFO ncaa_identity: contest_id=633984 teams 2316/2316 matched, players 6099/6517 matched
2026-08-24 00:39:32,191 INFO ncaa_identity: contest_id=634019 teams 2220/2220 matched, players 5734/6289 matched
2026-08-24 00:39:36,729 INFO ncaa_identity: contest_id=634053 teams 1042/2139 matched, players 2287/5981 matched
2026-08-24 00:39:40,956 INFO ncaa_identity: contest_id=634129 teams 2358/2358 matched, players 6247/6655 matched
2026-08-24 00:40:35,361 INFO ncaa_identity: contest_id=634571 teams 2493/2493 matched, players 6388/7001 matched
2026-08-24 00:40:41,198 INFO ncaa_identity: contest_id=634660 teams 2305/2305 matched, players 5426/6432 matched
2026-08-24 00:40:46,223 INFO ncaa_identity: contest_id=634732 teams 2418/2418 matched, players 6605/6852 matched
2026-08-24 00:40:50,879 INFO ncaa_identity: contest_id=634919 teams 2562/2562 matched, players 7230/7235 matched
2026-08-24 00:40:55,535 INFO ncaa_identity: contest_id=634958 teams 2077/2077 matched, players 5343/5856 matched
2026-08-24 00:40:57,894 INFO ncaa_identity: contest_id=634972 teams 2496/2496 matched, players 6953/7031 matched
2026-08-24 00:41:02,664 INFO ncaa_identity: contest_id=635052 teams 2247/2247 matched, players 5468/6300 matched
2026-08-24 00:41:05,492 INFO ncaa_identity: contest_id=635146 teams 1296/2458 matched, players 3510/6920 matched
2026-08-24 00:41:06,970 INFO ncaa_identity: contest_id=635231 teams 1102/2137 matched, players 3032/6043 matched
2026-08-24 00:41:10,448 INFO ncaa_identity: contest_id=635303 teams 2488/2488 matched, players 6485/7021 matched
2026-08-24 00:41:13,364 INFO ncaa_identity: contest_id=635404 teams 2362/2362 matched, players 5289/6664 matched
2026-08-24 00:41:14,972 INFO ncaa_identity: contest_id=635421 teams 2175/2175 matched, players 5922/6136 matched
2026-08-24 00:41:23,808 INFO ncaa_identity: contest_id=635565 teams 2286/2286 matched, players 6382/6462 matched
2026-08-24 00:41:25,723 INFO ncaa_identity: contest_id=635624 teams 2372/2372 matched, players 6266/6658 matched
2026-08-24 00:41:28,752 INFO ncaa_identity: contest_id=635686 teams 2288/2288 matched, players 6338/6460 matched
2026-08-24 00:41:33,262 INFO ncaa_identity: contest_id=635767 teams 1951/1951 matched, players 5441/5476 matched
2026-08-24 00:41:39,982 INFO ncaa_identity: contest_id=636018 teams 2268/2268 matched, players 6079/6373 matched
2026-08-24 00:41:42,778 INFO ncaa_identity: contest_id=636058 teams 2046/2046 matched, players 5707/5754 matched
2026-08-24 00:41:45,853 INFO ncaa_identity: contest_id=636082 teams 2273/2273 matched, players 5911/6407 matched
2026-08-24 00:41:47,849 INFO ncaa_identity: contest_id=636097 teams 2682/2682 matched, players 6239/7530 matched
2026-08-24 00:41:54,130 INFO ncaa_identity: contest_id=636171 teams 2140/2140 matched, players 5786/6043 matched
2026-08-24 00:41:55,939 INFO ncaa_identity: contest_id=636247 teams 2511/2511 matched, players 6146/7080 matched
2026-08-24 00:41:57,474 INFO ncaa_identity: contest_id=636266 teams 2343/2343 matched, players 6411/6612 matched
2026-08-24 00:41:59,337 INFO ncaa_identity: contest_id=636281 teams 2096/2096 matched, players 5666/5919 matched
2026-08-24 00:42:01,066 INFO ncaa_identity: contest_id=636301 teams 2443/2443 matched, players 6482/6877 matched
2026-08-24 00:42:04,790 INFO ncaa_identity: contest_id=636367 teams 2138/2138 matched, players 5727/6034 matched
2026-08-24 00:42:05,788 INFO ncaa_identity: contest_id=636380 teams 1421/1421 matched, players 519/524 matched
2026-08-24 00:42:07,310 INFO ncaa_identity: contest_id=636395 teams 2443/2443 matched, players 6816/6925 matched
2026-08-24 00:42:10,598 INFO ncaa_identity: contest_id=636440 teams 1179/2437 matched, players 3090/6883 matched
2026-08-24 00:42:14,060 INFO ncaa_identity: contest_id=636572 teams 2351/2351 matched, players 5479/6581 matched
2026-08-24 00:42:16,939 INFO ncaa_identity: contest_id=636614 teams 2125/2125 matched, players 4976/5973 matched
2026-08-24 00:42:19,866 INFO ncaa_identity: contest_id=636650 teams 2126/2126 matched, players 4658/5968 matched
2026-08-24 00:42:22,483 INFO ncaa_identity: contest_id=636685 teams 2466/2466 matched, players 6374/6995 matched
2026-08-24 00:42:29,680 INFO ncaa_identity: contest_id=636881 teams 2529/2529 matched, players 6865/7166 matched
2026-08-24 00:42:33,024 INFO ncaa_identity: contest_id=636901 teams 2580/2580 matched, players 6919/7279 matched
2026-08-24 00:42:34,739 INFO ncaa_identity: contest_id=636911 teams 2260/2260 matched, players 5855/6390 matched
2026-08-24 00:42:36,302 INFO ncaa_identity: contest_id=636935 teams 2321/2321 matched, players 6028/6516 matched
2026-08-24 00:42:38,833 INFO ncaa_identity: contest_id=636955 teams 2216/2216 matched, players 5707/6238 matched
2026-08-24 00:42:40,271 INFO ncaa_identity: contest_id=636984 teams 2015/2015 matched, players 746/756 matched
2026-08-24 00:42:41,568 INFO ncaa_identity: contest_id=637019 teams 2337/2337 matched, players 6187/6581 matched
2026-08-24 00:42:52,212 INFO ncaa_identity: contest_id=637159 teams 2555/2555 matched, players 7159/7215 matched
2026-08-24 00:42:53,746 INFO 5 starters not found for period 3; using estimate
2026-08-24 00:42:56,961 INFO ncaa_identity: contest_id=637195 teams 2100/2100 matched, players 5209/5901 matched
2026-08-24 00:42:59,802 INFO ncaa_identity: contest_id=637241 teams 2310/2310 matched, players 6330/6487 matched
2026-08-24 00:43:04,228 INFO ncaa_identity: contest_id=637329 teams 2031/2031 matched, players 5286/5726 matched
2026-08-24 00:43:05,399 INFO ncaa_identity: contest_id=637343 teams 2297/2297 matched, players 5717/6468 matched
2026-08-24 00:43:08,823 INFO ncaa_identity: contest_id=637365 teams 1235/2418 matched, players 2994/6869 matched
2026-08-24 00:43:11,618 INFO ncaa_identity: contest_id=637392 teams 2149/2149 matched, players 5600/6096 matched
2026-08-24 00:43:13,022 INFO ncaa_identity: contest_id=637402 teams 1170/2243 matched, players 3223/6307 matched
2026-08-24 00:43:17,966 INFO ncaa_identity: contest_id=637527 teams 2507/2507 matched, players 6520/7087 matched
2026-08-24 00:43:19,205 INFO ncaa_identity: contest_id=637537 teams 2585/2585 matched, players 6156/7281 matched
2026-08-24 00:43:21,572 INFO ncaa_identity: contest_id=637557 teams 2115/2115 matched, players 5541/5989 matched
2026-08-24 00:43:24,796 INFO ncaa_identity: contest_id=637588 teams 2143/2143 matched, players 5543/5987 matched
2026-08-24 00:43:25,999 INFO ncaa_identity: contest_id=637598 teams 1986/1986 matched, players 5123/5633 matched
2026-08-24 00:43:27,269 INFO ncaa_identity: contest_id=637608 teams 2027/2027 matched, players 5367/5715 matched
2026-08-24 00:43:28,785 INFO ncaa_identity: contest_id=637618 teams 2431/2431 matched, players 6270/6849 matched
2026-08-24 00:43:30,175 INFO ncaa_identity: contest_id=637650 teams 2300/2300 matched, players 6124/6475 matched
2026-08-24 00:43:33,341 INFO ncaa_identity: contest_id=637689 teams 2306/2306 matched, players 6389/6478 matched
2026-08-24 00:43:34,905 INFO ncaa_identity: contest_id=637699 teams 2530/2530 matched, players 6871/7188 matched
2026-08-24 00:43:36,689 INFO ncaa_identity: contest_id=637709 teams 2592/2592 matched, players 7116/7279 matched
2026-08-24 00:43:37,965 INFO ncaa_identity: contest_id=637719 teams 2071/2071 matched, players 5817/5848 matched
2026-08-24 00:43:40,810 INFO ncaa_identity: contest_id=637763 teams 2430/2430 matched, players 6572/6879 matched
2026-08-24 00:43:47,987 INFO ncaa_identity: contest_id=637851 teams 2105/2105 matched, players 5063/5909 matched
2026-08-24 00:43:49,707 INFO ncaa_identity: contest_id=637868 teams 2587/2587 matched, players 7020/7307 matched
2026-08-24 00:43:51,941 INFO ncaa_identity: contest_id=637889 teams 2298/2298 matched, players 6203/6488 matched
2026-08-24 00:43:54,986 INFO ncaa_identity: contest_id=637909 teams 2355/2355 matched, players 6460/6633 matched
2026-08-24 00:44:01,596 WARNING ncaa_parse: family=lineups contest_id=637995 team=Dayton produced NO good stints (21 bad, roster=10) -- parsed successfully but contributed nothing
2026-08-24 00:44:02,083 WARNING ncaa_parse: family=lineups contest_id=637995 team=Saint Joseph's produced NO good stints (21 bad, roster=9) -- parsed successfully but contributed nothing
2026-08-24 00:44:02,557 INFO ncaa_identity: contest_id=637995 teams 2091/2091 matched, players 5280/5841 matched
2026-08-24 00:44:05,610 INFO ncaa_identity: contest_id=638022 teams 2016/2016 matched, players 5342/5672 matched
2026-08-24 00:44:08,966 INFO ncaa_identity: contest_id=638042 teams 2333/2333 matched, players 6341/6568 matched
2026-08-24 00:44:14,926 INFO ncaa_identity: contest_id=638087 teams 2578/2578 matched, players 6741/7305 matched
2026-08-24 00:44:16,551 INFO ncaa_identity: contest_id=638097 teams 2408/2408 matched, players 6672/6736 matched
2026-08-24 00:44:18,092 INFO ncaa_identity: contest_id=638120 teams 1158/2286 matched, players 2772/6469 matched
2026-08-24 00:44:22,426 INFO ncaa_identity: contest_id=638183 teams 2398/2398 matched, players 6366/6746 matched
2026-08-24 00:44:25,215 INFO ncaa_identity: contest_id=638224 teams 2005/2005 matched, players 5553/5618 matched
2026-08-24 00:44:27,774 INFO ncaa_identity: contest_id=638244 teams 1883/1883 matched, players 4502/5292 matched
2026-08-24 00:44:31,758 INFO ncaa_identity: contest_id=638274 teams 2542/2542 matched, players 6401/7206 matched
2026-08-24 00:44:35,944 INFO ncaa_identity: contest_id=638304 teams 1198/2415 matched, players 3413/6785 matched
2026-08-24 00:44:37,144 INFO ncaa_identity: contest_id=638314 teams 2060/2060 matched, players 5401/5800 matched
2026-08-24 00:44:48,464 INFO ncaa_identity: contest_id=541424 teams 2671/2671 matched, players 6585/7553 matched
2026-08-24 00:44:54,494 INFO ncaa_identity: contest_id=541468 teams 1563/3086 matched, players 4458/8779 matched
2026-08-24 00:44:55,877 INFO ncaa_identity: contest_id=541478 teams 2398/2398 matched, players 6155/6746 matched
2026-08-24 00:44:58,906 INFO ncaa_identity: contest_id=541509 teams 1488/2931 matched, players 4071/8240 matched
2026-08-24 00:45:00,448 INFO ncaa_identity: contest_id=541528 teams 1313/2568 matched, players 3308/7238 matched
2026-08-24 00:45:01,954 INFO ncaa_identity: contest_id=541540 teams 1271/2562 matched, players 3613/7199 matched
2026-08-24 00:45:03,296 INFO ncaa_identity: contest_id=541580 teams 3480/3480 matched, players 9330/9871 matched
2026-08-24 00:45:04,882 INFO ncaa_identity: contest_id=541594 teams 2803/2803 matched, players 7479/7924 matched
2026-08-24 00:45:06,409 INFO ncaa_identity: contest_id=541614 teams 2660/2660 matched, players 7060/7427 matched
2026-08-24 00:45:09,570 INFO ncaa_identity: contest_id=541669 teams 2051/2051 matched, players 5517/5737 matched
2026-08-24 00:45:11,400 INFO ncaa_identity: contest_id=541721 teams 2616/2616 matched, players 6704/7303 matched
2026-08-24 00:45:12,713 INFO ncaa_identity: contest_id=541731 teams 2789/2789 matched, players 7192/7905 matched
2026-08-24 00:45:14,148 INFO ncaa_identity: contest_id=541741 teams 2400/2400 matched, players 6285/6687 matched
2026-08-24 00:45:17,137 INFO ncaa_identity: contest_id=541764 teams 2597/2597 matched, players 6933/7313 matched
2026-08-24 00:45:18,584 INFO ncaa_identity: contest_id=541778 teams 1311/2554 matched, players 3681/7180 matched
2026-08-24 00:45:19,921 INFO ncaa_identity: contest_id=541803 teams 2770/2770 matched, players 7394/7815 matched
2026-08-24 00:45:21,257 INFO ncaa_identity: contest_id=541815 teams 2726/2726 matched, players 7275/7705 matched
2026-08-24 00:45:24,059 INFO ncaa_identity: contest_id=541841 teams 1486/2881 matched, players 3077/8178 matched
2026-08-24 00:45:25,672 INFO ncaa_identity: contest_id=541857 teams 2528/2528 matched, players 7050/7146 matched
2026-08-24 00:45:27,302 INFO ncaa_identity: contest_id=541870 teams 3463/3463 matched, players 8691/9841 matched
2026-08-24 00:45:30,664 INFO ncaa_identity: contest_id=541922 teams 2903/2903 matched, players 7615/8203 matched
2026-08-24 00:45:35,547 INFO ncaa_identity: contest_id=541955 teams 2673/2673 matched, players 7194/7580 matched
2026-08-24 00:45:37,060 INFO ncaa_identity: contest_id=541991 teams 2731/2731 matched, players 7279/7708 matched
2026-08-24 00:45:43,556 INFO ncaa_identity: contest_id=542038 teams 1275/2554 matched, players 3633/7191 matched
2026-08-24 00:45:47,140 INFO ncaa_identity: contest_id=542092 teams 1813/3677 matched, players 5343/10434 matched
2026-08-24 00:45:48,842 INFO ncaa_identity: contest_id=542116 teams 2170/2170 matched, players 744/752 matched
2026-08-24 00:45:50,177 INFO ncaa_identity: contest_id=542133 teams 2336/2336 matched, players 6317/6622 matched
2026-08-24 00:45:52,161 INFO ncaa_identity: contest_id=542281 teams 3104/3104 matched, players 8174/8824 matched
2026-08-24 00:45:54,049 INFO ncaa_identity: contest_id=542313 teams 1870/3745 matched, players 4763/10606 matched
2026-08-24 00:45:57,204 INFO ncaa_identity: contest_id=542357 teams 2903/2903 matched, players 7482/8121 matched
2026-08-24 00:46:00,326 INFO 5 starters not found for period 4; using estimate
2026-08-24 00:46:03,285 INFO ncaa_identity: contest_id=542665 teams 2442/2442 matched, players 6133/6854 matched
2026-08-24 00:46:06,428 INFO ncaa_identity: contest_id=542689 teams 1211/2418 matched, players 3412/6814 matched
2026-08-24 00:46:08,319 INFO ncaa_identity: contest_id=542705 teams 2840/2840 matched, players 7674/7997 matched
2026-08-24 00:46:10,102 INFO ncaa_identity: contest_id=542717 teams 2754/2754 matched, players 7562/7789 matched
2026-08-24 00:46:11,838 INFO ncaa_identity: contest_id=542772 teams 1647/3388 matched, players 4720/9659 matched
2026-08-24 00:46:13,381 INFO ncaa_identity: contest_id=542785 teams 2407/2407 matched, players 5828/6786 matched
2026-08-24 00:46:16,866 INFO ncaa_identity: contest_id=542839 teams 1192/2347 matched, players 3331/6652 matched
2026-08-24 00:46:20,247 INFO ncaa_identity: contest_id=542894 teams 2564/2564 matched, players 6944/7236 matched
2026-08-24 00:46:22,111 INFO ncaa_identity: contest_id=542971 teams 2087/2087 matched, players 5784/5875 matched
2026-08-24 00:46:26,898 INFO ncaa_identity: contest_id=543034 teams 2478/2478 matched, players 6809/7016 matched
2026-08-24 00:46:28,287 INFO ncaa_identity: contest_id=543054 teams 1449/2808 matched, players 4066/7932 matched
2026-08-24 00:46:30,424 INFO ncaa_identity: contest_id=543120 teams 2321/2321 matched, players 6232/6488 matched
2026-08-24 00:46:31,822 INFO ncaa_identity: contest_id=543141 teams 1354/2699 matched, players 3515/7640 matched
2026-08-24 00:46:33,728 INFO ncaa_identity: contest_id=543158 teams 2608/2608 matched, players 7052/7360 matched
2026-08-24 00:46:34,832 INFO ncaa_identity: contest_id=543177 teams 2284/2284 matched, players 6341/6434 matched
2026-08-24 00:46:36,492 INFO ncaa_identity: contest_id=543233 teams 2230/2230 matched, players 5593/6295 matched
2026-08-24 00:46:38,154 INFO ncaa_identity: contest_id=543258 teams 3052/3052 matched, players 7274/8587 matched
2026-08-24 00:46:39,919 INFO ncaa_identity: contest_id=543276 teams 2460/2460 matched, players 6853/6906 matched
2026-08-24 00:46:41,292 INFO ncaa_identity: contest_id=543329 teams 2261/2261 matched, players 5890/6387 matched
2026-08-24 00:46:50,284 INFO ncaa_identity: contest_id=543500 teams 2620/2620 matched, players 6830/7380 matched
2026-08-24 00:46:51,878 INFO ncaa_identity: contest_id=543584 teams 2923/2923 matched, players 8129/8271 matched
2026-08-24 00:46:53,066 INFO ncaa_identity: contest_id=543702 teams 2403/2403 matched, players 5741/6797 matched
2026-08-24 00:46:54,340 INFO ncaa_identity: contest_id=543714 teams 1099/2155 matched, players 3117/6124 matched
2026-08-24 00:46:55,642 INFO ncaa_identity: contest_id=543725 teams 2158/2158 matched, players 5586/6046 matched
2026-08-24 00:46:56,912 INFO ncaa_identity: contest_id=543737 teams 2450/2450 matched, players 6473/6927 matched
2026-08-24 00:46:59,894 INFO ncaa_identity: contest_id=543782 teams 2427/2427 matched, players 5707/6826 matched
2026-08-24 00:47:03,293 INFO ncaa_identity: contest_id=543848 teams 1721/3605 matched, players 5031/10239 matched
2026-08-24 00:47:04,599 INFO ncaa_identity: contest_id=543883 teams 1590/3136 matched, players 4446/8838 matched
2026-08-24 00:47:14,533 INFO ncaa_identity: contest_id=544104 teams 2776/2776 matched, players 7670/7859 matched
2026-08-24 00:47:16,010 INFO ncaa_identity: contest_id=544127 teams 2832/2832 matched, players 7101/7987 matched
2026-08-24 00:47:17,680 INFO ncaa_identity: contest_id=544140 teams 2300/2300 matched, players 6334/6501 matched
2026-08-24 00:47:19,121 INFO ncaa_identity: contest_id=544152 teams 2738/2738 matched, players 7427/7783 matched
2026-08-24 00:47:24,008 INFO ncaa_identity: contest_id=544202 teams 2683/2683 matched, players 7022/7567 matched
2026-08-24 00:47:25,408 INFO ncaa_identity: contest_id=544218 teams 2241/2241 matched, players 5928/6308 matched
2026-08-24 00:47:26,710 INFO ncaa_identity: contest_id=544235 teams 2284/2284 matched, players 5664/6456 matched
2026-08-24 00:47:28,007 INFO ncaa_identity: contest_id=544249 teams 2113/2113 matched, players 5557/5954 matched
2026-08-24 00:47:29,247 INFO ncaa_identity: contest_id=544262 teams 2490/2490 matched, players 6092/7039 matched
2026-08-24 00:47:30,858 INFO ncaa_identity: contest_id=544290 teams 2632/2632 matched, players 6914/7397 matched
2026-08-24 00:47:35,409 INFO ncaa_identity: contest_id=544371 teams 1367/2823 matched, players 3888/7941 matched
2026-08-24 00:47:37,069 INFO ncaa_identity: contest_id=544424 teams 2496/2496 matched, players 6773/7025 matched
2026-08-24 00:47:38,398 INFO ncaa_identity: contest_id=544436 teams 2131/2131 matched, players 5621/6003 matched
2026-08-24 00:47:41,623 INFO ncaa_identity: contest_id=544468 teams 2447/2447 matched, players 6667/6904 matched
2026-08-24 00:47:44,515 INFO ncaa_identity: contest_id=544501 teams 2266/2266 matched, players 6343/6368 matched
2026-08-24 00:47:46,243 INFO ncaa_identity: contest_id=544531 teams 2387/2387 matched, players 6274/6712 matched
2026-08-24 00:47:49,067 INFO ncaa_identity: contest_id=544566 teams 2192/2192 matched, players 5800/6185 matched
2026-08-24 00:47:50,244 INFO ncaa_identity: contest_id=544604 teams 1949/1949 matched, players 4570/5481 matched
2026-08-24 00:47:54,828 INFO ncaa_identity: contest_id=544692 teams 2559/2559 matched, players 6768/7235 matched
2026-08-24 00:47:56,426 INFO ncaa_identity: contest_id=544716 teams 1246/2358 matched, players 3362/6639 matched
2026-08-24 00:47:57,837 INFO ncaa_identity: contest_id=544775 teams 1182/2343 matched, players 3291/6570 matched
2026-08-24 00:47:59,524 INFO ncaa_identity: contest_id=544817 teams 2387/2387 matched, players 6683/6739 matched
2026-08-24 00:48:01,486 INFO ncaa_identity: contest_id=544841 teams 3403/3403 matched, players 1135/1226 matched
2026-08-24 00:48:04,963 INFO ncaa_identity: contest_id=544880 teams 2518/2518 matched, players 6828/7106 matched
2026-08-24 00:48:06,593 INFO ncaa_identity: contest_id=544904 teams 2351/2351 matched, players 6000/6654 matched
2026-08-24 00:48:11,210 INFO ncaa_identity: contest_id=545035 teams 1439/2774 matched, players 3989/7829 matched
2026-08-24 00:48:12,121 INFO ncaa_identity: contest_id=545051 teams 1471/1471 matched, players 400/450 matched
2026-08-24 00:48:14,832 INFO ncaa_identity: contest_id=545158 teams 2393/2393 matched, players 6222/6723 matched
2026-08-24 00:48:16,011 INFO ncaa_identity: contest_id=545203 teams 2374/2374 matched, players 6168/6692 matched
2026-08-24 00:48:19,505 INFO ncaa_identity: contest_id=545284 teams 3609/3609 matched, players 9592/10311 matched
2026-08-24 00:48:22,109 INFO ncaa_identity: contest_id=545333 teams 2235/2235 matched, players 6252/6285 matched
2026-08-24 00:48:23,928 INFO ncaa_identity: contest_id=545365 teams 2628/2628 matched, players 6958/7439 matched
2026-08-24 00:48:25,003 INFO ncaa_identity: contest_id=545395 teams 2251/2251 matched, players 6129/6339 matched
2026-08-24 00:48:26,434 INFO ncaa_identity: contest_id=545524 teams 2048/2048 matched, players 4779/5768 matched
2026-08-24 00:48:30,756 INFO ncaa_identity: contest_id=545598 teams 2527/2527 matched, players 6846/7170 matched
2026-08-24 00:48:32,119 INFO ncaa_identity: contest_id=545619 teams 2141/2141 matched, players 5885/6021 matched
2026-08-24 00:48:33,517 INFO ncaa_identity: contest_id=545638 teams 2105/2105 matched, players 788/815 matched
2026-08-24 00:48:37,716 INFO ncaa_identity: contest_id=545752 teams 1273/2522 matched, players 3525/7083 matched
2026-08-24 00:48:39,192 INFO ncaa_identity: contest_id=545783 teams 2347/2347 matched, players 6192/6606 matched
2026-08-24 00:48:40,637 INFO ncaa_identity: contest_id=545831 teams 1161/2276 matched, players 3251/6422 matched
2026-08-24 00:48:42,165 INFO ncaa_identity: contest_id=545885 teams 2535/2535 matched, players 6806/7135 matched
2026-08-24 00:48:44,718 INFO ncaa_identity: contest_id=545940 teams 2551/2551 matched, players 6914/7172 matched
2026-08-24 00:48:45,969 INFO ncaa_identity: contest_id=545961 teams 2766/2766 matched, players 7577/7805 matched
2026-08-24 00:48:47,700 INFO ncaa_identity: contest_id=546064 teams 3341/3341 matched, players 9014/9598 matched
2026-08-24 00:48:50,320 INFO ncaa_identity: contest_id=546105 teams 2132/2132 matched, players 5638/6006 matched
2026-08-24 00:48:54,476 INFO ncaa_identity: contest_id=546153 teams 2775/2775 matched, players 7582/7848 matched
2026-08-24 00:48:55,781 INFO ncaa_identity: contest_id=546170 teams 2300/2300 matched, players 6478/6482 matched
2026-08-24 00:49:02,885 INFO ncaa_identity: contest_id=546328 teams 2702/2702 matched, players 7276/7653 matched
2026-08-24 00:49:03,942 INFO ncaa_identity: contest_id=546350 teams 2322/2322 matched, players 6100/6524 matched
2026-08-24 00:49:05,350 INFO ncaa_identity: contest_id=546371 teams 1190/2397 matched, players 3341/6766 matched
2026-08-24 00:49:07,016 INFO ncaa_identity: contest_id=546388 teams 2537/2537 matched, players 6118/7140 matched
2026-08-24 00:49:08,377 INFO ncaa_identity: contest_id=546420 teams 1095/2166 matched, players 2568/6093 matched
2026-08-24 00:49:10,021 INFO ncaa_identity: contest_id=546448 teams 1189/2326 matched, players 2894/6527 matched
2026-08-24 00:49:11,366 INFO ncaa_identity: contest_id=546467 teams 2497/2497 matched, players 6900/7082 matched
2026-08-24 00:49:14,188 INFO ncaa_identity: contest_id=546531 teams 2231/2231 matched, players 5363/6286 matched
2026-08-24 00:49:15,493 INFO ncaa_identity: contest_id=546545 teams 2900/2900 matched, players 8118/8185 matched
2026-08-24 00:49:17,398 INFO ncaa_identity: contest_id=546562 teams 2261/2261 matched, players 6223/6343 matched
2026-08-24 00:49:22,362 INFO ncaa_identity: contest_id=546631 teams 2120/2120 matched, players 5624/5950 matched
2026-08-24 00:49:23,674 INFO ncaa_identity: contest_id=546666 teams 2363/2363 matched, players 6193/6640 matched
2026-08-24 00:49:25,359 INFO ncaa_identity: contest_id=546683 teams 2863/2863 matched, players 7838/8105 matched
2026-08-24 00:49:28,422 INFO ncaa_identity: contest_id=546712 teams 2629/2629 matched, players 6942/7427 matched
2026-08-24 00:49:31,348 INFO ncaa_identity: contest_id=546738 teams 2756/2756 matched, players 7458/7754 matched
2026-08-24 00:49:36,659 INFO ncaa_identity: contest_id=546852 teams 2265/2265 matched, players 6067/6372 matched
2026-08-24 00:49:38,029 INFO ncaa_identity: contest_id=546871 teams 2825/2825 matched, players 7719/8041 matched
2026-08-24 00:49:39,503 INFO ncaa_identity: contest_id=546884 teams 2272/2272 matched, players 5651/6394 matched
2026-08-24 00:49:43,812 INFO ncaa_identity: contest_id=546939 teams 2300/2300 matched, players 6128/6498 matched
2026-08-24 00:49:45,117 INFO ncaa_identity: contest_id=546950 teams 2223/2223 matched, players 5931/6273 matched
2026-08-24 00:49:48,097 INFO ncaa_identity: contest_id=546977 teams 2572/2572 matched, players 6822/7257 matched
2026-08-24 00:49:51,750 INFO ncaa_identity: contest_id=547039 teams 2399/2399 matched, players 6591/6776 matched
2026-08-24 00:49:53,698 INFO ncaa_identity: contest_id=547051 teams 2966/2966 matched, players 7855/8380 matched
2026-08-24 00:49:54,871 INFO ncaa_identity: contest_id=547062 teams 2569/2569 matched, players 6614/7230 matched
2026-08-24 00:49:57,735 INFO ncaa_identity: contest_id=547085 teams 2377/2377 matched, players 6568/6712 matched
2026-08-24 00:50:01,802 INFO ncaa_identity: contest_id=547159 teams 2357/2357 matched, players 6267/6689 matched
2026-08-24 00:50:04,571 INFO ncaa_identity: contest_id=547191 teams 2396/2396 matched, players 5993/6774 matched
2026-08-24 00:50:10,690 INFO ncaa_identity: contest_id=547289 teams 1502/2952 matched, players 4235/8383 matched
2026-08-24 00:50:16,638 INFO ncaa_identity: contest_id=547359 teams 1319/2626 matched, players 3746/7419 matched
2026-08-24 00:50:18,040 INFO ncaa_identity: contest_id=547371 teams 2560/2560 matched, players 6744/7183 matched
2026-08-24 00:50:20,079 INFO ncaa_identity: contest_id=547383 teams 1412/2705 matched, players 3815/7615 matched
2026-08-24 00:50:22,769 INFO ncaa_identity: contest_id=547408 teams 2546/2546 matched, players 7009/7171 matched
2026-08-24 00:50:28,223 INFO ncaa_identity: contest_id=547573 teams 3152/3152 matched, players 7707/8921 matched
2026-08-24 00:50:29,777 INFO ncaa_identity: contest_id=547598 teams 2519/2519 matched, players 6828/7125 matched
2026-08-24 00:50:33,943 INFO ncaa_identity: contest_id=547683 teams 2198/2198 matched, players 5642/6210 matched
2026-08-24 00:50:36,527 INFO ncaa_identity: contest_id=547735 teams 2161/2161 matched, players 5439/6093 matched
2026-08-24 00:50:40,296 INFO ncaa_identity: contest_id=547923 teams 2379/2379 matched, players 6586/6688 matched
2026-08-24 00:50:45,438 INFO ncaa_identity: contest_id=547997 teams 2110/2110 matched, players 5516/5935 matched
2026-08-24 00:50:49,274 INFO ncaa_identity: contest_id=548062 teams 2884/2884 matched, players 7842/8156 matched
2026-08-24 00:50:50,846 INFO ncaa_identity: contest_id=548123 teams 2442/2442 matched, players 6531/6898 matched
2026-08-24 00:50:54,899 INFO ncaa_identity: contest_id=548246 teams 2079/2079 matched, players 4925/5906 matched
2026-08-24 00:50:55,970 INFO ncaa_identity: contest_id=548266 teams 1980/1980 matched, players 5470/5551 matched
2026-08-24 00:50:57,302 INFO ncaa_identity: contest_id=548290 teams 1930/1930 matched, players 4996/5402 matched
2026-08-24 00:50:58,610 INFO ncaa_identity: contest_id=548381 teams 1417/2777 matched, players 4019/7845 matched
2026-08-24 00:51:00,457 INFO ncaa_identity: contest_id=548395 teams 3336/3336 matched, players 9266/9485 matched
2026-08-24 00:51:03,009 INFO ncaa_identity: contest_id=548441 teams 2654/2654 matched, players 6488/7499 matched
2026-08-24 00:51:05,344 INFO ncaa_identity: contest_id=548481 teams 2109/2109 matched, players 5918/5962 matched
2026-08-24 00:51:07,144 INFO ncaa_identity: contest_id=548561 teams 1387/2880 matched, players 3538/8143 matched
2026-08-24 00:51:15,069 INFO ncaa_identity: contest_id=548781 teams 2514/2514 matched, players 6820/7116 matched
2026-08-24 00:51:17,537 INFO ncaa_identity: contest_id=548827 teams 2270/2270 matched, players 5677/6377 matched
2026-08-24 00:51:18,646 INFO ncaa_identity: contest_id=548855 teams 2247/2247 matched, players 5826/6309 matched
2026-08-24 00:51:23,732 INFO ncaa_identity: contest_id=549081 teams 2206/2206 matched, players 6012/6187 matched
2026-08-24 00:51:24,906 INFO ncaa_identity: contest_id=549094 teams 2276/2276 matched, players 6258/6425 matched
2026-08-24 00:51:30,778 INFO ncaa_identity: contest_id=549160 teams 1313/2575 matched, players 2811/7242 matched
2026-08-24 00:51:32,022 INFO ncaa_identity: contest_id=549180 teams 2089/2089 matched, players 5413/5886 matched
2026-08-24 00:51:36,130 INFO ncaa_identity: contest_id=549343 teams 2315/2315 matched, players 6324/6553 matched
2026-08-24 00:51:37,209 INFO ncaa_identity: contest_id=549365 teams 2257/2257 matched, players 6263/6360 matched
2026-08-24 00:51:38,767 INFO ncaa_identity: contest_id=549393 teams 2631/2631 matched, players 7326/7422 matched
2026-08-24 00:51:41,551 INFO ncaa_identity: contest_id=549505 teams 2711/2711 matched, players 7565/7670 matched
2026-08-24 00:51:47,264 INFO ncaa_identity: contest_id=549571 teams 2766/2766 matched, players 7464/7842 matched
2026-08-24 00:51:48,910 INFO ncaa_identity: contest_id=549586 teams 2640/2640 matched, players 6336/7459 matched
2026-08-24 00:51:53,070 INFO ncaa_identity: contest_id=549735 teams 2541/2541 matched, players 5932/7121 matched
2026-08-24 00:51:59,588 INFO ncaa_identity: contest_id=549863 teams 2624/2624 matched, players 7119/7389 matched
2026-08-24 00:52:02,468 INFO ncaa_identity: contest_id=549913 teams 3619/3619 matched, players 9390/10205 matched
2026-08-24 00:52:03,998 INFO ncaa_identity: contest_id=549945 teams 2668/2668 matched, players 7456/7521 matched
2026-08-24 00:52:05,223 INFO ncaa_identity: contest_id=549960 teams 2784/2784 matched, players 7428/7877 matched
2026-08-24 00:52:11,385 INFO ncaa_identity: contest_id=550209 teams 2288/2288 matched, players 6159/6378 matched
2026-08-24 00:52:14,198 INFO ncaa_identity: contest_id=550244 teams 2077/2077 matched, players 5309/5847 matched
2026-08-24 00:52:18,447 INFO ncaa_identity: contest_id=550330 teams 2260/2260 matched, players 5947/6344 matched
2026-08-24 00:52:24,849 INFO ncaa_identity: contest_id=550576 teams 2486/2486 matched, players 6522/7016 matched
2026-08-24 00:52:27,860 INFO ncaa_identity: contest_id=550602 teams 2288/2288 matched, players 5013/6413 matched
2026-08-24 00:52:31,504 INFO ncaa_identity: contest_id=550654 teams 2068/2068 matched, players 5567/5813 matched
2026-08-24 00:52:32,693 INFO ncaa_identity: contest_id=550697 teams 2424/2424 matched, players 6059/6825 matched
2026-08-24 00:52:34,237 INFO ncaa_identity: contest_id=550754 teams 2141/2141 matched, players 5718/6027 matched
2026-08-24 00:52:35,489 INFO ncaa_identity: contest_id=550835 teams 2339/2339 matched, players 6022/6547 matched
2026-08-24 00:52:37,998 INFO ncaa_identity: contest_id=550888 teams 2731/2731 matched, players 7090/7704 matched
2026-08-24 00:52:39,382 INFO ncaa_identity: contest_id=550916 teams 3065/3065 matched, players 8439/8667 matched
2026-08-24 00:52:41,076 INFO ncaa_identity: contest_id=550936 teams 2503/2503 matched, players 5681/7052 matched
2026-08-24 00:52:42,276 INFO ncaa_identity: contest_id=550973 teams 2655/2655 matched, players 7223/7460 matched
2026-08-24 00:52:46,204 INFO ncaa_identity: contest_id=551042 teams 2456/2456 matched, players 6731/6957 matched
2026-08-24 00:52:54,906 INFO ncaa_identity: contest_id=551289 teams 2444/2444 matched, players 6502/6902 matched
2026-08-24 00:52:57,484 INFO ncaa_identity: contest_id=551330 teams 2399/2399 matched, players 6399/6841 matched
2026-08-24 00:52:58,633 INFO ncaa_identity: contest_id=551347 teams 2176/2176 matched, players 5656/6114 matched
2026-08-24 00:52:59,918 INFO ncaa_identity: contest_id=551357 teams 1266/2437 matched, players 2808/6872 matched
2026-08-24 00:53:01,511 INFO ncaa_identity: contest_id=551374 teams 2313/2313 matched, players 6393/6530 matched
2026-08-24 00:53:02,919 INFO ncaa_identity: contest_id=551465 teams 2529/2529 matched, players 6452/7105 matched
2026-08-24 00:53:05,595 INFO ncaa_identity: contest_id=551524 teams 2312/2312 matched, players 6405/6462 matched
2026-08-24 00:53:09,438 INFO ncaa_identity: contest_id=551646 teams 2569/2569 matched, players 7007/7249 matched
2026-08-24 00:53:10,737 INFO ncaa_identity: contest_id=551662 teams 1796/1796 matched, players 4954/5068 matched
2026-08-24 00:53:11,873 INFO ncaa_identity: contest_id=551683 teams 2169/2169 matched, players 5674/6112 matched
2026-08-24 00:53:16,131 INFO ncaa_identity: contest_id=551738 teams 1215/2448 matched, players 3402/6925 matched
2026-08-24 00:53:17,481 INFO ncaa_identity: contest_id=551800 teams 2406/2406 matched, players 6233/6715 matched
2026-08-24 00:53:21,524 INFO ncaa_identity: contest_id=551934 teams 2886/2886 matched, players 7637/8134 matched
2026-08-24 00:53:22,571 INFO ncaa_identity: contest_id=551960 teams 2059/2059 matched, players 5468/5792 matched
2026-08-24 00:53:27,763 INFO ncaa_identity: contest_id=552040 teams 988/1969 matched, players 2695/5476 matched
2026-08-24 00:53:28,913 INFO ncaa_identity: contest_id=552065 teams 2436/2436 matched, players 6043/6815 matched
2026-08-24 00:53:30,229 INFO ncaa_identity: contest_id=552091 teams 2342/2342 matched, players 6482/6603 matched
2026-08-24 00:53:31,548 INFO ncaa_identity: contest_id=552106 teams 2768/2768 matched, players 7596/7791 matched
2026-08-24 00:53:34,074 INFO ncaa_identity: contest_id=552220 teams 2535/2535 matched, players 6281/7153 matched
2026-08-24 00:53:35,141 INFO ncaa_identity: contest_id=552335 teams 1978/1978 matched, players 4817/5598 matched
2026-08-24 00:53:40,385 INFO ncaa_identity: contest_id=552393 teams 2523/2523 matched, players 6807/7147 matched
2026-08-24 00:53:43,114 INFO ncaa_identity: contest_id=552427 teams 2677/2677 matched, players 1016/1113 matched
2026-08-24 00:53:44,435 INFO ncaa_identity: contest_id=552475 teams 1181/2390 matched, players 3359/6691 matched
2026-08-24 00:53:46,054 INFO ncaa_identity: contest_id=552540 teams 2611/2611 matched, players 7309/7332 matched
2026-08-24 00:53:47,376 INFO ncaa_identity: contest_id=552570 teams 2293/2293 matched, players 5731/6481 matched
2026-08-24 00:53:50,060 INFO ncaa_identity: contest_id=552610 teams 2624/2624 matched, players 6846/7366 matched
2026-08-24 00:53:52,969 INFO ncaa_identity: contest_id=552701 teams 2150/2150 matched, players 5781/6055 matched
2026-08-24 00:53:57,058 INFO ncaa_identity: contest_id=552756 teams 2742/2742 matched, players 7294/7740 matched
2026-08-24 00:54:02,477 INFO ncaa_identity: contest_id=552965 teams 2780/2780 matched, players 7304/7851 matched
2026-08-24 00:54:11,735 INFO ncaa_identity: contest_id=553158 teams 2614/2614 matched, players 6917/7389 matched
2026-08-24 00:54:13,319 INFO ncaa_identity: contest_id=553178 teams 2125/2125 matched, players 5613/6000 matched
2026-08-24 00:54:19,695 INFO ncaa_identity: contest_id=553426 teams 2478/2478 matched, players 6259/6966 matched
2026-08-24 00:54:23,558 INFO ncaa_identity: contest_id=553478 teams 2466/2466 matched, players 6416/6960 matched
2026-08-24 00:54:29,044 INFO ncaa_identity: contest_id=553648 teams 2442/2442 matched, players 6851/6880 matched
2026-08-24 00:54:30,403 INFO ncaa_identity: contest_id=553684 teams 2137/2137 matched, players 5682/6013 matched
2026-08-24 00:54:33,108 INFO ncaa_identity: contest_id=553794 teams 2487/2487 matched, players 6517/7069 matched
2026-08-24 00:54:34,477 INFO ncaa_identity: contest_id=553810 teams 2174/2174 matched, players 5884/6109 matched
2026-08-24 00:54:35,711 INFO ncaa_identity: contest_id=553825 teams 1985/1985 matched, players 5003/5582 matched
2026-08-24 00:54:41,611 INFO ncaa_identity: contest_id=553940 teams 2292/2292 matched, players 6299/6493 matched
2026-08-24 00:54:44,439 INFO ncaa_identity: contest_id=554024 teams 2586/2586 matched, players 6915/7293 matched
2026-08-24 00:54:49,714 INFO ncaa_identity: contest_id=554115 teams 2674/2674 matched, players 7067/7583 matched
2026-08-24 00:54:51,272 INFO ncaa_identity: contest_id=554147 teams 2220/2220 matched, players 5925/6263 matched
2026-08-24 00:54:52,852 INFO ncaa_identity: contest_id=554161 teams 2468/2468 matched, players 6843/6998 matched
2026-08-24 00:54:55,569 INFO ncaa_identity: contest_id=554211 teams 2259/2259 matched, players 6021/6331 matched
2026-08-24 00:54:56,830 INFO ncaa_identity: contest_id=554229 teams 2225/2225 matched, players 5848/6251 matched
2026-08-24 00:54:59,261 INFO ncaa_identity: contest_id=554423 teams 1956/1956 matched, players 4762/5526 matched
2026-08-24 00:55:04,367 INFO ncaa_identity: contest_id=554498 teams 2264/2264 matched, players 6356/6382 matched
2026-08-24 00:55:06,004 INFO ncaa_identity: contest_id=554531 teams 2892/2892 matched, players 851/984 matched
2026-08-24 00:55:08,974 INFO ncaa_identity: contest_id=554573 teams 3065/3065 matched, players 8452/8666 matched
2026-08-24 00:55:15,657 INFO ncaa_identity: contest_id=554776 teams 2336/2336 matched, players 5832/6511 matched
2026-08-24 00:55:22,471 INFO ncaa_identity: contest_id=554945 teams 2091/2091 matched, players 5766/5911 matched
2026-08-24 00:55:25,109 INFO ncaa_identity: contest_id=555032 teams 1872/1872 matched, players 5068/5249 matched
2026-08-24 00:55:26,790 INFO ncaa_identity: contest_id=555089 teams 2701/2701 matched, players 6286/7601 matched
2026-08-24 00:55:27,810 INFO ncaa_identity: contest_id=555115 teams 2259/2259 matched, players 6123/6372 matched
2026-08-24 00:55:30,581 INFO ncaa_identity: contest_id=555170 teams 2365/2365 matched, players 6113/6688 matched
2026-08-24 00:55:32,118 INFO ncaa_identity: contest_id=555193 teams 2692/2692 matched, players 7435/7597 matched
2026-08-24 00:55:35,541 INFO ncaa_identity: contest_id=555263 teams 2248/2248 matched, players 5621/6275 matched
2026-08-24 00:55:37,996 INFO ncaa_identity: contest_id=555311 teams 2573/2573 matched, players 6973/7269 matched
2026-08-24 00:55:42,330 INFO ncaa_identity: contest_id=555523 teams 2716/2716 matched, players 7277/7658 matched
2026-08-24 00:55:46,664 INFO ncaa_identity: contest_id=555559 teams 2498/2498 matched, players 6786/7045 matched
2026-08-24 00:55:49,378 INFO ncaa_identity: contest_id=555599 teams 2769/2769 matched, players 7165/7837 matched
2026-08-24 00:55:50,391 INFO ncaa_identity: contest_id=555609 teams 1992/1992 matched, players 5461/5564 matched
2026-08-24 00:55:55,087 INFO ncaa_identity: contest_id=555770 teams 2398/2398 matched, players 6161/6748 matched
2026-08-24 00:55:56,508 INFO ncaa_identity: contest_id=555780 teams 2410/2410 matched, players 5937/6838 matched
2026-08-24 00:55:57,900 INFO ncaa_identity: contest_id=555841 teams 2236/2236 matched, players 6118/6302 matched
2026-08-24 00:56:01,676 INFO ncaa_identity: contest_id=555876 teams 1103/2255 matched, players 3152/6344 matched
2026-08-24 00:56:03,144 INFO ncaa_identity: contest_id=555888 teams 2623/2623 matched, players 7386/7424 matched
2026-08-24 00:56:08,209 INFO ncaa_identity: contest_id=556006 teams 2503/2503 matched, players 6525/7106 matched
2026-08-24 00:56:14,805 INFO ncaa_identity: contest_id=556128 teams 2209/2209 matched, players 5824/6203 matched
2026-08-24 00:56:18,916 INFO ncaa_identity: contest_id=556164 teams 2531/2531 matched, players 6525/7120 matched
2026-08-24 00:56:20,202 INFO ncaa_identity: contest_id=556174 teams 2383/2383 matched, players 6230/6703 matched
2026-08-24 00:56:23,863 INFO ncaa_identity: contest_id=556322 teams 2190/2190 matched, players 5524/6196 matched
2026-08-24 00:56:26,383 INFO ncaa_identity: contest_id=556353 teams 2671/2671 matched, players 7150/7508 matched
2026-08-24 00:56:29,364 INFO ncaa_identity: contest_id=556374 teams 3117/3117 matched, players 8454/8855 matched
2026-08-24 00:56:34,989 INFO ncaa_identity: contest_id=556443 teams 2743/2743 matched, players 7738/7744 matched
2026-08-24 00:56:37,638 INFO ncaa_identity: contest_id=556480 teams 2354/2354 matched, players 6533/6662 matched
2026-08-24 00:56:39,260 INFO ncaa_identity: contest_id=556490 teams 2743/2743 matched, players 6837/7785 matched
2026-08-24 00:57:19,603 INFO ncaa_identity: contest_id=556721 teams 2202/2202 matched, players 6040/6189 matched
2026-08-24 00:57:29,811 INFO ncaa_identity: contest_id=556756 teams 2422/2422 matched, players 6483/6848 matched
2026-08-24 00:57:34,648 INFO ncaa_identity: contest_id=556766 teams 2448/2448 matched, players 6541/6897 matched
2026-08-24 00:57:50,349 INFO ncaa_identity: contest_id=556806 teams 2412/2412 matched, players 6327/6819 matched
2026-08-24 00:57:59,538 INFO ncaa_identity: contest_id=556874 teams 2173/2173 matched, players 5784/6105 matched
2026-08-24 00:58:16,743 INFO ncaa_identity: contest_id=556932 teams 1278/2546 matched, players 3676/7163 matched
2026-08-24 00:58:20,536 INFO ncaa_identity: contest_id=556942 teams 2375/2375 matched, players 6273/6713 matched
2026-08-24 00:58:23,686 INFO ncaa_identity: contest_id=556952 teams 2557/2557 matched, players 6852/7245 matched
2026-08-24 00:58:29,215 INFO ncaa_identity: contest_id=556962 teams 2218/2218 matched, players 5824/6207 matched
2026-08-24 00:58:33,534 INFO ncaa_identity: contest_id=556972 teams 2184/2184 matched, players 5743/6163 matched
2026-08-24 00:58:34,934 WARNING ncaa_parse: family=lineups contest_id=556982 team=Hawaii produced NO good stints (28 bad, roster=10) -- parsed successfully but contributed nothing
2026-08-24 00:58:36,216 WARNING ncaa_parse: family=lineups contest_id=556982 team=Long Beach St. produced NO good stints (22 bad, roster=9) -- parsed successfully but contributed nothing
2026-08-24 00:58:46,926 INFO ncaa_identity: contest_id=557004 teams 2424/2424 matched, players 6787/6835 matched
2026-08-24 00:58:50,901 INFO ncaa_identity: contest_id=557015 teams 3100/3100 matched, players 8623/8713 matched
2026-08-24 00:58:52,633 WARNING ncaa_parse: family=lineups contest_id=557040 team=Southern Miss. produced NO good stints (23 bad, roster=9) -- parsed successfully but contributed nothing
2026-08-24 00:58:54,118 WARNING ncaa_parse: family=lineups contest_id=557040 team=UTEP produced NO good stints (21 bad, roster=11) -- parsed successfully but contributed nothing
2026-08-24 00:59:08,375 INFO ncaa_identity: contest_id=557104 teams 2402/2402 matched, players 6231/6782 matched
2026-08-24 00:59:12,146 INFO ncaa_identity: contest_id=557135 teams 2180/2180 matched, players 5671/6171 matched
2026-08-24 00:59:43,751 INFO ncaa_identity: contest_id=557244 teams 2771/2771 matched, players 7328/7864 matched
2026-08-24 00:59:47,896 INFO ncaa_identity: contest_id=557254 teams 1931/1931 matched, players 5369/5445 matched
2026-08-24 00:59:57,273 INFO ncaa_identity: contest_id=557274 teams 2044/2044 matched, players 5254/5783 matched
2026-08-24 01:00:12,757 INFO ncaa_identity: contest_id=557321 teams 1957/1957 matched, players 5005/5460 matched
2026-08-24 01:00:16,851 INFO ncaa_identity: contest_id=385637 teams 2515/2515 matched, players 6559/7086 matched
2026-08-24 01:00:21,576 INFO ncaa_identity: contest_id=385651 teams 2159/2159 matched, players 5725/6081 matched
2026-08-24 01:00:30,180 INFO ncaa_identity: contest_id=385674 teams 1091/2231 matched, players 3180/6296 matched
2026-08-24 01:00:32,735 INFO ncaa_identity: contest_id=385687 teams 2519/2519 matched, players 6775/7095 matched
2026-08-24 01:00:36,188 INFO ncaa_identity: contest_id=385710 teams 2387/2387 matched, players 5904/6693 matched
2026-08-24 01:00:37,606 INFO ncaa_identity: contest_id=385720 teams 2405/2405 matched, players 6627/6771 matched
2026-08-24 01:00:39,188 INFO ncaa_identity: contest_id=385733 teams 2795/2795 matched, players 7839/7841 matched
2026-08-24 01:00:40,593 INFO ncaa_identity: contest_id=385743 teams 2741/2741 matched, players 7524/7683 matched
2026-08-24 01:00:42,400 INFO ncaa_identity: contest_id=385753 teams 2703/2703 matched, players 6748/7634 matched
2026-08-24 01:00:43,670 INFO ncaa_identity: contest_id=385780 teams 1214/2413 matched, players 3464/6832 matched
2026-08-24 01:00:45,040 INFO ncaa_identity: contest_id=385813 teams 1248/2310 matched, players 3439/6570 matched
2026-08-24 01:00:46,679 INFO ncaa_identity: contest_id=385895 teams 2295/2295 matched, players 5887/6484 matched
2026-08-24 01:00:49,979 INFO ncaa_identity: contest_id=385961 teams 2460/2460 matched, players 6570/6925 matched
2026-08-24 01:00:51,430 INFO ncaa_identity: contest_id=386060 teams 1337/2599 matched, players 3425/7350 matched
2026-08-24 01:00:53,182 INFO ncaa_identity: contest_id=386229 teams 2827/2827 matched, players 7386/8020 matched
2026-08-24 01:00:54,430 INFO ncaa_identity: contest_id=386241 teams 2573/2573 matched, players 6811/7269 matched
2026-08-24 01:01:00,740 INFO ncaa_identity: contest_id=386311 teams 2756/2756 matched, players 7622/7796 matched
2026-08-24 01:01:03,472 INFO ncaa_identity: contest_id=386460 teams 2932/2932 matched, players 6900/8234 matched
2026-08-24 01:01:04,622 INFO ncaa_identity: contest_id=386472 teams 2471/2471 matched, players 6663/6944 matched
2026-08-24 01:01:06,034 INFO ncaa_identity: contest_id=386486 teams 2635/2635 matched, players 7044/7425 matched
2026-08-24 01:01:07,510 INFO ncaa_identity: contest_id=386507 teams 1262/2462 matched, players 3518/6890 matched
2026-08-24 01:01:09,324 INFO ncaa_identity: contest_id=386532 teams 2808/2808 matched, players 7746/7895 matched
2026-08-24 01:01:10,978 INFO ncaa_identity: contest_id=386555 teams 2851/2851 matched, players 6793/7986 matched
2026-08-24 01:01:13,670 INFO ncaa_identity: contest_id=386584 teams 1775/1775 matched, players 4775/4973 matched
2026-08-24 01:01:14,953 INFO ncaa_identity: contest_id=386606 teams 1311/2578 matched, players 3682/7241 matched
2026-08-24 01:01:17,313 INFO ncaa_identity: contest_id=386665 teams 4374/4374 matched, players 12494/12530 matched
2026-08-24 01:01:23,232 INFO ncaa_identity: contest_id=386759 teams 2184/2184 matched, players 5727/6132 matched
2026-08-24 01:01:28,449 INFO ncaa_identity: contest_id=386900 teams 1360/1360 matched, players 375/377 matched
2026-08-24 01:01:30,070 INFO ncaa_identity: contest_id=386941 teams 1630/3116 matched, players 4433/8792 matched
2026-08-24 01:01:34,213 INFO ncaa_identity: contest_id=387000 teams 2514/2514 matched, players 6784/7098 matched
2026-08-24 01:01:37,019 INFO ncaa_identity: contest_id=387065 teams 2445/2445 matched, players 6552/6919 matched
2026-08-24 01:01:38,486 INFO ncaa_identity: contest_id=387134 teams 2542/2542 matched, players 6802/7159 matched
2026-08-24 01:01:41,337 INFO ncaa_identity: contest_id=387206 teams 2509/2509 matched, players 5173/7061 matched
2026-08-24 01:01:43,518 INFO ncaa_identity: contest_id=387226 teams 3270/3270 matched, players 9036/9304 matched
2026-08-24 01:01:46,302 INFO ncaa_identity: contest_id=387342 teams 1063/2153 matched, players 2424/6069 matched
2026-08-24 01:01:47,461 INFO ncaa_identity: contest_id=387411 teams 2189/2189 matched, players 5365/6129 matched
2026-08-24 01:01:50,280 INFO ncaa_identity: contest_id=387497 teams 2509/2509 matched, players 6961/7095 matched
2026-08-24 01:01:59,754 INFO ncaa_identity: contest_id=387604 teams 2239/2239 matched, players 5858/6267 matched
2026-08-24 01:02:01,156 INFO ncaa_identity: contest_id=387630 teams 2314/2314 matched, players 6095/6535 matched
2026-08-24 01:02:02,938 INFO ncaa_identity: contest_id=387669 teams 2346/2346 matched, players 6459/6573 matched
2026-08-24 01:02:04,230 INFO ncaa_identity: contest_id=387704 teams 2371/2371 matched, players 6204/6699 matched
2026-08-24 01:02:08,450 INFO ncaa_identity: contest_id=387771 teams 2381/2381 matched, players 6492/6711 matched
2026-08-24 01:02:09,751 INFO ncaa_identity: contest_id=387825 teams 1297/2573 matched, players 3705/7264 matched
2026-08-24 01:02:12,666 INFO ncaa_identity: contest_id=387953 teams 2279/2279 matched, players 5839/6352 matched
2026-08-24 01:02:15,428 INFO ncaa_identity: contest_id=387976 teams 2136/2136 matched, players 6001/6013 matched
2026-08-24 01:02:16,631 INFO ncaa_identity: contest_id=388000 teams 2028/2028 matched, players 4651/5715 matched
2026-08-24 01:02:21,528 INFO ncaa_identity: contest_id=388039 teams 2412/2412 matched, players 6597/6822 matched
2026-08-24 01:02:22,917 INFO ncaa_identity: contest_id=388050 teams 2614/2614 matched, players 7084/7370 matched
2026-08-24 01:02:27,139 INFO ncaa_identity: contest_id=388112 teams 2462/2462 matched, players 5977/6923 matched
2026-08-24 01:02:28,935 INFO ncaa_identity: contest_id=388126 teams 2753/2753 matched, players 6779/7785 matched
2026-08-24 01:02:30,039 INFO ncaa_identity: contest_id=388139 teams 2393/2393 matched, players 6468/6741 matched
2026-08-24 01:02:31,579 INFO ncaa_identity: contest_id=388157 teams 2842/2842 matched, players 7375/7996 matched
2026-08-24 01:02:32,926 INFO ncaa_identity: contest_id=388173 teams 2014/2014 matched, players 5363/5606 matched
2026-08-24 01:02:34,405 INFO ncaa_identity: contest_id=388194 teams 2558/2558 matched, players 6245/7235 matched
2026-08-24 01:02:38,228 INFO ncaa_identity: contest_id=388306 teams 1541/2920 matched, players 3983/8241 matched
2026-08-24 01:02:39,497 INFO ncaa_identity: contest_id=388330 teams 2380/2380 matched, players 5736/6731 matched
2026-08-24 01:02:45,739 INFO ncaa_identity: contest_id=388397 teams 2037/2037 matched, players 5284/5705 matched
2026-08-24 01:02:50,370 INFO ncaa_identity: contest_id=388462 teams 2685/2685 matched, players 7246/7569 matched
2026-08-24 01:02:52,178 INFO ncaa_identity: contest_id=388481 teams 2626/2626 matched, players 6475/7442 matched
2026-08-24 01:02:55,621 INFO ncaa_identity: contest_id=388531 teams 2428/2428 matched, players 6503/6874 matched
2026-08-24 01:02:56,973 INFO ncaa_identity: contest_id=388546 teams 2768/2768 matched, players 7358/7844 matched
2026-08-24 01:02:58,878 INFO ncaa_identity: contest_id=388587 teams 1375/2647 matched, players 3316/7435 matched
2026-08-24 01:03:00,376 INFO ncaa_identity: contest_id=388631 teams 1203/2389 matched, players 2792/6752 matched
2026-08-24 01:03:01,817 INFO ncaa_identity: contest_id=388651 teams 2512/2512 matched, players 6805/7092 matched
2026-08-24 01:03:03,695 INFO ncaa_identity: contest_id=388665 teams 3291/3291 matched, players 8881/9321 matched
2026-08-24 01:03:05,075 INFO ncaa_identity: contest_id=388695 teams 1094/2176 matched, players 3074/6126 matched
2026-08-24 01:03:08,301 INFO ncaa_identity: contest_id=388758 teams 2611/2611 matched, players 7220/7370 matched
2026-08-24 01:03:11,626 INFO ncaa_identity: contest_id=388801 teams 2427/2427 matched, players 6514/6822 matched
2026-08-24 01:03:13,354 INFO ncaa_identity: contest_id=388821 teams 2672/2672 matched, players 6155/7535 matched
2026-08-24 01:03:14,726 INFO ncaa_identity: contest_id=388844 teams 2315/2315 matched, players 6070/6550 matched
2026-08-24 01:03:23,119 INFO ncaa_identity: contest_id=389105 teams 2066/2066 matched, players 5559/5836 matched
2026-08-24 01:03:24,811 INFO ncaa_identity: contest_id=389120 teams 2802/2802 matched, players 7594/7976 matched
2026-08-24 01:03:27,956 INFO ncaa_identity: contest_id=389196 teams 2686/2686 matched, players 6822/7609 matched
2026-08-24 01:03:30,714 INFO ncaa_identity: contest_id=389267 teams 2152/2152 matched, players 5684/6058 matched
2026-08-24 01:03:33,105 INFO ncaa_identity: contest_id=389312 teams 2384/2384 matched, players 6647/6700 matched
2026-08-24 01:03:34,846 INFO ncaa_identity: contest_id=389341 teams 2865/2865 matched, players 7917/8089 matched
2026-08-24 01:03:36,254 INFO ncaa_identity: contest_id=389373 teams 2346/2346 matched, players 6304/6557 matched
2026-08-24 01:03:38,252 INFO ncaa_identity: contest_id=389489 teams 1429/2866 matched, players 4107/8115 matched
2026-08-24 01:03:44,785 INFO ncaa_identity: contest_id=389606 teams 2764/2764 matched, players 7375/7815 matched
2026-08-24 01:03:46,219 INFO ncaa_identity: contest_id=389616 teams 2118/2118 matched, players 5763/5930 matched
2026-08-24 01:03:47,541 INFO ncaa_identity: contest_id=389628 teams 2528/2528 matched, players 6701/7134 matched
2026-08-24 01:03:50,709 INFO ncaa_identity: contest_id=389672 teams 2314/2314 matched, players 6310/6556 matched
2026-08-24 01:03:53,957 INFO ncaa_identity: contest_id=389737 teams 2374/2374 matched, players 6382/6698 matched
2026-08-24 01:03:55,416 INFO ncaa_identity: contest_id=389778 teams 2707/2707 matched, players 7193/7592 matched
2026-08-24 01:03:56,910 INFO ncaa_identity: contest_id=389790 teams 1274/2597 matched, players 3643/7315 matched
2026-08-24 01:03:59,941 INFO ncaa_identity: contest_id=389855 teams 2177/2177 matched, players 5303/6155 matched
2026-08-24 01:04:01,150 INFO ncaa_identity: contest_id=389874 teams 2116/2116 matched, players 5621/5937 matched
2026-08-24 01:04:02,561 INFO ncaa_identity: contest_id=389909 teams 2346/2346 matched, players 6261/6579 matched
2026-08-24 01:04:04,232 INFO ncaa_identity: contest_id=389934 teams 1150/2325 matched, players 3257/6512 matched
2026-08-24 01:04:07,108 INFO ncaa_identity: contest_id=390009 teams 2294/2294 matched, players 6332/6432 matched
2026-08-24 01:04:11,583 INFO ncaa_identity: contest_id=390172 teams 1238/2434 matched, players 3403/6874 matched
2026-08-24 01:04:15,576 INFO ncaa_identity: contest_id=390241 teams 2385/2385 matched, players 6604/6694 matched
2026-08-24 01:04:19,221 INFO ncaa_identity: contest_id=390266 teams 2525/2525 matched, players 6992/7090 matched
2026-08-24 01:04:20,545 INFO ncaa_identity: contest_id=390277 teams 2417/2417 matched, players 6426/6797 matched
2026-08-24 01:04:22,166 INFO ncaa_identity: contest_id=390294 teams 1307/2549 matched, players 3597/7181 matched
2026-08-24 01:04:23,553 INFO ncaa_identity: contest_id=390326 teams 1335/2631 matched, players 3353/7426 matched
2026-08-24 01:04:31,197 INFO ncaa_identity: contest_id=390466 teams 980/1980 matched, players 2623/5568 matched
2026-08-24 01:04:32,558 INFO ncaa_identity: contest_id=390499 teams 2218/2218 matched, players 6145/6179 matched
2026-08-24 01:04:35,360 INFO ncaa_identity: contest_id=390534 teams 1162/2293 matched, players 3202/6486 matched
2026-08-24 01:04:36,691 INFO ncaa_identity: contest_id=390584 teams 2466/2466 matched, players 6943/6971 matched
2026-08-24 01:04:38,234 INFO ncaa_identity: contest_id=390603 teams 2588/2588 matched, players 6783/7291 matched
2026-08-24 01:04:41,030 INFO ncaa_identity: contest_id=390653 teams 0/2133 matched, players 0/6002 matched
2026-08-24 01:04:43,929 INFO ncaa_identity: contest_id=390710 teams 2510/2510 matched, players 6789/7148 matched
2026-08-24 01:04:46,444 INFO ncaa_identity: contest_id=390744 teams 1221/2318 matched, players 3389/6540 matched
2026-08-24 01:04:50,595 INFO ncaa_identity: contest_id=390838 teams 2161/2161 matched, players 5309/6069 matched
2026-08-24 01:04:55,040 INFO ncaa_identity: contest_id=390891 teams 2550/2550 matched, players 7125/7151 matched
2026-08-24 01:04:56,316 INFO ncaa_identity: contest_id=390926 teams 1004/2010 matched, players 2709/5541 matched
2026-08-24 01:04:58,958 INFO ncaa_identity: contest_id=391013 teams 1943/1943 matched, players 705/712 matched
2026-08-24 01:05:01,571 INFO ncaa_identity: contest_id=391057 teams 2160/2160 matched, players 5648/6122 matched
2026-08-24 01:05:07,082 INFO ncaa_identity: contest_id=391106 teams 3269/3269 matched, players 8412/9201 matched
2026-08-24 01:05:08,523 INFO ncaa_identity: contest_id=391122 teams 2935/2935 matched, players 8024/8269 matched
2026-08-24 01:05:11,218 INFO ncaa_identity: contest_id=391152 teams 2348/2348 matched, players 6192/6604 matched
2026-08-24 01:05:12,543 INFO ncaa_identity: contest_id=391162 teams 2466/2466 matched, players 6692/6956 matched
2026-08-24 01:05:15,009 INFO ncaa_identity: contest_id=391189 teams 2388/2388 matched, players 6237/6770 matched
2026-08-24 01:05:16,677 INFO ncaa_identity: contest_id=391206 teams 2338/2338 matched, players 5994/6601 matched
2026-08-24 01:05:18,037 INFO ncaa_identity: contest_id=391217 teams 1233/2384 matched, players 3464/6745 matched
2026-08-24 01:05:21,533 INFO ncaa_identity: contest_id=391237 teams 2678/2678 matched, players 7045/7583 matched
2026-08-24 01:05:22,877 INFO ncaa_identity: contest_id=391247 teams 2443/2443 matched, players 6397/6912 matched
2026-08-24 01:05:25,747 INFO ncaa_identity: contest_id=391287 teams 2640/2640 matched, players 7122/7414 matched
2026-08-24 01:05:32,112 INFO ncaa_identity: contest_id=391332 teams 2145/2145 matched, players 5519/6013 matched
2026-08-24 01:05:33,668 INFO ncaa_identity: contest_id=391359 teams 2288/2288 matched, players 6175/6426 matched
2026-08-24 01:05:35,232 INFO ncaa_identity: contest_id=391407 teams 2490/2490 matched, players 5768/7024 matched
2026-08-24 01:05:36,500 INFO ncaa_identity: contest_id=391419 teams 2188/2188 matched, players 5887/6221 matched
2026-08-24 01:05:37,816 INFO ncaa_identity: contest_id=391435 teams 2681/2681 matched, players 6289/7545 matched
2026-08-24 01:05:40,648 INFO ncaa_identity: contest_id=391461 teams 1914/1914 matched, players 743/768 matched
2026-08-24 01:05:42,526 INFO ncaa_identity: contest_id=391486 teams 1229/2464 matched, players 3459/6932 matched
2026-08-24 01:05:45,907 INFO ncaa_identity: contest_id=391568 teams 2728/2728 matched, players 7305/7714 matched
2026-08-24 01:05:47,432 INFO ncaa_identity: contest_id=391586 teams 2565/2565 matched, players 7087/7211 matched
2026-08-24 01:05:48,505 INFO ncaa_identity: contest_id=391606 teams 1277/2472 matched, players 3467/6946 matched
2026-08-24 01:05:49,870 INFO ncaa_identity: contest_id=391653 teams 2136/2136 matched, players 5290/5996 matched
2026-08-24 01:05:59,351 INFO ncaa_identity: contest_id=391833 teams 2822/2822 matched, players 7055/7922 matched
2026-08-24 01:06:00,638 INFO ncaa_identity: contest_id=391864 teams 2923/2923 matched, players 7026/8235 matched
2026-08-24 01:06:02,103 INFO ncaa_identity: contest_id=391895 teams 2573/2573 matched, players 6717/7261 matched
2026-08-24 01:06:06,176 INFO ncaa_identity: contest_id=391958 teams 2626/2626 matched, players 6808/7377 matched
2026-08-24 01:06:11,732 INFO ncaa_identity: contest_id=392172 teams 1369/2772 matched, players 3896/7841 matched
2026-08-24 01:06:15,845 INFO ncaa_identity: contest_id=392220 teams 2924/2924 matched, players 8183/8267 matched
2026-08-24 01:06:17,342 INFO ncaa_identity: contest_id=392231 teams 2363/2363 matched, players 5902/6688 matched
2026-08-24 01:06:19,601 INFO ncaa_identity: contest_id=392303 teams 2258/2258 matched, players 5116/6349 matched
2026-08-24 01:06:21,108 INFO ncaa_identity: contest_id=392320 teams 2619/2619 matched, players 6945/7402 matched
2026-08-24 01:06:22,381 INFO ncaa_identity: contest_id=392341 teams 1327/2567 matched, players 3725/7216 matched
2026-08-24 01:06:24,738 INFO ncaa_identity: contest_id=392451 teams 1327/2624 matched, players 3719/7391 matched
2026-08-24 01:06:26,572 INFO ncaa_identity: contest_id=392500 teams 2818/2818 matched, players 6814/8016 matched
2026-08-24 01:06:27,884 INFO ncaa_identity: contest_id=392532 teams 2418/2418 matched, players 5646/6835 matched
2026-08-24 01:06:30,685 INFO ncaa_identity: contest_id=392584 teams 2048/2048 matched, players 5435/5796 matched
2026-08-24 01:06:31,888 INFO ncaa_identity: contest_id=392672 teams 2121/2121 matched, players 4577/6029 matched
2026-08-24 01:06:34,943 INFO ncaa_identity: contest_id=392701 teams 2716/2716 matched, players 7581/7700 matched
2026-08-24 01:06:36,452 INFO ncaa_identity: contest_id=392713 teams 2187/2187 matched, players 5677/6176 matched
2026-08-24 01:06:38,078 INFO ncaa_identity: contest_id=392731 teams 2499/2499 matched, players 6306/7055 matched
2026-08-24 01:06:40,466 INFO ncaa_identity: contest_id=392832 teams 1993/1993 matched, players 5389/5612 matched
2026-08-24 01:06:43,591 INFO ncaa_identity: contest_id=392880 teams 2445/2445 matched, players 6526/6896 matched
2026-08-24 01:06:45,247 INFO ncaa_identity: contest_id=392940 teams 2426/2426 matched, players 6567/6811 matched
2026-08-24 01:06:46,522 INFO ncaa_identity: contest_id=392975 teams 2168/2168 matched, players 4837/6072 matched
2026-08-24 01:06:49,185 INFO ncaa_identity: contest_id=393037 teams 2196/2196 matched, players 5919/6204 matched
2026-08-24 01:06:49,307 INFO 5 starters not found for period 3; using estimate
2026-08-24 01:06:52,995 INFO ncaa_identity: contest_id=393096 teams 2343/2343 matched, players 5690/6556 matched
2026-08-24 01:06:54,183 INFO ncaa_identity: contest_id=393122 teams 2153/2153 matched, players 4816/6029 matched
2026-08-24 01:06:58,598 INFO ncaa_identity: contest_id=393334 teams 2650/2650 matched, players 6980/7492 matched
2026-08-24 01:07:03,360 INFO ncaa_identity: contest_id=393395 teams 2094/2094 matched, players 5765/5882 matched
2026-08-24 01:07:07,351 INFO ncaa_identity: contest_id=393457 teams 1091/2203 matched, players 3005/6190 matched
2026-08-24 01:07:10,228 INFO ncaa_identity: contest_id=393589 teams 1055/2120 matched, players 2210/5978 matched
2026-08-24 01:07:11,529 INFO ncaa_identity: contest_id=393630 teams 2253/2253 matched, players 6289/6293 matched
2026-08-24 01:07:13,948 INFO ncaa_identity: contest_id=393681 teams 2185/2185 matched, players 5935/6180 matched
2026-08-24 01:07:15,183 INFO ncaa_identity: contest_id=393773 teams 2587/2587 matched, players 5932/7320 matched
2026-08-24 01:07:16,722 INFO ncaa_identity: contest_id=393788 teams 2693/2693 matched, players 6629/7623 matched
2026-08-24 01:07:18,065 INFO ncaa_identity: contest_id=393803 teams 2172/2172 matched, players 5859/6114 matched
2026-08-24 01:07:19,698 INFO ncaa_identity: contest_id=393823 teams 2301/2301 matched, players 5397/6498 matched
2026-08-24 01:07:23,415 INFO ncaa_identity: contest_id=393877 teams 1208/2440 matched, players 3403/6904 matched
2026-08-24 01:07:26,289 INFO ncaa_identity: contest_id=393958 teams 2741/2741 matched, players 7240/7713 matched
2026-08-24 01:07:30,667 INFO ncaa_identity: contest_id=394086 teams 1843/1843 matched, players 5132/5191 matched
2026-08-24 01:07:33,631 INFO ncaa_identity: contest_id=394131 teams 1962/1962 matched, players 5131/5507 matched
2026-08-24 01:07:38,780 INFO ncaa_identity: contest_id=394224 teams 2906/2906 matched, players 8013/8230 matched
2026-08-24 01:07:44,057 INFO ncaa_identity: contest_id=394471 teams 2628/2628 matched, players 6926/7394 matched
2026-08-24 01:07:49,060 INFO ncaa_identity: contest_id=394530 teams 1984/1984 matched, players 5093/5567 matched
2026-08-24 01:07:50,608 INFO ncaa_identity: contest_id=394549 teams 1101/2328 matched, players 2020/6570 matched
2026-08-24 01:07:52,103 INFO ncaa_identity: contest_id=394564 teams 2394/2394 matched, players 6396/6718 matched
2026-08-24 01:07:53,619 INFO ncaa_identity: contest_id=394598 teams 1410/2724 matched, players 3941/7678 matched
2026-08-24 01:07:56,581 INFO ncaa_identity: contest_id=394701 teams 2539/2539 matched, players 6185/7121 matched
2026-08-24 01:07:59,443 INFO ncaa_identity: contest_id=394782 teams 2479/2479 matched, players 6585/6980 matched
2026-08-24 01:08:00,733 INFO ncaa_identity: contest_id=394869 teams 1034/2121 matched, players 3009/6010 matched
2026-08-24 01:08:05,031 INFO ncaa_identity: contest_id=394913 teams 2513/2513 matched, players 6429/7102 matched
2026-08-24 01:08:06,220 INFO ncaa_identity: contest_id=394927 teams 2744/2744 matched, players 7316/7831 matched
2026-08-24 01:08:07,675 INFO ncaa_identity: contest_id=394940 teams 1980/1980 matched, players 5135/5566 matched
2026-08-24 01:08:09,385 INFO ncaa_identity: contest_id=394957 teams 2148/2148 matched, players 5592/6061 matched
2026-08-24 01:08:12,665 INFO ncaa_identity: contest_id=395074 teams 2215/2215 matched, players 5991/6229 matched
2026-08-24 01:08:20,220 INFO ncaa_identity: contest_id=395231 teams 2442/2442 matched, players 6411/6829 matched
2026-08-24 01:08:22,057 INFO ncaa_identity: contest_id=395261 teams 2336/2336 matched, players 6415/6568 matched
2026-08-24 01:08:24,827 INFO ncaa_identity: contest_id=395301 teams 1966/1966 matched, players 5097/5566 matched
2026-08-24 01:08:29,284 INFO ncaa_identity: contest_id=395431 teams 2223/2223 matched, players 5902/6216 matched
2026-08-24 01:08:31,211 INFO ncaa_identity: contest_id=395532 teams 4173/4173 matched, players 11165/11947 matched
2026-08-24 01:08:34,132 INFO ncaa_identity: contest_id=395570 teams 2268/2268 matched, players 6176/6365 matched
2026-08-24 01:08:35,742 INFO ncaa_identity: contest_id=395580 teams 2173/2173 matched, players 5829/6096 matched
2026-08-24 01:08:38,243 INFO ncaa_identity: contest_id=395630 teams 2349/2349 matched, players 6048/6600 matched
2026-08-24 01:08:44,256 INFO ncaa_identity: contest_id=395725 teams 2257/2257 matched, players 5983/6361 matched
2026-08-24 01:08:48,864 INFO ncaa_identity: contest_id=395899 teams 2165/2165 matched, players 4940/6124 matched
2026-08-24 01:08:52,142 INFO ncaa_identity: contest_id=395933 teams 2649/2649 matched, players 7056/7446 matched
2026-08-24 01:08:53,742 INFO ncaa_identity: contest_id=395945 teams 3007/3007 matched, players 7922/8522 matched
2026-08-24 01:08:54,961 INFO ncaa_identity: contest_id=395962 teams 2318/2318 matched, players 6119/6538 matched
2026-08-24 01:08:56,801 INFO ncaa_identity: contest_id=395975 teams 2167/2167 matched, players 6094/6099 matched
2026-08-24 01:09:00,168 INFO ncaa_identity: contest_id=396085 teams 2704/2704 matched, players 7403/7635 matched
2026-08-24 01:09:01,181 INFO ncaa_identity: contest_id=396120 teams 1190/1190 matched, players 301/330 matched
2026-08-24 01:09:02,661 INFO ncaa_identity: contest_id=396180 teams 2267/2267 matched, players 5456/6362 matched
2026-08-24 01:09:07,798 INFO ncaa_identity: contest_id=396279 teams 1981/1981 matched, players 5290/5592 matched
2026-08-24 01:09:09,149 INFO ncaa_identity: contest_id=396305 teams 1211/2411 matched, players 3391/6729 matched
2026-08-24 01:09:10,701 INFO ncaa_identity: contest_id=396323 teams 2467/2467 matched, players 6715/6975 matched
2026-08-24 01:09:11,974 INFO ncaa_identity: contest_id=396359 teams 2339/2339 matched, players 6322/6598 matched
2026-08-24 01:09:13,683 INFO ncaa_identity: contest_id=396375 teams 2306/2306 matched, players 5748/6486 matched
2026-08-24 01:09:15,000 INFO ncaa_identity: contest_id=396401 teams 2325/2325 matched, players 6528/6544 matched
2026-08-24 01:09:17,999 INFO ncaa_identity: contest_id=396608 teams 2149/2149 matched, players 5839/6031 matched
2026-08-24 01:09:20,718 INFO ncaa_identity: contest_id=396633 teams 2313/2313 matched, players 5991/6519 matched
2026-08-24 01:09:22,247 INFO ncaa_identity: contest_id=396644 teams 2045/2045 matched, players 4998/5759 matched
2026-08-24 01:09:28,089 INFO ncaa_identity: contest_id=396736 teams 2158/2158 matched, players 4444/6012 matched
2026-08-24 01:09:31,319 INFO ncaa_identity: contest_id=396874 teams 2241/2241 matched, players 6146/6335 matched
2026-08-24 01:09:34,456 INFO ncaa_identity: contest_id=396958 teams 2509/2509 matched, players 6657/7071 matched
2026-08-24 01:09:40,881 INFO ncaa_identity: contest_id=397080 teams 2765/2765 matched, players 7321/7850 matched
2026-08-24 01:09:42,526 INFO ncaa_identity: contest_id=397094 teams 2456/2456 matched, players 6547/6931 matched
2026-08-24 01:09:45,486 INFO ncaa_identity: contest_id=397192 teams 2328/2328 matched, players 5709/6553 matched
2026-08-24 01:09:48,632 INFO ncaa_identity: contest_id=397276 teams 2724/2724 matched, players 7306/7724 matched
2026-08-24 01:09:55,638 INFO ncaa_identity: contest_id=397405 teams 2783/2783 matched, players 7742/7809 matched
2026-08-24 01:09:57,373 INFO ncaa_identity: contest_id=397439 teams 2748/2748 matched, players 6814/7753 matched
2026-08-24 01:10:01,571 INFO ncaa_identity: contest_id=397551 teams 2502/2502 matched, players 6425/7037 matched
2026-08-24 01:10:04,390 INFO ncaa_identity: contest_id=397712 teams 2322/2322 matched, players 5944/6568 matched
2026-08-24 01:10:07,918 INFO ncaa_identity: contest_id=397739 teams 2137/2137 matched, players 5613/5999 matched
2026-08-24 01:10:10,518 INFO ncaa_identity: contest_id=397761 teams 2226/2226 matched, players 6082/6286 matched
2026-08-24 01:10:13,725 INFO ncaa_identity: contest_id=397802 teams 2144/2144 matched, players 5178/5978 matched
2026-08-24 01:10:21,749 INFO ncaa_identity: contest_id=397971 teams 2429/2429 matched, players 6450/6882 matched
2026-08-24 01:10:23,204 INFO ncaa_identity: contest_id=398033 teams 2434/2434 matched, players 6358/6896 matched
2026-08-24 01:10:29,044 INFO ncaa_identity: contest_id=398165 teams 2253/2253 matched, players 6306/6384 matched
2026-08-24 01:10:35,114 INFO ncaa_identity: contest_id=398292 teams 2228/2228 matched, players 5925/6322 matched
2026-08-24 01:10:36,738 INFO ncaa_identity: contest_id=398352 teams 2599/2599 matched, players 7072/7307 matched
2026-08-24 01:10:38,251 INFO ncaa_identity: contest_id=398381 teams 2192/2192 matched, players 5621/6150 matched
2026-08-24 01:10:39,490 INFO ncaa_identity: contest_id=398419 teams 2300/2300 matched, players 6400/6480 matched
2026-08-24 01:10:42,479 INFO ncaa_identity: contest_id=398474 teams 2665/2665 matched, players 7038/7535 matched
2026-08-24 01:10:44,050 INFO ncaa_identity: contest_id=398491 teams 2985/2985 matched, players 8208/8439 matched
2026-08-24 01:10:45,861 INFO ncaa_identity: contest_id=398508 teams 2754/2754 matched, players 7392/7747 matched
2026-08-24 01:10:48,919 INFO ncaa_identity: contest_id=398560 teams 2382/2382 matched, players 6348/6701 matched
2026-08-24 01:10:51,917 INFO ncaa_identity: contest_id=398604 teams 1715/1715 matched, players 614/616 matched
2026-08-24 01:10:56,535 INFO ncaa_identity: contest_id=398821 teams 2390/2390 matched, players 6295/6783 matched
2026-08-24 01:10:57,964 INFO ncaa_identity: contest_id=398831 teams 2712/2712 matched, players 7028/7655 matched
2026-08-24 01:10:59,198 INFO ncaa_identity: contest_id=398842 teams 2165/2165 matched, players 5778/6101 matched
2026-08-24 01:11:02,206 INFO ncaa_identity: contest_id=398892 teams 1957/1957 matched, players 4905/5451 matched
2026-08-24 01:11:03,460 INFO ncaa_identity: contest_id=398926 teams 2144/2144 matched, players 5791/6022 matched
2026-08-24 01:11:06,452 INFO ncaa_identity: contest_id=399024 teams 2445/2445 matched, players 6408/6858 matched
2026-08-24 01:11:08,099 INFO ncaa_identity: contest_id=399056 teams 2247/2247 matched, players 5635/6348 matched
2026-08-24 01:11:11,061 INFO ncaa_identity: contest_id=399123 teams 2428/2428 matched, players 6381/6804 matched
2026-08-24 01:11:15,332 INFO ncaa_identity: contest_id=399238 teams 2452/2452 matched, players 5223/6941 matched
2026-08-24 01:11:18,608 INFO ncaa_identity: contest_id=399268 teams 3223/3223 matched, players 8079/9162 matched
2026-08-24 01:11:19,747 INFO ncaa_identity: contest_id=399303 teams 1035/2006 matched, players 2881/5673 matched
2026-08-24 01:11:24,087 INFO ncaa_identity: contest_id=399430 teams 2987/2987 matched, players 7699/8412 matched
2026-08-24 01:11:35,503 INFO ncaa_identity: contest_id=399619 teams 2628/2628 matched, players 7350/7377 matched
2026-08-24 01:11:38,068 INFO ncaa_identity: contest_id=399709 teams 2204/2204 matched, players 5929/6248 matched
2026-08-24 01:11:39,484 INFO ncaa_identity: contest_id=399827 teams 2651/2651 matched, players 7073/7451 matched
2026-08-24 01:11:41,537 INFO ncaa_identity: contest_id=399854 teams 3038/3038 matched, players 8490/8639 matched
2026-08-24 01:11:45,841 INFO ncaa_identity: contest_id=399893 teams 2224/2224 matched, players 5844/6251 matched
2026-08-24 01:11:52,383 INFO ncaa_identity: contest_id=399982 teams 2309/2309 matched, players 6281/6489 matched
2026-08-24 01:12:03,215 INFO ncaa_identity: contest_id=400222 teams 2254/2254 matched, players 6127/6300 matched
2026-08-24 01:12:04,280 INFO ncaa_identity: contest_id=400235 teams 2094/2094 matched, players 4573/5922 matched
2026-08-24 01:12:05,656 INFO ncaa_identity: contest_id=400250 teams 2285/2285 matched, players 5015/6467 matched
2026-08-24 01:12:06,929 INFO ncaa_identity: contest_id=400262 teams 1726/1726 matched, players 600/630 matched
2026-08-24 01:12:09,966 INFO ncaa_identity: contest_id=400345 teams 1877/1877 matched, players 5184/5282 matched
2026-08-24 01:12:11,263 INFO ncaa_identity: contest_id=400411 teams 2266/2266 matched, players 5748/6352 matched
2026-08-24 01:12:14,133 INFO ncaa_identity: contest_id=400440 teams 2292/2292 matched, players 5900/6452 matched
2026-08-24 01:12:15,469 INFO ncaa_identity: contest_id=400451 teams 2455/2455 matched, players 6793/6904 matched
2026-08-24 01:12:18,999 INFO ncaa_identity: contest_id=400475 teams 2711/2711 matched, players 5656/7668 matched
2026-08-24 01:12:21,766 INFO ncaa_identity: contest_id=400495 teams 1122/2136 matched, players 3075/6050 matched
2026-08-24 01:12:23,115 INFO ncaa_identity: contest_id=400507 teams 1325/2647 matched, players 2730/7447 matched
2026-08-24 01:12:25,017 INFO ncaa_identity: contest_id=400520 teams 2678/2678 matched, players 7099/7552 matched
2026-08-24 01:12:26,695 INFO ncaa_identity: contest_id=400545 teams 2842/2842 matched, players 7241/8032 matched
2026-08-24 01:12:28,128 INFO ncaa_identity: contest_id=400667 teams 2078/2078 matched, players 4870/5864 matched
2026-08-24 01:12:29,822 INFO ncaa_identity: contest_id=400678 teams 2722/2722 matched, players 7512/7702 matched
2026-08-24 01:12:31,400 INFO ncaa_identity: contest_id=400688 teams 1887/1887 matched, players 5147/5301 matched
2026-08-24 01:12:37,280 INFO ncaa_identity: contest_id=400751 teams 3361/3361 matched, players 9171/9484 matched
2026-08-24 01:12:39,134 INFO ncaa_identity: contest_id=400761 teams 2715/2715 matched, players 6571/7672 matched
2026-08-24 01:12:40,377 INFO ncaa_identity: contest_id=400779 teams 2176/2176 matched, players 5665/6128 matched
2026-08-24 01:12:42,044 INFO ncaa_identity: contest_id=400810 teams 2125/2125 matched, players 5696/5980 matched
2026-08-24 01:12:44,760 INFO ncaa_identity: contest_id=400856 teams 1949/1949 matched, players 5004/5488 matched
2026-08-24 01:12:50,678 INFO ncaa_identity: contest_id=400899 teams 2278/2278 matched, players 5921/6409 matched
2026-08-24 01:12:58,488 INFO ncaa_identity: contest_id=401007 teams 2005/2005 matched, players 5172/5617 matched
2026-08-24 01:13:00,997 INFO ncaa_identity: contest_id=401051 teams 2613/2613 matched, players 6994/7387 matched
2026-08-24 01:13:05,355 INFO ncaa_identity: contest_id=401092 teams 2392/2392 matched, players 5718/6724 matched
2026-08-24 01:13:06,648 INFO ncaa_identity: contest_id=401102 teams 2483/2483 matched, players 6437/6984 matched
2026-08-24 01:13:10,023 INFO ncaa_identity: contest_id=401123 teams 2304/2304 matched, players 6482/6490 matched
2026-08-24 01:13:14,032 INFO ncaa_identity: contest_id=401206 teams 1097/2227 matched, players 3141/6229 matched
2026-08-24 01:13:15,584 INFO ncaa_identity: contest_id=401224 teams 2102/2102 matched, players 5585/5887 matched
2026-08-24 01:13:17,033 INFO ncaa_identity: contest_id=401242 teams 2380/2380 matched, players 6554/6723 matched
2026-08-24 01:13:22,668 INFO ncaa_identity: contest_id=401284 teams 2338/2338 matched, players 6046/6566 matched
2026-08-24 01:13:23,880 INFO ncaa_identity: contest_id=401294 teams 2351/2351 matched, players 6209/6617 matched
2026-08-24 01:13:25,608 INFO ncaa_identity: contest_id=401304 teams 2800/2800 matched, players 7759/7944 matched
2026-08-24 01:13:27,045 INFO ncaa_identity: contest_id=401314 teams 2516/2516 matched, players 6477/7115 matched
2026-08-24 01:13:35,683 INFO ncaa_identity: contest_id=401412 teams 2484/2484 matched, players 6829/6999 matched
2026-08-24 01:13:36,861 INFO ncaa_identity: contest_id=401446 teams 1229/2379 matched, players 3429/6737 matched
2026-08-24 01:13:38,473 INFO ncaa_identity: contest_id=401457 teams 2459/2459 matched, players 6705/6977 matched
2026-08-24 01:13:42,874 INFO ncaa_identity: contest_id=401499 teams 2149/2149 matched, players 5918/6026 matched
2026-08-24 01:13:44,833 INFO ncaa_identity: contest_id=401512 teams 2512/2512 matched, players 6333/7132 matched
2026-08-24 01:13:46,354 INFO ncaa_identity: contest_id=401522 teams 2014/2014 matched, players 5268/5707 matched
2026-08-24 01:13:48,165 INFO ncaa_identity: contest_id=401536 teams 1962/1962 matched, players 5280/5492 matched
2026-08-24 01:13:51,940 INFO ncaa_identity: contest_id=401569 teams 2123/2123 matched, players 5055/5986 matched
2026-08-24 01:13:53,507 INFO ncaa_identity: contest_id=401579 teams 2331/2331 matched, players 6086/6613 matched
2026-08-24 01:14:02,017 INFO ncaa_identity: contest_id=459398 teams 2570/2570 matched, players 6708/7247 matched
2026-08-24 01:14:03,801 INFO ncaa_identity: contest_id=459408 teams 2330/2330 matched, players 6573/6575 matched
2026-08-24 01:14:05,287 INFO ncaa_identity: contest_id=459422 teams 2857/2857 matched, players 7291/8006 matched
2026-08-24 01:14:08,647 INFO ncaa_identity: contest_id=459457 teams 1019/2048 matched, players 1357/5741 matched
2026-08-24 01:14:11,673 INFO ncaa_identity: contest_id=459490 teams 1015/1949 matched, players 375/696 matched
2026-08-24 01:14:14,736 INFO ncaa_identity: contest_id=459530 teams 2384/2384 matched, players 6298/6723 matched
2026-08-24 01:14:19,058 INFO ncaa_identity: contest_id=459569 teams 1723/3499 matched, players 3134/9973 matched
2026-08-24 01:14:20,692 INFO ncaa_identity: contest_id=459590 teams 2771/2771 matched, players 7488/7851 matched
2026-08-24 01:14:22,610 INFO ncaa_identity: contest_id=459607 teams 2904/2904 matched, players 7130/8129 matched
2026-08-24 01:14:25,900 INFO ncaa_identity: contest_id=459747 teams 1299/2567 matched, players 3620/7206 matched
2026-08-24 01:14:29,385 INFO ncaa_identity: contest_id=459881 teams 2401/2401 matched, players 6132/6742 matched
2026-08-24 01:14:32,557 INFO ncaa_identity: contest_id=459979 teams 2647/2647 matched, players 5943/7535 matched
2026-08-24 01:14:35,388 INFO ncaa_identity: contest_id=460009 teams 2425/2425 matched, players 6449/6856 matched
2026-08-24 01:14:37,129 INFO ncaa_identity: contest_id=460025 teams 2897/2897 matched, players 7814/8184 matched
2026-08-24 01:14:39,398 INFO ncaa_identity: contest_id=460065 teams 2117/2117 matched, players 5733/5912 matched
2026-08-24 01:14:43,321 INFO ncaa_identity: contest_id=460135 teams 2375/2375 matched, players 6441/6675 matched
2026-08-24 01:14:44,742 INFO ncaa_identity: contest_id=460150 teams 1410/2822 matched, players 3528/7980 matched
2026-08-24 01:14:46,469 INFO ncaa_identity: contest_id=460169 teams 1464/2913 matched, players 4137/8233 matched
2026-08-24 01:14:52,785 INFO ncaa_identity: contest_id=460254 teams 2204/2204 matched, players 5686/6222 matched
2026-08-24 01:14:54,310 INFO ncaa_identity: contest_id=460291 teams 2396/2396 matched, players 6295/6763 matched
2026-08-24 01:14:55,984 INFO ncaa_identity: contest_id=460356 teams 1148/2319 matched, players 3229/6519 matched
2026-08-24 01:14:57,679 INFO ncaa_identity: contest_id=460381 teams 3200/3200 matched, players 8042/9049 matched
2026-08-24 01:14:59,601 INFO ncaa_identity: contest_id=460401 teams 2642/2642 matched, players 6986/7463 matched
2026-08-24 01:15:04,908 INFO ncaa_identity: contest_id=460512 teams 1366/2762 matched, players 3836/7838 matched
2026-08-24 01:15:08,176 INFO ncaa_identity: contest_id=460544 teams 2456/2456 matched, players 5862/6949 matched
2026-08-24 01:15:09,455 INFO ncaa_identity: contest_id=460569 teams 2408/2408 matched, players 5749/6803 matched
2026-08-24 01:15:11,150 INFO ncaa_identity: contest_id=460586 teams 2163/2163 matched, players 5863/6088 matched
2026-08-24 01:15:14,142 INFO ncaa_identity: contest_id=460643 teams 2147/2147 matched, players 5757/5980 matched
2026-08-24 01:15:15,465 INFO ncaa_identity: contest_id=460667 teams 1418/2909 matched, players 4062/8301 matched
2026-08-24 01:15:16,887 INFO ncaa_identity: contest_id=460703 teams 2319/2319 matched, players 6206/6474 matched
2026-08-24 01:15:18,754 INFO ncaa_identity: contest_id=460742 teams 2094/2094 matched, players 5402/5877 matched
2026-08-24 01:15:21,085 INFO ncaa_identity: contest_id=460817 teams 2658/2658 matched, players 6922/7477 matched
2026-08-24 01:15:22,823 INFO ncaa_identity: contest_id=460846 teams 1381/2784 matched, players 4006/7898 matched
2026-08-24 01:15:29,682 INFO ncaa_identity: contest_id=461032 teams 2128/2128 matched, players 5027/5995 matched
2026-08-24 01:15:31,628 INFO ncaa_identity: contest_id=461050 teams 2243/2243 matched, players 6170/6322 matched
2026-08-24 01:15:33,033 INFO ncaa_identity: contest_id=461192 teams 2404/2404 matched, players 6698/6791 matched
2026-08-24 01:15:35,952 INFO ncaa_identity: contest_id=461221 teams 2121/2121 matched, players 796/814 matched
2026-08-24 01:15:42,885 INFO ncaa_identity: contest_id=461325 teams 2586/2586 matched, players 7081/7279 matched
2026-08-24 01:15:48,004 INFO ncaa_identity: contest_id=461376 teams 2483/2483 matched, players 6989/7034 matched
2026-08-24 01:15:49,249 INFO ncaa_identity: contest_id=461402 teams 2234/2234 matched, players 5015/6288 matched
2026-08-24 01:15:52,281 INFO ncaa_identity: contest_id=461453 teams 2315/2315 matched, players 6243/6495 matched
2026-08-24 01:15:53,971 INFO ncaa_identity: contest_id=461487 teams 2151/2151 matched, players 6031/6076 matched
2026-08-24 01:15:55,303 INFO ncaa_identity: contest_id=461536 teams 2538/2538 matched, players 5426/7154 matched
2026-08-24 01:15:58,329 INFO ncaa_identity: contest_id=461655 teams 2247/2247 matched, players 5907/6265 matched
2026-08-24 01:15:59,751 INFO ncaa_identity: contest_id=461692 teams 2032/2032 matched, players 5553/5683 matched
2026-08-24 01:16:01,088 INFO ncaa_identity: contest_id=461714 teams 2576/2576 matched, players 6733/7289 matched
2026-08-24 01:16:02,812 INFO ncaa_identity: contest_id=461734 teams 2167/2167 matched, players 5599/6108 matched
2026-08-24 01:16:04,328 INFO ncaa_identity: contest_id=461747 teams 2288/2288 matched, players 6150/6439 matched
2026-08-24 01:16:05,998 INFO ncaa_identity: contest_id=461761 teams 2344/2344 matched, players 6378/6671 matched
2026-08-24 01:16:10,205 INFO ncaa_identity: contest_id=461806 teams 2084/2084 matched, players 4821/5854 matched
2026-08-24 01:16:13,260 INFO ncaa_identity: contest_id=461847 teams 2684/2684 matched, players 6956/7606 matched
2026-08-24 01:16:14,765 INFO ncaa_identity: contest_id=461859 teams 2329/2329 matched, players 6216/6565 matched
2026-08-24 01:16:16,168 INFO ncaa_identity: contest_id=461874 teams 2396/2396 matched, players 6581/6775 matched
2026-08-24 01:16:18,797 INFO ncaa_identity: contest_id=461889 teams 3031/3031 matched, players 8087/8590 matched
2026-08-24 01:16:20,470 INFO ncaa_identity: contest_id=461905 teams 1987/1987 matched, players 5121/5568 matched
2026-08-24 01:16:25,302 INFO ncaa_identity: contest_id=461990 teams 2568/2568 matched, players 6757/7190 matched
2026-08-24 01:16:31,393 INFO ncaa_identity: contest_id=462095 teams 1216/2385 matched, players 3302/6690 matched
2026-08-24 01:16:36,201 INFO ncaa_identity: contest_id=462142 teams 2483/2483 matched, players 6555/6963 matched
2026-08-24 01:16:39,154 INFO ncaa_identity: contest_id=462188 teams 2193/2193 matched, players 6092/6161 matched
2026-08-24 01:16:42,136 INFO ncaa_identity: contest_id=462235 teams 2548/2548 matched, players 5990/7226 matched
2026-08-24 01:16:45,681 INFO ncaa_identity: contest_id=462286 teams 2906/2906 matched, players 8137/8201 matched
2026-08-24 01:16:50,740 INFO ncaa_identity: contest_id=462387 teams 2745/2745 matched, players 7728/7783 matched
2026-08-24 01:17:05,049 INFO ncaa_identity: contest_id=462637 teams 2300/2300 matched, players 6430/6479 matched
2026-08-24 01:17:07,917 INFO ncaa_identity: contest_id=462738 teams 1326/2605 matched, players 2480/7334 matched
2026-08-24 01:17:09,362 INFO ncaa_identity: contest_id=462751 teams 2465/2465 matched, players 6577/6900 matched
2026-08-24 01:17:14,663 INFO ncaa_identity: contest_id=462868 teams 2844/2844 matched, players 7429/8033 matched
2026-08-24 01:17:15,782 INFO ncaa_identity: contest_id=462890 teams 2123/2123 matched, players 5497/5984 matched
2026-08-24 01:17:17,890 INFO ncaa_identity: contest_id=462927 teams 2535/2535 matched, players 7125/7127 matched
2026-08-24 01:17:19,514 INFO ncaa_identity: contest_id=462962 teams 2420/2420 matched, players 6795/6812 matched
2026-08-24 01:17:21,372 INFO ncaa_identity: contest_id=462994 teams 2401/2401 matched, players 6640/6758 matched
2026-08-24 01:17:24,430 INFO ncaa_identity: contest_id=463048 teams 2341/2341 matched, players 6593/6620 matched
2026-08-24 01:17:30,803 INFO ncaa_identity: contest_id=463292 teams 2509/2509 matched, players 6489/7053 matched
2026-08-24 01:17:35,692 INFO ncaa_identity: contest_id=463383 teams 3165/3165 matched, players 8499/8984 matched
2026-08-24 01:17:37,270 INFO ncaa_identity: contest_id=463394 teams 1976/1976 matched, players 5413/5532 matched
2026-08-24 01:17:38,546 INFO ncaa_identity: contest_id=463405 teams 2340/2340 matched, players 5734/6594 matched
2026-08-24 01:17:40,234 INFO ncaa_identity: contest_id=463419 teams 2300/2300 matched, players 5431/6467 matched
2026-08-24 01:17:41,469 INFO ncaa_identity: contest_id=463429 teams 2417/2417 matched, players 6618/6811 matched
2026-08-24 01:17:43,355 INFO ncaa_identity: contest_id=463446 teams 2453/2453 matched, players 6705/6931 matched
2026-08-24 01:17:44,625 INFO ncaa_identity: contest_id=463467 teams 1217/2364 matched, players 3214/6699 matched
2026-08-24 01:17:48,208 INFO ncaa_identity: contest_id=463519 teams 1283/2572 matched, players 3535/7202 matched
2026-08-24 01:17:49,785 INFO ncaa_identity: contest_id=463569 teams 2806/2806 matched, players 7110/7911 matched
2026-08-24 01:17:51,321 INFO ncaa_identity: contest_id=463596 teams 2435/2435 matched, players 5780/6935 matched
2026-08-24 01:17:54,149 INFO ncaa_identity: contest_id=463655 teams 2484/2484 matched, players 6674/7012 matched
2026-08-24 01:17:55,548 INFO ncaa_identity: contest_id=463687 teams 2456/2456 matched, players 6847/6935 matched
2026-08-24 01:17:57,389 INFO ncaa_identity: contest_id=463718 teams 2593/2593 matched, players 6611/7294 matched
2026-08-24 01:17:59,111 INFO ncaa_identity: contest_id=463778 teams 2470/2470 matched, players 6602/6987 matched
2026-08-24 01:18:00,979 INFO ncaa_identity: contest_id=463845 teams 1341/2761 matched, players 3589/7823 matched
2026-08-24 01:18:02,290 INFO ncaa_identity: contest_id=463873 teams 2301/2301 matched, players 5822/6507 matched
2026-08-24 01:18:03,737 INFO ncaa_identity: contest_id=463895 teams 2135/2135 matched, players 6007/6031 matched
2026-08-24 01:18:09,857 INFO ncaa_identity: contest_id=464088 teams 2393/2393 matched, players 6325/6748 matched
2026-08-24 01:18:17,733 INFO ncaa_identity: contest_id=464190 teams 2455/2455 matched, players 6542/6936 matched
2026-08-24 01:18:21,507 INFO ncaa_identity: contest_id=464227 teams 2287/2287 matched, players 5385/6389 matched
2026-08-24 01:18:24,688 INFO ncaa_identity: contest_id=464271 teams 2501/2501 matched, players 6169/7032 matched
2026-08-24 01:18:26,558 INFO ncaa_identity: contest_id=464295 teams 1352/2744 matched, players 3882/7754 matched
2026-08-24 01:18:28,223 INFO ncaa_identity: contest_id=464312 teams 3101/3101 matched, players 8054/8711 matched
2026-08-24 01:18:30,314 INFO ncaa_identity: contest_id=464331 teams 1211/2533 matched, players 3526/7115 matched
2026-08-24 01:18:33,733 INFO ncaa_identity: contest_id=464378 teams 1203/2370 matched, players 3356/6707 matched
2026-08-24 01:18:35,453 INFO ncaa_identity: contest_id=464410 teams 1267/2548 matched, players 3428/7217 matched
2026-08-24 01:18:40,177 INFO ncaa_identity: contest_id=464517 teams 1949/1949 matched, players 707/714 matched
2026-08-24 01:18:45,136 INFO ncaa_identity: contest_id=464582 teams 1268/2469 matched, players 3506/6984 matched
2026-08-24 01:18:51,563 INFO ncaa_identity: contest_id=464698 teams 1167/2228 matched, players 2978/6216 matched
2026-08-24 01:18:54,715 INFO ncaa_identity: contest_id=464782 teams 1286/2467 matched, players 3459/6937 matched
2026-08-24 01:18:58,908 INFO ncaa_identity: contest_id=464862 teams 2427/2427 matched, players 6465/6837 matched
2026-08-24 01:19:03,484 INFO ncaa_identity: contest_id=464920 teams 2591/2591 matched, players 6629/7278 matched
2026-08-24 01:19:07,935 INFO ncaa_identity: contest_id=464976 teams 2278/2278 matched, players 5729/6428 matched
2026-08-24 01:19:12,506 INFO ncaa_identity: contest_id=465008 teams 2238/2238 matched, players 5887/6282 matched
2026-08-24 01:19:13,832 INFO ncaa_identity: contest_id=465019 teams 2438/2438 matched, players 6525/6851 matched
2026-08-24 01:19:17,313 INFO ncaa_identity: contest_id=465050 teams 2155/2155 matched, players 5833/6073 matched
2026-08-24 01:19:20,754 INFO ncaa_identity: contest_id=465074 teams 2198/2198 matched, players 5432/6170 matched
2026-08-24 01:19:22,464 INFO ncaa_identity: contest_id=465085 teams 1163/2286 matched, players 3257/6443 matched
2026-08-24 01:19:27,367 INFO ncaa_identity: contest_id=465119 teams 2937/2937 matched, players 7252/8270 matched
2026-08-24 01:19:32,473 INFO ncaa_identity: contest_id=465168 teams 2007/2007 matched, players 5239/5640 matched
2026-08-24 01:19:35,831 INFO ncaa_identity: contest_id=465197 teams 2359/2359 matched, players 5738/6670 matched
2026-08-24 01:19:39,085 INFO ncaa_identity: contest_id=465235 teams 2263/2263 matched, players 6084/6318 matched
2026-08-24 01:19:42,687 INFO ncaa_identity: contest_id=465306 teams 2568/2568 matched, players 6667/7234 matched
2026-08-24 01:19:44,085 INFO ncaa_identity: contest_id=465327 teams 2072/2072 matched, players 5571/5813 matched
2026-08-24 01:19:47,752 INFO ncaa_identity: contest_id=465368 teams 2336/2336 matched, players 6086/6607 matched
2026-08-24 01:19:52,944 INFO ncaa_identity: contest_id=465435 teams 2318/2318 matched, players 6095/6542 matched
2026-08-24 01:19:57,705 INFO ncaa_identity: contest_id=465525 teams 2324/2324 matched, players 5994/6580 matched
2026-08-24 01:19:59,350 INFO ncaa_identity: contest_id=465556 teams 2278/2278 matched, players 5739/6430 matched
2026-08-24 01:20:05,244 INFO ncaa_identity: contest_id=465656 teams 2335/2335 matched, players 4890/6595 matched
2026-08-24 01:20:09,987 INFO ncaa_identity: contest_id=465744 teams 2083/2083 matched, players 5546/5815 matched
2026-08-24 01:20:15,207 INFO ncaa_identity: contest_id=465847 teams 2217/2217 matched, players 5823/6314 matched
2026-08-24 01:20:23,476 INFO ncaa_identity: contest_id=465977 teams 2174/2174 matched, players 5838/6123 matched
2026-08-24 01:20:25,333 INFO ncaa_identity: contest_id=466002 teams 2781/2781 matched, players 7393/7902 matched
2026-08-24 01:20:28,478 INFO ncaa_identity: contest_id=466056 teams 2416/2416 matched, players 6585/6819 matched
2026-08-24 01:20:29,982 INFO ncaa_identity: contest_id=466080 teams 2671/2671 matched, players 7432/7546 matched
2026-08-24 01:20:36,246 INFO ncaa_identity: contest_id=466290 teams 2320/2320 matched, players 5770/6540 matched
2026-08-24 01:20:38,010 INFO ncaa_identity: contest_id=466329 teams 2144/2144 matched, players 5592/6050 matched
2026-08-24 01:20:39,601 INFO ncaa_identity: contest_id=466365 teams 2523/2523 matched, players 6767/7133 matched
2026-08-24 01:20:41,321 INFO ncaa_identity: contest_id=466423 teams 1039/2108 matched, players 2974/5944 matched
2026-08-24 01:20:45,784 INFO ncaa_identity: contest_id=466473 teams 2294/2294 matched, players 6335/6436 matched
2026-08-24 01:20:47,411 INFO ncaa_identity: contest_id=466490 teams 1906/1906 matched, players 5251/5324 matched
2026-08-24 01:20:48,753 INFO ncaa_identity: contest_id=466519 teams 2443/2443 matched, players 5905/6851 matched
2026-08-24 01:20:51,984 INFO ncaa_identity: contest_id=466597 teams 2656/2656 matched, players 7220/7470 matched
2026-08-24 01:20:53,541 INFO ncaa_identity: contest_id=466627 teams 2366/2366 matched, players 6230/6656 matched
2026-08-24 01:20:57,253 INFO ncaa_identity: contest_id=466702 teams 2593/2593 matched, players 6898/7286 matched
2026-08-24 01:21:00,866 INFO ncaa_identity: contest_id=466752 teams 2639/2639 matched, players 7421/7423 matched
2026-08-24 01:21:02,457 INFO ncaa_identity: contest_id=466782 teams 2337/2337 matched, players 6181/6596 matched
2026-08-24 01:21:04,076 INFO ncaa_identity: contest_id=466819 teams 2148/2148 matched, players 5889/6052 matched
2026-08-24 01:21:09,044 INFO ncaa_identity: contest_id=466969 teams 2338/2338 matched, players 6445/6605 matched
2026-08-24 01:21:18,547 INFO ncaa_identity: contest_id=467172 teams 2344/2344 matched, players 6218/6583 matched
2026-08-24 01:21:20,529 INFO ncaa_identity: contest_id=467184 teams 2875/2875 matched, players 7591/8087 matched
2026-08-24 01:21:22,041 INFO ncaa_identity: contest_id=467202 teams 2453/2453 matched, players 6251/6865 matched
2026-08-24 01:21:25,572 INFO ncaa_identity: contest_id=467238 teams 2399/2399 matched, players 6641/6796 matched
2026-08-24 01:21:27,426 INFO ncaa_identity: contest_id=467268 teams 1281/2541 matched, players 3500/7120 matched
2026-08-24 01:21:34,311 INFO ncaa_identity: contest_id=467469 teams 2556/2556 matched, players 7102/7218 matched
2026-08-24 01:21:35,884 INFO ncaa_identity: contest_id=467513 teams 1943/1943 matched, players 5364/5477 matched
2026-08-24 01:21:36,023 INFO 5 starters not found for period 5; using estimate
2026-08-24 01:21:42,905 INFO ncaa_identity: contest_id=467637 teams 2476/2476 matched, players 6612/6975 matched
2026-08-24 01:21:45,803 INFO ncaa_identity: contest_id=467701 teams 1951/1951 matched, players 5340/5495 matched
2026-08-24 01:21:50,918 INFO ncaa_identity: contest_id=467820 teams 2125/2125 matched, players 5686/6009 matched
2026-08-24 01:21:52,391 INFO ncaa_identity: contest_id=467847 teams 2551/2551 matched, players 6726/7174 matched
2026-08-24 01:21:54,255 INFO ncaa_identity: contest_id=467864 teams 2514/2514 matched, players 6801/7143 matched
2026-08-24 01:21:55,643 INFO ncaa_identity: contest_id=467896 teams 1250/2519 matched, players 3163/7150 matched
2026-08-24 01:21:57,548 INFO ncaa_identity: contest_id=467945 teams 2840/2840 matched, players 7549/8020 matched
2026-08-24 01:22:05,167 INFO ncaa_identity: contest_id=468161 teams 2725/2725 matched, players 6837/7734 matched
2026-08-24 01:22:15,979 INFO ncaa_identity: contest_id=468325 teams 2558/2558 matched, players 6902/7237 matched
2026-08-24 01:22:17,475 INFO ncaa_identity: contest_id=468348 teams 1977/1977 matched, players 5020/5523 matched
2026-08-24 01:22:19,183 INFO ncaa_identity: contest_id=468371 teams 2520/2520 matched, players 5107/7085 matched
2026-08-24 01:22:25,976 INFO ncaa_identity: contest_id=468537 teams 1168/2256 matched, players 3155/6356 matched
2026-08-24 01:22:27,457 INFO ncaa_identity: contest_id=468582 teams 2493/2493 matched, players 6735/7027 matched
2026-08-24 01:22:30,490 INFO ncaa_identity: contest_id=468696 teams 2222/2222 matched, players 6149/6248 matched
2026-08-24 01:22:32,213 INFO ncaa_identity: contest_id=468714 teams 2038/2038 matched, players 5519/5749 matched
2026-08-24 01:22:33,579 INFO ncaa_identity: contest_id=468736 teams 2149/2149 matched, players 5943/6039 matched
2026-08-24 01:22:35,421 INFO ncaa_identity: contest_id=468756 teams 2700/2700 matched, players 7382/7517 matched
2026-08-24 01:22:42,758 INFO ncaa_identity: contest_id=468947 teams 2045/2045 matched, players 4802/5768 matched
2026-08-24 01:22:49,287 INFO ncaa_identity: contest_id=469091 teams 2434/2434 matched, players 6295/6849 matched
2026-08-24 01:22:50,868 INFO ncaa_identity: contest_id=469118 teams 2467/2467 matched, players 6790/7001 matched
2026-08-24 01:22:58,656 INFO ncaa_identity: contest_id=469285 teams 2361/2361 matched, players 6545/6637 matched
2026-08-24 01:23:00,412 INFO ncaa_identity: contest_id=469295 teams 2752/2752 matched, players 7440/7805 matched
2026-08-24 01:23:12,503 INFO ncaa_identity: contest_id=469500 teams 2558/2558 matched, players 6328/7214 matched
2026-08-24 01:23:13,868 INFO ncaa_identity: contest_id=469533 teams 2177/2177 matched, players 5824/6136 matched
2026-08-24 01:23:15,663 INFO ncaa_identity: contest_id=469563 teams 2432/2432 matched, players 6385/6850 matched
2026-08-24 01:23:19,218 INFO ncaa_identity: contest_id=469652 teams 2181/2181 matched, players 6031/6189 matched
2026-08-24 01:23:20,576 INFO ncaa_identity: contest_id=469721 teams 2326/2326 matched, players 5610/6563 matched
2026-08-24 01:23:25,663 INFO ncaa_identity: contest_id=469786 teams 2418/2418 matched, players 6358/6836 matched
2026-08-24 01:23:27,313 INFO ncaa_identity: contest_id=469812 teams 2452/2452 matched, players 6262/6904 matched
2026-08-24 01:23:34,233 INFO ncaa_identity: contest_id=469957 teams 2526/2526 matched, players 6734/7151 matched
2026-08-24 01:23:39,654 INFO ncaa_identity: contest_id=470029 teams 2591/2591 matched, players 6438/7311 matched
2026-08-24 01:23:41,535 INFO ncaa_identity: contest_id=470046 teams 2275/2275 matched, players 6125/6351 matched
2026-08-24 01:23:46,584 INFO ncaa_identity: contest_id=470165 teams 2023/2023 matched, players 5674/5682 matched
2026-08-24 01:23:52,554 INFO ncaa_identity: contest_id=470339 teams 2088/2088 matched, players 4755/5835 matched
2026-08-24 01:24:00,711 INFO ncaa_identity: contest_id=470457 teams 2268/2268 matched, players 5392/6359 matched
2026-08-24 01:24:05,052 INFO ncaa_identity: contest_id=470548 teams 2208/2208 matched, players 6014/6193 matched
2026-08-24 01:24:08,391 INFO ncaa_identity: contest_id=470652 teams 2572/2572 matched, players 6905/7249 matched
2026-08-24 01:24:11,781 INFO ncaa_identity: contest_id=470734 teams 2630/2630 matched, players 7235/7425 matched
2026-08-24 01:24:18,257 INFO ncaa_identity: contest_id=470889 teams 3456/3456 matched, players 9201/9886 matched
2026-08-24 01:24:22,912 INFO ncaa_identity: contest_id=470954 teams 2564/2564 matched, players 6975/7248 matched
2026-08-24 01:24:27,185 INFO ncaa_identity: contest_id=471042 teams 2420/2420 matched, players 6519/6868 matched
2026-08-24 01:24:28,663 INFO ncaa_identity: contest_id=471096 teams 2101/2101 matched, players 5731/5957 matched
2026-08-24 01:24:31,468 INFO ncaa_identity: contest_id=471141 teams 2248/2248 matched, players 6114/6326 matched
2026-08-24 01:24:32,763 INFO ncaa_identity: contest_id=471174 teams 1129/2331 matched, players 2937/6627 matched
2026-08-24 01:24:35,679 INFO ncaa_identity: contest_id=471279 teams 2457/2457 matched, players 6872/6920 matched
2026-08-24 01:24:37,654 INFO ncaa_identity: contest_id=471308 teams 2517/2517 matched, players 6425/7052 matched
2026-08-24 01:24:40,835 INFO ncaa_identity: contest_id=471398 teams 1105/2208 matched, players 3120/6188 matched
2026-08-24 01:24:47,390 INFO ncaa_identity: contest_id=471552 teams 2233/2233 matched, players 5979/6304 matched
2026-08-24 01:24:48,802 INFO ncaa_identity: contest_id=471565 teams 2210/2210 matched, players 5958/6272 matched
2026-08-24 01:24:55,538 INFO ncaa_identity: contest_id=471629 teams 1276/2488 matched, players 3551/7036 matched
2026-08-24 01:24:57,289 INFO ncaa_identity: contest_id=471649 teams 2418/2418 matched, players 5936/6746 matched
2026-08-24 01:25:01,594 INFO ncaa_identity: contest_id=471795 teams 1297/2570 matched, players 3664/7267 matched
2026-08-24 01:25:06,044 INFO ncaa_identity: contest_id=471943 teams 2232/2232 matched, players 5933/6278 matched
2026-08-24 01:25:07,510 INFO ncaa_identity: contest_id=471959 teams 2530/2530 matched, players 6628/7123 matched
2026-08-24 01:25:10,135 INFO ncaa_identity: contest_id=471999 teams 2129/2129 matched, players 5676/6017 matched
2026-08-24 01:25:12,921 INFO ncaa_identity: contest_id=472020 teams 2504/2504 matched, players 6720/6999 matched
2026-08-24 01:25:36,705 INFO ncaa_identity: contest_id=472214 teams 2311/2311 matched, players 5542/6507 matched
2026-08-24 01:25:41,618 INFO ncaa_identity: contest_id=472246 teams 2239/2239 matched, players 6205/6263 matched
2026-08-24 01:26:04,525 INFO ncaa_identity: contest_id=472414 teams 2229/2229 matched, players 5765/6286 matched
2026-08-24 01:26:09,448 INFO ncaa_identity: contest_id=472441 teams 2268/2268 matched, players 5783/6445 matched
2026-08-24 01:26:14,224 INFO ncaa_identity: contest_id=472516 teams 2548/2548 matched, players 7184/7187 matched
2026-08-24 01:26:19,588 INFO ncaa_identity: contest_id=472571 teams 1248/2592 matched, players 2683/7297 matched
2026-08-24 01:26:23,680 INFO ncaa_identity: contest_id=472634 teams 2385/2385 matched, players 6421/6731 matched
2026-08-24 01:26:39,147 INFO ncaa_identity: contest_id=472690 teams 2436/2436 matched, players 6248/6831 matched
2026-08-24 01:26:42,689 INFO ncaa_identity: contest_id=472700 teams 788/1590 matched, players 2280/4494 matched
2026-08-24 01:26:49,833 INFO ncaa_identity: contest_id=472740 teams 1903/1903 matched, players 4820/5342 matched
2026-08-24 01:27:03,647 INFO ncaa_identity: contest_id=472887 teams 1125/2232 matched, players 3162/6307 matched
2026-08-24 01:27:37,873 INFO ncaa_identity: contest_id=473155 teams 2193/2193 matched, players 6049/6189 matched
2026-08-24 01:28:07,799 INFO ncaa_identity: contest_id=473353 teams 2517/2517 matched, players 6235/7106 matched
2026-08-24 01:28:33,957 INFO ncaa_identity: contest_id=473644 teams 2290/2290 matched, players 5465/6439 matched
2026-08-24 01:28:39,071 INFO ncaa_identity: contest_id=473663 teams 2797/2797 matched, players 7295/7959 matched
2026-08-24 01:28:43,480 INFO ncaa_identity: contest_id=473717 teams 2237/2237 matched, players 5642/6361 matched
2026-08-24 01:28:48,000 INFO ncaa_identity: contest_id=473727 teams 2262/2262 matched, players 5971/6398 matched
2026-08-24 01:28:52,073 INFO ncaa_identity: contest_id=473739 teams 2144/2144 matched, players 5704/6045 matched
2026-08-24 01:29:10,415 INFO ncaa_identity: contest_id=473808 teams 2229/2229 matched, players 5870/6273 matched
2026-08-24 01:29:15,280 INFO ncaa_identity: contest_id=473835 teams 2589/2589 matched, players 7150/7300 matched
2026-08-24 01:29:18,833 INFO ncaa_identity: contest_id=473939 teams 2432/2432 matched, players 6224/6876 matched
2026-08-24 01:29:20,255 INFO ncaa_identity: contest_id=473951 teams 2895/2895 matched, players 7913/8197 matched
2026-08-24 01:29:22,992 INFO ncaa_identity: contest_id=473981 teams 2702/2702 matched, players 7247/7627 matched
2026-08-24 01:29:28,176 INFO ncaa_identity: contest_id=474105 teams 1908/1908 matched, players 4930/5391 matched
2026-08-24 01:29:31,019 INFO ncaa_identity: contest_id=474142 teams 2247/2247 matched, players 5886/6352 matched
2026-08-24 01:29:32,393 INFO ncaa_identity: contest_id=474196 teams 2136/2136 matched, players 5871/6053 matched
2026-08-24 01:29:44,122 INFO ncaa_identity: contest_id=474364 teams 2110/2110 matched, players 4283/5993 matched
2026-08-24 01:29:45,748 INFO ncaa_identity: contest_id=474380 teams 2559/2559 matched, players 7199/7219 matched
2026-08-24 01:29:48,293 INFO ncaa_identity: contest_id=474412 teams 2469/2469 matched, players 6891/6993 matched
2026-08-24 01:29:49,480 INFO ncaa_identity: contest_id=474428 teams 1997/1997 matched, players 5140/5605 matched
2026-08-24 01:29:50,996 INFO ncaa_identity: contest_id=474445 teams 2250/2250 matched, players 5736/6311 matched
2026-08-24 01:29:52,203 INFO ncaa_identity: contest_id=474535 teams 2138/2138 matched, players 5968/5987 matched
2026-08-24 01:29:55,376 INFO ncaa_identity: contest_id=474555 teams 1206/2346 matched, players 3342/6617 matched
2026-08-24 01:30:00,468 INFO ncaa_identity: contest_id=474608 teams 2260/2260 matched, players 5750/6378 matched
2026-08-24 01:30:05,454 INFO ncaa_identity: contest_id=474678 teams 2508/2508 matched, players 6278/7125 matched
2026-08-24 01:30:06,899 INFO ncaa_identity: contest_id=474688 teams 1123/2125 matched, players 3098/6057 matched
2026-08-24 01:30:08,296 INFO ncaa_identity: contest_id=474698 teams 2401/2401 matched, players 5365/6793 matched
2026-08-24 01:30:13,149 INFO ncaa_identity: contest_id=474747 teams 2598/2598 matched, players 6289/7384 matched
2026-08-24 01:30:14,616 INFO ncaa_identity: contest_id=474757 teams 2882/2882 matched, players 7829/8089 matched
2026-08-24 01:30:16,273 INFO ncaa_identity: contest_id=474767 teams 2360/2360 matched, players 6150/6670 matched
2026-08-24 01:30:20,471 INFO ncaa_identity: contest_id=474823 teams 2106/2106 matched, players 5584/5935 matched
2026-08-24 01:30:22,121 INFO ncaa_identity: contest_id=474838 teams 2884/2884 matched, players 7610/8208 matched
2026-08-24 01:30:23,465 INFO ncaa_identity: contest_id=474848 teams 2926/2926 matched, players 7206/8314 matched
2026-08-24 01:30:26,320 INFO ncaa_identity: contest_id=474905 teams 2566/2566 matched, players 7049/7272 matched
2026-08-24 01:30:31,751 INFO ncaa_identity: contest_id=474963 teams 2230/2230 matched, players 5883/6278 matched
2026-08-24 01:30:34,537 INFO ncaa_identity: contest_id=474983 teams 2042/2042 matched, players 5436/5765 matched
2026-08-24 01:30:37,301 INFO ncaa_identity: contest_id=475025 teams 2195/2195 matched, players 5334/6155 matched
2026-08-24 01:30:38,751 INFO ncaa_identity: contest_id=475054 teams 2073/2073 matched, players 5708/5839 matched
2026-08-24 01:30:42,161 INFO ncaa_identity: contest_id=475093 teams 2865/2865 matched, players 7858/8072 matched
2026-08-24 01:30:43,467 INFO ncaa_identity: contest_id=475107 teams 2264/2264 matched, players 5810/6403 matched
2026-08-24 01:30:45,281 INFO ncaa_identity: contest_id=475124 teams 2443/2443 matched, players 6818/6821 matched
2026-08-24 01:30:46,541 INFO ncaa_identity: contest_id=475134 teams 2024/2024 matched, players 5164/5646 matched
2026-08-24 01:30:48,519 INFO ncaa_identity: contest_id=475144 teams 3551/3551 matched, players 9690/10142 matched
2026-08-24 01:30:49,707 INFO ncaa_identity: contest_id=475154 teams 1847/1847 matched, players 4866/5117 matched
2026-08-24 01:30:52,904 INFO ncaa_identity: contest_id=475174 teams 2617/2617 matched, players 6797/7421 matched
2026-08-24 01:31:01,670 INFO ncaa_identity: contest_id=475249 teams 2246/2246 matched, players 6152/6319 matched
2026-08-24 01:31:03,079 INFO ncaa_identity: contest_id=475260 teams 3128/3128 matched, players 8351/8880 matched
2026-08-24 01:31:05,936 INFO ncaa_identity: contest_id=475317 teams 2304/2304 matched, players 6010/6532 matched
2026-08-24 01:31:07,585 INFO ncaa_identity: contest_id=475343 teams 2289/2289 matched, players 5677/6395 matched
2026-08-24 01:31:11,599 INFO ncaa_identity: contest_id=475384 teams 2176/2176 matched, players 5640/6142 matched
2026-08-24 01:31:14,437 INFO ncaa_identity: contest_id=475406 teams 2277/2277 matched, players 6297/6412 matched
2026-08-24 01:31:15,945 INFO ncaa_identity: contest_id=475416 teams 1360/2560 matched, players 3787/7236 matched
2026-08-24 01:31:18,891 INFO ncaa_identity: contest_id=475436 teams 2665/2665 matched, players 6916/7533 matched
2026-08-24 01:31:26,250 INFO ncaa_identity: contest_id=475496 teams 2206/2206 matched, players 5668/6185 matched
2026-08-24 01:31:29,386 INFO ncaa_identity: contest_id=314694 teams 1337/2585 matched, players 3659/7253 matched
2026-08-24 01:31:34,076 INFO ncaa_identity: contest_id=314745 teams 2379/2379 matched, players 6292/6709 matched
2026-08-24 01:31:35,389 INFO ncaa_identity: contest_id=314760 teams 1276/2475 matched, players 3543/6972 matched
2026-08-24 01:31:37,297 INFO ncaa_identity: contest_id=314773 teams 3428/3428 matched, players 9308/9708 matched
2026-08-24 01:31:38,553 INFO ncaa_identity: contest_id=314786 teams 2246/2246 matched, players 6187/6315 matched
2026-08-24 01:31:43,074 INFO ncaa_identity: contest_id=314822 teams 2330/2330 matched, players 6042/6557 matched
2026-08-24 01:31:48,088 INFO ncaa_identity: contest_id=314858 teams 3405/3405 matched, players 8698/9631 matched
2026-08-24 01:31:49,331 INFO ncaa_identity: contest_id=314872 teams 1180/2343 matched, players 2646/6595 matched
2026-08-24 01:31:52,349 INFO ncaa_identity: contest_id=314971 teams 2713/2713 matched, players 7015/7631 matched
2026-08-24 01:31:53,634 INFO ncaa_identity: contest_id=315008 teams 1667/1667 matched, players 534/565 matched
2026-08-24 01:31:54,909 INFO ncaa_identity: contest_id=315089 teams 1767/1767 matched, players 4480/4934 matched
2026-08-24 01:31:56,510 INFO ncaa_identity: contest_id=315107 teams 2535/2535 matched, players 6609/7175 matched
2026-08-24 01:32:04,440 INFO ncaa_identity: contest_id=315170 teams 1247/2342 matched, players 518/893 matched
2026-08-24 01:32:06,030 INFO ncaa_identity: contest_id=315183 teams 2634/2634 matched, players 7148/7457 matched
2026-08-24 01:32:07,360 INFO ncaa_identity: contest_id=315211 teams 2483/2483 matched, players 6837/6977 matched
2026-08-24 01:32:11,899 INFO ncaa_identity: contest_id=315246 teams 2637/2637 matched, players 7125/7439 matched
2026-08-24 01:32:13,499 INFO ncaa_identity: contest_id=315258 teams 2837/2837 matched, players 7591/8021 matched
2026-08-24 01:32:17,945 INFO ncaa_identity: contest_id=315380 teams 1625/3281 matched, players 4604/9323 matched
2026-08-24 01:32:19,694 INFO ncaa_identity: contest_id=315419 teams 2805/2805 matched, players 7433/7921 matched
2026-08-24 01:32:21,166 INFO ncaa_identity: contest_id=315510 teams 2795/2795 matched, players 7265/7849 matched
2026-08-24 01:32:22,968 INFO ncaa_identity: contest_id=315535 teams 2806/2806 matched, players 7572/7882 matched
2026-08-24 01:32:24,877 INFO ncaa_identity: contest_id=315552 teams 3293/3293 matched, players 9106/9353 matched
2026-08-24 01:32:27,949 INFO ncaa_identity: contest_id=315582 teams 2559/2559 matched, players 7128/7202 matched
2026-08-24 01:32:34,280 INFO ncaa_identity: contest_id=315678 teams 1330/2668 matched, players 3698/7539 matched
2026-08-24 01:32:35,715 INFO 5 starters not found for period 5; using estimate
2026-08-24 01:32:39,196 INFO ncaa_identity: contest_id=315741 teams 1643/3248 matched, players 4676/9207 matched
2026-08-24 01:32:43,231 INFO ncaa_identity: contest_id=315815 teams 1354/2733 matched, players 3799/7682 matched
2026-08-24 01:32:46,612 INFO ncaa_identity: contest_id=315951 teams 1391/2713 matched, players 3833/7657 matched
2026-08-24 01:32:50,263 INFO ncaa_identity: contest_id=316047 teams 1005/1996 matched, players 353/735 matched
2026-08-24 01:32:54,184 INFO ncaa_identity: contest_id=316168 teams 1961/1961 matched, players 5063/5523 matched
2026-08-24 01:32:57,203 INFO ncaa_identity: contest_id=316342 teams 2379/2379 matched, players 6188/6719 matched
2026-08-24 01:33:00,032 INFO ncaa_identity: contest_id=316379 teams 1187/2369 matched, players 2944/6642 matched
2026-08-24 01:33:04,083 INFO ncaa_identity: contest_id=316414 teams 2607/2607 matched, players 6785/7295 matched
2026-08-24 01:33:05,437 INFO ncaa_identity: contest_id=316437 teams 2250/2250 matched, players 6293/6341 matched
2026-08-24 01:33:06,790 INFO ncaa_identity: contest_id=316492 teams 1485/2959 matched, players 4161/8281 matched
2026-08-24 01:33:08,870 INFO ncaa_identity: contest_id=316518 teams 3028/3028 matched, players 8315/8499 matched
2026-08-24 01:33:10,786 INFO ncaa_identity: contest_id=316545 teams 2829/2829 matched, players 7536/7933 matched
2026-08-24 01:33:12,101 INFO ncaa_identity: contest_id=316597 teams 2753/2753 matched, players 6442/7785 matched
2026-08-24 01:33:13,572 INFO ncaa_identity: contest_id=316647 teams 2194/2194 matched, players 5695/6183 matched
2026-08-24 01:33:15,049 INFO ncaa_identity: contest_id=316676 teams 2540/2540 matched, players 7056/7104 matched
2026-08-24 01:33:16,723 INFO ncaa_identity: contest_id=316705 teams 2334/2334 matched, players 5624/6588 matched
2026-08-24 01:33:18,195 INFO ncaa_identity: contest_id=316721 teams 2698/2698 matched, players 7278/7599 matched
2026-08-24 01:33:19,858 INFO ncaa_identity: contest_id=316748 teams 1332/2595 matched, players 3131/7347 matched
2026-08-24 01:33:25,080 INFO ncaa_identity: contest_id=316872 teams 0/2433 matched, players 0/6848 matched
2026-08-24 01:33:28,364 INFO ncaa_identity: contest_id=316916 teams 0/2442 matched, players 0/6859 matched
2026-08-24 01:33:30,401 INFO ncaa_identity: contest_id=316933 teams 2541/2541 matched, players 6734/7151 matched
2026-08-24 01:33:31,903 INFO ncaa_identity: contest_id=316945 teams 2486/2486 matched, players 6353/6983 matched
2026-08-24 01:33:35,933 INFO ncaa_identity: contest_id=316985 teams 2645/2645 matched, players 6875/7406 matched
2026-08-24 01:33:37,448 INFO ncaa_identity: contest_id=317004 teams 2241/2241 matched, players 5718/6301 matched
2026-08-24 01:33:42,102 INFO ncaa_identity: contest_id=317053 teams 2088/2088 matched, players 4433/5877 matched
2026-08-24 01:33:43,817 INFO ncaa_identity: contest_id=317067 teams 2218/2218 matched, players 548/648 matched
2026-08-24 01:33:46,030 INFO ncaa_identity: contest_id=317081 teams 2393/2393 matched, players 6623/6709 matched
2026-08-24 01:33:49,231 INFO ncaa_identity: contest_id=317139 teams 2346/2346 matched, players 6051/6611 matched
2026-08-24 01:33:50,822 INFO ncaa_identity: contest_id=317166 teams 2389/2389 matched, players 6685/6732 matched
2026-08-24 01:33:55,934 INFO ncaa_identity: contest_id=317278 teams 2354/2354 matched, players 6263/6617 matched
2026-08-24 01:33:57,909 INFO ncaa_identity: contest_id=317298 teams 2913/2913 matched, players 705/855 matched
2026-08-24 01:33:59,997 INFO ncaa_identity: contest_id=317318 teams 2531/2531 matched, players 610/750 matched
2026-08-24 01:34:05,323 INFO ncaa_identity: contest_id=317395 teams 2796/2796 matched, players 7862/7913 matched
2026-08-24 01:34:06,745 INFO ncaa_identity: contest_id=317418 teams 2416/2416 matched, players 6630/6808 matched
2026-08-24 01:34:08,640 INFO ncaa_identity: contest_id=317437 teams 3030/3030 matched, players 8269/8571 matched
2026-08-24 01:34:10,344 INFO ncaa_identity: contest_id=317468 teams 2238/2238 matched, players 5771/6291 matched
2026-08-24 01:34:13,635 INFO ncaa_identity: contest_id=317511 teams 2707/2707 matched, players 7557/7610 matched
2026-08-24 01:34:15,638 INFO ncaa_identity: contest_id=317532 teams 1360/2685 matched, players 3612/7603 matched
2026-08-24 01:34:17,209 INFO ncaa_identity: contest_id=317563 teams 2163/2163 matched, players 5571/6075 matched
2026-08-24 01:34:19,536 INFO ncaa_identity: contest_id=317609 teams 1729/3323 matched, players 4940/9447 matched
2026-08-24 01:34:22,451 INFO ncaa_identity: contest_id=317654 teams 2082/2082 matched, players 5443/5886 matched
2026-08-24 01:34:26,256 INFO ncaa_identity: contest_id=317775 teams 2875/2875 matched, players 7889/8100 matched
2026-08-24 01:34:28,008 INFO ncaa_identity: contest_id=317794 teams 1253/2501 matched, players 3501/7052 matched
2026-08-24 01:34:30,983 INFO ncaa_identity: contest_id=317830 teams 2533/2533 matched, players 7103/7132 matched
2026-08-24 01:34:34,022 INFO ncaa_identity: contest_id=317915 teams 2319/2319 matched, players 6518/6551 matched
2026-08-24 01:34:35,888 INFO ncaa_identity: contest_id=317948 teams 2200/2200 matched, players 5861/6203 matched
2026-08-24 01:34:39,161 INFO ncaa_identity: contest_id=318010 teams 2326/2326 matched, players 6291/6546 matched
2026-08-24 01:34:40,684 INFO ncaa_identity: contest_id=318023 teams 2495/2495 matched, players 6770/7027 matched
2026-08-24 01:34:42,659 INFO ncaa_identity: contest_id=318071 teams 2279/2279 matched, players 5883/6354 matched
2026-08-24 01:34:44,510 INFO ncaa_identity: contest_id=318101 teams 2867/2867 matched, players 7996/8030 matched
2026-08-24 01:34:46,182 INFO ncaa_identity: contest_id=318119 teams 2227/2227 matched, players 6054/6268 matched
2026-08-24 01:34:47,611 INFO ncaa_identity: contest_id=318158 teams 2307/2307 matched, players 5813/6477 matched
2026-08-24 01:34:49,544 INFO ncaa_identity: contest_id=318214 teams 2669/2669 matched, players 7484/7577 matched
2026-08-24 01:34:53,192 INFO ncaa_identity: contest_id=318329 teams 2213/2213 matched, players 5224/6254 matched
2026-08-24 01:34:55,180 INFO ncaa_identity: contest_id=318371 teams 2102/2102 matched, players 5582/5893 matched
2026-08-24 01:34:57,163 INFO ncaa_identity: contest_id=318405 teams 1483/2937 matched, players 4189/8345 matched
2026-08-24 01:34:59,139 INFO ncaa_identity: contest_id=318450 teams 2272/2272 matched, players 785/792 matched
2026-08-24 01:35:00,932 INFO ncaa_identity: contest_id=318534 teams 2813/2813 matched, players 7551/7970 matched
2026-08-24 01:35:06,293 INFO ncaa_identity: contest_id=318596 teams 2603/2603 matched, players 7070/7335 matched
2026-08-24 01:35:11,495 INFO ncaa_identity: contest_id=318632 teams 2202/2202 matched, players 6048/6173 matched
2026-08-24 01:35:13,521 INFO ncaa_identity: contest_id=318646 teams 2035/2035 matched, players 5605/5728 matched
2026-08-24 01:35:15,301 INFO ncaa_identity: contest_id=318669 teams 2640/2640 matched, players 7046/7462 matched
2026-08-24 01:35:25,242 INFO ncaa_identity: contest_id=318883 teams 2286/2286 matched, players 4862/6474 matched
2026-08-24 01:35:28,572 INFO ncaa_identity: contest_id=318924 teams 2549/2549 matched, players 6915/7183 matched
2026-08-24 01:35:30,288 INFO ncaa_identity: contest_id=318960 teams 1196/2274 matched, players 3203/6366 matched
2026-08-24 01:35:36,082 INFO ncaa_identity: contest_id=319118 teams 2058/2058 matched, players 5060/5809 matched
2026-08-24 01:35:37,388 INFO ncaa_identity: contest_id=319153 teams 0/2523 matched, players 0/7117 matched
2026-08-24 01:35:38,923 INFO ncaa_identity: contest_id=319206 teams 2322/2322 matched, players 6156/6561 matched
2026-08-24 01:35:42,034 INFO ncaa_identity: contest_id=319317 teams 2448/2448 matched, players 6591/6888 matched
2026-08-24 01:35:47,721 INFO ncaa_identity: contest_id=319488 teams 2621/2621 matched, players 7122/7415 matched
2026-08-24 01:35:51,552 INFO ncaa_identity: contest_id=319534 teams 2500/2500 matched, players 6255/7040 matched
2026-08-24 01:35:53,158 INFO ncaa_identity: contest_id=319544 teams 2713/2713 matched, players 7419/7632 matched
2026-08-24 01:35:54,555 INFO ncaa_identity: contest_id=319556 teams 2384/2384 matched, players 6482/6743 matched
2026-08-24 01:35:56,215 INFO ncaa_identity: contest_id=319571 teams 1387/2776 matched, players 4009/7892 matched
2026-08-24 01:35:57,590 INFO ncaa_identity: contest_id=319586 teams 1386/2640 matched, players 3593/7393 matched
2026-08-24 01:36:00,453 INFO ncaa_identity: contest_id=319655 teams 1229/2501 matched, players 3493/7064 matched
2026-08-24 01:36:03,128 INFO ncaa_identity: contest_id=319712 teams 1103/2232 matched, players 3191/6325 matched
2026-08-24 01:36:04,640 INFO ncaa_identity: contest_id=319726 teams 2238/2238 matched, players 6021/6316 matched
2026-08-24 01:36:05,874 INFO ncaa_identity: contest_id=319777 teams 2358/2358 matched, players 5630/6639 matched
2026-08-24 01:36:07,648 INFO ncaa_identity: contest_id=319794 teams 2919/2919 matched, players 8009/8307 matched
2026-08-24 01:36:09,134 INFO ncaa_identity: contest_id=319829 teams 2449/2449 matched, players 6679/6896 matched
2026-08-24 01:36:13,710 INFO ncaa_identity: contest_id=319942 teams 2568/2568 matched, players 6878/7292 matched
2026-08-24 01:36:14,989 INFO ncaa_identity: contest_id=319988 teams 1278/2599 matched, players 3646/7328 matched
2026-08-24 01:36:16,917 INFO ncaa_identity: contest_id=320007 teams 2599/2599 matched, players 6762/7283 matched
2026-08-24 01:36:18,837 INFO ncaa_identity: contest_id=320048 teams 2498/2498 matched, players 6614/6998 matched
2026-08-24 01:36:20,882 INFO ncaa_identity: contest_id=320099 teams 2198/2198 matched, players 5709/6192 matched
2026-08-24 01:36:22,800 INFO ncaa_identity: contest_id=320115 teams 1339/2747 matched, players 3876/7747 matched
2026-08-24 01:36:24,952 INFO ncaa_identity: contest_id=320136 teams 2361/2361 matched, players 6343/6645 matched
2026-08-24 01:36:31,147 INFO ncaa_identity: contest_id=320210 teams 2464/2464 matched, players 6424/6948 matched
2026-08-24 01:36:37,285 INFO ncaa_identity: contest_id=320337 teams 2532/2532 matched, players 6875/7177 matched
2026-08-24 01:36:38,728 INFO ncaa_identity: contest_id=320353 teams 2585/2585 matched, players 6920/7261 matched
2026-08-24 01:36:40,343 INFO ncaa_identity: contest_id=320373 teams 2363/2363 matched, players 6006/6666 matched
2026-08-24 01:36:41,822 INFO ncaa_identity: contest_id=320383 teams 1301/2534 matched, players 3156/7134 matched
2026-08-24 01:36:50,107 INFO ncaa_identity: contest_id=320461 teams 2321/2321 matched, players 6184/6534 matched
2026-08-24 01:36:53,300 INFO ncaa_identity: contest_id=320484 teams 2268/2268 matched, players 5894/6349 matched
2026-08-24 01:36:54,539 INFO ncaa_identity: contest_id=320495 teams 2216/2216 matched, players 5354/6267 matched
2026-08-24 01:36:56,430 INFO ncaa_identity: contest_id=320506 teams 1262/2508 matched, players 3684/7146 matched
2026-08-24 01:36:58,068 INFO ncaa_identity: contest_id=320517 teams 2816/2816 matched, players 7289/7964 matched
2026-08-24 01:36:59,850 INFO ncaa_identity: contest_id=320538 teams 2251/2251 matched, players 6136/6333 matched
2026-08-24 01:37:01,670 INFO ncaa_identity: contest_id=320552 teams 2523/2523 matched, players 6897/7069 matched
2026-08-24 01:37:03,783 INFO ncaa_identity: contest_id=320564 teams 1401/2861 matched, players 3890/8084 matched
2026-08-24 01:37:05,571 INFO ncaa_identity: contest_id=320574 teams 2535/2535 matched, players 7039/7135 matched
2026-08-24 01:37:07,252 INFO ncaa_identity: contest_id=320585 teams 2368/2368 matched, players 6558/6641 matched
2026-08-24 01:37:12,254 INFO ncaa_identity: contest_id=320630 teams 1222/2354 matched, players 3336/6613 matched
2026-08-24 01:37:13,443 INFO ncaa_identity: contest_id=320642 teams 2179/2179 matched, players 5639/6197 matched
2026-08-24 01:37:16,650 INFO ncaa_identity: contest_id=320666 teams 2677/2677 matched, players 6531/7576 matched
2026-08-24 01:37:18,170 INFO ncaa_identity: contest_id=320687 teams 2010/2010 matched, players 5516/5654 matched
2026-08-24 01:37:26,834 INFO ncaa_identity: contest_id=320779 teams 2189/2189 matched, players 5838/6147 matched
2026-08-24 01:37:28,469 INFO ncaa_identity: contest_id=320797 teams 2384/2384 matched, players 6677/6743 matched
2026-08-24 01:37:30,230 INFO ncaa_identity: contest_id=320877 teams 2435/2435 matched, players 6479/6866 matched
2026-08-24 01:37:31,765 INFO ncaa_identity: contest_id=320914 teams 2632/2632 matched, players 7382/7493 matched
2026-08-24 01:37:33,620 INFO ncaa_identity: contest_id=320952 teams 2245/2245 matched, players 5944/6277 matched
2026-08-24 01:37:35,000 INFO ncaa_identity: contest_id=320972 teams 2228/2228 matched, players 5881/6291 matched
2026-08-24 01:37:36,702 INFO ncaa_identity: contest_id=321003 teams 2063/2063 matched, players 5732/5798 matched
2026-08-24 01:37:38,455 INFO ncaa_identity: contest_id=321077 teams 2515/2515 matched, players 6776/7026 matched
2026-08-24 01:37:44,079 INFO ncaa_identity: contest_id=321154 teams 1323/2584 matched, players 3649/7257 matched
2026-08-24 01:37:45,882 INFO ncaa_identity: contest_id=321173 teams 2744/2744 matched, players 7348/7717 matched
2026-08-24 01:37:49,196 INFO ncaa_identity: contest_id=321208 teams 2617/2617 matched, players 6441/7391 matched
2026-08-24 01:37:51,334 INFO ncaa_identity: contest_id=321231 teams 1165/2244 matched, players 3195/6309 matched
2026-08-24 01:37:54,532 INFO ncaa_identity: contest_id=321275 teams 2175/2175 matched, players 5326/6128 matched
2026-08-24 01:37:57,674 INFO ncaa_identity: contest_id=321296 teams 2066/2066 matched, players 5570/5836 matched
2026-08-24 01:38:01,194 INFO ncaa_identity: contest_id=321330 teams 2759/2759 matched, players 7220/7734 matched
2026-08-24 01:38:02,486 INFO ncaa_identity: contest_id=321355 teams 2394/2394 matched, players 6385/6759 matched
2026-08-24 01:38:04,262 INFO ncaa_identity: contest_id=321370 teams 2407/2407 matched, players 5949/6834 matched
2026-08-24 01:38:07,570 INFO ncaa_identity: contest_id=321481 teams 2372/2372 matched, players 6678/6693 matched
2026-08-24 01:38:10,850 INFO ncaa_identity: contest_id=321571 teams 3198/3198 matched, players 8603/9113 matched
2026-08-24 01:38:15,426 INFO ncaa_identity: contest_id=321643 teams 2343/2343 matched, players 6106/6647 matched
2026-08-24 01:38:18,909 INFO ncaa_identity: contest_id=321736 teams 2610/2610 matched, players 6352/7363 matched
2026-08-24 01:38:22,478 INFO ncaa_identity: contest_id=321773 teams 2917/2917 matched, players 7068/8310 matched
2026-08-24 01:38:27,575 INFO ncaa_identity: contest_id=321845 teams 2822/2822 matched, players 7247/8004 matched
2026-08-24 01:38:39,068 INFO ncaa_identity: contest_id=322143 teams 2272/2272 matched, players 6067/6408 matched
2026-08-24 01:38:40,573 INFO ncaa_identity: contest_id=322165 teams 2294/2294 matched, players 5435/6468 matched
2026-08-24 01:38:44,812 INFO ncaa_identity: contest_id=322232 teams 2270/2270 matched, players 5953/6345 matched
2026-08-24 01:38:46,659 INFO ncaa_identity: contest_id=322275 teams 2249/2249 matched, players 5944/6295 matched
2026-08-24 01:38:47,857 INFO ncaa_identity: contest_id=322346 teams 2087/2087 matched, players 5796/5819 matched
2026-08-24 01:38:52,439 INFO ncaa_identity: contest_id=322400 teams 2488/2488 matched, players 6212/7015 matched
2026-08-24 01:38:53,623 INFO ncaa_identity: contest_id=322413 teams 2528/2528 matched, players 6923/7127 matched
2026-08-24 01:38:57,143 INFO ncaa_identity: contest_id=322485 teams 2291/2291 matched, players 6030/6434 matched
2026-08-24 01:38:59,203 INFO ncaa_identity: contest_id=322520 teams 2452/2452 matched, players 6285/6882 matched
2026-08-24 01:39:04,315 INFO ncaa_identity: contest_id=322657 teams 2845/2845 matched, players 7698/8034 matched
2026-08-24 01:39:07,469 INFO ncaa_identity: contest_id=322728 teams 2622/2622 matched, players 6275/7362 matched
2026-08-24 01:39:10,724 INFO ncaa_identity: contest_id=322826 teams 2956/2956 matched, players 8104/8419 matched
2026-08-24 01:39:12,394 INFO ncaa_identity: contest_id=322867 teams 2351/2351 matched, players 6328/6626 matched
2026-08-24 01:39:13,931 INFO ncaa_identity: contest_id=322888 teams 2257/2257 matched, players 5859/6359 matched
2026-08-24 01:39:15,824 INFO ncaa_identity: contest_id=322912 teams 2455/2455 matched, players 6320/6855 matched
2026-08-24 01:39:18,481 INFO ncaa_identity: contest_id=322974 teams 2240/2240 matched, players 5423/6300 matched
2026-08-24 01:39:19,922 INFO ncaa_identity: contest_id=323007 teams 2241/2241 matched, players 5832/6312 matched
2026-08-24 01:39:21,587 INFO ncaa_identity: contest_id=323028 teams 2399/2399 matched, players 6290/6674 matched
2026-08-24 01:39:26,574 INFO ncaa_identity: contest_id=323176 teams 2887/2887 matched, players 6912/8128 matched
2026-08-24 01:39:27,783 INFO ncaa_identity: contest_id=323220 teams 2175/2175 matched, players 5632/6128 matched
2026-08-24 01:39:29,501 INFO ncaa_identity: contest_id=323243 teams 2230/2230 matched, players 6068/6313 matched
2026-08-24 01:39:36,092 INFO ncaa_identity: contest_id=323356 teams 2223/2223 matched, players 6201/6263 matched
2026-08-24 01:39:38,973 INFO ncaa_identity: contest_id=323446 teams 1096/2212 matched, players 2845/6228 matched
2026-08-24 01:39:48,946 INFO ncaa_identity: contest_id=323595 teams 2129/2129 matched, players 5857/6025 matched
2026-08-24 01:39:50,341 INFO ncaa_identity: contest_id=323627 teams 2483/2483 matched, players 6210/6961 matched
2026-08-24 01:39:53,943 INFO ncaa_identity: contest_id=323681 teams 2793/2793 matched, players 7618/7895 matched
2026-08-24 01:39:59,278 INFO ncaa_identity: contest_id=323842 teams 2364/2364 matched, players 6388/6616 matched
2026-08-24 01:40:03,327 INFO ncaa_identity: contest_id=323907 teams 2385/2385 matched, players 5953/6749 matched
2026-08-24 01:40:07,280 INFO ncaa_identity: contest_id=324009 teams 1038/2004 matched, players 2877/5643 matched
2026-08-24 01:40:08,625 INFO ncaa_identity: contest_id=324026 teams 2306/2306 matched, players 5892/6483 matched
2026-08-24 01:40:11,747 INFO ncaa_identity: contest_id=324060 teams 2396/2396 matched, players 6494/6744 matched
2026-08-24 01:40:15,357 INFO ncaa_identity: contest_id=324140 teams 2135/2135 matched, players 5258/6043 matched
2026-08-24 01:40:17,485 INFO ncaa_identity: contest_id=324160 teams 2183/2183 matched, players 5713/6155 matched
2026-08-24 01:40:20,956 INFO ncaa_identity: contest_id=324269 teams 2074/2074 matched, players 5480/5859 matched
2026-08-24 01:40:22,528 INFO ncaa_identity: contest_id=324312 teams 2761/2761 matched, players 7620/7768 matched
2026-08-24 01:40:31,102 INFO ncaa_identity: contest_id=324465 teams 2276/2276 matched, players 5328/6422 matched
2026-08-24 01:40:32,692 INFO ncaa_identity: contest_id=324484 teams 2542/2542 matched, players 7093/7146 matched
2026-08-24 01:40:39,741 INFO ncaa_identity: contest_id=324673 teams 2394/2394 matched, players 6187/6751 matched
2026-08-24 01:40:42,619 INFO ncaa_identity: contest_id=324700 teams 2308/2308 matched, players 6498/6535 matched
2026-08-24 01:40:44,241 INFO ncaa_identity: contest_id=324723 teams 2425/2425 matched, players 6456/6799 matched
2026-08-24 01:40:50,007 INFO ncaa_identity: contest_id=324911 teams 2298/2298 matched, players 6046/6500 matched
2026-08-24 01:40:51,375 INFO ncaa_identity: contest_id=324941 teams 2018/2018 matched, players 5342/5687 matched
2026-08-24 01:40:52,870 INFO ncaa_identity: contest_id=324961 teams 2131/2131 matched, players 5736/6021 matched
2026-08-24 01:40:56,203 INFO ncaa_identity: contest_id=325080 teams 2892/2892 matched, players 7233/8175 matched
2026-08-24 01:40:57,580 INFO ncaa_identity: contest_id=325100 teams 2415/2415 matched, players 6734/6797 matched
2026-08-24 01:40:59,027 INFO ncaa_identity: contest_id=325118 teams 2248/2248 matched, players 6111/6398 matched
2026-08-24 01:41:00,389 INFO ncaa_identity: contest_id=325130 teams 2301/2301 matched, players 6000/6459 matched
2026-08-24 01:41:05,763 INFO ncaa_identity: contest_id=325276 teams 2356/2356 matched, players 6389/6633 matched
2026-08-24 01:41:07,392 INFO ncaa_identity: contest_id=325301 teams 2812/2812 matched, players 7818/7907 matched
2026-08-24 01:41:11,122 INFO ncaa_identity: contest_id=325442 teams 2057/2057 matched, players 5551/5778 matched
2026-08-24 01:41:12,757 INFO ncaa_identity: contest_id=325468 teams 2614/2614 matched, players 7327/7438 matched
2026-08-24 01:41:15,981 INFO ncaa_identity: contest_id=325530 teams 2326/2326 matched, players 5772/6528 matched
2026-08-24 01:41:17,648 INFO ncaa_identity: contest_id=325548 teams 2028/2028 matched, players 5632/5634 matched
2026-08-24 01:41:21,123 INFO ncaa_identity: contest_id=325620 teams 2336/2336 matched, players 6174/6599 matched
2026-08-24 01:41:22,889 INFO ncaa_identity: contest_id=325695 teams 2518/2518 matched, players 6802/7066 matched
2026-08-24 01:41:24,468 INFO ncaa_identity: contest_id=325741 teams 2390/2390 matched, players 6267/6699 matched
2026-08-24 01:41:29,241 INFO ncaa_identity: contest_id=325781 teams 2642/2642 matched, players 7327/7466 matched
2026-08-24 01:41:32,316 INFO ncaa_identity: contest_id=325832 teams 2043/2043 matched, players 5723/5745 matched
2026-08-24 01:41:33,506 INFO ncaa_identity: contest_id=325848 teams 2037/2037 matched, players 5680/5745 matched
2026-08-24 01:41:35,336 INFO ncaa_identity: contest_id=325922 teams 2579/2579 matched, players 7229/7234 matched
2026-08-24 01:41:38,316 INFO ncaa_identity: contest_id=326027 teams 2234/2234 matched, players 6216/6242 matched
2026-08-24 01:41:43,062 INFO ncaa_identity: contest_id=326157 teams 2415/2415 matched, players 6559/6870 matched
2026-08-24 01:41:46,081 INFO ncaa_identity: contest_id=326221 teams 2525/2525 matched, players 7050/7154 matched
2026-08-24 01:41:48,937 INFO ncaa_identity: contest_id=326258 teams 2487/2487 matched, players 6519/7039 matched
2026-08-24 01:41:55,174 INFO ncaa_identity: contest_id=326390 teams 2113/2113 matched, players 5923/5938 matched
2026-08-24 01:41:58,201 INFO ncaa_identity: contest_id=326463 teams 1112/2243 matched, players 2917/6337 matched
2026-08-24 01:42:05,585 INFO ncaa_identity: contest_id=326648 teams 2242/2242 matched, players 6020/6313 matched
2026-08-24 01:42:11,711 INFO ncaa_identity: contest_id=326764 teams 2343/2343 matched, players 6115/6620 matched
2026-08-24 01:42:13,355 INFO ncaa_identity: contest_id=326840 teams 2454/2454 matched, players 6773/6953 matched
2026-08-24 01:42:17,667 INFO ncaa_identity: contest_id=326894 teams 2393/2393 matched, players 6325/6795 matched
2026-08-24 01:42:19,366 INFO ncaa_identity: contest_id=326906 teams 2204/2204 matched, players 6103/6194 matched
2026-08-24 01:42:20,994 INFO ncaa_identity: contest_id=326930 teams 2830/2830 matched, players 6822/7930 matched
2026-08-24 01:42:22,771 INFO ncaa_identity: contest_id=326944 teams 1327/2640 matched, players 3648/7453 matched
2026-08-24 01:42:27,156 INFO ncaa_identity: contest_id=327104 teams 2645/2645 matched, players 6386/7423 matched
2026-08-24 01:42:28,787 INFO ncaa_identity: contest_id=327134 teams 2366/2366 matched, players 6414/6712 matched
2026-08-24 01:42:39,139 INFO ncaa_identity: contest_id=327345 teams 2374/2374 matched, players 6189/6742 matched
2026-08-24 01:42:40,821 INFO ncaa_identity: contest_id=327379 teams 2488/2488 matched, players 6942/7006 matched
2026-08-24 01:42:44,391 INFO ncaa_identity: contest_id=327445 teams 2441/2441 matched, players 6803/6882 matched
2026-08-24 01:42:46,112 INFO ncaa_identity: contest_id=327481 teams 2642/2642 matched, players 7170/7456 matched
2026-08-24 01:42:51,457 INFO ncaa_identity: contest_id=327638 teams 2199/2199 matched, players 5501/6233 matched
2026-08-24 01:42:55,000 INFO ncaa_identity: contest_id=327685 teams 2628/2628 matched, players 7358/7422 matched
2026-08-24 01:42:56,466 INFO ncaa_identity: contest_id=327703 teams 2382/2382 matched, players 6490/6721 matched
2026-08-24 01:42:59,462 INFO ncaa_identity: contest_id=327756 teams 2343/2343 matched, players 6009/6567 matched
2026-08-24 01:43:01,153 INFO ncaa_identity: contest_id=327787 teams 1150/2325 matched, players 2986/6539 matched
2026-08-24 01:43:05,735 INFO ncaa_identity: contest_id=327944 teams 2710/2710 matched, players 7575/7620 matched
2026-08-24 01:43:08,764 INFO ncaa_identity: contest_id=327976 teams 2211/2211 matched, players 5809/6239 matched
2026-08-24 01:43:10,682 INFO ncaa_identity: contest_id=327987 teams 2311/2311 matched, players 6534/6548 matched
2026-08-24 01:43:14,151 INFO ncaa_identity: contest_id=328018 teams 2239/2239 matched, players 6245/6312 matched
2026-08-24 01:43:16,300 INFO ncaa_identity: contest_id=328039 teams 3412/3412 matched, players 8961/9675 matched
2026-08-24 01:43:17,686 INFO ncaa_identity: contest_id=328057 teams 2403/2403 matched, players 6456/6781 matched
2026-08-24 01:43:19,296 INFO ncaa_identity: contest_id=328113 teams 2128/2128 matched, players 5925/5981 matched
2026-08-24 01:43:20,867 INFO ncaa_identity: contest_id=328175 teams 1284/2564 matched, players 3735/7265 matched
2026-08-24 01:43:24,239 INFO ncaa_identity: contest_id=328249 teams 2693/2693 matched, players 7588/7600 matched
2026-08-24 01:43:26,963 INFO ncaa_identity: contest_id=328361 teams 2053/2053 matched, players 5304/5801 matched
2026-08-24 01:43:36,517 INFO ncaa_identity: contest_id=328507 teams 2112/2112 matched, players 5699/5954 matched
2026-08-24 01:43:37,901 INFO ncaa_identity: contest_id=328525 teams 1992/1992 matched, players 4618/5573 matched
2026-08-24 01:43:43,128 INFO ncaa_identity: contest_id=328663 teams 2122/2122 matched, players 869/902 matched
2026-08-24 01:43:44,701 INFO ncaa_identity: contest_id=328707 teams 2195/2195 matched, players 6115/6156 matched
2026-08-24 01:43:56,625 INFO ncaa_identity: contest_id=328869 teams 2580/2580 matched, players 6782/7322 matched
2026-08-24 01:44:01,042 INFO ncaa_identity: contest_id=329028 teams 2023/2023 matched, players 5639/5714 matched
2026-08-24 01:44:04,577 INFO ncaa_identity: contest_id=329051 teams 2403/2403 matched, players 6299/6814 matched
2026-08-24 01:44:07,887 INFO ncaa_identity: contest_id=329089 teams 2510/2510 matched, players 6239/7047 matched
2026-08-24 01:44:14,431 INFO ncaa_identity: contest_id=329238 teams 2496/2496 matched, players 6464/7030 matched
2026-08-24 01:44:17,425 INFO ncaa_identity: contest_id=329273 teams 1802/1802 matched, players 4665/5090 matched
2026-08-24 01:44:20,965 INFO ncaa_identity: contest_id=329351 teams 2070/2070 matched, players 5537/5847 matched
2026-08-24 01:44:22,457 INFO ncaa_identity: contest_id=329377 teams 2412/2412 matched, players 6180/6782 matched
2026-08-24 01:44:26,049 INFO ncaa_identity: contest_id=329409 teams 3159/3159 matched, players 8235/9000 matched
2026-08-24 01:44:27,584 INFO ncaa_identity: contest_id=329424 teams 2341/2341 matched, players 6429/6582 matched
2026-08-24 01:44:30,758 INFO ncaa_identity: contest_id=329501 teams 2484/2484 matched, players 6982/7022 matched
2026-08-24 01:44:34,724 INFO ncaa_identity: contest_id=329587 teams 1953/1953 matched, players 5095/5546 matched
2026-08-24 01:44:38,317 INFO ncaa_identity: contest_id=329633 teams 2288/2288 matched, players 6107/6454 matched
2026-08-24 01:44:40,151 INFO ncaa_identity: contest_id=329658 teams 2649/2649 matched, players 7380/7512 matched
2026-08-24 01:44:42,165 INFO ncaa_identity: contest_id=329669 teams 2727/2727 matched, players 7408/7685 matched
2026-08-24 01:44:43,499 INFO ncaa_identity: contest_id=329683 teams 1374/2692 matched, players 3912/7665 matched
2026-08-24 01:44:45,413 INFO ncaa_identity: contest_id=329698 teams 2393/2393 matched, players 5561/6764 matched
2026-08-24 01:44:46,639 INFO ncaa_identity: contest_id=329714 teams 2223/2223 matched, players 5567/6248 matched
2026-08-24 01:44:47,952 INFO ncaa_identity: contest_id=329728 teams 2052/2052 matched, players 5418/5783 matched
2026-08-24 01:45:00,026 INFO ncaa_identity: contest_id=329890 teams 2660/2660 matched, players 6925/7516 matched
2026-08-24 01:45:01,495 INFO ncaa_identity: contest_id=329919 teams 2512/2512 matched, players 6751/7079 matched
2026-08-24 01:45:04,549 INFO ncaa_identity: contest_id=329939 teams 2549/2549 matched, players 6738/7180 matched
2026-08-24 01:45:10,229 INFO ncaa_identity: contest_id=330005 teams 2173/2173 matched, players 5669/6120 matched
2026-08-24 01:45:13,593 INFO ncaa_identity: contest_id=330051 teams 2168/2168 matched, players 5820/6132 matched
2026-08-24 01:45:15,099 INFO ncaa_identity: contest_id=330061 teams 2215/2215 matched, players 5822/6247 matched
2026-08-24 01:45:17,251 INFO ncaa_identity: contest_id=330071 teams 2608/2608 matched, players 6948/7309 matched
2026-08-24 01:45:27,296 INFO ncaa_identity: contest_id=330176 teams 2667/2667 matched, players 7272/7493 matched
2026-08-24 01:45:40,685 INFO ncaa_identity: contest_id=330298 teams 1149/2257 matched, players 3179/6374 matched
2026-08-24 01:45:47,139 INFO ncaa_identity: contest_id=330391 teams 2059/2059 matched, players 5134/5794 matched
2026-08-24 01:46:01,508 INFO ncaa_identity: contest_id=330498 teams 1906/1906 matched, players 4921/5345 matched
2026-08-24 01:46:06,780 INFO ncaa_identity: contest_id=330533 teams 1173/2295 matched, players 3098/6416 matched
2026-08-24 01:46:08,365 INFO ncaa_identity: contest_id=330565 teams 1490/2901 matched, players 4116/8231 matched
2026-08-24 01:46:10,120 INFO ncaa_identity: contest_id=330580 teams 2288/2288 matched, players 6204/6470 matched
2026-08-24 01:46:21,555 INFO ncaa_identity: contest_id=330694 teams 2549/2549 matched, players 6861/7169 matched
2026-08-24 01:46:24,857 INFO ncaa_identity: contest_id=330716 teams 2446/2446 matched, players 5881/6913 matched
2026-08-24 01:46:30,067 INFO ncaa_identity: contest_id=330748 teams 2387/2387 matched, players 6154/6713 matched
2026-08-24 01:46:35,851 INFO ncaa_identity: contest_id=330795 teams 2430/2430 matched, players 6727/6862 matched
2026-08-24 01:46:35,944 INFO 5 starters not found for period 3; using estimate
2026-08-24 01:46:39,071 INFO ncaa_identity: contest_id=26465 teams 0/2145 matched, players 0/6022 matched
2026-08-24 01:46:43,239 INFO ncaa_identity: contest_id=26490 teams 2531/2531 matched, players 6908/7144 matched
2026-08-24 01:46:48,372 INFO ncaa_identity: contest_id=26535 teams 2693/2693 matched, players 6986/7573 matched
2026-08-24 01:46:52,248 INFO ncaa_identity: contest_id=26564 teams 1430/2800 matched, players 3634/7859 matched
2026-08-24 01:46:57,530 INFO ncaa_identity: contest_id=26602 teams 2344/2344 matched, players 6094/6572 matched
2026-08-24 01:46:59,257 INFO ncaa_identity: contest_id=26614 teams 3341/3341 matched, players 9040/9469 matched
2026-08-24 01:47:00,725 INFO ncaa_identity: contest_id=26626 teams 1122/2192 matched, players 3126/6121 matched
2026-08-24 01:47:02,507 INFO ncaa_identity: contest_id=26650 teams 1316/2668 matched, players 3770/7532 matched
2026-08-24 01:47:07,622 INFO ncaa_identity: contest_id=26785 teams 2462/2462 matched, players 6471/6926 matched
2026-08-24 01:47:11,591 INFO ncaa_identity: contest_id=26886 teams 1423/2783 matched, players 3620/7859 matched
2026-08-24 01:47:13,528 INFO 5 starters not found for period 5; using estimate
2026-08-24 01:47:16,777 INFO ncaa_identity: contest_id=26924 teams 1418/2790 matched, players 3928/7821 matched
2026-08-24 01:47:18,358 INFO ncaa_identity: contest_id=26936 teams 2570/2570 matched, players 6836/7261 matched
2026-08-24 01:47:20,203 INFO ncaa_identity: contest_id=26947 teams 2394/2394 matched, players 5935/6736 matched
2026-08-24 01:47:21,654 INFO ncaa_identity: contest_id=26976 teams 1347/2634 matched, players 3521/7380 matched
2026-08-24 01:47:24,863 INFO ncaa_identity: contest_id=27002 teams 2287/2287 matched, players 6312/6456 matched
2026-08-24 01:47:26,756 INFO ncaa_identity: contest_id=27014 teams 1392/2770 matched, players 3854/7753 matched
2026-08-24 01:47:33,363 INFO ncaa_identity: contest_id=27077 teams 2053/2053 matched, players 5114/5757 matched
2026-08-24 01:47:36,797 INFO ncaa_identity: contest_id=27116 teams 2722/2722 matched, players 7075/7675 matched
2026-08-24 01:47:38,801 INFO ncaa_identity: contest_id=27166 teams 2745/2745 matched, players 7411/7786 matched
2026-08-24 01:47:44,006 INFO ncaa_identity: contest_id=27267 teams 1234/2488 matched, players 3552/7036 matched
2026-08-24 01:47:50,608 INFO ncaa_identity: contest_id=27402 teams 1197/2510 matched, players 3003/7096 matched
2026-08-24 01:47:52,389 INFO ncaa_identity: contest_id=27417 teams 2355/2355 matched, players 5907/6655 matched
2026-08-24 01:47:57,014 INFO ncaa_identity: contest_id=27498 teams 1235/2411 matched, players 3038/6779 matched
2026-08-24 01:48:00,205 INFO ncaa_identity: contest_id=27552 teams 2192/2192 matched, players 5549/6215 matched
2026-08-24 01:48:01,846 INFO ncaa_identity: contest_id=27578 teams 2228/2228 matched, players 5809/6285 matched
2026-08-24 01:48:03,296 INFO ncaa_identity: contest_id=27674 teams 2226/2226 matched, players 5891/6281 matched
2026-08-24 01:48:05,187 INFO ncaa_identity: contest_id=27738 teams 2752/2752 matched, players 7335/7847 matched
2026-08-24 01:48:09,923 INFO ncaa_identity: contest_id=27855 teams 1979/1979 matched, players 5312/5588 matched
2026-08-24 01:48:13,764 INFO ncaa_identity: contest_id=28065 teams 2677/2677 matched, players 7215/7539 matched
2026-08-24 01:48:15,443 INFO ncaa_identity: contest_id=28080 teams 2052/2052 matched, players 5416/5711 matched
2026-08-24 01:48:20,605 INFO ncaa_identity: contest_id=28126 teams 2157/2157 matched, players 5832/6094 matched
2026-08-24 01:48:22,751 INFO ncaa_identity: contest_id=28141 teams 1396/2670 matched, players 3713/7491 matched
2026-08-24 01:48:24,059 INFO ncaa_identity: contest_id=28160 teams 2501/2501 matched, players 6506/7036 matched
2026-08-24 01:48:25,759 INFO ncaa_identity: contest_id=28226 teams 2324/2324 matched, players 6472/6514 matched
2026-08-24 01:48:28,792 INFO ncaa_identity: contest_id=28259 teams 1973/1973 matched, players 5123/5605 matched
2026-08-24 01:48:33,923 INFO ncaa_identity: contest_id=28392 teams 1350/2598 matched, players 3659/7277 matched
2026-08-24 01:48:36,066 INFO ncaa_identity: contest_id=28438 teams 1353/2610 matched, players 3762/7308 matched
2026-08-24 01:48:37,375 INFO ncaa_identity: contest_id=28488 teams 2071/2071 matched, players 5732/5827 matched
2026-08-24 01:48:42,440 INFO ncaa_identity: contest_id=28590 teams 2511/2511 matched, players 6177/7086 matched
2026-08-24 01:48:45,825 INFO ncaa_identity: contest_id=28624 teams 1274/2451 matched, players 3513/6900 matched
2026-08-24 01:48:49,408 INFO ncaa_identity: contest_id=28658 teams 2994/2994 matched, players 8156/8489 matched
2026-08-24 01:48:51,139 INFO ncaa_identity: contest_id=28669 teams 1159/2477 matched, players 3466/7025 matched
2026-08-24 01:48:56,655 INFO ncaa_identity: contest_id=28718 teams 2469/2469 matched, players 6796/6964 matched
2026-08-24 01:48:58,007 INFO ncaa_identity: contest_id=28738 teams 2228/2228 matched, players 5942/6287 matched
2026-08-24 01:48:59,675 INFO ncaa_identity: contest_id=28750 teams 2140/2140 matched, players 5736/6040 matched
2026-08-24 01:49:04,488 INFO ncaa_identity: contest_id=28795 teams 2562/2562 matched, players 6846/7299 matched
2026-08-24 01:49:07,822 INFO ncaa_identity: contest_id=28863 teams 1138/2209 matched, players 3129/6213 matched
2026-08-24 01:49:16,321 INFO ncaa_identity: contest_id=28996 teams 2206/2206 matched, players 5930/6252 matched
2026-08-24 01:49:17,661 INFO ncaa_identity: contest_id=29015 teams 1009/2009 matched, players 2919/5649 matched
2026-08-24 01:49:19,644 INFO ncaa_identity: contest_id=29029 teams 2434/2434 matched, players 6173/6902 matched
2026-08-24 01:49:21,746 INFO ncaa_identity: contest_id=29040 teams 3039/3039 matched, players 7993/8576 matched
2026-08-24 01:49:23,174 INFO ncaa_identity: contest_id=29081 teams 2661/2661 matched, players 6894/7533 matched
2026-08-24 01:49:26,506 INFO ncaa_identity: contest_id=29137 teams 2802/2802 matched, players 7578/7917 matched
2026-08-24 01:49:29,860 INFO ncaa_identity: contest_id=29178 teams 2327/2327 matched, players 6418/6595 matched
2026-08-24 01:49:31,348 INFO ncaa_identity: contest_id=29191 teams 2088/2088 matched, players 5566/5876 matched
2026-08-24 01:49:36,402 INFO ncaa_identity: contest_id=29298 teams 2284/2284 matched, players 5670/6464 matched
2026-08-24 01:49:37,793 INFO ncaa_identity: contest_id=29322 teams 1155/2178 matched, players 3180/6197 matched
2026-08-24 01:49:39,149 INFO ncaa_identity: contest_id=29346 teams 1280/2482 matched, players 3529/7037 matched
2026-08-24 01:49:41,064 INFO ncaa_identity: contest_id=29390 teams 2831/2831 matched, players 7683/7979 matched
2026-08-24 01:49:42,520 INFO ncaa_identity: contest_id=29438 teams 2496/2496 matched, players 6535/7057 matched
2026-08-24 01:49:45,897 INFO ncaa_identity: contest_id=29498 teams 2530/2530 matched, players 6708/7095 matched
2026-08-24 01:49:51,976 INFO ncaa_identity: contest_id=29640 teams 2357/2357 matched, players 6126/6653 matched
2026-08-24 01:49:54,184 INFO ncaa_identity: contest_id=29657 teams 2595/2595 matched, players 7020/7339 matched
2026-08-24 01:49:55,814 INFO ncaa_identity: contest_id=29695 teams 2534/2534 matched, players 7008/7161 matched
2026-08-24 01:49:59,539 INFO ncaa_identity: contest_id=29739 teams 1317/2614 matched, players 3617/7328 matched
2026-08-24 01:50:01,291 INFO ncaa_identity: contest_id=29756 teams 2405/2405 matched, players 6148/6817 matched
2026-08-24 01:50:04,730 INFO ncaa_identity: contest_id=29834 teams 3010/3010 matched, players 8011/8549 matched
2026-08-24 01:50:09,550 INFO ncaa_identity: contest_id=29937 teams 2569/2569 matched, players 6498/7268 matched
2026-08-24 01:50:11,365 INFO ncaa_identity: contest_id=29981 teams 2614/2614 matched, players 7256/7384 matched
2026-08-24 01:50:14,332 INFO ncaa_identity: contest_id=30097 teams 2606/2606 matched, players 6855/7402 matched
2026-08-24 01:50:17,642 INFO ncaa_identity: contest_id=30219 teams 2536/2536 matched, players 6660/7158 matched
2026-08-24 01:50:19,699 INFO ncaa_identity: contest_id=30304 teams 2363/2363 matched, players 6237/6672 matched
2026-08-24 01:50:21,356 INFO ncaa_identity: contest_id=30315 teams 2521/2521 matched, players 6590/7081 matched
2026-08-24 01:50:28,087 INFO ncaa_identity: contest_id=30367 teams 2242/2242 matched, players 6106/6315 matched
2026-08-24 01:50:29,747 INFO ncaa_identity: contest_id=30379 teams 2369/2369 matched, players 5918/6696 matched
2026-08-24 01:50:33,053 INFO ncaa_identity: contest_id=30434 teams 1465/2787 matched, players 3799/7851 matched
2026-08-24 01:50:34,814 INFO ncaa_identity: contest_id=30452 teams 2249/2249 matched, players 6096/6303 matched
2026-08-24 01:50:36,394 INFO ncaa_identity: contest_id=30476 teams 2399/2399 matched, players 6369/6767 matched
2026-08-24 01:50:38,058 INFO ncaa_identity: contest_id=30506 teams 1151/2368 matched, players 3320/6649 matched
2026-08-24 01:50:43,455 INFO ncaa_identity: contest_id=30618 teams 2732/2732 matched, players 7562/7747 matched
2026-08-24 01:50:45,307 INFO ncaa_identity: contest_id=30656 teams 2368/2368 matched, players 6322/6727 matched
2026-08-24 01:50:46,798 INFO ncaa_identity: contest_id=30682 teams 2404/2404 matched, players 6791/6811 matched
2026-08-24 01:50:51,728 INFO ncaa_identity: contest_id=30789 teams 2376/2376 matched, players 6352/6702 matched
2026-08-24 01:50:54,808 INFO ncaa_identity: contest_id=30843 teams 2064/2064 matched, players 5572/5822 matched
2026-08-24 01:51:00,527 INFO ncaa_identity: contest_id=30950 teams 1118/2215 matched, players 2613/6236 matched
2026-08-24 01:51:07,136 INFO ncaa_identity: contest_id=31122 teams 2172/2172 matched, players 5104/6155 matched
2026-08-24 01:51:09,978 INFO ncaa_identity: contest_id=31262 teams 2549/2549 matched, players 6795/7201 matched
2026-08-24 01:51:11,402 INFO ncaa_identity: contest_id=31281 teams 1478/2819 matched, players 2704/7978 matched
2026-08-24 01:51:13,437 INFO ncaa_identity: contest_id=31295 teams 2687/2687 matched, players 7548/7588 matched
2026-08-24 01:51:16,483 INFO 5 starters not found for period 5; using estimate
2026-08-24 01:51:19,957 INFO ncaa_identity: contest_id=31344 teams 1265/2529 matched, players 3252/7135 matched
2026-08-24 01:51:22,337 INFO ncaa_identity: contest_id=31367 teams 1803/3397 matched, players 4434/9611 matched
2026-08-24 01:51:24,029 INFO ncaa_identity: contest_id=31389 teams 2235/2235 matched, players 5842/6305 matched
2026-08-24 01:51:25,817 INFO ncaa_identity: contest_id=31429 teams 2556/2556 matched, players 6837/7224 matched
2026-08-24 01:51:27,368 INFO ncaa_identity: contest_id=31469 teams 1249/2437 matched, players 3432/6855 matched
2026-08-24 01:51:30,810 INFO ncaa_identity: contest_id=31555 teams 1185/2345 matched, players 3330/6658 matched
2026-08-24 01:51:32,593 INFO ncaa_identity: contest_id=31582 teams 2470/2470 matched, players 6530/6971 matched
2026-08-24 01:51:36,236 INFO ncaa_identity: contest_id=31635 teams 2713/2713 matched, players 7605/7624 matched
2026-08-24 01:51:38,096 INFO ncaa_identity: contest_id=31711 teams 2558/2558 matched, players 6376/7220 matched
2026-08-24 01:51:39,502 INFO ncaa_identity: contest_id=31738 teams 2161/2161 matched, players 5351/6088 matched
2026-08-24 01:51:41,891 INFO ncaa_identity: contest_id=31765 teams 1335/2512 matched, players 3416/7062 matched
2026-08-24 01:51:44,777 INFO ncaa_identity: contest_id=31860 teams 1980/1980 matched, players 5055/5543 matched
2026-08-24 01:51:46,064 INFO ncaa_identity: contest_id=31876 teams 2256/2256 matched, players 5546/6339 matched
2026-08-24 01:51:49,306 INFO ncaa_identity: contest_id=31906 teams 2232/2232 matched, players 5766/6295 matched
2026-08-24 01:51:54,619 INFO ncaa_identity: contest_id=31953 teams 1961/1961 matched, players 5312/5496 matched
2026-08-24 01:51:55,971 INFO ncaa_identity: contest_id=31985 teams 1166/2268 matched, players 3215/6364 matched
2026-08-24 01:51:57,669 INFO ncaa_identity: contest_id=32016 teams 2412/2412 matched, players 6485/6801 matched
2026-08-24 01:51:59,286 INFO ncaa_identity: contest_id=32048 teams 1373/2789 matched, players 3825/7832 matched
2026-08-24 01:52:02,558 INFO ncaa_identity: contest_id=32123 teams 2006/2006 matched, players 5275/5694 matched
2026-08-24 01:52:07,824 INFO ncaa_identity: contest_id=32210 teams 1384/2806 matched, players 3920/7891 matched
2026-08-24 01:52:09,580 INFO ncaa_identity: contest_id=32255 teams 2392/2392 matched, players 5282/6782 matched
2026-08-24 01:52:13,006 INFO ncaa_identity: contest_id=32277 teams 2414/2414 matched, players 6478/6780 matched
2026-08-24 01:52:14,281 INFO ncaa_identity: contest_id=32293 teams 2191/2191 matched, players 6111/6191 matched
2026-08-24 01:52:16,280 INFO ncaa_identity: contest_id=32306 teams 1639/3294 matched, players 4193/9444 matched
2026-08-24 01:52:17,563 INFO ncaa_identity: contest_id=32326 teams 1957/1957 matched, players 5070/5484 matched
2026-08-24 01:52:20,940 INFO ncaa_identity: contest_id=32364 teams 1560/3095 matched, players 4346/8743 matched
2026-08-24 01:52:24,161 INFO ncaa_identity: contest_id=32385 teams 2158/2158 matched, players 5722/6062 matched
2026-08-24 01:52:25,742 INFO ncaa_identity: contest_id=32395 teams 2029/2029 matched, players 5679/5697 matched
2026-08-24 01:52:31,613 INFO ncaa_identity: contest_id=32447 teams 1204/2265 matched, players 3229/6396 matched
2026-08-24 01:52:34,957 INFO ncaa_identity: contest_id=32476 teams 2389/2389 matched, players 6456/6752 matched
2026-08-24 01:52:36,792 INFO ncaa_identity: contest_id=32491 teams 2912/2912 matched, players 7815/8209 matched
2026-08-24 01:52:41,765 INFO ncaa_identity: contest_id=32525 teams 2400/2400 matched, players 6708/6780 matched
2026-08-24 01:52:45,149 INFO ncaa_identity: contest_id=32546 teams 2502/2502 matched, players 6693/7093 matched
2026-08-24 01:52:48,159 INFO ncaa_identity: contest_id=32567 teams 1072/2103 matched, players 2984/5917 matched
2026-08-24 01:52:49,704 INFO ncaa_identity: contest_id=32578 teams 2347/2347 matched, players 6420/6614 matched
2026-08-24 01:52:51,408 INFO ncaa_identity: contest_id=32602 teams 2023/2023 matched, players 5307/5668 matched
2026-08-24 01:52:52,973 INFO ncaa_identity: contest_id=32621 teams 2058/2058 matched, players 5552/5790 matched
2026-08-24 01:52:56,884 INFO ncaa_identity: contest_id=32658 teams 2949/2949 matched, players 7769/8316 matched
2026-08-24 01:52:59,824 INFO ncaa_identity: contest_id=32722 teams 2401/2401 matched, players 6407/6789 matched
2026-08-24 01:53:04,142 INFO ncaa_identity: contest_id=32824 teams 1683/1683 matched, players 532/542 matched
2026-08-24 01:53:05,692 INFO ncaa_identity: contest_id=32846 teams 2570/2570 matched, players 7062/7306 matched
2026-08-24 01:53:12,394 INFO ncaa_identity: contest_id=33057 teams 2737/2737 matched, players 6678/7727 matched
2026-08-24 01:53:15,788 INFO ncaa_identity: contest_id=33088 teams 2442/2442 matched, players 6232/6864 matched
2026-08-24 01:53:18,962 INFO ncaa_identity: contest_id=33116 teams 2438/2438 matched, players 6855/6889 matched
2026-08-24 01:53:26,511 INFO ncaa_identity: contest_id=33232 teams 1211/2420 matched, players 3412/6839 matched
2026-08-24 01:53:29,756 INFO ncaa_identity: contest_id=33311 teams 2792/2792 matched, players 7443/7869 matched
2026-08-24 01:53:33,689 INFO ncaa_identity: contest_id=33381 teams 2866/2866 matched, players 7023/8060 matched
2026-08-24 01:53:35,044 INFO ncaa_identity: contest_id=33407 teams 2162/2162 matched, players 5945/6074 matched
2026-08-24 01:53:41,289 INFO ncaa_identity: contest_id=33544 teams 2222/2222 matched, players 5917/6266 matched
2026-08-24 01:53:50,213 INFO ncaa_identity: contest_id=33699 teams 2274/2274 matched, players 5866/6387 matched
2026-08-24 01:53:51,557 INFO ncaa_identity: contest_id=33744 teams 2457/2457 matched, players 6315/6899 matched
2026-08-24 01:53:53,639 INFO ncaa_identity: contest_id=33770 teams 2348/2348 matched, players 4827/6677 matched
2026-08-24 01:53:55,113 INFO ncaa_identity: contest_id=33826 teams 2393/2393 matched, players 6486/6715 matched
2026-08-24 01:54:01,263 INFO ncaa_identity: contest_id=33945 teams 2209/2209 matched, players 5618/6185 matched
2026-08-24 01:54:03,117 INFO ncaa_identity: contest_id=33986 teams 1542/3070 matched, players 4269/8657 matched
2026-08-24 01:54:04,174 INFO ncaa_identity: contest_id=34021 teams 2154/2154 matched, players 5498/6118 matched
2026-08-24 01:54:06,004 INFO ncaa_identity: contest_id=34062 teams 2075/2075 matched, players 5287/5840 matched
2026-08-24 01:54:09,412 INFO ncaa_identity: contest_id=34166 teams 2605/2605 matched, players 7053/7373 matched
2026-08-24 01:54:12,710 INFO ncaa_identity: contest_id=34193 teams 2188/2188 matched, players 6038/6196 matched
2026-08-24 01:54:17,150 INFO ncaa_identity: contest_id=34245 teams 2346/2346 matched, players 5900/6588 matched
2026-08-24 01:54:19,138 INFO ncaa_identity: contest_id=34275 teams 2802/2802 matched, players 7512/7924 matched
2026-08-24 01:54:25,312 INFO ncaa_identity: contest_id=34467 teams 1043/2079 matched, players 2910/5921 matched
2026-08-24 01:54:26,998 INFO ncaa_identity: contest_id=34523 teams 3003/3003 matched, players 8117/8450 matched
2026-08-24 01:54:28,668 INFO ncaa_identity: contest_id=34595 teams 2407/2407 matched, players 5382/6786 matched
2026-08-24 01:54:33,334 INFO ncaa_identity: contest_id=34671 teams 2210/2210 matched, players 5897/6229 matched
2026-08-24 01:54:36,520 INFO ncaa_identity: contest_id=34708 teams 2291/2291 matched, players 5505/6451 matched
2026-08-24 01:54:45,937 INFO ncaa_identity: contest_id=34923 teams 1237/2406 matched, players 3387/6748 matched
2026-08-24 01:54:48,947 INFO ncaa_identity: contest_id=34985 teams 2154/2154 matched, players 5840/6092 matched
2026-08-24 01:54:53,721 INFO ncaa_identity: contest_id=35097 teams 2675/2675 matched, players 7040/7557 matched
2026-08-24 01:54:55,123 INFO ncaa_identity: contest_id=35133 teams 2572/2572 matched, players 6745/7273 matched
2026-08-24 01:54:57,059 INFO ncaa_identity: contest_id=35158 teams 2813/2813 matched, players 6707/7959 matched
2026-08-24 01:54:58,840 INFO ncaa_identity: contest_id=35194 teams 1841/1841 matched, players 577/649 matched
2026-08-24 01:55:03,789 INFO ncaa_identity: contest_id=35318 teams 2187/2187 matched, players 5636/6192 matched
2026-08-24 01:55:05,080 INFO ncaa_identity: contest_id=35330 teams 2098/2098 matched, players 5873/5922 matched
2026-08-24 01:55:06,869 INFO ncaa_identity: contest_id=35343 teams 2987/2987 matched, players 8346/8555 matched
2026-08-24 01:55:08,689 INFO ncaa_identity: contest_id=35383 teams 2548/2548 matched, players 6398/7154 matched
2026-08-24 01:55:11,693 INFO ncaa_identity: contest_id=35440 teams 2528/2528 matched, players 6909/7127 matched
2026-08-24 01:55:18,318 INFO ncaa_identity: contest_id=35668 teams 1008/2001 matched, players 2823/5634 matched
2026-08-24 01:55:26,110 INFO ncaa_identity: contest_id=35825 teams 2187/2187 matched, players 5651/6199 matched
2026-08-24 01:55:27,365 INFO ncaa_identity: contest_id=35845 teams 2173/2173 matched, players 5764/6134 matched
2026-08-24 01:55:30,538 INFO ncaa_identity: contest_id=35915 teams 2496/2496 matched, players 6788/7044 matched
2026-08-24 01:55:32,270 INFO ncaa_identity: contest_id=35958 teams 2161/2161 matched, players 5131/6134 matched
2026-08-24 01:55:35,611 INFO ncaa_identity: contest_id=36024 teams 2271/2271 matched, players 6307/6368 matched
2026-08-24 01:55:37,162 INFO ncaa_identity: contest_id=36059 teams 2500/2500 matched, players 6607/7018 matched
2026-08-24 01:55:42,350 INFO ncaa_identity: contest_id=36169 teams 3063/3063 matched, players 8584/8637 matched
2026-08-24 01:55:44,206 INFO ncaa_identity: contest_id=36201 teams 2556/2556 matched, players 6581/7218 matched
2026-08-24 01:55:47,394 INFO ncaa_identity: contest_id=36288 teams 2424/2424 matched, players 6548/6762 matched
2026-08-24 01:55:48,696 INFO ncaa_identity: contest_id=36325 teams 2425/2425 matched, players 6485/6834 matched
2026-08-24 01:55:53,264 INFO ncaa_identity: contest_id=36421 teams 2374/2374 matched, players 6368/6747 matched
2026-08-24 01:56:01,488 INFO ncaa_identity: contest_id=36512 teams 2404/2404 matched, players 6302/6795 matched
2026-08-24 01:56:06,493 INFO ncaa_identity: contest_id=36679 teams 2729/2729 matched, players 7258/7732 matched
2026-08-24 01:56:07,655 INFO ncaa_identity: contest_id=36724 teams 1947/1947 matched, players 5502/5519 matched
2026-08-24 01:56:14,270 INFO ncaa_identity: contest_id=36875 teams 2588/2588 matched, players 6874/7274 matched
2026-08-24 01:56:17,663 INFO ncaa_identity: contest_id=36929 teams 2659/2659 matched, players 7239/7482 matched
2026-08-24 01:56:24,366 INFO ncaa_identity: contest_id=37103 teams 2472/2472 matched, players 6902/6983 matched
2026-08-24 01:56:28,562 INFO ncaa_identity: contest_id=37211 teams 2330/2330 matched, players 6277/6614 matched
2026-08-24 01:56:31,220 INFO ncaa_identity: contest_id=37286 teams 2938/2938 matched, players 7804/8350 matched
2026-08-24 01:56:35,637 INFO ncaa_identity: contest_id=37390 teams 2051/2051 matched, players 5486/5777 matched
2026-08-24 01:56:41,343 INFO ncaa_identity: contest_id=37528 teams 2102/2102 matched, players 5378/5943 matched
2026-08-24 01:56:44,327 INFO ncaa_identity: contest_id=37556 teams 2813/2813 matched, players 7453/7877 matched
2026-08-24 01:56:51,204 INFO ncaa_identity: contest_id=37773 teams 1883/1883 matched, players 4908/5307 matched
2026-08-24 01:56:55,919 INFO ncaa_identity: contest_id=37906 teams 2372/2372 matched, players 5816/6677 matched
2026-08-24 01:56:59,093 INFO ncaa_identity: contest_id=37954 teams 2143/2143 matched, players 5623/6050 matched
2026-08-24 01:57:02,081 INFO ncaa_identity: contest_id=38007 teams 2217/2217 matched, players 5769/6234 matched
2026-08-24 01:57:03,365 INFO ncaa_identity: contest_id=38020 teams 2154/2154 matched, players 5804/6095 matched
2026-08-24 01:57:05,244 INFO ncaa_identity: contest_id=38048 teams 2648/2648 matched, players 7374/7441 matched
2026-08-24 01:57:12,261 INFO ncaa_identity: contest_id=38221 teams 2177/2177 matched, players 5913/6133 matched
2026-08-24 01:57:13,903 INFO ncaa_identity: contest_id=38256 teams 2637/2637 matched, players 6500/7451 matched
2026-08-24 01:57:19,943 INFO ncaa_identity: contest_id=38422 teams 2085/2085 matched, players 5570/5861 matched
2026-08-24 01:57:21,191 INFO ncaa_identity: contest_id=38445 teams 2457/2457 matched, players 6537/6930 matched
2026-08-24 01:57:29,674 INFO ncaa_identity: contest_id=38641 teams 2453/2453 matched, players 6681/6854 matched
2026-08-24 01:57:34,053 INFO ncaa_identity: contest_id=38691 teams 2326/2326 matched, players 6324/6554 matched
2026-08-24 01:57:38,180 INFO ncaa_identity: contest_id=38814 teams 2210/2210 matched, players 5754/6188 matched
2026-08-24 01:57:39,320 INFO ncaa_identity: contest_id=38850 teams 1926/1926 matched, players 5264/5453 matched
2026-08-24 01:57:42,699 INFO ncaa_identity: contest_id=38909 teams 2361/2361 matched, players 6218/6670 matched
2026-08-24 01:57:47,148 INFO ncaa_identity: contest_id=39043 teams 2050/2050 matched, players 5472/5786 matched
2026-08-24 01:57:51,491 INFO ncaa_identity: contest_id=39117 teams 2255/2255 matched, players 5584/6378 matched
2026-08-24 01:57:52,923 INFO ncaa_identity: contest_id=39160 teams 1868/1868 matched, players 5190/5228 matched
2026-08-24 01:57:56,195 INFO ncaa_identity: contest_id=39213 teams 2289/2289 matched, players 6407/6418 matched
2026-08-24 01:57:57,495 INFO ncaa_identity: contest_id=39257 teams 2497/2497 matched, players 6754/7054 matched
2026-08-24 01:58:00,612 INFO ncaa_identity: contest_id=39336 teams 2317/2317 matched, players 6181/6560 matched
2026-08-24 01:58:03,636 INFO ncaa_identity: contest_id=39405 teams 2232/2232 matched, players 4695/6325 matched
2026-08-24 01:58:05,157 INFO ncaa_identity: contest_id=39440 teams 2199/2199 matched, players 5864/6197 matched
2026-08-24 01:58:06,276 INFO ncaa_identity: contest_id=39473 teams 1219/2452 matched, players 3477/6935 matched
2026-08-24 01:58:07,815 INFO ncaa_identity: contest_id=39508 teams 2209/2209 matched, players 5797/6265 matched
2026-08-24 01:58:15,137 INFO ncaa_identity: contest_id=39716 teams 2546/2546 matched, players 6600/7208 matched
2026-08-24 01:58:16,215 INFO ncaa_identity: contest_id=39729 teams 2202/2202 matched, players 6123/6204 matched
2026-08-24 01:58:24,177 INFO ncaa_identity: contest_id=39809 teams 2564/2564 matched, players 6677/7229 matched
2026-08-24 01:58:25,490 INFO ncaa_identity: contest_id=39859 teams 2525/2525 matched, players 6974/7118 matched
2026-08-24 01:58:30,660 INFO ncaa_identity: contest_id=40006 teams 2376/2376 matched, players 6044/6677 matched
2026-08-24 01:58:36,369 INFO ncaa_identity: contest_id=40167 teams 2951/2951 matched, players 7563/8308 matched
2026-08-24 01:58:38,930 INFO ncaa_identity: contest_id=40215 teams 2230/2230 matched, players 6098/6264 matched
2026-08-24 01:58:40,036 INFO ncaa_identity: contest_id=40235 teams 2220/2220 matched, players 5678/6254 matched
2026-08-24 01:58:43,523 INFO ncaa_identity: contest_id=40291 teams 2592/2592 matched, players 7068/7345 matched
2026-08-24 01:58:44,772 INFO ncaa_identity: contest_id=40316 teams 2234/2234 matched, players 5856/6324 matched
2026-08-24 01:58:46,142 INFO ncaa_identity: contest_id=40342 teams 2061/2061 matched, players 5477/5824 matched
2026-08-24 01:58:49,441 INFO ncaa_identity: contest_id=40404 teams 2560/2560 matched, players 7132/7226 matched
2026-08-24 01:58:52,526 INFO ncaa_identity: contest_id=40459 teams 3033/3033 matched, players 8232/8620 matched
2026-08-24 01:58:54,032 INFO ncaa_identity: contest_id=40472 teams 3017/3017 matched, players 7913/8565 matched
2026-08-24 01:58:57,264 INFO ncaa_identity: contest_id=40557 teams 1184/2365 matched, players 3367/6670 matched
2026-08-24 01:58:58,945 INFO ncaa_identity: contest_id=40585 teams 1347/2823 matched, players 3903/8008 matched
2026-08-24 01:59:01,873 INFO ncaa_identity: contest_id=40675 teams 2759/2759 matched, players 7445/7783 matched
2026-08-24 01:59:07,304 INFO ncaa_identity: contest_id=40805 teams 2431/2431 matched, players 6452/6900 matched
2026-08-24 01:59:08,306 INFO ncaa_identity: contest_id=40815 teams 2150/2150 matched, players 5711/6077 matched
2026-08-24 01:59:14,074 INFO ncaa_identity: contest_id=40908 teams 2102/2102 matched, players 5821/5933 matched
2026-08-24 01:59:16,518 INFO ncaa_identity: contest_id=41003 teams 2103/2103 matched, players 5473/5934 matched
2026-08-24 01:59:17,982 INFO ncaa_identity: contest_id=41019 teams 2132/2132 matched, players 5663/6001 matched
2026-08-24 01:59:21,295 INFO ncaa_identity: contest_id=41091 teams 2450/2450 matched, players 6342/6951 matched
2026-08-24 01:59:27,241 INFO ncaa_identity: contest_id=41173 teams 2272/2272 matched, players 5980/6449 matched
2026-08-24 01:59:30,436 INFO ncaa_identity: contest_id=41244 teams 1036/2055 matched, players 2856/5778 matched
2026-08-24 01:59:33,439 INFO ncaa_identity: contest_id=41313 teams 2336/2336 matched, players 6303/6568 matched
2026-08-24 01:59:39,904 INFO ncaa_identity: contest_id=41391 teams 1998/1998 matched, players 4924/5625 matched
2026-08-24 01:59:41,199 INFO ncaa_identity: contest_id=41405 teams 2062/2062 matched, players 5244/5790 matched
2026-08-24 01:59:44,120 INFO ncaa_identity: contest_id=41448 teams 2237/2237 matched, players 6214/6315 matched
2026-08-24 01:59:46,747 INFO ncaa_identity: contest_id=41481 teams 2098/2098 matched, players 5836/5912 matched
2026-08-24 01:59:49,583 INFO ncaa_identity: contest_id=41578 teams 2095/2095 matched, players 5895/5906 matched
2026-08-24 01:59:54,383 INFO ncaa_identity: contest_id=41621 teams 2240/2240 matched, players 6209/6336 matched
2026-08-24 01:59:57,298 INFO ncaa_identity: contest_id=41641 teams 2263/2263 matched, players 5943/6404 matched
2026-08-24 01:59:59,208 INFO ncaa_identity: contest_id=41671 teams 3160/3160 matched, players 8864/8929 matched
2026-08-24 02:00:03,633 INFO ncaa_identity: contest_id=41717 teams 2345/2345 matched, players 6072/6597 matched
2026-08-24 02:00:08,254 INFO ncaa_identity: contest_id=41785 teams 2286/2286 matched, players 5737/6511 matched
2026-08-24 02:00:11,231 INFO ncaa_identity: contest_id=41825 teams 2367/2367 matched, players 6370/6700 matched
2026-08-24 02:00:12,488 INFO ncaa_identity: contest_id=41835 teams 2214/2214 matched, players 5974/6258 matched
2026-08-24 02:00:13,559 INFO ncaa_identity: contest_id=41845 teams 2136/2136 matched, players 5877/6012 matched
2026-08-24 02:00:15,040 INFO ncaa_identity: contest_id=41876 teams 2527/2527 matched, players 6985/7152 matched
2026-08-24 02:00:19,655 INFO ncaa_identity: contest_id=41919 teams 2388/2388 matched, players 6438/6690 matched
2026-08-24 02:00:32,002 INFO ncaa_identity: contest_id=42056 teams 2143/2143 matched, players 5958/6014 matched
2026-08-24 02:00:38,900 INFO ncaa_identity: contest_id=42098 teams 2057/2057 matched, players 5427/5791 matched
2026-08-24 02:00:58,348 INFO ncaa_identity: contest_id=42172 teams 2653/2653 matched, players 7126/7531 matched
2026-08-24 02:01:02,221 INFO ncaa_identity: contest_id=42183 teams 1104/2182 matched, players 3092/6136 matched
2026-08-24 02:01:18,234 INFO ncaa_identity: contest_id=42226 teams 2940/2940 matched, players 8209/8361 matched
2026-08-24 02:01:25,304 INFO ncaa_identity: contest_id=42236 teams 2345/2345 matched, players 6230/6567 matched
2026-08-24 02:01:30,212 INFO ncaa_identity: contest_id=42246 teams 2388/2388 matched, players 6219/6741 matched
2026-08-24 02:01:41,140 INFO ncaa_identity: contest_id=42266 teams 2761/2761 matched, players 7106/7799 matched
2026-08-24 02:01:59,451 INFO ncaa_identity: contest_id=42296 teams 2562/2562 matched, players 6513/7181 matched
2026-08-24 02:02:06,788 INFO ncaa_identity: contest_id=42306 teams 2231/2231 matched, players 6176/6256 matched
2026-08-24 02:02:18,299 INFO ncaa_identity: contest_id=42343 teams 2434/2434 matched, players 6312/6890 matched
2026-08-24 02:02:27,225 INFO ncaa_identity: contest_id=42390 teams 3020/3020 matched, players 7776/8563 matched
2026-08-24 02:03:01,922 INFO ncaa_identity: contest_id=42487 teams 2363/2363 matched, players 6136/6676 matched
2026-08-24 02:03:11,043 INFO ncaa_identity: contest_id=42509 teams 2809/2809 matched, players 7561/7944 matched
2026-08-24 02:03:26,354 INFO ncaa_identity: contest_id=42541 teams 1802/1802 matched, players 4967/5016 matched
2026-08-24 02:04:01,266 INFO ncaa_identity: contest_id=1618581 teams 2177/2177 matched, players 5886/6177 matched
2026-08-24 02:04:05,824 INFO ncaa_identity: contest_id=1618591 teams 2182/2182 matched, players 804/806 matched
2026-08-24 02:04:16,918 INFO ncaa_identity: contest_id=1618614 teams 1328/2695 matched, players 3266/7588 matched
2026-08-24 02:04:23,438 INFO ncaa_identity: contest_id=1618625 teams 1932/3825 matched, players 5273/10585 matched
2026-08-24 02:04:41,497 INFO ncaa_identity: contest_id=1618656 teams 1371/2795 matched, players 3952/7875 matched
2026-08-24 02:04:47,081 INFO ncaa_identity: contest_id=1618668 teams 3120/3120 matched, players 8254/8832 matched
2026-08-24 02:05:03,531 INFO ncaa_identity: contest_id=1618701 teams 3187/3187 matched, players 8722/8743 matched
2026-08-24 02:05:08,313 INFO ncaa_identity: contest_id=1618713 teams 2594/2594 matched, players 7062/7293 matched
2026-08-24 02:05:18,798 INFO ncaa_identity: contest_id=1618762 teams 1229/2431 matched, players 3125/6876 matched
2026-08-24 02:05:25,633 INFO ncaa_identity: contest_id=1618774 teams 2796/2796 matched, players 6682/7897 matched
2026-08-24 02:05:47,220 INFO ncaa_identity: contest_id=1618918 teams 2799/2799 matched, players 7412/7419 matched
2026-08-24 02:05:51,004 INFO ncaa_identity: contest_id=1618936 teams 1196/2449 matched, players 3480/6913 matched
2026-08-24 02:06:02,222 INFO ncaa_identity: contest_id=1618969 teams 2663/2663 matched, players 7450/7502 matched
2026-08-24 02:06:06,603 INFO ncaa_identity: contest_id=1619024 teams 1409/2829 matched, players 3989/7978 matched
2026-08-24 02:06:11,518 INFO ncaa_identity: contest_id=1619131 teams 2398/2398 matched, players 6082/6550 matched
2026-08-24 02:06:17,959 INFO ncaa_identity: contest_id=1619246 teams 1239/2453 matched, players 115/397 matched
2026-08-24 02:06:23,378 INFO ncaa_identity: contest_id=1619282 teams 3114/3114 matched, players 8211/8584 matched
2026-08-24 02:06:30,614 INFO ncaa_identity: contest_id=1619313 teams 2329/2329 matched, players 6062/6520 matched
2026-08-24 02:06:33,043 INFO ncaa_identity: contest_id=1619326 teams 2599/2599 matched, players 7047/7338 matched
2026-08-24 02:06:34,506 INFO ncaa_identity: contest_id=1619341 teams 2520/2520 matched, players 6533/7094 matched
2026-08-24 02:06:36,614 INFO ncaa_identity: contest_id=1619365 teams 0/2610 matched, players 0/7099 matched
2026-08-24 02:06:39,820 INFO ncaa_identity: contest_id=1619414 teams 1182/2325 matched, players 3328/6556 matched
2026-08-24 02:06:41,691 INFO ncaa_identity: contest_id=1619433 teams 2561/2561 matched, players 6427/7261 matched
2026-08-24 02:06:44,929 INFO ncaa_identity: contest_id=1619516 teams 2321/2321 matched, players 6496/6536 matched
2026-08-24 02:06:48,078 INFO ncaa_identity: contest_id=1619574 teams 2413/2413 matched, players 6000/6773 matched
2026-08-24 02:06:49,417 INFO ncaa_identity: contest_id=1619595 teams 2369/2369 matched, players 6616/6660 matched
2026-08-24 02:06:51,134 INFO ncaa_identity: contest_id=1619662 teams 2448/2448 matched, players 6676/6943 matched
2026-08-24 02:06:55,856 INFO ncaa_identity: contest_id=1619720 teams 2691/2691 matched, players 7162/7366 matched
2026-08-24 02:06:59,853 INFO ncaa_identity: contest_id=1619779 teams 2738/2738 matched, players 7384/7739 matched
2026-08-24 02:07:03,127 INFO ncaa_identity: contest_id=1619818 teams 2282/2282 matched, players 5984/6419 matched
2026-08-24 02:07:05,446 INFO ncaa_identity: contest_id=1619899 teams 1337/2729 matched, players 3750/7488 matched
2026-08-24 02:07:07,612 INFO ncaa_identity: contest_id=1619965 teams 1175/2355 matched, players 406/870 matched
2026-08-24 02:07:09,491 INFO ncaa_identity: contest_id=1619984 teams 2501/2501 matched, players 6655/7049 matched
2026-08-24 02:07:11,465 INFO ncaa_identity: contest_id=1620140 teams 2522/2522 matched, players 6875/7093 matched
2026-08-24 02:07:13,756 INFO ncaa_identity: contest_id=1620214 teams 2690/2690 matched, players 6976/7324 matched
2026-08-24 02:07:20,182 INFO ncaa_identity: contest_id=1620397 teams 2082/2082 matched, players 5675/5862 matched
2026-08-24 02:07:34,627 INFO ncaa_identity: contest_id=1620567 teams 3008/3008 matched, players 7984/8521 matched
2026-08-24 02:07:39,134 INFO ncaa_identity: contest_id=1620616 teams 3104/3104 matched, players 8129/8850 matched
2026-08-24 02:07:40,677 INFO ncaa_identity: contest_id=1620633 teams 1252/2553 matched, players 3619/7207 matched
2026-08-24 02:07:46,603 INFO ncaa_identity: contest_id=1620853 teams 2331/2331 matched, players 6260/6581 matched
2026-08-24 02:07:48,212 INFO ncaa_identity: contest_id=1620892 teams 1928/1928 matched, players 654/656 matched
2026-08-24 02:07:49,363 INFO ncaa_identity: contest_id=1620919 teams 2443/2443 matched, players 6395/6405 matched
2026-08-24 02:07:55,938 INFO ncaa_identity: contest_id=1620995 teams 2057/2057 matched, players 5372/5815 matched
2026-08-24 02:07:57,472 INFO ncaa_identity: contest_id=1621010 teams 2397/2397 matched, players 6264/6782 matched
2026-08-24 02:07:59,485 INFO ncaa_identity: contest_id=1621029 teams 2643/2643 matched, players 7138/7149 matched
2026-08-24 02:08:02,959 INFO ncaa_identity: contest_id=1621056 teams 4157/4157 matched, players 10957/11880 matched
2026-08-24 02:08:14,973 INFO ncaa_identity: contest_id=1621251 teams 2703/2703 matched, players 7004/7443 matched
2026-08-24 02:08:16,853 INFO ncaa_identity: contest_id=1621289 teams 2745/2745 matched, players 7456/7726 matched
2026-08-24 02:08:18,546 INFO ncaa_identity: contest_id=1621312 teams 2475/2475 matched, players 6486/6495 matched
2026-08-24 02:08:21,747 INFO ncaa_identity: contest_id=1621398 teams 1465/2884 matched, players 3701/7708 matched
2026-08-24 02:08:23,191 INFO ncaa_identity: contest_id=1621433 teams 2467/2467 matched, players 6698/6699 matched
2026-08-24 02:08:25,049 INFO ncaa_identity: contest_id=1621459 teams 3485/3485 matched, players 9649/9656 matched
2026-08-24 02:08:26,579 INFO ncaa_identity: contest_id=1621477 teams 2568/2568 matched, players 6785/7044 matched
2026-08-24 02:08:27,641 INFO ncaa_identity: contest_id=1621513 teams 2230/2230 matched, players 5983/6272 matched
2026-08-24 02:08:28,938 INFO ncaa_identity: contest_id=1621539 teams 2104/2104 matched, players 5441/5904 matched
2026-08-24 02:08:30,598 INFO ncaa_identity: contest_id=1621574 teams 1188/2422 matched, players 3380/6784 matched
2026-08-24 02:08:32,636 INFO ncaa_identity: contest_id=1621628 teams 2685/2685 matched, players 5764/7606 matched
2026-08-24 02:08:35,881 INFO ncaa_identity: contest_id=1621686 teams 2480/2480 matched, players 6643/7030 matched
2026-08-24 02:08:36,960 INFO ncaa_identity: contest_id=1621786 teams 1395/2644 matched, players 3556/7147 matched
2026-08-24 02:08:40,009 INFO ncaa_identity: contest_id=1621834 teams 2146/2146 matched, players 5797/5811 matched
2026-08-24 02:08:41,980 INFO ncaa_identity: contest_id=1621851 teams 2267/2267 matched, players 6131/6392 matched
2026-08-24 02:08:43,489 INFO ncaa_identity: contest_id=1621870 teams 2507/2507 matched, players 6701/6932 matched
2026-08-24 02:08:45,373 INFO ncaa_identity: contest_id=1621900 teams 2735/2735 matched, players 7571/7738 matched
2026-08-24 02:08:46,867 INFO ncaa_identity: contest_id=1621969 teams 2554/2554 matched, players 6676/7156 matched
2026-08-24 02:08:48,427 INFO ncaa_identity: contest_id=1621986 teams 2477/2477 matched, players 6463/6475 matched
2026-08-24 02:08:49,772 INFO ncaa_identity: contest_id=1621999 teams 2723/2723 matched, players 7496/7505 matched
2026-08-24 02:08:51,730 INFO ncaa_identity: contest_id=1622025 teams 1507/2990 matched, players 3819/8447 matched
2026-08-24 02:09:02,463 INFO ncaa_identity: contest_id=1622365 teams 2936/2936 matched, players 8185/8355 matched
2026-08-24 02:09:03,998 INFO ncaa_identity: contest_id=1622410 teams 1325/2596 matched, players 3024/7305 matched
2026-08-24 02:09:05,206 INFO ncaa_identity: contest_id=1622469 teams 2167/2167 matched, players 5118/6113 matched
2026-08-24 02:09:08,360 INFO ncaa_identity: contest_id=1622532 teams 2944/2944 matched, players 7800/8029 matched
2026-08-24 02:09:13,686 INFO ncaa_identity: contest_id=1622566 teams 2311/2311 matched, players 6042/6468 matched
2026-08-24 02:09:15,696 INFO ncaa_identity: contest_id=1622579 teams 2855/2855 matched, players 7488/7868 matched
2026-08-24 02:09:17,211 INFO ncaa_identity: contest_id=1622592 teams 2528/2528 matched, players 6955/7101 matched
2026-08-24 02:09:19,101 INFO ncaa_identity: contest_id=1622604 teams 1524/2964 matched, players 4226/8403 matched
2026-08-24 02:09:20,678 INFO ncaa_identity: contest_id=1622641 teams 1304/2562 matched, players 3671/7230 matched
2026-08-24 02:09:32,127 INFO ncaa_identity: contest_id=1622899 teams 1035/2105 matched, players 2888/5918 matched
2026-08-24 02:09:35,649 INFO ncaa_identity: contest_id=1623003 teams 2480/2480 matched, players 6425/6993 matched
2026-08-24 02:09:44,280 INFO ncaa_identity: contest_id=1623202 teams 1588/3122 matched, players 4465/8873 matched
2026-08-24 02:09:47,761 INFO ncaa_identity: contest_id=1623302 teams 1295/2541 matched, players 3613/7184 matched
2026-08-24 02:09:49,137 INFO ncaa_identity: contest_id=1623329 teams 2219/2219 matched, players 5716/6273 matched
2026-08-24 02:09:56,120 INFO ncaa_identity: contest_id=1623473 teams 1353/2675 matched, players 3831/7538 matched
2026-08-24 02:09:57,609 INFO ncaa_identity: contest_id=1623484 teams 2425/2425 matched, players 6422/6847 matched
2026-08-24 02:09:59,448 INFO ncaa_identity: contest_id=1623497 teams 2356/2356 matched, players 6347/6351 matched
2026-08-24 02:10:01,204 INFO ncaa_identity: contest_id=1623510 teams 2133/2133 matched, players 5815/6047 matched
2026-08-24 02:10:02,454 INFO ncaa_identity: contest_id=1623524 teams 1217/2474 matched, players 3468/6962 matched
2026-08-24 02:10:09,703 INFO ncaa_identity: contest_id=1623679 teams 2648/2648 matched, players 6696/7474 matched
2026-08-24 02:10:12,471 INFO ncaa_identity: contest_id=1623746 teams 2716/2716 matched, players 7128/7479 matched
2026-08-24 02:10:13,870 INFO ncaa_identity: contest_id=1623774 teams 2424/2424 matched, players 6583/6895 matched
2026-08-24 02:10:17,527 INFO ncaa_identity: contest_id=1623869 teams 2636/2636 matched, players 7217/7228 matched
2026-08-24 02:10:21,043 INFO ncaa_identity: contest_id=1623956 teams 2391/2391 matched, players 5882/6726 matched
2026-08-24 02:10:23,198 INFO ncaa_identity: contest_id=1623994 teams 1599/3117 matched, players 4116/8830 matched
2026-08-24 02:10:30,226 INFO ncaa_identity: contest_id=1624075 teams 2269/2269 matched, players 6363/6410 matched
2026-08-24 02:10:33,980 INFO ncaa_identity: contest_id=1624155 teams 1339/2673 matched, players 3650/7296 matched
2026-08-24 02:10:36,032 INFO ncaa_identity: contest_id=1624188 teams 2845/2845 matched, players 6357/7792 matched
2026-08-24 02:10:38,415 INFO ncaa_identity: contest_id=1624199 teams 1522/2939 matched, players 3992/8031 matched
2026-08-24 02:10:39,740 INFO ncaa_identity: contest_id=1624257 teams 2175/2175 matched, players 5881/5926 matched
2026-08-24 02:10:41,462 INFO ncaa_identity: contest_id=1624290 teams 2669/2669 matched, players 7411/7552 matched
2026-08-24 02:10:42,896 INFO ncaa_identity: contest_id=1624301 teams 2686/2686 matched, players 6883/7576 matched
2026-08-24 02:10:46,490 INFO ncaa_identity: contest_id=1624381 teams 2295/2295 matched, players 5935/6462 matched
2026-08-24 02:10:52,114 INFO ncaa_identity: contest_id=1624468 teams 1175/2277 matched, players 2939/6384 matched
2026-08-24 02:10:54,104 INFO ncaa_identity: contest_id=1624490 teams 2853/2853 matched, players 7486/7833 matched
2026-08-24 02:10:55,762 INFO ncaa_identity: contest_id=1624504 teams 2391/2391 matched, players 6408/6754 matched
2026-08-24 02:10:57,431 INFO ncaa_identity: contest_id=1624522 teams 2184/2184 matched, players 6125/6153 matched
2026-08-24 02:10:58,987 INFO ncaa_identity: contest_id=1624542 teams 2376/2376 matched, players 6424/6672 matched
2026-08-24 02:11:00,999 INFO ncaa_identity: contest_id=1624555 teams 2198/2198 matched, players 5750/6200 matched
2026-08-24 02:11:06,431 INFO ncaa_identity: contest_id=1624595 teams 2553/2553 matched, players 5624/6959 matched
2026-08-24 02:11:08,352 INFO ncaa_identity: contest_id=1624605 teams 2019/2019 matched, players 5091/5667 matched
2026-08-24 02:11:08,714 INFO 5 starters not found for period 5; using estimate
2026-08-24 02:11:10,531 INFO ncaa_identity: contest_id=1624617 teams 1419/2866 matched, players 4008/8208 matched
2026-08-24 02:11:18,382 INFO ncaa_identity: contest_id=1624657 teams 2219/2219 matched, players 5947/6261 matched
2026-08-24 02:11:26,036 INFO ncaa_identity: contest_id=1624714 teams 2480/2480 matched, players 6766/6989 matched
2026-08-24 02:11:32,993 INFO ncaa_identity: contest_id=1624788 teams 2637/2637 matched, players 6826/7415 matched
2026-08-24 02:11:34,800 INFO ncaa_identity: contest_id=1624833 teams 1406/2818 matched, players 4040/7614 matched
2026-08-24 02:11:40,124 INFO ncaa_identity: contest_id=1624911 teams 0/2832 matched, players 0/7595 matched
2026-08-24 02:11:43,094 INFO ncaa_identity: contest_id=1624956 teams 2297/2297 matched, players 6111/6115 matched
2026-08-24 02:11:44,645 INFO ncaa_identity: contest_id=1625017 teams 2237/2237 matched, players 6115/6117 matched
2026-08-24 02:11:48,472 INFO ncaa_identity: contest_id=1625104 teams 1209/2351 matched, players 3344/6566 matched
2026-08-24 02:11:51,535 INFO ncaa_identity: contest_id=1625138 teams 2493/2493 matched, players 6711/7007 matched
2026-08-24 02:11:53,270 INFO ncaa_identity: contest_id=1625164 teams 2281/2281 matched, players 5768/6416 matched
2026-08-24 02:11:55,106 INFO ncaa_identity: contest_id=1625213 teams 2205/2205 matched, players 6134/6139 matched
2026-08-24 02:11:57,218 INFO ncaa_identity: contest_id=1625234 teams 2522/2522 matched, players 6385/7090 matched
2026-08-24 02:12:10,722 INFO ncaa_identity: contest_id=1625574 teams 2532/2532 matched, players 6488/7150 matched
2026-08-24 02:12:12,239 INFO ncaa_identity: contest_id=1625586 teams 2246/2246 matched, players 5943/6320 matched
2026-08-24 02:12:15,167 INFO ncaa_identity: contest_id=1625612 teams 1983/1983 matched, players 5362/5612 matched
2026-08-24 02:12:22,475 INFO ncaa_identity: contest_id=1625805 teams 2930/2930 matched, players 8078/8263 matched
2026-08-24 02:12:25,885 INFO ncaa_identity: contest_id=1625918 teams 3252/3252 matched, players 8686/9263 matched
2026-08-24 02:12:30,259 INFO ncaa_identity: contest_id=1625988 teams 2244/2244 matched, players 5824/6330 matched
2026-08-24 02:12:36,571 INFO ncaa_identity: contest_id=1626096 teams 2501/2501 matched, players 6590/7014 matched
2026-08-24 02:12:39,675 INFO ncaa_identity: contest_id=1626139 teams 2235/2235 matched, players 6192/6288 matched
2026-08-24 02:12:41,032 INFO ncaa_identity: contest_id=1626152 teams 2277/2277 matched, players 6245/6465 matched
2026-08-24 02:12:50,156 INFO ncaa_identity: contest_id=1626312 teams 2249/2249 matched, players 5928/6356 matched
2026-08-24 02:12:57,986 INFO ncaa_identity: contest_id=1626501 teams 2409/2409 matched, players 6443/6593 matched
2026-08-24 02:13:06,685 INFO ncaa_identity: contest_id=1626686 teams 2401/2401 matched, players 6221/6802 matched
2026-08-24 02:13:13,783 INFO ncaa_identity: contest_id=1626808 teams 2148/2148 matched, players 5986/6081 matched
2026-08-24 02:13:19,766 INFO ncaa_identity: contest_id=1626993 teams 2562/2562 matched, players 6586/7188 matched
2026-08-24 02:13:41,389 INFO ncaa_identity: contest_id=1627324 teams 2325/2325 matched, players 5960/6521 matched
2026-08-24 02:13:45,514 INFO ncaa_identity: contest_id=1627399 teams 2367/2367 matched, players 6012/6694 matched
2026-08-24 02:13:48,697 INFO ncaa_identity: contest_id=1627546 teams 2138/2138 matched, players 5588/6042 matched
2026-08-24 02:13:54,497 INFO ncaa_identity: contest_id=1627619 teams 2024/2024 matched, players 5675/5710 matched
2026-08-24 02:13:55,875 INFO ncaa_identity: contest_id=1627663 teams 2329/2329 matched, players 6052/6553 matched
2026-08-24 02:13:57,471 INFO ncaa_identity: contest_id=1627736 teams 2173/2173 matched, players 5560/6083 matched
2026-08-24 02:13:59,031 INFO ncaa_identity: contest_id=1627746 teams 2289/2289 matched, players 6082/6388 matched
2026-08-24 02:14:08,964 INFO ncaa_identity: contest_id=1627887 teams 2741/2741 matched, players 7549/7771 matched
2026-08-24 02:14:10,796 INFO ncaa_identity: contest_id=1627971 teams 1268/2508 matched, players 3454/6859 matched
2026-08-24 02:14:13,563 INFO ncaa_identity: contest_id=1628050 teams 2971/2971 matched, players 7913/8151 matched
2026-08-24 02:14:15,794 INFO ncaa_identity: contest_id=1628068 teams 2972/2972 matched, players 7940/8441 matched
2026-08-24 02:14:18,290 INFO ncaa_identity: contest_id=1628091 teams 2905/2905 matched, players 7810/7811 matched
2026-08-24 02:14:24,631 INFO ncaa_identity: contest_id=1628193 teams 2231/2231 matched, players 5972/6258 matched
2026-08-24 02:14:26,351 INFO ncaa_identity: contest_id=1628229 teams 2527/2527 matched, players 6844/7036 matched
2026-08-24 02:14:33,224 INFO ncaa_identity: contest_id=1628322 teams 2580/2580 matched, players 6871/7236 matched
2026-08-24 02:14:37,696 INFO ncaa_identity: contest_id=1628346 teams 2939/2939 matched, players 7594/8041 matched
2026-08-24 02:14:43,777 INFO ncaa_identity: contest_id=1628403 teams 2902/2902 matched, players 7756/8276 matched
2026-08-24 02:14:46,624 INFO 5 starters not found for period 5; using estimate
2026-08-24 02:14:57,471 INFO ncaa_identity: contest_id=1628680 teams 2812/2812 matched, players 7092/7721 matched
2026-08-24 02:15:00,655 INFO ncaa_identity: contest_id=1628785 teams 2073/2073 matched, players 5448/5652 matched
2026-08-24 02:15:10,463 INFO ncaa_identity: contest_id=1628931 teams 2231/2231 matched, players 6051/6281 matched
2026-08-24 02:15:12,249 INFO ncaa_identity: contest_id=1628953 teams 2242/2242 matched, players 5874/6297 matched
2026-08-24 02:15:13,889 INFO ncaa_identity: contest_id=1629048 teams 1291/2596 matched, players 3674/7316 matched
2026-08-24 02:15:19,755 INFO ncaa_identity: contest_id=1629177 teams 1369/2688 matched, players 3677/7334 matched
2026-08-24 02:15:27,588 INFO ncaa_identity: contest_id=1629277 teams 2829/2829 matched, players 6673/7972 matched
2026-08-24 02:15:30,035 INFO ncaa_identity: contest_id=1629333 teams 2417/2417 matched, players 5817/6765 matched
2026-08-24 02:15:42,886 INFO ncaa_identity: contest_id=1629445 teams 2585/2585 matched, players 6623/7293 matched
2026-08-24 02:15:44,378 INFO ncaa_identity: contest_id=1629458 teams 2581/2581 matched, players 6446/7021 matched
2026-08-24 02:15:49,750 INFO ncaa_identity: contest_id=1629547 teams 2322/2322 matched, players 6281/6546 matched
2026-08-24 02:15:51,373 INFO ncaa_identity: contest_id=1629692 teams 1298/2614 matched, players 3685/7357 matched
2026-08-24 02:15:54,697 INFO ncaa_identity: contest_id=1629752 teams 2370/2370 matched, players 6198/6657 matched
2026-08-24 02:16:01,005 INFO ncaa_identity: contest_id=1629886 teams 2353/2353 matched, players 5964/6603 matched
2026-08-24 02:16:06,191 INFO ncaa_identity: contest_id=1629924 teams 2892/2892 matched, players 7813/8191 matched
2026-08-24 02:16:09,616 INFO ncaa_identity: contest_id=1629999 teams 2120/2120 matched, players 5645/5972 matched
2026-08-24 02:16:16,273 INFO ncaa_identity: contest_id=1630214 teams 2792/2792 matched, players 6071/7609 matched
2026-08-24 02:16:24,681 INFO ncaa_identity: contest_id=1630351 teams 2436/2436 matched, players 6202/6856 matched
2026-08-24 02:16:38,903 INFO ncaa_identity: contest_id=1630539 teams 2176/2176 matched, players 5760/6088 matched
2026-08-24 02:16:46,581 INFO ncaa_identity: contest_id=1630796 teams 2614/2614 matched, players 6944/7179 matched
2026-08-24 02:16:48,361 INFO ncaa_identity: contest_id=1630838 teams 2622/2622 matched, players 7161/7162 matched
2026-08-24 02:16:51,475 INFO ncaa_identity: contest_id=1630922 teams 1942/1942 matched, players 5003/5474 matched
2026-08-24 02:17:03,406 INFO ncaa_identity: contest_id=1631105 teams 2569/2569 matched, players 7019/7276 matched
2026-08-24 02:17:08,566 INFO ncaa_identity: contest_id=1631293 teams 2460/2460 matched, players 6130/6747 matched
2026-08-24 02:17:09,791 INFO ncaa_identity: contest_id=1631314 teams 964/1990 matched, players 2779/5603 matched
2026-08-24 02:17:11,755 INFO ncaa_identity: contest_id=1631329 teams 3341/3341 matched, players 9112/9461 matched
2026-08-24 02:17:13,551 INFO ncaa_identity: contest_id=1631347 teams 1310/2611 matched, players 3697/7363 matched
2026-08-24 02:17:14,751 INFO ncaa_identity: contest_id=1631391 teams 2083/2083 matched, players 5485/5829 matched
2026-08-24 02:17:31,066 INFO ncaa_identity: contest_id=1631654 teams 2249/2249 matched, players 5603/6310 matched
2026-08-24 02:17:32,602 INFO ncaa_identity: contest_id=1631671 teams 1845/1845 matched, players 726/748 matched
2026-08-24 02:17:34,885 INFO ncaa_identity: contest_id=1631808 teams 2037/2037 matched, players 5371/5746 matched
2026-08-24 02:17:37,069 INFO ncaa_identity: contest_id=1631821 teams 1007/1997 matched, players 2663/5478 matched
2026-08-24 02:17:43,044 INFO ncaa_identity: contest_id=1631907 teams 2421/2421 matched, players 6211/6801 matched
2026-08-24 02:17:44,611 INFO ncaa_identity: contest_id=1631975 teams 2108/2108 matched, players 5912/5941 matched
2026-08-24 02:17:50,820 INFO ncaa_identity: contest_id=1632025 teams 2111/2111 matched, players 5583/5957 matched
2026-08-24 02:17:52,945 INFO ncaa_identity: contest_id=1632080 teams 2393/2393 matched, players 6259/6774 matched
2026-08-24 02:18:06,136 INFO ncaa_identity: contest_id=1632344 teams 2190/2190 matched, players 5686/6131 matched
2026-08-24 02:18:08,084 INFO ncaa_identity: contest_id=1632369 teams 2632/2632 matched, players 7150/7387 matched
2026-08-24 02:18:09,755 INFO ncaa_identity: contest_id=1632395 teams 1286/2431 matched, players 3379/6668 matched
2026-08-24 02:18:11,704 INFO ncaa_identity: contest_id=1632427 teams 2829/2829 matched, players 6869/7990 matched
2026-08-24 02:18:15,164 INFO ncaa_identity: contest_id=1632490 teams 2566/2566 matched, players 6281/7212 matched
2026-08-24 02:18:16,908 INFO ncaa_identity: contest_id=1632523 teams 2503/2503 matched, players 6813/7066 matched
2026-08-24 02:18:28,203 INFO ncaa_identity: contest_id=1632599 teams 2455/2455 matched, players 6794/6926 matched
2026-08-24 02:18:31,375 INFO ncaa_identity: contest_id=1632642 teams 2159/2159 matched, players 5727/6064 matched
2026-08-24 02:18:32,739 INFO ncaa_identity: contest_id=1632696 teams 2372/2372 matched, players 5920/6506 matched
2026-08-24 02:18:34,628 INFO ncaa_identity: contest_id=1632707 teams 1217/2425 matched, players 3403/6859 matched
2026-08-24 02:18:37,467 INFO ncaa_identity: contest_id=1632729 teams 2070/2070 matched, players 5424/5872 matched
2026-08-24 02:18:40,216 INFO ncaa_identity: contest_id=1632806 teams 2168/2168 matched, players 5587/6131 matched
2026-08-24 02:18:41,883 INFO ncaa_identity: contest_id=1632817 teams 3197/3197 matched, players 8109/8821 matched
2026-08-24 02:18:44,649 INFO ncaa_identity: contest_id=1632841 teams 1940/1940 matched, players 5300/5301 matched
2026-08-24 02:18:48,015 INFO ncaa_identity: contest_id=1632880 teams 2447/2447 matched, players 6768/6893 matched
2026-08-24 02:18:54,282 INFO ncaa_identity: contest_id=1632992 teams 2657/2657 matched, players 7213/7508 matched
2026-08-24 02:18:59,019 INFO ncaa_identity: contest_id=1633041 teams 2192/2192 matched, players 5903/6200 matched
2026-08-24 02:19:00,446 INFO ncaa_identity: contest_id=1633063 teams 2395/2395 matched, players 6364/6756 matched
2026-08-24 02:19:08,371 INFO ncaa_identity: contest_id=1633150 teams 2969/2969 matched, players 8119/8120 matched
2026-08-24 02:19:10,188 INFO ncaa_identity: contest_id=1633163 teams 2299/2299 matched, players 5944/6457 matched
2026-08-24 02:19:14,775 INFO ncaa_identity: contest_id=1633194 teams 2799/2799 matched, players 7741/7891 matched
2026-08-24 02:19:17,905 INFO ncaa_identity: contest_id=1633229 teams 2307/2307 matched, players 5932/6526 matched
2026-08-24 02:19:19,296 INFO ncaa_identity: contest_id=1633241 teams 1806/1806 matched, players 4612/5084 matched
2026-08-24 02:19:25,911 INFO ncaa_identity: contest_id=1633323 teams 2755/2755 matched, players 7311/7555 matched
2026-08-24 02:19:27,102 INFO ncaa_identity: contest_id=1633333 teams 2182/2182 matched, players 5047/6154 matched
2026-08-24 02:19:29,098 INFO ncaa_identity: contest_id=1633390 teams 2511/2511 matched, players 6730/6906 matched
2026-08-24 02:19:32,131 INFO ncaa_identity: contest_id=1633414 teams 2494/2494 matched, players 6373/6784 matched
2026-08-24 02:19:34,947 INFO ncaa_identity: contest_id=1633447 teams 2168/2168 matched, players 5743/6123 matched
2026-08-24 02:19:39,523 INFO ncaa_identity: contest_id=1633479 teams 3053/3053 matched, players 8390/8391 matched
2026-08-24 02:19:42,965 INFO ncaa_identity: contest_id=1633545 teams 2194/2194 matched, players 5685/6112 matched
2026-08-24 02:19:44,561 INFO ncaa_identity: contest_id=1633559 teams 2138/2138 matched, players 6020/6044 matched
2026-08-24 02:19:46,007 INFO ncaa_identity: contest_id=1633577 teams 2548/2548 matched, players 6978/7016 matched
2026-08-24 02:19:49,245 INFO ncaa_identity: contest_id=1633602 teams 2373/2373 matched, players 6467/6655 matched
2026-08-24 02:19:53,239 INFO ncaa_identity: contest_id=1633644 teams 2157/2157 matched, players 5712/6087 matched
2026-08-24 02:20:02,324 INFO ncaa_identity: contest_id=1633721 teams 2181/2181 matched, players 5721/6160 matched
2026-08-24 02:20:06,953 INFO ncaa_identity: contest_id=1633751 teams 2610/2610 matched, players 6537/7188 matched
2026-08-24 02:20:10,547 INFO ncaa_identity: contest_id=1633771 teams 2630/2630 matched, players 7436/7439 matched
2026-08-24 02:20:13,692 INFO ncaa_identity: contest_id=1633791 teams 2187/2187 matched, players 5716/6175 matched
2026-08-24 02:20:24,383 INFO ncaa_identity: contest_id=1633851 teams 1025/2089 matched, players 2932/5911 matched
2026-08-24 02:20:26,178 INFO ncaa_identity: contest_id=1633861 teams 2663/2663 matched, players 7459/7495 matched
2026-08-24 02:20:27,655 INFO ncaa_identity: contest_id=1633871 teams 2356/2356 matched, players 5831/6624 matched
2026-08-24 02:20:36,780 INFO ncaa_identity: contest_id=1639782 teams 2761/2761 matched, players 7333/7804 matched
2026-08-24 02:20:39,617 INFO ncaa_identity: contest_id=1639912 teams 2470/2470 matched, players 6830/6987 matched
2026-08-24 02:20:40,980 INFO ncaa_identity: contest_id=1639942 teams 2519/2519 matched, players 6588/6593 matched
2026-08-24 02:20:46,103 INFO ncaa_identity: contest_id=1645325 teams 2334/2334 matched, players 5989/6550 matched
2026-08-24 02:20:49,101 INFO ncaa_identity: contest_id=1715613 teams 2576/2576 matched, players 7013/7272 matched
2026-08-24 02:20:57,576 INFO ncaa_identity: contest_id=1716422 teams 2670/2670 matched, players 7198/7587 matched
2026-08-24 02:21:02,062 INFO ncaa_identity: contest_id=1716611 teams 2428/2428 matched, players 6316/6870 matched
2026-08-24 02:21:05,789 INFO ncaa_identity: contest_id=1716858 teams 2032/2032 matched, players 5421/5726 matched
2026-08-24 02:21:11,280 INFO ncaa_identity: contest_id=1717018 teams 2210/2210 matched, players 5687/6153 matched
2026-08-24 02:21:17,205 INFO ncaa_identity: contest_id=1717269 teams 2514/2514 matched, players 6182/7099 matched
2026-08-24 02:21:18,416 INFO ncaa_identity: contest_id=1717566 teams 2005/2005 matched, players 5326/5703 matched
2026-08-24 02:21:20,224 INFO ncaa_identity: contest_id=1717576 teams 2011/2011 matched, players 5609/5667 matched
2026-08-24 02:21:23,647 INFO ncaa_identity: contest_id=1717880 teams 2271/2271 matched, players 5865/6376 matched
2026-08-24 02:21:32,174 INFO ncaa_identity: contest_id=1718400 teams 2741/2741 matched, players 7624/7721 matched
2026-08-24 02:21:46,057 INFO ncaa_identity: contest_id=1719805 teams 2253/2253 matched, players 6236/6364 matched
2026-08-24 02:21:52,879 INFO ncaa_identity: contest_id=1720231 teams 2430/2430 matched, players 6092/6880 matched
2026-08-24 02:21:55,861 INFO ncaa_identity: contest_id=1720974 teams 2045/2045 matched, players 5296/5750 matched
2026-08-24 02:21:59,617 INFO ncaa_identity: contest_id=1781580 teams 2639/2639 matched, players 7400/7462 matched
2026-08-24 02:22:04,497 INFO ncaa_identity: contest_id=1781601 teams 1550/3113 matched, players 4313/8562 matched
2026-08-24 02:22:09,936 INFO ncaa_identity: contest_id=1781633 teams 1201/2389 matched, players 3406/6759 matched
2026-08-24 02:22:13,491 INFO ncaa_identity: contest_id=1781655 teams 1430/2780 matched, players 3314/7654 matched
2026-08-24 02:22:20,152 INFO ncaa_identity: contest_id=1781695 teams 1336/2659 matched, players 3698/7467 matched
2026-08-24 02:22:23,125 INFO ncaa_identity: contest_id=1781716 teams 2442/2442 matched, players 6032/6698 matched
2026-08-24 02:22:25,440 INFO ncaa_identity: contest_id=1781728 teams 3475/3475 matched, players 9461/9462 matched
2026-08-24 02:22:26,847 INFO ncaa_identity: contest_id=1781740 teams 2705/2705 matched, players 7367/7409 matched
2026-08-24 02:22:32,283 INFO ncaa_identity: contest_id=1781863 teams 1381/2660 matched, players 3395/7494 matched
2026-08-24 02:22:35,554 INFO ncaa_identity: contest_id=1781921 teams 2589/2589 matched, players 6948/7296 matched
2026-08-24 02:22:41,810 INFO ncaa_identity: contest_id=1782034 teams 2601/2601 matched, players 6290/7083 matched
2026-08-24 02:22:56,399 INFO 5 starters not found for period 5; using estimate
2026-08-24 02:23:02,435 INFO ncaa_identity: contest_id=1782399 teams 2693/2693 matched, players 7217/7396 matched
2026-08-24 02:23:05,797 INFO ncaa_identity: contest_id=1782438 teams 2255/2255 matched, players 5449/6322 matched
2026-08-24 02:23:07,519 INFO ncaa_identity: contest_id=1782504 teams 1361/2694 matched, players 3697/7381 matched
2026-08-24 02:23:14,091 INFO ncaa_identity: contest_id=1782647 teams 3177/3177 matched, players 8245/8732 matched
2026-08-24 02:23:15,762 INFO ncaa_identity: contest_id=1782660 teams 2306/2306 matched, players 6064/6282 matched
2026-08-24 02:23:17,858 INFO ncaa_identity: contest_id=1782681 teams 1617/3279 matched, players 4477/9026 matched
2026-08-24 02:23:19,511 INFO ncaa_identity: contest_id=1782697 teams 1287/2489 matched, players 3555/7028 matched
2026-08-24 02:23:23,063 INFO ncaa_identity: contest_id=1782751 teams 2810/2810 matched, players 7444/7710 matched
2026-08-24 02:23:24,818 INFO ncaa_identity: contest_id=1782773 teams 2280/2280 matched, players 5814/6210 matched
2026-08-24 02:23:28,458 INFO ncaa_identity: contest_id=1782802 teams 2717/2717 matched, players 7316/7449 matched
2026-08-24 02:23:30,755 INFO ncaa_identity: contest_id=1782912 teams 1497/2874 matched, players 3410/8121 matched
2026-08-24 02:23:36,259 INFO ncaa_identity: contest_id=1783090 teams 1382/2603 matched, players 3653/7116 matched
2026-08-24 02:23:42,255 INFO ncaa_identity: contest_id=1783242 teams 2312/2312 matched, players 6112/6352 matched
2026-08-24 02:23:46,137 INFO ncaa_identity: contest_id=1783410 teams 1374/2605 matched, players 3591/7157 matched
2026-08-24 02:24:02,303 INFO ncaa_identity: contest_id=1783555 teams 2736/2736 matched, players 7114/7501 matched
2026-08-24 02:24:04,400 INFO ncaa_identity: contest_id=1783606 teams 1408/2823 matched, players 3857/7749 matched
2026-08-24 02:24:11,747 INFO ncaa_identity: contest_id=1783748 teams 2625/2625 matched, players 7173/7178 matched
2026-08-24 02:24:13,620 INFO ncaa_identity: contest_id=1783781 teams 1354/2764 matched, players 3782/7616 matched
2026-08-24 02:24:18,836 INFO ncaa_identity: contest_id=1783852 teams 2687/2687 matched, players 7078/7358 matched
2026-08-24 02:24:20,435 INFO ncaa_identity: contest_id=1783892 teams 2449/2449 matched, players 5959/6885 matched
2026-08-24 02:24:22,312 INFO ncaa_identity: contest_id=1783914 teams 2679/2679 matched, players 6575/7364 matched
2026-08-24 02:24:23,834 INFO ncaa_identity: contest_id=1783930 teams 2576/2576 matched, players 6923/7245 matched
2026-08-24 02:24:25,500 INFO ncaa_identity: contest_id=1783946 teams 1344/2639 matched, players 3718/7239 matched
2026-08-24 02:24:28,650 INFO ncaa_identity: contest_id=1784020 teams 2795/2795 matched, players 7883/7924 matched
2026-08-24 02:24:34,954 INFO ncaa_identity: contest_id=1784247 teams 1406/2717 matched, players 3811/7432 matched
2026-08-24 02:24:36,418 INFO ncaa_identity: contest_id=1784311 teams 2366/2366 matched, players 6601/6633 matched
2026-08-24 02:24:38,512 INFO ncaa_identity: contest_id=1784392 teams 2655/2655 matched, players 7251/7271 matched
2026-08-24 02:24:45,599 INFO ncaa_identity: contest_id=1784469 teams 2957/2957 matched, players 7803/8180 matched
2026-08-24 02:24:51,330 INFO ncaa_identity: contest_id=1784510 teams 2604/2604 matched, players 6772/7108 matched
2026-08-24 02:24:53,210 INFO ncaa_identity: contest_id=1784551 teams 2083/2083 matched, players 5501/5684 matched
2026-08-24 02:24:54,760 INFO ncaa_identity: contest_id=1784568 teams 1407/2753 matched, players 3810/7540 matched
2026-08-24 02:24:58,661 INFO ncaa_identity: contest_id=1784726 teams 2937/2937 matched, players 7699/8315 matched
2026-08-24 02:25:01,857 INFO ncaa_identity: contest_id=1784787 teams 2604/2604 matched, players 6880/7314 matched
2026-08-24 02:25:05,749 INFO ncaa_identity: contest_id=1784841 teams 1259/2560 matched, players 3419/7013 matched
2026-08-24 02:25:17,802 INFO ncaa_identity: contest_id=1784935 teams 3105/3105 matched, players 7582/8560 matched
2026-08-24 02:25:19,821 INFO ncaa_identity: contest_id=1784953 teams 2392/2392 matched, players 6301/6721 matched
2026-08-24 02:25:21,931 INFO ncaa_identity: contest_id=1784971 teams 3135/3135 matched, players 8189/8624 matched
2026-08-24 02:25:23,528 INFO ncaa_identity: contest_id=1784991 teams 2362/2362 matched, players 5732/6644 matched
2026-08-24 02:25:25,951 INFO ncaa_identity: contest_id=1785007 teams 2654/2654 matched, players 6663/7288 matched
2026-08-24 02:25:29,888 INFO ncaa_identity: contest_id=1785077 teams 1284/2550 matched, players 3509/6994 matched
2026-08-24 02:25:42,828 INFO ncaa_identity: contest_id=1785267 teams 2654/2654 matched, players 7068/7276 matched
2026-08-24 02:25:51,169 INFO ncaa_identity: contest_id=1785332 teams 3031/3031 matched, players 8167/8398 matched
2026-08-24 02:26:07,348 INFO ncaa_identity: contest_id=1785420 teams 2657/2657 matched, players 6819/7331 matched
2026-08-24 02:26:14,702 INFO ncaa_identity: contest_id=1785481 teams 1183/2401 matched, players 3282/6539 matched
2026-08-24 02:26:43,698 INFO ncaa_identity: contest_id=1785646 teams 2689/2689 matched, players 7140/7374 matched
2026-08-24 02:26:51,690 INFO ncaa_identity: contest_id=1785668 teams 0/2658 matched, players 0/7267 matched
2026-08-24 02:26:58,459 INFO ncaa_identity: contest_id=1785689 teams 3201/3201 matched, players 8146/8817 matched
2026-08-24 02:27:54,012 INFO ncaa_identity: contest_id=1786027 teams 1153/2316 matched, players 3142/6327 matched
2026-08-24 02:28:17,184 INFO ncaa_identity: contest_id=1786156 teams 1646/3280 matched, players 4498/9020 matched
2026-08-24 02:28:30,082 INFO ncaa_identity: contest_id=1786261 teams 1401/2842 matched, players 3896/7768 matched
2026-08-24 02:29:14,697 INFO ncaa_identity: contest_id=1786385 teams 1497/2905 matched, players 4039/7978 matched
2026-08-24 02:30:15,200 INFO ncaa_identity: contest_id=1786797 teams 2101/2101 matched, players 4927/5853 matched
2026-08-24 02:30:24,913 INFO ncaa_identity: contest_id=1786833 teams 1246/2472 matched, players 3380/6784 matched
2026-08-24 02:30:49,578 INFO ncaa_identity: contest_id=1786893 teams 2533/2533 matched, players 6561/6896 matched
2026-08-24 02:30:55,471 INFO ncaa_identity: contest_id=1786971 teams 3061/3061 matched, players 7856/8453 matched
2026-08-24 02:31:01,728 INFO ncaa_identity: contest_id=1787053 teams 3212/3212 matched, players 7579/8877 matched
2026-08-24 02:31:05,547 INFO ncaa_identity: contest_id=1787135 teams 2744/2744 matched, players 7207/7533 matched
2026-08-24 02:31:07,611 INFO ncaa_identity: contest_id=1787149 teams 1186/2375 matched, players 3248/6455 matched
2026-08-24 02:31:09,535 INFO ncaa_identity: contest_id=1787178 teams 2616/2616 matched, players 6741/7193 matched
2026-08-24 02:31:11,848 INFO ncaa_identity: contest_id=1787221 teams 2063/3774 matched, players 5551/10545 matched
2026-08-24 02:31:13,536 INFO ncaa_identity: contest_id=1787259 teams 2747/2747 matched, players 6962/7522 matched
2026-08-24 02:31:15,982 INFO ncaa_identity: contest_id=1787273 teams 2743/2743 matched, players 7069/7736 matched
2026-08-24 02:31:21,789 INFO ncaa_identity: contest_id=1787314 teams 2733/2733 matched, players 7176/7457 matched
2026-08-24 02:31:33,073 INFO ncaa_identity: contest_id=1787397 teams 2859/2859 matched, players 7529/7832 matched
2026-08-24 02:31:36,917 INFO ncaa_identity: contest_id=1787434 teams 2320/2320 matched, players 6215/6583 matched
2026-08-24 02:31:48,533 INFO ncaa_identity: contest_id=1787581 teams 2480/2480 matched, players 6813/6826 matched
2026-08-24 02:31:50,501 INFO ncaa_identity: contest_id=1787610 teams 2789/2789 matched, players 7438/7663 matched
2026-08-24 02:31:52,111 INFO ncaa_identity: contest_id=1787629 teams 2519/2519 matched, players 6882/6883 matched
2026-08-24 02:31:55,738 INFO ncaa_identity: contest_id=1787653 teams 2583/2583 matched, players 6990/7093 matched
2026-08-24 02:31:57,839 INFO ncaa_identity: contest_id=1787668 teams 2946/2946 matched, players 7481/8106 matched
2026-08-24 02:32:00,596 INFO ncaa_identity: contest_id=1787679 teams 3017/3017 matched, players 7906/8307 matched
2026-08-24 02:32:02,201 INFO ncaa_identity: contest_id=1787689 teams 2582/2582 matched, players 6855/7066 matched
2026-08-24 02:32:08,185 INFO ncaa_identity: contest_id=1787766 teams 2191/2191 matched, players 5912/5977 matched
2026-08-24 02:32:11,878 INFO ncaa_identity: contest_id=1787788 teams 2699/2699 matched, players 7090/7382 matched
2026-08-24 02:32:14,268 INFO ncaa_identity: contest_id=1787799 teams 2466/2466 matched, players 6702/6761 matched
2026-08-24 02:32:17,793 INFO ncaa_identity: contest_id=1787861 teams 2308/2308 matched, players 5349/6240 matched
2026-08-24 02:32:23,849 INFO ncaa_identity: contest_id=1787975 teams 2633/2633 matched, players 7060/7458 matched
2026-08-24 02:32:30,658 INFO ncaa_identity: contest_id=1788023 teams 1367/2744 matched, players 3767/7551 matched
2026-08-24 02:32:32,983 INFO ncaa_identity: contest_id=1788038 teams 2308/2308 matched, players 5893/6485 matched
2026-08-24 02:32:35,668 INFO ncaa_identity: contest_id=1788053 teams 1236/2426 matched, players 3304/6588 matched
2026-08-24 02:33:31,946 INFO ncaa_identity: contest_id=1788584 teams 2758/2758 matched, players 7156/7553 matched
2026-08-24 02:33:47,021 INFO ncaa_identity: contest_id=1788722 teams 2592/2592 matched, players 6871/7087 matched
2026-08-24 02:34:06,043 INFO ncaa_identity: contest_id=1788772 teams 2320/2320 matched, players 6375/6582 matched
2026-08-24 02:34:25,898 INFO ncaa_identity: contest_id=1788845 teams 2934/2934 matched, players 7538/8032 matched
2026-08-24 02:34:33,750 INFO ncaa_identity: contest_id=1788867 teams 2641/2641 matched, players 7200/7263 matched
2026-08-24 02:34:38,765 INFO ncaa_identity: contest_id=1788933 teams 2338/2338 matched, players 6208/6368 matched
2026-08-24 02:35:47,386 INFO ncaa_identity: contest_id=1789314 teams 2481/2481 matched, players 5973/6763 matched
2026-08-24 02:35:58,168 INFO ncaa_identity: contest_id=1789389 teams 2697/2697 matched, players 7337/7347 matched
2026-08-24 02:36:02,842 INFO ncaa_identity: contest_id=1789401 teams 2123/2123 matched, players 5717/5963 matched
2026-08-24 02:36:08,309 INFO ncaa_identity: contest_id=1789433 teams 1120/2260 matched, players 3037/6201 matched
2026-08-24 02:36:39,764 INFO ncaa_identity: contest_id=1789685 teams 1196/2375 matched, players 3266/6512 matched
2026-08-24 02:36:50,286 INFO ncaa_identity: contest_id=1789776 teams 2176/2176 matched, players 5681/6089 matched
2026-08-24 02:37:07,090 INFO ncaa_identity: contest_id=1789864 teams 2634/2634 matched, players 7104/7250 matched
2026-08-24 02:37:29,251 INFO ncaa_identity: contest_id=1789921 teams 2631/2631 matched, players 6384/7394 matched
2026-08-24 02:37:56,976 INFO ncaa_identity: contest_id=1790171 teams 1205/2464 matched, players 3325/6762 matched
2026-08-24 02:38:05,510 INFO ncaa_identity: contest_id=1790326 teams 2970/2970 matched, players 7715/8184 matched
2026-08-24 02:38:16,480 INFO ncaa_identity: contest_id=1790444 teams 3156/3156 matched, players 8403/8780 matched
2026-08-24 02:38:23,226 INFO ncaa_identity: contest_id=1790535 teams 2421/2421 matched, players 6644/6653 matched
2026-08-24 02:38:28,641 INFO ncaa_identity: contest_id=1790664 teams 3183/3183 matched, players 8398/8781 matched
2026-08-24 02:38:39,829 INFO ncaa_identity: contest_id=1790847 teams 2564/2564 matched, players 7018/7193 matched
2026-08-24 02:38:58,250 INFO ncaa_identity: contest_id=1791072 teams 2631/2631 matched, players 6857/7247 matched
2026-08-24 02:39:06,120 INFO ncaa_identity: contest_id=1791294 teams 2782/2782 matched, players 7002/7659 matched
2026-08-24 02:39:12,256 INFO ncaa_identity: contest_id=1791385 teams 2511/2511 matched, players 6808/6881 matched
2026-08-24 02:39:23,285 INFO 5 starters not found for period 1; using estimate
2026-08-24 02:39:26,883 INFO ncaa_identity: contest_id=1791535 teams 1252/2556 matched, players 3553/7021 matched
2026-08-24 02:39:30,372 INFO ncaa_identity: contest_id=1791672 teams 2629/2629 matched, players 7224/7239 matched
2026-08-24 02:39:38,020 INFO ncaa_identity: contest_id=1791785 teams 1995/1995 matched, players 737/779 matched
2026-08-24 02:39:40,231 INFO ncaa_identity: contest_id=1791811 teams 2997/2997 matched, players 8257/8258 matched
2026-08-24 02:39:56,428 INFO ncaa_identity: contest_id=1792030 teams 3177/3177 matched, players 8465/8784 matched
2026-08-24 02:40:01,702 INFO ncaa_identity: contest_id=1792128 teams 2914/2914 matched, players 7734/8053 matched
2026-08-24 02:40:15,036 INFO ncaa_identity: contest_id=1792431 teams 2398/2398 matched, players 6374/6526 matched
2026-08-24 02:40:18,700 INFO ncaa_identity: contest_id=1792457 teams 2517/2517 matched, players 6408/6876 matched
2026-08-24 02:40:22,630 INFO ncaa_identity: contest_id=1792529 teams 2275/2275 matched, players 5770/6204 matched
2026-08-24 02:40:29,893 INFO ncaa_identity: contest_id=1792624 teams 1222/2307 matched, players 3167/6288 matched
2026-08-24 02:40:33,571 INFO ncaa_identity: contest_id=1792756 teams 2685/2685 matched, players 7179/7330 matched
2026-08-24 02:40:37,110 INFO ncaa_identity: contest_id=1792813 teams 2492/2492 matched, players 6794/6798 matched
2026-08-24 02:40:47,617 INFO ncaa_identity: contest_id=1793017 teams 3152/3152 matched, players 8305/8700 matched
2026-08-24 02:40:56,103 INFO ncaa_identity: contest_id=1793096 teams 2254/2254 matched, players 5829/6157 matched
2026-08-24 02:41:05,407 INFO ncaa_identity: contest_id=1793375 teams 2889/2889 matched, players 6716/7890 matched
2026-08-24 02:41:09,026 INFO ncaa_identity: contest_id=1793454 teams 2354/2354 matched, players 5825/6434 matched
2026-08-24 02:41:10,751 INFO ncaa_identity: contest_id=1793470 teams 2770/2770 matched, players 7596/7602 matched
2026-08-24 02:41:29,019 INFO ncaa_identity: contest_id=1793780 teams 2474/2474 matched, players 6349/6749 matched
2026-08-24 02:41:31,836 INFO ncaa_identity: contest_id=1793808 teams 2891/2891 matched, players 7891/7893 matched
2026-08-24 02:41:37,498 INFO ncaa_identity: contest_id=1793882 teams 1250/2483 matched, players 3432/6752 matched
2026-08-24 02:41:43,245 INFO ncaa_identity: contest_id=1794039 teams 2353/2353 matched, players 6351/6365 matched
2026-08-24 02:41:53,482 INFO ncaa_identity: contest_id=1794109 teams 2762/2762 matched, players 7292/7747 matched
2026-08-24 02:41:58,407 INFO ncaa_identity: contest_id=1794196 teams 2514/2514 matched, players 6377/6876 matched
2026-08-24 02:42:00,296 INFO ncaa_identity: contest_id=1794274 teams 1274/2553 matched, players 3462/6932 matched
2026-08-24 02:42:01,778 INFO ncaa_identity: contest_id=1794318 teams 2351/2351 matched, players 5988/6475 matched
2026-08-24 02:42:13,119 INFO ncaa_identity: contest_id=1794529 teams 2771/2771 matched, players 7173/7560 matched
2026-08-24 02:42:14,654 INFO ncaa_identity: contest_id=1794540 teams 2206/2206 matched, players 5742/6229 matched
2026-08-24 02:42:16,630 INFO ncaa_identity: contest_id=1794552 teams 2325/2325 matched, players 5853/6344 matched
2026-08-24 02:42:23,774 INFO ncaa_identity: contest_id=1794651 teams 1209/2362 matched, players 3289/6486 matched
2026-08-24 02:42:28,837 INFO ncaa_identity: contest_id=1794820 teams 2467/2467 matched, players 6388/6748 matched
2026-08-24 02:42:34,603 INFO ncaa_identity: contest_id=1794902 teams 2379/2379 matched, players 6444/6504 matched
2026-08-24 02:42:36,742 INFO ncaa_identity: contest_id=1794922 teams 2389/2389 matched, players 5750/6507 matched
2026-08-24 02:42:47,849 INFO ncaa_identity: contest_id=1795125 teams 2607/2607 matched, players 7140/7151 matched
2026-08-24 02:42:55,406 INFO ncaa_identity: contest_id=1795181 teams 2783/2783 matched, players 7186/7610 matched
2026-08-24 02:43:01,959 INFO ncaa_identity: contest_id=1795378 teams 2423/2423 matched, players 6093/6636 matched
2026-08-24 02:43:09,797 INFO ncaa_identity: contest_id=1795539 teams 2727/2727 matched, players 7095/7489 matched
2026-08-24 02:43:12,084 INFO ncaa_identity: contest_id=1795554 teams 3215/3215 matched, players 8832/8834 matched
2026-08-24 02:43:22,216 INFO ncaa_identity: contest_id=1795646 teams 2184/2184 matched, players 5330/5943 matched
2026-08-24 02:43:38,848 INFO ncaa_identity: contest_id=1795926 teams 2144/2144 matched, players 5606/6046 matched
2026-08-24 02:43:41,965 INFO ncaa_identity: contest_id=1796023 teams 2161/2161 matched, players 5560/6109 matched
2026-08-24 02:43:45,627 INFO ncaa_identity: contest_id=1796093 teams 2567/2567 matched, players 6950/7068 matched
2026-08-24 02:44:00,038 INFO ncaa_identity: contest_id=1796195 teams 2402/2402 matched, players 6666/6711 matched
2026-08-24 02:44:04,076 INFO ncaa_identity: contest_id=1796260 teams 2519/2519 matched, players 6342/6920 matched
2026-08-24 02:44:12,751 INFO ncaa_identity: contest_id=1796314 teams 2323/2323 matched, players 6305/6314 matched
2026-08-24 02:44:17,347 INFO ncaa_identity: contest_id=1796369 teams 2783/2783 matched, players 7593/7687 matched
2026-08-24 02:44:20,135 INFO ncaa_identity: contest_id=1796379 teams 3245/3245 matched, players 8539/8941 matched
2026-08-24 02:44:31,028 INFO ncaa_identity: contest_id=1796445 teams 2388/2388 matched, players 6474/6525 matched
2026-08-24 02:44:42,114 INFO ncaa_identity: contest_id=1796567 teams 1403/2706 matched, players 3644/7421 matched
2026-08-24 02:44:44,356 INFO ncaa_identity: contest_id=1796584 teams 1283/2564 matched, players 3529/7000 matched
2026-08-24 02:44:57,848 INFO ncaa_identity: contest_id=1796676 teams 2983/2983 matched, players 8135/8223 matched
2026-08-24 02:45:01,761 INFO ncaa_identity: contest_id=1796696 teams 1269/2538 matched, players 3445/6905 matched
2026-08-24 02:45:06,098 INFO ncaa_identity: contest_id=1796717 teams 1472/2975 matched, players 3475/8197 matched
2026-08-24 02:45:09,467 INFO ncaa_identity: contest_id=1796737 teams 1208/2405 matched, players 3281/6512 matched
2026-08-24 02:45:16,886 INFO ncaa_identity: contest_id=1796779 teams 2937/2937 matched, players 8016/8139 matched
2026-08-24 02:45:22,010 INFO ncaa_identity: contest_id=1796811 teams 2516/2516 matched, players 6955/7058 matched
2026-08-24 02:45:25,591 INFO ncaa_identity: contest_id=1796831 teams 2664/2664 matched, players 6782/7304 matched
2026-08-24 02:45:27,307 INFO ncaa_identity: contest_id=1796841 teams 2473/2473 matched, players 6753/6774 matched
2026-08-24 02:45:32,426 INFO ncaa_identity: contest_id=1814649 teams 2171/2171 matched, players 5901/6108 matched
2026-08-24 02:45:40,546 INFO ncaa_identity: contest_id=1818607 teams 2770/2770 matched, players 7226/7619 matched
2026-08-24 02:46:03,870 INFO ncaa_identity: contest_id=1969645 teams 2459/2459 matched, players 6651/6660 matched
2026-08-24 02:46:14,401 INFO ncaa_identity: contest_id=1971430 teams 2338/2338 matched, players 5998/6399 matched
2026-08-24 02:46:24,590 INFO ncaa_identity: contest_id=1978143 teams 1430/2869 matched, players 3974/7897 matched
2026-08-24 02:46:30,719 INFO ncaa_identity: contest_id=1978187 teams 1521/3021 matched, players 4107/8301 matched
2026-08-24 02:46:32,855 INFO ncaa_identity: contest_id=1978202 teams 2970/2970 matched, players 7321/8205 matched
2026-08-24 02:46:39,672 INFO ncaa_identity: contest_id=1978267 teams 1464/2959 matched, players 4095/8202 matched
2026-08-24 02:47:00,445 INFO ncaa_identity: contest_id=1978466 teams 2840/2840 matched, players 7321/7851 matched
2026-08-24 02:47:03,125 INFO ncaa_identity: contest_id=1978495 teams 1402/2799 matched, players 3887/7721 matched
2026-08-24 02:47:06,743 INFO ncaa_identity: contest_id=1978559 teams 1426/2702 matched, players 3760/7393 matched
2026-08-24 02:47:08,672 INFO ncaa_identity: contest_id=1978582 teams 2401/2401 matched, players 6258/6539 matched
2026-08-24 02:47:17,051 INFO ncaa_identity: contest_id=1978641 teams 1295/2604 matched, players 3557/7150 matched
2026-08-24 02:47:21,322 INFO ncaa_identity: contest_id=1978689 teams 2867/2867 matched, players 7650/7791 matched
2026-08-24 02:47:24,691 WARNING ncaa_parse: family=shots contest_id=1978725 team=Southeast Mo. St. SKIPPED (1 parse error(s)): No shot events found [<!DOCTYPE html> <html lang="en"> <head> <meta content="text/html; charset=utf-8" http-equiv="CONTENT-TYPE"/> <meta charset="utf-8"/> <meta...
2026-08-24 02:47:24,770 INFO ncaa_identity: contest_id=1978725 teams 2481/2481 matched, players 6202/7012 matched
2026-08-24 02:47:26,705 INFO ncaa_identity: contest_id=1978749 teams 1397/2886 matched, players 3955/7970 matched
2026-08-24 02:47:35,953 INFO ncaa_identity: contest_id=1978831 teams 1430/2866 matched, players 4002/7832 matched
2026-08-24 02:47:40,723 INFO ncaa_identity: contest_id=1978868 teams 3492/3492 matched, players 9124/9607 matched
2026-08-24 02:47:42,952 INFO ncaa_identity: contest_id=1978887 teams 2645/2645 matched, players 6600/7232 matched
2026-08-24 02:47:45,040 INFO ncaa_identity: contest_id=1978904 teams 1526/3074 matched, players 4225/8469 matched
2026-08-24 02:47:53,480 INFO ncaa_identity: contest_id=1978989 teams 3008/3008 matched, players 8257/8268 matched
2026-08-24 02:47:55,155 INFO ncaa_identity: contest_id=1979010 teams 2861/2861 matched, players 7823/7845 matched
2026-08-24 02:47:57,312 INFO ncaa_identity: contest_id=1979037 teams 1432/2645 matched, players 3648/7241 matched
2026-08-24 02:47:59,604 INFO ncaa_identity: contest_id=1979049 teams 2997/2997 matched, players 8039/8223 matched
2026-08-24 02:48:04,136 INFO ncaa_identity: contest_id=1979085 teams 1493/2838 matched, players 3547/7746 matched
2026-08-24 02:48:05,721 INFO ncaa_identity: contest_id=1979104 teams 2587/2587 matched, players 6576/7132 matched
2026-08-24 02:48:07,961 INFO ncaa_identity: contest_id=1979116 teams 2647/2647 matched, players 6919/7258 matched
2026-08-24 02:48:16,353 INFO ncaa_identity: contest_id=1979186 teams 2613/2613 matched, players 7050/7105 matched
2026-08-24 02:48:23,253 WARNING ncaa_parse: family=shots contest_id=1979232 team=Marshall SKIPPED (1 parse error(s)): No shot events found [<!DOCTYPE html> <html lang="en"> <head> <meta content="text/html; charset=utf-8" http-equiv="CONTENT-TYPE"/> <meta charset="utf-8"/> <meta...
2026-08-24 02:48:25,846 INFO ncaa_identity: contest_id=1979246 teams 3157/3157 matched, players 8687/8719 matched
2026-08-24 02:48:27,227 INFO ncaa_identity: contest_id=1979263 teams 2157/2157 matched, players 5380/5896 matched
2026-08-24 02:48:29,170 INFO ncaa_identity: contest_id=1979282 teams 2630/2630 matched, players 6570/7245 matched
2026-08-24 02:48:35,516 INFO ncaa_identity: contest_id=1979331 teams 1367/2659 matched, players 3676/7286 matched
2026-08-24 02:48:37,223 WARNING ncaa_parse: family=shots contest_id=1979352 team=Southeast Mo. St. SKIPPED (1 parse error(s)): No shot events found [<!DOCTYPE html> <html lang="en"> <head> <meta content="text/html; charset=utf-8" http-equiv="CONTENT-TYPE"/> <meta charset="utf-8"/> <meta...
2026-08-24 02:48:37,321 INFO ncaa_identity: contest_id=1979352 teams 2298/2298 matched, players 6259/6456 matched
2026-08-24 02:48:43,775 INFO ncaa_identity: contest_id=1979408 teams 2764/2764 matched, players 7042/7616 matched
2026-08-24 02:48:50,229 INFO ncaa_identity: contest_id=1979486 teams 2931/2931 matched, players 8040/8044 matched
2026-08-24 02:49:00,998 INFO ncaa_identity: contest_id=1979595 teams 2681/2681 matched, players 6389/7364 matched
2026-08-24 02:49:10,494 INFO ncaa_identity: contest_id=1979717 teams 2617/2617 matched, players 7172/7185 matched
2026-08-24 02:49:12,101 INFO ncaa_identity: contest_id=1979742 teams 1240/2450 matched, players 3344/6724 matched
2026-08-24 02:49:14,150 INFO ncaa_identity: contest_id=1979765 teams 2819/2819 matched, players 7011/7744 matched
2026-08-24 02:49:17,675 WARNING ncaa_parse: family=shots contest_id=1979833 team=Marshall SKIPPED (1 parse error(s)): No shot events found [<!DOCTYPE html> <html lang="en"> <head> <meta content="text/html; charset=utf-8" http-equiv="CONTENT-TYPE"/> <meta charset="utf-8"/> <meta...
2026-08-24 02:49:19,814 INFO ncaa_identity: contest_id=1979852 teams 2924/2924 matched, players 7952/8076 matched
2026-08-24 02:49:21,864 INFO ncaa_identity: contest_id=1979895 teams 2903/2903 matched, players 7638/8013 matched
2026-08-24 02:49:25,658 INFO ncaa_identity: contest_id=1979933 teams 2780/2780 matched, players 7084/7637 matched
2026-08-24 02:49:27,621 INFO ncaa_identity: contest_id=1979954 teams 3047/3047 matched, players 8338/8342 matched
2026-08-24 02:49:41,705 INFO ncaa_identity: contest_id=1980184 teams 1395/2816 matched, players 3178/7796 matched
2026-08-24 02:49:45,600 WARNING ncaa_parse: family=shots contest_id=1980237 team=Morehead St. SKIPPED (1 parse error(s)): No shot events found [<!DOCTYPE html> <html lang="en"> <head> <meta content="text/html; charset=utf-8" http-equiv="CONTENT-TYPE"/> <meta charset="utf-8"/> <meta...
2026-08-24 02:49:45,971 INFO ncaa_identity: contest_id=1980237 teams 2320/2320 matched, players 5832/6512 matched
2026-08-24 02:49:47,557 WARNING ncaa_parse: family=shots contest_id=1980276 team=Hampton SKIPPED (1 parse error(s)): No shot events found [<!DOCTYPE html> <html lang="en"> <head> <meta content="text/html; charset=utf-8" http-equiv="CONTENT-TYPE"/> <meta charset="utf-8"/> <meta...
2026-08-24 02:49:47,656 INFO ncaa_identity: contest_id=1980276 teams 2126/2126 matched, players 5879/5966 matched
2026-08-24 02:49:49,858 INFO ncaa_identity: contest_id=1980295 teams 2985/2985 matched, players 8225/8240 matched
2026-08-24 02:49:51,481 INFO ncaa_identity: contest_id=1980310 teams 2947/2947 matched, players 8075/8106 matched
2026-08-24 02:49:54,651 WARNING ncaa_parse: family=shots contest_id=1980347 team=Marshall SKIPPED (1 parse error(s)): No shot events found [<!DOCTYPE html> <html lang="en"> <head> <meta content="text/html; charset=utf-8" http-equiv="CONTENT-TYPE"/> <meta charset="utf-8"/> <meta...
2026-08-24 02:49:59,108 INFO ncaa_identity: contest_id=1980388 teams 2500/2500 matched, players 5694/6810 matched
2026-08-24 02:50:02,848 INFO ncaa_identity: contest_id=1980424 teams 2574/2574 matched, players 6032/7051 matched
2026-08-24 02:50:16,145 INFO ncaa_identity: contest_id=1980699 teams 2331/2331 matched, players 6186/6382 matched
2026-08-24 02:50:19,363 INFO ncaa_identity: contest_id=1980738 teams 2509/2509 matched, players 6864/6890 matched
2026-08-24 02:50:20,522 WARNING ncaa_parse: family=shots contest_id=1980757 team=Old Dominion SKIPPED (1 parse error(s)): No shot events found [<!DOCTYPE html> <html lang="en"> <head> <meta content="text/html; charset=utf-8" http-equiv="CONTENT-TYPE"/> <meta charset="utf-8"/> <meta...
2026-08-24 02:50:26,642 INFO ncaa_identity: contest_id=1980823 teams 3201/3201 matched, players 8391/8816 matched
2026-08-24 02:50:30,008 INFO ncaa_identity: contest_id=1980911 teams 2362/2362 matched, players 5800/6463 matched
2026-08-24 02:50:33,268 INFO ncaa_identity: contest_id=1980956 teams 2176/2176 matched, players 5931/5971 matched
2026-08-24 02:50:35,353 INFO ncaa_identity: contest_id=1980995 teams 2591/2591 matched, players 6471/7096 matched
2026-08-24 02:50:36,532 WARNING ncaa_parse: family=shots contest_id=1981035 team=Southeast Mo. St. SKIPPED (1 parse error(s)): No shot events found [<!DOCTYPE html> <html lang="en"> <head> <meta content="text/html; charset=utf-8" http-equiv="CONTENT-TYPE"/> <meta charset="utf-8"/> <meta...
2026-08-24 02:50:44,371 INFO ncaa_identity: contest_id=1981131 teams 3188/3188 matched, players 8794/8808 matched
2026-08-24 02:50:46,095 INFO ncaa_identity: contest_id=1981151 teams 2427/2427 matched, players 5712/6637 matched
2026-08-24 02:50:49,644 INFO ncaa_identity: contest_id=1981187 teams 2480/2480 matched, players 6364/6765 matched
2026-08-24 02:50:51,657 INFO ncaa_identity: contest_id=1981204 teams 1436/2889 matched, players 3993/7970 matched
2026-08-24 02:50:53,146 WARNING ncaa_parse: family=shots contest_id=1981227 team=Eastern Ky. SKIPPED (1 parse error(s)): No shot events found [<!DOCTYPE html> <html lang="en"> <head> <meta content="text/html; charset=utf-8" http-equiv="CONTENT-TYPE"/> <meta charset="utf-8"/> <meta...
2026-08-24 02:50:55,120 INFO ncaa_identity: contest_id=1981291 teams 1416/2585 matched, players 3575/7056 matched
2026-08-24 02:50:59,140 INFO ncaa_identity: contest_id=1981345 teams 2525/2525 matched, players 6432/6924 matched
2026-08-24 02:51:02,482 WARNING ncaa_parse: family=shots contest_id=1981427 team=Old Dominion SKIPPED (1 parse error(s)): No shot events found [<!DOCTYPE html> <html lang="en"> <head> <meta content="text/html; charset=utf-8" http-equiv="CONTENT-TYPE"/> <meta charset="utf-8"/> <meta...
2026-08-24 02:51:02,546 INFO ncaa_identity: contest_id=1981427 teams 3024/3024 matched, players 8506/8581 matched
2026-08-24 02:51:07,830 WARNING ncaa_parse: family=shots contest_id=1981503 team=Winthrop SKIPPED (1 parse error(s)): No shot events found [<!DOCTYPE html> <html lang="en"> <head> <meta content="text/html; charset=utf-8" http-equiv="CONTENT-TYPE"/> <meta charset="utf-8"/> <meta...
2026-08-24 02:51:13,336 INFO ncaa_identity: contest_id=1981565 teams 2273/2273 matched, players 5817/6215 matched
2026-08-24 02:51:18,545 INFO ncaa_identity: contest_id=1981620 teams 1228/2486 matched, players 3483/6863 matched
2026-08-24 02:51:30,729 INFO ncaa_identity: contest_id=1981842 teams 2581/2581 matched, players 7097/7103 matched
2026-08-24 02:51:35,061 INFO ncaa_identity: contest_id=1981905 teams 2422/2422 matched, players 6633/6639 matched
2026-08-24 02:51:40,598 INFO ncaa_identity: contest_id=1981956 teams 2495/2495 matched, players 6851/6852 matched
2026-08-24 02:51:45,267 INFO ncaa_identity: contest_id=1982003 teams 2775/2775 matched, players 7615/7620 matched
2026-08-24 02:52:02,091 WARNING ncaa_parse: family=shots contest_id=1982224 team=Eastern Ky. SKIPPED (1 parse error(s)): No shot events found [<!DOCTYPE html> <html lang="en"> <head> <meta content="text/html; charset=utf-8" http-equiv="CONTENT-TYPE"/> <meta charset="utf-8"/> <meta...
2026-08-24 02:52:04,205 WARNING ncaa_parse: family=shots contest_id=1982261 team=Winthrop SKIPPED (1 parse error(s)): No shot events found [<!DOCTYPE html> <html lang="en"> <head> <meta content="text/html; charset=utf-8" http-equiv="CONTENT-TYPE"/> <meta charset="utf-8"/> <meta...
2026-08-24 02:52:13,291 INFO ncaa_identity: contest_id=1982305 teams 3032/3032 matched, players 8287/8290 matched
2026-08-24 02:52:21,915 INFO ncaa_identity: contest_id=1982396 teams 2533/2533 matched, players 6624/6921 matched
2026-08-24 02:52:23,468 INFO ncaa_identity: contest_id=1982420 teams 2134/2134 matched, players 5662/5809 matched
2026-08-24 02:52:27,824 INFO ncaa_identity: contest_id=1982461 teams 1325/2767 matched, players 3762/7602 matched
2026-08-24 02:52:30,276 INFO ncaa_identity: contest_id=1982475 teams 2373/2373 matched, players 6070/6478 matched
2026-08-24 02:52:37,119 INFO ncaa_identity: contest_id=1982520 teams 2504/2504 matched, players 6315/6869 matched
2026-08-24 02:52:39,035 INFO ncaa_identity: contest_id=1982531 teams 2646/2646 matched, players 7216/7277 matched
2026-08-24 02:52:47,409 INFO ncaa_identity: contest_id=1987332 teams 3078/3078 matched, players 8467/8473 matched
2026-08-24 02:52:53,559 INFO ncaa_identity: contest_id=1987491 teams 2365/2365 matched, players 6044/6427 matched
2026-08-24 02:52:55,684 WARNING ncaa_parse: family=shots contest_id=1987643 team=Gardner-Webb SKIPPED (1 parse error(s)): No shot events found [<!DOCTYPE html> <html lang="en"> <head> <meta content="text/html; charset=utf-8" http-equiv="CONTENT-TYPE"/> <meta charset="utf-8"/> <meta...
2026-08-24 02:52:57,997 INFO ncaa_identity: contest_id=1987756 teams 3120/3120 matched, players 8105/8659 matched
2026-08-24 02:53:00,291 INFO ncaa_identity: contest_id=1987871 teams 2990/2990 matched, players 7775/8209 matched
2026-08-24 02:53:02,636 INFO ncaa_identity: contest_id=1987956 teams 1269/2598 matched, players 3627/7162 matched
2026-08-24 02:53:04,781 INFO ncaa_identity: contest_id=1987967 teams 1331/2674 matched, players 3642/7320 matched
2026-08-24 02:53:09,522 INFO ncaa_identity: contest_id=1988091 teams 1385/2795 matched, players 3878/7717 matched
2026-08-24 02:53:11,801 INFO ncaa_identity: contest_id=1988162 teams 2481/2481 matched, players 6566/6779 matched
2026-08-24 02:53:14,041 INFO ncaa_identity: contest_id=1988190 teams 2952/2952 matched, players 8098/8147 matched
2026-08-24 02:53:18,563 WARNING ncaa_parse: family=shots contest_id=1989155 team=Utah St. SKIPPED (1 parse error(s)): No shot events found [<!DOCTYPE html> <html lang="en"> <head> <meta content="text/html; charset=utf-8" http-equiv="CONTENT-TYPE"/> <meta charset="utf-8"/> <meta...
2026-08-24 02:53:18,791 INFO ncaa_identity: contest_id=1989155 teams 2771/2771 matched, players 7646/7861 matched
2026-08-24 02:53:20,639 INFO ncaa_identity: contest_id=1989193 teams 2606/2606 matched, players 6562/7151 matched
2026-08-24 02:53:36,213 INFO ncaa_identity: contest_id=1989462 teams 2478/2478 matched, players 6368/6825 matched
2026-08-24 02:53:43,190 INFO ncaa_identity: contest_id=1989596 teams 2772/2772 matched, players 7072/7582 matched
2026-08-24 02:53:49,466 INFO ncaa_identity: contest_id=1989825 teams 1966/1966 matched, players 5298/5307 matched
2026-08-24 02:53:51,628 INFO ncaa_identity: contest_id=1989847 teams 2556/2556 matched, players 6222/7030 matched
2026-08-24 02:54:02,857 INFO ncaa_identity: contest_id=1990160 teams 2972/2972 matched, players 7971/8168 matched
2026-08-24 02:54:08,692 INFO ncaa_identity: contest_id=1990262 teams 2775/2775 matched, players 7355/7590 matched
2026-08-24 02:54:16,803 INFO ncaa_identity: contest_id=1990378 teams 2513/2513 matched, players 6796/6846 matched
2026-08-24 02:54:22,702 INFO ncaa_identity: contest_id=1990558 teams 2596/2596 matched, players 6605/7094 matched
2026-08-24 02:54:24,081 WARNING ncaa_parse: family=shots contest_id=1990568 team=Gardner-Webb SKIPPED (1 parse error(s)): No shot events found [<!DOCTYPE html> <html lang="en"> <head> <meta content="text/html; charset=utf-8" http-equiv="CONTENT-TYPE"/> <meta charset="utf-8"/> <meta...
2026-08-24 02:54:24,162 INFO ncaa_identity: contest_id=1990568 teams 2112/2112 matched, players 5731/5974 matched
2026-08-24 02:54:26,696 INFO ncaa_identity: contest_id=1990589 teams 2779/2779 matched, players 7587/7604 matched
2026-08-24 02:54:35,436 INFO 5 starters not found for period 5; using estimate
2026-08-24 02:54:41,003 INFO ncaa_identity: contest_id=1990774 teams 2663/2663 matched, players 6493/7289 matched
2026-08-24 02:54:42,771 INFO ncaa_identity: contest_id=1990835 teams 2452/2452 matched, players 6254/6712 matched
2026-08-24 02:54:44,142 WARNING ncaa_parse: family=shots contest_id=1990848 team=Fresno St. SKIPPED (1 parse error(s)): No shot events found [<!DOCTYPE html> <html lang="en"> <head> <meta content="text/html; charset=utf-8" http-equiv="CONTENT-TYPE"/> <meta charset="utf-8"/> <meta...
2026-08-24 02:54:44,197 INFO ncaa_identity: contest_id=1990848 teams 2488/2488 matched, players 6952/6989 matched
2026-08-24 02:54:45,859 WARNING ncaa_parse: family=shots contest_id=1990881 team=Utah St. SKIPPED (1 parse error(s)): No shot events found [<!DOCTYPE html> <html lang="en"> <head> <meta content="text/html; charset=utf-8" http-equiv="CONTENT-TYPE"/> <meta charset="utf-8"/> <meta...
2026-08-24 02:54:45,991 INFO ncaa_identity: contest_id=1990881 teams 2445/2445 matched, players 6542/6890 matched
2026-08-24 02:54:47,887 INFO ncaa_identity: contest_id=1990964 teams 2878/2878 matched, players 7752/7937 matched
2026-08-24 02:54:51,349 INFO ncaa_identity: contest_id=1991019 teams 2827/2827 matched, players 7171/7775 matched
2026-08-24 02:54:56,917 INFO ncaa_identity: contest_id=1991146 teams 1204/2390 matched, players 3242/6516 matched
2026-08-24 02:55:00,254 INFO ncaa_identity: contest_id=1991209 teams 2307/2307 matched, players 6015/6286 matched
2026-08-24 02:55:02,649 INFO ncaa_identity: contest_id=1991226 teams 3054/3054 matched, players 7974/8370 matched
2026-08-24 02:55:04,650 INFO ncaa_identity: contest_id=1991310 teams 1395/2806 matched, players 3825/7702 matched
2026-08-24 02:55:06,400 WARNING ncaa_parse: family=shots contest_id=1991380 team=Fresno St. SKIPPED (1 parse error(s)): No shot events found [<!DOCTYPE html> <html lang="en"> <head> <meta content="text/html; charset=utf-8" http-equiv="CONTENT-TYPE"/> <meta charset="utf-8"/> <meta...
2026-08-24 02:55:06,471 INFO ncaa_identity: contest_id=1991380 teams 2417/2417 matched, players 6557/6769 matched
2026-08-24 02:55:08,335 INFO ncaa_identity: contest_id=1991417 teams 2516/2516 matched, players 6520/6921 matched
2026-08-24 02:55:14,336 INFO ncaa_identity: contest_id=1991571 teams 2495/2495 matched, players 6673/6821 matched
2026-08-24 02:55:15,994 INFO ncaa_identity: contest_id=1991639 teams 2505/2505 matched, players 6193/6870 matched
2026-08-24 02:55:19,848 INFO ncaa_identity: contest_id=1991869 teams 2386/2386 matched, players 6528/6544 matched
2026-08-24 02:55:26,320 INFO ncaa_identity: contest_id=1991972 teams 2528/2528 matched, players 6168/6917 matched
[p1_s_e_e] [WARNING] [TeamId(name='Binghamton')]v[TeamId(name='FDU')] Flip court for periods: [[2, 3, 4]] because [total_shots={1: 30, 2: 30, 3: 32, 4: 25} long_shots={1: 12, 2: 30, 3: 32, 4: 25}]
2026-08-24 02:55:29,975 INFO ncaa_identity: contest_id=1992028 teams 1226/2410 matched, players 3317/6574 matched
2026-08-24 02:55:35,593 INFO ncaa_identity: contest_id=1992337 teams 1289/2455 matched, players 3397/6688 matched
2026-08-24 02:55:38,865 INFO ncaa_identity: contest_id=1992475 teams 3220/3220 matched, players 7835/8888 matched
2026-08-24 02:55:40,744 INFO ncaa_identity: contest_id=1992579 teams 2630/2630 matched, players 6655/7204 matched
2026-08-24 02:55:42,357 INFO ncaa_identity: contest_id=1992600 teams 2526/2526 matched, players 6507/6941 matched
2026-08-24 02:55:44,309 INFO ncaa_identity: contest_id=1992642 teams 2639/2639 matched, players 7086/7274 matched
2026-08-24 02:55:52,297 INFO ncaa_identity: contest_id=1992698 teams 2373/2373 matched, players 5978/6514 matched
2026-08-24 02:56:04,525 INFO ncaa_identity: contest_id=1993044 teams 3015/3015 matched, players 7784/8307 matched
2026-08-24 02:56:13,074 INFO ncaa_identity: contest_id=1993332 teams 3331/3331 matched, players 8480/9181 matched
2026-08-24 02:56:21,154 INFO ncaa_identity: contest_id=1993953 teams 2437/2437 matched, players 6069/6684 matched
2026-08-24 02:56:23,214 INFO ncaa_identity: contest_id=1994000 teams 1497/2992 matched, players 4118/8252 matched
2026-08-24 02:56:25,576 INFO ncaa_identity: contest_id=1994215 teams 1761/3456 matched, players 4786/9539 matched
2026-08-24 02:56:26,734 WARNING ncaa_parse: family=shots contest_id=1994242 team=Furman SKIPPED (1 parse error(s)): No shot events found [<!DOCTYPE html> <html lang="en"> <head> <meta content="text/html; charset=utf-8" http-equiv="CONTENT-TYPE"/> <meta charset="utf-8"/> <meta...
2026-08-24 02:56:26,794 INFO ncaa_identity: contest_id=1994242 teams 2192/2192 matched, players 6162/6182 matched
2026-08-24 02:56:34,374 INFO ncaa_identity: contest_id=1994534 teams 2406/2406 matched, players 6339/6574 matched
2026-08-24 02:56:38,548 INFO ncaa_identity: contest_id=1994922 teams 3016/3016 matched, players 7775/8330 matched
2026-08-24 02:56:40,025 INFO ncaa_identity: contest_id=1994994 teams 1343/2644 matched, players 3714/7280 matched
2026-08-24 02:56:54,038 INFO ncaa_identity: contest_id=1995508 teams 1773/3498 matched, players 4969/9632 matched
2026-08-24 02:57:00,358 WARNING ncaa_parse: family=shots contest_id=1995622 team=Lipscomb SKIPPED (1 parse error(s)): No shot events found [<!DOCTYPE html> <html lang="en"> <head> <meta content="text/html; charset=utf-8" http-equiv="CONTENT-TYPE"/> <meta charset="utf-8"/> <meta...
2026-08-24 02:57:00,472 INFO ncaa_identity: contest_id=1995622 teams 2532/2532 matched, players 6762/7192 matched
2026-08-24 02:57:01,847 WARNING ncaa_parse: family=shots contest_id=1995668 team=Bradley SKIPPED (1 parse error(s)): No shot events found [<!DOCTYPE html> <html lang="en"> <head> <meta content="text/html; charset=utf-8" http-equiv="CONTENT-TYPE"/> <meta charset="utf-8"/> <meta...
2026-08-24 02:57:01,913 INFO ncaa_identity: contest_id=1995668 teams 2265/2265 matched, players 6318/6376 matched
2026-08-24 02:57:03,413 WARNING ncaa_parse: family=shots contest_id=1995785 team=Loyola Chicago SKIPPED (1 parse error(s)): No shot events found [<!DOCTYPE html> <html lang="en"> <head> <meta content="text/html; charset=utf-8" http-equiv="CONTENT-TYPE"/> <meta charset="utf-8"/> <meta...
2026-08-24 02:57:09,293 INFO ncaa_identity: contest_id=1996276 teams 2636/2636 matched, players 6542/7225 matched
2026-08-24 02:57:14,218 INFO ncaa_identity: contest_id=1996305 teams 2609/2609 matched, players 6770/7148 matched
2026-08-24 02:57:15,516 INFO ncaa_identity: contest_id=1996322 teams 2174/2174 matched, players 5687/5950 matched
2026-08-24 02:57:17,578 INFO ncaa_identity: contest_id=1996346 teams 2720/2720 matched, players 7377/7441 matched
2026-08-24 02:57:23,091 INFO ncaa_identity: contest_id=1996553 teams 2890/2890 matched, players 7654/7952 matched
2026-08-24 02:57:24,941 INFO ncaa_identity: contest_id=1996637 teams 2580/2580 matched, players 6454/7041 matched
2026-08-24 02:57:30,101 INFO ncaa_identity: contest_id=1997591 teams 2484/2484 matched, players 6765/6776 matched
2026-08-24 02:57:34,859 WARNING ncaa_parse: family=shots contest_id=2001662 team=Campbell SKIPPED (1 parse error(s)): No shot events found [<!DOCTYPE html> <html lang="en"> <head> <meta content="text/html; charset=utf-8" http-equiv="CONTENT-TYPE"/> <meta charset="utf-8"/> <meta...
2026-08-24 02:57:35,001 INFO ncaa_identity: contest_id=2001662 teams 2353/2353 matched, players 6228/6617 matched
2026-08-24 02:57:36,930 INFO ncaa_identity: contest_id=2002562 teams 2259/2259 matched, players 6128/6175 matched
2026-08-24 02:57:41,571 INFO ncaa_identity: contest_id=2015672 teams 2557/2557 matched, players 6982/6995 matched
2026-08-24 02:57:45,369 INFO ncaa_identity: contest_id=2034496 teams 1401/2712 matched, players 3722/7416 matched
2026-08-24 02:57:47,273 INFO ncaa_identity: contest_id=2035855 teams 2415/2415 matched, players 6186/6628 matched
2026-08-24 02:57:55,495 INFO ncaa_identity: contest_id=2050118 teams 2303/2303 matched, players 6039/6285 matched
2026-08-24 02:58:00,093 INFO ncaa_identity: contest_id=2051209 teams 2411/2411 matched, players 6296/6566 matched
2026-08-24 02:58:04,993 INFO ncaa_identity: contest_id=2052080 teams 2350/2350 matched, players 6095/6430 matched
2026-08-24 02:58:17,064 INFO ncaa_identity: contest_id=2053868 teams 2663/2663 matched, players 7296/7308 matched
2026-08-24 02:58:19,403 WARNING ncaa_parse: family=shots contest_id=2054378 team=Gardner-Webb SKIPPED (1 parse error(s)): No shot events found [<!DOCTYPE html> <html lang="en"> <head> <meta content="text/html; charset=utf-8" http-equiv="CONTENT-TYPE"/> <meta charset="utf-8"/> <meta...
2026-08-24 02:58:21,212 INFO ncaa_identity: contest_id=2055029 teams 2010/2010 matched, players 5072/5448 matched
2026-08-24 02:58:23,447 INFO ncaa_identity: contest_id=2055461 teams 2352/2352 matched, players 5971/6448 matched
2026-08-24 02:58:25,940 INFO ncaa_identity: contest_id=2055618 teams 2869/2869 matched, players 7104/7874 matched
2026-08-24 02:58:34,047 INFO ncaa_identity: contest_id=2056141 teams 2644/2644 matched, players 7069/7227 matched
2026-08-24 02:58:38,463 INFO ncaa_identity: contest_id=2056217 teams 2393/2393 matched, players 5704/6563 matched
2026-08-24 02:58:43,083 INFO ncaa_identity: contest_id=2056254 teams 2248/2248 matched, players 5547/6124 matched
2026-08-24 02:58:47,225 INFO ncaa_identity: contest_id=2056543 teams 2684/2684 matched, players 7362/7377 matched
2026-08-24 02:58:49,756 INFO ncaa_identity: contest_id=2056791 teams 2473/2473 matched, players 6398/6781 matched
2026-08-24 02:58:56,959 INFO ncaa_identity: contest_id=2060408 teams 2630/2630 matched, players 6693/7222 matched
2026-08-24 02:59:03,781 INFO ncaa_identity: contest_id=2060873 teams 2540/2540 matched, players 6775/6954 matched
2026-08-24 02:59:05,800 INFO ncaa_identity: contest_id=2060917 teams 2444/2444 matched, players 6670/6671 matched
2026-08-24 02:59:23,888 INFO ncaa_identity: contest_id=2125036 teams 1452/2857 matched, players 3977/7873 matched
2026-08-24 02:59:27,861 INFO ncaa_identity: contest_id=2125057 teams 2429/2429 matched, players 6297/6643 matched
2026-08-24 02:59:30,372 INFO ncaa_identity: contest_id=2125067 teams 1476/3010 matched, players 4162/8278 matched
2026-08-24 02:59:32,260 INFO ncaa_identity: contest_id=2125077 teams 2710/2710 matched, players 7063/7402 matched
2026-08-24 02:59:36,961 INFO ncaa_identity: contest_id=2125099 teams 1757/3405 matched, players 4787/9383 matched
2026-08-24 02:59:40,622 INFO ncaa_identity: contest_id=2125132 teams 1365/2771 matched, players 3802/7616 matched
2026-08-24 02:59:42,385 INFO ncaa_identity: contest_id=2125149 teams 2866/2866 matched, players 7478/7859 matched
2026-08-24 02:59:43,717 INFO ncaa_identity: contest_id=2125164 teams 2571/2571 matched, players 6953/7038 matched
2026-08-24 02:59:56,534 INFO ncaa_identity: contest_id=2125316 teams 2795/2795 matched, players 6934/7575 matched
2026-08-24 03:00:05,452 INFO ncaa_identity: contest_id=2125394 teams 2719/2719 matched, players 6801/7393 matched
2026-08-24 03:00:14,062 INFO ncaa_identity: contest_id=2125623 teams 3128/3128 matched, players 8428/8640 matched
2026-08-24 03:00:16,860 INFO ncaa_identity: contest_id=2125669 teams 1967/3914 matched, players 5017/10825 matched
2026-08-24 03:00:20,435 INFO ncaa_identity: contest_id=2125779 teams 2803/2803 matched, players 7336/7671 matched
2026-08-24 03:00:24,196 INFO ncaa_identity: contest_id=2125958 teams 1244/2535 matched, players 3472/6930 matched
2026-08-24 03:00:28,084 INFO ncaa_identity: contest_id=2125983 teams 1251/2359 matched, players 3221/6417 matched
2026-08-24 03:00:32,838 INFO ncaa_identity: contest_id=2126048 teams 1235/2507 matched, players 3434/6855 matched
2026-08-24 03:00:34,816 INFO ncaa_identity: contest_id=2126060 teams 2861/2861 matched, players 7738/7868 matched
2026-08-24 03:00:40,736 INFO ncaa_identity: contest_id=2126127 teams 1312/2618 matched, players 3548/7136 matched
2026-08-24 03:00:42,714 INFO ncaa_identity: contest_id=2126141 teams 1410/2720 matched, players 3800/7476 matched
2026-08-24 03:00:46,371 WARNING ncaa_parse: family=shots contest_id=2126169 team=South Carolina St. SKIPPED (1 parse error(s)): No shot events found [<!DOCTYPE html> <html lang="en"> <head> <meta content="text/html; charset=utf-8" http-equiv="CONTENT-TYPE"/> <meta charset="utf-8"/> <meta...
2026-08-24 03:00:46,521 INFO ncaa_identity: contest_id=2126169 teams 2331/2331 matched, players 6017/6592 matched
2026-08-24 03:00:47,957 INFO ncaa_identity: contest_id=2126225 teams 1191/2367 matched, players 3213/6457 matched
2026-08-24 03:00:49,554 INFO ncaa_identity: contest_id=2126269 teams 2317/2317 matched, players 5953/6329 matched
2026-08-24 03:00:55,123 INFO ncaa_identity: contest_id=2126376 teams 2655/2655 matched, players 6741/7286 matched
2026-08-24 03:00:57,451 INFO ncaa_identity: contest_id=2126400 teams 3270/3270 matched, players 8769/8981 matched
2026-08-24 03:00:59,564 INFO ncaa_identity: contest_id=2126430 teams 1405/2771 matched, players 3859/7596 matched
2026-08-24 03:01:01,390 INFO ncaa_identity: contest_id=2126453 teams 1544/2980 matched, players 4159/8225 matched
2026-08-24 03:01:09,310 INFO ncaa_identity: contest_id=2126551 teams 1470/2854 matched, players 3992/7858 matched
2026-08-24 03:01:24,708 INFO ncaa_identity: contest_id=2126771 teams 3000/3000 matched, players 7951/8266 matched
2026-08-24 03:01:32,550 INFO ncaa_identity: contest_id=2127043 teams 2682/2682 matched, players 6688/7354 matched
2026-08-24 03:01:36,213 INFO ncaa_identity: contest_id=2127082 teams 2868/2868 matched, players 7859/7881 matched
2026-08-24 03:01:45,093 INFO ncaa_identity: contest_id=2127200 teams 2745/2745 matched, players 7447/7537 matched
2026-08-24 03:01:47,252 INFO ncaa_identity: contest_id=2127215 teams 2799/2799 matched, players 7043/7680 matched
2026-08-24 03:01:49,470 INFO ncaa_identity: contest_id=2127231 teams 1299/2548 matched, players 3510/6987 matched
2026-08-24 03:01:53,171 INFO ncaa_identity: contest_id=2127388 teams 1229/2450 matched, players 2675/6657 matched
2026-08-24 03:01:55,095 INFO ncaa_identity: contest_id=2127441 teams 1274/2555 matched, players 3263/6950 matched
2026-08-24 03:01:59,360 INFO ncaa_identity: contest_id=2127484 teams 2694/2694 matched, players 7384/7408 matched
2026-08-24 03:02:08,412 WARNING ncaa_parse: family=shots contest_id=2127576 team=Georgia SKIPPED (1 parse error(s)): No shot events found [<!DOCTYPE html> <html lang="en"> <head> <meta content="text/html; charset=utf-8" http-equiv="CONTENT-TYPE"/> <meta charset="utf-8"/> <meta...
2026-08-24 03:02:08,463 INFO ncaa_identity: contest_id=2127576 teams 2726/2726 matched, players 7490/7730 matched
2026-08-24 03:02:09,856 WARNING ncaa_parse: family=shots contest_id=2127590 team=Middle Tenn. SKIPPED (1 parse error(s)): No shot events found [<!DOCTYPE html> <html lang="en"> <head> <meta content="text/html; charset=utf-8" http-equiv="CONTENT-TYPE"/> <meta charset="utf-8"/> <meta...
2026-08-24 03:02:13,296 INFO ncaa_identity: contest_id=2127622 teams 2844/2844 matched, players 7818/7829 matched
2026-08-24 03:02:21,129 INFO ncaa_identity: contest_id=2127694 teams 2788/2788 matched, players 7454/7665 matched
2026-08-24 03:02:22,696 INFO ncaa_identity: contest_id=2127711 teams 2566/2566 matched, players 7059/7110 matched
2026-08-24 03:02:25,168 INFO ncaa_identity: contest_id=2127729 teams 2410/2410 matched, players 6005/6594 matched
2026-08-24 03:02:31,228 INFO ncaa_identity: contest_id=2127825 teams 2776/2776 matched, players 7586/7602 matched
2026-08-24 03:02:34,520 WARNING ncaa_parse: family=shots contest_id=2127891 team=Michigan SKIPPED (1 parse error(s)): No shot events found [<!DOCTYPE html> <html lang="en"> <head> <meta content="text/html; charset=utf-8" http-equiv="CONTENT-TYPE"/> <meta charset="utf-8"/> <meta...
2026-08-24 03:02:44,991 INFO ncaa_identity: contest_id=2128006 teams 2263/2263 matched, players 5922/6155 matched
2026-08-24 03:02:51,864 INFO ncaa_identity: contest_id=2128143 teams 1342/2546 matched, players 3590/6936 matched
2026-08-24 03:03:02,481 INFO ncaa_identity: contest_id=2128346 teams 2599/2599 matched, players 6501/7052 matched
2026-08-24 03:03:03,907 INFO ncaa_identity: contest_id=2128369 teams 2501/2501 matched, players 6242/6856 matched
2026-08-24 03:03:08,025 INFO ncaa_identity: contest_id=2128406 teams 1221/2489 matched, players 3398/6833 matched
2026-08-24 03:03:19,543 INFO ncaa_identity: contest_id=2128622 teams 1310/2532 matched, players 3315/6891 matched
2026-08-24 03:03:21,951 INFO ncaa_identity: contest_id=2128636 teams 2692/2692 matched, players 7044/7392 matched
2026-08-24 03:03:28,459 INFO ncaa_identity: contest_id=2128853 teams 2473/2473 matched, players 6253/6742 matched
2026-08-24 03:03:30,930 INFO ncaa_identity: contest_id=2128891 teams 2775/2775 matched, players 7206/7616 matched
2026-08-24 03:03:33,721 INFO ncaa_identity: contest_id=2128989 teams 3091/3091 matched, players 8414/8500 matched
2026-08-24 03:03:45,093 INFO ncaa_identity: contest_id=2129047 teams 1497/3002 matched, players 4135/8294 matched
2026-08-24 03:03:51,543 INFO ncaa_identity: contest_id=2129071 teams 1154/2284 matched, players 3193/6248 matched
2026-08-24 03:03:56,866 INFO ncaa_identity: contest_id=2129085 teams 1406/2678 matched, players 3774/7379 matched
2026-08-24 03:04:21,721 INFO ncaa_identity: contest_id=2129208 teams 2437/2437 matched, players 6201/6676 matched
2026-08-24 03:04:27,759 INFO ncaa_identity: contest_id=2129219 teams 1553/3055 matched, players 4239/8385 matched
2026-08-24 03:04:35,686 INFO ncaa_identity: contest_id=2129232 teams 3209/3209 matched, players 8254/8884 matched
2026-08-24 03:04:41,157 INFO ncaa_identity: contest_id=2129306 teams 1291/2484 matched, players 3455/6802 matched
2026-08-24 03:05:16,797 WARNING ncaa_parse: family=shots contest_id=2129493 team=Florida A&M SKIPPED (1 parse error(s)): No shot events found [<!DOCTYPE html> <html lang="en"> <head> <meta content="text/html; charset=utf-8" http-equiv="CONTENT-TYPE"/> <meta charset="utf-8"/> <meta...
2026-08-24 03:05:17,338 INFO ncaa_identity: contest_id=2129493 teams 1134/2272 matched, players 3224/6439 matched
2026-08-24 03:05:34,381 INFO ncaa_identity: contest_id=2129665 teams 2950/2950 matched, players 8004/8099 matched
2026-08-24 03:05:39,068 INFO ncaa_identity: contest_id=2129701 teams 3053/3053 matched, players 7942/8366 matched
2026-08-24 03:05:45,008 INFO ncaa_identity: contest_id=2129769 teams 1327/2601 matched, players 3629/7065 matched
2026-08-24 03:06:06,289 INFO ncaa_identity: contest_id=2129811 teams 3166/3166 matched, players 8535/8699 matched
2026-08-24 03:06:26,175 INFO ncaa_identity: contest_id=2129855 teams 2559/2559 matched, players 6634/7044 matched
2026-08-24 03:06:34,247 INFO ncaa_identity: contest_id=2129871 teams 2399/2399 matched, players 6190/6549 matched
2026-08-24 03:06:40,313 INFO ncaa_identity: contest_id=2129904 teams 3013/3013 matched, players 8100/8281 matched
2026-08-24 03:06:50,103 INFO ncaa_identity: contest_id=2129977 teams 0/2328 matched, players 0/6335 matched
2026-08-24 03:06:57,457 INFO ncaa_identity: contest_id=2129997 teams 1383/2757 matched, players 3753/7559 matched
2026-08-24 03:07:02,917 WARNING ncaa_parse: family=shots contest_id=2130020 team=Morehead St. SKIPPED (1 parse error(s)): No shot events found [<!DOCTYPE html> <html lang="en"> <head> <meta content="text/html; charset=utf-8" http-equiv="CONTENT-TYPE"/> <meta charset="utf-8"/> <meta...
2026-08-24 03:07:03,859 INFO ncaa_identity: contest_id=2130020 teams 2402/2402 matched, players 6485/6755 matched
2026-08-24 03:07:08,523 WARNING ncaa_parse: family=shots contest_id=2130056 team=Longwood SKIPPED (1 parse error(s)): No shot events found [<!DOCTYPE html> <html lang="en"> <head> <meta content="text/html; charset=utf-8" http-equiv="CONTENT-TYPE"/> <meta charset="utf-8"/> <meta...
2026-08-24 03:07:08,879 INFO ncaa_identity: contest_id=2130056 teams 2693/2693 matched, players 7035/7572 matched
2026-08-24 03:07:15,628 INFO ncaa_identity: contest_id=2130071 teams 1299/2696 matched, players 3761/7449 matched
2026-08-24 03:07:22,412 INFO ncaa_identity: contest_id=2130118 teams 1420/2840 matched, players 3937/7798 matched
2026-08-24 03:07:27,584 INFO ncaa_identity: contest_id=2130135 teams 2814/2814 matched, players 7311/7698 matched
2026-08-24 03:07:51,856 INFO ncaa_identity: contest_id=2130240 teams 2982/2982 matched, players 7912/8210 matched
2026-08-24 03:07:56,716 INFO ncaa_identity: contest_id=2130309 teams 2637/2637 matched, players 6761/7237 matched
2026-08-24 03:08:15,359 INFO ncaa_identity: contest_id=2130427 teams 3041/3041 matched, players 7852/8324 matched
2026-08-24 03:08:26,344 WARNING ncaa_parse: family=shots contest_id=2130474 team=Morehead St. SKIPPED (1 parse error(s)): No shot events found [<!DOCTYPE html> <html lang="en"> <head> <meta content="text/html; charset=utf-8" http-equiv="CONTENT-TYPE"/> <meta charset="utf-8"/> <meta...
2026-08-24 03:08:26,781 INFO ncaa_identity: contest_id=2130474 teams 2101/2101 matched, players 5855/5911 matched
2026-08-24 03:08:36,145 INFO ncaa_identity: contest_id=2130519 teams 2597/2597 matched, players 7082/7089 matched
2026-08-24 03:08:54,576 INFO ncaa_identity: contest_id=2130597 teams 1720/3281 matched, players 4596/9039 matched
2026-08-24 03:09:01,270 INFO ncaa_identity: contest_id=2130630 teams 2766/2766 matched, players 7419/7555 matched
2026-08-24 03:09:23,014 INFO ncaa_identity: contest_id=2130689 teams 3062/3062 matched, players 8097/8410 matched
2026-08-24 03:09:25,396 INFO ncaa_identity: contest_id=2130709 teams 1326/2697 matched, players 3698/7389 matched
2026-08-24 03:09:27,962 INFO ncaa_identity: contest_id=2130733 teams 2515/2515 matched, players 6508/6911 matched
2026-08-24 03:09:30,453 INFO ncaa_identity: contest_id=2130754 teams 2726/2726 matched, players 7350/7499 matched
2026-08-24 03:09:33,083 INFO ncaa_identity: contest_id=2130771 teams 3238/3238 matched, players 8402/8917 matched
2026-08-24 03:09:39,674 INFO ncaa_identity: contest_id=2130834 teams 1535/2963 matched, players 3624/8128 matched
2026-08-24 03:09:44,061 INFO ncaa_identity: contest_id=2130930 teams 2570/2570 matched, players 7041/7060 matched
2026-08-24 03:09:46,537 INFO ncaa_identity: contest_id=2130945 teams 2992/2992 matched, players 8162/8214 matched
2026-08-24 03:10:01,895 INFO ncaa_identity: contest_id=2131207 teams 0/2180 matched, players 0/5918 matched
2026-08-24 03:10:16,404 WARNING ncaa_parse: family=shots contest_id=2131335 team=Morehead St. SKIPPED (1 parse error(s)): No shot events found [<!DOCTYPE html> <html lang="en"> <head> <meta content="text/html; charset=utf-8" http-equiv="CONTENT-TYPE"/> <meta charset="utf-8"/> <meta...
2026-08-24 03:10:16,465 INFO ncaa_identity: contest_id=2131335 teams 2511/2511 matched, players 6642/7143 matched
2026-08-24 03:10:35,805 INFO ncaa_identity: contest_id=2131661 teams 2624/2624 matched, players 7128/7215 matched
2026-08-24 03:10:46,819 INFO ncaa_identity: contest_id=2131864 teams 2662/2662 matched, players 6947/7332 matched
2026-08-24 03:11:03,850 INFO ncaa_identity: contest_id=2132104 teams 1290/2573 matched, players 3048/7046 matched
2026-08-24 03:11:06,412 INFO ncaa_identity: contest_id=2132120 teams 1292/2591 matched, players 3505/7181 matched
2026-08-24 03:11:09,214 INFO ncaa_identity: contest_id=2132134 teams 2803/2803 matched, players 6905/7708 matched
2026-08-24 03:11:11,348 WARNING ncaa_parse: family=shots contest_id=2132147 team=Alabama A&M SKIPPED (1 parse error(s)): No shot events found [<!DOCTYPE html> <html lang="en"> <head> <meta content="text/html; charset=utf-8" http-equiv="CONTENT-TYPE"/> <meta charset="utf-8"/> <meta...
2026-08-24 03:11:11,559 INFO ncaa_identity: contest_id=2132147 teams 2348/2348 matched, players 6259/6634 matched
2026-08-24 03:11:16,158 INFO ncaa_identity: contest_id=2132255 teams 2232/2232 matched, players 6051/6055 matched
2026-08-24 03:11:28,312 INFO ncaa_identity: contest_id=2132526 teams 1830/1830 matched, players 4903/4925 matched
2026-08-24 03:11:42,043 INFO ncaa_identity: contest_id=2132717 teams 2652/2652 matched, players 6322/7286 matched
2026-08-24 03:11:48,916 INFO ncaa_identity: contest_id=2132864 teams 2687/2687 matched, players 7357/7368 matched
2026-08-24 03:11:51,398 INFO ncaa_identity: contest_id=2132922 teams 2813/2813 matched, players 7067/7727 matched
2026-08-24 03:11:59,783 INFO ncaa_identity: contest_id=2133026 teams 2906/2906 matched, players 7351/8033 matched
2026-08-24 03:12:05,580 INFO ncaa_identity: contest_id=2133061 teams 2761/2761 matched, players 7422/7557 matched
2026-08-24 03:12:18,532 INFO ncaa_identity: contest_id=2133227 teams 2332/2332 matched, players 6159/6378 matched
2026-08-24 03:12:30,026 INFO ncaa_identity: contest_id=2133560 teams 3129/3129 matched, players 8311/8687 matched
2026-08-24 03:12:33,653 INFO ncaa_identity: contest_id=2133605 teams 2583/2583 matched, players 6868/7100 matched
2026-08-24 03:12:39,409 INFO ncaa_identity: contest_id=2133645 teams 3050/3050 matched, players 7596/8350 matched
2026-08-24 03:12:40,600 WARNING ncaa_parse: family=shots contest_id=2133686 team=Longwood SKIPPED (1 parse error(s)): No shot events found [<!DOCTYPE html> <html lang="en"> <head> <meta content="text/html; charset=utf-8" http-equiv="CONTENT-TYPE"/> <meta charset="utf-8"/> <meta...
2026-08-24 03:12:40,712 INFO ncaa_identity: contest_id=2133686 teams 2186/2186 matched, players 5638/6192 matched
2026-08-24 03:12:49,556 INFO ncaa_identity: contest_id=2133960 teams 2493/2493 matched, players 6239/6827 matched
2026-08-24 03:12:54,466 INFO ncaa_identity: contest_id=2133998 teams 2696/2696 matched, players 6844/7393 matched
2026-08-24 03:13:03,432 INFO ncaa_identity: contest_id=2134113 teams 2828/2828 matched, players 7350/7766 matched
2026-08-24 03:13:05,196 INFO ncaa_identity: contest_id=2134177 teams 2448/2448 matched, players 6219/6758 matched
2026-08-24 03:13:07,007 INFO ncaa_identity: contest_id=2134200 teams 2336/2336 matched, players 5919/6372 matched
2026-08-24 03:13:10,606 INFO ncaa_identity: contest_id=2134223 teams 2657/2657 matched, players 6989/7368 matched
2026-08-24 03:13:12,768 INFO ncaa_identity: contest_id=2134234 teams 3146/3146 matched, players 8682/8700 matched
2026-08-24 03:13:14,507 INFO ncaa_identity: contest_id=2134247 teams 2678/2678 matched, players 7272/7345 matched
2026-08-24 03:13:16,541 INFO ncaa_identity: contest_id=2134320 teams 2613/2613 matched, players 7176/7177 matched
2026-08-24 03:13:20,467 INFO ncaa_identity: contest_id=2134448 teams 1422/2782 matched, players 3785/7647 matched
2026-08-24 03:13:26,415 INFO ncaa_identity: contest_id=2134577 teams 2813/2813 matched, players 7104/7724 matched
2026-08-24 03:13:40,010 INFO ncaa_identity: contest_id=2134800 teams 2631/2631 matched, players 7202/7227 matched
2026-08-24 03:13:42,027 INFO ncaa_identity: contest_id=2134811 teams 2414/2414 matched, players 6584/6606 matched
2026-08-24 03:13:45,527 INFO ncaa_identity: contest_id=2135001 teams 2591/2591 matched, players 7111/7115 matched
2026-08-24 03:13:47,493 INFO ncaa_identity: contest_id=2135011 teams 2628/2628 matched, players 6707/7204 matched
2026-08-24 03:13:49,114 INFO ncaa_identity: contest_id=2135022 teams 2634/2634 matched, players 7195/7211 matched
2026-08-24 03:14:02,258 INFO ncaa_identity: contest_id=2135204 teams 2715/2715 matched, players 7204/7486 matched
2026-08-24 03:14:06,521 INFO ncaa_identity: contest_id=2135245 teams 1272/2552 matched, players 3464/6978 matched
2026-08-24 03:14:18,143 INFO ncaa_identity: contest_id=2135449 teams 3009/3009 matched, players 7923/8287 matched
2026-08-24 03:14:20,236 INFO ncaa_identity: contest_id=2135492 teams 2654/2654 matched, players 6583/7280 matched
2026-08-24 03:14:22,566 INFO ncaa_identity: contest_id=2135522 teams 2712/2712 matched, players 7129/7379 matched
2026-08-24 03:14:26,419 INFO ncaa_identity: contest_id=2135618 teams 3184/3184 matched, players 8808/8813 matched
2026-08-24 03:14:35,281 WARNING ncaa_parse: family=shots contest_id=2135731 team=South Carolina St. SKIPPED (1 parse error(s)): No shot events found [<!DOCTYPE html> <html lang="en"> <head> <meta content="text/html; charset=utf-8" http-equiv="CONTENT-TYPE"/> <meta charset="utf-8"/> <meta...
2026-08-24 03:14:35,402 INFO ncaa_identity: contest_id=2135731 teams 2711/2711 matched, players 7053/7629 matched
2026-08-24 03:14:43,626 INFO ncaa_identity: contest_id=2135987 teams 2494/2494 matched, players 6451/6761 matched
2026-08-24 03:14:45,233 INFO ncaa_identity: contest_id=2136010 teams 2083/2083 matched, players 5121/5682 matched
2026-08-24 03:14:50,043 INFO ncaa_identity: contest_id=2136032 teams 2471/2471 matched, players 6269/6771 matched
2026-08-24 03:14:56,343 INFO ncaa_identity: contest_id=2136120 teams 1742/3398 matched, players 4639/9213 matched
2026-08-24 03:15:04,333 INFO ncaa_identity: contest_id=2136219 teams 2535/2535 matched, players 6860/6924 matched
2026-08-24 03:15:10,727 INFO ncaa_identity: contest_id=2136268 teams 2632/2632 matched, players 6754/7234 matched
2026-08-24 03:15:12,809 INFO ncaa_identity: contest_id=2136279 teams 2726/2726 matched, players 7393/7440 matched
2026-08-24 03:15:14,684 INFO ncaa_identity: contest_id=2136293 teams 2549/2549 matched, players 6966/6972 matched
2026-08-24 03:15:23,966 INFO ncaa_identity: contest_id=2136569 teams 2531/2531 matched, players 6525/6897 matched
2026-08-24 03:15:25,656 INFO ncaa_identity: contest_id=2136639 teams 2708/2708 matched, players 6876/7424 matched
2026-08-24 03:15:33,705 INFO ncaa_identity: contest_id=2136743 teams 2955/2955 matched, players 6871/8118 matched
2026-08-24 03:15:43,757 INFO ncaa_identity: contest_id=2137038 teams 2581/2581 matched, players 7097/7106 matched
2026-08-24 03:15:47,182 INFO ncaa_identity: contest_id=2137063 teams 2516/2516 matched, players 6692/6908 matched
2026-08-24 03:15:49,102 INFO ncaa_identity: contest_id=2137125 teams 2514/2514 matched, players 6188/6856 matched
2026-08-24 03:15:52,680 INFO ncaa_identity: contest_id=2137155 teams 2083/2083 matched, players 5069/5649 matched
2026-08-24 03:15:54,908 INFO ncaa_identity: contest_id=2137168 teams 2971/2971 matched, players 7665/8207 matched
2026-08-24 03:16:05,884 WARNING ncaa_parse: family=shots contest_id=2137316 team=Texas Southern SKIPPED (1 parse error(s)): No shot events found [<!DOCTYPE html> <html lang="en"> <head> <meta content="text/html; charset=utf-8" http-equiv="CONTENT-TYPE"/> <meta charset="utf-8"/> <meta...
2026-08-24 03:16:05,949 INFO ncaa_identity: contest_id=2137316 teams 2396/2396 matched, players 6370/6793 matched
2026-08-24 03:16:11,305 INFO ncaa_identity: contest_id=2137481 teams 2532/2532 matched, players 6613/6961 matched
2026-08-24 03:16:20,341 INFO ncaa_identity: contest_id=2137707 teams 3180/3180 matched, players 8283/8554 matched
2026-08-24 03:16:24,605 INFO ncaa_identity: contest_id=2137735 teams 2359/2359 matched, players 6361/6466 matched
2026-08-24 03:16:35,201 INFO ncaa_identity: contest_id=2137977 teams 2641/2641 matched, players 7143/7223 matched
2026-08-24 03:16:36,677 INFO ncaa_identity: contest_id=2138016 teams 1060/2202 matched, players 2637/6004 matched
2026-08-24 03:16:40,230 INFO ncaa_identity: contest_id=2138057 teams 2721/2721 matched, players 7375/7481 matched
2026-08-24 03:16:47,607 INFO ncaa_identity: contest_id=2138176 teams 2533/2533 matched, players 6646/6921 matched
2026-08-24 03:16:49,241 INFO ncaa_identity: contest_id=2138188 teams 2500/2500 matched, players 5925/6862 matched
2026-08-24 03:16:56,151 INFO ncaa_identity: contest_id=2138281 teams 2749/2749 matched, players 7069/7508 matched
2026-08-24 03:17:01,281 INFO ncaa_identity: contest_id=2138316 teams 2588/2588 matched, players 7061/7088 matched
2026-08-24 03:17:09,004 INFO ncaa_identity: contest_id=2138517 teams 3015/3015 matched, players 7416/8283 matched
2026-08-24 03:17:14,218 INFO ncaa_identity: contest_id=2138629 teams 2129/2129 matched, players 5788/5800 matched
2026-08-24 03:17:22,448 INFO ncaa_identity: contest_id=2138704 teams 2736/2736 matched, players 7358/7528 matched
2026-08-24 03:17:30,571 INFO ncaa_identity: contest_id=2138770 teams 2836/2836 matched, players 7240/7806 matched
2026-08-24 03:17:32,513 INFO ncaa_identity: contest_id=2138818 teams 2292/2292 matched, players 5996/6257 matched
2026-08-24 03:17:40,262 INFO ncaa_identity: contest_id=2138883 teams 2733/2733 matched, players 7180/7544 matched
2026-08-24 03:17:44,589 INFO ncaa_identity: contest_id=2138936 teams 2882/2882 matched, players 7877/7893 matched
2026-08-24 03:17:46,788 INFO ncaa_identity: contest_id=2138946 teams 2403/2403 matched, players 6059/6646 matched
2026-08-24 03:17:48,248 INFO ncaa_identity: contest_id=2138956 teams 2376/2376 matched, players 6498/6524 matched
2026-08-24 03:17:49,944 INFO ncaa_identity: contest_id=2138966 teams 1184/2401 matched, players 3317/6561 matched
2026-08-24 03:17:51,387 INFO ncaa_identity: contest_id=2138979 teams 2787/2787 matched, players 7291/7661 matched
2026-08-24 03:17:54,970 INFO ncaa_identity: contest_id=2139014 teams 1318/2567 matched, players 3543/7063 matched
2026-08-24 03:18:01,421 WARNING ncaa_parse: family=shots contest_id=2139062 team=Texas Southern SKIPPED (1 parse error(s)): No shot events found [<!DOCTYPE html> <html lang="en"> <head> <meta content="text/html; charset=utf-8" http-equiv="CONTENT-TYPE"/> <meta charset="utf-8"/> <meta...
2026-08-24 03:18:01,503 INFO ncaa_identity: contest_id=2139062 teams 2598/2598 matched, players 6323/7366 matched
2026-08-24 03:18:05,348 INFO ncaa_identity: contest_id=2139110 teams 3289/3289 matched, players 8782/9080 matched
2026-08-24 03:18:07,035 INFO ncaa_identity: contest_id=2139147 teams 2415/2415 matched, players 5720/6559 matched
2026-08-24 03:18:08,544 INFO ncaa_identity: contest_id=2139171 teams 1236/2456 matched, players 2992/6666 matched
2026-08-24 03:18:15,649 WARNING ncaa_parse: family=shots contest_id=2139239 team=Harvard SKIPPED (1 parse error(s)): No shot events found [<!DOCTYPE html> <html lang="en"> <head> <meta content="text/html; charset=utf-8" http-equiv="CONTENT-TYPE"/> <meta charset="utf-8"/> <meta...
2026-08-24 03:18:22,375 INFO ncaa_identity: contest_id=2139280 teams 3019/3019 matched, players 7272/8335 matched
2026-08-24 03:18:25,416 INFO ncaa_identity: contest_id=2139301 teams 1187/2200 matched, players 2999/5980 matched
2026-08-24 03:18:33,200 INFO ncaa_identity: contest_id=2139352 teams 2476/2476 matched, players 6445/6778 matched
2026-08-24 03:18:39,479 INFO ncaa_identity: contest_id=2139392 teams 3163/3163 matched, players 8393/8671 matched
2026-08-24 03:18:44,508 INFO ncaa_identity: contest_id=2139422 teams 2958/2958 matched, players 7478/8112 matched
2026-08-24 03:18:57,904 INFO ncaa_identity: contest_id=2155376 teams 2405/2405 matched, players 6070/6591 matched
2026-08-24 03:19:01,700 INFO ncaa_identity: contest_id=2155563 teams 1632/3231 matched, players 4405/8869 matched
2026-08-24 03:19:03,624 INFO ncaa_identity: contest_id=2156377 teams 1340/2606 matched, players 3625/7136 matched
2026-08-24 03:19:05,566 INFO ncaa_identity: contest_id=2157335 teams 2490/2490 matched, players 6259/6856 matched
2026-08-24 03:19:10,741 WARNING ncaa_parse: family=shots contest_id=2160565 team=South Carolina St. SKIPPED (1 parse error(s)): No shot events found [<!DOCTYPE html> <html lang="en"> <head> <meta content="text/html; charset=utf-8" http-equiv="CONTENT-TYPE"/> <meta charset="utf-8"/> <meta...
2026-08-24 03:19:14,443 INFO ncaa_identity: contest_id=2163521 teams 2802/2802 matched, players 7029/7683 matched
2026-08-24 03:19:30,347 INFO ncaa_identity: contest_id=2258115 teams 2447/2447 matched, players 6665/6718 matched
2026-08-24 03:19:31,913 INFO ncaa_identity: contest_id=2258244 teams 1093/2216 matched, players 2963/6085 matched
2026-08-24 03:19:39,141 INFO ncaa_identity: contest_id=2259022 teams 2378/2378 matched, players 5860/6460 matched
2026-08-24 03:19:44,100 INFO ncaa_identity: contest_id=2259149 teams 1235/2479 matched, players 3448/6830 matched
2026-08-24 03:19:55,251 INFO ncaa_identity: contest_id=2259575 teams 2100/2100 matched, players 5288/5724 matched
2026-08-24 03:19:56,786 INFO ncaa_identity: contest_id=2260429 teams 2851/2851 matched, players 7832/7853 matched
[p1_s_e_e] [WARNING] [TeamId(name='Sam Houston')]v[TeamId(name='Lamar University')] Flip court for periods: [[4]] because [total_shots={1: 34, 2: 27, 3: 24, 4: 25} long_shots={4: 25}]
2026-08-24 03:19:59,947 WARNING ncaa_parse: family=shots contest_id=2260509 team=Howard SKIPPED (1 parse error(s)): No shot events found [<!DOCTYPE html> <html lang="en"> <head> <meta content="text/html; charset=utf-8" http-equiv="CONTENT-TYPE"/> <meta charset="utf-8"/> <meta...
2026-08-24 03:20:00,073 INFO ncaa_identity: contest_id=2260509 teams 2520/2520 matched, players 6613/7112 matched
2026-08-24 03:20:01,615 INFO ncaa_identity: contest_id=2260850 teams 3239/3239 matched, players 8645/8917 matched
2026-08-24 03:20:07,390 INFO ncaa_identity: contest_id=2262818 teams 2786/2786 matched, players 7120/7654 matched
2026-08-24 03:20:09,246 INFO ncaa_identity: contest_id=2262855 teams 1313/2616 matched, players 3555/7181 matched
2026-08-24 03:20:22,357 INFO ncaa_identity: contest_id=2263018 teams 2707/2707 matched, players 7253/7408 matched
2026-08-24 03:20:32,525 INFO ncaa_identity: contest_id=2319935 teams 1572/3137 matched, players 4344/8598 matched
2026-08-24 03:20:34,218 INFO ncaa_identity: contest_id=2319946 teams 1222/2438 matched, players 3370/6647 matched
2026-08-24 03:20:38,754 INFO ncaa_identity: contest_id=2319977 teams 1577/3086 matched, players 4347/8537 matched
2026-08-24 03:20:40,606 INFO ncaa_identity: contest_id=2319987 teams 3056/3056 matched, players 7923/8376 matched
2026-08-24 03:20:42,371 INFO ncaa_identity: contest_id=2319997 teams 1345/2561 matched, players 3528/6966 matched
2026-08-24 03:20:46,893 WARNING ncaa_parse: family=shots contest_id=2320028 team=Morgan St. SKIPPED (1 parse error(s)): No shot events found [<!DOCTYPE html> <html lang="en"> <head> <meta content="text/html; charset=utf-8" http-equiv="CONTENT-TYPE"/> <meta charset="utf-8"/> <meta...
2026-08-24 03:20:46,992 INFO ncaa_identity: contest_id=2320028 teams 1346/2583 matched, players 3639/7265 matched
2026-08-24 03:20:51,214 INFO ncaa_identity: contest_id=2320049 teams 1610/3167 matched, players 4422/8730 matched
2026-08-24 03:20:52,674 INFO ncaa_identity: contest_id=2320059 teams 2753/2753 matched, players 7187/7543 matched
2026-08-24 03:20:54,468 INFO ncaa_identity: contest_id=2320069 teams 1250/2410 matched, players 3333/6576 matched
2026-08-24 03:20:57,969 INFO ncaa_identity: contest_id=2320091 teams 3103/3103 matched, players 8530/8532 matched
2026-08-24 03:21:00,607 INFO ncaa_identity: contest_id=2320102 teams 1655/3336 matched, players 4484/9203 matched
2026-08-24 03:21:03,219 INFO ncaa_identity: contest_id=2320171 teams 2846/2846 matched, players 7547/7833 matched
2026-08-24 03:21:08,660 INFO ncaa_identity: contest_id=2320268 teams 2818/2818 matched, players 7651/7736 matched
2026-08-24 03:21:10,693 INFO ncaa_identity: contest_id=2320278 teams 2826/2826 matched, players 7548/7773 matched
2026-08-24 03:21:19,798 INFO ncaa_identity: contest_id=2320350 teams 2796/2796 matched, players 7546/7670 matched
2026-08-24 03:21:36,376 INFO ncaa_identity: contest_id=2320944 teams 1236/2448 matched, players 3260/6711 matched
2026-08-24 03:21:41,857 INFO ncaa_identity: contest_id=2321034 teams 2691/2691 matched, players 7135/7398 matched
2026-08-24 03:21:48,138 INFO ncaa_identity: contest_id=2321074 teams 3078/3078 matched, players 8065/8487 matched
2026-08-24 03:21:51,349 INFO ncaa_identity: contest_id=2321116 teams 2324/2324 matched, players 5913/6357 matched
2026-08-24 03:21:55,071 INFO ncaa_identity: contest_id=2321152 teams 1761/3441 matched, players 4861/9533 matched
2026-08-24 03:21:57,062 INFO ncaa_identity: contest_id=2321166 teams 3042/3042 matched, players 8193/8387 matched
2026-08-24 03:21:58,956 INFO ncaa_identity: contest_id=2321177 teams 1416/2770 matched, players 3875/7601 matched
2026-08-24 03:22:07,950 INFO ncaa_identity: contest_id=2321317 teams 1477/2820 matched, players 4001/7736 matched
2026-08-24 03:22:13,311 INFO ncaa_identity: contest_id=2321451 teams 2594/2594 matched, players 6955/7094 matched
2026-08-24 03:22:17,314 INFO ncaa_identity: contest_id=2321510 teams 3116/3116 matched, players 8275/8515 matched
2026-08-24 03:22:18,847 INFO ncaa_identity: contest_id=2321522 teams 2380/2380 matched, players 6132/6522 matched
2026-08-24 03:22:22,239 INFO ncaa_identity: contest_id=2321584 teams 2760/2760 matched, players 7146/7527 matched
2026-08-24 03:22:30,082 INFO ncaa_identity: contest_id=2321710 teams 1381/2761 matched, players 3753/7535 matched
2026-08-24 03:22:42,140 INFO ncaa_identity: contest_id=2322097 teams 2881/2881 matched, players 7621/7900 matched
2026-08-24 03:22:50,259 INFO ncaa_identity: contest_id=2322176 teams 1292/2581 matched, players 3490/6998 matched
2026-08-24 03:22:53,981 INFO ncaa_identity: contest_id=2322212 teams 2048/2048 matched, players 5317/5599 matched
2026-08-24 03:22:59,566 INFO ncaa_identity: contest_id=2322278 teams 1403/2846 matched, players 3393/7833 matched
2026-08-24 03:23:01,451 INFO ncaa_identity: contest_id=2322290 teams 1212/2381 matched, players 3254/6462 matched
2026-08-24 03:23:03,633 INFO ncaa_identity: contest_id=2322347 teams 2704/2704 matched, players 6886/7389 matched
2026-08-24 03:23:11,245 WARNING ncaa_parse: family=shots contest_id=2322571 team=Winthrop SKIPPED (1 parse error(s)): No shot events found [<!DOCTYPE html> <html lang="en"> <head> <meta content="text/html; charset=utf-8" http-equiv="CONTENT-TYPE"/> <meta charset="utf-8"/> <meta...
2026-08-24 03:23:11,321 INFO ncaa_identity: contest_id=2322571 teams 1105/2232 matched, players 2804/6301 matched
2026-08-24 03:23:12,818 INFO ncaa_identity: contest_id=2322582 teams 1242/2472 matched, players 3378/6810 matched
2026-08-24 03:23:18,570 INFO ncaa_identity: contest_id=2322638 teams 2542/2542 matched, players 6498/6961 matched
2026-08-24 03:23:24,353 INFO ncaa_identity: contest_id=2322681 teams 2990/2990 matched, players 7825/8167 matched
2026-08-24 03:23:44,425 INFO ncaa_identity: contest_id=2322906 teams 1198/2440 matched, players 3304/6702 matched
2026-08-24 03:23:46,608 INFO ncaa_identity: contest_id=2322944 teams 3036/3036 matched, players 8392/8393 matched
2026-08-24 03:23:48,524 INFO ncaa_identity: contest_id=2322970 teams 2614/2614 matched, players 6999/7171 matched
2026-08-24 03:23:50,089 INFO ncaa_identity: contest_id=2323003 teams 2567/2567 matched, players 6503/7048 matched
2026-08-24 03:23:56,841 INFO ncaa_identity: contest_id=2323134 teams 2732/2732 matched, players 6939/7477 matched
2026-08-24 03:24:09,339 INFO ncaa_identity: contest_id=2323359 teams 2417/2417 matched, players 6545/6594 matched
2026-08-24 03:24:11,579 INFO ncaa_identity: contest_id=2323425 teams 2895/2895 matched, players 7769/7928 matched
2026-08-24 03:24:13,013 INFO ncaa_identity: contest_id=2323466 teams 1217/2457 matched, players 3355/6697 matched
2026-08-24 03:24:19,499 INFO ncaa_identity: contest_id=2323627 teams 2428/2428 matched, players 6559/6623 matched
2026-08-24 03:24:25,064 INFO ncaa_identity: contest_id=2323672 teams 2603/2603 matched, players 7066/7077 matched
2026-08-24 03:24:28,443 INFO ncaa_identity: contest_id=2323752 teams 3094/3094 matched, players 8133/8492 matched
2026-08-24 03:24:33,233 INFO ncaa_identity: contest_id=2323799 teams 2747/2747 matched, players 6980/7542 matched
2026-08-24 03:24:35,149 INFO ncaa_identity: contest_id=2323820 teams 1319/2506 matched, players 3447/6780 matched
2026-08-24 03:24:39,567 INFO ncaa_identity: contest_id=2324042 teams 2349/2349 matched, players 5899/6445 matched
2026-08-24 03:24:43,391 INFO ncaa_identity: contest_id=2324162 teams 2916/2916 matched, players 7910/7969 matched
2026-08-24 03:24:46,897 INFO ncaa_identity: contest_id=2324186 teams 2321/2321 matched, players 5651/6232 matched
2026-08-24 03:24:50,429 INFO ncaa_identity: contest_id=2324213 teams 2808/2808 matched, players 6889/7720 matched
2026-08-24 03:24:52,406 INFO ncaa_identity: contest_id=2324228 teams 1374/2796 matched, players 3851/7649 matched
2026-08-24 03:24:58,493 INFO ncaa_identity: contest_id=2324282 teams 2684/2684 matched, players 7227/7351 matched
2026-08-24 03:25:03,985 INFO ncaa_identity: contest_id=2324375 teams 1209/2452 matched, players 3345/6719 matched
2026-08-24 03:25:06,073 INFO ncaa_identity: contest_id=2324405 teams 2830/2830 matched, players 7753/7812 matched
2026-08-24 03:25:13,432 INFO ncaa_identity: contest_id=2324545 teams 2913/2913 matched, players 7460/8026 matched
2026-08-24 03:25:15,229 INFO ncaa_identity: contest_id=2324572 teams 2966/2966 matched, players 8043/8044 matched
2026-08-24 03:25:23,426 INFO ncaa_identity: contest_id=2324715 teams 2843/2843 matched, players 7835/7855 matched
2026-08-24 03:25:25,426 INFO ncaa_identity: contest_id=2324745 teams 2982/2982 matched, players 8130/8186 matched
2026-08-24 03:25:33,163 INFO ncaa_identity: contest_id=2324983 teams 2933/2933 matched, players 7400/8120 matched
2026-08-24 03:25:37,232 INFO ncaa_identity: contest_id=2325020 teams 3473/3473 matched, players 8947/9547 matched
2026-08-24 03:25:45,962 INFO ncaa_identity: contest_id=2325114 teams 1433/2855 matched, players 3889/7852 matched
2026-08-24 03:25:48,167 INFO ncaa_identity: contest_id=2325126 teams 1546/3129 matched, players 4347/8602 matched
2026-08-24 03:25:50,563 INFO ncaa_identity: contest_id=2325159 teams 1406/2836 matched, players 3883/7752 matched
2026-08-24 03:25:52,524 INFO ncaa_identity: contest_id=2325175 teams 1462/2945 matched, players 4058/8152 matched
2026-08-24 03:26:08,104 INFO ncaa_identity: contest_id=2325427 teams 2741/2741 matched, players 6970/7485 matched
2026-08-24 03:26:15,620 INFO ncaa_identity: contest_id=2325558 teams 2760/2760 matched, players 7153/7614 matched
2026-08-24 03:26:24,708 INFO ncaa_identity: contest_id=2325723 teams 1474/2697 matched, players 3745/7401 matched
2026-08-24 03:26:24,881 INFO 5 starters not found for period 5; using estimate
2026-08-24 03:26:26,653 INFO ncaa_identity: contest_id=2325737 teams 2956/2956 matched, players 8123/8124 matched
2026-08-24 03:26:32,103 INFO ncaa_identity: contest_id=2325786 teams 1343/2627 matched, players 3689/7222 matched
2026-08-24 03:26:35,453 INFO ncaa_identity: contest_id=2325903 teams 1384/2741 matched, players 3787/7569 matched
2026-08-24 03:26:39,118 INFO ncaa_identity: contest_id=2325935 teams 2201/2201 matched, players 5635/6066 matched
2026-08-24 03:26:45,147 INFO ncaa_identity: contest_id=2325994 teams 2512/2512 matched, players 6584/6874 matched
2026-08-24 03:26:52,552 INFO ncaa_identity: contest_id=2326062 teams 2670/2670 matched, players 6823/7301 matched
2026-08-24 03:26:56,050 INFO ncaa_identity: contest_id=2326085 teams 2943/2943 matched, players 7259/8132 matched
2026-08-24 03:26:57,789 INFO ncaa_identity: contest_id=2326095 teams 1149/2258 matched, players 3191/6189 matched
2026-08-24 03:27:01,019 INFO ncaa_identity: contest_id=2326124 teams 1461/2825 matched, players 3971/7783 matched
2026-08-24 03:27:02,908 INFO ncaa_identity: contest_id=2326136 teams 1803/3376 matched, players 4725/9316 matched
2026-08-24 03:27:04,831 INFO ncaa_identity: contest_id=2326147 teams 2548/2548 matched, players 6666/6995 matched
2026-08-24 03:27:11,687 INFO ncaa_identity: contest_id=2326214 teams 1268/2463 matched, players 3355/6718 matched
2026-08-24 03:27:15,974 INFO ncaa_identity: contest_id=2326237 teams 3431/3431 matched, players 9376/9448 matched
2026-08-24 03:27:19,934 INFO ncaa_identity: contest_id=2326311 teams 2542/2542 matched, players 6721/6927 matched
2026-08-24 03:27:21,736 INFO ncaa_identity: contest_id=2326340 teams 2963/2963 matched, players 7213/8131 matched
2026-08-24 03:27:25,975 INFO ncaa_identity: contest_id=2326365 teams 2833/2833 matched, players 7479/7739 matched
2026-08-24 03:27:43,032 INFO ncaa_identity: contest_id=2326611 teams 2809/2809 matched, players 7459/7760 matched
2026-08-24 03:27:45,084 INFO ncaa_identity: contest_id=2326633 teams 3094/3094 matched, players 8400/8487 matched
2026-08-24 03:27:49,017 INFO ncaa_identity: contest_id=2326702 teams 3101/3101 matched, players 8294/8579 matched
2026-08-24 03:27:54,576 INFO ncaa_identity: contest_id=2326754 teams 2610/2610 matched, players 7067/7160 matched
2026-08-24 03:28:05,292 INFO ncaa_identity: contest_id=2326859 teams 2319/2319 matched, players 6141/6331 matched
2026-08-24 03:28:19,157 INFO ncaa_identity: contest_id=2327205 teams 3355/3355 matched, players 8818/9272 matched
2026-08-24 03:28:24,599 INFO ncaa_identity: contest_id=2327308 teams 2587/2587 matched, players 6884/7130 matched
2026-08-24 03:28:30,186 INFO ncaa_identity: contest_id=2327347 teams 2525/2525 matched, players 6342/6946 matched
2026-08-24 03:28:31,845 INFO ncaa_identity: contest_id=2327361 teams 2095/2095 matched, players 5414/5722 matched
2026-08-24 03:28:33,611 INFO ncaa_identity: contest_id=2327372 teams 2795/2795 matched, players 7328/7657 matched
2026-08-24 03:28:35,400 INFO ncaa_identity: contest_id=2327437 teams 1338/2654 matched, players 3658/7280 matched
2026-08-24 03:28:42,540 INFO ncaa_identity: contest_id=2327489 teams 2568/2568 matched, players 6496/7033 matched
2026-08-24 03:28:52,126 INFO ncaa_identity: contest_id=2327735 teams 2895/2895 matched, players 7211/7990 matched
2026-08-24 03:28:57,807 INFO ncaa_identity: contest_id=2327872 teams 3091/3091 matched, players 8365/8489 matched
2026-08-24 03:28:59,369 INFO ncaa_identity: contest_id=2327897 teams 2915/2915 matched, players 8047/8048 matched
2026-08-24 03:29:07,484 INFO ncaa_identity: contest_id=2327955 teams 3114/3114 matched, players 8060/8560 matched
2026-08-24 03:29:12,747 INFO ncaa_identity: contest_id=2328066 teams 2558/2558 matched, players 6883/7010 matched
2026-08-24 03:29:22,929 INFO ncaa_identity: contest_id=2328291 teams 2395/2395 matched, players 6272/6558 matched
2026-08-24 03:29:26,010 INFO ncaa_identity: contest_id=2328314 teams 2572/2572 matched, players 6600/7072 matched
2026-08-24 03:29:29,716 INFO ncaa_identity: contest_id=2328395 teams 2373/2373 matched, players 6219/6454 matched
2026-08-24 03:29:31,493 INFO ncaa_identity: contest_id=2328405 teams 2324/2324 matched, players 6116/6341 matched
2026-08-24 03:29:33,655 INFO ncaa_identity: contest_id=2328418 teams 2452/2452 matched, players 6447/6751 matched
2026-08-24 03:29:37,939 INFO ncaa_identity: contest_id=2328515 teams 1271/2587 matched, players 3568/7121 matched
2026-08-24 03:29:41,778 INFO ncaa_identity: contest_id=2328537 teams 2729/2729 matched, players 6942/7541 matched
2026-08-24 03:29:45,875 INFO ncaa_identity: contest_id=2328593 teams 3168/3168 matched, players 8482/8683 matched
2026-08-24 03:29:58,234 INFO ncaa_identity: contest_id=2328833 teams 2832/2832 matched, players 7639/7767 matched
2026-08-24 03:30:00,474 INFO ncaa_identity: contest_id=2328891 teams 2520/2520 matched, players 6891/6906 matched
2026-08-24 03:30:03,792 INFO ncaa_identity: contest_id=2328964 teams 2471/2471 matched, players 6504/6795 matched
2026-08-24 03:30:15,286 INFO ncaa_identity: contest_id=2329084 teams 1423/2802 matched, players 3912/7735 matched
2026-08-24 03:30:18,909 INFO ncaa_identity: contest_id=2329154 teams 2980/2980 matched, players 7571/8160 matched
2026-08-24 03:30:27,220 INFO ncaa_identity: contest_id=2329377 teams 2663/2663 matched, players 7230/7280 matched
2026-08-24 03:30:29,077 INFO ncaa_identity: contest_id=2329389 teams 3104/3104 matched, players 8369/8511 matched
2026-08-24 03:30:35,845 INFO ncaa_identity: contest_id=2329488 teams 2481/2481 matched, players 6368/6812 matched
2026-08-24 03:30:56,290 INFO ncaa_identity: contest_id=2329844 teams 2218/2218 matched, players 5609/6054 matched
2026-08-24 03:30:57,959 INFO ncaa_identity: contest_id=2329868 teams 2583/2583 matched, players 7057/7069 matched
2026-08-24 03:31:00,003 INFO ncaa_identity: contest_id=2329904 teams 2353/2353 matched, players 6256/6445 matched
2026-08-24 03:31:03,752 INFO ncaa_identity: contest_id=2329949 teams 2509/2509 matched, players 5949/6871 matched
2026-08-24 03:31:07,244 INFO ncaa_identity: contest_id=2330054 teams 2163/2163 matched, players 5893/5910 matched
2026-08-24 03:31:13,369 INFO ncaa_identity: contest_id=2330093 teams 2558/2558 matched, players 6757/7055 matched
2026-08-24 03:31:17,311 INFO ncaa_identity: contest_id=2330117 teams 3208/3208 matched, players 7810/8879 matched
2026-08-24 03:31:25,444 INFO ncaa_identity: contest_id=2330425 teams 2498/2498 matched, players 6302/6857 matched
2026-08-24 03:31:44,637 INFO ncaa_identity: contest_id=2330668 teams 2430/2430 matched, players 6319/6652 matched
2026-08-24 03:31:48,173 INFO ncaa_identity: contest_id=2330689 teams 2818/2818 matched, players 7613/7736 matched
2026-08-24 03:31:50,657 INFO ncaa_identity: contest_id=2330700 teams 3093/3093 matched, players 8496/8517 matched
2026-08-24 03:31:54,277 INFO ncaa_identity: contest_id=2330749 teams 2384/2384 matched, players 6237/6556 matched
2026-08-24 03:31:57,886 INFO ncaa_identity: contest_id=2330905 teams 2364/2364 matched, players 6051/6436 matched
2026-08-24 03:32:06,470 INFO ncaa_identity: contest_id=2331098 teams 2286/2286 matched, players 5877/6273 matched
2026-08-24 03:32:08,438 INFO ncaa_identity: contest_id=2331113 teams 2472/2472 matched, players 6204/6737 matched
2026-08-24 03:32:18,478 INFO ncaa_identity: contest_id=2331269 teams 2311/2311 matched, players 6342/6348 matched
2026-08-24 03:32:27,536 INFO ncaa_identity: contest_id=2331488 teams 1409/2635 matched, players 3573/7227 matched
2026-08-24 03:32:30,911 INFO ncaa_identity: contest_id=2331572 teams 2164/2164 matched, players 5344/5913 matched
2026-08-24 03:32:40,066 INFO ncaa_identity: contest_id=2331629 teams 2499/2499 matched, players 6386/6844 matched
2026-08-24 03:32:43,759 INFO ncaa_identity: contest_id=2331719 teams 1269/2472 matched, players 3427/6797 matched
2026-08-24 03:32:45,142 INFO ncaa_identity: contest_id=2331730 teams 2448/2448 matched, players 6693/6694 matched
2026-08-24 03:32:49,082 INFO ncaa_identity: contest_id=2331766 teams 2625/2625 matched, players 6533/7161 matched
2026-08-24 03:33:00,492 INFO ncaa_identity: contest_id=2332026 teams 2706/2706 matched, players 6925/7399 matched
2026-08-24 03:33:05,182 INFO ncaa_identity: contest_id=2332158 teams 2472/2472 matched, players 6178/6752 matched
2026-08-24 03:33:15,926 INFO ncaa_identity: contest_id=2332296 teams 2463/2463 matched, players 6322/6750 matched
2026-08-24 03:33:22,915 INFO ncaa_identity: contest_id=2332508 teams 3055/3055 matched, players 8151/8394 matched
2026-08-24 03:33:26,456 INFO ncaa_identity: contest_id=2332528 teams 2821/2821 matched, players 7409/7707 matched
2026-08-24 03:33:28,168 INFO ncaa_identity: contest_id=2332540 teams 1426/2735 matched, players 3690/7481 matched
2026-08-24 03:33:31,554 INFO ncaa_identity: contest_id=2332620 teams 2530/2530 matched, players 6897/6934 matched
2026-08-24 03:33:35,135 INFO ncaa_identity: contest_id=2332643 teams 3013/3013 matched, players 7535/8277 matched
2026-08-24 03:33:39,564 INFO ncaa_identity: contest_id=2332667 teams 2913/2913 matched, players 7465/8003 matched
2026-08-24 03:33:51,842 INFO ncaa_identity: contest_id=2332923 teams 1406/2825 matched, players 3857/7744 matched
2026-08-24 03:33:53,894 INFO ncaa_identity: contest_id=2332991 teams 1581/3001 matched, players 3540/8258 matched
2026-08-24 03:33:55,763 INFO ncaa_identity: contest_id=2333025 teams 2552/2552 matched, players 7013/7014 matched
2026-08-24 03:34:18,406 INFO ncaa_identity: contest_id=2333433 teams 2402/2402 matched, players 6545/6546 matched
2026-08-24 03:34:23,675 INFO ncaa_identity: contest_id=2333530 teams 2453/2453 matched, players 6653/6734 matched
2026-08-24 03:34:25,549 INFO ncaa_identity: contest_id=2333553 teams 2471/2471 matched, players 6735/6767 matched
2026-08-24 03:34:31,124 INFO ncaa_identity: contest_id=2333587 teams 2427/2427 matched, players 6147/6674 matched
2026-08-24 03:34:38,286 INFO ncaa_identity: contest_id=2333678 teams 2626/2626 matched, players 6824/7181 matched
2026-08-24 03:34:54,167 INFO ncaa_identity: contest_id=2333935 teams 2164/2164 matched, players 4963/5876 matched
2026-08-24 03:34:57,749 INFO ncaa_identity: contest_id=2334017 teams 2933/2933 matched, players 7859/7860 matched
2026-08-24 03:35:01,128 INFO ncaa_identity: contest_id=2334084 teams 2596/2596 matched, players 6863/7072 matched
[p1_s_e_e] [WARNING] [TeamId(name='Alabama A&M')]v[TeamId(name='Bethune-Cookman')] Flip court for periods: [[3, 4]] because [total_shots={1: 30, 2: 22, 3: 25, 4: 29} long_shots={3: 25, 4: 29}]
2026-08-24 03:35:02,993 INFO ncaa_identity: contest_id=2334104 teams 2803/2803 matched, players 7647/7715 matched
2026-08-24 03:35:08,047 INFO ncaa_identity: contest_id=2334208 teams 2859/2859 matched, players 7159/7822 matched
2026-08-24 03:35:11,350 INFO ncaa_identity: contest_id=2334234 teams 2278/2278 matched, players 6135/6208 matched
2026-08-24 03:35:16,658 WARNING ncaa_parse: family=shots contest_id=2334276 team=Morgan St. SKIPPED (1 parse error(s)): No shot events found [<!DOCTYPE html> <html lang="en"> <head> <meta content="text/html; charset=utf-8" http-equiv="CONTENT-TYPE"/> <meta charset="utf-8"/> <meta...
2026-08-24 03:35:16,756 INFO ncaa_identity: contest_id=2334276 teams 2324/2324 matched, players 6053/6511 matched
2026-08-24 03:35:29,569 INFO ncaa_identity: contest_id=2334405 teams 2655/2655 matched, players 6774/7273 matched
2026-08-24 03:35:31,873 INFO ncaa_identity: contest_id=2334417 teams 1358/2773 matched, players 3816/7600 matched
2026-08-24 03:35:37,495 INFO ncaa_identity: contest_id=2334496 teams 2592/2592 matched, players 6601/7084 matched
2026-08-24 03:35:39,066 INFO ncaa_identity: contest_id=2334506 teams 2414/2414 matched, players 6318/6636 matched
2026-08-24 03:35:51,526 INFO ncaa_identity: contest_id=2334587 teams 2490/2490 matched, players 6235/6809 matched
2026-08-24 03:35:55,628 INFO ncaa_identity: contest_id=2334608 teams 2969/2969 matched, players 7706/8216 matched
2026-08-24 03:36:02,647 INFO ncaa_identity: contest_id=2334705 teams 2425/2425 matched, players 5433/6595 matched
2026-08-24 03:36:07,818 INFO ncaa_identity: contest_id=2334761 teams 2983/2983 matched, players 7548/8232 matched
2026-08-24 03:36:13,001 INFO ncaa_identity: contest_id=2334810 teams 2301/2301 matched, players 6085/6303 matched
2026-08-24 03:36:21,923 INFO ncaa_identity: contest_id=2334861 teams 1490/2781 matched, players 3600/7631 matched
2026-08-24 03:36:31,546 INFO ncaa_identity: contest_id=2334911 teams 2354/2354 matched, players 5955/6436 matched
2026-08-24 03:36:33,111 INFO ncaa_identity: contest_id=2334921 teams 2705/2705 matched, players 7265/7400 matched
2026-08-24 03:36:35,121 INFO ncaa_identity: contest_id=2334931 teams 2367/2367 matched, players 6392/6443 matched
2026-08-24 03:36:36,744 INFO ncaa_identity: contest_id=2334941 teams 2602/2602 matched, players 7161/7163 matched
2026-08-24 03:36:43,859 INFO ncaa_identity: contest_id=2350792 teams 2965/2965 matched, players 8080/8152 matched
2026-08-24 03:36:49,161 INFO ncaa_identity: contest_id=2350910 teams 3225/3225 matched, players 8366/8938 matched
2026-08-24 03:36:50,680 INFO ncaa_identity: contest_id=2351110 teams 2602/2602 matched, players 6564/7151 matched
2026-08-24 03:36:52,502 INFO ncaa_identity: contest_id=2354201 teams 1288/2589 matched, players 3524/7080 matched
2026-08-24 03:36:55,530 INFO ncaa_identity: contest_id=2415387 teams 2453/2453 matched, players 6146/6697 matched
2026-08-24 03:36:58,959 INFO ncaa_identity: contest_id=2418102 teams 2357/2357 matched, players 6348/6386 matched
2026-08-24 03:37:05,558 INFO ncaa_identity: contest_id=2418474 teams 2345/2345 matched, players 6097/6437 matched
2026-08-24 03:37:06,952 INFO ncaa_identity: contest_id=2418499 teams 2396/2396 matched, players 6144/6549 matched
2026-08-24 03:37:08,604 INFO ncaa_identity: contest_id=2418579 teams 2358/2358 matched, players 6276/6465 matched
2026-08-24 03:37:26,558 INFO ncaa_identity: contest_id=2421211 teams 2908/2908 matched, players 7446/7994 matched
2026-08-24 03:37:28,491 INFO ncaa_identity: contest_id=2421233 teams 2502/2502 matched, players 6478/6865 matched
2026-08-24 03:37:43,139 INFO ncaa_identity: contest_id=2422216 teams 2858/2858 matched, players 6921/7892 matched
2026-08-24 03:37:52,459 INFO ncaa_identity: contest_id=2424370 teams 2282/2282 matched, players 6154/6205 matched
2026-08-24 03:38:00,780 INFO ncaa_identity: contest_id=2424467 teams 3015/3015 matched, players 8209/8333 matched
2026-08-24 03:38:26,420 INFO ncaa_identity: contest_id=3953944 teams 2694/2694 matched, players 6722/7396 matched
2026-08-24 03:38:28,311 INFO ncaa_identity: contest_id=3954030 teams 2816/2816 matched, players 7036/7767 matched
2026-08-24 03:38:30,144 INFO ncaa_identity: contest_id=3954041 teams 2526/2526 matched, players 6369/6945 matched
2026-08-24 03:38:36,775 INFO ncaa_identity: contest_id=3954234 teams 2364/2364 matched, players 5960/6492 matched
2026-08-24 03:38:40,617 INFO ncaa_identity: contest_id=3954258 teams 2508/2508 matched, players 6367/6893 matched
2026-08-24 03:38:52,761 INFO ncaa_identity: contest_id=3954524 teams 2909/2909 matched, players 7424/7993 matched
2026-08-24 03:38:54,435 INFO ncaa_identity: contest_id=3954536 teams 2552/2552 matched, players 6510/6987 matched
2026-08-24 03:39:01,893 INFO ncaa_identity: contest_id=3954624 teams 1504/2938 matched, players 4048/8083 matched
2026-08-24 03:39:05,713 INFO ncaa_identity: contest_id=3970198 teams 1436/2807 matched, players 3847/7666 matched
2026-08-24 03:39:07,985 INFO ncaa_identity: contest_id=3970208 teams 1490/2852 matched, players 3952/7843 matched
2026-08-24 03:39:14,692 INFO ncaa_identity: contest_id=3970239 teams 1525/2972 matched, players 4162/8193 matched
2026-08-24 03:39:19,162 INFO ncaa_identity: contest_id=3970259 teams 1420/2734 matched, players 3769/7497 matched
2026-08-24 03:39:29,438 INFO ncaa_identity: contest_id=3970313 teams 3181/3181 matched, players 8357/8763 matched
2026-08-24 03:39:31,234 INFO ncaa_identity: contest_id=3970323 teams 1306/2617 matched, players 3552/7155 matched
2026-08-24 03:39:33,059 INFO ncaa_identity: contest_id=3970333 teams 1291/2552 matched, players 3509/6976 matched
2026-08-24 03:39:35,174 INFO ncaa_identity: contest_id=3970344 teams 1407/2793 matched, players 3822/7659 matched
2026-08-24 03:39:36,913 INFO ncaa_identity: contest_id=3970354 teams 2815/2815 matched, players 7269/7732 matched
2026-08-24 03:39:39,246 INFO ncaa_identity: contest_id=3970396 teams 1382/2608 matched, players 3474/7123 matched
2026-08-24 03:39:45,690 INFO ncaa_identity: contest_id=3970491 teams 2359/2359 matched, players 5827/6475 matched
2026-08-24 03:40:02,285 INFO ncaa_identity: contest_id=3970750 teams 1527/2954 matched, players 4084/8073 matched
2026-08-24 03:40:08,010 INFO ncaa_identity: contest_id=3970936 teams 2344/2344 matched, players 6082/6400 matched
2026-08-24 03:40:09,756 INFO ncaa_identity: contest_id=3970971 teams 2560/2560 matched, players 6496/7007 matched
2026-08-24 03:40:12,344 INFO ncaa_identity: contest_id=3971101 teams 1613/3129 matched, players 4322/8655 matched
2026-08-24 03:40:16,264 INFO ncaa_identity: contest_id=3971163 teams 3365/3365 matched, players 8656/9253 matched
2026-08-24 03:40:22,576 INFO ncaa_identity: contest_id=3971208 teams 2583/2583 matched, players 6751/7119 matched
2026-08-24 03:40:24,467 INFO ncaa_identity: contest_id=3971240 teams 2721/2721 matched, players 7423/7460 matched
2026-08-24 03:40:26,295 INFO ncaa_identity: contest_id=3971258 teams 2633/2633 matched, players 6988/7216 matched
2026-08-24 03:40:28,863 INFO ncaa_identity: contest_id=3971283 teams 2683/2683 matched, players 7270/7368 matched
2026-08-24 03:40:33,125 INFO ncaa_identity: contest_id=3971308 teams 1460/2958 matched, players 4126/8120 matched
2026-08-24 03:40:39,720 INFO ncaa_identity: contest_id=3971398 teams 3781/3781 matched, players 10270/10451 matched
2026-08-24 03:40:42,034 INFO ncaa_identity: contest_id=3971422 teams 2755/2755 matched, players 7333/7545 matched
2026-08-24 03:40:44,028 INFO ncaa_identity: contest_id=3971439 teams 2843/2843 matched, players 7672/7810 matched
2026-08-24 03:40:46,193 INFO ncaa_identity: contest_id=3971449 teams 3221/3221 matched, players 8723/8858 matched
2026-08-24 03:40:52,470 INFO ncaa_identity: contest_id=3971608 teams 1449/2905 matched, players 4008/8015 matched
2026-08-24 03:41:03,232 INFO ncaa_identity: contest_id=3971794 teams 1294/2559 matched, players 3436/7027 matched
2026-08-24 03:41:05,205 INFO ncaa_identity: contest_id=3971819 teams 1519/3014 matched, players 3162/8325 matched
2026-08-24 03:41:09,470 INFO ncaa_identity: contest_id=3971961 teams 2392/2392 matched, players 6015/6538 matched
2026-08-24 03:41:11,662 INFO ncaa_identity: contest_id=3972018 teams 1698/3200 matched, players 4061/8817 matched
2026-08-24 03:41:13,589 WARNING ncaa_parse: family=shots contest_id=3972050 team=South Carolina St. SKIPPED (1 parse error(s)): No shot events found [<!DOCTYPE html> <html lang="en"> <head> <meta content="text/html; charset=utf-8" http-equiv="CONTENT-TYPE"/> <meta charset="utf-8"/> <meta...
2026-08-24 03:41:13,659 INFO ncaa_identity: contest_id=3972050 teams 2350/2350 matched, players 6536/6585 matched
2026-08-24 03:41:24,926 INFO ncaa_identity: contest_id=3972254 teams 1771/3577 matched, players 5019/9882 matched
2026-08-24 03:41:28,981 INFO ncaa_identity: contest_id=3972291 teams 1345/2746 matched, players 3696/7538 matched
2026-08-24 03:41:34,826 INFO ncaa_identity: contest_id=3972359 teams 1389/2683 matched, players 3629/7337 matched
2026-08-24 03:41:38,930 INFO ncaa_identity: contest_id=3972546 teams 1165/2413 matched, players 3320/6599 matched
2026-08-24 03:41:40,911 INFO ncaa_identity: contest_id=3972582 teams 2371/2371 matched, players 6426/6497 matched
2026-08-24 03:41:50,789 INFO ncaa_identity: contest_id=3972678 teams 2599/2599 matched, players 6775/7134 matched
2026-08-24 03:41:53,321 INFO ncaa_identity: contest_id=3972688 teams 2864/2864 matched, players 7756/7829 matched
2026-08-24 03:41:57,214 INFO ncaa_identity: contest_id=3972712 teams 3068/3068 matched, players 7881/8416 matched
2026-08-24 03:42:09,247 INFO ncaa_identity: contest_id=3972814 teams 1355/2626 matched, players 3665/7239 matched
2026-08-24 03:42:15,930 INFO ncaa_identity: contest_id=3972872 teams 2856/2856 matched, players 7468/7809 matched
2026-08-24 03:42:19,716 INFO ncaa_identity: contest_id=3972963 teams 2379/2379 matched, players 6451/6504 matched
2026-08-24 03:42:25,205 INFO ncaa_identity: contest_id=3973032 teams 2817/2817 matched, players 7792/7807 matched
2026-08-24 03:42:28,694 INFO ncaa_identity: contest_id=3973101 teams 1427/2728 matched, players 3857/7525 matched
2026-08-24 03:42:35,360 INFO ncaa_identity: contest_id=3973204 teams 2772/2772 matched, players 6893/7647 matched
2026-08-24 03:42:36,924 INFO ncaa_identity: contest_id=3973218 teams 1341/2760 matched, players 3811/7619 matched
2026-08-24 03:42:46,812 INFO ncaa_identity: contest_id=3973425 teams 2247/2247 matched, players 5987/6160 matched
2026-08-24 03:42:52,800 INFO ncaa_identity: contest_id=3973493 teams 3400/3400 matched, players 8761/9402 matched
2026-08-24 03:42:54,587 INFO ncaa_identity: contest_id=3973516 teams 2435/2435 matched, players 5960/6593 matched
2026-08-24 03:43:01,556 INFO ncaa_identity: contest_id=3973676 teams 1139/2169 matched, players 535/856 matched
2026-08-24 03:43:08,031 INFO ncaa_identity: contest_id=3973740 teams 2385/2385 matched, players 5499/6517 matched
2026-08-24 03:43:12,824 INFO 5 starters not found for period 5; using estimate
2026-08-24 03:43:14,703 INFO ncaa_identity: contest_id=3973953 teams 3251/3251 matched, players 8780/8964 matched
2026-08-24 03:43:16,498 INFO ncaa_identity: contest_id=3974067 teams 1209/2305 matched, players 3175/6314 matched
2026-08-24 03:43:18,320 INFO ncaa_identity: contest_id=3974080 teams 2221/2221 matched, players 5608/6045 matched
2026-08-24 03:43:19,995 INFO ncaa_identity: contest_id=3974090 teams 2639/2639 matched, players 7006/7267 matched
2026-08-24 03:43:26,586 INFO ncaa_identity: contest_id=3974130 teams 1651/3168 matched, players 4199/8640 matched
2026-08-24 03:43:30,214 INFO ncaa_identity: contest_id=3974180 teams 1454/2912 matched, players 3972/7968 matched
2026-08-24 03:43:37,233 INFO ncaa_identity: contest_id=3974295 teams 2466/2466 matched, players 6509/6746 matched
2026-08-24 03:43:38,852 INFO ncaa_identity: contest_id=3974306 teams 2860/2860 matched, players 7381/7897 matched
2026-08-24 03:43:40,817 INFO ncaa_identity: contest_id=3974353 teams 1425/2866 matched, players 3964/7878 matched
2026-08-24 03:43:42,677 INFO ncaa_identity: contest_id=3974393 teams 2438/2438 matched, players 6416/6699 matched
2026-08-24 03:44:06,809 INFO ncaa_identity: contest_id=3974631 teams 3073/3073 matched, players 7532/8441 matched
2026-08-24 03:44:18,659 INFO ncaa_identity: contest_id=3974788 teams 1495/2927 matched, players 4089/8078 matched
2026-08-24 03:44:35,337 INFO ncaa_identity: contest_id=3974930 teams 2405/2405 matched, players 5931/6583 matched
2026-08-24 03:45:08,757 INFO ncaa_identity: contest_id=3975016 teams 1452/2785 matched, players 3373/7614 matched
2026-08-24 03:45:34,496 INFO ncaa_identity: contest_id=3975156 teams 1425/2883 matched, players 3961/7900 matched
2026-08-24 03:45:39,918 INFO ncaa_identity: contest_id=3975174 teams 2532/2532 matched, players 6502/6897 matched
2026-08-24 03:46:06,323 INFO ncaa_identity: contest_id=3975314 teams 2619/2619 matched, players 7155/7193 matched
2026-08-24 03:46:18,296 INFO ncaa_identity: contest_id=3975420 teams 1395/2809 matched, players 3870/7674 matched
2026-08-24 03:46:24,031 INFO ncaa_identity: contest_id=3975444 teams 3305/3305 matched, players 8988/9139 matched
2026-08-24 03:46:28,991 INFO ncaa_identity: contest_id=3975479 teams 2423/2423 matched, players 6591/6624 matched
2026-08-24 03:46:39,990 INFO ncaa_identity: contest_id=3975512 teams 1408/2784 matched, players 3805/7634 matched
2026-08-24 03:46:46,730 INFO ncaa_identity: contest_id=3975525 teams 3061/3061 matched, players 7824/8419 matched
2026-08-24 03:47:18,385 INFO ncaa_identity: contest_id=3975688 teams 1216/2447 matched, players 3317/6672 matched
2026-08-24 03:47:25,395 INFO ncaa_identity: contest_id=3975706 teams 1401/2809 matched, players 3901/7754 matched
2026-08-24 03:47:31,688 INFO ncaa_identity: contest_id=3975766 teams 3267/3267 matched, players 8675/8974 matched
2026-08-24 03:47:49,877 INFO ncaa_identity: contest_id=3975850 teams 2213/2213 matched, players 5908/6056 matched
2026-08-24 03:48:18,123 INFO ncaa_identity: contest_id=3975931 teams 1238/2445 matched, players 3459/6726 matched
2026-08-24 03:48:28,388 INFO ncaa_identity: contest_id=3975959 teams 2343/2343 matched, players 6346/6374 matched
2026-08-24 03:48:33,546 INFO ncaa_identity: contest_id=3975969 teams 2931/2931 matched, players 8027/8045 matched
2026-08-24 03:48:39,246 INFO ncaa_identity: contest_id=3975980 teams 2593/2593 matched, players 6970/7124 matched
2026-08-24 03:49:05,787 INFO ncaa_identity: contest_id=3976032 teams 1391/2750 matched, players 3771/7509 matched
2026-08-24 03:49:21,098 INFO ncaa_identity: contest_id=3976085 teams 1479/2982 matched, players 4138/8186 matched
2026-08-24 03:49:32,317 INFO ncaa_identity: contest_id=3976182 teams 1362/2663 matched, players 3683/7283 matched
2026-08-24 03:49:38,452 INFO ncaa_identity: contest_id=3976193 teams 1493/3090 matched, players 4171/8570 matched
2026-08-24 03:49:54,826 INFO ncaa_identity: contest_id=3976233 teams 1466/2891 matched, players 3944/7950 matched
2026-08-24 03:50:01,924 INFO ncaa_identity: contest_id=3976297 teams 2700/2700 matched, players 6777/7423 matched
2026-08-24 03:50:08,753 INFO ncaa_identity: contest_id=3976328 teams 1366/2659 matched, players 3713/7316 matched
2026-08-24 03:50:15,349 INFO ncaa_identity: contest_id=3976364 teams 2296/2296 matched, players 5671/6257 matched
2026-08-24 03:50:27,234 INFO ncaa_identity: contest_id=3976417 teams 1599/3153 matched, players 4380/8693 matched
2026-08-24 03:50:37,838 INFO ncaa_identity: contest_id=3976485 teams 1447/2816 matched, players 3866/7664 matched
2026-08-24 03:50:56,015 INFO ncaa_identity: contest_id=3976534 teams 2438/2438 matched, players 6586/6666 matched
2026-08-24 03:51:08,373 INFO ncaa_identity: contest_id=3976639 teams 2608/2608 matched, players 6842/7170 matched
2026-08-24 03:51:13,967 INFO ncaa_identity: contest_id=3976822 teams 2153/2153 matched, players 5410/5862 matched
2026-08-24 03:51:27,674 INFO ncaa_identity: contest_id=3977049 teams 1205/2359 matched, players 3205/6405 matched
2026-08-24 03:51:39,131 INFO ncaa_identity: contest_id=3977269 teams 2836/2836 matched, players 7586/7743 matched
2026-08-24 03:51:46,518 WARNING ncaa_parse: family=shots contest_id=3977390 team=South Carolina St. SKIPPED (1 parse error(s)): No shot events found [<!DOCTYPE html> <html lang="en"> <head> <meta content="text/html; charset=utf-8" http-equiv="CONTENT-TYPE"/> <meta charset="utf-8"/> <meta...
2026-08-24 03:51:56,639 WARNING ncaa_parse: family=shots contest_id=3977547 team=South Carolina St. SKIPPED (1 parse error(s)): No shot events found [<!DOCTYPE html> <html lang="en"> <head> <meta content="text/html; charset=utf-8" http-equiv="CONTENT-TYPE"/> <meta charset="utf-8"/> <meta...
2026-08-24 03:51:56,762 INFO ncaa_identity: contest_id=3977547 teams 2227/2227 matched, players 6131/6225 matched
2026-08-24 03:52:02,494 INFO ncaa_identity: contest_id=3977725 teams 2373/2373 matched, players 6233/6482 matched
2026-08-24 03:52:05,817 INFO ncaa_identity: contest_id=3977805 teams 2829/2829 matched, players 6847/7764 matched
2026-08-24 03:52:09,862 INFO ncaa_identity: contest_id=3977847 teams 2388/2388 matched, players 6376/6581 matched
2026-08-24 03:52:21,152 INFO ncaa_identity: contest_id=3977984 teams 2732/2732 matched, players 7375/7537 matched
2026-08-24 03:52:31,507 INFO ncaa_identity: contest_id=3978177 teams 2903/2903 matched, players 7901/7985 matched
2026-08-24 03:52:37,631 INFO ncaa_identity: contest_id=3978330 teams 2708/2708 matched, players 6913/7376 matched
2026-08-24 03:52:39,755 INFO ncaa_identity: contest_id=3978358 teams 2436/2436 matched, players 6298/6623 matched
2026-08-24 03:52:49,588 INFO ncaa_identity: contest_id=3978516 teams 2592/2592 matched, players 6489/7090 matched
2026-08-24 03:52:52,963 INFO ncaa_identity: contest_id=3978552 teams 2611/2611 matched, players 6616/7163 matched
2026-08-24 03:52:55,230 INFO ncaa_identity: contest_id=3978575 teams 3745/3745 matched, players 9613/10396 matched
2026-08-24 03:53:04,198 INFO ncaa_identity: contest_id=3978861 teams 2841/2841 matched, players 7580/7820 matched
2026-08-24 03:53:05,656 INFO ncaa_identity: contest_id=3978875 teams 2329/2329 matched, players 6032/6378 matched
2026-08-24 03:53:07,476 INFO ncaa_identity: contest_id=3978936 teams 2358/2358 matched, players 6330/6401 matched
2026-08-24 03:53:08,865 INFO ncaa_identity: contest_id=3978949 teams 2645/2645 matched, players 6631/7222 matched
2026-08-24 03:53:15,611 INFO ncaa_identity: contest_id=3979054 teams 1199/2373 matched, players 3217/6456 matched
2026-08-24 03:53:17,175 INFO ncaa_identity: contest_id=3979074 teams 2438/2438 matched, players 6079/6687 matched
2026-08-24 03:53:18,984 INFO ncaa_identity: contest_id=3979087 teams 2587/2587 matched, players 7027/7062 matched
2026-08-24 03:53:21,009 INFO ncaa_identity: contest_id=3979100 teams 2647/2647 matched, players 7255/7256 matched
2026-08-24 03:53:24,841 INFO ncaa_identity: contest_id=3979220 teams 2083/2083 matched, players 5571/5667 matched
2026-08-24 03:53:29,448 INFO ncaa_identity: contest_id=3979338 teams 2528/2528 matched, players 6350/6966 matched
2026-08-24 03:53:37,140 INFO ncaa_identity: contest_id=3979521 teams 3107/3107 matched, players 8516/8553 matched
2026-08-24 03:53:40,146 INFO ncaa_identity: contest_id=3979554 teams 2417/2417 matched, players 6356/6611 matched
2026-08-24 03:53:41,816 INFO ncaa_identity: contest_id=3979565 teams 2709/2709 matched, players 7073/7442 matched
2026-08-24 03:53:44,820 INFO ncaa_identity: contest_id=3979663 teams 2641/2641 matched, players 6890/7321 matched
2026-08-24 03:53:51,419 INFO ncaa_identity: contest_id=3979870 teams 2884/2884 matched, players 7583/7943 matched
2026-08-24 03:53:53,217 INFO ncaa_identity: contest_id=3979881 teams 2666/2666 matched, players 6825/7272 matched
2026-08-24 03:53:54,532 INFO ncaa_identity: contest_id=3979896 teams 2302/2302 matched, players 6242/6329 matched
2026-08-24 03:53:56,430 INFO ncaa_identity: contest_id=3979958 teams 3125/3125 matched, players 8256/8583 matched
2026-08-24 03:54:01,979 INFO ncaa_identity: contest_id=3979996 teams 2640/2640 matched, players 7173/7259 matched
2026-08-24 03:54:13,662 INFO ncaa_identity: contest_id=3980187 teams 2327/2327 matched, players 5806/6313 matched
2026-08-24 03:54:25,999 INFO ncaa_identity: contest_id=3980464 teams 2891/2891 matched, players 7738/7739 matched
2026-08-24 03:54:27,925 INFO ncaa_identity: contest_id=3980513 teams 2540/2540 matched, players 6648/6907 matched
2026-08-24 03:54:53,264 INFO ncaa_identity: contest_id=3981006 teams 2202/2202 matched, players 5854/5990 matched
2026-08-24 03:55:01,908 INFO ncaa_identity: contest_id=3981118 teams 2456/2456 matched, players 6246/6740 matched
2026-08-24 03:55:05,320 INFO ncaa_identity: contest_id=3981200 teams 2336/2336 matched, players 6376/6399 matched
2026-08-24 03:55:08,550 INFO ncaa_identity: contest_id=3981317 teams 2602/2602 matched, players 7011/7141 matched
2026-08-24 03:55:43,742 INFO ncaa_identity: contest_id=3982005 teams 2652/2652 matched, players 6725/7325 matched
2026-08-24 03:55:49,415 INFO ncaa_identity: contest_id=3982091 teams 1352/2581 matched, players 3665/7114 matched
2026-08-24 03:55:57,809 INFO ncaa_identity: contest_id=3982247 teams 2647/2647 matched, players 6813/7284 matched
2026-08-24 03:56:06,157 INFO ncaa_identity: contest_id=3982411 teams 2979/2979 matched, players 7880/8191 matched
[p1_s_e_e] [WARNING] [TeamId(name='Tulane')]v[TeamId(name='SMU')] Flip court for periods: [[2, 3, 4]] because [total_shots={1: 24, 2: 33, 3: 26, 4: 26} long_shots={1: 10, 2: 33, 3: 26, 4: 26}]
2026-08-24 03:56:30,727 INFO ncaa_identity: contest_id=3982951 teams 2446/2446 matched, players 6601/6710 matched
2026-08-24 03:56:37,757 INFO ncaa_identity: contest_id=3982999 teams 3091/3091 matched, players 8077/8523 matched
2026-08-24 03:56:48,876 INFO ncaa_identity: contest_id=3983183 teams 1416/2721 matched, players 3749/7426 matched
2026-08-24 03:56:51,254 INFO ncaa_identity: contest_id=3983231 teams 2842/2842 matched, players 7186/7807 matched
2026-08-24 03:57:01,831 INFO ncaa_identity: contest_id=3983466 teams 2408/2408 matched, players 6605/6606 matched
2026-08-24 03:57:18,558 INFO ncaa_identity: contest_id=3983637 teams 2544/2544 matched, players 6629/6966 matched
2026-08-24 03:57:20,285 INFO ncaa_identity: contest_id=3983649 teams 2390/2390 matched, players 6160/6585 matched
2026-08-24 03:57:27,739 INFO ncaa_identity: contest_id=3983740 teams 2604/2604 matched, players 6841/7146 matched
2026-08-24 03:57:34,048 INFO ncaa_identity: contest_id=3983796 teams 2309/2309 matched, players 5779/6348 matched
2026-08-24 03:57:41,618 INFO ncaa_identity: contest_id=3983883 teams 2581/2581 matched, players 6069/7078 matched
2026-08-24 03:57:50,483 INFO ncaa_identity: contest_id=3983995 teams 1390/2786 matched, players 3812/7681 matched
2026-08-24 03:57:52,115 INFO ncaa_identity: contest_id=3984016 teams 2756/2756 matched, players 6728/7525 matched
2026-08-24 03:58:17,807 INFO ncaa_identity: contest_id=3984308 teams 2288/2288 matched, players 5780/6274 matched
2026-08-24 03:58:23,176 INFO ncaa_identity: contest_id=3984338 teams 2393/2393 matched, players 6076/6488 matched
2026-08-24 03:58:30,509 INFO ncaa_identity: contest_id=3984390 teams 2851/2851 matched, players 7821/7836 matched
2026-08-24 03:58:33,950 INFO ncaa_identity: contest_id=3984442 teams 2601/2601 matched, players 7116/7123 matched
2026-08-24 03:58:39,254 INFO ncaa_identity: contest_id=3984507 teams 2573/2573 matched, players 6477/7106 matched
2026-08-24 03:58:45,567 INFO ncaa_identity: contest_id=3984574 teams 2343/2343 matched, players 5860/6420 matched
2026-08-24 03:58:52,542 WARNING ncaa_parse: family=shots contest_id=3984614 team=Texas Southern SKIPPED (1 parse error(s)): No shot events found [<!DOCTYPE html> <html lang="en"> <head> <meta content="text/html; charset=utf-8" http-equiv="CONTENT-TYPE"/> <meta charset="utf-8"/> <meta...
2026-08-24 03:58:52,590 INFO ncaa_identity: contest_id=3984614 teams 2541/2541 matched, players 7192/7202 matched
2026-08-24 03:59:00,974 WARNING ncaa_parse: family=shots contest_id=3984665 team=Morgan St. SKIPPED (1 parse error(s)): No shot events found [<!DOCTYPE html> <html lang="en"> <head> <meta content="text/html; charset=utf-8" http-equiv="CONTENT-TYPE"/> <meta charset="utf-8"/> <meta...
2026-08-24 03:59:12,396 INFO ncaa_identity: contest_id=3984846 teams 2516/2516 matched, players 6650/6766 matched
2026-08-24 03:59:14,638 INFO ncaa_identity: contest_id=3984867 teams 2418/2418 matched, players 6180/6599 matched
2026-08-24 03:59:16,169 INFO ncaa_identity: contest_id=3995886 teams 2507/2507 matched, players 6679/6859 matched
2026-08-24 03:59:34,739 INFO ncaa_identity: contest_id=3996448 teams 2975/2975 matched, players 8138/8139 matched
2026-08-24 03:59:38,709 INFO ncaa_identity: contest_id=3996566 teams 2571/2571 matched, players 6663/7030 matched
2026-08-24 03:59:53,355 INFO ncaa_identity: contest_id=4471863 teams 1770/3409 matched, players 3988/9415 matched
2026-08-24 03:59:55,412 INFO ncaa_identity: contest_id=4472723 teams 1425/2794 matched, players 3907/7691 matched
2026-08-24 03:59:59,329 INFO ncaa_identity: contest_id=5246772 teams 2951/2951 matched, players 7653/8143 matched
2026-08-24 04:00:01,310 INFO ncaa_identity: contest_id=5246868 teams 1344/2791 matched, players 3817/7687 matched
2026-08-24 04:00:03,131 INFO ncaa_identity: contest_id=5246878 teams 2617/2617 matched, players 6595/7153 matched
2026-08-24 04:00:19,984 INFO ncaa_identity: contest_id=5249779 teams 2484/2484 matched, players 6155/6728 matched
2026-08-24 04:00:23,657 INFO ncaa_identity: contest_id=5249953 teams 1343/2590 matched, players 3621/7066 matched
2026-08-24 04:00:33,917 INFO ncaa_identity: contest_id=5250369 teams 2700/2700 matched, players 6879/7445 matched
2026-08-24 04:00:37,462 INFO ncaa_identity: contest_id=5250473 teams 2545/2545 matched, players 6583/6948 matched
2026-08-24 04:00:41,461 INFO ncaa_identity: contest_id=5250653 teams 2847/2847 matched, players 7080/7802 matched
2026-08-24 04:00:43,824 INFO ncaa_identity: contest_id=5250663 teams 2610/2610 matched, players 6567/7107 matched
2026-08-24 04:00:46,733 INFO ncaa_identity: contest_id=5250674 teams 2488/2488 matched, players 6611/6612 matched
2026-08-24 04:00:55,442 INFO ncaa_identity: contest_id=5254164 teams 2548/2548 matched, players 6474/6975 matched
2026-08-24 04:01:13,773 INFO ncaa_identity: contest_id=5254262 teams 2634/2634 matched, players 6339/7235 matched
2026-08-24 04:01:21,809 INFO ncaa_identity: contest_id=5254433 teams 3049/3049 matched, players 8100/8410 matched
2026-08-24 04:01:26,410 INFO ncaa_identity: contest_id=5722025 teams 2596/2596 matched, players 7095/7128 matched
2026-08-24 04:01:29,053 INFO ncaa_identity: contest_id=5722035 teams 1473/3055 matched, players 4156/8372 matched
2026-08-24 04:01:35,420 INFO ncaa_identity: contest_id=5722066 teams 2590/2590 matched, players 6211/7075 matched
2026-08-24 04:01:38,255 INFO ncaa_identity: contest_id=5722076 teams 2749/2749 matched, players 6955/7573 matched
2026-08-24 04:01:40,873 INFO ncaa_identity: contest_id=5722099 teams 2510/2510 matched, players 6435/6904 matched
2026-08-24 04:02:03,786 INFO ncaa_identity: contest_id=5722765 teams 2230/2230 matched, players 5584/6072 matched
2026-08-24 04:02:05,725 INFO ncaa_identity: contest_id=5722788 teams 2443/2443 matched, players 6302/6683 matched
2026-08-24 04:02:41,214 INFO ncaa_identity: contest_id=5723119 teams 1507/3082 matched, players 4207/8532 matched
2026-08-24 04:02:52,651 INFO ncaa_identity: contest_id=5723219 teams 2727/2727 matched, players 6987/7477 matched
2026-08-24 04:03:05,712 INFO ncaa_identity: contest_id=5723348 teams 3020/3020 matched, players 8238/8305 matched
2026-08-24 04:03:15,777 INFO ncaa_identity: contest_id=5723400 teams 1466/2886 matched, players 3976/7890 matched
2026-08-24 04:03:22,636 INFO ncaa_identity: contest_id=5723473 teams 1489/2931 matched, players 3957/8036 matched
2026-08-24 04:03:33,184 INFO ncaa_identity: contest_id=5723595 teams 2463/2463 matched, players 6757/6776 matched
2026-08-24 04:03:39,060 INFO ncaa_identity: contest_id=5723660 teams 2181/2181 matched, players 5851/5920 matched
2026-08-24 04:03:45,123 INFO ncaa_identity: contest_id=5723709 teams 1300/2483 matched, players 3448/6809 matched
2026-08-24 04:03:49,117 INFO ncaa_identity: contest_id=5723740 teams 1386/2777 matched, players 3867/7595 matched
2026-08-24 04:04:00,656 INFO ncaa_identity: contest_id=5723807 teams 2617/2617 matched, players 7112/7166 matched
2026-08-24 04:04:03,996 INFO ncaa_identity: contest_id=5723868 teams 2585/2585 matched, players 6960/7093 matched
2026-08-24 04:04:07,464 INFO ncaa_identity: contest_id=5723922 teams 2700/2700 matched, players 6826/7435 matched
2026-08-24 04:04:10,742 INFO ncaa_identity: contest_id=5723953 teams 2702/2702 matched, players 7171/7437 matched
2026-08-24 04:04:12,691 INFO ncaa_identity: contest_id=5723967 teams 2642/2642 matched, players 6957/7285 matched
2026-08-24 04:04:31,659 INFO ncaa_identity: contest_id=5725975 teams 2667/2667 matched, players 6850/7274 matched
2026-08-24 04:04:34,129 INFO ncaa_identity: contest_id=5725985 teams 3575/3575 matched, players 9169/9818 matched
2026-08-24 04:04:41,386 INFO ncaa_identity: contest_id=5728266 teams 2998/2998 matched, players 7737/8250 matched
2026-08-24 04:04:43,547 INFO ncaa_identity: contest_id=5728286 teams 2645/2645 matched, players 7058/7206 matched
2026-08-24 04:04:45,210 INFO ncaa_identity: contest_id=5728355 teams 2552/2552 matched, players 6936/7022 matched
2026-08-24 04:04:47,175 INFO ncaa_identity: contest_id=5728411 teams 2872/2872 matched, players 7510/7889 matched
2026-08-24 04:04:48,813 INFO ncaa_identity: contest_id=5728426 teams 1238/2414 matched, players 2895/6607 matched
2026-08-24 04:05:07,208 INFO ncaa_identity: contest_id=5728752 teams 1195/2414 matched, players 3240/6590 matched
2026-08-24 04:05:10,368 INFO ncaa_identity: contest_id=5728773 teams 1290/2592 matched, players 3508/7093 matched
2026-08-24 04:05:22,237 INFO ncaa_identity: contest_id=5728942 teams 2344/2344 matched, players 6378/6399 matched
2026-08-24 04:05:25,839 INFO ncaa_identity: contest_id=5728964 teams 1253/2492 matched, players 3435/6808 matched
2026-08-24 04:05:27,460 INFO ncaa_identity: contest_id=5728976 teams 2231/2231 matched, players 6103/6114 matched
2026-08-24 04:05:29,070 INFO ncaa_identity: contest_id=5728986 teams 2381/2381 matched, players 6455/6537 matched
2026-08-24 04:05:49,661 INFO ncaa_identity: contest_id=5729170 teams 2335/2335 matched, players 6279/6390 matched
2026-08-24 04:06:02,306 INFO ncaa_identity: contest_id=5729344 teams 2971/2971 matched, players 7296/8171 matched
2026-08-24 04:06:03,709 WARNING ncaa_parse: family=shots contest_id=5729428 team=Webber Int'l SKIPPED (1 parse error(s)): No shot events found [<!DOCTYPE html> <html lang="en"> <head> <meta content="text/html; charset=utf-8" http-equiv="CONTENT-TYPE"/> <meta charset="utf-8"/> <meta...
2026-08-24 04:06:03,757 INFO ncaa_identity: contest_id=5729428 teams 1599/3091 matched, players 4481/8717 matched
2026-08-24 04:06:12,276 INFO ncaa_identity: contest_id=5729670 teams 1263/2431 matched, players 3371/6637 matched
2026-08-24 04:06:17,204 INFO ncaa_identity: contest_id=5729756 teams 0/2434 matched, players 0/6592 matched
2026-08-24 04:06:44,427 INFO ncaa_identity: contest_id=5730196 teams 1621/2978 matched, players 4199/8199 matched
2026-08-24 04:06:45,896 INFO ncaa_identity: contest_id=5730214 teams 1311/2485 matched, players 3446/6832 matched
2026-08-24 04:06:47,915 INFO ncaa_identity: contest_id=5730224 teams 1671/3085 matched, players 3610/8494 matched
2026-08-24 04:06:51,681 INFO ncaa_identity: contest_id=5730262 teams 2879/2879 matched, players 7676/7948 matched
2026-08-24 04:07:25,773 INFO ncaa_identity: contest_id=5730740 teams 2518/2518 matched, players 6459/6907 matched
2026-08-24 04:07:30,260 INFO ncaa_identity: contest_id=5730760 teams 2777/2777 matched, players 7170/7664 matched
2026-08-24 04:07:37,038 INFO ncaa_identity: contest_id=5730993 teams 2707/2707 matched, players 7365/7416 matched
2026-08-24 04:07:38,434 INFO ncaa_identity: contest_id=5731007 teams 1224/2451 matched, players 3285/6696 matched
2026-08-24 04:07:45,649 INFO ncaa_identity: contest_id=5731083 teams 1312/2605 matched, players 3535/7136 matched
2026-08-24 04:07:56,065 INFO ncaa_identity: contest_id=5731249 teams 2703/2703 matched, players 7108/7391 matched
2026-08-24 04:07:58,057 INFO ncaa_identity: contest_id=5731281 teams 3079/3079 matched, players 8032/8414 matched
2026-08-24 04:07:59,483 INFO ncaa_identity: contest_id=5731294 teams 2318/2318 matched, players 6023/6374 matched
2026-08-24 04:08:13,004 INFO ncaa_identity: contest_id=5731565 teams 1485/2882 matched, players 4074/7963 matched
2026-08-24 04:08:22,976 INFO ncaa_identity: contest_id=5731688 teams 1210/2290 matched, players 3223/6281 matched
2026-08-24 04:08:35,702 INFO ncaa_identity: contest_id=5731768 teams 2315/2315 matched, players 6336/6347 matched
2026-08-24 04:08:52,202 INFO ncaa_identity: contest_id=5731990 teams 3152/3152 matched, players 8406/8717 matched
2026-08-24 04:08:57,841 INFO ncaa_identity: contest_id=5732063 teams 3060/3060 matched, players 7876/8460 matched
2026-08-24 04:09:01,290 INFO ncaa_identity: contest_id=5732086 teams 1406/2677 matched, players 3729/7380 matched
2026-08-24 04:09:05,997 INFO ncaa_identity: contest_id=5732119 teams 2572/2572 matched, players 6847/7060 matched
2026-08-24 04:09:07,790 INFO ncaa_identity: contest_id=5732168 teams 2946/2946 matched, players 8061/8062 matched
2026-08-24 04:09:16,865 INFO ncaa_identity: contest_id=5732305 teams 3168/3168 matched, players 8265/8732 matched
2026-08-24 04:09:18,848 INFO ncaa_identity: contest_id=5732316 teams 2850/2850 matched, players 7808/7845 matched
2026-08-24 04:09:27,434 INFO ncaa_identity: contest_id=5732810 teams 0/2630 matched, players 0/7142 matched
2026-08-24 04:09:28,793 INFO ncaa_identity: contest_id=5732858 teams 0/2265 matched, players 0/6152 matched
2026-08-24 04:09:30,572 INFO ncaa_identity: contest_id=5732887 teams 1138/2273 matched, players 3094/6163 matched
2026-08-24 04:09:34,044 INFO ncaa_identity: contest_id=5733146 teams 2878/2878 matched, players 7574/7893 matched
2026-08-24 04:09:43,126 INFO ncaa_identity: contest_id=5733323 teams 2707/2707 matched, players 7361/7418 matched
2026-08-24 04:09:46,830 INFO ncaa_identity: contest_id=5733350 teams 3072/3072 matched, players 8146/8429 matched
2026-08-24 04:09:49,644 INFO ncaa_identity: contest_id=5733372 teams 2568/2568 matched, players 6420/7024 matched
2026-08-24 04:09:54,805 INFO ncaa_identity: contest_id=5733408 teams 1486/2929 matched, players 4009/8003 matched
2026-08-24 04:10:01,322 INFO ncaa_identity: contest_id=5733459 teams 1302/2564 matched, players 3580/6995 matched
2026-08-24 04:10:11,264 INFO ncaa_identity: contest_id=5733534 teams 1525/3129 matched, players 4338/8615 matched
2026-08-24 04:10:21,043 INFO ncaa_identity: contest_id=5733636 teams 2815/2815 matched, players 7690/7750 matched
2026-08-24 04:10:25,998 INFO ncaa_identity: contest_id=5733683 teams 3178/3178 matched, players 8056/8812 matched
2026-08-24 04:10:30,607 INFO ncaa_identity: contest_id=5733720 teams 2547/2547 matched, players 6835/6930 matched
2026-08-24 04:10:33,416 INFO ncaa_identity: contest_id=5733742 teams 2517/2517 matched, players 6768/6845 matched
2026-08-24 04:10:36,337 INFO ncaa_identity: contest_id=5733762 teams 2327/2327 matched, players 6206/6359 matched
2026-08-24 04:10:51,666 INFO ncaa_identity: contest_id=5733967 teams 2408/2408 matched, players 6563/6579 matched
2026-08-24 04:10:54,674 INFO ncaa_identity: contest_id=5734007 teams 2676/2676 matched, players 7111/7360 matched
2026-08-24 04:11:03,322 INFO ncaa_identity: contest_id=5734083 teams 3088/3088 matched, players 7754/8504 matched
2026-08-24 04:11:04,811 INFO ncaa_identity: contest_id=5734148 teams 1307/2643 matched, players 3629/7238 matched
2026-08-24 04:11:06,706 INFO ncaa_identity: contest_id=5734162 teams 1376/2738 matched, players 3758/7489 matched
2026-08-24 04:11:10,186 INFO ncaa_identity: contest_id=5734195 teams 1443/2921 matched, players 3969/7999 matched
2026-08-24 04:11:18,774 INFO ncaa_identity: contest_id=5734305 teams 2611/2611 matched, players 6870/7160 matched
2026-08-24 04:11:36,411 INFO ncaa_identity: contest_id=5734513 teams 2302/2302 matched, players 5778/6301 matched
2026-08-24 04:11:38,395 INFO ncaa_identity: contest_id=5734528 teams 2892/2892 matched, players 7310/7946 matched
2026-08-24 04:11:50,009 INFO ncaa_identity: contest_id=5734690 teams 2737/2737 matched, players 7314/7517 matched
2026-08-24 04:11:53,440 INFO ncaa_identity: contest_id=5734720 teams 3229/3229 matched, players 8696/8959 matched
2026-08-24 04:11:55,208 INFO ncaa_identity: contest_id=5734730 teams 1470/2862 matched, players 3609/7880 matched
2026-08-24 04:12:03,055 INFO ncaa_identity: contest_id=5734817 teams 2734/2734 matched, players 7225/7451 matched
2026-08-24 04:12:15,369 INFO ncaa_identity: contest_id=5734972 teams 2339/2339 matched, players 6336/6395 matched
2026-08-24 04:12:26,906 INFO ncaa_identity: contest_id=5735062 teams 2594/2594 matched, players 7067/7077 matched
2026-08-24 04:12:35,789 INFO ncaa_identity: contest_id=5735184 teams 1751/3385 matched, players 4398/9389 matched
2026-08-24 04:13:10,123 INFO ncaa_identity: contest_id=5735671 teams 2333/2333 matched, players 6313/6350 matched
2026-08-24 04:13:17,190 INFO ncaa_identity: contest_id=5735719 teams 2935/2935 matched, players 7451/8101 matched
2026-08-24 04:14:04,306 INFO ncaa_identity: contest_id=5736457 teams 3034/3034 matched, players 7939/8372 matched
2026-08-24 04:14:10,409 INFO ncaa_identity: contest_id=5736491 teams 2627/2627 matched, players 6867/7202 matched
2026-08-24 04:14:12,687 INFO ncaa_identity: contest_id=5736502 teams 3027/3027 matched, players 8208/8384 matched
2026-08-24 04:14:14,739 INFO ncaa_identity: contest_id=5736512 teams 2443/2443 matched, players 6305/6713 matched
2026-08-24 04:14:18,564 INFO ncaa_identity: contest_id=5736534 teams 3101/3101 matched, players 8035/8574 matched
2026-08-24 04:14:21,976 INFO ncaa_identity: contest_id=5736555 teams 1268/2578 matched, players 3574/7027 matched
2026-08-24 04:14:23,617 INFO ncaa_identity: contest_id=5736567 teams 2524/2524 matched, players 6489/6925 matched
2026-08-24 04:14:28,305 INFO ncaa_identity: contest_id=5736615 teams 2676/2676 matched, players 6800/7379 matched
2026-08-24 04:14:34,685 INFO ncaa_identity: contest_id=5736657 teams 3228/3228 matched, players 8532/8915 matched
2026-08-24 04:15:09,861 INFO ncaa_identity: contest_id=5737063 teams 1313/2594 matched, players 3556/7076 matched
2026-08-24 04:15:13,095 INFO ncaa_identity: contest_id=5737085 teams 2977/2977 matched, players 7521/8151 matched
2026-08-24 04:15:15,921 INFO ncaa_identity: contest_id=5737115 teams 2562/2562 matched, players 7006/7015 matched
2026-08-24 04:15:26,872 INFO ncaa_identity: contest_id=5737190 teams 2405/2405 matched, players 6554/6574 matched
2026-08-24 04:15:28,435 INFO ncaa_identity: contest_id=5737203 teams 2697/2697 matched, players 6959/7392 matched
2026-08-24 04:15:32,938 INFO ncaa_identity: contest_id=5737237 teams 2685/2685 matched, players 6964/7347 matched
2026-08-24 04:15:37,352 INFO ncaa_identity: contest_id=5737272 teams 1439/2920 matched, players 3999/7980 matched
2026-08-24 04:15:45,554 INFO ncaa_identity: contest_id=5737332 teams 1776/3541 matched, players 4908/9801 matched
2026-08-24 04:15:57,842 INFO ncaa_identity: contest_id=5737508 teams 2326/2326 matched, players 6085/6364 matched
2026-08-24 04:16:00,901 INFO ncaa_identity: contest_id=5737533 teams 2748/2748 matched, players 7519/7568 matched
2026-08-24 04:16:09,810 INFO ncaa_identity: contest_id=5737671 teams 1349/2751 matched, players 3774/7578 matched
2026-08-24 04:16:11,034 INFO ncaa_identity: contest_id=5737685 teams 2441/2441 matched, players 6634/6697 matched
2026-08-24 04:16:15,273 INFO ncaa_identity: contest_id=5737713 teams 2828/2828 matched, players 7256/7802 matched
2026-08-24 04:16:23,192 INFO ncaa_identity: contest_id=5737805 teams 1343/2687 matched, players 3688/7362 matched
2026-08-24 04:16:24,943 INFO ncaa_identity: contest_id=5737831 teams 2762/2762 matched, players 7442/7532 matched
2026-08-24 04:16:33,388 INFO ncaa_identity: contest_id=5737926 teams 1544/3047 matched, players 4159/8397 matched
2026-08-24 04:16:36,335 INFO ncaa_identity: contest_id=5737965 teams 2802/2802 matched, players 7179/7677 matched
2026-08-24 04:16:39,149 INFO ncaa_identity: contest_id=5738012 teams 2432/2432 matched, players 5916/6661 matched
2026-08-24 04:16:44,230 INFO ncaa_identity: contest_id=5738081 teams 2688/2688 matched, players 7082/7374 matched
2026-08-24 04:16:52,186 INFO ncaa_identity: contest_id=5740555 teams 2399/2399 matched, players 6558/6559 matched
2026-08-24 04:16:53,757 INFO ncaa_identity: contest_id=5740606 teams 2680/2680 matched, players 6885/7417 matched
2026-08-24 04:16:59,633 INFO ncaa_identity: contest_id=5756645 teams 2551/2551 matched, players 6332/6980 matched
2026-08-24 04:17:01,696 INFO ncaa_identity: contest_id=5756669 teams 3360/3360 matched, players 8242/9292 matched
2026-08-24 04:17:03,014 INFO ncaa_identity: contest_id=5756679 teams 2784/2784 matched, players 6991/7649 matched
2026-08-24 04:17:06,257 INFO ncaa_identity: contest_id=5756701 teams 2666/2666 matched, players 5881/7283 matched
2026-08-24 04:17:10,448 INFO ncaa_identity: contest_id=5756739 teams 2130/2130 matched, players 5580/5814 matched
2026-08-24 04:17:12,068 INFO ncaa_identity: contest_id=5756749 teams 2313/2313 matched, players 5908/6329 matched
[p1_s_e_e] [WARNING] [TeamId(name='South Carolina St.')]v[TeamId(name='Presbyterian')] Flip court for periods: [[2, 3, 4]] because [total_shots={1: 24, 2: 23, 3: 25, 4: 34} long_shots={1: 10, 2: 22, 3: 25, 4: 34}]
2026-08-24 04:17:17,000 INFO ncaa_identity: contest_id=5763037 teams 3264/3264 matched, players 8887/9012 matched
2026-08-24 04:17:20,236 INFO ncaa_identity: contest_id=5763059 teams 1745/3305 matched, players 4624/9126 matched
2026-08-24 04:17:21,947 INFO ncaa_identity: contest_id=5785443 teams 2877/2877 matched, players 7353/7852 matched
2026-08-24 04:17:32,691 INFO ncaa_identity: contest_id=5810420 teams 1494/2882 matched, players 3959/7863 matched
2026-08-24 04:17:33,869 INFO ncaa_identity: contest_id=6058284 teams 1245/2428 matched, players 3426/6667 matched
2026-08-24 04:17:35,391 INFO ncaa_identity: contest_id=6081163 teams 1282/2497 matched, players 3115/6820 matched
2026-08-24 04:17:36,747 INFO ncaa_identity: contest_id=6356886 teams 2572/2572 matched, players 6814/7067 matched
2026-08-24 04:17:38,352 INFO ncaa_identity: contest_id=6357095 teams 2658/2658 matched, players 7235/7245 matched
2026-08-24 04:17:51,787 INFO ncaa_identity: contest_id=6358271 teams 2795/2795 matched, players 7667/7687 matched
2026-08-24 04:17:54,636 INFO ncaa_identity: contest_id=6358373 teams 2418/2418 matched, players 6014/6642 matched
2026-08-24 04:18:05,400 INFO 5 starters not found for period 7; using estimate
2026-08-24 04:18:08,728 INFO ncaa_identity: contest_id=6359384 teams 2538/2538 matched, players 6862/6948 matched
2026-08-24 04:18:14,007 INFO ncaa_identity: contest_id=6362061 teams 3301/3301 matched, players 8764/9044 matched
2026-08-24 04:18:18,208 INFO ncaa_identity: contest_id=6363115 teams 2497/2497 matched, players 6462/6843 matched
2026-08-24 04:18:24,927 INFO ncaa_identity: contest_id=6366746 teams 2978/2978 matched, players 8042/8144 matched
2026-08-24 04:18:38,362 INFO ncaa_identity: contest_id=6366955 teams 2489/2489 matched, players 6209/6856 matched
2026-08-24 04:18:41,707 INFO ncaa_identity: contest_id=6366982 teams 2883/2883 matched, players 6937/7930 matched
2026-08-24 04:18:49,542 INFO ncaa_identity: contest_id=6390109 teams 3178/3178 matched, players 8212/8771 matched
2026-08-24 04:18:54,549 INFO ncaa_identity: contest_id=6391804 teams 1348/2793 matched, players 3782/7580 matched
2026-08-24 04:19:05,461 INFO ncaa_identity: contest_id=6399687 teams 1479/2798 matched, players 3857/7683 matched
2026-08-24 04:19:28,491 INFO ncaa_identity: contest_id=6418619 teams 1431/2742 matched, players 3796/7509 matched
2026-08-24 04:19:32,290 INFO ncaa_identity: contest_id=6424453 teams 1273/2553 matched, players 3578/7031 matched
2026-08-24 04:19:34,143 INFO ncaa_identity: contest_id=6424464 teams 1348/2813 matched, players 3856/7747 matched
2026-08-24 04:19:41,454 INFO ncaa_identity: contest_id=6427561 teams 1474/2891 matched, players 3952/7910 matched
2026-08-24 04:19:50,603 INFO ncaa_identity: contest_id=6428161 teams 2996/2996 matched, players 7538/8207 matched
2026-08-24 04:19:55,906 INFO ncaa_identity: contest_id=6428293 teams 1350/2586 matched, players 3590/7096 matched
2026-08-24 04:19:59,367 INFO ncaa_identity: contest_id=6428400 teams 2762/2762 matched, players 7352/7555 matched
2026-08-24 04:20:02,879 INFO ncaa_identity: contest_id=6428420 teams 2429/2429 matched, players 6637/6638 matched
2026-08-24 04:20:06,359 INFO ncaa_identity: contest_id=6428441 teams 2563/2563 matched, players 6881/6882 matched
2026-08-24 04:20:11,162 INFO ncaa_identity: contest_id=6428678 teams 1559/3080 matched, players 4246/8510 matched
2026-08-24 04:20:13,168 INFO ncaa_identity: contest_id=6428752 teams 1618/2991 matched, players 4185/8230 matched
2026-08-24 04:20:15,205 INFO ncaa_identity: contest_id=6428770 teams 1332/2557 matched, players 3499/7016 matched
2026-08-24 04:20:16,899 WARNING ncaa_parse: family=lineups contest_id=6428995 team=Albany St. (GA) produced NO good stints (32 bad, roster=12) -- parsed successfully but contributed nothing
2026-08-24 04:20:17,439 INFO ncaa_identity: contest_id=6428995 teams 1777/3495 matched, players 4962/9596 matched
2026-08-24 04:20:23,596 INFO ncaa_identity: contest_id=6429507 teams 1390/2735 matched, players 3716/7490 matched
2026-08-24 04:20:26,885 INFO ncaa_identity: contest_id=6429753 teams 1517/3059 matched, players 4201/8395 matched
2026-08-24 04:20:32,589 INFO ncaa_identity: contest_id=6429900 teams 1509/2978 matched, players 4130/8225 matched
2026-08-24 04:20:37,821 INFO ncaa_identity: contest_id=6438216 teams 1093/2089 matched, players 2890/5690 matched
2026-08-24 04:20:39,186 INFO ncaa_identity: contest_id=6438228 teams 1212/2474 matched, players 3381/6775 matched
2026-08-24 04:21:09,058 INFO ncaa_identity: contest_id=6439830 teams 3027/3027 matched, players 7981/8336 matched
2026-08-24 04:21:12,625 INFO ncaa_identity: contest_id=6439927 teams 1487/2964 matched, players 4064/8118 matched
2026-08-24 04:21:26,815 INFO ncaa_identity: contest_id=6455134 teams 2078/2078 matched, players 5235/5634 matched
2026-08-24 04:21:43,497 INFO ncaa_identity: contest_id=6455975 teams 1475/2864 matched, players 3976/7880 matched
2026-08-24 04:21:44,931 INFO ncaa_identity: contest_id=6455985 teams 1182/2371 matched, players 3224/6493 matched
2026-08-24 04:21:46,788 INFO ncaa_identity: contest_id=6455996 teams 1248/2547 matched, players 3476/6981 matched
2026-08-24 04:21:52,787 INFO ncaa_identity: contest_id=6456171 teams 1309/2567 matched, players 3480/6967 matched
2026-08-24 04:22:03,536 INFO ncaa_identity: contest_id=6456576 teams 3013/3013 matched, players 8211/8212 matched
2026-08-24 04:22:26,231 INFO ncaa_identity: contest_id=6457086 teams 1314/2667 matched, players 3641/7305 matched
2026-08-24 04:22:33,932 INFO ncaa_identity: contest_id=6457276 teams 2575/2575 matched, players 6653/7035 matched
2026-08-24 04:22:51,499 INFO ncaa_identity: contest_id=6458006 teams 1439/2851 matched, players 3951/7843 matched
2026-08-24 04:23:04,094 INFO ncaa_identity: contest_id=6458505 teams 1671/3389 matched, players 4688/9338 matched
2026-08-24 04:23:07,676 INFO ncaa_identity: contest_id=6458644 teams 2979/2979 matched, players 7784/8157 matched
2026-08-24 04:23:12,628 INFO ncaa_identity: contest_id=6458857 teams 2834/2834 matched, players 7171/7712 matched
2026-08-24 04:23:20,620 INFO ncaa_identity: contest_id=6459089 teams 2483/2483 matched, players 6475/6783 matched
2026-08-24 04:23:38,133 INFO ncaa_identity: contest_id=6459759 teams 1617/3213 matched, players 4520/8835 matched
2026-08-24 04:23:40,172 INFO ncaa_identity: contest_id=6459777 teams 1634/3221 matched, players 4533/8918 matched
2026-08-24 04:24:01,790 INFO ncaa_identity: contest_id=6460307 teams 2877/2877 matched, players 7573/7817 matched
2026-08-24 04:24:15,113 INFO ncaa_identity: contest_id=6460742 teams 1219/2363 matched, players 3340/6465 matched
2026-08-24 04:24:35,248 INFO ncaa_identity: contest_id=6461654 teams 1072/2059 matched, players 487/919 matched
2026-08-24 04:24:38,521 INFO ncaa_identity: contest_id=6461703 teams 1522/3054 matched, players 4200/8404 matched
2026-08-24 04:24:45,556 INFO ncaa_identity: contest_id=6461889 teams 2426/2426 matched, players 6230/6630 matched
2026-08-24 04:25:08,248 INFO ncaa_identity: contest_id=6462835 teams 1480/2925 matched, players 4018/8032 matched
2026-08-24 04:25:20,236 INFO ncaa_identity: contest_id=6463118 teams 2960/2960 matched, players 7654/8161 matched
2026-08-24 04:25:24,248 INFO ncaa_identity: contest_id=6463216 teams 1554/3043 matched, players 4162/8352 matched
2026-08-24 04:25:40,027 INFO ncaa_identity: contest_id=6463712 teams 3317/3317 matched, players 8942/9158 matched
2026-08-24 04:25:43,225 INFO ncaa_identity: contest_id=6463736 teams 2535/2535 matched, players 6436/6944 matched
2026-08-24 04:26:07,883 INFO ncaa_identity: contest_id=6464460 teams 2854/2854 matched, players 7677/7783 matched
2026-08-24 04:26:22,748 INFO ncaa_identity: contest_id=6465037 teams 3175/3175 matched, players 8037/8743 matched
2026-08-24 04:26:33,218 INFO ncaa_identity: contest_id=6465496 teams 2970/2970 matched, players 8070/8071 matched
2026-08-24 04:26:56,805 INFO ncaa_identity: contest_id=6466420 teams 1295/2316 matched, players 3313/6255 matched
2026-08-24 04:27:15,216 INFO ncaa_identity: contest_id=6467611 teams 2478/2478 matched, players 6326/6738 matched
2026-08-24 04:27:17,559 INFO ncaa_identity: contest_id=6467637 teams 1359/2616 matched, players 3655/7177 matched
2026-08-24 04:27:19,477 INFO ncaa_identity: contest_id=6467678 teams 2470/2470 matched, players 6607/6751 matched
2026-08-24 04:27:25,843 INFO ncaa_identity: contest_id=6467811 teams 1387/2757 matched, players 3814/7559 matched
2026-08-24 04:27:27,687 INFO ncaa_identity: contest_id=6467833 teams 1011/2045 matched, players 2739/5565 matched
2026-08-24 04:28:15,233 INFO ncaa_identity: contest_id=6469075 teams 2206/2206 matched, players 5660/6044 matched
2026-08-24 04:28:53,027 INFO ncaa_identity: contest_id=6470775 teams 2443/2443 matched, players 6266/6659 matched
2026-08-24 04:28:59,996 INFO ncaa_identity: contest_id=6470972 teams 2616/2616 matched, players 7118/7168 matched
2026-08-24 04:29:33,495 INFO ncaa_identity: contest_id=6473360 teams 1323/2671 matched, players 3691/7292 matched
2026-08-24 04:29:57,657 INFO ncaa_identity: contest_id=6474415 teams 1317/2495 matched, players 3401/6761 matched
2026-08-24 04:30:06,931 INFO ncaa_identity: contest_id=6475133 teams 1643/3187 matched, players 4397/8752 matched
2026-08-24 04:30:39,953 INFO ncaa_identity: contest_id=6476662 teams 1828/3545 matched, players 4898/9723 matched
2026-08-24 04:30:41,339 INFO ncaa_identity: contest_id=6476685 teams 1273/2522 matched, players 3502/6900 matched
2026-08-24 04:30:47,195 INFO ncaa_identity: contest_id=6476860 teams 1689/3374 matched, players 4683/9315 matched
2026-08-24 04:30:54,245 INFO ncaa_identity: contest_id=6477032 teams 1577/2986 matched, players 4083/8093 matched
2026-08-24 04:30:58,078 INFO ncaa_identity: contest_id=6477296 teams 1580/3144 matched, players 4482/8672 matched
2026-08-24 04:31:26,513 INFO ncaa_identity: contest_id=6478065 teams 1232/2534 matched, players 3467/6920 matched
2026-08-24 04:31:32,921 INFO ncaa_identity: contest_id=6478472 teams 1494/2961 matched, players 4079/8116 matched
2026-08-24 04:31:40,173 INFO ncaa_identity: contest_id=6478560 teams 2716/2716 matched, players 7127/7441 matched
2026-08-24 04:31:47,966 WARNING ncaa_parse: family=lineups contest_id=6478732 team=Faulkner produced NO good stints (23 bad, roster=11) -- parsed successfully but contributed nothing
2026-08-24 04:31:48,864 INFO ncaa_identity: contest_id=6478732 teams 1551/3062 matched, players 4305/8363 matched
2026-08-24 04:31:59,790 INFO ncaa_identity: contest_id=6478807 teams 2417/2417 matched, players 6559/6596 matched
2026-08-24 04:32:09,014 INFO ncaa_identity: contest_id=6478881 teams 2875/2875 matched, players 7641/7898 matched
2026-08-24 04:32:19,700 INFO ncaa_identity: contest_id=6478959 teams 2499/2499 matched, players 6824/6855 matched
2026-08-24 04:32:37,405 INFO ncaa_identity: contest_id=6479246 teams 1367/2546 matched, players 3565/6904 matched
2026-08-24 04:32:39,051 INFO ncaa_identity: contest_id=6479258 teams 1495/2880 matched, players 4027/7927 matched
2026-08-24 04:32:44,522 INFO ncaa_identity: contest_id=6479356 teams 1381/2768 matched, players 3795/7581 matched
2026-08-24 04:32:46,584 INFO ncaa_identity: contest_id=6479379 teams 3065/3065 matched, players 8130/8469 matched
2026-08-24 04:32:54,655 INFO ncaa_identity: contest_id=6479587 teams 1455/2791 matched, players 3897/7648 matched
2026-08-24 04:33:13,878 INFO ncaa_identity: contest_id=6480380 teams 1597/3130 matched, players 4335/8595 matched
2026-08-24 04:33:41,434 INFO ncaa_identity: contest_id=6481928 teams 1562/3013 matched, players 4204/8317 matched
2026-08-24 04:34:02,467 INFO ncaa_identity: contest_id=6483055 teams 1447/2942 matched, players 4057/8141 matched
2026-08-24 04:34:06,274 INFO ncaa_identity: contest_id=6483097 teams 1805/3302 matched, players 4713/9141 matched
2026-08-24 04:34:25,483 INFO ncaa_identity: contest_id=6483674 teams 1288/2499 matched, players 3408/6829 matched
2026-08-24 04:34:29,640 INFO ncaa_identity: contest_id=6483909 teams 1432/2831 matched, players 3920/7740 matched
2026-08-24 04:34:40,145 INFO ncaa_identity: contest_id=6484552 teams 1327/2631 matched, players 3687/7272 matched
2026-08-24 04:34:50,605 INFO ncaa_identity: contest_id=6485161 teams 1488/2949 matched, players 4091/8012 matched
2026-08-24 04:34:57,114 INFO ncaa_identity: contest_id=6485632 teams 1608/3128 matched, players 4374/8606 matched
2026-08-24 04:35:10,205 INFO ncaa_identity: contest_id=6486751 teams 1656/3327 matched, players 4505/9137 matched
2026-08-24 04:35:14,244 INFO ncaa_identity: contest_id=6487442 teams 1353/2600 matched, players 3586/7097 matched
2026-08-24 04:35:20,328 INFO ncaa_identity: contest_id=6488953 teams 1549/3009 matched, players 4222/8297 matched
2026-08-24 04:35:23,401 INFO ncaa_identity: contest_id=6491905 teams 1524/2976 matched, players 4150/8191 matched
2026-08-24 04:35:29,065 WARNING ncaa_parse: family=shots contest_id=6554303 team=ULM SKIPPED (1 parse error(s)): No shot events found [<!DOCTYPE html> <html lang="en"> <head> <meta content="text/html; charset=utf-8" http-equiv="CONTENT-TYPE"/> <meta charset="utf-8"/> <meta...
2026-08-24 04:35:29,094 INFO ncaa_identity: contest_id=6554303 teams 1317/2498 matched, players 3630/7067 matched
2026-08-24 04:35:50,015 INFO ncaa_identity: contest_id=6558285 teams 1260/2470 matched, players 3365/6729 matched
2026-08-24 04:35:52,223 INFO ncaa_identity: contest_id=6558572 teams 1281/2522 matched, players 3470/6898 matched
2026-08-24 04:36:02,951 INFO ncaa_identity: contest_id=6564947 teams 2517/2517 matched, players 6580/6842 matched
parsed=9389 failed=0
