seasons=2010,2011,2012,2013,2014,2015 bundles=32925 pending=32925 force=True shard=0/12 assigned=2744
2026-08-18 05:48:11,487 INFO ncaa_identity: contest_id=1343392 season=2010 league=wbb -- teams rosters not built; ids emitted as nulls
2026-08-18 05:48:11,490 INFO ncaa_identity: contest_id=1343392 teams 0/2044 matched, players 0/671 matched
2026-08-18 05:48:12,269 INFO ncaa_identity: contest_id=1343405 season=2010 league=wbb -- teams rosters not built; ids emitted as nulls
2026-08-18 05:48:12,273 INFO ncaa_identity: contest_id=1343405 teams 0/2778 matched, players 0/985 matched
2026-08-18 05:48:13,215 INFO ncaa_identity: contest_id=1343417 season=2010 league=wbb -- teams rosters not built; ids emitted as nulls
2026-08-18 05:48:13,218 INFO ncaa_identity: contest_id=1343417 teams 0/2200 matched, players 0/820 matched
22026-08-18 05:48:13,894 INFO ncaa_identity: contest_id=1343434 season=2010 league=wbb -- teams rosters not built; ids emitted as nulls
2026-08-18 05:48:13,898 INFO ncaa_identity: contest_id=1343434 teams 0/2086 matched, players 0/802 matched2026-08-18 05:48:14,676 INFO ncaa_identity: contest_id=1343441 season=2010 league=wbb -- teams rosters not built; ids emitted as nulls
2026-08-18 05:48:14,679 INFO ncaa_identity: contest_id=1343441 teams 0/2132 matched, players 0/767 matched
2026-08-18 05:48:15,746 INFO ncaa_identity: contest_id=1343453 season=2010 league=wbb -- teams rosters not built; ids emitted as nulls
2026-08-18 05:48:15,750 INFO ncaa_identity: contest_id=1343453 teams 0/2330 matched, players 0/854 matched
22026-08-18 05:48:16,554 INFO ncaa_identity: contest_id=1343460 season=2010 league=wbb -- teams rosters not built; ids emitted as nulls
2026-08-18 05:48:16,557 INFO ncaa_identity: contest_id=1343460 teams 0/2224 matched, players 0/864 matched2026-08-18 05:48:17,573 INFO ncaa_identity: contest_id=1343478 season=2010 league=wbb -- teams rosters not built; ids emitted as nulls
2026-08-18 05:48:17,576 INFO ncaa_identity: contest_id=1343478 teams 0/2234 matched, players 0/890 matched
2026-08-18 05:48:18,379 INFO ncaa_identity: contest_id=1343490 season=2010 league=wbb -- teams rosters not built; ids emitted as nulls
2026-08-18 05:48:18,382 INFO ncaa_identity: contest_id=1343490 teams 0/2502 matched, players 0/946 matched
2026-08-18 05:48:19,269 INFO ncaa_identity: contest_id=1343502 season=2010 league=wbb -- teams rosters not built; ids emitted as nulls
2026-08-18 05:48:19,273 INFO ncaa_identity: contest_id=1343502 teams 0/2546 matched, players 0/1052 matched22026-08-18 05:48:20,501 INFO ncaa_identity: contest_id=1343514 season=2010 league=wbb -- teams rosters not built; ids emitted as nulls
2026-08-18 05:48:20,504 INFO ncaa_identity: contest_id=1343514 teams 0/2749 matched, players 0/1007 matched222026-08-18 05:48:21,290 INFO ncaa_identity: contest_id=1343526 season=2010 league=wbb -- teams rosters not built; ids emitted as nulls
2026-08-18 05:48:21,294 INFO ncaa_identity: contest_id=1343526 teams 0/2040 matched, players 0/732 matched22026-08-18 05:48:21,903 INFO ncaa_identity: contest_id=1343539 season=2010 league=wbb -- teams rosters not built; ids emitted as nulls
2026-08-18 05:48:21,906 INFO ncaa_identity: contest_id=1343539 teams 0/2010 matched, players 0/610 matched22026-08-18 05:48:22,723 INFO ncaa_identity: contest_id=1343552 season=2010 league=wbb -- teams rosters not built; ids emitted as nulls
2026-08-18 05:48:22,730 INFO ncaa_identity: contest_id=1343552 teams 0/2680 matched, players 0/1177 matched202026-08-18 05:48:23,605 INFO ncaa_identity: contest_id=1343571 season=2010 league=wbb -- teams rosters not built; ids emitted as nulls
2026-08-18 05:48:23,609 INFO ncaa_identity: contest_id=1343571 teams 0/2330 matched, players 0/762 matched202026-08-18 05:48:24,417 INFO ncaa_identity: contest_id=1343597 season=2010 league=wbb -- teams rosters not built; ids emitted as nulls
2026-08-18 05:48:24,421 INFO ncaa_identity: contest_id=1343597 teams 0/2130 matched, players 0/815 matched202026-08-18 05:48:25,205 INFO ncaa_identity: contest_id=1343635 season=2010 league=wbb -- teams rosters not built; ids emitted as nulls
2026-08-18 05:48:25,210 INFO ncaa_identity: contest_id=1343635 teams 0/2193 matched, players 0/798 matched202026-08-18 05:48:26,169 INFO ncaa_identity: contest_id=1343680 season=2010 league=wbb -- teams rosters not built; ids emitted as nulls
2026-08-18 05:48:26,172 INFO ncaa_identity: contest_id=1343680 teams 0/2534 matched, players 0/899 matched202026-08-18 05:48:26,851 INFO ncaa_identity: contest_id=1343695 season=2010 league=wbb -- teams rosters not built; ids emitted as nulls
2026-08-18 05:48:26,854 INFO ncaa_identity: contest_id=1343695 teams 0/2176 matched, players 0/844 matched202026-08-18 05:48:27,565 INFO ncaa_identity: contest_id=1343737 season=2010 league=wbb -- teams rosters not built; ids emitted as nulls
2026-08-18 05:48:27,568 INFO ncaa_identity: contest_id=1343737 teams 0/2364 matched, players 0/914 matched202026-08-18 05:48:28,389 INFO ncaa_identity: contest_id=1343767 season=2010 league=wbb -- teams rosters not built; ids emitted as nulls
2026-08-18 05:48:28,394 INFO ncaa_identity: contest_id=1343767 teams 0/2472 matched, players 0/782 matched
2026-08-18 05:48:29,053 INFO ncaa_identity: contest_id=1343795 season=2010 league=wbb -- teams rosters not built; ids emitted as nulls
2026-08-18 05:48:29,057 INFO ncaa_identity: contest_id=1343795 teams 0/2044 matched, players 0/730 matched
2026-08-18 05:48:29,825 INFO ncaa_identity: contest_id=1343851 season=2010 league=wbb -- teams rosters not built; ids emitted as nulls
2026-08-18 05:48:29,828 INFO ncaa_identity: contest_id=1343851 teams 0/2074 matched, players 0/645 matched
2026-08-18 05:48:30,509 INFO ncaa_identity: contest_id=1343884 season=2010 league=wbb -- teams rosters not built; ids emitted as nulls
2026-08-18 05:48:30,514 INFO ncaa_identity: contest_id=1343884 teams 0/2232 matched, players 0/932 matched2026-08-18 05:48:30,603 INFO ncaa_identity: contest_id=1343914 season=2010 league=wbb -- teams rosters not built; ids emitted as nulls
2026-08-18 05:48:30,607 INFO ncaa_identity: contest_id=1343914 teams 0/2015 matched, players 0/748 matched22026-08-18 05:48:31,211 INFO ncaa_identity: contest_id=1343965 season=2010 league=wbb -- teams rosters not built; ids emitted as nulls
2026-08-18 05:48:31,214 INFO ncaa_identity: contest_id=1343965 teams 0/2044 matched, players 0/797 matched22026-08-18 05:48:32,079 INFO ncaa_identity: contest_id=1344008 season=2010 league=wbb -- teams rosters not built; ids emitted as nulls
2026-08-18 05:48:32,084 INFO ncaa_identity: contest_id=1344008 teams 0/2304 matched, players 0/902 matched22026-08-18 05:48:32,720 INFO ncaa_identity: contest_id=1344048 season=2010 league=wbb -- teams rosters not built; ids emitted as nulls
2026-08-18 05:48:32,723 INFO ncaa_identity: contest_id=1344048 teams 0/1815 matched, players 0/575 matched
2026-08-18 05:48:33,369 INFO ncaa_identity: contest_id=1344063 season=2010 league=wbb -- teams rosters not built; ids emitted as nulls
2026-08-18 05:48:33,374 INFO ncaa_identity: contest_id=1344063 teams 0/2056 matched, players 0/855 matched
2026-08-18 05:48:34,025 INFO ncaa_identity: contest_id=1344088 season=2010 league=wbb -- teams rosters not built; ids emitted as nulls
2026-08-18 05:48:34,030 INFO ncaa_identity: contest_id=1344088 teams 0/2222 matched, players 0/829 matched
2026-08-18 05:48:34,767 INFO ncaa_identity: contest_id=1344123 season=2010 league=wbb -- teams rosters not built; ids emitted as nulls
2026-08-18 05:48:34,771 INFO ncaa_identity: contest_id=1344123 teams 0/2764 matched, players 0/1221 matched22026-08-18 05:48:35,474 INFO ncaa_identity: contest_id=1344138 season=2010 league=wbb -- teams rosters not built; ids emitted as nulls
2026-08-18 05:48:35,477 INFO ncaa_identity: contest_id=1344138 teams 0/2300 matched, players 0/890 matched22026-08-18 05:48:36,195 INFO ncaa_identity: contest_id=1344153 season=2010 league=wbb -- teams rosters not built; ids emitted as nulls
2026-08-18 05:48:36,198 INFO ncaa_identity: contest_id=1344153 teams 0/2032 matched, players 0/722 matched22026-08-18 05:48:36,927 INFO ncaa_identity: contest_id=1344167 season=2010 league=wbb -- teams rosters not built; ids emitted as nulls
2026-08-18 05:48:36,930 INFO ncaa_identity: contest_id=1344167 teams 0/2232 matched, players 0/847 matched22026-08-18 05:48:37,567 INFO ncaa_identity: contest_id=1344186 season=2010 league=wbb -- teams rosters not built; ids emitted as nulls
2026-08-18 05:48:37,568 INFO ncaa_identity: contest_id=1344186 teams 0/1743 matched, players 0/569 matched22026-08-18 05:48:38,373 INFO ncaa_identity: contest_id=1344253 season=2010 league=wbb -- teams rosters not built; ids emitted as nulls
2026-08-18 05:48:38,378 INFO ncaa_identity: contest_id=1344253 teams 0/2062 matched, players 0/821 matched
2026-08-18 05:48:39,114 INFO ncaa_identity: contest_id=1344304 season=2010 league=wbb -- teams rosters not built; ids emitted as nulls
2026-08-18 05:48:39,117 INFO ncaa_identity: contest_id=1344304 teams 0/2082 matched, players 0/802 matched
2026-08-18 05:48:39,889 INFO ncaa_identity: contest_id=1344403 season=2010 league=wbb -- teams rosters not built; ids emitted as nulls
2026-08-18 05:48:39,891 INFO ncaa_identity: contest_id=1344403 teams 0/1950 matched, players 0/720 matched
2026-08-18 05:48:40,650 INFO ncaa_identity: contest_id=1344464 season=2010 league=wbb -- teams rosters not built; ids emitted as nulls
2026-08-18 05:48:40,655 INFO ncaa_identity: contest_id=1344464 teams 0/2198 matched, players 0/809 matched
2026-08-18 05:48:41,323 INFO ncaa_identity: contest_id=1344496 season=2010 league=wbb -- teams rosters not built; ids emitted as nulls
2026-08-18 05:48:41,325 INFO ncaa_identity: contest_id=1344496 teams 0/1907 matched, players 0/657 matched
2026-08-18 05:48:42,152 INFO ncaa_identity: contest_id=1344576 season=2010 league=wbb -- teams rosters not built; ids emitted as nulls
2026-08-18 05:48:42,155 INFO ncaa_identity: contest_id=1344576 teams 0/1996 matched, players 0/716 matched
2026-08-18 05:48:42,883 INFO ncaa_identity: contest_id=1344624 season=2010 league=wbb -- teams rosters not built; ids emitted as nulls
2026-08-18 05:48:42,888 INFO ncaa_identity: contest_id=1344624 teams 0/2008 matched, players 0/737 matched
2026-08-18 05:48:43,628 INFO ncaa_identity: contest_id=1344648 season=2010 league=wbb -- teams rosters not built; ids emitted as nulls
2026-08-18 05:48:43,632 INFO ncaa_identity: contest_id=1344648 teams 0/2152 matched, players 0/756 matched
2026-08-18 05:48:44,715 INFO ncaa_identity: contest_id=1344813 season=2010 league=wbb -- teams rosters not built; ids emitted as nulls
2026-08-18 05:48:44,721 INFO ncaa_identity: contest_id=1344813 teams 0/2680 matched, players 0/1035 matched
2026-08-18 05:48:45,488 INFO ncaa_identity: contest_id=1344847 season=2010 league=wbb -- teams rosters not built; ids emitted as nulls
2026-08-18 05:48:45,491 INFO ncaa_identity: contest_id=1344847 teams 0/2213 matched, players 0/778 matched
2026-08-18 05:48:46,285 INFO ncaa_identity: contest_id=1344869 season=2010 league=wbb -- teams rosters not built; ids emitted as nulls
2026-08-18 05:48:46,290 INFO ncaa_identity: contest_id=1344869 teams 0/2206 matched, players 0/685 matched
2026-08-18 05:48:47,135 INFO ncaa_identity: contest_id=1344892 season=2010 league=wbb -- teams rosters not built; ids emitted as nulls
2026-08-18 05:48:47,139 INFO ncaa_identity: contest_id=1344892 teams 0/1882 matched, players 0/665 matched
2026-08-18 05:48:47,892 INFO ncaa_identity: contest_id=1344912 season=2010 league=wbb -- teams rosters not built; ids emitted as nulls
2026-08-18 05:48:47,897 INFO ncaa_identity: contest_id=1344912 teams 0/2136 matched, players 0/771 matched
2026-08-18 05:48:48,874 INFO ncaa_identity: contest_id=1344927 season=2010 league=wbb -- teams rosters not built; ids emitted as nulls
2026-08-18 05:48:48,879 INFO ncaa_identity: contest_id=1344927 teams 0/2112 matched, players 0/815 matched
2026-08-18 05:48:49,548 INFO ncaa_identity: contest_id=1344973 season=2010 league=wbb -- teams rosters not built; ids emitted as nulls
2026-08-18 05:48:49,551 INFO ncaa_identity: contest_id=1344973 teams 0/1764 matched, players 0/699 matched
2026-08-18 05:48:49,853 INFO ncaa_identity: contest_id=1345001 season=2010 league=wbb -- teams rosters not built; ids emitted as nulls
2026-08-18 05:48:49,864 INFO ncaa_identity: contest_id=1345001 teams 0/2131 matched, players 0/5923 matched22026-08-18 05:48:50,536 INFO ncaa_identity: contest_id=1345023 season=2010 league=wbb -- teams rosters not built; ids emitted as nulls
2026-08-18 05:48:50,539 INFO ncaa_identity: contest_id=1345023 teams 0/2266 matched, players 0/763 matched
2026-08-18 05:48:51,376 INFO ncaa_identity: contest_id=1345093 season=2010 league=wbb -- teams rosters not built; ids emitted as nulls
2026-08-18 05:48:51,378 INFO ncaa_identity: contest_id=1345093 teams 0/2258 matched, players 0/795 matched
2026-08-18 05:48:52,074 INFO ncaa_identity: contest_id=1345133 season=2010 league=wbb -- teams rosters not built; ids emitted as nulls
2026-08-18 05:48:52,078 INFO ncaa_identity: contest_id=1345133 teams 0/2154 matched, players 0/795 matched
2026-08-18 05:48:52,372 INFO ncaa_identity: contest_id=1345204 season=2010 league=wbb -- teams rosters not built; ids emitted as nulls
2026-08-18 05:48:52,385 INFO ncaa_identity: contest_id=1345204 teams 0/2328 matched, players 0/6498 matched
2026-08-18 05:48:53,213 INFO ncaa_identity: contest_id=1345222 season=2010 league=wbb -- teams rosters not built; ids emitted as nulls
2026-08-18 05:48:53,217 INFO ncaa_identity: contest_id=1345222 teams 0/1951 matched, players 0/616 matched
2026-08-18 05:48:54,028 INFO ncaa_identity: contest_id=1345272 season=2010 league=wbb -- teams rosters not built; ids emitted as nulls
2026-08-18 05:48:54,032 INFO ncaa_identity: contest_id=1345272 teams 0/2266 matched, players 0/930 matched
2026-08-18 05:48:54,805 INFO ncaa_identity: contest_id=1345335 season=2010 league=wbb -- teams rosters not built; ids emitted as nulls
2026-08-18 05:48:54,807 INFO ncaa_identity: contest_id=1345335 teams 0/2026 matched, players 0/708 matched
2026-08-18 05:48:55,411 INFO ncaa_identity: contest_id=1345350 season=2010 league=wbb -- teams rosters not built; ids emitted as nulls
2026-08-18 05:48:55,414 INFO ncaa_identity: contest_id=1345350 teams 0/1588 matched, players 0/487 matched
2026-08-18 05:48:56,133 INFO ncaa_identity: contest_id=1345371 season=2010 league=wbb -- teams rosters not built; ids emitted as nulls
2026-08-18 05:48:56,138 INFO ncaa_identity: contest_id=1345371 teams 0/2270 matched, players 0/896 matched
2026-08-18 05:48:56,857 INFO ncaa_identity: contest_id=1345388 season=2010 league=wbb -- teams rosters not built; ids emitted as nulls
2026-08-18 05:48:56,861 INFO ncaa_identity: contest_id=1345388 teams 0/1828 matched, players 0/661 matched
2026-08-18 05:48:57,670 INFO ncaa_identity: contest_id=1345414 season=2010 league=wbb -- teams rosters not built; ids emitted as nulls
2026-08-18 05:48:57,674 INFO ncaa_identity: contest_id=1345414 teams 0/2420 matched, players 0/987 matched
2026-08-18 05:48:58,263 INFO ncaa_identity: contest_id=1345429 season=2010 league=wbb -- teams rosters not built; ids emitted as nulls
2026-08-18 05:48:58,265 INFO ncaa_identity: contest_id=1345429 teams 0/1682 matched, players 0/614 matched
2026-08-18 05:48:59,057 INFO ncaa_identity: contest_id=1345447 season=2010 league=wbb -- teams rosters not built; ids emitted as nulls
2026-08-18 05:48:59,059 INFO ncaa_identity: contest_id=1345447 teams 0/1996 matched, players 0/767 matched
2026-08-18 05:48:59,570 INFO ncaa_identity: contest_id=1345468 season=2010 league=wbb -- teams rosters not built; ids emitted as nulls
2026-08-18 05:48:59,572 INFO ncaa_identity: contest_id=1345468 teams 0/1484 matched, players 0/405 matched
2026-08-18 05:49:00,413 INFO ncaa_identity: contest_id=1345490 season=2010 league=wbb -- teams rosters not built; ids emitted as nulls
2026-08-18 05:49:00,417 INFO ncaa_identity: contest_id=1345490 teams 0/2554 matched, players 0/1009 matched
2026-08-18 05:49:01,247 INFO ncaa_identity: contest_id=1345505 season=2010 league=wbb -- teams rosters not built; ids emitted as nulls
2026-08-18 05:49:01,251 INFO ncaa_identity: contest_id=1345505 teams 0/2016 matched, players 0/773 matched
2026-08-18 05:49:01,993 INFO ncaa_identity: contest_id=1345529 season=2010 league=wbb -- teams rosters not built; ids emitted as nulls
2026-08-18 05:49:01,996 INFO ncaa_identity: contest_id=1345529 teams 0/2378 matched, players 0/917 matched
2026-08-18 05:49:02,617 INFO ncaa_identity: contest_id=1345549 season=2010 league=wbb -- teams rosters not built; ids emitted as nulls
2026-08-18 05:49:02,620 INFO ncaa_identity: contest_id=1345549 teams 0/1885 matched, players 0/638 matched
2026-08-18 05:49:03,465 INFO ncaa_identity: contest_id=1345568 season=2010 league=wbb -- teams rosters not built; ids emitted as nulls
2026-08-18 05:49:03,467 INFO ncaa_identity: contest_id=1345568 teams 0/1964 matched, players 0/770 matched
2026-08-18 05:49:04,070 INFO ncaa_identity: contest_id=1345596 season=2010 league=wbb -- teams rosters not built; ids emitted as nulls
2026-08-18 05:49:04,075 INFO ncaa_identity: contest_id=1345596 teams 0/1912 matched, players 0/811 matched
2026-08-18 05:49:04,612 INFO ncaa_identity: contest_id=1345666 season=2010 league=wbb -- teams rosters not built; ids emitted as nulls
2026-08-18 05:49:04,615 INFO ncaa_identity: contest_id=1345666 teams 0/1700 matched, players 0/506 matched
2026-08-18 05:49:05,682 INFO ncaa_identity: contest_id=1345690 season=2010 league=wbb -- teams rosters not built; ids emitted as nulls
2026-08-18 05:49:05,688 INFO ncaa_identity: contest_id=1345690 teams 0/2842 matched, players 0/1228 matched
2026-08-18 05:49:06,715 INFO ncaa_identity: contest_id=1345735 season=2010 league=wbb -- teams rosters not built; ids emitted as nulls
2026-08-18 05:49:06,722 INFO ncaa_identity: contest_id=1345735 teams 0/2778 matched, players 0/1088 matched
2026-08-18 05:49:07,484 INFO ncaa_identity: contest_id=1345759 season=2010 league=wbb -- teams rosters not built; ids emitted as nulls
2026-08-18 05:49:07,489 INFO ncaa_identity: contest_id=1345759 teams 0/2152 matched, players 0/863 matched
2026-08-18 05:49:08,213 INFO ncaa_identity: contest_id=1345775 season=2010 league=wbb -- teams rosters not built; ids emitted as nulls
2026-08-18 05:49:08,216 INFO ncaa_identity: contest_id=1345775 teams 0/2048 matched, players 0/637 matched
2026-08-18 05:49:09,146 INFO ncaa_identity: contest_id=1345806 season=2010 league=wbb -- teams rosters not built; ids emitted as nulls
2026-08-18 05:49:09,149 INFO ncaa_identity: contest_id=1345806 teams 0/1754 matched, players 0/542 matched
2026-08-18 05:49:09,909 INFO ncaa_identity: contest_id=1345829 season=2010 league=wbb -- teams rosters not built; ids emitted as nulls
2026-08-18 05:49:09,915 INFO ncaa_identity: contest_id=1345829 teams 0/2252 matched, players 0/769 matched
2026-08-18 05:49:10,788 INFO ncaa_identity: contest_id=1345866 season=2010 league=wbb -- teams rosters not built; ids emitted as nulls
2026-08-18 05:49:10,791 INFO ncaa_identity: contest_id=1345866 teams 0/1950 matched, players 0/552 matched
2026-08-18 05:49:11,411 INFO ncaa_identity: contest_id=1345893 season=2010 league=wbb -- teams rosters not built; ids emitted as nulls
2026-08-18 05:49:11,415 INFO ncaa_identity: contest_id=1345893 teams 0/1820 matched, players 0/748 matched
2026-08-18 05:49:12,092 INFO ncaa_identity: contest_id=1345908 season=2010 league=wbb -- teams rosters not built; ids emitted as nulls
2026-08-18 05:49:12,097 INFO ncaa_identity: contest_id=1345908 teams 0/2201 matched, players 0/746 matched
2026-08-18 05:49:12,987 INFO ncaa_identity: contest_id=1345948 season=2010 league=wbb -- teams rosters not built; ids emitted as nulls
2026-08-18 05:49:12,993 INFO ncaa_identity: contest_id=1345948 teams 0/2602 matched, players 0/912 matched
2026-08-18 05:49:13,568 INFO ncaa_identity: contest_id=1346011 season=2010 league=wbb -- teams rosters not built; ids emitted as nulls
2026-08-18 05:49:13,570 INFO ncaa_identity: contest_id=1346011 teams 0/1654 matched, players 0/599 matched
2026-08-18 05:49:14,068 INFO ncaa_identity: contest_id=1346056 season=2010 league=wbb -- teams rosters not built; ids emitted as nulls
2026-08-18 05:49:14,071 INFO ncaa_identity: contest_id=1346056 teams 0/1966 matched, players 0/618 matched
2026-08-18 05:49:14,956 INFO ncaa_identity: contest_id=1346094 season=2010 league=wbb -- teams rosters not built; ids emitted as nulls
2026-08-18 05:49:14,959 INFO ncaa_identity: contest_id=1346094 teams 0/2226 matched, players 0/812 matched
2026-08-18 05:49:15,494 INFO ncaa_identity: contest_id=1346167 season=2010 league=wbb -- teams rosters not built; ids emitted as nulls
2026-08-18 05:49:15,495 INFO ncaa_identity: contest_id=1346167 teams 0/1363 matched, players 0/358 matched
2026-08-18 05:49:16,193 INFO ncaa_identity: contest_id=1346205 season=2010 league=wbb -- teams rosters not built; ids emitted as nulls
2026-08-18 05:49:16,196 INFO ncaa_identity: contest_id=1346205 teams 0/2422 matched, players 0/857 matched
2026-08-18 05:49:17,059 INFO ncaa_identity: contest_id=1346241 season=2010 league=wbb -- teams rosters not built; ids emitted as nulls
2026-08-18 05:49:17,062 INFO ncaa_identity: contest_id=1346241 teams 0/2126 matched, players 0/826 matched
2026-08-18 05:49:17,760 INFO ncaa_identity: contest_id=1346266 season=2010 league=wbb -- teams rosters not built; ids emitted as nulls
2026-08-18 05:49:17,762 INFO ncaa_identity: contest_id=1346266 teams 0/1881 matched, players 0/552 matched
2026-08-18 05:49:18,445 INFO ncaa_identity: contest_id=1346316 season=2010 league=wbb -- teams rosters not built; ids emitted as nulls
2026-08-18 05:49:18,448 INFO ncaa_identity: contest_id=1346316 teams 0/1752 matched, players 0/468 matched
2026-08-18 05:49:19,352 INFO ncaa_identity: contest_id=1346335 season=2010 league=wbb -- teams rosters not built; ids emitted as nulls
2026-08-18 05:49:19,354 INFO ncaa_identity: contest_id=1346335 teams 0/1900 matched, players 0/589 matched
2026-08-18 05:49:20,204 INFO ncaa_identity: contest_id=1346371 season=2010 league=wbb -- teams rosters not built; ids emitted as nulls
2026-08-18 05:49:20,206 INFO ncaa_identity: contest_id=1346371 teams 0/1840 matched, players 0/601 matched
2026-08-18 05:49:21,074 INFO ncaa_identity: contest_id=1346411 season=2010 league=wbb -- teams rosters not built; ids emitted as nulls
2026-08-18 05:49:21,079 INFO ncaa_identity: contest_id=1346411 teams 0/2038 matched, players 0/700 matched
2026-08-18 05:49:22,122 INFO ncaa_identity: contest_id=1346450 season=2010 league=wbb -- teams rosters not built; ids emitted as nulls
2026-08-18 05:49:22,127 INFO ncaa_identity: contest_id=1346450 teams 0/2188 matched, players 0/882 matched
2026-08-18 05:49:22,820 INFO ncaa_identity: contest_id=1346491 season=2010 league=wbb -- teams rosters not built; ids emitted as nulls
2026-08-18 05:49:22,823 INFO ncaa_identity: contest_id=1346491 teams 0/1811 matched, players 0/614 matched
2026-08-18 05:49:23,519 INFO ncaa_identity: contest_id=1346523 season=2010 league=wbb -- teams rosters not built; ids emitted as nulls
2026-08-18 05:49:23,522 INFO ncaa_identity: contest_id=1346523 teams 0/2146 matched, players 0/903 matched
2026-08-18 05:49:24,466 INFO ncaa_identity: contest_id=1346601 season=2010 league=wbb -- teams rosters not built; ids emitted as nulls
2026-08-18 05:49:24,471 INFO ncaa_identity: contest_id=1346601 teams 0/2426 matched, players 0/912 matched
2026-08-18 05:49:25,067 INFO ncaa_identity: contest_id=1346613 season=2010 league=wbb -- teams rosters not built; ids emitted as nulls
2026-08-18 05:49:25,070 INFO ncaa_identity: contest_id=1346613 teams 0/1836 matched, players 0/591 matched
2026-08-18 05:49:25,853 INFO ncaa_identity: contest_id=1346626 season=2010 league=wbb -- teams rosters not built; ids emitted as nulls
2026-08-18 05:49:25,857 INFO ncaa_identity: contest_id=1346626 teams 0/1820 matched, players 0/649 matched
2026-08-18 05:49:26,672 INFO ncaa_identity: contest_id=1346662 season=2010 league=wbb -- teams rosters not built; ids emitted as nulls
2026-08-18 05:49:26,678 INFO ncaa_identity: contest_id=1346662 teams 0/2286 matched, players 0/852 matched
2026-08-18 05:49:27,299 INFO ncaa_identity: contest_id=1346736 season=2010 league=wbb -- teams rosters not built; ids emitted as nulls
2026-08-18 05:49:27,301 INFO ncaa_identity: contest_id=1346736 teams 0/1798 matched, players 0/660 matched
2026-08-18 05:49:28,181 INFO ncaa_identity: contest_id=1346781 season=2010 league=wbb -- teams rosters not built; ids emitted as nulls
2026-08-18 05:49:28,185 INFO ncaa_identity: contest_id=1346781 teams 0/2220 matched, players 0/809 matched
2026-08-18 05:49:28,864 INFO ncaa_identity: contest_id=1346857 season=2010 league=wbb -- teams rosters not built; ids emitted as nulls
2026-08-18 05:49:28,866 INFO ncaa_identity: contest_id=1346857 teams 0/1884 matched, players 0/697 matched
2026-08-18 05:49:29,604 INFO ncaa_identity: contest_id=1346887 season=2010 league=wbb -- teams rosters not built; ids emitted as nulls
2026-08-18 05:49:29,609 INFO ncaa_identity: contest_id=1346887 teams 0/2214 matched, players 0/928 matched
2026-08-18 05:49:30,589 INFO ncaa_identity: contest_id=1346989 season=2010 league=wbb -- teams rosters not built; ids emitted as nulls
2026-08-18 05:49:30,593 INFO ncaa_identity: contest_id=1346989 teams 0/2662 matched, players 0/997 matched
2026-08-18 05:49:31,276 INFO ncaa_identity: contest_id=1347001 season=2010 league=wbb -- teams rosters not built; ids emitted as nulls
2026-08-18 05:49:31,279 INFO ncaa_identity: contest_id=1347001 teams 0/1891 matched, players 0/731 matched
2026-08-18 05:49:32,246 INFO ncaa_identity: contest_id=1347016 season=2010 league=wbb -- teams rosters not built; ids emitted as nulls
2026-08-18 05:49:32,251 INFO ncaa_identity: contest_id=1347016 teams 0/2246 matched, players 0/911 matched
2026-08-18 05:49:33,090 INFO ncaa_identity: contest_id=1347038 season=2010 league=wbb -- teams rosters not built; ids emitted as nulls
2026-08-18 05:49:33,094 INFO ncaa_identity: contest_id=1347038 teams 0/2420 matched, players 0/885 matched
2026-08-18 05:49:33,724 INFO ncaa_identity: contest_id=1347052 season=2010 league=wbb -- teams rosters not built; ids emitted as nulls
2026-08-18 05:49:33,727 INFO ncaa_identity: contest_id=1347052 teams 0/1812 matched, players 0/631 matched
2026-08-18 05:49:34,552 INFO ncaa_identity: contest_id=1347077 season=2010 league=wbb -- teams rosters not built; ids emitted as nulls
2026-08-18 05:49:34,555 INFO ncaa_identity: contest_id=1347077 teams 0/2092 matched, players 0/779 matched
2026-08-18 05:49:35,278 INFO ncaa_identity: contest_id=1347120 season=2010 league=wbb -- teams rosters not built; ids emitted as nulls
2026-08-18 05:49:35,282 INFO ncaa_identity: contest_id=1347120 teams 0/1854 matched, players 0/581 matched
2026-08-18 05:49:36,052 INFO ncaa_identity: contest_id=1347173 season=2010 league=wbb -- teams rosters not built; ids emitted as nulls
2026-08-18 05:49:36,055 INFO ncaa_identity: contest_id=1347173 teams 0/2372 matched, players 0/789 matched
2026-08-18 05:49:36,839 INFO ncaa_identity: contest_id=1347224 season=2010 league=wbb -- teams rosters not built; ids emitted as nulls
2026-08-18 05:49:36,841 INFO ncaa_identity: contest_id=1347224 teams 0/1869 matched, players 0/499 matched
2026-08-18 05:49:37,509 INFO ncaa_identity: contest_id=1347236 season=2010 league=wbb -- teams rosters not built; ids emitted as nulls
2026-08-18 05:49:37,513 INFO ncaa_identity: contest_id=1347236 teams 0/1858 matched, players 0/713 matched
2026-08-18 05:49:38,185 INFO ncaa_identity: contest_id=1347267 season=2010 league=wbb -- teams rosters not built; ids emitted as nulls
2026-08-18 05:49:38,188 INFO ncaa_identity: contest_id=1347267 teams 0/1868 matched, players 0/703 matched
2026-08-18 05:49:38,867 INFO ncaa_identity: contest_id=1347310 season=2010 league=wbb -- teams rosters not built; ids emitted as nulls
2026-08-18 05:49:38,870 INFO ncaa_identity: contest_id=1347310 teams 0/1576 matched, players 0/435 matched
2026-08-18 05:49:39,579 INFO ncaa_identity: contest_id=1347347 season=2010 league=wbb -- teams rosters not built; ids emitted as nulls
2026-08-18 05:49:39,581 INFO ncaa_identity: contest_id=1347347 teams 0/1788 matched, players 0/530 matched
2026-08-18 05:49:39,831 INFO ncaa_identity: contest_id=1347407 season=2010 league=wbb -- teams rosters not built; ids emitted as nulls
2026-08-18 05:49:39,841 INFO ncaa_identity: contest_id=1347407 teams 0/2233 matched, players 0/6190 matched
2026-08-18 05:49:40,197 INFO ncaa_identity: contest_id=1347457 season=2010 league=wbb -- teams rosters not built; ids emitted as nulls
2026-08-18 05:49:40,214 INFO ncaa_identity: contest_id=1347457 teams 0/2579 matched, players 0/7227 matched
2026-08-18 05:49:41,133 INFO ncaa_identity: contest_id=1347521 season=2010 league=wbb -- teams rosters not built; ids emitted as nulls
2026-08-18 05:49:41,137 INFO ncaa_identity: contest_id=1347521 teams 0/2672 matched, players 0/1114 matched
2026-08-18 05:49:41,712 INFO ncaa_identity: contest_id=1347579 season=2010 league=wbb -- teams rosters not built; ids emitted as nulls
2026-08-18 05:49:41,715 INFO ncaa_identity: contest_id=1347579 teams 0/1864 matched, players 0/673 matched
2026-08-18 05:49:42,348 INFO ncaa_identity: contest_id=1347614 season=2010 league=wbb -- teams rosters not built; ids emitted as nulls
2026-08-18 05:49:42,351 INFO ncaa_identity: contest_id=1347614 teams 0/1988 matched, players 0/767 matched
2026-08-18 05:49:42,925 INFO ncaa_identity: contest_id=1347682 season=2010 league=wbb -- teams rosters not built; ids emitted as nulls
2026-08-18 05:49:42,928 INFO ncaa_identity: contest_id=1347682 teams 0/1526 matched, players 0/399 matched
2026-08-18 05:49:43,523 INFO ncaa_identity: contest_id=1347708 season=2010 league=wbb -- teams rosters not built; ids emitted as nulls
2026-08-18 05:49:43,525 INFO ncaa_identity: contest_id=1347708 teams 0/1976 matched, players 0/626 matched
2026-08-18 05:49:44,424 INFO ncaa_identity: contest_id=1347782 season=2010 league=wbb -- teams rosters not built; ids emitted as nulls
2026-08-18 05:49:44,429 INFO ncaa_identity: contest_id=1347782 teams 0/2148 matched, players 0/836 matched
2026-08-18 05:49:45,190 INFO ncaa_identity: contest_id=1347802 season=2010 league=wbb -- teams rosters not built; ids emitted as nulls
2026-08-18 05:49:45,193 INFO ncaa_identity: contest_id=1347802 teams 0/2502 matched, players 0/913 matched
2026-08-18 05:49:45,922 INFO ncaa_identity: contest_id=1347814 season=2010 league=wbb -- teams rosters not built; ids emitted as nulls
2026-08-18 05:49:45,927 INFO ncaa_identity: contest_id=1347814 teams 0/2204 matched, players 0/869 matched
2026-08-18 05:49:46,779 INFO ncaa_identity: contest_id=1347833 season=2010 league=wbb -- teams rosters not built; ids emitted as nulls
2026-08-18 05:49:46,784 INFO ncaa_identity: contest_id=1347833 teams 0/2234 matched, players 0/820 matched
2026-08-18 05:49:47,416 INFO ncaa_identity: contest_id=1347856 season=2010 league=wbb -- teams rosters not built; ids emitted as nulls
2026-08-18 05:49:47,421 INFO ncaa_identity: contest_id=1347856 teams 0/1958 matched, players 0/743 matched
2026-08-18 05:49:48,073 INFO ncaa_identity: contest_id=1347888 season=2010 league=wbb -- teams rosters not built; ids emitted as nulls
2026-08-18 05:49:48,076 INFO ncaa_identity: contest_id=1347888 teams 0/2176 matched, players 0/884 matched
2026-08-18 05:49:48,800 INFO ncaa_identity: contest_id=1347924 season=2010 league=wbb -- teams rosters not built; ids emitted as nulls
2026-08-18 05:49:48,805 INFO ncaa_identity: contest_id=1347924 teams 0/1948 matched, players 0/757 matched
2026-08-18 05:49:49,380 INFO ncaa_identity: contest_id=1347962 season=2010 league=wbb -- teams rosters not built; ids emitted as nulls
2026-08-18 05:49:49,382 INFO ncaa_identity: contest_id=1347962 teams 0/1442 matched, players 0/378 matched
2026-08-18 05:49:50,033 INFO ncaa_identity: contest_id=1347978 season=2010 league=wbb -- teams rosters not built; ids emitted as nulls
2026-08-18 05:49:50,037 INFO ncaa_identity: contest_id=1347978 teams 0/1966 matched, players 0/714 matched
2026-08-18 05:49:50,825 INFO ncaa_identity: contest_id=1348005 season=2010 league=wbb -- teams rosters not built; ids emitted as nulls
2026-08-18 05:49:50,830 INFO ncaa_identity: contest_id=1348005 teams 0/2122 matched, players 0/912 matched
2026-08-18 05:49:51,584 INFO ncaa_identity: contest_id=1348032 season=2010 league=wbb -- teams rosters not built; ids emitted as nulls
2026-08-18 05:49:51,590 INFO ncaa_identity: contest_id=1348032 teams 0/2492 matched, players 0/986 matched
2026-08-18 05:49:52,147 INFO ncaa_identity: contest_id=1348078 season=2010 league=wbb -- teams rosters not built; ids emitted as nulls
2026-08-18 05:49:52,151 INFO ncaa_identity: contest_id=1348078 teams 0/1627 matched, players 0/610 matched
2026-08-18 05:49:52,894 INFO ncaa_identity: contest_id=1348095 season=2010 league=wbb -- teams rosters not built; ids emitted as nulls
2026-08-18 05:49:52,897 INFO ncaa_identity: contest_id=1348095 teams 0/2082 matched, players 0/776 matched
2026-08-18 05:49:53,625 INFO ncaa_identity: contest_id=1348159 season=2010 league=wbb -- teams rosters not built; ids emitted as nulls
2026-08-18 05:49:53,629 INFO ncaa_identity: contest_id=1348159 teams 0/2084 matched, players 0/634 matched
2026-08-18 05:49:54,496 INFO ncaa_identity: contest_id=1348187 season=2010 league=wbb -- teams rosters not built; ids emitted as nulls
2026-08-18 05:49:54,500 INFO ncaa_identity: contest_id=1348187 teams 0/2204 matched, players 0/741 matched
2026-08-18 05:49:55,118 INFO ncaa_identity: contest_id=1348199 season=2010 league=wbb -- teams rosters not built; ids emitted as nulls
2026-08-18 05:49:55,121 INFO ncaa_identity: contest_id=1348199 teams 0/1876 matched, players 0/606 matched
2026-08-18 05:49:55,769 INFO ncaa_identity: contest_id=1348218 season=2010 league=wbb -- teams rosters not built; ids emitted as nulls
2026-08-18 05:49:55,774 INFO ncaa_identity: contest_id=1348218 teams 0/1996 matched, players 0/769 matched
2026-08-18 05:49:56,790 INFO ncaa_identity: contest_id=1348293 season=2010 league=wbb -- teams rosters not built; ids emitted as nulls
2026-08-18 05:49:56,794 INFO ncaa_identity: contest_id=1348293 teams 0/1994 matched, players 0/829 matched
2026-08-18 05:49:57,487 INFO ncaa_identity: contest_id=1348311 season=2010 league=wbb -- teams rosters not built; ids emitted as nulls
2026-08-18 05:49:57,490 INFO ncaa_identity: contest_id=1348311 teams 0/2004 matched, players 0/725 matched
2026-08-18 05:49:58,207 INFO ncaa_identity: contest_id=1348330 season=2010 league=wbb -- teams rosters not built; ids emitted as nulls
2026-08-18 05:49:58,211 INFO ncaa_identity: contest_id=1348330 teams 0/2144 matched, players 0/749 matched
2026-08-18 05:49:59,010 INFO ncaa_identity: contest_id=1348342 season=2010 league=wbb -- teams rosters not built; ids emitted as nulls
2026-08-18 05:49:59,014 INFO ncaa_identity: contest_id=1348342 teams 0/1942 matched, players 0/793 matched
2026-08-18 05:49:59,713 INFO ncaa_identity: contest_id=1348358 season=2010 league=wbb -- teams rosters not built; ids emitted as nulls
2026-08-18 05:49:59,716 INFO ncaa_identity: contest_id=1348358 teams 0/1784 matched, players 0/700 matched
2026-08-18 05:50:00,381 INFO ncaa_identity: contest_id=1348373 season=2010 league=wbb -- teams rosters not built; ids emitted as nulls
2026-08-18 05:50:00,385 INFO ncaa_identity: contest_id=1348373 teams 0/1948 matched, players 0/664 matched
2026-08-18 05:50:01,247 INFO ncaa_identity: contest_id=1348405 season=2010 league=wbb -- teams rosters not built; ids emitted as nulls
2026-08-18 05:50:01,250 INFO ncaa_identity: contest_id=1348405 teams 0/1810 matched, players 0/622 matched
2026-08-18 05:50:01,956 INFO ncaa_identity: contest_id=1348424 season=2010 league=wbb -- teams rosters not built; ids emitted as nulls
2026-08-18 05:50:01,960 INFO ncaa_identity: contest_id=1348424 teams 0/2085 matched, players 0/843 matched
2026-08-18 05:50:02,614 INFO ncaa_identity: contest_id=1348448 season=2010 league=wbb -- teams rosters not built; ids emitted as nulls
2026-08-18 05:50:02,619 INFO ncaa_identity: contest_id=1348448 teams 0/2028 matched, players 0/711 matched
2026-08-18 05:50:03,332 INFO ncaa_identity: contest_id=1348463 season=2010 league=wbb -- teams rosters not built; ids emitted as nulls
2026-08-18 05:50:03,335 INFO ncaa_identity: contest_id=1348463 teams 0/1839 matched, players 0/676 matched
2026-08-18 05:50:04,002 INFO ncaa_identity: contest_id=1348475 season=2010 league=wbb -- teams rosters not built; ids emitted as nulls
2026-08-18 05:50:04,005 INFO ncaa_identity: contest_id=1348475 teams 0/2272 matched, players 0/785 matched
2026-08-18 05:50:04,810 INFO ncaa_identity: contest_id=1348511 season=2010 league=wbb -- teams rosters not built; ids emitted as nulls
2026-08-18 05:50:04,813 INFO ncaa_identity: contest_id=1348511 teams 0/1882 matched, players 0/638 matched
2026-08-18 05:50:05,512 INFO ncaa_identity: contest_id=1348528 season=2010 league=wbb -- teams rosters not built; ids emitted as nulls
2026-08-18 05:50:05,517 INFO ncaa_identity: contest_id=1348528 teams 0/2100 matched, players 0/757 matched
2026-08-18 05:50:06,158 INFO ncaa_identity: contest_id=1348541 season=2010 league=wbb -- teams rosters not built; ids emitted as nulls
2026-08-18 05:50:06,162 INFO ncaa_identity: contest_id=1348541 teams 0/1902 matched, players 0/673 matched
2026-08-18 05:50:06,939 INFO ncaa_identity: contest_id=1348554 season=2010 league=wbb -- teams rosters not built; ids emitted as nulls
2026-08-18 05:50:06,944 INFO ncaa_identity: contest_id=1348554 teams 0/2046 matched, players 0/812 matched
2026-08-18 05:50:07,692 INFO ncaa_identity: contest_id=1348578 season=2010 league=wbb -- teams rosters not built; ids emitted as nulls
2026-08-18 05:50:07,695 INFO ncaa_identity: contest_id=1348578 teams 0/2434 matched, players 0/1098 matched
2026-08-18 05:50:08,421 INFO ncaa_identity: contest_id=1348596 season=2010 league=wbb -- teams rosters not built; ids emitted as nulls
2026-08-18 05:50:08,424 INFO ncaa_identity: contest_id=1348596 teams 0/1984 matched, players 0/712 matched
2026-08-18 05:50:09,264 INFO ncaa_identity: contest_id=1348614 season=2010 league=wbb -- teams rosters not built; ids emitted as nulls
2026-08-18 05:50:09,267 INFO ncaa_identity: contest_id=1348614 teams 0/1892 matched, players 0/656 matched
2026-08-18 05:50:09,848 INFO ncaa_identity: contest_id=1348626 season=2010 league=wbb -- teams rosters not built; ids emitted as nulls
2026-08-18 05:50:09,851 INFO ncaa_identity: contest_id=1348626 teams 0/1790 matched, players 0/684 matched
2026-08-18 05:50:10,521 INFO ncaa_identity: contest_id=1348639 season=2010 league=wbb -- teams rosters not built; ids emitted as nulls
2026-08-18 05:50:10,525 INFO ncaa_identity: contest_id=1348639 teams 0/1923 matched, players 0/679 matched
2026-08-18 05:50:11,354 INFO ncaa_identity: contest_id=1348654 season=2010 league=wbb -- teams rosters not built; ids emitted as nulls
2026-08-18 05:50:11,357 INFO ncaa_identity: contest_id=1348654 teams 0/2304 matched, players 0/881 matched
2026-08-18 05:50:12,018 INFO ncaa_identity: contest_id=1348694 season=2010 league=wbb -- teams rosters not built; ids emitted as nulls
2026-08-18 05:50:12,021 INFO ncaa_identity: contest_id=1348694 teams 0/1914 matched, players 0/648 matched
2026-08-18 05:50:12,906 INFO ncaa_identity: contest_id=1348716 season=2010 league=wbb -- teams rosters not built; ids emitted as nulls
2026-08-18 05:50:12,909 INFO ncaa_identity: contest_id=1348716 teams 0/2228 matched, players 0/765 matched
2026-08-18 05:50:13,518 INFO ncaa_identity: contest_id=1348732 season=2010 league=wbb -- teams rosters not built; ids emitted as nulls
2026-08-18 05:50:13,522 INFO ncaa_identity: contest_id=1348732 teams 0/1796 matched, players 0/630 matched
2026-08-18 05:50:14,071 INFO ncaa_identity: contest_id=1348751 season=2010 league=wbb -- teams rosters not built; ids emitted as nulls
2026-08-18 05:50:14,075 INFO ncaa_identity: contest_id=1348751 teams 0/1746 matched, players 0/538 matched
2026-08-18 05:50:14,401 INFO ncaa_identity: contest_id=1348771 season=2010 league=wbb -- teams rosters not built; ids emitted as nulls
2026-08-18 05:50:14,418 INFO ncaa_identity: contest_id=1348771 teams 0/2427 matched, players 0/6791 matched
2026-08-18 05:50:15,197 INFO ncaa_identity: contest_id=1348812 season=2010 league=wbb -- teams rosters not built; ids emitted as nulls
2026-08-18 05:50:15,200 INFO ncaa_identity: contest_id=1348812 teams 0/2122 matched, players 0/567 matched
2026-08-18 05:50:15,866 INFO ncaa_identity: contest_id=1348856 season=2010 league=wbb -- teams rosters not built; ids emitted as nulls
2026-08-18 05:50:15,869 INFO ncaa_identity: contest_id=1348856 teams 0/1860 matched, players 0/712 matched
2026-08-18 05:50:16,823 INFO ncaa_identity: contest_id=1348887 season=2010 league=wbb -- teams rosters not built; ids emitted as nulls
2026-08-18 05:50:16,827 INFO ncaa_identity: contest_id=1348887 teams 0/2250 matched, players 0/851 matched
2026-08-18 05:50:17,422 INFO ncaa_identity: contest_id=1348907 season=2010 league=wbb -- teams rosters not built; ids emitted as nulls
2026-08-18 05:50:17,424 INFO ncaa_identity: contest_id=1348907 teams 0/1780 matched, players 0/646 matched
2026-08-18 05:50:18,169 INFO ncaa_identity: contest_id=1348920 season=2010 league=wbb -- teams rosters not built; ids emitted as nulls
2026-08-18 05:50:18,174 INFO ncaa_identity: contest_id=1348920 teams 0/2028 matched, players 0/765 matched
2026-08-18 05:50:18,960 INFO ncaa_identity: contest_id=1348940 season=2010 league=wbb -- teams rosters not built; ids emitted as nulls
2026-08-18 05:50:18,964 INFO ncaa_identity: contest_id=1348940 teams 0/1886 matched, players 0/672 matched
2026-08-18 05:50:19,571 INFO ncaa_identity: contest_id=1348955 season=2010 league=wbb -- teams rosters not built; ids emitted as nulls
2026-08-18 05:50:19,576 INFO ncaa_identity: contest_id=1348955 teams 0/1896 matched, players 0/654 matched
2026-08-18 05:50:20,131 INFO ncaa_identity: contest_id=1349015 season=2010 league=wbb -- teams rosters not built; ids emitted as nulls
2026-08-18 05:50:20,132 INFO ncaa_identity: contest_id=1349015 teams 0/1592 matched, players 0/525 matched
2026-08-18 05:50:20,821 INFO ncaa_identity: contest_id=1349050 season=2010 league=wbb -- teams rosters not built; ids emitted as nulls
2026-08-18 05:50:20,823 INFO ncaa_identity: contest_id=1349050 teams 0/1756 matched, players 0/555 matched
2026-08-18 05:50:21,507 INFO ncaa_identity: contest_id=1349063 season=2010 league=wbb -- teams rosters not built; ids emitted as nulls
2026-08-18 05:50:21,509 INFO ncaa_identity: contest_id=1349063 teams 0/1978 matched, players 0/716 matched
2026-08-18 05:50:22,247 INFO ncaa_identity: contest_id=1349098 season=2010 league=wbb -- teams rosters not built; ids emitted as nulls
2026-08-18 05:50:22,251 INFO ncaa_identity: contest_id=1349098 teams 0/2171 matched, players 0/792 matched
2026-08-18 05:50:22,957 INFO ncaa_identity: contest_id=1349145 season=2010 league=wbb -- teams rosters not built; ids emitted as nulls
2026-08-18 05:50:22,961 INFO ncaa_identity: contest_id=1349145 teams 0/1729 matched, players 0/647 matched
2026-08-18 05:50:23,633 INFO ncaa_identity: contest_id=1349178 season=2010 league=wbb -- teams rosters not built; ids emitted as nulls
2026-08-18 05:50:23,635 INFO ncaa_identity: contest_id=1349178 teams 0/2156 matched, players 0/834 matched
2026-08-18 05:50:24,189 INFO ncaa_identity: contest_id=1349201 season=2010 league=wbb -- teams rosters not built; ids emitted as nulls
2026-08-18 05:50:24,192 INFO ncaa_identity: contest_id=1349201 teams 0/1681 matched, players 0/558 matched
2026-08-18 05:50:25,079 INFO ncaa_identity: contest_id=1349213 season=2010 league=wbb -- teams rosters not built; ids emitted as nulls
2026-08-18 05:50:25,082 INFO ncaa_identity: contest_id=1349213 teams 0/2166 matched, players 0/758 matched
2026-08-18 05:50:25,805 INFO ncaa_identity: contest_id=1349227 season=2010 league=wbb -- teams rosters not built; ids emitted as nulls
2026-08-18 05:50:25,808 INFO ncaa_identity: contest_id=1349227 teams 0/2356 matched, players 0/902 matched
2026-08-18 05:50:26,575 INFO ncaa_identity: contest_id=1349253 season=2010 league=wbb -- teams rosters not built; ids emitted as nulls
2026-08-18 05:50:26,579 INFO ncaa_identity: contest_id=1349253 teams 0/1978 matched, players 0/636 matched
2026-08-18 05:50:27,216 INFO ncaa_identity: contest_id=1349283 season=2010 league=wbb -- teams rosters not built; ids emitted as nulls
2026-08-18 05:50:27,218 INFO ncaa_identity: contest_id=1349283 teams 0/1808 matched, players 0/679 matched
2026-08-18 05:50:27,848 INFO ncaa_identity: contest_id=1349393 season=2010 league=wbb -- teams rosters not built; ids emitted as nulls
2026-08-18 05:50:27,851 INFO ncaa_identity: contest_id=1349393 teams 0/1930 matched, players 0/693 matched
2026-08-18 05:50:28,617 INFO ncaa_identity: contest_id=1349428 season=2010 league=wbb -- teams rosters not built; ids emitted as nulls
2026-08-18 05:50:28,620 INFO ncaa_identity: contest_id=1349428 teams 0/2158 matched, players 0/910 matched
2026-08-18 05:50:29,226 INFO ncaa_identity: contest_id=1349445 season=2010 league=wbb -- teams rosters not built; ids emitted as nulls
2026-08-18 05:50:29,230 INFO ncaa_identity: contest_id=1349445 teams 0/1788 matched, players 0/684 matched
2026-08-18 05:50:29,867 INFO ncaa_identity: contest_id=1349474 season=2010 league=wbb -- teams rosters not built; ids emitted as nulls
2026-08-18 05:50:29,869 INFO ncaa_identity: contest_id=1349474 teams 0/1890 matched, players 0/660 matched
2026-08-18 05:50:30,681 INFO ncaa_identity: contest_id=1349535 season=2010 league=wbb -- teams rosters not built; ids emitted as nulls
2026-08-18 05:50:30,683 INFO ncaa_identity: contest_id=1349535 teams 0/1790 matched, players 0/661 matched
2026-08-18 05:50:31,397 INFO ncaa_identity: contest_id=1349547 season=2010 league=wbb -- teams rosters not built; ids emitted as nulls
2026-08-18 05:50:31,401 INFO ncaa_identity: contest_id=1349547 teams 0/2267 matched, players 0/776 matched
2026-08-18 05:50:32,209 INFO ncaa_identity: contest_id=1349568 season=2010 league=wbb -- teams rosters not built; ids emitted as nulls
2026-08-18 05:50:32,213 INFO ncaa_identity: contest_id=1349568 teams 0/2338 matched, players 0/1004 matched
2026-08-18 05:50:33,090 INFO ncaa_identity: contest_id=1349601 season=2010 league=wbb -- teams rosters not built; ids emitted as nulls
2026-08-18 05:50:33,096 INFO ncaa_identity: contest_id=1349601 teams 0/1722 matched, players 0/667 matched
2026-08-18 05:50:33,936 INFO ncaa_identity: contest_id=1349613 season=2010 league=wbb -- teams rosters not built; ids emitted as nulls
2026-08-18 05:50:33,939 INFO ncaa_identity: contest_id=1349613 teams 0/2214 matched, players 0/830 matched
2026-08-18 05:50:34,863 INFO ncaa_identity: contest_id=1349670 season=2010 league=wbb -- teams rosters not built; ids emitted as nulls
2026-08-18 05:50:34,867 INFO ncaa_identity: contest_id=1349670 teams 0/2084 matched, players 0/783 matched
2026-08-18 05:50:35,521 INFO ncaa_identity: contest_id=1349715 season=2010 league=wbb -- teams rosters not built; ids emitted as nulls
2026-08-18 05:50:35,525 INFO ncaa_identity: contest_id=1349715 teams 0/1902 matched, players 0/663 matched
2026-08-18 05:50:36,017 INFO ncaa_identity: contest_id=1349749 season=2010 league=wbb -- teams rosters not built; ids emitted as nulls
2026-08-18 05:50:36,020 INFO ncaa_identity: contest_id=1349749 teams 0/1422 matched, players 0/373 matched
2026-08-18 05:50:36,923 INFO ncaa_identity: contest_id=1349796 season=2010 league=wbb -- teams rosters not built; ids emitted as nulls
2026-08-18 05:50:36,928 INFO ncaa_identity: contest_id=1349796 teams 0/2229 matched, players 0/919 matched
2026-08-18 05:50:37,676 INFO ncaa_identity: contest_id=1349863 season=2010 league=wbb -- teams rosters not built; ids emitted as nulls
2026-08-18 05:50:37,681 INFO ncaa_identity: contest_id=1349863 teams 0/1952 matched, players 0/684 matched
2026-08-18 05:50:38,490 INFO ncaa_identity: contest_id=1349902 season=2010 league=wbb -- teams rosters not built; ids emitted as nulls
2026-08-18 05:50:38,494 INFO ncaa_identity: contest_id=1349902 teams 0/2059 matched, players 0/769 matched
2026-08-18 05:50:39,194 INFO ncaa_identity: contest_id=1349947 season=2010 league=wbb -- teams rosters not built; ids emitted as nulls
2026-08-18 05:50:39,197 INFO ncaa_identity: contest_id=1349947 teams 0/1638 matched, players 0/492 matched
2026-08-18 05:50:39,785 INFO ncaa_identity: contest_id=1349969 season=2010 league=wbb -- teams rosters not built; ids emitted as nulls
2026-08-18 05:50:39,789 INFO ncaa_identity: contest_id=1349969 teams 0/1788 matched, players 0/645 matched
2026-08-18 05:50:40,522 INFO ncaa_identity: contest_id=1350005 season=2010 league=wbb -- teams rosters not built; ids emitted as nulls
2026-08-18 05:50:40,524 INFO ncaa_identity: contest_id=1350005 teams 0/1948 matched, players 0/786 matched
2026-08-18 05:50:41,346 INFO ncaa_identity: contest_id=1350049 season=2010 league=wbb -- teams rosters not built; ids emitted as nulls
2026-08-18 05:50:41,349 INFO ncaa_identity: contest_id=1350049 teams 0/1966 matched, players 0/703 matched
2026-08-18 05:50:41,965 INFO ncaa_identity: contest_id=1350088 season=2010 league=wbb -- teams rosters not built; ids emitted as nulls
2026-08-18 05:50:41,969 INFO ncaa_identity: contest_id=1350088 teams 0/1728 matched, players 0/598 matched
2026-08-18 05:50:42,610 INFO ncaa_identity: contest_id=1350130 season=2010 league=wbb -- teams rosters not built; ids emitted as nulls
2026-08-18 05:50:42,612 INFO ncaa_identity: contest_id=1350130 teams 0/2150 matched, players 0/729 matched
2026-08-18 05:50:43,418 INFO ncaa_identity: contest_id=1350175 season=2010 league=wbb -- teams rosters not built; ids emitted as nulls
2026-08-18 05:50:43,423 INFO ncaa_identity: contest_id=1350175 teams 0/2216 matched, players 0/882 matched
2026-08-18 05:50:44,088 INFO ncaa_identity: contest_id=1350244 season=2010 league=wbb -- teams rosters not built; ids emitted as nulls
2026-08-18 05:50:44,093 INFO ncaa_identity: contest_id=1350244 teams 0/2008 matched, players 0/918 matched
2026-08-18 05:50:44,933 INFO ncaa_identity: contest_id=1350283 season=2010 league=wbb -- teams rosters not built; ids emitted as nulls
2026-08-18 05:50:44,936 INFO ncaa_identity: contest_id=1350283 teams 0/2272 matched, players 0/804 matched
2026-08-18 05:50:45,528 INFO ncaa_identity: contest_id=1350308 season=2010 league=wbb -- teams rosters not built; ids emitted as nulls
2026-08-18 05:50:45,531 INFO ncaa_identity: contest_id=1350308 teams 0/1870 matched, players 0/667 matched
2026-08-18 05:50:46,208 INFO ncaa_identity: contest_id=1350335 season=2010 league=wbb -- teams rosters not built; ids emitted as nulls
2026-08-18 05:50:46,210 INFO ncaa_identity: contest_id=1350335 teams 0/1640 matched, players 0/588 matched
2026-08-18 05:50:46,980 INFO ncaa_identity: contest_id=1350396 season=2010 league=wbb -- teams rosters not built; ids emitted as nulls
2026-08-18 05:50:46,985 INFO ncaa_identity: contest_id=1350396 teams 0/2272 matched, players 0/1013 matched
2026-08-18 05:50:47,660 INFO ncaa_identity: contest_id=1350408 season=2010 league=wbb -- teams rosters not built; ids emitted as nulls
2026-08-18 05:50:47,663 INFO ncaa_identity: contest_id=1350408 teams 0/1978 matched, players 0/658 matched
2026-08-18 05:50:48,327 INFO ncaa_identity: contest_id=1350460 season=2010 league=wbb -- teams rosters not built; ids emitted as nulls
2026-08-18 05:50:48,332 INFO ncaa_identity: contest_id=1350460 teams 0/2096 matched, players 0/697 matched
2026-08-18 05:50:49,096 INFO ncaa_identity: contest_id=1350473 season=2010 league=wbb -- teams rosters not built; ids emitted as nulls
2026-08-18 05:50:49,099 INFO ncaa_identity: contest_id=1350473 teams 0/1959 matched, players 0/610 matched
2026-08-18 05:50:49,660 INFO ncaa_identity: contest_id=1350567 season=2010 league=wbb -- teams rosters not built; ids emitted as nulls
2026-08-18 05:50:49,664 INFO ncaa_identity: contest_id=1350567 teams 0/1884 matched, players 0/710 matched
2026-08-18 05:50:50,356 INFO ncaa_identity: contest_id=1350584 season=2010 league=wbb -- teams rosters not built; ids emitted as nulls
2026-08-18 05:50:50,361 INFO ncaa_identity: contest_id=1350584 teams 0/2068 matched, players 0/831 matched
2026-08-18 05:50:51,135 INFO ncaa_identity: contest_id=1350600 season=2010 league=wbb -- teams rosters not built; ids emitted as nulls
2026-08-18 05:50:51,137 INFO ncaa_identity: contest_id=1350600 teams 0/1874 matched, players 0/608 matched
2026-08-18 05:50:51,758 INFO ncaa_identity: contest_id=1350641 season=2010 league=wbb -- teams rosters not built; ids emitted as nulls
2026-08-18 05:50:51,761 INFO ncaa_identity: contest_id=1350641 teams 0/1886 matched, players 0/577 matched
2026-08-18 05:50:51,810 INFO 5 starters not found for period 1; using estimate
2026-08-18 05:50:51,810 INFO 5 starters not found for period 1; using estimate
2026-08-18 05:50:51,810 INFO 5 starters not found for period 2; using estimate
2026-08-18 05:50:51,810 INFO 5 starters not found for period 3; using estimate
2026-08-18 05:50:52,163 INFO ncaa_identity: contest_id=1350674 season=2010 league=wbb -- teams rosters not built; ids emitted as nulls
2026-08-18 05:50:52,170 INFO ncaa_identity: contest_id=1350674 teams 0/1752 matched, players 0/3883 matched
2026-08-18 05:50:52,982 INFO ncaa_identity: contest_id=1350727 season=2010 league=wbb -- teams rosters not built; ids emitted as nulls
2026-08-18 05:50:52,987 INFO ncaa_identity: contest_id=1350727 teams 0/2348 matched, players 0/991 matched
2026-08-18 05:50:53,619 INFO ncaa_identity: contest_id=1350779 season=2010 league=wbb -- teams rosters not built; ids emitted as nulls
2026-08-18 05:50:53,621 INFO ncaa_identity: contest_id=1350779 teams 0/1790 matched, players 0/603 matched
2026-08-18 05:50:54,409 INFO ncaa_identity: contest_id=1350831 season=2010 league=wbb -- teams rosters not built; ids emitted as nulls
2026-08-18 05:50:54,412 INFO ncaa_identity: contest_id=1350831 teams 0/2212 matched, players 0/813 matched
2026-08-18 05:50:55,220 INFO ncaa_identity: contest_id=1350872 season=2010 league=wbb -- teams rosters not built; ids emitted as nulls
2026-08-18 05:50:55,225 INFO ncaa_identity: contest_id=1350872 teams 0/2152 matched, players 0/846 matched
2026-08-18 05:50:55,287 INFO 5 starters not found for period 1; using estimate
2026-08-18 05:50:55,287 INFO 5 starters not found for period 1; using estimate
2026-08-18 05:50:55,288 INFO 5 starters not found for period 2; using estimate
2026-08-18 05:50:55,288 INFO 5 starters not found for period 2; using estimate
2026-08-18 05:50:55,776 INFO ncaa_identity: contest_id=1350937 season=2010 league=wbb -- teams rosters not built; ids emitted as nulls
2026-08-18 05:50:55,783 INFO ncaa_identity: contest_id=1350937 teams 0/1665 matched, players 0/2599 matched
2026-08-18 05:50:56,389 INFO ncaa_identity: contest_id=1350993 season=2010 league=wbb -- teams rosters not built; ids emitted as nulls
2026-08-18 05:50:56,391 INFO ncaa_identity: contest_id=1350993 teams 0/1816 matched, players 0/763 matched
2026-08-18 05:50:57,088 INFO ncaa_identity: contest_id=1351007 season=2010 league=wbb -- teams rosters not built; ids emitted as nulls
2026-08-18 05:50:57,091 INFO ncaa_identity: contest_id=1351007 teams 0/1899 matched, players 0/651 matched
2026-08-18 05:50:57,806 INFO ncaa_identity: contest_id=1351043 season=2010 league=wbb -- teams rosters not built; ids emitted as nulls
2026-08-18 05:50:57,809 INFO ncaa_identity: contest_id=1351043 teams 0/2042 matched, players 0/894 matched
2026-08-18 05:50:58,577 INFO ncaa_identity: contest_id=1351080 season=2010 league=wbb -- teams rosters not built; ids emitted as nulls
2026-08-18 05:50:58,583 INFO ncaa_identity: contest_id=1351080 teams 0/2610 matched, players 0/1123 matched
2026-08-18 05:50:59,349 INFO ncaa_identity: contest_id=1351103 season=2010 league=wbb -- teams rosters not built; ids emitted as nulls
2026-08-18 05:50:59,354 INFO ncaa_identity: contest_id=1351103 teams 0/2194 matched, players 0/914 matched
2026-08-18 05:50:59,967 INFO ncaa_identity: contest_id=1351164 season=2010 league=wbb -- teams rosters not built; ids emitted as nulls
2026-08-18 05:50:59,970 INFO ncaa_identity: contest_id=1351164 teams 0/2149 matched, players 0/866 matched
2026-08-18 05:51:00,989 INFO ncaa_identity: contest_id=1351248 season=2010 league=wbb -- teams rosters not built; ids emitted as nulls
2026-08-18 05:51:00,995 INFO ncaa_identity: contest_id=1351248 teams 0/2660 matched, players 0/959 matched
2026-08-18 05:51:01,646 INFO ncaa_identity: contest_id=1351266 season=2010 league=wbb -- teams rosters not built; ids emitted as nulls
2026-08-18 05:51:01,651 INFO ncaa_identity: contest_id=1351266 teams 0/2212 matched, players 0/877 matched
2026-08-18 05:51:02,245 INFO ncaa_identity: contest_id=1351279 season=2010 league=wbb -- teams rosters not built; ids emitted as nulls
2026-08-18 05:51:02,248 INFO ncaa_identity: contest_id=1351279 teams 0/1852 matched, players 0/732 matched
2026-08-18 05:51:03,132 INFO ncaa_identity: contest_id=1351302 season=2010 league=wbb -- teams rosters not built; ids emitted as nulls
2026-08-18 05:51:03,136 INFO ncaa_identity: contest_id=1351302 teams 0/2348 matched, players 0/1029 matched
2026-08-18 05:51:03,849 INFO ncaa_identity: contest_id=1351341 season=2010 league=wbb -- teams rosters not built; ids emitted as nulls
2026-08-18 05:51:03,854 INFO ncaa_identity: contest_id=1351341 teams 0/2124 matched, players 0/856 matched
2026-08-18 05:51:04,414 INFO ncaa_identity: contest_id=1351425 season=2010 league=wbb -- teams rosters not built; ids emitted as nulls
2026-08-18 05:51:04,416 INFO ncaa_identity: contest_id=1351425 teams 0/1680 matched, players 0/500 matched
2026-08-18 05:51:05,221 INFO ncaa_identity: contest_id=1351458 season=2010 league=wbb -- teams rosters not built; ids emitted as nulls
2026-08-18 05:51:05,225 INFO ncaa_identity: contest_id=1351458 teams 0/1838 matched, players 0/587 matched
2026-08-18 05:51:06,077 INFO ncaa_identity: contest_id=1351481 season=2010 league=wbb -- teams rosters not built; ids emitted as nulls
2026-08-18 05:51:06,082 INFO ncaa_identity: contest_id=1351481 teams 0/2528 matched, players 0/1022 matched
2026-08-18 05:51:06,890 INFO ncaa_identity: contest_id=1351493 season=2010 league=wbb -- teams rosters not built; ids emitted as nulls
2026-08-18 05:51:06,893 INFO ncaa_identity: contest_id=1351493 teams 0/2304 matched, players 0/823 matched
2026-08-18 05:51:07,466 INFO ncaa_identity: contest_id=1351548 season=2010 league=wbb -- teams rosters not built; ids emitted as nulls
2026-08-18 05:51:07,468 INFO ncaa_identity: contest_id=1351548 teams 0/1780 matched, players 0/546 matched
2026-08-18 05:51:08,114 INFO ncaa_identity: contest_id=1351656 season=2010 league=wbb -- teams rosters not built; ids emitted as nulls
2026-08-18 05:51:08,117 INFO ncaa_identity: contest_id=1351656 teams 0/2002 matched, players 0/811 matched
2026-08-18 05:51:08,906 INFO ncaa_identity: contest_id=1351671 season=2010 league=wbb -- teams rosters not built; ids emitted as nulls
2026-08-18 05:51:08,910 INFO ncaa_identity: contest_id=1351671 teams 0/2050 matched, players 0/836 matched
2026-08-18 05:51:09,710 INFO ncaa_identity: contest_id=1351686 season=2010 league=wbb -- teams rosters not built; ids emitted as nulls
2026-08-18 05:51:09,715 INFO ncaa_identity: contest_id=1351686 teams 0/2400 matched, players 0/967 matched
2026-08-18 05:51:10,592 INFO ncaa_identity: contest_id=1351718 season=2010 league=wbb -- teams rosters not built; ids emitted as nulls
2026-08-18 05:51:10,595 INFO ncaa_identity: contest_id=1351718 teams 0/2360 matched, players 0/950 matched
2026-08-18 05:51:11,271 INFO ncaa_identity: contest_id=1351731 season=2010 league=wbb -- teams rosters not built; ids emitted as nulls
2026-08-18 05:51:11,274 INFO ncaa_identity: contest_id=1351731 teams 0/2013 matched, players 0/858 matched
2026-08-18 05:51:11,896 INFO ncaa_identity: contest_id=1351744 season=2010 league=wbb -- teams rosters not built; ids emitted as nulls
2026-08-18 05:51:11,900 INFO ncaa_identity: contest_id=1351744 teams 0/1796 matched, players 0/736 matched
2026-08-18 05:51:12,483 INFO ncaa_identity: contest_id=1351846 season=2010 league=wbb -- teams rosters not built; ids emitted as nulls
2026-08-18 05:51:12,486 INFO ncaa_identity: contest_id=1351846 teams 0/1776 matched, players 0/568 matched
2026-08-18 05:51:13,375 INFO ncaa_identity: contest_id=1351932 season=2010 league=wbb -- teams rosters not built; ids emitted as nulls
2026-08-18 05:51:13,380 INFO ncaa_identity: contest_id=1351932 teams 0/2646 matched, players 0/1121 matched
2026-08-18 05:51:13,973 INFO ncaa_identity: contest_id=1351996 season=2010 league=wbb -- teams rosters not built; ids emitted as nulls
2026-08-18 05:51:13,975 INFO ncaa_identity: contest_id=1351996 teams 0/1660 matched, players 0/485 matched
2026-08-18 05:51:14,562 INFO ncaa_identity: contest_id=1352041 season=2010 league=wbb -- teams rosters not built; ids emitted as nulls
2026-08-18 05:51:14,565 INFO ncaa_identity: contest_id=1352041 teams 0/1842 matched, players 0/538 matched
2026-08-18 05:51:15,367 INFO ncaa_identity: contest_id=1352088 season=2010 league=wbb -- teams rosters not built; ids emitted as nulls
2026-08-18 05:51:15,371 INFO ncaa_identity: contest_id=1352088 teams 0/2024 matched, players 0/693 matched
2026-08-18 05:51:15,962 INFO ncaa_identity: contest_id=1352144 season=2010 league=wbb -- teams rosters not built; ids emitted as nulls
2026-08-18 05:51:15,964 INFO ncaa_identity: contest_id=1352144 teams 0/1746 matched, players 0/546 matched
2026-08-18 05:51:16,790 INFO ncaa_identity: contest_id=1352165 season=2010 league=wbb -- teams rosters not built; ids emitted as nulls
2026-08-18 05:51:16,793 INFO ncaa_identity: contest_id=1352165 teams 0/1882 matched, players 0/611 matched
2026-08-18 05:51:17,544 INFO ncaa_identity: contest_id=1352199 season=2010 league=wbb -- teams rosters not built; ids emitted as nulls
2026-08-18 05:51:17,548 INFO ncaa_identity: contest_id=1352199 teams 0/1776 matched, players 0/639 matched
2026-08-18 05:51:18,211 INFO ncaa_identity: contest_id=1352214 season=2010 league=wbb -- teams rosters not built; ids emitted as nulls
2026-08-18 05:51:18,216 INFO ncaa_identity: contest_id=1352214 teams 0/1858 matched, players 0/740 matched
2026-08-18 05:51:18,883 INFO ncaa_identity: contest_id=1352274 season=2010 league=wbb -- teams rosters not built; ids emitted as nulls
2026-08-18 05:51:18,886 INFO ncaa_identity: contest_id=1352274 teams 0/1566 matched, players 0/585 matched
2026-08-18 05:51:19,487 INFO ncaa_identity: contest_id=1352307 season=2010 league=wbb -- teams rosters not built; ids emitted as nulls
2026-08-18 05:51:19,489 INFO ncaa_identity: contest_id=1352307 teams 0/1936 matched, players 0/749 matched
2026-08-18 05:51:20,188 INFO ncaa_identity: contest_id=1352479 season=2010 league=wbb -- teams rosters not built; ids emitted as nulls
2026-08-18 05:51:20,191 INFO ncaa_identity: contest_id=1352479 teams 0/2410 matched, players 0/849 matched
2026-08-18 05:51:20,825 INFO ncaa_identity: contest_id=1352539 season=2010 league=wbb -- teams rosters not built; ids emitted as nulls
2026-08-18 05:51:20,828 INFO ncaa_identity: contest_id=1352539 teams 0/1446 matched, players 0/476 matched
2026-08-18 05:51:21,646 INFO ncaa_identity: contest_id=1352552 season=2010 league=wbb -- teams rosters not built; ids emitted as nulls
2026-08-18 05:51:21,649 INFO ncaa_identity: contest_id=1352552 teams 0/2439 matched, players 0/1025 matched
2026-08-18 05:51:22,393 INFO ncaa_identity: contest_id=1352578 season=2010 league=wbb -- teams rosters not built; ids emitted as nulls
2026-08-18 05:51:22,399 INFO ncaa_identity: contest_id=1352578 teams 0/2660 matched, players 0/1046 matched
2026-08-18 05:51:23,172 INFO ncaa_identity: contest_id=1352603 season=2010 league=wbb -- teams rosters not built; ids emitted as nulls
2026-08-18 05:51:23,176 INFO ncaa_identity: contest_id=1352603 teams 0/1970 matched, players 0/693 matched
2026-08-18 05:51:23,797 INFO ncaa_identity: contest_id=1352617 season=2010 league=wbb -- teams rosters not built; ids emitted as nulls
2026-08-18 05:51:23,802 INFO ncaa_identity: contest_id=1352617 teams 0/2168 matched, players 0/815 matched
2026-08-18 05:51:24,671 INFO ncaa_identity: contest_id=1352658 season=2010 league=wbb -- teams rosters not built; ids emitted as nulls
2026-08-18 05:51:24,674 INFO ncaa_identity: contest_id=1352658 teams 0/1970 matched, players 0/798 matched
2026-08-18 05:51:25,401 INFO ncaa_identity: contest_id=1352670 season=2010 league=wbb -- teams rosters not built; ids emitted as nulls
2026-08-18 05:51:25,405 INFO ncaa_identity: contest_id=1352670 teams 0/1786 matched, players 0/645 matched
2026-08-18 05:51:26,101 INFO ncaa_identity: contest_id=1352688 season=2010 league=wbb -- teams rosters not built; ids emitted as nulls
2026-08-18 05:51:26,105 INFO ncaa_identity: contest_id=1352688 teams 0/1842 matched, players 0/667 matched
2026-08-18 05:51:26,809 INFO ncaa_identity: contest_id=1352777 season=2010 league=wbb -- teams rosters not built; ids emitted as nulls
2026-08-18 05:51:26,811 INFO ncaa_identity: contest_id=1352777 teams 0/1786 matched, players 0/625 matched
2026-08-18 05:51:27,585 INFO ncaa_identity: contest_id=1352791 season=2010 league=wbb -- teams rosters not built; ids emitted as nulls
2026-08-18 05:51:27,591 INFO ncaa_identity: contest_id=1352791 teams 0/2506 matched, players 0/982 matched
2026-08-18 05:51:28,167 INFO ncaa_identity: contest_id=1352812 season=2010 league=wbb -- teams rosters not built; ids emitted as nulls
2026-08-18 05:51:28,169 INFO ncaa_identity: contest_id=1352812 teams 0/1740 matched, players 0/537 matched
2026-08-18 05:51:29,022 INFO ncaa_identity: contest_id=1352826 season=2010 league=wbb -- teams rosters not built; ids emitted as nulls
2026-08-18 05:51:29,026 INFO ncaa_identity: contest_id=1352826 teams 0/1898 matched, players 0/737 matched
2026-08-18 05:51:29,766 INFO ncaa_identity: contest_id=1352858 season=2010 league=wbb -- teams rosters not built; ids emitted as nulls
2026-08-18 05:51:29,770 INFO ncaa_identity: contest_id=1352858 teams 0/2058 matched, players 0/801 matched
2026-08-18 05:51:30,348 INFO ncaa_identity: contest_id=1352886 season=2010 league=wbb -- teams rosters not built; ids emitted as nulls
2026-08-18 05:51:30,350 INFO ncaa_identity: contest_id=1352886 teams 0/1862 matched, players 0/569 matched
2026-08-18 05:51:31,065 INFO ncaa_identity: contest_id=1352997 season=2010 league=wbb -- teams rosters not built; ids emitted as nulls
2026-08-18 05:51:31,069 INFO ncaa_identity: contest_id=1352997 teams 0/1780 matched, players 0/524 matched
2026-08-18 05:51:31,664 INFO ncaa_identity: contest_id=1353058 season=2010 league=wbb -- teams rosters not built; ids emitted as nulls
2026-08-18 05:51:31,666 INFO ncaa_identity: contest_id=1353058 teams 0/1592 matched, players 0/596 matched
2026-08-18 05:51:31,731 INFO 5 starters not found for period 1; using estimate
2026-08-18 05:51:31,732 INFO 5 starters not found for period 1; using estimate
2026-08-18 05:51:31,732 INFO 5 starters not found for period 2; using estimate
2026-08-18 05:51:31,732 INFO 5 starters not found for period 2; using estimate
2026-08-18 05:51:32,295 INFO ncaa_identity: contest_id=1353107 season=2010 league=wbb -- teams rosters not built; ids emitted as nulls
2026-08-18 05:51:32,302 INFO ncaa_identity: contest_id=1353107 teams 0/1867 matched, players 0/2847 matched
2026-08-18 05:51:32,969 INFO ncaa_identity: contest_id=1353123 season=2010 league=wbb -- teams rosters not built; ids emitted as nulls
2026-08-18 05:51:32,972 INFO ncaa_identity: contest_id=1353123 teams 0/1450 matched, players 0/399 matched
2026-08-18 05:51:33,636 INFO ncaa_identity: contest_id=1353140 season=2010 league=wbb -- teams rosters not built; ids emitted as nulls
2026-08-18 05:51:33,640 INFO ncaa_identity: contest_id=1353140 teams 0/2076 matched, players 0/701 matched
2026-08-18 05:51:34,267 INFO ncaa_identity: contest_id=1353194 season=2010 league=wbb -- teams rosters not built; ids emitted as nulls
2026-08-18 05:51:34,270 INFO ncaa_identity: contest_id=1353194 teams 0/1945 matched, players 0/574 matched
2026-08-18 05:51:35,070 INFO ncaa_identity: contest_id=1353206 season=2010 league=wbb -- teams rosters not built; ids emitted as nulls
2026-08-18 05:51:35,075 INFO ncaa_identity: contest_id=1353206 teams 0/2134 matched, players 0/790 matched
2026-08-18 05:51:35,749 INFO ncaa_identity: contest_id=1353234 season=2010 league=wbb -- teams rosters not built; ids emitted as nulls
2026-08-18 05:51:35,752 INFO ncaa_identity: contest_id=1353234 teams 0/2124 matched, players 0/849 matched
2026-08-18 05:51:36,465 INFO ncaa_identity: contest_id=1353262 season=2010 league=wbb -- teams rosters not built; ids emitted as nulls
2026-08-18 05:51:36,470 INFO ncaa_identity: contest_id=1353262 teams 0/2072 matched, players 0/630 matched
2026-08-18 05:51:37,286 INFO ncaa_identity: contest_id=1353312 season=2010 league=wbb -- teams rosters not built; ids emitted as nulls
2026-08-18 05:51:37,291 INFO ncaa_identity: contest_id=1353312 teams 0/2214 matched, players 0/873 matched
2026-08-18 05:51:38,079 INFO ncaa_identity: contest_id=1353402 season=2010 league=wbb -- teams rosters not built; ids emitted as nulls
2026-08-18 05:51:38,082 INFO ncaa_identity: contest_id=1353402 teams 0/2396 matched, players 0/910 matched
2026-08-18 05:51:38,726 INFO ncaa_identity: contest_id=1353460 season=2010 league=wbb -- teams rosters not built; ids emitted as nulls
2026-08-18 05:51:38,727 INFO ncaa_identity: contest_id=1353460 teams 0/1470 matched, players 0/488 matched
2026-08-18 05:51:39,354 INFO ncaa_identity: contest_id=1353481 season=2010 league=wbb -- teams rosters not built; ids emitted as nulls
2026-08-18 05:51:39,359 INFO ncaa_identity: contest_id=1353481 teams 0/2080 matched, players 0/709 matched
2026-08-18 05:51:39,924 INFO ncaa_identity: contest_id=1353493 season=2010 league=wbb -- teams rosters not built; ids emitted as nulls
2026-08-18 05:51:39,928 INFO ncaa_identity: contest_id=1353493 teams 0/1843 matched, players 0/564 matched
2026-08-18 05:51:40,736 INFO ncaa_identity: contest_id=1353520 season=2010 league=wbb -- teams rosters not built; ids emitted as nulls
2026-08-18 05:51:40,741 INFO ncaa_identity: contest_id=1353520 teams 0/1986 matched, players 0/831 matched
2026-08-18 05:51:41,415 INFO ncaa_identity: contest_id=1353583 season=2010 league=wbb -- teams rosters not built; ids emitted as nulls
2026-08-18 05:51:41,417 INFO ncaa_identity: contest_id=1353583 teams 0/1752 matched, players 0/613 matched
2026-08-18 05:51:41,969 INFO ncaa_identity: contest_id=1353628 season=2010 league=wbb -- teams rosters not built; ids emitted as nulls
2026-08-18 05:51:41,972 INFO ncaa_identity: contest_id=1353628 teams 0/1817 matched, players 0/551 matched
2026-08-18 05:51:42,666 INFO ncaa_identity: contest_id=1353664 season=2010 league=wbb -- teams rosters not built; ids emitted as nulls
2026-08-18 05:51:42,670 INFO ncaa_identity: contest_id=1353664 teams 0/1860 matched, players 0/571 matched
2026-08-18 05:51:43,202 INFO ncaa_identity: contest_id=1353686 season=2010 league=wbb -- teams rosters not built; ids emitted as nulls
2026-08-18 05:51:43,205 INFO ncaa_identity: contest_id=1353686 teams 0/1622 matched, players 0/481 matched
2026-08-18 05:51:43,821 INFO ncaa_identity: contest_id=1353720 season=2010 league=wbb -- teams rosters not built; ids emitted as nulls
2026-08-18 05:51:43,824 INFO ncaa_identity: contest_id=1353720 teams 0/1962 matched, players 0/639 matched
2026-08-18 05:51:44,589 INFO ncaa_identity: contest_id=1353762 season=2010 league=wbb -- teams rosters not built; ids emitted as nulls
2026-08-18 05:51:44,592 INFO ncaa_identity: contest_id=1353762 teams 0/1690 matched, players 0/670 matched
2026-08-18 05:51:45,120 INFO ncaa_identity: contest_id=1353843 season=2010 league=wbb -- teams rosters not built; ids emitted as nulls
2026-08-18 05:51:45,122 INFO ncaa_identity: contest_id=1353843 teams 0/1664 matched, players 0/537 matched
2026-08-18 05:51:45,870 INFO ncaa_identity: contest_id=1353863 season=2010 league=wbb -- teams rosters not built; ids emitted as nulls
2026-08-18 05:51:45,872 INFO ncaa_identity: contest_id=1353863 teams 0/1886 matched, players 0/630 matched
2026-08-18 05:51:46,690 INFO ncaa_identity: contest_id=1353875 season=2010 league=wbb -- teams rosters not built; ids emitted as nulls
2026-08-18 05:51:46,695 INFO ncaa_identity: contest_id=1353875 teams 0/2150 matched, players 0/836 matched
2026-08-18 05:51:47,345 INFO ncaa_identity: contest_id=1353904 season=2010 league=wbb -- teams rosters not built; ids emitted as nulls
2026-08-18 05:51:47,349 INFO ncaa_identity: contest_id=1353904 teams 0/2010 matched, players 0/735 matched
2026-08-18 05:51:47,966 INFO ncaa_identity: contest_id=1353955 season=2010 league=wbb -- teams rosters not built; ids emitted as nulls
2026-08-18 05:51:47,968 INFO ncaa_identity: contest_id=1353955 teams 0/1856 matched, players 0/652 matched
2026-08-18 05:51:48,801 INFO ncaa_identity: contest_id=1354007 season=2010 league=wbb -- teams rosters not built; ids emitted as nulls
2026-08-18 05:51:48,804 INFO ncaa_identity: contest_id=1354007 teams 0/1804 matched, players 0/752 matched
2026-08-18 05:51:49,503 INFO ncaa_identity: contest_id=1354048 season=2010 league=wbb -- teams rosters not built; ids emitted as nulls
2026-08-18 05:51:49,507 INFO ncaa_identity: contest_id=1354048 teams 0/1966 matched, players 0/625 matched
2026-08-18 05:51:50,121 INFO ncaa_identity: contest_id=1354196 season=2010 league=wbb -- teams rosters not built; ids emitted as nulls
2026-08-18 05:51:50,125 INFO ncaa_identity: contest_id=1354196 teams 0/1796 matched, players 0/503 matched
2026-08-18 05:51:50,767 INFO ncaa_identity: contest_id=1354208 season=2010 league=wbb -- teams rosters not built; ids emitted as nulls
2026-08-18 05:51:50,770 INFO ncaa_identity: contest_id=1354208 teams 0/1836 matched, players 0/708 matched
2026-08-18 05:51:51,508 INFO ncaa_identity: contest_id=1354227 season=2010 league=wbb -- teams rosters not built; ids emitted as nulls
2026-08-18 05:51:51,510 INFO ncaa_identity: contest_id=1354227 teams 0/1644 matched, players 0/446 matched
2026-08-18 05:51:52,191 INFO ncaa_identity: contest_id=1354283 season=2010 league=wbb -- teams rosters not built; ids emitted as nulls
2026-08-18 05:51:52,193 INFO ncaa_identity: contest_id=1354283 teams 0/2036 matched, players 0/766 matched
2026-08-18 05:51:52,878 INFO ncaa_identity: contest_id=1354346 season=2010 league=wbb -- teams rosters not built; ids emitted as nulls
2026-08-18 05:51:52,882 INFO ncaa_identity: contest_id=1354346 teams 0/2144 matched, players 0/796 matched
2026-08-18 05:51:53,601 INFO ncaa_identity: contest_id=1354371 season=2010 league=wbb -- teams rosters not built; ids emitted as nulls
2026-08-18 05:51:53,605 INFO ncaa_identity: contest_id=1354371 teams 0/1592 matched, players 0/569 matched
2026-08-18 05:51:54,312 INFO ncaa_identity: contest_id=1354383 season=2010 league=wbb -- teams rosters not built; ids emitted as nulls
2026-08-18 05:51:54,314 INFO ncaa_identity: contest_id=1354383 teams 0/2242 matched, players 0/823 matched
2026-08-18 05:51:55,097 INFO ncaa_identity: contest_id=1354419 season=2010 league=wbb -- teams rosters not built; ids emitted as nulls
2026-08-18 05:51:55,100 INFO ncaa_identity: contest_id=1354419 teams 0/1976 matched, players 0/721 matched
2026-08-18 05:51:55,915 INFO ncaa_identity: contest_id=1354469 season=2010 league=wbb -- teams rosters not built; ids emitted as nulls
2026-08-18 05:51:55,920 INFO ncaa_identity: contest_id=1354469 teams 0/2299 matched, players 0/881 matched
2026-08-18 05:51:56,824 INFO ncaa_identity: contest_id=1354515 season=2010 league=wbb -- teams rosters not built; ids emitted as nulls
2026-08-18 05:51:56,829 INFO ncaa_identity: contest_id=1354515 teams 0/2270 matched, players 0/848 matched
2026-08-18 05:51:57,576 INFO ncaa_identity: contest_id=1354536 season=2010 league=wbb -- teams rosters not built; ids emitted as nulls
2026-08-18 05:51:57,581 INFO ncaa_identity: contest_id=1354536 teams 0/1800 matched, players 0/706 matched
2026-08-18 05:51:58,227 INFO ncaa_identity: contest_id=1354549 season=2010 league=wbb -- teams rosters not built; ids emitted as nulls
2026-08-18 05:51:58,231 INFO ncaa_identity: contest_id=1354549 teams 0/1572 matched, players 0/552 matched
2026-08-18 05:51:58,996 INFO ncaa_identity: contest_id=1354580 season=2010 league=wbb -- teams rosters not built; ids emitted as nulls
2026-08-18 05:51:59,000 INFO ncaa_identity: contest_id=1354580 teams 0/2038 matched, players 0/817 matched
2026-08-18 05:51:59,870 INFO ncaa_identity: contest_id=1354603 season=2010 league=wbb -- teams rosters not built; ids emitted as nulls
2026-08-18 05:51:59,873 INFO ncaa_identity: contest_id=1354603 teams 0/2140 matched, players 0/737 matched
2026-08-18 05:52:00,522 INFO ncaa_identity: contest_id=1354616 season=2010 league=wbb -- teams rosters not built; ids emitted as nulls
2026-08-18 05:52:00,526 INFO ncaa_identity: contest_id=1354616 teams 0/1812 matched, players 0/540 matched
2026-08-18 05:52:01,533 INFO ncaa_identity: contest_id=1354661 season=2010 league=wbb -- teams rosters not built; ids emitted as nulls
2026-08-18 05:52:01,536 INFO ncaa_identity: contest_id=1354661 teams 0/2076 matched, players 0/791 matched
2026-08-18 05:52:02,405 INFO ncaa_identity: contest_id=1354689 season=2010 league=wbb -- teams rosters not built; ids emitted as nulls
2026-08-18 05:52:02,410 INFO ncaa_identity: contest_id=1354689 teams 0/2304 matched, players 0/993 matched
2026-08-18 05:52:03,040 INFO ncaa_identity: contest_id=1354739 season=2010 league=wbb -- teams rosters not built; ids emitted as nulls
2026-08-18 05:52:03,042 INFO ncaa_identity: contest_id=1354739 teams 0/1734 matched, players 0/569 matched
2026-08-18 05:52:03,912 INFO ncaa_identity: contest_id=1354860 season=2010 league=wbb -- teams rosters not built; ids emitted as nulls
2026-08-18 05:52:03,915 INFO ncaa_identity: contest_id=1354860 teams 0/2221 matched, players 0/826 matched
2026-08-18 05:52:04,637 INFO ncaa_identity: contest_id=1354879 season=2010 league=wbb -- teams rosters not built; ids emitted as nulls
2026-08-18 05:52:04,640 INFO ncaa_identity: contest_id=1354879 teams 0/2092 matched, players 0/833 matched
2026-08-18 05:52:05,568 INFO ncaa_identity: contest_id=1354891 season=2010 league=wbb -- teams rosters not built; ids emitted as nulls
2026-08-18 05:52:05,573 INFO ncaa_identity: contest_id=1354891 teams 0/2180 matched, players 0/905 matched
2026-08-18 05:52:06,867 INFO ncaa_identity: contest_id=1354927 season=2010 league=wbb -- teams rosters not built; ids emitted as nulls
2026-08-18 05:52:06,880 INFO ncaa_identity: contest_id=1354927 teams 0/1920 matched, players 0/740 matched
2026-08-18 05:52:07,784 INFO ncaa_identity: contest_id=1354940 season=2010 league=wbb -- teams rosters not built; ids emitted as nulls
2026-08-18 05:52:07,788 INFO ncaa_identity: contest_id=1354940 teams 0/1795 matched, players 0/671 matched
2026-08-18 05:52:08,585 INFO ncaa_identity: contest_id=1354954 season=2010 league=wbb -- teams rosters not built; ids emitted as nulls
2026-08-18 05:52:08,588 INFO ncaa_identity: contest_id=1354954 teams 0/1602 matched, players 0/418 matched
2026-08-18 05:52:09,405 INFO ncaa_identity: contest_id=1355019 season=2010 league=wbb -- teams rosters not built; ids emitted as nulls
2026-08-18 05:52:09,409 INFO ncaa_identity: contest_id=1355019 teams 0/1944 matched, players 0/743 matched
2026-08-18 05:52:10,199 INFO ncaa_identity: contest_id=1355111 season=2010 league=wbb -- teams rosters not built; ids emitted as nulls
2026-08-18 05:52:10,201 INFO ncaa_identity: contest_id=1355111 teams 0/1776 matched, players 0/637 matched
2026-08-18 05:52:11,088 INFO ncaa_identity: contest_id=1355125 season=2010 league=wbb -- teams rosters not built; ids emitted as nulls
2026-08-18 05:52:11,091 INFO ncaa_identity: contest_id=1355125 teams 0/1548 matched, players 0/596 matched
2026-08-18 05:52:11,848 INFO ncaa_identity: contest_id=1355137 season=2010 league=wbb -- teams rosters not built; ids emitted as nulls
2026-08-18 05:52:11,852 INFO ncaa_identity: contest_id=1355137 teams 0/2084 matched, players 0/714 matched
2026-08-18 05:52:12,694 INFO ncaa_identity: contest_id=1355151 season=2010 league=wbb -- teams rosters not built; ids emitted as nulls
2026-08-18 05:52:12,697 INFO ncaa_identity: contest_id=1355151 teams 0/2100 matched, players 0/741 matched
2026-08-18 05:52:13,817 INFO ncaa_identity: contest_id=1355230 season=2010 league=wbb -- teams rosters not built; ids emitted as nulls
2026-08-18 05:52:13,820 INFO ncaa_identity: contest_id=1355230 teams 0/2104 matched, players 0/762 matched
2026-08-18 05:52:14,632 INFO ncaa_identity: contest_id=1355252 season=2010 league=wbb -- teams rosters not built; ids emitted as nulls
2026-08-18 05:52:14,634 INFO ncaa_identity: contest_id=1355252 teams 0/1764 matched, players 0/600 matched
2026-08-18 05:52:15,331 INFO ncaa_identity: contest_id=1355265 season=2010 league=wbb -- teams rosters not built; ids emitted as nulls
2026-08-18 05:52:15,334 INFO ncaa_identity: contest_id=1355265 teams 0/1856 matched, players 0/702 matched
2026-08-18 05:52:16,091 INFO ncaa_identity: contest_id=1355277 season=2010 league=wbb -- teams rosters not built; ids emitted as nulls
2026-08-18 05:52:16,095 INFO ncaa_identity: contest_id=1355277 teams 0/2002 matched, players 0/861 matched
2026-08-18 05:52:16,699 INFO ncaa_identity: contest_id=1355289 season=2010 league=wbb -- teams rosters not built; ids emitted as nulls
2026-08-18 05:52:16,703 INFO ncaa_identity: contest_id=1355289 teams 0/1776 matched, players 0/721 matched
2026-08-18 05:52:17,461 INFO ncaa_identity: contest_id=1355415 season=2010 league=wbb -- teams rosters not built; ids emitted as nulls
2026-08-18 05:52:17,464 INFO ncaa_identity: contest_id=1355415 teams 0/2382 matched, players 0/934 matched
2026-08-18 05:52:18,327 INFO ncaa_identity: contest_id=1355512 season=2010 league=wbb -- teams rosters not built; ids emitted as nulls
2026-08-18 05:52:18,329 INFO ncaa_identity: contest_id=1355512 teams 0/2062 matched, players 0/728 matched
2026-08-18 05:52:19,014 INFO ncaa_identity: contest_id=1355533 season=2010 league=wbb -- teams rosters not built; ids emitted as nulls
2026-08-18 05:52:19,017 INFO ncaa_identity: contest_id=1355533 teams 0/1966 matched, players 0/750 matched
2026-08-18 05:52:20,095 INFO ncaa_identity: contest_id=1355546 season=2010 league=wbb -- teams rosters not built; ids emitted as nulls
2026-08-18 05:52:20,101 INFO ncaa_identity: contest_id=1355546 teams 0/2564 matched, players 0/1102 matched
2026-08-18 05:52:20,696 INFO ncaa_identity: contest_id=1355560 season=2010 league=wbb -- teams rosters not built; ids emitted as nulls
2026-08-18 05:52:20,698 INFO ncaa_identity: contest_id=1355560 teams 0/1233 matched, players 0/323 matched
2026-08-18 05:52:21,342 INFO ncaa_identity: contest_id=1355590 season=2010 league=wbb -- teams rosters not built; ids emitted as nulls
2026-08-18 05:52:21,344 INFO ncaa_identity: contest_id=1355590 teams 0/1592 matched, players 0/604 matched
2026-08-18 05:52:22,007 INFO ncaa_identity: contest_id=1355605 season=2010 league=wbb -- teams rosters not built; ids emitted as nulls
2026-08-18 05:52:22,010 INFO ncaa_identity: contest_id=1355605 teams 0/1880 matched, players 0/640 matched
2026-08-18 05:52:22,754 INFO ncaa_identity: contest_id=1355636 season=2010 league=wbb -- teams rosters not built; ids emitted as nulls
2026-08-18 05:52:22,758 INFO ncaa_identity: contest_id=1355636 teams 0/1656 matched, players 0/666 matched
2026-08-18 05:52:23,531 INFO ncaa_identity: contest_id=1355721 season=2010 league=wbb -- teams rosters not built; ids emitted as nulls
2026-08-18 05:52:23,535 INFO ncaa_identity: contest_id=1355721 teams 0/1966 matched, players 0/731 matched
2026-08-18 05:52:24,486 INFO ncaa_identity: contest_id=1355808 season=2010 league=wbb -- teams rosters not built; ids emitted as nulls
2026-08-18 05:52:24,491 INFO ncaa_identity: contest_id=1355808 teams 0/2293 matched, players 0/834 matched
2026-08-18 05:52:25,665 INFO ncaa_identity: contest_id=1355899 season=2010 league=wbb -- teams rosters not built; ids emitted as nulls
2026-08-18 05:52:25,670 INFO ncaa_identity: contest_id=1355899 teams 0/1940 matched, players 0/711 matched
2026-08-18 05:52:26,822 INFO ncaa_identity: contest_id=1355932 season=2010 league=wbb -- teams rosters not built; ids emitted as nulls
2026-08-18 05:52:26,828 INFO ncaa_identity: contest_id=1355932 teams 0/2078 matched, players 0/673 matched
2026-08-18 05:52:28,269 INFO ncaa_identity: contest_id=1355956 season=2010 league=wbb -- teams rosters not built; ids emitted as nulls
2026-08-18 05:52:28,272 INFO ncaa_identity: contest_id=1355956 teams 0/1794 matched, players 0/563 matched
2026-08-18 05:52:29,444 INFO ncaa_identity: contest_id=1355980 season=2010 league=wbb -- teams rosters not built; ids emitted as nulls
2026-08-18 05:52:29,448 INFO ncaa_identity: contest_id=1355980 teams 0/1826 matched, players 0/741 matched
2026-08-18 05:52:30,338 INFO ncaa_identity: contest_id=1355994 season=2010 league=wbb -- teams rosters not built; ids emitted as nulls
2026-08-18 05:52:30,342 INFO ncaa_identity: contest_id=1355994 teams 0/1836 matched, players 0/688 matched
2026-08-18 05:52:31,503 INFO ncaa_identity: contest_id=1356009 season=2010 league=wbb -- teams rosters not built; ids emitted as nulls
2026-08-18 05:52:31,509 INFO ncaa_identity: contest_id=1356009 teams 0/2387 matched, players 0/829 matched
2026-08-18 05:52:32,295 INFO ncaa_identity: contest_id=1356050 season=2010 league=wbb -- teams rosters not built; ids emitted as nulls
2026-08-18 05:52:32,299 INFO ncaa_identity: contest_id=1356050 teams 0/2218 matched, players 0/877 matched
2026-08-18 05:52:33,118 INFO ncaa_identity: contest_id=1356112 season=2010 league=wbb -- teams rosters not built; ids emitted as nulls
2026-08-18 05:52:33,120 INFO ncaa_identity: contest_id=1356112 teams 0/2014 matched, players 0/755 matched
2026-08-18 05:52:33,915 INFO ncaa_identity: contest_id=1356199 season=2010 league=wbb -- teams rosters not built; ids emitted as nulls
2026-08-18 05:52:33,917 INFO ncaa_identity: contest_id=1356199 teams 0/1840 matched, players 0/676 matched
2026-08-18 05:52:34,611 INFO ncaa_identity: contest_id=1356272 season=2010 league=wbb -- teams rosters not built; ids emitted as nulls
2026-08-18 05:52:34,614 INFO ncaa_identity: contest_id=1356272 teams 0/1784 matched, players 0/613 matched
2026-08-18 05:52:35,613 INFO ncaa_identity: contest_id=1356336 season=2010 league=wbb -- teams rosters not built; ids emitted as nulls
2026-08-18 05:52:35,616 INFO ncaa_identity: contest_id=1356336 teams 0/2418 matched, players 0/966 matched
2026-08-18 05:52:36,497 INFO ncaa_identity: contest_id=1356367 season=2010 league=wbb -- teams rosters not built; ids emitted as nulls
2026-08-18 05:52:36,501 INFO ncaa_identity: contest_id=1356367 teams 0/1713 matched, players 0/553 matched
2026-08-18 05:52:37,393 INFO ncaa_identity: contest_id=1356385 season=2010 league=wbb -- teams rosters not built; ids emitted as nulls
2026-08-18 05:52:37,397 INFO ncaa_identity: contest_id=1356385 teams 0/1952 matched, players 0/721 matched
2026-08-18 05:52:38,240 INFO ncaa_identity: contest_id=1356415 season=2010 league=wbb -- teams rosters not built; ids emitted as nulls
2026-08-18 05:52:38,243 INFO ncaa_identity: contest_id=1356415 teams 0/2012 matched, players 0/707 matched
2026-08-18 05:52:39,063 INFO ncaa_identity: contest_id=1356443 season=2010 league=wbb -- teams rosters not built; ids emitted as nulls
2026-08-18 05:52:39,066 INFO ncaa_identity: contest_id=1356443 teams 0/1958 matched, players 0/712 matched
2026-08-18 05:52:39,552 INFO ncaa_identity: contest_id=1356492 season=2010 league=wbb -- teams rosters not built; ids emitted as nulls
2026-08-18 05:52:39,556 INFO ncaa_identity: contest_id=1356492 teams 0/2080 matched, players 0/627 matched
2026-08-18 05:52:40,401 INFO ncaa_identity: contest_id=1356538 season=2010 league=wbb -- teams rosters not built; ids emitted as nulls
2026-08-18 05:52:40,405 INFO ncaa_identity: contest_id=1356538 teams 0/1722 matched, players 0/549 matched
2026-08-18 05:52:41,045 INFO ncaa_identity: contest_id=1356636 season=2010 league=wbb -- teams rosters not built; ids emitted as nulls
2026-08-18 05:52:41,048 INFO ncaa_identity: contest_id=1356636 teams 0/1977 matched, players 0/731 matched
2026-08-18 05:52:41,839 INFO ncaa_identity: contest_id=1356656 season=2010 league=wbb -- teams rosters not built; ids emitted as nulls
2026-08-18 05:52:41,841 INFO ncaa_identity: contest_id=1356656 teams 0/2128 matched, players 0/875 matched
2026-08-18 05:52:42,724 INFO ncaa_identity: contest_id=1356675 season=2010 league=wbb -- teams rosters not built; ids emitted as nulls
2026-08-18 05:52:42,729 INFO ncaa_identity: contest_id=1356675 teams 0/2012 matched, players 0/834 matched
2026-08-18 05:52:43,887 INFO ncaa_identity: contest_id=1356791 season=2010 league=wbb -- teams rosters not built; ids emitted as nulls
2026-08-18 05:52:43,890 INFO ncaa_identity: contest_id=1356791 teams 0/2482 matched, players 0/844 matched
2026-08-18 05:52:44,587 INFO ncaa_identity: contest_id=1356816 season=2010 league=wbb -- teams rosters not built; ids emitted as nulls
2026-08-18 05:52:44,592 INFO ncaa_identity: contest_id=1356816 teams 0/1808 matched, players 0/717 matched
2026-08-18 05:52:45,458 INFO ncaa_identity: contest_id=1356904 season=2010 league=wbb -- teams rosters not built; ids emitted as nulls
2026-08-18 05:52:45,461 INFO ncaa_identity: contest_id=1356904 teams 0/1886 matched, players 0/723 matched
2026-08-18 05:52:46,100 INFO ncaa_identity: contest_id=1356931 season=2010 league=wbb -- teams rosters not built; ids emitted as nulls
2026-08-18 05:52:46,104 INFO ncaa_identity: contest_id=1356931 teams 0/1534 matched, players 0/592 matched
2026-08-18 05:52:46,956 INFO ncaa_identity: contest_id=1356951 season=2010 league=wbb -- teams rosters not built; ids emitted as nulls
2026-08-18 05:52:46,961 INFO ncaa_identity: contest_id=1356951 teams 0/2112 matched, players 0/784 matched
2026-08-18 05:52:48,271 INFO ncaa_identity: contest_id=1356968 season=2010 league=wbb -- teams rosters not built; ids emitted as nulls
2026-08-18 05:52:48,275 INFO ncaa_identity: contest_id=1356968 teams 0/2546 matched, players 0/900 matched
2026-08-18 05:52:49,059 INFO ncaa_identity: contest_id=1356980 season=2010 league=wbb -- teams rosters not built; ids emitted as nulls
2026-08-18 05:52:49,065 INFO ncaa_identity: contest_id=1356980 teams 0/2195 matched, players 0/891 matched
2026-08-18 05:52:49,988 INFO ncaa_identity: contest_id=1357013 season=2010 league=wbb -- teams rosters not built; ids emitted as nulls
2026-08-18 05:52:49,991 INFO ncaa_identity: contest_id=1357013 teams 0/2064 matched, players 0/778 matched
2026-08-18 05:52:50,816 INFO ncaa_identity: contest_id=1357028 season=2010 league=wbb -- teams rosters not built; ids emitted as nulls
2026-08-18 05:52:50,820 INFO ncaa_identity: contest_id=1357028 teams 0/1766 matched, players 0/702 matched
2026-08-18 05:52:51,666 INFO ncaa_identity: contest_id=1357053 season=2010 league=wbb -- teams rosters not built; ids emitted as nulls
2026-08-18 05:52:51,671 INFO ncaa_identity: contest_id=1357053 teams 0/2156 matched, players 0/739 matched
2026-08-18 05:52:52,605 INFO ncaa_identity: contest_id=1357074 season=2010 league=wbb -- teams rosters not built; ids emitted as nulls
2026-08-18 05:52:52,608 INFO ncaa_identity: contest_id=1357074 teams 0/1942 matched, players 0/726 matched
2026-08-18 05:52:54,049 INFO ncaa_identity: contest_id=1357087 season=2010 league=wbb -- teams rosters not built; ids emitted as nulls
2026-08-18 05:52:54,054 INFO ncaa_identity: contest_id=1357087 teams 0/2366 matched, players 0/1017 matched
2026-08-18 05:52:55,868 INFO ncaa_identity: contest_id=1357114 season=2010 league=wbb -- teams rosters not built; ids emitted as nulls
2026-08-18 05:52:55,873 INFO ncaa_identity: contest_id=1357114 teams 0/2338 matched, players 0/897 matched
2026-08-18 05:52:56,669 INFO ncaa_identity: contest_id=1357147 season=2010 league=wbb -- teams rosters not built; ids emitted as nulls
2026-08-18 05:52:56,672 INFO ncaa_identity: contest_id=1357147 teams 0/1812 matched, players 0/600 matched
2026-08-18 05:52:57,558 INFO ncaa_identity: contest_id=1357233 season=2010 league=wbb -- teams rosters not built; ids emitted as nulls
2026-08-18 05:52:57,563 INFO ncaa_identity: contest_id=1357233 teams 0/2528 matched, players 0/1012 matched
2026-08-18 05:52:58,500 INFO ncaa_identity: contest_id=1357272 season=2010 league=wbb -- teams rosters not built; ids emitted as nulls
2026-08-18 05:52:58,505 INFO ncaa_identity: contest_id=1357272 teams 0/1920 matched, players 0/788 matched
2026-08-18 05:52:59,269 INFO ncaa_identity: contest_id=1357308 season=2010 league=wbb -- teams rosters not built; ids emitted as nulls
2026-08-18 05:52:59,274 INFO ncaa_identity: contest_id=1357308 teams 0/1972 matched, players 0/781 matched
2026-08-18 05:53:00,353 INFO ncaa_identity: contest_id=1357349 season=2010 league=wbb -- teams rosters not built; ids emitted as nulls
2026-08-18 05:53:00,357 INFO ncaa_identity: contest_id=1357349 teams 0/2312 matched, players 0/748 matched
2026-08-18 05:53:01,136 INFO ncaa_identity: contest_id=1357361 season=2010 league=wbb -- teams rosters not built; ids emitted as nulls
2026-08-18 05:53:01,141 INFO ncaa_identity: contest_id=1357361 teams 0/1998 matched, players 0/762 matched
2026-08-18 05:53:02,197 INFO ncaa_identity: contest_id=1357373 season=2010 league=wbb -- teams rosters not built; ids emitted as nulls
2026-08-18 05:53:02,201 INFO ncaa_identity: contest_id=1357373 teams 0/2206 matched, players 0/873 matched
2026-08-18 05:53:03,230 INFO ncaa_identity: contest_id=1357399 season=2010 league=wbb -- teams rosters not built; ids emitted as nulls
2026-08-18 05:53:03,233 INFO ncaa_identity: contest_id=1357399 teams 0/1936 matched, players 0/660 matched
2026-08-18 05:53:04,021 INFO ncaa_identity: contest_id=1357443 season=2010 league=wbb -- teams rosters not built; ids emitted as nulls
2026-08-18 05:53:04,025 INFO ncaa_identity: contest_id=1357443 teams 0/1780 matched, players 0/609 matched
2026-08-18 05:53:04,800 INFO ncaa_identity: contest_id=1357458 season=2010 league=wbb -- teams rosters not built; ids emitted as nulls
2026-08-18 05:53:04,802 INFO ncaa_identity: contest_id=1357458 teams 0/1724 matched, players 0/713 matched
2026-08-18 05:53:05,901 INFO ncaa_identity: contest_id=1357484 season=2010 league=wbb -- teams rosters not built; ids emitted as nulls
2026-08-18 05:53:05,906 INFO ncaa_identity: contest_id=1357484 teams 0/2110 matched, players 0/830 matched
2026-08-18 05:53:06,589 INFO ncaa_identity: contest_id=1357560 season=2010 league=wbb -- teams rosters not built; ids emitted as nulls
2026-08-18 05:53:06,592 INFO ncaa_identity: contest_id=1357560 teams 0/1800 matched, players 0/682 matched
2026-08-18 05:53:07,531 INFO ncaa_identity: contest_id=1357605 season=2010 league=wbb -- teams rosters not built; ids emitted as nulls
2026-08-18 05:53:07,536 INFO ncaa_identity: contest_id=1357605 teams 0/1900 matched, players 0/738 matched
2026-08-18 05:53:08,397 INFO ncaa_identity: contest_id=1357629 season=2010 league=wbb -- teams rosters not built; ids emitted as nulls
2026-08-18 05:53:08,401 INFO ncaa_identity: contest_id=1357629 teams 0/1910 matched, players 0/722 matched
2026-08-18 05:53:09,110 INFO ncaa_identity: contest_id=1357646 season=2010 league=wbb -- teams rosters not built; ids emitted as nulls
2026-08-18 05:53:09,117 INFO ncaa_identity: contest_id=1357646 teams 0/1866 matched, players 0/590 matched
2026-08-18 05:53:10,051 INFO ncaa_identity: contest_id=1357659 season=2010 league=wbb -- teams rosters not built; ids emitted as nulls
2026-08-18 05:53:10,055 INFO ncaa_identity: contest_id=1357659 teams 0/1942 matched, players 0/700 matched
2026-08-18 05:53:10,958 INFO ncaa_identity: contest_id=1357708 season=2010 league=wbb -- teams rosters not built; ids emitted as nulls
2026-08-18 05:53:10,962 INFO ncaa_identity: contest_id=1357708 teams 0/1766 matched, players 0/620 matched
2026-08-18 05:53:11,588 INFO ncaa_identity: contest_id=1357724 season=2010 league=wbb -- teams rosters not built; ids emitted as nulls
2026-08-18 05:53:11,593 INFO ncaa_identity: contest_id=1357724 teams 0/1862 matched, players 0/610 matched
2026-08-18 05:53:12,283 INFO ncaa_identity: contest_id=1357758 season=2010 league=wbb -- teams rosters not built; ids emitted as nulls
2026-08-18 05:53:12,288 INFO ncaa_identity: contest_id=1357758 teams 0/1936 matched, players 0/745 matched
2026-08-18 05:53:13,154 INFO ncaa_identity: contest_id=1357776 season=2010 league=wbb -- teams rosters not built; ids emitted as nulls
2026-08-18 05:53:13,157 INFO ncaa_identity: contest_id=1357776 teams 0/2108 matched, players 0/698 matched
2026-08-18 05:53:13,935 INFO ncaa_identity: contest_id=1357788 season=2010 league=wbb -- teams rosters not built; ids emitted as nulls
2026-08-18 05:53:13,940 INFO ncaa_identity: contest_id=1357788 teams 0/2234 matched, players 0/863 matched
2026-08-18 05:53:14,607 INFO ncaa_identity: contest_id=1357842 season=2010 league=wbb -- teams rosters not built; ids emitted as nulls
2026-08-18 05:53:14,610 INFO ncaa_identity: contest_id=1357842 teams 0/2048 matched, players 0/846 matched
2026-08-18 05:53:15,489 INFO ncaa_identity: contest_id=1357864 season=2010 league=wbb -- teams rosters not built; ids emitted as nulls
2026-08-18 05:53:15,492 INFO ncaa_identity: contest_id=1357864 teams 0/2030 matched, players 0/732 matched
2026-08-18 05:53:16,240 INFO ncaa_identity: contest_id=1357881 season=2010 league=wbb -- teams rosters not built; ids emitted as nulls
2026-08-18 05:53:16,244 INFO ncaa_identity: contest_id=1357881 teams 0/1962 matched, players 0/730 matched
2026-08-18 05:53:16,958 INFO ncaa_identity: contest_id=1357905 season=2010 league=wbb -- teams rosters not built; ids emitted as nulls
2026-08-18 05:53:16,963 INFO ncaa_identity: contest_id=1357905 teams 0/2114 matched, players 0/774 matched
2026-08-18 05:53:17,600 INFO ncaa_identity: contest_id=1357920 season=2010 league=wbb -- teams rosters not built; ids emitted as nulls
2026-08-18 05:53:17,603 INFO ncaa_identity: contest_id=1357920 teams 0/1342 matched, players 0/353 matched
2026-08-18 05:53:18,343 INFO ncaa_identity: contest_id=1357944 season=2010 league=wbb -- teams rosters not built; ids emitted as nulls
2026-08-18 05:53:18,348 INFO ncaa_identity: contest_id=1357944 teams 0/1966 matched, players 0/646 matched
2026-08-18 05:53:18,977 INFO ncaa_identity: contest_id=1357980 season=2010 league=wbb -- teams rosters not built; ids emitted as nulls
2026-08-18 05:53:18,980 INFO ncaa_identity: contest_id=1357980 teams 0/1706 matched, players 0/595 matched
2026-08-18 05:53:19,616 INFO ncaa_identity: contest_id=1358003 season=2010 league=wbb -- teams rosters not built; ids emitted as nulls
2026-08-18 05:53:19,618 INFO ncaa_identity: contest_id=1358003 teams 0/1728 matched, players 0/600 matched
2026-08-18 05:53:20,477 INFO ncaa_identity: contest_id=1358027 season=2010 league=wbb -- teams rosters not built; ids emitted as nulls
2026-08-18 05:53:20,481 INFO ncaa_identity: contest_id=1358027 teams 0/1998 matched, players 0/572 matched
2026-08-18 05:53:21,081 INFO ncaa_identity: contest_id=1358048 season=2010 league=wbb -- teams rosters not built; ids emitted as nulls
2026-08-18 05:53:21,085 INFO ncaa_identity: contest_id=1358048 teams 0/1838 matched, players 0/620 matched
2026-08-18 05:53:21,766 INFO ncaa_identity: contest_id=1358064 season=2010 league=wbb -- teams rosters not built; ids emitted as nulls
2026-08-18 05:53:21,769 INFO ncaa_identity: contest_id=1358064 teams 0/1940 matched, players 0/815 matched
2026-08-18 05:53:22,715 INFO ncaa_identity: contest_id=1358082 season=2010 league=wbb -- teams rosters not built; ids emitted as nulls
2026-08-18 05:53:22,719 INFO ncaa_identity: contest_id=1358082 teams 0/1936 matched, players 0/656 matched
2026-08-18 05:53:23,466 INFO ncaa_identity: contest_id=1358100 season=2010 league=wbb -- teams rosters not built; ids emitted as nulls
2026-08-18 05:53:23,470 INFO ncaa_identity: contest_id=1358100 teams 0/2086 matched, players 0/716 matched
2026-08-18 05:53:24,369 INFO ncaa_identity: contest_id=1358138 season=2010 league=wbb -- teams rosters not built; ids emitted as nulls
2026-08-18 05:53:24,374 INFO ncaa_identity: contest_id=1358138 teams 0/1917 matched, players 0/693 matched
2026-08-18 05:53:25,154 INFO ncaa_identity: contest_id=1358158 season=2010 league=wbb -- teams rosters not built; ids emitted as nulls
2026-08-18 05:53:25,157 INFO ncaa_identity: contest_id=1358158 teams 0/1720 matched, players 0/585 matched
2026-08-18 05:53:25,809 INFO ncaa_identity: contest_id=1358187 season=2010 league=wbb -- teams rosters not built; ids emitted as nulls
2026-08-18 05:53:25,812 INFO ncaa_identity: contest_id=1358187 teams 0/1618 matched, players 0/566 matched
2026-08-18 05:53:26,524 INFO ncaa_identity: contest_id=1358211 season=2010 league=wbb -- teams rosters not built; ids emitted as nulls
2026-08-18 05:53:26,529 INFO ncaa_identity: contest_id=1358211 teams 0/1774 matched, players 0/675 matched
2026-08-18 05:53:27,327 INFO ncaa_identity: contest_id=1358227 season=2010 league=wbb -- teams rosters not built; ids emitted as nulls
2026-08-18 05:53:27,330 INFO ncaa_identity: contest_id=1358227 teams 0/2120 matched, players 0/764 matched
2026-08-18 05:53:28,042 INFO ncaa_identity: contest_id=1358246 season=2010 league=wbb -- teams rosters not built; ids emitted as nulls
2026-08-18 05:53:28,046 INFO ncaa_identity: contest_id=1358246 teams 0/2034 matched, players 0/674 matched
2026-08-18 05:53:29,095 INFO ncaa_identity: contest_id=1358265 season=2010 league=wbb -- teams rosters not built; ids emitted as nulls
2026-08-18 05:53:29,100 INFO ncaa_identity: contest_id=1358265 teams 0/2119 matched, players 0/658 matched
2026-08-18 05:53:29,842 INFO ncaa_identity: contest_id=1358284 season=2010 league=wbb -- teams rosters not built; ids emitted as nulls
2026-08-18 05:53:29,846 INFO ncaa_identity: contest_id=1358284 teams 0/1890 matched, players 0/705 matched
2026-08-18 05:53:30,541 INFO ncaa_identity: contest_id=1358311 season=2010 league=wbb -- teams rosters not built; ids emitted as nulls
2026-08-18 05:53:30,546 INFO ncaa_identity: contest_id=1358311 teams 0/1968 matched, players 0/798 matched
2026-08-18 05:53:31,474 INFO ncaa_identity: contest_id=1358332 season=2010 league=wbb -- teams rosters not built; ids emitted as nulls
2026-08-18 05:53:31,478 INFO ncaa_identity: contest_id=1358332 teams 0/1938 matched, players 0/706 matched
2026-08-18 05:53:32,259 INFO ncaa_identity: contest_id=1358353 season=2010 league=wbb -- teams rosters not built; ids emitted as nulls
2026-08-18 05:53:32,263 INFO ncaa_identity: contest_id=1358353 teams 0/2082 matched, players 0/624 matched
2026-08-18 05:53:33,074 INFO ncaa_identity: contest_id=1358370 season=2010 league=wbb -- teams rosters not built; ids emitted as nulls
2026-08-18 05:53:33,076 INFO ncaa_identity: contest_id=1358370 teams 0/2038 matched, players 0/518 matched
2026-08-18 05:53:33,867 INFO ncaa_identity: contest_id=1358389 season=2010 league=wbb -- teams rosters not built; ids emitted as nulls
2026-08-18 05:53:33,872 INFO ncaa_identity: contest_id=1358389 teams 0/1812 matched, players 0/720 matched
2026-08-18 05:53:34,584 INFO ncaa_identity: contest_id=1358406 season=2010 league=wbb -- teams rosters not built; ids emitted as nulls
2026-08-18 05:53:34,588 INFO ncaa_identity: contest_id=1358406 teams 0/1781 matched, players 0/637 matched
2026-08-18 05:53:35,399 INFO ncaa_identity: contest_id=1358423 season=2010 league=wbb -- teams rosters not built; ids emitted as nulls
2026-08-18 05:53:35,404 INFO ncaa_identity: contest_id=1358423 teams 0/2218 matched, players 0/725 matched
2026-08-18 05:53:36,294 INFO ncaa_identity: contest_id=1358436 season=2010 league=wbb -- teams rosters not built; ids emitted as nulls
2026-08-18 05:53:36,299 INFO ncaa_identity: contest_id=1358436 teams 0/2179 matched, players 0/847 matched
2026-08-18 05:53:36,917 INFO ncaa_identity: contest_id=1358448 season=2010 league=wbb -- teams rosters not built; ids emitted as nulls
2026-08-18 05:53:36,920 INFO ncaa_identity: contest_id=1358448 teams 0/2116 matched, players 0/817 matched
2026-08-18 05:53:37,650 INFO ncaa_identity: contest_id=1358461 season=2010 league=wbb -- teams rosters not built; ids emitted as nulls
2026-08-18 05:53:37,652 INFO ncaa_identity: contest_id=1358461 teams 0/2008 matched, players 0/689 matched
2026-08-18 05:53:38,595 INFO ncaa_identity: contest_id=1358473 season=2010 league=wbb -- teams rosters not built; ids emitted as nulls
2026-08-18 05:53:38,598 INFO ncaa_identity: contest_id=1358473 teams 0/2148 matched, players 0/893 matched
2026-08-18 05:53:39,336 INFO ncaa_identity: contest_id=1358488 season=2010 league=wbb -- teams rosters not built; ids emitted as nulls
2026-08-18 05:53:39,340 INFO ncaa_identity: contest_id=1358488 teams 0/1976 matched, players 0/756 matched
2026-08-18 05:53:40,123 INFO ncaa_identity: contest_id=1358500 season=2010 league=wbb -- teams rosters not built; ids emitted as nulls
2026-08-18 05:53:40,128 INFO ncaa_identity: contest_id=1358500 teams 0/2278 matched, players 0/792 matched
2026-08-18 05:53:40,910 INFO ncaa_identity: contest_id=1358527 season=2010 league=wbb -- teams rosters not built; ids emitted as nulls
2026-08-18 05:53:40,914 INFO ncaa_identity: contest_id=1358527 teams 0/1762 matched, players 0/551 matched
2026-08-18 05:53:41,626 INFO ncaa_identity: contest_id=1358561 season=2010 league=wbb -- teams rosters not built; ids emitted as nulls
2026-08-18 05:53:41,630 INFO ncaa_identity: contest_id=1358561 teams 0/2024 matched, players 0/901 matched
2026-08-18 05:53:42,417 INFO ncaa_identity: contest_id=1358580 season=2010 league=wbb -- teams rosters not built; ids emitted as nulls
2026-08-18 05:53:42,420 INFO ncaa_identity: contest_id=1358580 teams 0/1977 matched, players 0/774 matched
2026-08-18 05:53:43,230 INFO ncaa_identity: contest_id=1358606 season=2010 league=wbb -- teams rosters not built; ids emitted as nulls
2026-08-18 05:53:43,233 INFO ncaa_identity: contest_id=1358606 teams 0/1766 matched, players 0/450 matched
2026-08-18 05:53:44,116 INFO ncaa_identity: contest_id=1358625 season=2010 league=wbb -- teams rosters not built; ids emitted as nulls
2026-08-18 05:53:44,120 INFO ncaa_identity: contest_id=1358625 teams 0/2342 matched, players 0/957 matched
2026-08-18 05:53:44,952 INFO ncaa_identity: contest_id=1358650 season=2010 league=wbb -- teams rosters not built; ids emitted as nulls
2026-08-18 05:53:44,956 INFO ncaa_identity: contest_id=1358650 teams 0/1864 matched, players 0/791 matched
2026-08-18 05:53:46,038 INFO ncaa_identity: contest_id=1358662 season=2010 league=wbb -- teams rosters not built; ids emitted as nulls
2026-08-18 05:53:46,043 INFO ncaa_identity: contest_id=1358662 teams 0/2354 matched, players 0/825 matched
2026-08-18 05:53:46,764 INFO ncaa_identity: contest_id=1358674 season=2010 league=wbb -- teams rosters not built; ids emitted as nulls
2026-08-18 05:53:46,768 INFO ncaa_identity: contest_id=1358674 teams 0/2176 matched, players 0/905 matched
2026-08-18 05:53:47,580 INFO ncaa_identity: contest_id=1358686 season=2010 league=wbb -- teams rosters not built; ids emitted as nulls
2026-08-18 05:53:47,583 INFO ncaa_identity: contest_id=1358686 teams 0/1872 matched, players 0/535 matched
2026-08-18 05:53:48,228 INFO ncaa_identity: contest_id=1358702 season=2010 league=wbb -- teams rosters not built; ids emitted as nulls
2026-08-18 05:53:48,232 INFO ncaa_identity: contest_id=1358702 teams 0/2018 matched, players 0/753 matched
2026-08-18 05:53:49,016 INFO ncaa_identity: contest_id=1358715 season=2010 league=wbb -- teams rosters not built; ids emitted as nulls
2026-08-18 05:53:49,018 INFO ncaa_identity: contest_id=1358715 teams 0/2090 matched, players 0/786 matched
2026-08-18 05:53:50,004 INFO ncaa_identity: contest_id=1358727 season=2010 league=wbb -- teams rosters not built; ids emitted as nulls
2026-08-18 05:53:50,008 INFO ncaa_identity: contest_id=1358727 teams 0/2186 matched, players 0/702 matched
2026-08-18 05:53:50,590 INFO ncaa_identity: contest_id=1358739 season=2010 league=wbb -- teams rosters not built; ids emitted as nulls
2026-08-18 05:53:50,593 INFO ncaa_identity: contest_id=1358739 teams 0/1756 matched, players 0/514 matched
2026-08-18 05:53:51,337 INFO ncaa_identity: contest_id=1358754 season=2010 league=wbb -- teams rosters not built; ids emitted as nulls
2026-08-18 05:53:51,339 INFO ncaa_identity: contest_id=1358754 teams 0/1582 matched, players 0/493 matched
2026-08-18 05:53:52,178 INFO ncaa_identity: contest_id=1358770 season=2010 league=wbb -- teams rosters not built; ids emitted as nulls
2026-08-18 05:53:52,181 INFO ncaa_identity: contest_id=1358770 teams 0/1831 matched, players 0/750 matched
2026-08-18 05:53:52,851 INFO ncaa_identity: contest_id=1358783 season=2010 league=wbb -- teams rosters not built; ids emitted as nulls
2026-08-18 05:53:52,853 INFO ncaa_identity: contest_id=1358783 teams 0/1726 matched, players 0/511 matched
2026-08-18 05:53:53,496 INFO ncaa_identity: contest_id=1358795 season=2010 league=wbb -- teams rosters not built; ids emitted as nulls
2026-08-18 05:53:53,500 INFO ncaa_identity: contest_id=1358795 teams 0/1852 matched, players 0/659 matched
2026-08-18 05:53:54,641 INFO ncaa_identity: contest_id=878034 teams 2967/2967 matched, players 8257/8343 matched
2026-08-18 05:53:55,430 INFO ncaa_identity: contest_id=878053 teams 1997/1997 matched, players 774/780 matched
2026-08-18 05:53:56,268 INFO ncaa_identity: contest_id=878066 teams 1912/1912 matched, players 4872/5367 matched
2026-08-18 05:53:57,273 INFO ncaa_identity: contest_id=878081 teams 2846/2846 matched, players 7403/8060 matched
2026-08-18 05:53:58,180 INFO ncaa_identity: contest_id=878096 teams 1415/2736 matched, players 3952/7775 matched
2026-08-18 05:54:03,386 INFO ncaa_identity: contest_id=878169 teams 2747/2747 matched, players 7460/7730 matched
2026-08-18 05:54:06,309 INFO ncaa_identity: contest_id=878234 teams 2552/2552 matched, players 7074/7250 matched
2026-08-18 05:54:07,162 INFO ncaa_identity: contest_id=878256 teams 2819/2819 matched, players 7754/7937 matched
2026-08-18 05:54:08,009 INFO ncaa_identity: contest_id=878300 teams 2435/2435 matched, players 6638/6885 matched
2026-08-18 05:54:11,607 INFO ncaa_identity: contest_id=878364 teams 2632/2632 matched, players 6831/7395 matched
2026-08-18 05:54:12,422 INFO ncaa_identity: contest_id=878384 teams 1205/2382 matched, players 3419/6719 matched
2026-08-18 05:54:13,136 INFO ncaa_identity: contest_id=878443 teams 2027/2027 matched, players 762/764 matched
2026-08-18 05:54:15,795 INFO ncaa_identity: contest_id=878585 teams 2150/2150 matched, players 5257/6040 matched
2026-08-18 05:54:17,002 INFO ncaa_identity: contest_id=878621 teams 2874/2874 matched, players 7875/8151 matched
2026-08-18 05:54:17,805 INFO ncaa_identity: contest_id=878655 teams 1079/2173 matched, players 3102/6100 matched
2026-08-18 05:54:18,971 INFO ncaa_identity: contest_id=878697 teams 2994/2994 matched, players 8139/8444 matched
2026-08-18 05:54:19,965 INFO ncaa_identity: contest_id=878730 teams 2965/2965 matched, players 8150/8384 matched
2026-08-18 05:54:24,106 INFO ncaa_identity: contest_id=878846 teams 2685/2685 matched, players 7224/7582 matched
2026-08-18 05:54:25,213 INFO ncaa_identity: contest_id=878867 teams 1499/2945 matched, players 4132/8315 matched
2026-08-18 05:54:26,307 INFO ncaa_identity: contest_id=878887 teams 2933/2933 matched, players 7741/8252 matched
2026-08-18 05:54:27,374 INFO ncaa_identity: contest_id=878940 teams 2421/2421 matched, players 6617/6775 matched
2026-08-18 05:54:28,465 INFO ncaa_identity: contest_id=878970 teams 3177/3177 matched, players 8549/8991 matched
2026-08-18 05:54:31,383 INFO ncaa_identity: contest_id=879166 teams 1065/2129 matched, players 2814/5950 matched
2026-08-18 05:54:33,155 INFO ncaa_identity: contest_id=879240 teams 2482/2482 matched, players 6971/6978 matched
2026-08-18 05:54:34,114 INFO ncaa_identity: contest_id=879320 teams 2428/2428 matched, players 6366/6816 matched
2026-08-18 05:54:34,912 INFO ncaa_identity: contest_id=879366 teams 2248/2248 matched, players 5981/6326 matched
2026-08-18 05:54:35,751 INFO ncaa_identity: contest_id=879430 teams 2399/2399 matched, players 6479/6757 matched
2026-08-18 05:54:36,849 INFO ncaa_identity: contest_id=879545 teams 2686/2686 matched, players 7249/2026-08-18 05:2026-08-18 05:54:39,373 INFO ncaa_identity: contest_id=879606 teams 1695/1695 matched, players 329/42026-08-18 02026-08-18 05:54:41,235 INFO ncaa_identity: contest_id=879680 teams 1560/3088 matched, players 4475/8735 matched
2026-08-18 05:54:42,097 INFO ncaa_identity: contest_id=879702 teams 2358/2358 matched, players 6482/662026-08-18 02026-08-18 05:54:42,761 INFO ncaa_identity: contest_id=879721 teams 2114/2114 matched, players 5713/582026-08-18 02026-08-18 05:54:43,543 INFO ncaa_identity: contest_id=879750 teams 2381/2381 matched, players 62026-08-18 05:54:42026-08-18 05:54:44,399 INFO ncaa_identity: contest_id=879789 teams 2669/2669 matched, players 62026-08-18 05:54:45,616 INFO ncaa_identity: contest_id=879981 teams 2677/2677 matched, players 7488/7517 matched
2026-08-18 05:54:48,413 INFO ncaa_identity: contest_id=880065 teams 2503/2503 matched, players 6883/7055 matched
2026-08-18 05:54:53,358 INFO ncaa_identity: contest_id=880168 teams 3238/3238 matched, players 8992/9177 matched
2026-08-18 05:54:55,297 INFO ncaa_identity: contest_id=880202 teams 2330/2330 matched, players 6255/6543 matched
2026-08-18 05:54:56,008 INFO ncaa_identity: contest_id=880223 teams 965/1897 matched, players 349/738 matched
2026-08-18 05:54:57,142 INFO ncaa_identity: contest_id=880268 teams 2717/2717 matched, players 7165/7691 matched
2026-08-18 05:54:57,266 INFO 5 starters not found for period 3; using estimate
2026-08-18 05:55:00,038 INFO ncaa_identity: contest_id=880376 teams 2573/2573 matched, players 7015/7238 matched
2026-08-18 05:55:00,465 INFO ncaa_identity: contest_id=880392 teams 1206/2371 matched, players 3286/6549 matched
2026-08-18 05:55:01,561 INFO ncaa_identity: contest_id=880425 teams 2951/2951 matched, players 8104/8346 matched
2026-08-18 05:55:05,208 INFO ncaa_identity: contest_id=880516 teams 1212/2359 matched, players 3388/6613 matched
2026-08-18 05:55:06,395 INFO ncaa_identity: contest_id=880537 teams 2561/2561 matched, players 7144/7232 matched
2026-08-18 05:55:07,422 INFO ncaa_identity: contest_id=880567 teams 2819/2819 matched, players 7587/8006 matched
2026-08-18 05:55:10,572 INFO ncaa_identity: contest_id=880672 teams 2068/2068 matched, players 5356/5795 matched
2026-08-18 05:55:13,173 INFO ncaa_identity: contest_id=880831 teams 2818/2818 matched, players 7670/7952 matched
2026-08-18 05:55:14,979 INFO ncaa_identity: contest_id=880890 teams 2597/2597 matched, players 7090/7317 matched
2026-08-18 05:55:17,446 INFO ncaa_identity: contest_id=880993 teams 2526/2526 matched, players 6302/7052 matched
2026-08-18 05:55:23,197 INFO ncaa_identity: contest_id=881218 teams 2164/2164 matched, players 5426/6077 matched
2026-08-18 05:55:25,051 INFO ncaa_identity: contest_id=881331 teams 2179/2179 matched, players 5959/6113 matched
2026-08-18 05:55:25,888 INFO ncaa_identity: contest_id=881389 teams 2455/2455 matched, players 6285/6912 matched
2026-08-18 05:55:26,608 INFO ncaa_identity: contest_id=881441 teams 2039/2039 matched, players 5381/5742 matched
2026-08-18 05:55:27,511 INFO ncaa_identity: contest_id=881514 teams 1842/1842 matched, players 659/663 matched
2026-08-18 05:55:28,553 INFO ncaa_identity: contest_id=881587 teams 1323/2625 matched, players 3206/7357 matched
2026-08-18 05:55:31,194 INFO ncaa_identity: contest_id=881675 teams 2325/2325 matched, players 6089/6617 matched
2026-08-18 05:55:36,843 INFO ncaa_identity: contest_id=881831 teams 1982/1982 matched, players 807/837 matched
2026-08-18 05:55:38,882 INFO ncaa_identity: contest_id=881928 teams 1985/1985 matched, players 5548/5588 matched
2026-08-18 05:55:39,690 INFO ncaa_identity: contest_id=881967 teams 2907/2907 matched, players 7890/8256 matched
2026-08-18 05:55:40,758 INFO ncaa_identity: contest_id=882020 teams 2940/2940 matched, players 7852/8345 matched
2026-08-18 05:55:42,942 INFO ncaa_identity: contest_id=882140 teams 1210/2336 matched, players 2862/6467 matched
2026-08-18 05:55:51,391 INFO ncaa_identity: contest_id=882563 teams 1320/2656 matched, players 3689/7366 matched
2026-08-18 05:55:52,202 INFO ncaa_identity: contest_id=882582 teams 2430/2430 matched, players 6653/6849 matched
2026-08-18 05:55:53,061 INFO ncaa_identity: contest_id=882621 teams 2525/2525 matched, players 6730/7148 matched
2026-08-18 05:55:56,043 INFO ncaa_identity: contest_id=882728 teams 2169/2169 matched, players 5962/6067 matched
2026-08-18 05:55:56,437 INFO ncaa_identity: contest_id=882759 teams 1148/2148 matched, players 3046/5976 matched
2026-08-18 05:55:57,326 INFO ncaa_identity: contest_id=882812 teams 2732/2732 matched, players 7119/7712 matched
2026-08-18 05:55:58,494 INFO ncaa_identity: contest_id=882846 teams 2578/2578 matched, players 6948/7253 matched
2026-08-18 05:55:59,287 INFO ncaa_identity: contest_id=882924 teams 2273/2273 matched, players 5860/6394 matched
2026-08-18 05:56:00,879 INFO ncaa_identity: contest_id=882977 teams 1390/1390 matched, players 342/371 matched
2026-08-18 05:56:08,264 INFO ncaa_identity: contest_id=883203 teams 2082/2082 matched, players 5714/5842 matched
2026-08-18 05:56:09,215 INFO ncaa_identity: contest_id=883217 teams 2136/2136 matched, players 5663/6032 matched
2026-08-18 05:56:10,131 INFO ncaa_identity: contest_id=883235 teams 2472/2472 matched, players 6399/6931 matched
2026-08-18 05:56:11,187 INFO ncaa_identity: contest_id=883258 teams 2539/2539 matched, players 6650/7142 matched
2026-08-18 05:56:12,991 INFO ncaa_identity: contest_id=883301 teams 1277/2545 matched, players 3271/7094 matched
2026-08-18 05:56:13,818 INFO ncaa_identity: contest_id=883319 teams 2611/2611 matched, players 6644/7353 matched
2026-08-18 05:56:15,243 INFO ncaa_identity: contest_id=883353 teams 960/2006 matched, players 2679/5571 matched
2026-08-18 05:56:16,165 INFO ncaa_identity: contest_id=883365 teams 2345/2345 matched, players 6277/6603 matched
2026-08-18 05:56:16,917 INFO ncaa_identity: contest_id=883379 teams 1344/2620 matched, players 3783/7416 matched
2026-08-18 05:56:18,128 INFO ncaa_identity: contes2026-08-18 05:56:18,515 INFO ncaa_identity: contest_id=883374 te2026-08-18 05:56:22,890 INFO ncaa_identity: contest_id=883469 teams 2520/2520 matched, players 6712/7097 matched
2026-08-18 05:56:24,796 INFO ncaa_identity: contest_id=883510 teams 2874/2874 matched, players 7782/8185 matched
2026-08-18 05:56:26,950 INFO ncaa_identity: contest_id=883563 teams 2240/2240 matched, players 5385/6313 matched
2026-08-18 05:56:33,786 INFO ncaa_identity: contest_id=883744 teams 2374/2374 matched, players 6418/6717 matched
2026-08-18 05:56:37,956 INFO ncaa_identity: contest_id=883873 teams 2238/2238 matched, players 5189/6322 matched
2026-08-18 05:56:40,763 INFO ncaa_identity: contest_id=883950 teams 1850/1850 matched, players 741/745 matched
2026-08-18 05:56:41,404 INFO ncaa_identity: contest_id=883964 teams 1724/1724 matched, players 343/459 matched
2026-08-18 05:56:43,460 INFO ncaa_identity: contest_id=884013 teams 2558/2558 matched, players 6717/7183 matched
2026-08-18 05:56:44,367 INFO ncaa_identity: contest_id=884042 teams 2420/2420 matched, players 6755/6840 matched
2026-08-18 05:56:46,065 INFO ncaa_identity: contest_id=884076 teams 2262/2262 matched, players 6019/6383 matched
2026-08-18 05:56:46,794 INFO ncaa_identity: contest_id=884114 teams 1972/1972 matched, players 5423/5573 matched
2026-08-18 05:56:49,851 INFO ncaa_identity: contest_id=884280 teams 2552/2552 matched, players 6874/7193 matched
2026-08-18 05:56:50,928 INFO ncaa_identity: contest_id=884309 teams 2381/2381 matched, players 6537/6647 matched
2026-08-18 05:56:51,533 INFO ncaa_identity: contest_id=884357 teams 1404/1404 matched, players 272/382 matched
2026-08-18 05:56:52,592 INFO ncaa_identity: contest_id=884400 teams 2486/2486 matched, players 6401/7016 matched
2026-08-18 05:57:03,067 INFO ncaa_identity: contest_id=884871 teams 2469/2469 matched, players 6856/6954 matched
2026-08-18 05:57:06,774 INFO ncaa_identity: contest_id=885045 teams 2867/2867 matched, players 7778/8116 matched
2026-08-18 05:57:07,732 INFO ncaa_identity: contest_id=885101 teams 2262/2262 matched, players 5971/6403 matched
2026-08-18 05:57:08,645 INFO ncaa_identity: contest_id=885162 teams 2417/2417 matched, players 6630/6802 matched
2026-08-18 05:57:10,620 INFO ncaa_identity: contest_id=885203 teams 2552/2552 matched, players 6638/7252 matched
2026-08-18 05:57:15,197 INFO ncaa_identity: contest_id=885415 teams 2325/2325 matched, players 6131/6546 matched
2026-08-18 05:57:17,668 INFO ncaa_identity: contest_id=885540 teams 2431/2431 matched, players 6408/6869 matched
2026-08-18 05:57:22,703 INFO ncaa_identity: contest_id=885758 teams 1925/1925 matched, players 4894/5390 matched
2026-08-18 05:57:25,820 INFO ncaa_identity: contest_id=885888 teams 2641/2641 matched, players 7054/7457 matched
2026-08-18 05:57:26,922 INFO ncaa_identity: contest_id=885907 teams 1401/2759 matched, players 3925/7808 matched
2026-08-18 05:57:27,898 INFO ncaa_identity: contest_id=885995 teams 3147/3147 matched, players 8447/8909 matched
2026-08-18 05:57:31,458 INFO ncaa_identity: contest_id=886150 teams 0/2901 matched, players 0/8189 matched
2026-08-18 05:57:34,256 INFO ncaa_identity: contest_id=886259 teams 2073/2073 matched, players 5380/5851 matched
2026-08-18 05:57:34,769 INFO ncaa_identity: contest_id=886273 teams 2280/2280 matched, players 5981/6395 matched
2026-08-18 05:57:41,390 INFO ncaa_identity: contest_id=886544 teams 2390/2390 matched, players 6151/6786 matched
2026-08-18 05:57:43,777 INFO ncaa_identity: contest_id=886629 teams 3024/3024 matched, players 8353/8577 matched
2026-08-18 05:57:48,549 INFO ncaa_identity: contest_id=886832 teams 2438/2438 matched, players 6623/6884 matched
2026-08-18 05:57:58,184 INFO ncaa_identity: contest_id=887309 teams 2630/2630 matched, players 7231/7372 matched
2026-08-18 05:57:59,950 INFO ncaa_identity: contest_id=887379 teams 2522/2522 matched, players 6797/7117 matched
2026-08-18 05:58:02,009 INFO ncaa_identity: contest_id=887414 teams 2513/2513 matched, players 6935/7122 matched
2026-08-18 05:58:02,639 INFO ncaa_identity: contest_id=887448 teams 1340/1340 matched, players 349/373 matched
2026-08-18 05:58:03,542 INFO ncaa_identity: contest_id=887468 teams 2691/2691 matched, players 7276/7607 matched
2026-08-18 05:58:08,155 INFO ncaa_identity: contest_id=887697 teams 2209/2209 matched, players 5805/6207 matched
2026-08-18 05:58:09,846 INFO ncaa_identity: contest_id=887774 teams 1588/1588 matched, players 305/421 matched
2026-08-18 05:58:10,908 INFO ncaa_identity: contest_id=887800 teams 2438/2438 matched, players 6482/6877 matched
2026-08-18 05:58:12,006 INFO ncaa_identity: contest_id=887839 teams 2674/2674 matched, players 7190/7589 matched
2026-08-18 05:58:13,649 INFO ncaa_identity: contest_id=887908 teams 2074/2074 matched, players 5665/5864 matched
2026-08-18 05:58:14,712 INFO ncaa_identity: contest_id=887998 teams 1116/2275 matched, players 3234/6412 matched
2026-08-18 05:58:15,686 INFO ncaa_identity: contest_id=888033 teams 2531/2531 matched, players 6505/7118 matched
2026-08-18 05:58:16,748 INFO ncaa_identity: contest_id=888077 teams 2507/2507 matched, players 6563/7104 matched
2026-08-18 05:58:18,656 INFO ncaa_identity: contest_id=888176 teams 2446/2446 matched, players 6778/6885 matched
2026-08-18 05:58:20,752 INFO ncaa_identity: contest_id=888248 teams 3130/3130 matched, players 8135/8854 matched
2026-08-18 05:58:22,476 INFO ncaa_identity: contest_id=888290 teams 2174/2174 matched, players 5709/6093 matched
2026-08-18 05:58:24,510 INFO ncaa_identity: contest_id=888376 teams 2349/2349 matched, players 6302/6545 matched
2026-08-18 05:58:29,338 INFO ncaa_identity: contest_id=888540 teams 2355/2355 matched, players 6175/6547 matched
2026-08-18 05:58:31,513 INFO ncaa_identity: contest_id=888600 teams 2246/2246 matched, players 5752/6316 matched
2026-08-18 05:58:32,557 INFO ncaa_identity: contest_id=888645 teams 2223/2223 matched, players 6191/6277 matched
2026-08-18 05:58:33,611 INFO ncaa_identity: contest_id=888678 teams 2653/2653 matched, players 6855/7535 matched
2026-08-18 05:58:37,558 INFO ncaa_identity: contest_id=888857 teams 2329/2329 matched, players 6202/6554 matched
2026-08-18 05:58:38,834 INFO ncaa_identity: contest_id=888937 teams 0/2237 matched, players 0/6261 matched
2026-08-18 05:58:44,190 INFO ncaa_identity: contest_id=889193 teams 1203/2399 matched, players 3388/6795 matched
2026-08-18 05:58:45,835 INFO ncaa_identity: contest_id=889233 teams 2110/2110 matched, players 4817/5967 matched
2026-08-18 05:58:46,719 INFO ncaa_identity: contest_id=889269 teams 2587/2587 matched, players 6687/7298 matched
2026-08-18 05:58:49,647 INFO ncaa_identity: contest_id=889470 teams 2670/2670 matched, players 7051/7536 matched
2026-08-18 05:58:54,820 INFO ncaa_identity: contest_id=889623 teams 1673/1673 matched, players 3826/4736 matched
2026-08-18 05:58:57,653 INFO ncaa_identity: contest_id=889831 teams 2384/2384 matched, players 6602/6709 matched
2026-08-18 05:58:58,698 INFO ncaa_identity: contest_id=889879 teams 2656/2656 matched, players 7468/7500 matched
2026-08-18 05:58:59,804 INFO ncaa_identity: contest_id=889924 teams 2272/2272 matched, players 5949/6442 matched
2026-08-18 05:59:00,451 INFO ncaa_identity: contest_id=889960 teams 2329/2329 matched, players 6201/6557 matched
2026-08-18 05:59:04,513 INFO ncaa_identity: contest_id=890129 teams 2270/2270 matched, players 5895/6393 matched
2026-08-18 05:59:18,435 INFO ncaa_identity: contest_id=890591 teams 1882/1882 matched, players 4892/5304 matched
2026-08-18 05:59:30,184 INFO ncaa_identity: contest_id=890689 teams 2456/2456 matched, players 5588/6895 matched
2026-08-18 05:59:33,470 INFO ncaa_identity: contest_id=890707 teams 2431/2431 matched, players 6304/6789 matched
2026-08-18 05:59:36,718 INFO ncaa_identity: contest_id=890816 teams 2557/2557 matched, players 6581/7195 matched
2026-08-18 05:59:38,938 INFO ncaa_identity: contest_id=890949 teams 2234/2234 matched, players 5308/6266 matched
2026-08-18 05:59:39,752 INFO ncaa_identity: contest_id=890994 teams 1978/1978 matched, players 5214/5577 matched
2026-08-18 05:59:40,627 INFO ncaa_identity: contest_id=891033 teams 2204/2204 matched, players 6143/6228 matched
2026-08-18 05:59:41,766 INFO ncaa_identity: contest_id=891066 teams 2392/2392 matched, players 5334/6708 matched
2026-08-18 05:59:44,617 INFO ncaa_identity: contest_id=891138 teams 2445/2445 matched, players 6396/6913 matched
2026-08-18 05:59:45,613 INFO ncaa_identity: contest_id=891203 teams 2615/2615 matched, players 6396/7378 matched
2026-08-18 05:59:49,311 INFO ncaa_identity: contest_id=891458 teams 1887/1887 matched, players 4941/5284 matched
2026-08-18 05:59:51,126 INFO ncaa_identity: contest_id=891530 teams 2701/2701 matched, players 7473/7614 matched
2026-08-18 05:59:53,969 INFO ncaa_identity: contest_id=891609 teams 2655/2655 matched, players 6939/7466 matched
2026-08-18 05:59:55,779 INFO ncaa_identity: contest_id=891681 teams 2542/2542 matched, players 6643/7205 matched
2026-08-18 05:59:56,654 INFO ncaa_identity: contest_id=891698 teams 2385/2385 matched, players 6224/6726 matched
2026-08-18 06:00:01,781 INFO ncaa_identity: contest_id=891811 teams 1252/2475 matched, players 3552/6986 matched
2026-08-18 06:00:06,225 INFO ncaa_identity: contest_id=892042 teams 2095/2095 matched, players 5825/5888 matched
2026-08-18 06:00:07,312 INFO ncaa_identity: contest_id=892056 teams 2182/2182 matched, players 5641/6152 matched
2026-08-18 06:00:11,022 INFO ncaa_identity: contest_id=892121 teams 2673/2673 matc2026-08-18 06:00:11,997 INFO nca2026-08-18 06:00:12,187 INFO ncaa_identity: contest_id=892180 teams 2266/2266 matc2026-08-18 06:00:13,173 INFO nca2026-08-18 06:00:13,258 INFO ncaa_identity: contest_id=892230 teams 3005/3005 matc2026-08-18 06:00:21,463 INFO ncaa_identity: contest_id=892729 teams 2255/2255 matched, players 5891/6321 matched
2026-08-18 06:00:23,409 INFO ncaa_identity: contest_id=892741 teams 2240/2240 matched, players 6168/6312 matched
2026-08-18 06:00:25,532 INFO ncaa_identity: contest_id=892753 teams 2093/2093 matched, players 5390/5884 matched
2026-08-18 06:00:48,407 INFO ncaa_identity: contest_id=892994 teams 2602/2602 matched, players 6712/7338 matched
2026-08-18 06:00:53,151 INFO ncaa_identity: contest_id=893096 teams 2246/2246 matched, players 5618/6334 matched
2026-08-18 06:00:54,988 INFO ncaa_identity: contest_id=893120 teams 2354/2354 matched, players 6331/6622 matched
2026-08-18 06:00:55,770 INFO ncaa_identity: contest_id=893132 teams 1805/1805 matched, players 4655/5074 matched
2026-08-18 06:00:58,553 INFO ncaa_identity: contest_id=893170 teams 2318/2318 matched, players 6132/6537 matched
2026-08-18 06:01:01,200 INFO ncaa_identity: contest_id=893233 teams 2320/2320 matched, players 6245/6552 matched
2026-08-18 06:01:04,027 INFO ncaa_identity: contest_id=893307 teams 2260/2260 matched, players 6230/6328 matched
2026-08-18 06:01:16,280 INFO ncaa_identity: contest_id=805028 teams 2336/2336 matched, players 6503/6560 matched
2026-08-18 06:01:17,416 INFO ncaa_identity: contest_id=805042 teams 2418/2418 matched, players 6684/6799 matched
2026-08-18 06:01:18,994 INFO ncaa_identity: contest_id=805068 teams 2377/2377 matched, players 6339/6722 matched
2026-08-18 06:01:20,984 INFO ncaa_identity: contest_id=805098 teams 2078/2078 matched, players 5495/5857 matched
2026-08-18 06:01:21,949 INFO ncaa_identity: contest_id=805111 teams 1934/1934 matched, players 5262/5431 matched
2026-08-18 06:01:23,978 INFO ncaa_identity: contest_id=805144 teams 2391/2391 matched, players 6000/6712 matched
2026-08-18 06:01:24,482 INFO ncaa_identity: contest_id=805166 teams 1671/3553 matched, players 4905/9913 matched
2026-08-18 06:01:27,463 INFO ncaa_identity: contest_id=805239 teams 2663/2663 matched, players 6992/7560 matched
2026-08-18 06:01:28,014 INFO ncaa_identity: contest_id=805286 teams 1290/2602 matched, players 3412/7228 matched
2026-08-18 06:01:28,812 INFO ncaa_identity: contest_id=805336 teams 2216/2216 matched, players 6185/6244 matched
2026-08-18 06:01:29,648 INFO ncaa_identity: contest_id=805348 teams 2480/2480 matched, players 6921/6972 matched
2026-08-18 06:01:31,761 INFO ncaa_identity: contest_id=805378 teams 2713/2713 matched, players 7440/7686 matched
2026-08-18 06:01:35,041 INFO ncaa_identity: contest_id=805433 teams 2672/2672 matched, players 6397/7526 matched
2026-08-18 06:01:35,727 INFO ncaa_identity: contest_id=805446 teams 1433/1433 matched, players 367/390 matched
2026-08-18 06:01:36,518 INFO ncaa_identity: contest_id=805466 teams 2272/2272 matched, players 6115/6437 matched
2026-08-18 06:01:37,572 INFO ncaa_identity: contest_id=805495 teams 1449/2788 matched, players 3703/7906 matched
2026-08-18 06:01:39,550 INFO ncaa_identity: contest_id=805581 teams 1581/3176 matched, players 4084/8977 matched
2026-08-18 06:01:40,339 INFO ncaa_identity: contest_id=805722 teams 1928/1928 matched, players 4388/5385 matched
2026-08-18 06:01:42,197 INFO ncaa_identity: contest_id=805755 teams 2480/2480 matched, players 6617/6906 matched
2026-08-18 06:01:42,963 INFO ncaa_identity: contest_id=805775 teams 2292/2292 matched, players 5889/6469 matched
2026-08-18 06:01:46,241 INFO ncaa_identity: contest_id=805880 teams 1099/2140 matched, players 3013/5947 matched
2026-08-18 06:01:49,222 INFO ncaa_identity: contest_id=805964 teams 2589/2589 matched, players 7283/7341 matched
2026-08-18 06:01:50,441 INFO ncaa_identity: contest_id=805986 teams 1111/2167 matched, players 2481/6095 matched
2026-08-18 06:01:51,224 INFO ncaa_identity: contest_id=806051 teams 2458/2458 matched, players 6194/6883 matched
2026-08-18 06:01:53,168 INFO ncaa_identity: contest_id=806195 teams 2193/2193 matched, players 6010/6170 matched
2026-08-18 06:01:53,925 INFO ncaa_identity: contest_id=806227 teams 1074/2127 matched, players 3035/6005 matched
2026-08-18 06:01:54,903 INFO ncaa_identity: contest_id=806248 teams 2621/2621 matched, players 6347/7417 matched
2026-08-18 06:01:57,627 INFO ncaa_identity: contest_id=806547 teams 2493/2493 matched, players 7029/7063 matched
2026-08-18 06:01:59,630 INFO ncaa_identity: contest_id=806582 teams 1075/2162 matched, players 3062/6089 matched
2026-08-18 06:02:02,298 INFO ncaa_identity: contest_id=806669 teams 1219/2355 matched, players 3380/6608 matched
2026-08-18 06:02:02,664 INFO ncaa_identity: contest_id=806697 teams 1097/2193 matched, players 3070/6099 matched
2026-08-18 06:02:06,286 INFO ncaa_identity: contest_id=806840 teams 2369/2369 matched, players 5780/6647 matched
2026-08-18 06:02:06,713 INFO ncaa_identity: contest_id=806937 teams 1275/2476 matched, players 3464/6871 matched
2026-08-18 06:02:10,271 INFO ncaa_identity: contest_id=807074 teams 2177/2177 matched, players 5443/6125 matched
2026-08-18 06:02:10,964 INFO ncaa_identity: contest_id=807091 teams 2094/2094 matched, players 5245/5880 matched
2026-08-18 06:02:11,915 INFO ncaa_identity: contest_id=807107 teams 2547/2547 matched, players 7134/7189 matched
2026-08-18 06:02:15,113 INFO ncaa_identity: contest_id=807197 teams 2730/2730 matched, players 7361/7693 matched
2026-08-18 06:02:18,686 INFO ncaa_identity: contest_id=807291 teams 1158/2307 matched, players 3221/6515 matched
2026-08-18 06:02:23,287 INFO ncaa_identity: contest_id=807467 teams 2090/2090 matched, players 5351/5869 matched
2026-08-18 06:02:23,978 INFO ncaa_identity: contest_id=807495 teams 2318/2318 matched, players 6211/6512 matched
2026-08-18 06:02:25,882 INFO ncaa_identity: contest_id=807535 teams 2712/2712 matched, players 7165/7687 matched
2026-08-18 06:02:26,707 INFO ncaa_identity: contest_id=807555 teams 2263/2263 matched, players 5832/6316 matched
2026-08-18 06:02:28,509 INFO ncaa_identity: contest_id=807628 teams 2584/2584 matched, players 6903/7287 matched
2026-08-18 06:02:30,376 INFO ncaa_identity: contest_id=807726 teams 2256/2256 matched, players 5593/6245 matched
2026-08-18 06:02:31,323 INFO ncaa_identity: contest_id=807756 teams 2406/2406 matched, players 6367/6756 matched
2026-08-18 06:02:33,749 INFO ncaa_identity: contest_id=807896 teams 3103/3103 matched, players 8535/8769 matched
2026-08-18 06:02:41,630 INFO ncaa_identity: contest_id=808247 teams 2483/2483 matched, players 6774/7024 matched
2026-08-18 06:02:43,433 INFO ncaa_identity: contest_id=808344 teams 2514/2514 matched, players 6950/7096 matched
2026-08-18 06:02:45,179 INFO ncaa_identity: contest_id=808418 teams 1982/1982 matched, players 739/741 matched
2026-08-18 06:02:46,033 INFO ncaa_identity: contest_id=808445 teams 2418/2418 matched, players 6144/6747 matched
2026-08-18 06:02:47,511 INFO ncaa_identity: contest_id=808638 teams 1447/1447 matched, players 366/386 matched
2026-08-18 06:02:53,994 INFO ncaa_identity: contest_id=808830 teams 2238/2238 matched, players 6136/6259 matched
2026-08-18 06:02:54,539 INFO ncaa_identity: contest_id=808873 teams 1496/1496 matched, players 388/396 matched
2026-08-18 06:02:59,496 INFO ncaa_identity: contest_id=809147 teams 2364/2364 matched, players 6350/6668 matched
2026-08-18 06:03:00,224 INFO ncaa_identity: contest_id=809197 teams 2163/2163 matched, players 5232/6124 matched
2026-08-18 06:03:02,668 INFO ncaa_identity: contest_id=809353 teams 2464/2464 matched, players 6529/6949 matched
2026-08-18 06:03:03,502 INFO ncaa_identity: contest_id=809370 teams 2181/2181 matched, players 5905/6113 matched
2026-08-18 06:03:04,229 INFO ncaa_identity: contest_id=809399 teams 2345/2345 matched, players 5983/6571 matched
2026-08-18 06:03:07,464 INFO ncaa_identity: contest_id=809619 teams 2439/2439 matched, players 6055/6838 matched
2026-08-18 06:03:11,509 INFO ncaa_identity: contest_id=809778 teams 2583/2583 matched, players 6800/7284 matched
2026-08-18 06:03:11,912 INFO ncaa_identity: contest_id=809806 teams 1205/2368 matched, players 3359/6629 matched
2026-08-18 06:03:14,682 INFO ncaa_identity: contest_id=809933 teams 2705/2705 matched, players 7271/7629 matched
2026-08-18 06:03:15,650 INFO ncaa_identity: contest_id=809967 teams 2619/2619 matched, players 6763/7387 matched
2026-08-18 06:03:18,035 INFO ncaa_identity: contest_id=810133 teams 2474/2474 matched, players 6526/6976 matched
2026-08-18 06:03:20,315 INFO ncaa_identity: contest_id=810186 teams 2373/2373 matched, players 6601/6735 matched
2026-08-18 06:03:21,227 INFO ncaa_identity: contest_id=810198 teams 2948/2948 matched, players 7520/8365 matched
2026-08-18 06:03:22,043 INFO ncaa_identity: contest_id=810238 teams 2592/2592 matched, players 7111/7297 matched
2026-08-18 06:03:24,696 INFO ncaa_identity: contest_id=810300 teams 2432/2432 matched, players 5818/6787 matched
2026-08-18 06:03:26,035 INFO ncaa_identity: contest_id=810334 teams 1757/3865 matched, players 4642/11077 matched
2026-08-18 06:03:26,980 INFO ncaa_identity: contest_id=810374 teams 2574/2574 matched, players 6942/7268 matched
2026-08-18 06:03:28,489 INFO ncaa_identity: contest_id=810404 teams 2089/2089 matched, players 5586/5827 matched
2026-08-18 06:03:29,366 INFO ncaa_identity: contest_id=810420 teams 2351/2351 matched, players 6298/6618 matched
2026-08-18 06:03:30,571 INFO ncaa_identity: contest_id=810451 teams 3312/3312 matched, players 9152/9344 matched
2026-08-18 06:03:32,077 INFO ncaa_identity: contest_id=810485 teams 2302/2302 matched, players 6031/6477 matched
2026-08-18 06:03:33,797 INFO ncaa_identity: contest_id=810510 teams 1381/2718 matched, players 3851/7686 matched
2026-08-18 06:03:36,959 INFO ncaa_identity: contest_id=810572 teams 2208/2208 matched, players 5848/6206 matched
2026-08-18 06:03:37,588 INFO ncaa_identity: contest_id=810585 teams 2590/2590 matched, players 6233/7217 matched
2026-08-18 06:03:38,509 INFO ncaa_identity: contest_id=810598 teams 2550/2550 matched, players 6589/7190 matched
2026-08-18 06:03:39,275 INFO ncaa_identity: contest_id=810620 teams 2556/2556 matched, players 6994/7236 matched
2026-08-18 06:03:40,130 INFO ncaa_identity: contest_id=810634 teams 1201/2338 matched, players 3352/6593 matched
2026-08-18 06:03:42,082 INFO ncaa_identity: contest_id=810683 teams 1065/2159 matched, players 2671/6001 matched
2026-08-18 06:03:42,869 INFO ncaa_identity: contest_id=810712 teams 1393/2671 matched, players 3535/7497 matched
2026-08-18 06:03:45,420 INFO ncaa_identity: contest_id=810764 teams 2814/2814 matched, players 7662/7948 matched
2026-08-18 06:03:46,357 INFO ncaa_identity: contest_id=810777 teams 2714/2714 matched, players 7272/7578 matched
2026-08-18 06:03:47,072 INFO ncaa_identity: contest_id=810824 teams 2343/2343 matched, players 5976/6611 matched
2026-08-18 06:03:49,469 INFO ncaa_identity: contest_id=810917 teams 2235/2235 matched, players 6221/6289 matched
2026-08-18 06:03:50,359 INFO ncaa_identity: contest_id=810935 teams 2200/2200 matched, players 5278/6239 matched
2026-08-18 06:03:50,705 INFO ncaa_identity: contest_id=810999 teams 1263/2446 matched, players 3124/6791 matched
2026-08-18 06:03:51,459 INFO ncaa_identity: contest_id=811045 teams 2341/2341 matched, players 6058/6587 matched
2026-08-18 06:03:55,305 INFO ncaa_identity: contest_id=811149 teams 2543/2543 matched, players 7054/7160 matched
2026-08-18 06:04:01,591 INFO ncaa_identity: contest_id=811396 teams 1138/2192 matched, players 2680/6157 matched
2026-08-18 06:04:01,967 INFO ncaa_identity: contest_id=811445 teams 1045/2109 matched, players 2935/5849 matched
2026-08-18 06:04:02,749 INFO ncaa_identity: contest_id=811505 teams 2282/2282 matched, players 5868/6444 matched
2026-08-18 06:04:05,213 INFO ncaa_identity: contest_id=811645 teams 2399/2399 matched, players 6663/6736 matched
2026-08-18 06:04:06,731 INFO ncaa_identity: contest_id=811692 teams 2129/2129 matched, players 5093/5916 matched
2026-08-18 06:04:07,727 INFO ncaa_identity: contest_id=811709 teams 2843/2843 matched, players 7419/8049 matched
2026-08-18 06:04:09,484 INFO ncaa_identity: contest_id=811810 teams 2391/2391 matched, players 6275/6748 matched
2026-08-18 06:04:10,038 INFO ncaa_identity: contest_id=811898 teams 2277/2277 matched, players 5799/6395 matched
2026-08-18 06:04:12,032 INFO ncaa_identity: contest_id=811960 teams 2468/2468 matched, players 6151/6948 matched
2026-08-18 06:04:12,771 INFO ncaa_identity: contest_id=811997 teams 2012/2012 matched, players 5220/5674 matched
2026-08-18 06:04:14,474 INFO ncaa_identity: contest_id=812053 teams 2628/2628 matched, players 7094/7373 matched
2026-08-18 06:04:15,311 INFO ncaa_identity: contest_id=812086 teams 2238/2238 matched, players 6052/6283 matched
2026-08-18 06:04:16,070 INFO ncaa_identity: contest_id=812108 teams 2104/2104 matched, players 5601/5901 matched
2026-08-18 06:04:16,860 INFO ncaa_identity: contest_id=812127 teams 2598/2598 matched, players 6563/7318 matched
2026-08-18 06:04:17,734 INFO ncaa_identity: contest_id=812252 teams 2416/2416 matched, players 6319/6742 matched
2026-08-18 06:04:22,613 INFO ncaa_identity: contest_id=812427 teams 2295/2295 matched, players 5690/6379 matched
2026-08-18 06:04:22,879 INFO ncaa_identity: contest_id=812463 teams 978/1797 matched, players 2592/5058 matched
2026-08-18 06:04:23,710 INFO ncaa_identity: contest_id=812570 teams 1065/2176 matched, players 2910/6033 matched
2026-08-18 06:04:24,447 INFO ncaa_identity: contest_id=812622 teams 2081/2081 matched, players 5799/5840 matched
2026-08-18 06:04:28,726 INFO ncaa_identity: contest_id=812808 teams 2372/2372 matched, players 6657/6694 matched
2026-08-18 06:04:30,779 INFO ncaa_identity: contest_id=812960 teams 2287/2287 matched, players 5846/6417 matched
2026-08-18 06:04:32,349 INFO ncaa_identity: contest_id=813046 teams 2132/2132 matched, players 5546/6020 matched
2026-08-18 06:04:34,769 INFO ncaa_identity: contest_id=813160 teams 2092/2092 matched, players 5059/5891 matched
2026-08-18 06:04:35,424 INFO ncaa_identity: contest_id=813185 teams 2307/2307 matched, players 5954/6492 matched
2026-08-18 06:04:36,147 INFO ncaa_identity: contest_id=813220 teams 2354/2354 matched, players 6325/6633 matched
2026-08-18 06:04:37,054 INFO ncaa_identity: contest_id=813236 teams 2417/2417 matched, players 6363/6835 matched
2026-08-18 06:04:40,028 INFO ncaa_identity: contest_id=813463 teams 1019/1985 matched, players 2795/5606 matched
2026-08-18 06:04:41,826 INFO ncaa_identity: contest_id=813511 teams 1237/2481 matched, players 3416/7016 matched
2026-08-18 06:04:42,667 INFO ncaa_identity: contest_id=813540 teams 2074/2074 matched, players 5385/5813 matched
2026-08-18 06:04:43,313 INFO ncaa_identity: contest_id=813564 teams 839/1698 matched, players 209/587 matched
2026-08-18 06:04:43,818 INFO ncaa_identity: contest_id=813632 teams 2018/2018 matched, players 4809/5656 matched
2026-08-18 06:04:44,690 INFO ncaa_identity: contest_id=813706 teams 2441/2441 matched, players 6314/6891 matched
2026-08-18 06:04:46,205 INFO ncaa_identity: contest_id=813796 teams 2482/2482 matched, players 6573/7028 matched
2026-08-18 06:04:48,998 INFO ncaa_identity: contest_id=813946 teams 2078/2078 matched, players 5854/5866 matched
2026-08-18 06:04:51,349 INFO ncaa_identity: contest_id=814065 teams 2071/2071 matched, players 5552/5864 matched
2026-08-18 06:04:52,071 INFO ncaa_identity: contest_id=814150 teams 2246/2246 matched, players 6221/6309 matched
2026-08-18 06:04:55,647 INFO ncaa_identity: contest_id=814297 teams 2318/2318 matched, players 6381/6547 matched
2026-08-18 06:04:58,043 INFO ncaa_identity: contest_id=814389 teams 2140/2140 matched, players 5731/5990 matched
2026-08-18 06:05:01,587 INFO ncaa_identity: contest_id=814591 teams 2455/2455 matched, players 6388/6951 matched
2026-08-18 06:05:02,411 INFO ncaa_identity: contest_id=814606 teams 2864/2864 matched, players 7413/8063 matched
2026-08-18 06:05:06,365 INFO ncaa_identity: contest_id=814720 teams 2341/2341 matched, players 6574/6599 matched
2026-08-18 06:05:07,096 INFO ncaa_identity: contest_id=814815 teams 2433/2433 matched, players 6650/6858 matched
2026-08-18 06:05:10,746 INFO ncaa_identity: contest_id=815006 teams 2617/2617 matched, players 6955/7352 matched
2026-08-18 06:05:12,408 INFO ncaa_identity: contest_id=815049 teams 2130/2130 matched, players 5692/5958 matched
2026-08-18 06:05:13,172 INFO ncaa_identity: contest_id=815074 teams 2201/2201 matched, players 5989/6206 matched
2026-08-18 06:05:14,027 INFO ncaa_identity: contest_id=815149 teams 1957/1957 matched, players 4817/5494 matched
2026-08-18 06:05:16,489 INFO ncaa_identity: contest_id=815277 teams 2159/2159 matched, players 5531/6069 matched
2026-08-18 06:05:18,953 INFO ncaa_identity: contest_id=815382 teams 2423/2423 matched, players 6350/6846 matched
2026-08-18 06:05:20,752 INFO ncaa_identity: contest_id=815448 teams 2341/2341 matched, players 6094/6610 matched
2026-08-18 06:05:23,575 INFO ncaa_identity: contest_id=815674 teams 2378/2378 matched, players 6553/6724 matched
2026-08-18 06:05:25,686 INFO ncaa_identity: contest_id=815700 teams 2319/2319 matched, players 6239/6548 matched
2026-08-18 06:05:26,767 INFO ncaa_identity: contest_id=815729 teams 2294/2294 matched, players 5943/6455 matched
2026-08-18 06:05:31,171 INFO ncaa_identity: contest_id=815944 teams 2432/2432 matched, players 6510/6857 matched
2026-08-18 06:05:32,493 INFO ncaa_identity: contest_id=816069 teams 770/1561 matched, players 201/402 matched
2026-08-18 06:05:33,297 INFO ncaa_identity: contest_id=816099 teams 2205/2205 matched, players 6120/6232 matched
2026-08-18 06:05:38,169 INFO ncaa_identity: contest_id=816304 teams 2701/2701 matched, players 6760/7617 matched
2026-08-18 06:05:39,136 INFO ncaa_identity: contest_id=816336 teams 2336/2336 matched, players 6480/6587 matched
2026-08-18 06:05:40,814 INFO ncaa_identity: contest_id=816407 teams 2035/2035 matched, players 5485/5714 matched
2026-08-18 06:05:42,389 INFO ncaa_identity: contest_id=816466 teams 1443/1443 matched, players 379/395 matched
2026-08-18 06:05:43,060 INFO ncaa_identity: contest_id=816496 teams 2598/2598 matched, players 6486/7291 matched
2026-08-18 06:05:44,013 INFO ncaa_identity: contest_id=816527 teams 2193/2193 matched, players 5992/6194 matched
2026-08-18 06:05:44,888 INFO ncaa_identity: contest_id=816555 teams 2414/2414 matched, players 6604/6810 matched
2026-08-18 06:05:46,150 INFO ncaa_identity: contest_id=816579 teams 2425/2425 matched, players 6295/6798 matched
2026-08-18 06:05:49,912 INFO ncaa_identity: contest_id=816814 teams 2768/2768 matched, players 6602/7746 matched
2026-08-18 06:05:54,625 INFO ncaa_identity: contest_id=817035 teams 1161/2393 matched, players 3315/6722 matched
2026-08-18 06:05:55,753 INFO ncaa_identity: contest_id=817077 teams 2434/2434 matched, players 6445/6845 matched
2026-08-18 06:05:56,747 INFO ncaa_identity: contest_id=817165 teams 2595/2595 matched, players 7036/7302 matched
2026-08-18 06:05:57,887 INFO ncaa_identity: contest_id=817182 teams 2275/2275 matched, players 5207/6340 matched
2026-08-18 06:06:01,677 INFO ncaa_identity: contest_id=817322 teams 2481/2481 matched, players 6786/7018 matched
2026-08-18 06:06:03,401 INFO ncaa_identity: contest_id=817426 teams 2238/2238 matched, players 5871/6268 matched
2026-08-18 06:06:04,392 INFO ncaa_identity: contest_id=817459 teams 2198/2198 matched, players 5983/6199 matched
2026-08-18 06:06:05,112 INFO ncaa_identity: contest_id=817499 teams 2240/2240 matched, players 5768/6303 matched
2026-08-18 06:06:05,778 INFO ncaa_identity: contest_id=817532 teams 2296/2296 matched, players 5494/6423 matched
2026-08-18 06:06:07,596 INFO ncaa_identity: contest_id=817591 teams 1814/1814 matched, players 689/695 matched
2026-08-18 06:06:08,444 INFO ncaa_identity: contest_id=817615 teams 2556/2556 matched, players 7111/7187 matched
2026-08-18 06:06:10,306 INFO ncaa_identity: contest_id=817781 teams 2572/2572 matched, players 7051/7274 matched
2026-08-18 06:06:11,170 INFO ncaa_identity: contest_id=817840 teams 1818/1818 matched, players 5054/5118 matched
2026-08-18 06:06:15,929 INFO ncaa_identity: contest_id=817930 teams 2795/2795 matched, players 6755/7852 matched
2026-08-18 06:06:18,702 INFO ncaa_identity: contest_id=818114 teams 1299/2610 matched, players 3663/7359 matched
2026-08-18 06:06:19,469 INFO ncaa_identity: contest_id=818150 teams 2239/2239 matched, players 5838/6268 matched
2026-08-18 06:06:28,112 INFO ncaa_identity: contest_id=818522 teams 2350/2350 matched, players 6336/6646 matched
2026-08-18 06:06:30,719 INFO ncaa_identity: contest_id=818602 teams 1864/1864 matched, players 585/644 matched
2026-08-18 06:06:31,617 INFO ncaa_identity: contest_id=818631 teams 2088/2088 matched, players 5820/5905 matched
2026-08-18 06:06:34,386 INFO ncaa_identity: contest_id=818802 teams 2272/2272 matched, players 5292/6398 matched
2026-08-18 06:06:37,914 INFO ncaa_identity: contest_id=818947 teams 2511/2511 matched, players 6934/7093 matched
2026-08-18 06:06:41,543 INFO ncaa_identity: contest_id=819111 teams 2204/2204 matched, players 6089/6205 matched
2026-08-18 06:06:45,408 INFO ncaa_identity: contest_id=819231 teams 2892/2892 matched, players 8054/8237 matched
2026-08-18 06:06:46,289 INFO ncaa_identity: contest_id=819247 teams 2553/2553 matched, players 6834/7228 matched
2026-08-18 06:06:48,869 INFO ncaa_identity: contest_id=819346 teams 1996/1996 matched, players 5443/5612 matched
2026-08-18 06:06:50,591 INFO ncaa_identity: contest_id=819437 teams 2064/2064 matched, players 5722/5840 matched
2026-08-18 06:06:53,226 INFO ncaa_identity: contest_id=819495 teams 2299/2299 matched, players 5682/6491 matched
2026-08-18 06:06:54,132 INFO ncaa_identity: contest_id=819510 teams 2703/2703 matched, players 7507/7646 matched
2026-08-18 06:06:55,185 INFO ncaa_identity: contest_id=819528 teams 2364/2364 matched, players 6578/6630 matched
2026-08-18 06:06:57,036 INFO ncaa_identity: contest_id=819559 teams 2322/2322 matched, players 6378/6567 matched
2026-08-18 06:06:57,875 INFO ncaa_identity: contest_id=819613 teams 2399/2399 matched, players 6700/6760 matched
2026-08-18 06:07:00,403 INFO ncaa_identity: contest_id=819720 teams 2257/2257 matched, players 6249/6386 matched
2026-08-18 06:07:05,646 INFO ncaa_identity: contest_id=819849 teams 2428/2428 matched, players 6269/6905 matched
2026-08-18 06:07:06,664 INFO ncaa_identity: contest_id=819898 teams 2168/2168 matched, players 5884/6121 matched
2026-08-18 06:07:08,686 INFO ncaa_identity: contest_id=819923 teams 2276/2276 matched, players 5745/6388 matched
2026-08-18 06:07:13,225 INFO ncaa_identity: contest_id=820005 teams 2486/2486 matched, players 6714/6944 matched
2026-08-18 06:07:14,272 INFO ncaa_identity: contest_id=820064 teams 2608/2608 matched, players 7122/7370 matched
2026-08-18 06:07:15,149 INFO ncaa_identity: contest_id=820081 teams 2300/2300 matched, players 5891/6429 matched
2026-08-18 06:07:16,274 INFO ncaa_identity: contest_id=820097 teams 1682/1682 matched, players 640/672 matched
2026-08-18 06:07:17,244 INFO ncaa_identity: contest_id=820113 teams 2297/2297 matched, players 6291/6489 matched
2026-08-18 06:07:19,578 INFO ncaa_identity: contest_id=820138 teams 2092/2092 matched, players 5510/5845 matched
2026-08-18 06:07:20,644 INFO ncaa_identity: contest_id=820150 teams 2164/2164 matched, players 6088/6098 matched
2026-08-18 06:07:24,045 INFO ncaa_identity: contest_id=820268 teams 2474/2474 matched, players 6937/6963 matched
2026-08-18 06:07:27,996 INFO ncaa_identity: contest_id=820323 teams 2684/2684 matched, players 6907/7542 matched
2026-08-18 06:07:32,627 INFO ncaa_identity: contest_id=820390 teams 2738/2738 matched, players 6623/7719 matched
2026-08-18 06:07:33,277 INFO ncaa_identity: contest_id=820426 teams 2712/2712 matched, players 6997/7604 matched
2026-08-18 06:07:34,134 INFO ncaa_identity: contest_id=820445 teams 2324/2324 matched, players 6485/6559 matched
2026-08-18 06:07:35,761 INFO ncaa_identity: contest_id=820495 teams 2577/2577 matched, players 5640/7172 matched
2026-08-18 06:07:36,610 INFO ncaa_identity: contest_id=820512 teams 2182/2182 matched, players 5631/6088 matched
2026-08-18 06:07:39,418 INFO ncaa_identity: contest_id=820561 teams 2378/2378 matched, players 6341/6744 matched
2026-08-18 06:07:44,788 INFO ncaa_identity: contest_id=820642 teams 2330/2330 matched, players 6352/6552 matched
2026-08-18 06:07:46,838 INFO ncaa_identity: contest_id=820673 teams 2352/2352 matched, players 6083/6612 matched
2026-08-18 06:07:49,286 INFO ncaa_identity: contest_id=622592 teams 3259/3259 matched, players 8679/9181 matched
2026-08-18 06:07:51,334 INFO ncaa_identity: contest_id=622621 teams 2722/2722 matched, players 7278/7630 matched
2026-08-18 06:07:53,015 INFO ncaa_identity: contest_id=622647 teams 2108/2108 matched, players 5633/5929 matched
2026-08-18 06:07:54,032 INFO ncaa_identity: contest_id=622659 teams 2897/2897 matched, players 7802/8117 matched
2026-08-18 06:07:55,056 INFO ncaa_identity: contest_id=622672 teams 1266/2575 matched, players 3688/7273 matched
2026-08-18 06:07:55,907 INFO ncaa_identity: contest_id=622685 teams 2301/2301 matched, players 5677/6467 matched
2026-08-18 06:07:57,124 INFO ncaa_identity: contest_id=622704 teams 2601/2601 matched, players 6676/7359 matched
2026-08-18 06:07:58,079 INFO ncaa_identity: contest_id=622739 teams 2755/2755 matched, players 7073/7838 matched
2026-08-18 06:08:01,224 INFO ncaa_identity: contest_id=622847 teams 2569/2569 matched, players 6540/7270 matched
2026-08-18 06:08:02,154 INFO ncaa_identity: contest_id=622893 teams 1402/2745 matched, players 3935/7743 matched
2026-08-18 06:08:04,963 INFO ncaa_identity: contest_id=622935 teams 2293/2293 matched, players 5455/6499 matched
2026-08-18 06:08:06,726 INFO ncaa_identity: contest_id=622976 teams 2327/2327 matched, players 6399/6546 matched
2026-08-18 06:08:12,623 INFO ncaa_identity: contest_id=623103 teams 2812/2812 matched, players 7664/7949 matched
2026-08-18 06:08:13,691 INFO ncaa_identity: contest_id=623117 teams 3489/3489 matched, players 9302/9926 matched
2026-08-18 06:08:15,258 INFO ncaa_identity: contest_id=623164 teams 1236/2457 matched, players 3449/6870 matched
2026-08-18 06:08:15,973 INFO ncaa_identity: contest_id=623190 teams 1294/2529 matched, players 3635/7126 matched
2026-08-18 06:08:17,661 INFO ncaa_identity: contest_id=623240 teams 2461/2461 matched, players 6358/6870 matched
2026-08-18 06:08:26,522 INFO ncaa_identity: contest_id=623875 teams 2850/2850 matched, players 7974/8047 matched
2026-08-18 06:08:28,372 INFO ncaa_identity: contest_id=623901 teams 2500/2500 matched, players 6596/7000 matched
2026-08-18 06:08:29,263 INFO ncaa_identity: contest_id=623914 teams 2573/2573 matched, players 7153/7215 matched
2026-08-18 06:08:32,375 INFO ncaa_identity: contest_id=624035 teams 1227/2471 matched, players 3479/6929 matched
2026-08-18 06:08:34,249 INFO ncaa_identity: contest_id=624128 teams 2214/2214 matched, players 5980/6257 matched
2026-08-18 06:08:35,289 INFO ncaa_identity: contest_id=624154 teams 2480/2480 matched, players 6649/6976 matched
2026-08-18 06:08:36,691 INFO ncaa_identity: contest_id=624296 teams 1318/2548 matched, players 3207/7120 matched
2026-08-18 06:08:37,521 INFO ncaa_identity: contest_id=624331 teams 2148/2148 matched, players 5868/6071 matched
2026-08-18 06:08:39,314 INFO ncaa_identity: contest_id=624371 teams 2143/2143 matched, players 5997/6051 matched
2026-08-18 06:08:40,156 INFO ncaa_identity: contest_id=624390 teams 2239/2239 matched, players 5947/6300 matched
2026-08-18 06:08:41,453 INFO ncaa_identity: contest_id=624402 teams 2611/2611 matched, players 6911/7405 matched
2026-08-18 06:08:42,382 INFO ncaa_identity: contest_id=624418 teams 2649/2649 matched, players 6952/7428 matched
2026-08-18 06:08:43,392 INFO ncaa_identity: contest_id=624432 teams 2228/2228 matched, players 6058/6299 matched
2026-08-18 06:08:44,222 INFO ncaa_identity: contest_id=624451 teams 1110/2287 matched, players 3141/6420 matched
2026-08-18 06:08:45,442 INFO ncaa_identity: contest_id=624489 teams 2686/2686 matched, players 7283/7562 matched
2026-08-18 06:08:46,386 INFO ncaa_identity: contest_id=624514 teams 2849/2849 matched, players 7616/8108 matched
2026-08-18 06:08:47,171 INFO ncaa_identity: contest_id=624545 teams 2070/2070 matched, players 5348/5796 matched
2026-08-18 06:08:49,023 INFO ncaa_identity: contest_id=624602 teams 1361/2853 matched, players 3957/8126 matched
2026-08-18 06:08:49,386 INFO ncaa_identity: contest_id=624674 teams 1251/2506 matched, players 3544/7019 matched
2026-08-18 06:08:50,647 INFO ncaa_identity: contest_id=624694 teams 2662/2662 matched, players 7232/7540 matched
2026-08-18 06:08:51,399 INFO ncaa_identity: contest_id=624719 teams 1972/1972 matched, players 5125/5507 matched
2026-08-18 06:08:53,435 INFO ncaa_identity: contest_id=624781 teams 2949/2949 matched, players 7307/8341 matched
2026-08-18 06:08:58,758 INFO ncaa_identity: contest_id=624981 teams 1395/2799 matched, players 3433/7793 matched
2026-08-18 06:09:04,210 INFO ncaa_identity: contest_id=625212 teams 1181/2369 matched, players 3149/6674 matched
2026-08-18 06:09:05,026 INFO ncaa_identity: contest_id=625236 teams 2470/2470 matched, players 6583/6994 matched
2026-08-18 06:09:08,241 INFO ncaa_identity: contest_id=625433 teams 1179/2354 matched, players 3329/6578 matched
2026-08-18 06:09:11,564 INFO ncaa_identity: contest_id=625557 teams 2671/2671 matched, players 7433/7553 matched
2026-08-18 06:09:15,497 INFO ncaa_identity: contest_id=625702 teams 2546/2546 matched, players 6747/7129 matched
2026-08-18 06:09:16,453 INFO ncaa_identity: contest_id=625728 teams 2333/2333 matched, players 6159/6573 matched
2026-08-18 06:09:17,463 INFO ncaa_identity: contest_id=625777 teams 2082/2082 matched, players 5637/5815 matched
2026-08-18 06:09:18,357 INFO ncaa_identity: contest_id=625936 teams 2494/2494 matched, players 6745/7069 matched
2026-08-18 06:09:19,276 INFO ncaa_identity: contest_id=625951 teams 2405/2405 matched, players 6242/6810 matched
2026-08-18 06:09:20,100 INFO ncaa_identity: contest_id=625969 teams 2267/2267 matched, players 5647/6418 matched
2026-08-18 06:09:22,104 INFO ncaa_identity: contest_id=626017 teams 2932/2932 matched, players 7864/8280 matched
2026-08-18 06:09:22,882 INFO ncaa_identity: contest_id=626043 teams 2338/2338 matched, players 6435/6626 matched
2026-08-18 06:09:25,762 INFO ncaa_identity: contest_id=626174 teams 2311/2311 matched, players 6471/6556 matched
2026-08-18 06:09:26,589 INFO ncaa_identity: contest_id=626238 teams 1222/2383 matched, players 3105/6739 matched
2026-08-18 06:09:29,128 INFO ncaa_identity: contest_id=626326 teams 2523/2523 matched, players 6766/7096 matched
2026-08-18 06:09:30,697 INFO ncaa_identity: contest_id=626436 teams 2121/2121 matched, players 791/839 matched
2026-08-18 06:09:31,310 INFO ncaa_identity: contest_id=626462 teams 1956/1956 matched, players 5221/5514 matched
2026-08-18 06:09:35,912 INFO ncaa_identity: contest_id=626728 teams 1334/2679 matched, players 3350/7550 matched
2026-08-18 06:09:40,556 INFO ncaa_identity: contest_id=626962 teams 2198/2198 matched, players 893/898 matched
2026-08-18 06:09:41,082 INFO ncaa_identity: contest_id=626984 teams 1217/2414 matched, players 3374/6739 matched
2026-08-18 06:09:41,473 INFO ncaa_identity: contest_id=627019 teams 1203/2433 matched, players 3028/6812 matched
2026-08-18 06:09:43,320 INFO ncaa_identity: contest_id=627127 teams 1094/2110 matched, players 3005/5978 matched
2026-08-18 06:09:44,103 INFO ncaa_identity: contest_id=627152 teams 942/1888 matched, players 2655/5259 matched
2026-08-18 06:09:44,527 INFO ncaa_identity: contest_id=627208 teams 1223/2394 matched, players 2839/6592 matched
2026-08-18 06:09:45,651 INFO ncaa_identity: contest_id=627266 teams 2865/2865 matched, players 7892/8137 matched
2026-08-18 06:09:47,785 INFO ncaa_identity: contest_id=627337 teams 2249/2249 matched, players 6121/6341 matched
2026-08-18 06:09:52,480 INFO ncaa_identity: contest_id=627505 teams 2891/2891 matched, players 7623/8198 matched
2026-08-18 06:09:55,439 INFO ncaa_identity: contest_id=627637 teams 2494/2494 matched, players 6849/7042 matched
2026-08-18 06:09:56,294 INFO ncaa_identity: contest_id=627659 teams 2278/2278 matched, players 6031/6403 matched
2026-08-18 06:10:02,506 INFO ncaa_identity: contest_id=627878 teams 2196/2196 matched, players 5812/6207 matched
2026-08-18 06:10:03,290 INFO ncaa_identity: contest_id=627894 teams 2176/2176 matched, players 6118/6151 matched
2026-08-18 06:10:06,315 INFO ncaa_identity: contest_id=627945 teams 2146/2146 matched, players 5827/6071 matched
2026-08-18 06:10:07,155 INFO ncaa_identity: contest_id=627957 teams 2510/2510 matched, players 6439/7119 matched
2026-08-18 06:10:08,061 INFO ncaa_identity: contest_id=627969 teams 2249/2249 matched, players 6251/6321 matched
2026-08-18 06:10:10,141 INFO ncaa_identity: contest_id=627998 teams 2746/2746 matched, players 7266/7675 matched
2026-08-18 06:10:14,254 INFO ncaa_identity: contest_id=628058 teams 2736/2736 matched, players 7261/7728 matched
2026-08-18 06:10:17,370 INFO ncaa_identity: contest_id=628105 teams 2545/2545 matched, players 6726/7155 matched
2026-08-18 06:10:18,342 INFO ncaa_identity: contest_id=628122 teams 2265/2265 matched, players 6084/6388 matched
2026-08-18 06:10:22,509 INFO ncaa_identity: contest_id=628231 teams 2592/2592 matched, players 6619/7303 matched
2026-08-18 06:10:23,380 INFO ncaa_identity: contest_id=628246 teams 2170/2170 matched, players 5956/6086 matched
2026-08-18 06:10:25,536 INFO ncaa_identity: contest_id=628301 teams 2882/2882 matched, players 7666/8143 matched
2026-08-18 06:10:26,326 INFO ncaa_identity: contest_id=628348 teams 1059/2104 matched, players 2960/5933 matched
2026-08-18 06:10:28,317 INFO ncaa_identity: contest_id=628426 teams 3066/3066 matched, players 8683/8701 matched
2026-08-18 06:10:30,295 INFO ncaa_identity: contest_id=628482 teams 1116/2312 matched, players 3197/6518 matched
2026-08-18 06:10:32,231 INFO ncaa_identity: contest_id=628567 teams 2583/2583 matched, players 6849/7331 matched
2026-08-18 06:10:33,406 INFO ncaa_identity: contest_id=628581 teams 1392/2743 matched, players 3844/7756 matched
2026-08-18 06:10:35,949 INFO ncaa_identity: contest_id=628691 teams 1965/1965 matched, players 4969/5490 matched
2026-08-18 06:10:37,556 INFO ncaa_identity: contest_id=628757 teams 2413/2413 matched, players 6460/6800 matched
2026-08-18 06:10:43,098 INFO ncaa_identity: contest_id=628978 teams 2606/2606 matched, players 6311/7360 matched
2026-08-18 06:10:47,678 INFO ncaa_identity: contest_id=629187 teams 2524/2524 matched, players 6147/7078 matched
2026-08-18 06:10:50,053 INFO ncaa_identity: contest_id=629314 teams 2134/2134 matched, players 5573/6017 matched
2026-08-18 06:10:53,622 INFO ncaa_identity: contest_id=629495 teams 2484/2484 matched, players 6873/7041 matched
2026-08-18 06:10:54,224 INFO ncaa_identity: contest_id=629508 teams 2341/2341 matched, players 5869/6572 matched
2026-08-18 06:10:55,247 INFO ncaa_identity: contest_id=629542 teams 1379/2813 matched, players 3894/7938 matched
2026-08-18 06:10:56,097 INFO ncaa_identity: contest_id=629571 teams 2175/2175 matched, players 6056/6096 matched
2026-08-18 06:10:58,199 INFO ncaa_identity: contest_id=629667 teams 3146/3146 matched, players 8285/8857 matched
2026-08-18 06:10:58,967 INFO ncaa_identity: contest_id=629742 teams 2479/2479 matched, players 6507/7009 matched
2026-08-18 06:10:59,871 INFO ncaa_identity: contest_id=629802 teams 1938/1938 matched, players 5451/5465 matched
2026-08-18 06:11:03,614 INFO ncaa_identity: contest_id=629954 teams 1153/2281 matched, players 3250/6425 matched
2026-08-18 06:11:04,995 INFO ncaa_identity: contest_id=629980 teams 3119/3119 matched, players 8334/8752 matched
2026-08-18 06:11:06,651 INFO ncaa_identity: contest_id=630149 teams 2147/2147 matched, players 5408/6026 matched
2026-08-18 06:11:07,604 INFO ncaa_identity: contest_id=630193 teams 2452/2452 matched, players 6126/6892 matched
2026-08-18 06:11:12,176 INFO ncaa_identity: contest_id=630335 teams 2712/2712 matched, players 6716/7682 matched
2026-08-18 06:11:13,254 INFO ncaa_identity: contest_id=630370 teams 2999/2999 matched, players 7749/8456 matched
2026-08-18 06:11:14,244 INFO ncaa_identity: contest_id=630388 teams 2255/2255 matched, players 5804/6315 matched
2026-08-18 06:11:16,690 INFO ncaa_identity: contest_id=630606 teams 2077/2077 matched, players 5709/5833 matched
2026-08-18 06:11:21,027 INFO ncaa_identity: contest_id=630694 teams 2440/2440 matched, players 6295/6871 matched
2026-08-18 06:11:22,622 INFO ncaa_identity: contest_id=630838 teams 978/1965 matched, players 2752/5538 matched
2026-08-18 06:11:23,637 INFO ncaa_identity: contest_id=630897 teams 2278/2278 matched, players 5687/6452 matched
2026-08-18 06:11:29,713 INFO ncaa_identity: contest_id=631114 teams 2692/2692 matched, players 7188/7605 matched
2026-08-18 06:11:31,578 INFO ncaa_identity: contest_id=631205 teams 2306/2306 matched, players 5063/6532 matched
2026-08-18 06:11:32,592 INFO ncaa_identity: contest_id=631281 teams 1410/1410 matched, players 303/360 matched
2026-08-18 06:11:33,504 INFO ncaa_identity: contest_id=631316 teams 2240/2240 matched, players 5908/6327 matched
2026-08-18 06:11:37,822 INFO ncaa_identity: contest_id=631500 teams 2293/2293 matched, players 6168/6413 matched
2026-08-18 06:11:39,031 INFO ncaa_identity: contest_id=631687 teams 937/1839 matched, players 271/467 matched
2026-08-18 06:11:40,018 INFO ncaa_identity: contest_id=631704 teams 1928/1928 matched, players 5088/5426 matched
2026-08-18 06:11:41,392 INFO ncaa_identity: contest_id=631734 teams 1911/1911 matched, players 4892/5353 matched
2026-08-18 06:11:42,277 INFO ncaa_identity: contest_id=631747 teams 2029/2029 matched, players 5669/5709 matched
2026-08-18 06:11:45,999 INFO ncaa_identity: contest_id=631937 teams 2065/2065 matched, players 5325/5756 matched
2026-08-18 06:11:49,775 INFO ncaa_identity: contest_id=632171 teams 2504/2504 matched, players 6911/7082 matched
2026-08-18 06:11:52,670 INFO ncaa_identity: contest_id=632221 teams 3005/3005 matched, players 8023/8541 matched
2026-08-18 06:11:53,573 INFO ncaa_identity: contest_id=632236 teams 2050/2050 matched, players 5332/5798 matched
2026-08-18 06:11:54,560 INFO ncaa_identity: contest_id=632317 teams 2239/2239 matched, players 6182/6279 matched
2026-08-18 06:11:56,482 INFO ncaa_identity: contest_id=632425 teams 2499/2499 matched, players 6972/7027 matched
2026-08-18 06:11:58,367 INFO ncaa_identity: contest_id=632514 teams 2210/2210 matched, players 5265/6214 matched
2026-08-18 06:11:59,223 INFO ncaa_identity: contest_id=632538 teams 2513/2513 matched, players 6702/7101 matched
2026-08-18 06:12:03,090 INFO ncaa_identity: contest_id=632765 teams 2381/2381 matched, players 6262/6716 matched
2026-08-18 06:12:06,938 INFO ncaa_identity: contest_id=632859 teams 2252/2252 matched, players 6015/6360 matched
2026-08-18 06:12:09,700 INFO ncaa_identity: contest_id=632924 teams 2178/2178 matched, players 6016/6124 matched
2026-08-18 06:12:17,569 INFO ncaa_identity: contest_id=633270 teams 2691/2691 matched, players 7099/7590 matched
2026-08-18 06:12:18,370 INFO ncaa_identity: contest_id=633287 teams 2247/2247 matched, players 6228/6286 matched
2026-08-18 06:12:19,190 INFO ncaa_identity: contest_id=633382 teams 2240/2240 matched, players 6143/6287 matched
2026-08-18 06:12:21,401 INFO ncaa_identity: contest_id=633496 teams 2323/2323 matched, players 6294/6536 matched
2026-08-18 06:12:22,468 INFO ncaa_identity: contest_id=633526 teams 2333/2333 matched, players 6105/6591 matched
2026-08-18 06:12:23,714 INFO ncaa_identity: contest_id=633564 teams 2414/2414 matched, players 6727/6801 matched
2026-08-18 06:12:24,783 INFO ncaa_identity: contest_id=633614 teams 2535/2535 matched, players 6739/7136 matched
2026-08-18 06:12:25,791 INFO ncaa_identity: contest_id=633638 teams 2176/2176 matched, players 5931/6156 matched
2026-08-18 06:12:26,988 INFO ncaa_identity: contest_id=633674 teams 2055/2055 matched, players 5197/5789 matched
2026-08-18 06:12:27,880 INFO ncaa_identity: contest_id=633707 teams 2368/2368 matched, players 6170/6737 matched
2026-08-18 06:12:29,705 INFO ncaa_identity: contest_id=633894 teams 2247/2247 matched, players 5990/6289 matched
2026-08-18 06:12:31,469 INFO ncaa_identity: contest_id=633935 teams 1866/1866 matched, players 4411/5217 matched
2026-08-18 06:12:32,997 INFO ncaa_identity: contest_id=633964 teams 2226/2226 matched, players 5709/6280 matched
2026-08-18 06:12:34,818 INFO ncaa_identity: contest_id=634013 teams 1129/2195 matched, players 2618/6171 matched
2026-08-18 06:12:36,603 INFO ncaa_identity: contest_id=634129 teams 2358/2358 matched, players 6247/6655 matched
2026-08-18 06:12:37,427 INFO ncaa_identity: contest_id=634198 teams 1034/2110 matched, players 2704/5958 matched
2026-08-18 06:12:38,403 INFO ncaa_identity: contest_id=634236 teams 2247/2247 matched, players 6276/6279 matched
2026-08-18 06:12:40,398 INFO ncaa_identity: contest_id=634354 teams 2198/2198 matched, players 5899/6154 matched
2026-08-18 06:12:44,949 INFO ncaa_identity: contest_id=634543 teams 2528/2528 matched, players 7106/7121 matched
2026-08-18 06:12:45,799 INFO ncaa_identity: contest_id=634571 teams 2493/2493 matched, players 6388/7001 matched
2026-08-18 06:12:47,513 INFO ncaa_identity: contest_id=634639 teams 1985/1985 matched, players 4727/5647 matched
2026-08-18 06:12:49,428 INFO ncaa_identity: contest_id=634694 teams 2106/2106 matched, players 5442/5911 matched
2026-08-18 06:12:50,316 INFO ncaa_identity: contest_id=634732 teams 2418/2418 matched, players 6605/6852 matched
2026-08-18 06:12:51,112 INFO ncaa_identity: contest_id=634760 teams 2214/2214 matched, players 5108/6252 matched
2026-08-18 06:12:54,375 INFO ncaa_identity: contest_id=634942 teams 2279/2279 matched, players 6272/6444 matched
2026-08-18 06:12:55,169 INFO ncaa_identity: contest_id=634958 teams 2077/2077 matched, players 5343/5856 matched
2026-08-18 06:12:56,771 INFO ncaa_identity: contest_id=635026 teams 1862/1862 matched, players 4803/5230 matched
2026-08-18 06:12:57,702 INFO ncaa_identity: contest_id=635044 teams 2468/2468 matched, players 5932/6926 matched
2026-08-18 06:12:59,517 INFO ncaa_identity: contest_id=635146 teams 1289/2444 matched, players 3510/6863 matched
2026-08-18 06:13:00,527 INFO ncaa_identity: contest_id=635236 teams 2772/2772 matched, players 7249/7803 matched
2026-08-18 06:13:02,272 INFO ncaa_identity: contest_id=635383 teams 1581/1581 matched, players 437/480 matched
2026-08-18 06:13:04,174 INFO ncaa_identity: contest_id=635421 teams 2175/2175 matched, players 5922/6136 matched
2026-08-18 06:13:05,038 INFO ncaa_identity: contest_id=635438 teams 2435/2435 match2026-08-18 06:13:05,802 INFO nc2026-08-18 06:13:06,282 INFO ncaa_identity: contest_id=635452 teams 3022/3022 match2026-08-18 06:13:06,975 INFO ncaa_identity: contest_id=634377 teams 2061/2061 matched, players 4712/5810 matched
2026-08-18 06:13:07,900 INFO nc2026-08-18 06:13:08,029 INFO ncaa_identity: contest_id=635561 teams 2519/2519 match2026-08-18 06:13:08,743 INFO nc2026-08-18 06:13:09,077 INFO ncaa_identity: contest_id=635624 teams 2372/2372 mat2026-08-18 06:13:09,864 INFO ncaa2026-08-18 06:13:10,047 INFO ncaa_identity: contest_id=635652 teams 20332026-08-12026-08-18 06:13:10,815 INFO ncaa2026-08-18 06:13:10,860 INFO ncaa_identity: contest_id=635692 teams 21912026-08-12026-08-18 06:13:13,318 INFO ncaa_identity: contest_id=634652 teams 2195/2195 matched, players 5725/6167 2026-08-18 06:13:16,289 INFO ncaa_identity: contest_id=635231 teams 1102/2137 matched, players 3032/6043 matched
2026-08-18 06:13:17,179 INFO ncaa_identity: contest_id=635279 teams 2622/2622 matched, players 6708/7381 matched
2026-08-12026-08-18 06:13:20,323 INFO ncaa_identity: contest_id=634945 teams 2258/2258 matched, players 6126/6321 2026-08-18 06:13:24,068 INFO ncaa_identity: contest_id=635450 teams 2237/2237 matched, players 6123/6296 matched
2026-08-18 06:13:32,395 INFO ncaa_identity: contest_id=635622 teams 2220/2220 matched, players 5777/6248 matched
2026-08-18 06:13:37,699 INFO ncaa_identity: contest_id=635690 teams 1998/1998 matched, players 4541/5630 matched
2026-08-18 06:13:44,062 INFO ncaa_identity: contest_id=635761 teams 1175/2359 matched, players 3301/6675 matched
2026-08-18 06:13:47,047 INFO ncaa_identity2026-08-18 06:13:47,757 INFO ncaa_identity: contest_id=636385 teams 19382026-08-18 06:14:08,875 INFO ncaa_identity: contest_id=636084 teams 2216/2216 matched, players 6159/6245 matched
2026-08-18 06:14:12,080 INFO ncaa_identity: contest_id=636102 teams 2247/2247 matched, players 6292/6344 matched
2026-08-18 06:14:17,133 INFO ncaa_identity: contest_id=636131 teams 2194/2194 matched, players 5939/6164 matched
2026-08-18 06:14:20,148 INFO ncaa_identity: contest_id=636171 teams 2140/2140 matched, players 5786/6043 matched
2026-08-18 06:14:23,297 INFO ncaa_identity: contest_id=636254 teams 2274/2274 matched, players 5983/6429 matched
2026-08-18 06:14:26,236 INFO ncaa_identity: contest_id=636273 teams 2281/2281 matched, players 6169/6433 matched
2026-08-18 06:14:32,351 INFO ncaa_identity: contest_id=636335 teams 2660/2660 matched, players 7105/7521 matched
2026-08-12026-08-18 062026-08-18 06:14:42,918 INFO ncaa_identity: contest_id=636676 teams 2162/2162 matched, players 5628/62026-08-18 062026-08-18 06:15:06,466 INFO ncaa_identity: contest_id=636935 teams 2321/2321 matched, players 6028/6516 matched
2026-08-18 06:15:27,720 INFO ncaa_identity: contest_id=637236 teams 2011/2011 matched, players 5617/5645 matched
2026-08-18 06:15:28,647 INFO ncaa_identity: contest_id=637303 teams 2513/2513 matched, players 5837/7047 matched
2026-08-18 06:15:33,193 INFO ncaa_identity: contest_id=637377 teams 2338/2338 matched, players 6505/6574 matched
2026-08-18 06:15:34,174 INFO ncaa_identity: contest_id=637392 teams 2149/2149 matched, players 5600/6096 matched
2026-08-18 06:15:34,958 INFO ncaa_identity: contest_id=637405 teams 1961/1961 matched, players 5410/5520 matched
2026-08-18 06:15:35,977 INFO ncaa_identity: contest_id=637420 teams 2191/2191 matched, players 5837/6158 matched
2026-08-18 06:15:37,519 INFO ncaa_identity: contest_id=637535 teams 2301/2301 matched, players 6208/6532 matched
2026-08-18 06:15:39,226 INFO ncaa_identity: contest_id=637559 teams 2678/2678 matched, players 7231/7566 matched
2026-08-18 06:15:41,067 INFO ncaa_identity: contest_id=637594 teams 1841/1841 matched, players 4733/5186 matched
2026-08-18 06:15:42,943 INFO ncaa_identity: contest_id=637618 teams 2397/2397 matched, players 6143/6728 matched
2026-08-18 06:15:47,660 INFO ncaa_identity: contest_id=637719 teams 2071/2071 matched, players 5817/5848 matched
2026-08-18 06:15:48,542 INFO ncaa_identity: contest_id=637751 teams 2430/2430 matched, players 6132/6857 matched
2026-08-18 06:15:49,541 INFO ncaa_identity: contest_id=637767 teams 2317/2317 matched, players 6096/6512 matched
2026-08-18 06:15:55,009 INFO ncaa_identity: contest_id=637885 teams 2077/2077 matched, players 5229/5849 matched
2026-08-18 06:15:57,212 INFO ncaa_identity: contest_id=637909 teams 2355/2355 matched, players 6460/6633 matched
2026-08-18 06:16:00,260 INFO ncaa_identity: contest_id=637989 teams 2425/2425 matched, players 6450/6807 matched
2026-08-18 06:16:02,730 INFO ncaa_identity: contest_id=638036 teams 2142/2142 matched, players 5812/5998 matched
2026-08-18 06:16:03,653 INFO ncaa_identity: contest_id=638048 teams 2581/2581 matched, players 6962/7299 matched
2026-08-18 06:16:04,272 INFO ncaa_identity: contest_id=638060 teams 2002/2002 matched, players 5312/5641 matched
2026-08-18 06:16:09,378 INFO ncaa_identity: contest_id=638183 teams 2398/2398 matched, players 6366/6746 matched
2026-08-18 06:16:10,418 INFO ncaa_identity: contest_id=638206 teams 1497/2871 matched, players 4087/8150 matched
2026-08-18 06:16:15,991 INFO ncaa_identity: contest_id=638288 teams 2172/2172 matched, players 5791/6139 matched
2026-08-18 06:16:19,250 INFO ncaa_identity: contest_id=638342 teams 2042/2042 matched, players 5361/5773 matched
2026-08-18 06:16:20,886 INFO ncaa_identity: contest_id=638367 teams 2277/2277 matched, players 5889/6438 matched
2026-08-18 06:16:21,870 INFO ncaa_identity: contest_id=541412 teams 2378/2378 matched, players 6396/6758 matched
2026-08-18 06:16:22,935 INFO ncaa_identity: contest_id=541424 teams 2671/2671 matched, players 6585/7553 matched
2026-08-18 06:16:23,965 INFO ncaa_identity: contest_id=541438 teams 2417/2417 matched, players 873/899 matched
2026-08-18 06:16:26,053 INFO ncaa_identity: contest_id=541463 teams 2653/2653 matched, players 7009/7488 matched
2026-08-18 06:16:27,233 INFO ncaa_identity: contest_id=541476 teams 2659/2659 matched, players 7100/7505 matched
2026-08-18 06:16:29,228 INFO ncaa_identity: contest_id=541512 teams 2425/2425 matched, players 6693/6808 matched
2026-08-18 06:16:29,681 INFO ncaa_identity: contest_id=541532 teams 1468/2831 matched, players 3983/7912 matched
2026-08-18 06:16:31,183 INFO ncaa_identity: contest_id=541565 teams 4324/4324 matched, players 12093/12464 matched
2026-08-18 06:16:32,130 INFO ncaa_identity: contest_id=541592 teams 2010/2010 matched, players 5366/5643 matched
2026-08-18 06:16:32,803 INFO ncaa_identity: contest_id=541614 teams 2616/2616 matched, players 6900/7267 matched
2026-08-18 06:16:33,780 INFO ncaa_identity: contest_id=541644 teams 1215/2450 matched, players 2767/6889 matched
2026-08-18 06:16:34,639 INFO ncaa_identity: contest_id=541688 teams 2455/2455 matched, players 6640/6943 matched
2026-08-18 06:16:36,676 INFO ncaa_identity: contest_id=541739 teams 3113/3113 matched, players 8528/8751 matched
2026-08-18 06:16:41,182 INFO ncaa_identity: contest_id=541823 teams 2258/2258 matched, players 5949/6357 matched
2026-08-18 06:16:41,723 INFO ncaa_identity: contest_id=541841 teams 1425/2759 matched, players 2844/7709 matched
2026-08-18 06:16:44,988 INFO ncaa_identity: contest_id=541932 teams 2419/2419 matched, players 6204/6827 matched
2026-08-18 06:16:46,911 INFO ncaa_identity: contest_id=541962 teams 1867/1867 matched, players 614/660 matched
2026-08-18 06:16:48,074 INFO ncaa_identity: contest_id=541995 teams 2754/2754 matched, players 7507/7789 matched
2026-08-18 06:16:49,879 INFO ncaa_identity: contest_id=542020 teams 2499/2499 matched, players 6903/7036 matched
2026-08-18 06:16:50,496 INFO ncaa_identity: contest_id=542038 teams 1245/2494 matched, players 3490/6945 matched
2026-08-18 06:16:54,438 INFO ncaa_identity: contest_id=542227 teams 2904/2904 matched, players 7963/8206 matched
2026-08-18 06:16:55,772 INFO ncaa_identity: contest_id=542313 teams 1870/3745 matched, players 4763/10606 matched
2026-08-18 06:16:56,573 INFO ncaa_identity: contest_id=542345 teams 1968/1968 matched, players 5162/5565 matched
2026-08-18 06:16:58,746 INFO ncaa_identity: contest_id=542476 teams 2882/2882 matched, players 8015/8142 matched
2026-08-18 06:17:00,815 INFO ncaa_identity: contest_id=542665 teams 2442/2442 matched, players 6133/6854 matched
2026-08-18 06:17:02,757 INFO ncaa_identity: contest_id=542696 teams 1867/1867 matched, players 726/728 matched
2026-08-18 06:17:03,760 INFO ncaa_identity: contest_id=542712 teams 2492/2492 matched, players 6797/7019 matched
2026-08-18 06:17:04,589 INFO ncaa_identity: contest_id=542770 teams 2245/2245 matched, players 5814/6362 matched
2026-08-18 06:17:05,399 INFO ncaa_identity: contest_id=542785 teams 2373/2373 matched, players 5705/6663 matched
2026-08-18 06:17:06,530 INFO ncaa_identity: contest_id=542816 teams 2622/2622 matched, players 6245/7409 matched
2026-08-18 06:17:07,308 INFO ncaa_identity: contest_id=542855 teams 2340/2340 matched, players 6062/6597 matched
2026-08-18 06:17:10,778 INFO ncaa_identity: contest_id=543022 teams 2277/2277 matched, players 5866/6400 matched
2026-08-18 06:17:11,934 INFO ncaa_identity: contest_id=543096 teams 1370/2727 matched, players 3196/7622 matched
2026-08-18 06:17:13,962 INFO ncaa_identity: contest_id=543158 teams 2608/2608 matched, players 7052/7360 matched
2026-08-18 06:17:17,058 INFO ncaa_identity: contest_id=543310 teams 1028/2031 matched, players 248/498 matched
2026-08-18 06:17:18,960 INFO ncaa_identity: contest_id=543401 teams 2604/2604 matched, players 7140/7382 matched
2026-08-18 06:17:21,737 INFO ncaa_identity: contest_id=543497 teams 2444/2444 matched, players 6591/6874 matched
2026-08-18 06:17:22,837 INFO ncaa_identity: contest_id=543584 teams 2923/2923 matched, players 8129/8271 matched
2026-08-18 06:17:23,781 INFO ncaa_identity: contest_id=543705 teams 2551/2551 matched, players 6566/7137 matched
2026-08-18 06:17:24,628 INFO ncaa_identity: contest_id=543718 teams 2364/2364 matched, players 6431/6676 matched
2026-08-18 06:17:25,644 INFO 5 starters not found for period 3; using estimate
2026-08-18 06:17:26,539 INFO ncaa_identity: contest_id=543747 teams 2652/2652 matched, players 7393/7491 matched
2026-08-18 06:17:27,379 INFO ncaa_identity: contest_id=543782 teams 2403/2403 matched, players 5607/6726 matched
2026-08-18 06:17:33,729 INFO ncaa_identity: contest_id=544096 teams 2323/2323 matched, players 6460/6535 matched
2026-08-18 06:17:35,263 INFO ncaa_identity: contest_id=544138 teams 2225/2225 matched, players 5703/6262 matched
2026-08-18 06:17:36,376 INFO ncaa_identity: contest_id=544152 teams 2738/2738 matched, players 7427/7783 matched
2026-08-18 06:17:38,257 INFO ncaa_identity: contest_id=544195 teams 2469/2469 matched, players 6414/6951 matched
2026-08-18 06:17:39,895 INFO ncaa_identity: contest_id=544233 teams 2634/2634 matched, players 7216/7456 matched
2026-08-18 06:17:40,813 INFO ncaa_identity: contest_id=544249 teams 2113/2113 matched, players 5557/5954 matched
2026-08-18 06:17:41,807 INFO ncaa_identity: contest_id=544269 teams 2794/2794 matched, players 6289/7877 matched
2026-08-18 06:17:44,902 INFO ncaa_identity: contest_id=544350 teams 3072/3072 matched, players 7769/8703 matched
2026-08-18 06:17:45,814 INFO ncaa_identity: contest_id=544424 teams 2496/2496 matched, players 6773/7025 matched
2026-08-18 06:17:47,840 INFO ncaa_identity: contest_id=544460 teams 3004/3004 matched, players 8000/8481 matched
2026-08-18 06:17:50,579 INFO ncaa_identity: contest_id=544531 teams 2387/2387 matched, players 6274/6712 matched
2026-08-18 06:17:52,106 INFO ncaa_identity: contest_id=544589 teams 1244/2506 matched, players 3474/6952 matched
2026-08-18 06:17:54,091 INFO ncaa_identity: contest_id=544647 teams 1864/1864 matched, players 4731/5212 matched
2026-08-18 06:17:55,199 INFO ncaa_identity: contest_id=544692 teams 2559/2559 matched, players 6768/7235 matched
2026-08-18 06:17:56,086 INFO ncaa_identity: contest_id=544725 teams 2457/2457 matched, players 6654/6880 matched
2026-08-18 06:17:59,943 INFO ncaa_identity: contest_id=544880 teams 2518/2518 matched, players 6828/7106 matched
2026-08-18 06:18:01,268 INFO ncaa_identity: contest_id=544974 teams 1267/2535 matched, players 3539/7062 matched
2026-08-18 06:18:02,276 INFO ncaa_identity: contest_id=545028 teams 2266/2266 matched, players 5775/6346 matched
2026-08-18 06:18:03,271 INFO ncaa_identity: contest_id=545049 teams 2771/2771 matched, players 7469/7819 matched
2026-08-18 06:18:06,167 INFO ncaa_identity: contest_id=545218 teams 2473/2473 matched, players 6565/6936 matched
2026-08-18 06:18:06,986 INFO ncaa_identity: contest_id=545259 teams 2216/2216 matched, players 5708/6250 matched
2026-08-18 06:18:07,827 INFO ncaa_identity: contest_id=545308 teams 2469/2469 matched, players 6668/6967 matched
2026-08-18 06:18:08,842 INFO ncaa_identity: contest_id=545333 teams 2235/2235 matched, players 6252/6285 matched
2026-08-18 06:18:09,647 INFO ncaa_identity: contest_id=545367 teams 2273/2273 matched, players 6284/6405 matched
2026-08-18 06:18:10,723 INFO ncaa_identity: contest_id=545453 teams 2530/2530 matched, players 6226/7130 matched
2026-08-18 06:18:13,678 INFO ncaa_identity: contest_id=545598 teams 2497/2497 matched, players 6722/7051 matched
2026-08-18 06:18:15,696 INFO ncaa_identity: contest_id=545658 teams 2540/2540 matched, players 5536/7133 matched
2026-08-18 06:18:18,304 INFO ncaa_identity: contest_id=545783 teams 2347/2347 matched, players 6192/6606 matched
2026-08-18 06:18:20,252 INFO ncaa_identity: contest_id=545902 teams 2131/2131 matched, players 5546/5941 matched
2026-08-18 06:18:23,367 INFO ncaa_identity: contest_id=546064 teams 3341/3341 matched, players 9014/9598 matched
2026-08-18 06:18:24,431 INFO ncaa_identity: contest_id=546097 teams 1419/2683 matched, players 3818/7571 matched
2026-08-18 06:18:28,463 INFO ncaa_identity: contest_id=546170 teams 2300/2300 matched, players 6478/6482 matched
2026-08-18 06:18:30,198 INFO ncaa_identity: contest_id=546250 teams 2204/2204 matched, players 5797/6172 matched
2026-08-18 06:18:31,687 INFO ncaa_identity: contest_id=546312 teams 1299/2525 matched, players 3551/7062 matched
2026-08-18 06:18:32,693 INFO ncaa_identity: contest_id=546350 teams 2322/2322 matched, players 6100/6524 matched
2026-08-18 06:18:35,731 INFO ncaa_identity: contest_id=546440 teams 2620/2620 matched, players 6585/7394 matched
2026-08-18 06:18:36,808 INFO ncaa_identity: contest_id=546465 teams 2405/2405 matched, players 5976/6724 matched
2026-08-18 06:18:38,458 INFO ncaa_identity: contest_id=546535 teams 2416/2416 matched, players 6263/6744 matched
2026-08-18 06:18:39,540 INFO ncaa_identity: contest_id=546552 teams 2592/2592 matched, players 7015/7279 matched
2026-08-18 06:18:40,496 INFO ncaa_identity: contest_id=546568 teams 3157/3157 matched, players 8132/8961 matched
2026-08-18 06:18:41,556 INFO ncaa_identity: contest_id=546606 teams 2662/2662 matched, players 7044/7566 matched
2026-08-18 06:18:42,375 INFO ncaa_identity: contest_id=546631 teams 2120/2120 matched, players 5624/5950 matched
2026-08-18 06:18:46,332 INFO ncaa_identity: contest_id=546720 teams 1138/2269 matched, players 3220/6385 matched
2026-08-18 06:18:47,297 INFO ncaa_identity: contest_id=546738 teams 2756/2756 matched, players 7458/7754 matched
2026-08-18 06:18:52,258 INFO ncaa_identity: contest_id=546884 teams 2272/2272 matched, players 5651/6394 matched
2026-08-18 06:18:54,782 INFO ncaa_identity: contest_id=546946 teams 2312/2312 matched, players 6169/6518 matched
2026-08-18 06:18:55,672 INFO ncaa_identity: contest_id=546959 teams 2541/2541 matched, players 5930/7201 matched
2026-08-18 06:18:56,740 INFO ncaa_identity: contest_id=546977 teams 2572/2572 matched, players 6822/7257 matched
2026-08-18 06:18:57,632 INFO ncaa_identity: contest_id=547015 teams 2654/2654 matched, players 7026/7515 matched
2026-08-18 06:18:59,388 INFO ncaa_identity: contest_id=547046 teams 2672/2672 matched, players 7465/7528 matched
2026-08-18 06:19:05,240 INFO ncaa_identity: contest_id=547172 teams 2565/2565 matched, players 7027/7237 matched
2026-08-18 06:19:06,132 INFO ncaa_identity: contest_id=547191 teams 2356/2356 matched, players 5841/6622 matched
2026-08-18 06:19:06,818 INFO ncaa_identity: contest_id=547218 teams 1220/2456 matched, players 3154/6857 matched
2026-08-18 06:19:07,759 INFO ncaa_identity: contest_id=547243 teams 2088/2088 matched, players 5657/5912 matched
2026-08-18 06:19:09,376 INFO ncaa_identity: contest_id=547313 teams 2393/2393 matched, players 6476/6763 matched
2026-08-18 06:19:12,283 INFO ncaa_identity: contest_id=547363 teams 2497/2497 matched, players 6651/7048 matched
2026-08-18 06:19:13,282 INFO ncaa_identity: contest_id=547377 teams 3036/3036 matched, players 8236/8569 matched
2026-08-18 06:19:14,355 2026-08-18 06:19:16,360 INFO ncaa_identity: contest_id=547298 teams 1145/2284 matched, players 3208/6394 matched
2026-08-18 06:19:18,247 INFO ncaa_identity: contest_id=547342 teams 2460/2460 matched, players 6561/6888 matched
2026-08-18 06:19:20,083 INFO ncaa_identity: contest_id=547371 teams 2560/2560 matched, players 6744/7183 matched
2026-08-18 06:19:22,855 INFO ncaa_identity: contest_id=547417 teams 1187/2334 matched, players 3132/6553 matched
2026-08-18 06:19:26,033 INFO ncaa_identity: contest_id=547578 teams 1210/2436 matched, players 3405/6815 matched
2026-08-18 06:19:31,795 INFO ncaa_identity: contest_id=547759 teams 2418/2418 matched, players 6275/6838 matched
2026-08-18 06:19:35,349 INFO ncaa_identity: contest_id=547986 teams 2280/2280 matched, players 6298/6413 matched
2026-08-18 06:19:36,104 INFO ncaa_identity: contest_id=548004 teams 2004/2004 matched, players 4851/5592 matched
2026-08-18 06:19:37,765 INFO ncaa_identity: contest_id=548060 teams 1130/2241 matched, players 3121/6325 matched
2026-08-18 06:19:38,813 INFO ncaa_identity: contest_id=548123 teams 2442/2442 matched, players 6531/6898 matched
2026-08-18 06:19:40,758 INFO ncaa_identity: contest_id=548228 teams 2729/2729 matched, players 7155/7700 matched
2026-08-18 06:19:41,750 INFO ncaa_identity: contest_id=548258 teams 2788/2788 matched, players 6866/7861 matched
2026-08-18 06:19:42,860 INFO ncaa_identity: contest_id=548284 teams 2713/2713 matched, players 7245/7658 matched
2026-08-18 06:19:43,788 INFO ncaa_identity: contest_id=548381 teams 1417/2777 matched, players 4019/7845 matched
2026-08-18 06:19:44,674 INFO ncaa_identity: contest_id=548400 teams 2309/2309 matched, players 6270/6515 matched
2026-08-18 06:19:47,555 INFO ncaa_identity: contest_id=548476 teams 2222/2222 matched, players 6038/6213 matched
2026-08-18 06:19:48,564 INFO ncaa_identity: contest_id=548561 teams 1387/2880 matched, players 3538/8143 matched
2026-08-18 06:19:52,232 INFO ncaa_identity: contest_id=548752 teams 2250/2250 matched, players 5781/6331 matched
2026-08-18 06:19:53,073 INFO ncaa_identity: contest_id=548781 teams 2514/2514 matched, players 6820/7116 matched
2026-08-18 06:19:55,013 INFO ncaa_identity: contest_id=548836 teams 2477/2477 matched, players 6863/7005 matched
2026-08-18 06:19:56,125 INFO ncaa_identity: contest_id=548865 teams 2637/2637 matched, players 7088/7460 matched
2026-08-18 06:19:56,907 INFO ncaa_identity: contest_id=548882 teams 1999/1999 matched, players 5434/5615 matched
2026-08-18 06:19:58,929 INFO ncaa_identity: contest_id=549083 teams 2721/2721 matched, players 7662/7726 matched
2026-08-18 06:19:59,842 INFO ncaa_identity: contest_id=549098 teams 2465/2465 matched, players 6375/6918 matched
2026-08-18 06:20:01,621 INFO ncaa_identity: contest_id=549127 teams 2427/2427 matched, players 6794/6832 matched
2026-08-18 06:20:02,739 INFO ncaa_identity: contest_id=549160 teams 1313/2575 matched, players 2811/7242 matched
2026-08-18 06:20:03,545 INFO ncaa_identity: contest_id=549183 teams 1957/1957 matched, players 5009/5533 matched
2026-08-18 06:20:04,357 INFO ncaa_identity: contest_id=549217 teams 1320/2449 matched, players 3559/6935 matched
2026-08-18 06:20:06,200 INFO ncaa_identity: contest_id=549363 teams 2647/2647 matched, players 7462/7479 matched
2026-08-18 06:20:07,098 INFO ncaa_identity: contest_id=549393 teams 2631/2631 matched, players 7326/7422 matched
2026-08-18 06:20:08,084 INFO ncaa_identity: contest_id=549424 teams 2104/2104 matched, players 5136/5939 matched
2026-08-18 06:20:12,063 INFO ncaa_identity: contest_id=549571 teams 2766/2766 matched, players 7464/7842 matched
2026-08-18 06:20:19,646 INFO ncaa_identity: contest_id=549872 teams 2791/2791 matched, players 7453/7890 matched
2026-08-18 06:20:21,622 INFO ncaa_identity: contest_id=549945 teams 2668/2668 matched, players 7456/7521 matched
2026-08-18 06:20:24,354 INFO ncaa_identity: contest_id=550172 teams 2671/2671 matched, players 7531/7534 matched
2026-08-18 06:20:25,644 INFO ncaa_identity: contest_id=550196 teams 3179/3179 matched, players 8787/9017 matched
2026-08-18 06:20:26,538 INFO ncaa_identity: contest_id=550209 teams 2288/2288 matched, players 6159/6378 matched
2026-08-18 06:20:27,629 INFO ncaa_identity: contest_id=550225 teams 2684/2684 matched, players 7046/7513 matched
2026-08-18 06:20:29,488 INFO ncaa_identity: contest_id=550269 teams 2423/2423 matched, players 6464/6814 matched
2026-08-18 06:20:32,992 INFO ncaa_identity: contest_id=550461 teams 1904/1904 matched, players 4994/5379 matched
2026-08-18 06:20:33,952 INFO ncaa_identity: contest_id=550490 teams 2211/2211 matched, players 6100/6203 matched
2026-08-18 06:20:34,881 INFO ncaa_identity: contest_id=550588 teams 2590/2590 matched, players 7015/7328 matched
2026-08-18 06:20:35,912 INFO ncaa_identity: contest_id=550602 teams 2258/2258 matched, players 4908/6310 matched
2026-08-18 06:20:36,677 INFO ncaa_identity: contest_id=550623 teams 1124/2297 matched, players 2924/6471 matched
2026-08-18 06:20:37,461 INFO ncaa_identity: contest_id=550645 teams 1979/1979 matched, players 5398/5507 matched
2026-08-18 06:20:38,311 INFO ncaa_identity: contest_id=550663 teams 1753/1753 matched, players 4730/4913 matched
2026-08-18 06:20:39,945 INFO ncaa_identity: contest_id=550835 teams 2321/2321 matched, players 5944/6472 matched
2026-08-18 06:20:42,876 INFO ncaa_identity: contest_id=550930 teams 1274/2566 matched, players 3560/7234 matched
2026-08-18 06:20:46,138 INFO ncaa_identity: contest_id=551051 teams 2395/2395 matched, players 6591/6761 matched
2026-08-18 06:20:47,843 INFO ncaa_identity: contest_id=551228 teams 2200/2200 matched, players 5752/6200 matched
2026-08-18 06:20:49,754 INFO ncaa_identity: contest_id=551280 teams 2103/2103 matched, players 5444/5895 matched
2026-08-18 06:20:53,208 INFO ncaa_identity: contest_id=551357 teams 1266/2437 matched, players 2808/6872 matched
2026-08-18 06:20:54,927 INFO ncaa_identity: contest_id=551480 teams 2279/2279 matched, players 5997/6434 matched
2026-08-18 06:20:55,844 INFO ncaa_identity: contest_id=551515 teams 1025/2001 matched, players 2859/5620 matched
2026-08-18 06:20:56,602 INFO ncaa_identity: contest_id=551544 teams 2141/2141 matched, players 5511/6004 matched
2026-08-18 06:20:59,788 INFO ncaa_identity: contest_id=551691 teams 1325/2606 matched, players 3175/7324 matched
2026-08-18 06:21:01,405 INFO ncaa_identity: contest_id=551738 teams 1215/2448 matched, players 3402/6925 matched
2026-08-18 06:21:06,420 INFO ncaa_identity: contest_id=552005 teams 1958/1958 matched, players 5356/5502 matched
2026-08-18 06:21:07,315 INFO ncaa_identity: contest_id=552031 teams 2816/2816 matched, players 7713/7979 matched
2026-08-18 06:21:08,276 INFO ncaa_identity: contest_id=552054 teams 2349/2349 matched, players 5756/6601 matched
2026-08-18 06:21:09,019 INFO ncaa_identity: contest_id=552084 teams 2343/2343 matched, players 5983/6571 matched
2026-08-18 06:21:10,087 INFO ncaa_identity: contest_id=552106 teams 2752/2752 matched, players 7538/7737 matched
2026-08-18 06:21:11,809 INFO ncaa_identity: contest_id=552293 teams 2499/2499 matched, players 6698/7103 matched
2026-08-18 06:21:15,846 INFO ncaa_identity: contest_id=552421 teams 2214/2214 matched, players 5852/6250 matched
2026-08-18 06:21:17,489 INFO ncaa_identity: contest_id=552538 teams 2341/2341 matched, players 6201/6617 matched
2026-08-18 06:21:18,454 INFO ncaa_identity: contest_id=552570 teams 2293/2293 matched, players 5731/6481 matched
2026-08-18 06:21:19,160 INFO ncaa_identity: contest_id=552593 teams 2213/2213 matched, players 6132/6242 matched
2026-08-18 06:21:21,540 INFO ncaa_identity: contest_id=552716 teams 2395/2395 matched, players 6629/6750 matched
2026-08-18 06:21:23,341 INFO ncaa_identity: contest_id=552760 teams 2342/2342 matched, players 6270/6559 matched
2026-08-18 06:21:25,417 INFO ncaa_identity: contest_id=552891 teams 2580/2580 matched, players 6957/7277 matched
2026-08-18 06:21:26,262 INFO ncaa_identity: contest_id=552962 teams 2126/2126 matched, players 5574/5982 matched
2026-08-18 06:21:27,861 INFO ncaa_identity: contest_id=553025 teams 1831/1831 matched, players 4977/5173 matched
2026-08-18 06:21:28,897 INFO ncaa_identity: contest_id=553048 teams 2911/2911 matched, players 7429/8285 matched
2026-08-18 06:21:31,487 INFO ncaa_identity: contest_id=553158 teams 2614/2614 matched, players 6917/7389 matched
2026-08-18 06:21:33,195 INFO ncaa_identity: contest_id=553218 teams 2531/2531 matched, players 6655/7121 matched
2026-08-18 06:21:34,067 INFO ncaa_identity: contest_id=553356 teams 1302/2771 matched, players 3120/7856 matched
2026-08-18 06:21:35,049 INFO ncaa_identity: contest_id=553411 teams 2805/2805 matched, players 7347/7929 matched
2026-08-18 06:21:35,958 INFO ncaa_identity: contest_id=553426 teams 2426/2426 matched, players 6068/6776 matched
2026-08-18 06:21:36,670 INFO ncaa_identity: contest_id=553442 teams 2227/2227 matched, players 5527/6254 matched
2026-08-18 06:21:37,624 INFO ncaa_identity: contest_id=553469 teams 2557/2557 matched, players 6865/7179 matched
2026-08-18 06:21:41,166 INFO ncaa_identity: contest_id=553656 teams 2902/2902 matched, players 8081/8248 matched
2026-08-18 06:21:41,935 INFO ncaa_identity: contest_id=553693 teams 2128/2128 matched, players 5299/5979 matched
2026-08-18 06:21:44,413 INFO ncaa_identity: contest_id=553825 teams 1957/1957 matched, players 4905/5486 matched
2026-08-18 06:21:44,508 INFO 5 starters not found for period 3; using estimate
2026-08-18 06:21:46,331 INFO ncaa_identity: contest_id=553871 teams 2496/2496 matched, players 6448/7026 matched
2026-08-18 06:21:48,659 INFO ncaa_identity: contest_id=554024 teams 2586/2586 matched, players 6915/7293 matched
2026-08-18 06:21:49,505 INFO ncaa_identity: contest_id=554055 teams 1998/1998 matched, players 5102/5609 matched
2026-08-18 06:21:50,330 INFO ncaa_identity: contest_id=554080 teams 2326/2326 matched, players 5701/6604 matched
2026-08-18 06:21:52,810 INFO ncaa_identity: contest_id=554161 teams 2468/2468 matched, players 6843/6998 matched
2026-08-18 06:21:55,980 INFO ncaa_identity: contest_id=554405 teams 2096/2096 matched, players 5417/5908 matched
2026-08-18 06:21:57,718 INFO ncaa_identity: contest_id=554475 teams 2588/2588 matched, players 6712/7307 matched
2026-08-18 06:21:58,367 INFO ncaa_identity: contest_id=554491 teams 1989/1989 matched, players 5527/5584 matched
2026-08-18 06:21:59,984 INFO ncaa_identity: contest_id=554543 teams 2476/2476 matched, players 6514/6950 matched
2026-08-18 06:22:01,114 INFO ncaa_identity: contest_id=554573 tea2026-08-18 06:22:03,383 INFO ncaa_identity: contest_id=555527 teams 2279/2279 matched, players 6356/6440 matched
2026-08-18 06:22:04,350 INFO ncaa_identity: contest_id=555541 teams 2570/2570 matched, players 6813/7208 matched
2026-08-18 06:22:05,057 INFO ncaa_identity: contest_id=555557 teams 2327/2327 matched, players 6271/6557 matched
2026-08-18 06:22:07,371 INFO ncaa_identity: contest_id=555615 teams 2078/2078 matched, players 5355/5859 matched
2026-08-18 06:22:08,282 INFO ncaa_identity: contest_id=555737 teams 2539/2539 matched, players 6263/7153 matched
2026-08-18 06:22:09,960 INFO ncaa_identity: contest_id=555770 teams 2398/2398 matched, players 6161/6748 matched
2026-08-18 06:22:11,742 INFO ncaa_identity: contest_id=555845 teams 2371/2371 matched, players 6663/6698 matched
2026-08-18 06:22:12,549 INFO ncaa_identity: contest_id=555858 teams 2628/2628 matched, players 6795/7420 matched
2026-08-18 06:22:14,464 INFO ncaa_identity: contest_id=555888 teams 2623/2623 matched, players 7386/7424 matched
2026-08-18 06:22:15,184 INFO ncaa_identity: contest_id=555903 teams 2067/2067 matched, players 5704/5808 matched
2026-08-18 06:22:16,883 INFO ncaa_identity: contest_id=556001 teams 2285/2285 matched, players 6326/6442 matched
2026-08-18 06:22:19,505 INFO ncaa_identity: contest_2026-08-18 06:22:22,130 INFO ncaa_identity: contest_id=555988 teams 1516/1516 matched, players 586/588 matched
2026-08-18 06:22:22,890 INFO ncaa_identity: contest_id=556006 teams 2503/2503 matched, players 6525/7106 matched
2026-08-18 06:22:23,840 INFO ncaa_identity: contest_id=556078 teams 2495/2495 matched, players 6689/6992 matched
2026-08-18 06:22:26,201 INFO ncaa_identity: contest_id=556126 teams 2407/2407 matched, players 6721/6785 matched
2026-08-18 06:22:27,914 INFO ncaa_identity: contest_id=556155 teams 2396/2396 matched, players 6093/6726 matched
2026-08-18 06:22:29,450 INFO ncaa_identity: contest_id=556180 teams 2107/2107 matched, players 5630/5900 matched
2026-08-18 06:22:30,832 INFO ncaa_identity: contest_id=556322 teams 2190/2190 matched, players 5524/6196 matched
2026-08-18 06:22:35,836 INFO ncaa_identity: contest_id=556426 teams 1297/2771 matched, players 3669/7849 matched
2026-08-18 06:22:37,231 INFO ncaa_identity: contest_id=556476 teams 2087/2087 matched, players 5813/5869 matched22026-08-18 06:22:39,586 INFO ncaa_identity: contest_id=556543 teams 1998/1998 matched, players 5356/5661 matched
2026-08-18 06:22:40,266 INFO ncaa_identity: contest_id=556555 teams 1983/1983 matched, players 5321/5572 matched22026-08-18 06:22:43,874 INFO ncaa_identity: contest_id=556640 teams 2482/2482 matched, players 6524/6982 matched22026-08-18 06:22:48,957 INFO ncaa_identity: contest_id=556770 teams 2401/2401 matched, players 5682/6782 matched22026-08-18 06:22:50,720 INFO ncaa_identity: contest_id=556794 teams 2686/2686 matched, players 7037/7588 matched2026-08-18 06:22:53,680 INFO ncaa_identity: contest_id=556646 teams 2093/2093 matched, players 5630/5898 matched
2026-08-18 06:22:55,526 INFO ncaa_identity: contest_id=556708 teams 2595/2595 matched, players 6983/7334 matched
2026-08-18 06:22:56,845 INFO ncaa_identity: contest_id=556749 teams 1886/1886 matched, players 4805/5278 matched
2026-08-18 06:22:59,560 INFO ncaa_identity: contest_id=556788 teams 2624/2624 matched, players 6279/7375 matched
2026-08-18 06:23:01,202 INFO ncaa_identity: contest_id=556847 teams 2451/2451 matched, players 6463/6956 matched
22026-08-18 06:23:02,552 INFO ncaa_identity: contest_id=557057 teams 2564/2564 matched, players 6419/7198 matched22026-08-18 06:23:04,344 INFO ncaa_identity: contest_id=557104 teams 2368/2368 matched, players 6102/6655 matche2022026-08-18 06:23:05,967 INFO ncaa_identity: contest_id=557165 teams 2208/2208 matched, players 5758/6253 matche2022026-08-18 06:23:10,592 INFO ncaa_identity: contest_id=557250 teams 1239/2404 matched, players 3208/6760 matched
2026-08-18 06:23:12,274 INFO ncaa_identity: contest_id=557274 teams 2018/2018 matched, players 5156/5686 matched
2026-08-18 06:23:13,052 INFO ncaa_identity: contest_id=557292 teams 2532/2532 matched, players 6141/7185 matche2026-08-18 06:23:19,557 INFO ncaa_identity: contest_id=557230 teams 2082/2082 matched, players 5021/5825 matched
2026-08-18 06:23:20,368 INFO ncaa_identity: contest_id=557244 teams 2771/2771 matched, players 7328/7864 matched
2026-08-18 06:23:22,129 INFO ncaa_identity: contest_id=557268 teams 2472/2472 matched, players 6840/6997 matched
2026-08-18 06:23:23,103 INFO ncaa_identity: contest_id=557280 teams 2494/2494 matched, players 6119/7006 matched
2026-08-18 06:23:23,794 INFO ncaa_identity: contest_id=557298 teams 1914/1914 matched, players 5116/5378 matched
2026-08-18 06:23:25,452 INFO ncaa_identity: contest_id=557323 teams 2262/2262 matched, players 5750/6351 matched
2026-08-18 06:23:27,038 INFO ncaa_identity: contest_id=385642 teams 4162/4162 matched, players 1616/1655 matched
2026-08-18 06:23:27,769 INFO ncaa_identity: contest_id=385658 teams 2331/2331 matched, players 5646/6577 matched
2026-08-18 06:23:29,512 INFO ncaa_identity: contest_id=385687 teams 2505/2505 matched, players 6719/7042 matched
2026-08-18 06:23:31,964 INFO ncaa_identity: contest_id=385728 teams 1036/2129 matched, players 3013/5993 matched
2026-08-18 06:23:32,979 INFO ncaa_identity: contest_id=385741 teams 2678/2678 matched, players 6907/7522 matched
2026-08-18 06:23:33,867 INFO ncaa_identity: contest_id=385753 teams 2703/2703 matched, players 6748/7634 matched
2026-08-18 06:23:37,913 INFO ncaa_identity: contest_id=386060 teams 1308/2541 matched, players 3342/7141 matched
2026-08-18 06:23:40,322 INFO ncaa_identity: contest_id=386262 teams 2517/2517 matched, players 6635/7079 matched
2026-08-18 06:23:42,927 INFO ncaa_identity: contest_id=386314 teams 1131/2299 matched, players 3200/6437 matched
2026-08-18 06:23:43,711 INFO ncaa_identity: contest_id=386453 teams 2406/2406 matched, players 6664/6760 matched
2026-08-18 06:23:45,915 INFO ncaa_identity: contest_id=386507 teams 1233/2404 matched, players 3377/6659 matched
2026-08-18 06:23:47,474 INFO ncaa_identity: contest_id=386560 teams 2439/2439 matched, players 6432/6885 matched
2026-08-18 06:23:48,223 INFO ncaa_identity: contest_id=386576 teams 2451/2451 matched, players 5998/6892 matched
2026-08-18 06:23:50,559 INFO ncaa_identity: contest_id=386665 teams 4374/4374 matched, players 12494/12530 matched
2026-08-18 06:23:52,202 INFO ncaa_identity: contest_id=386728 teams 2595/2595 matched, players 6769/7263 matched
2026-08-18 06:23:53,132 INFO ncaa_identity: contest_id=386754 teams 2543/2543 matched, players 5748/7172 matched
2026-08-18 06:23:57,603 INFO ncaa_identity: contest_id=386959 teams 2488/2488 matched, players 7013/7067 matched
2026-08-18 06:23:59,367 INFO ncaa_identity: contest_id=387000 teams 2514/2514 matched, players 6784/7098 matched
2026-08-18 06:24:00,170 INFO ncaa_identity: contest_id=387027 teams 2410/2410 matched, players 6454/6776 matched
2026-08-18 06:24:01,231 INFO ncaa_identity: contest_id=387092 teams 2841/2841 matched, players 7570/7972 matched
2026-08-18 06:24:03,023 INFO ncaa_identity: contest_id=387204 teams 2692/2692 matched, players 7039/7590 matched
2026-08-18 06:24:04,010 INFO ncaa_identity: contest_id=387226 teams 3270/3270 matched, players 9036/9304 matched
2026-08-18 06:24:04,993 INFO ncaa_identity: contest_id=387249 teams 2591/2591 matched, players 5219/7285 matched
2026-08-18 06:24:05,868 INFO ncaa_identity: contest_id=387367 teams 2709/2709 matched, players 6778/7637 matched
2026-08-18 06:24:07,556 INFO ncaa_identity: contest_id=387495 teams 2478/2478 matched, players 6790/6954 matched
2026-08-18 06:24:10,127 INFO ncaa_identity: contest_id=387540 teams 2821/2821 matched, players 7716/7992 matched
2026-08-18 06:24:10,936 INFO ncaa_identity: contest_id=387582 teams 2322/2322 matched, players 5479/6567 matched
2026-08-18 06:24:11,783 INFO ncaa_identity: contest_id=387599 teams 2553/2553 matched, players 7019/7152 matched
2026-08-18 06:24:12,659 INFO ncaa_identity: contest_id=387630 teams 2314/2314 matched, players 6095/6535 matched
2026-08-18 06:24:14,437 INFO ncaa_identity: contest_id=387711 teams 2939/2939 matched, players 6723/8291 matched
2026-08-18 06:24:15,273 INFO ncaa_identity: contest_id=387734 teams 2387/2387 matched, players 5905/6699 matched
2026-08-18 06:24:16,146 INFO ncaa_identity: contest_id=387767 teams 1232/2504 matched, players 3479/7062 matched
2026-08-18 06:24:16,900 INFO ncaa_identity: contest_id=387825 teams 1297/2573 matched, players 3705/7264 matched
2026-08-18 06:24:17,689 INFO ncaa_identity: contest_id=387917 teams 2491/2491 matched, players 6697/7011 matched
2026-08-18 06:24:20,464 INFO ncaa_identity: contest_id=387995 teams 1628/3331 matched, players 4639/9435 matched
2026-08-18 06:24:22,235 INFO ncaa_identity: contest_id=388031 teams 2412/2412 matched, players 6167/6782 matched
2026-08-18 06:24:23,133 INFO ncaa_identity: contest_id=388043 teams 2726/2726 matched, players 7286/7647 matched
2026-08-18 06:24:24,076 INFO ncaa_identity: contest_id=388058 teams 2246/2246 matched, players 5985/6222 matched
2026-08-18 06:24:25,991 INFO ncaa_identity: contest_id=388112 teams 2462/2462 matched, players 5977/6923 matched
2026-08-18 06:24:27,645 INFO ncaa_identity: contest_id=388146 teams 2582/2582 matched, players 6412/7231 matched
2026-08-18 06:24:31,017 INFO ncaa_identity: contest_id=388252 teams 1075/2136 matched, players 3036/6031 matched
2026-08-18 06:24:32,726 INFO ncaa_identity: contest_id=388340 teams 2576/2576 matched, players 6988/7279 matched
2026-08-18 06:24:33,471 INFO ncaa_identity: contest_id=388362 teams 2149/2149 matched, players 5393/6037 matched
2026-08-18 06:24:35,243 INFO ncaa_identity: contest_id=388401 teams 2604/2604 matched, players 6797/7335 matched
2026-08-18 06:24:36,236 INFO ncaa_identity: contest_id=388437 teams 2551/2551 matched, players 6833/7166 matched
2026-08-18 06:24:40,326 INFO ncaa_identity: contest_id=388562 teams 2481/2481 matched, players 6777/6965 matched
2026-08-18 06:24:41,160 INFO ncaa_identity: contest_id=388626 teams 2521/2521 matched, players 6474/7126 matched
2026-08-18 06:24:42,232 INFO ncaa_identity: contest_id=388648 teams 2881/2881 matched, players 7592/8147 matched
2026-08-18 06:24:43,171 INFO ncaa_identity: contest_id=388665 teams 3291/3291 matched, players 8881/9321 matched
2026-08-18 06:24:43,507 INFO ncaa_identity: contest_id=388700 teams 936/1919 matched, players 1882/5324 matched
2026-08-18 06:24:46,335 INFO ncaa_identity: contest_id=388798 teams 1951/1951 matched, players 5390/5468 matched
2026-08-18 06:24:47,369 INFO ncaa_identity: contest_id=388821 teams 2672/2672 matched, players 6155/7535 matched
2026-08-18 06:24:48,355 INFO ncaa_identity: contest_id=388849 teams 2285/2285 matched, players 5837/6468 matched
2026-08-18 06:24:49,149 INFO ncaa_identity: contest_id=388880 teams 2523/2523 matched, players 6919/7137 matched
2026-08-18 06:24:50,130 INFO ncaa_identity: contest_id=388974 teams 1370/2711 matched, players 3857/7650 matched
2026-08-18 06:24:50,901 INFO ncaa_identity: contest_id=388998 teams 2199/2199 matched, players 6083/6168 matched
2026-08-18 06:24:53,358 INFO ncaa_identity: contest_id=389127 teams 2369/2369 matched, players 6550/6695 matched
2026-08-18 06:24:54,243 INFO ncaa_identity: contest_id=389186 teams 2378/2378 matched, players 5703/6687 matched
2026-08-18 06:24:55,106 INFO ncaa_identity: contest_id=389216 teams 2858/2858 matched, players 7708/8058 matched
2026-08-18 06:24:56,025 INFO ncaa_identity: contest_id=389267 teams 2132/2132 matched, players 5603/5978 matched
2026-08-18 06:24:58,844 INFO ncaa_identity: contest_id=389485 teams 1270/2435 matched, players 3209/6817 matched
2026-08-18 06:25:03,121 INFO ncaa_identity: contest_id=389625 teams 2176/2176 matched, players 5828/6132 matched
2026-08-18 06:25:04,922 INFO ncaa_identity: contest_id=389676 teams 2427/2427 matched, players 6383/6815 matched
2026-08-18 06:25:05,631 INFO ncaa_identity: contest_id=389715 teams 2224/2224 matched, players 5721/6283 matched
2026-08-18 06:25:09,103 INFO ncaa_identity: contest_id=389858 teams 2119/2119 matched, players 4742/5957 matched
2026-08-18 06:25:09,963 INFO ncaa_identity: contest_id=389880 teams 2100/2100 matched, players 5707/5910 matched
2026-08-18 06:25:10,782 INFO ncaa_identity: contest_id=389920 teams 2454/2454 matched, players 6783/6911 matched
2026-08-18 06:25:11,522 INFO ncaa_identity: contest_id=389985 teams 2094/2094 matched, players 5491/5919 matched
2026-08-18 06:25:12,447 INFO ncaa_identity: contest_id=390009 teams 2294/2294 matched, players 6332/6432 matched
2026-08-18 06:25:13,111 INFO ncaa_identity: contest_id=390037 teams 2001/2001 matched, players 5485/5630 matched
2026-08-18 06:25:14,109 INFO ncaa_identity: contest_id=389824 teams 1274/2521 matched, players 3578/7114 matched
2026-08-18 06:25:16,150 INFO ncaa_identity: contest_id=390241 teams 2385/2385 matched, players 6604/6694 matched
2026-08-18 06:25:17,711 INFO ncaa_identity: contest_id=390270 teams 2828/2828 matched, players 7653/7976 matched
2026-08-18 06:25:19,461 INFO ncaa_identity: contest_id=390324 teams 2462/2462 matched, players 5044/6966 matched
2026-08-18 06:25:21,212 INFO ncaa_identity: contest_id=390391 teams 2643/2643 matched, players 6936/7487 matched
2026-08-18 06:25:22,446 INFO ncaa_identity: contest_id=390455 teams 1393/2699 matched, players 3792/7524 matched
2026-08-18 06:25:23,216 INFO ncaa_identity: contest_id=390496 teams 2351/2351 matched, players 6038/6626 matched
2026-08-18 06:25:25,878 INFO ncaa_identity: contest_id=390592 teams 2539/2539 matched, players 6951/7185 matched
2026-08-18 06:25:28,148 INFO ncaa_identity: contest_id=390638 teams 2923/2923 matched, players 7848/8282 matched
2026-08-18 06:25:30,561 INFO ncaa_identity: contest_id=390730 teams 2264/2264 matched, players 5740/6444 matched
2026-08-18 06:25:31,385 INFO ncaa_identity: contest_id=390773 teams 2516/2516 matched, players 6991/7080 matched
2026-08-18 06:25:32,488 INFO ncaa_identity: contest_id=390809 teams 2794/2794 matched, players 7002/7864 matched
2026-08-18 06:25:33,203 INFO ncaa_identity: contest_id=390838 teams 2161/2161 matched, players 5309/6069 matched
2026-08-18 06:25:34,201 INFO ncaa_identity: contest_id=390865 teams 2662/2662 matched, players 6828/7535 matched
2026-08-18 06:25:34,871 INFO ncaa_identity: contest_id=390881 teams 2018/2018 matched, players 5145/5683 matched
2026-08-18 06:25:35,562 INFO ncaa_identity: contest_id=390898 teams 2046/2046 matched, players 5403/5785 matched
2026-08-18 06:25:36,454 INFO ncaa_identity: contest_id=390983 teams 2284/2284 matched, players 5713/6427 matched
2026-08-18 06:25:37,255 INFO ncaa_identity: contest_id=391013 teams 1943/1943 matched, players 705/712 matched
2026-08-18 06:25:38,241 INFO ncaa_identity: contest_id=391047 teams 2534/2534 matched, players 6135/7125 matched
202026-08-18 06:25:39,773 INFO ncaa_identity: contest_id=390871 teams 3026/3026 matched, players 8315/8541 matched202026-08-18 06:25:40,374 INFO ncaa_identity: contest_id=390890 teams 1894/1894 matched, players 633/635 matched
2026-08-18 06:25:43,695 INFO ncaa_identity: contest_id=391054 teams 2161/2161 matched, players 5486/6114 matched
2026-08-18 06:25:44,486 INFO ncaa_identity: contest_id=391067 teams 2335/2335 matched, players 5916/6561 matched
2026-08-18 06:25:46,173 INFO ncaa_identity: contest_id=391098 teams 1764/1764 matched, players 4550/4956 matched
2026-08-18 06:25:49,770 INFO ncaa_identity: contest_id=391163 teams 2584/2584 matched, players 6770/7323 matched
2026-08-18 06:25:52,306 INFO ncaa_identity: contest_id=391214 teams 2262/2262 matched, players 5857/6358 matched
2026-08-18 06:25:53,379 INFO ncaa_identity: contest_id=391226 teams 3060/3060 matched, players 7849/8698 matched
2026-08-18 06:25:55,022 INFO ncaa_identity: contest_id=391250 teams 2862/2862 matched, players 7609/8090 matched
2026-08-18 06:25:55,901 INFO ncaa_identity: contest_id=391275 teams 2183/2183 matched, players 5724/6135 matched
2026-08-18 06:25:56,710 INFO ncaa_identity: contest_id=391294 teams 2578/2578 matched, players 6325/7299 matche2022026-08-18 06:25:57,625 INFO ncaa_identity: contest_id=391306 teams 2292/2292 matched, players 5714/6464 matche2022026-08-18 06:25:58,353 INFO ncaa_identity: contest_id=391321 teams 2014/2014 matched, players 5433/5679 matche2022026-08-18 06:26:00,172 INFO ncaa_identity: contest_id=391383 teams 2735/2735 matched, players 7100/7737 matche2022026-08-18 06:26:01,020 INFO ncaa_identity: contest_id=391415 teams 2689/2689 matched, players 7195/7587 matche2022026-08-18 06:26:02,972 INFO ncaa_identity: contest_id=391448 teams 2553/2553 matched, players 6597/7112 matche2022026-08-18 06:26:03,954 INFO ncaa_identity: contest_id=391465 teams 2659/2659 matched, players 7173/7488 matche2022026-08-18 06:26:08,613 INFO ncaa_identity: contest_id=391688 teams 2349/2349 matched, players 6422/6602 matched
2026-08-18 06:26:09,635 INFO ncaa_identity: contest_id=391712 teams 2670/2670 matched, players 6986/7515 matched
2026-08-18 06:26:10,742 INFO ncaa_identity: contest_id=391779 teams 1038/2013 matched, players 2866/5645 matched
2026-08-18 06:26:11,741 INFO ncaa_identity: contest_id=391816 teams 2604/2604 matched, players 6956/7371 matched
2026-08-18 06:26:12,614 INFO ncaa_identity: contest_id=391847 teams 1287/2587 matched, players 3543/7261 matched
2026-08-18 06:26:15,277 INFO ncaa_identity: contest_id=391943 teams 2517/2517 matched, players 7056/7086 matched
2026-08-18 06:26:16,058 INFO ncaa_identity: contest_id=391964 teams 2307/2307 matched, players 5486/6530 matched
2026-08-18 06:26:16,452 INFO ncaa_identity: contest_id=392087 teams 1129/2194 matched, players 3092/6124 matched
2026-08-18 06:26:19,366 INFO ncaa_identity: contest_id=392191 teams 3289/3289 matched, players 8417/9295 matched
2026-08-18 06:26:20,139 INFO ncaa_identity: contest_id=392210 teams 2393/2393 matched, players 6470/6723 matched
2026-08-18 06:26:22,073 INFO ncaa_identity: contest_id=392266 teams 2677/2677 matched, players 6424/7471 matched
2026-08-18 06:26:22,610 INFO ncaa_identity: contest_id=392292 teams 1066/2157 matched, players 3033/5998 matched
2026-08-18 06:26:23,854 INFO ncaa_identity: contest_id=392369 teams 1032/2130 matched, players 2954/5903 matched
2026-08-18 06:26:29,090 INFO ncaa_identity: contest_id=392682 teams 2628/2628 matched, players 6641/7396 matched
2026-08-18 06:26:36,075 INFO ncaa_identity: contest_id=393010 teams 2662/2662 matched, players 6963/7505 matched
2026-08-18 06:26:40,113 INFO ncaa_identity: contest_id=393145 teams 2384/2384 matched, players 5640/6738 matched
2026-08-18 06:26:40,845 INFO ncaa_identity: contest_id=393263 teams 2104/2104 matched, players 5638/5938 matched
2026-08-18 06:26:42,552 INFO ncaa_identity: contest_id=393372 teams 2037/2037 matched, players 5075/5718 matched
2026-08-18 06:26:44,035 INFO ncaa_identity: contest_id=393398 teams 2385/2385 matched, players 6475/6767 matched
2026-08-18 06:26:45,139 INFO ncaa_identity: contest_id=393428 teams 2621/2621 matched, players 6481/7403 matched
2026-08-18 06:26:45,989 INFO ncaa_identity: contest_id=393451 teams 2620/2620 matched, players 7120/7383 matched
2026-08-18 06:26:48,436 INFO ncaa_identity: contest_id=393638 teams 1990/1990 matched, players 5356/5603 matched
2026-08-18 06:26:49,367 INFO ncaa_identity: contest_id=393670 teams 2561/2561 matched, players 7113/7204 matched
2026-08-18 06:26:52,962 INFO ncaa_identity: contest_id=393826 teams 2912/2912 matched, players 7530/8171 matched
2026-08-18 06:26:55,698 INFO ncaa_identity: contest_id=393935 teams 2375/2375 matched, players 6005/6697 matched
2026-08-18 06:26:57,697 INFO ncaa_identity: contest_id=394030 teams 2260/2260 matched, players 5526/6400 matched
2026-08-18 06:26:58,423 INFO ncaa_identity: contest_id=394066 teams 2258/2258 matched, players 5826/6357 matched
2026-08-18 06:27:00,677 INFO ncaa_identity: contest_id=394156 teams 18/2221 matched, players 0/6187 matched
2026-08-18 06:27:01,453 INFO ncaa_identity: contest_id=394192 teams 2094/2094 matched, players 5113/5884 matched
2026-08-18 06:27:02,277 INFO ncaa_identity: contest_id=394216 teams 2548/2548 matched, players 6352/7168 matched
2026-08-18 06:27:04,606 INFO ncaa_identity: contest_id=394460 teams 2275/2275 matched, players 5987/6413 matched
2026-08-18 06:27:05,585 INFO ncaa_identity: contest_id=394474 teams 2852/2852 matched, players 7504/8012 matched
2026-08-18 06:27:06,326 INFO ncaa_identity: contest_id=394490 teams 2543/2543 matched, players 6694/7204 matched
2026-08-18 06:27:08,079 INFO ncaa_identity: contest_id=394529 teams 2372/2372 matched, players 6605/6661 matched
2026-08-18 06:27:09,854 INFO ncaa_identity: contest_id=394568 teams 2097/2097 matched, players 5646/5844 matched
2026-08-18 06:27:11,659 INFO ncaa_identity: contest_id=394694 teams 2571/2571 matched, players 6787/7207 matched
2026-08-18 06:27:16,536 INFO ncaa_identity: contest_id=394925 teams 2641/2641 matched, players 6222/7435 matched
2026-08-18 06:27:17,095 INFO ncaa_identity: contest_id=394942 teams 2125/2125 matched, players 5664/5962 matched
2026-08-18 06:27:18,054 INFO ncaa_identity: contest_id=394980 teams 2470/2470 matched, players 6454/6961 matched
2026-08-18 06:27:21,581 INFO ncaa_identity: contest_id=395187 teams 2347/2347 matched, players 6039/6633 matched
2026-08-18 06:27:22,378 INFO ncaa_identity: contest_id=395219 teams 2313/2313 matched, players 6053/6471 matched
2026-08-18 06:27:23,110 INFO ncaa_identity: contest_id=395243 teams 2274/2274 matched, players 6372/6408 matched
2026-08-18 06:27:23,948 INFO ncaa_identity: contest_id=395270 teams 2182/2182 matched, players 5648/6150 matched
2026-08-18 06:27:24,692 INFO ncaa_identity: contest_id=395299 teams 2355/2355 matched, players 5719/6649 matched
2026-08-18 06:27:27,217 INFO ncaa_identity: contest_id=395522 teams 2289/2289 matched, players 6088/6426 matched
2026-08-18 06:27:28,221 INFO ncaa_identity: contest_id=395556 teams 2816/2816 matched, players 7418/7944 matched
2026-08-18 06:27:28,929 INFO ncaa_identity: contest_id=395569 teams 2096/2096 matched, players 5643/5893 matched
2026-08-18 06:27:30,556 INFO ncaa_identity: contest_id=395594 teams 2287/2287 matched, players 6148/6437 matched
2026-08-18 06:27:31,412 INFO ncaa_identity: contest_id=395635 teams 2663/2663 matched, players 6418/7526 matched
2026-08-18 06:27:32,114 INFO ncaa_identity: contest_id=395650 teams 2256/2256 matched, players 5897/6379 matched
2026-08-18 06:27:32,445 INFO ncaa_identity: contest_id=395694 teams 1166/2282 matched, players 2883/6322 matched
2026-08-18 06:27:34,124 INFO ncaa_identity: contest_id=395768 teams 2712/2712 matched, players 7132/7713 matched
2026-08-18 06:27:34,908 INFO ncaa_identity: contest_id=395890 teams 2317/2317 matched, players 6158/6519 matched
2026-08-18 06:27:36,568 INFO ncaa_identity: contest_id=395932 teams 2298/2298 matched, players 5574/6451 matched
2026-08-18 06:27:37,459 INFO ncaa_identity: contest_id=395947 teams 2410/2410 matched, players 5779/6788 matched
2026-08-18 06:27:38,871 INFO ncaa_identity: contest_id=395984 teams 2409/2409 matched, players 6576/6837 matched
2026-08-18 06:27:39,826 INFO ncaa_identity: contest_id=396077 teams 2460/2460 matched, players 6691/6912 matched
2026-08-18 06:27:41,469 INFO ncaa_identity: contest_id=396181 teams 2628/2628 matched, players 6440/7419 matched
2026-08-18 06:27:43,117 INFO ncaa_identity: contest_id=396241 teams 2457/2457 matched, players 6462/6948 matched
2026-08-18 06:27:43,990 INFO ncaa_identity: contest_id=396270 teams 2146/2146 matched, players 5125/6028 matched
2026-08-18 06:27:44,819 INFO ncaa_identity: contest_id=396304 teams 2687/2687 matched, players 7481/7523 matched
2026-08-18 06:27:47,448 INFO ncaa_identity: contest_id=396383 teams 2461/2461 matched, players 6319/6946 matched
2026-08-18 06:27:50,579 INFO ncaa_identity: contest_id=396636 teams 2353/2353 matched, players 6102/6591 matched
2026-08-18 06:27:51,480 INFO ncaa_identity: contest_id=396650 teams 2258/2258 matched, players 5940/6362 matched
2026-08-18 06:27:52,292 INFO ncaa_identity: contest_id=396679 teams 1268/2556 matched, players 2767/7196 matched
2026-08-18 06:27:53,936 INFO ncaa_identity: contest_id=396737 teams 2068/2068 matched, players 5485/5826 matched
2026-08-18 06:27:58,493 INFO ncaa_identity: contest_id=397053 teams 2147/2147 matched, players 5850/6025 matched
2026-08-18 06:28:01,843 INFO ncaa_identity: contest_id=397193 teams 2513/2513 matched, players 6830/7087 matched
2026-08-18 06:28:02,680 INFO ncaa_identity: contest_id=397262 teams 2561/2561 matched, players 6763/7278 matched
2026-08-18 06:28:04,550 INFO ncaa_identity: contest_id=397315 teams 2218/2218 matched, players 5781/6253 matched
2026-08-18 06:28:06,985 INFO ncaa_identity: contest_id=397410 teams 2404/2404 matched, players 6248/6704 matched
2026-08-18 06:28:10,514 INFO ncaa_identity: contest_id=397673 teams 2337/2337 matched, players 6447/6612 matched
2026-08-18 06:28:11,538 INFO ncaa_identity: contest_id=397715 teams 2596/2596 matched, players 7257/7368 matched
2026-08-18 06:28:16,010 INFO ncaa_identity: contest_id=397807 teams 2580/2580 matched, players 6348/7245 matched
2026-08-18 06:28:19,384 INFO ncaa_identity: contest_id=397972 teams 2150/2150 matched, players 5652/6074 matched
2026-08-18 06:28:20,218 INFO ncaa_identity: contest_id=398109 teams 2603/2603 matched, players 6643/7381 matched
2026-08-18 06:28:22,498 INFO ncaa_identity: contest_id=398163 teams 2629/2629 matched, players 6865/7449 matched
2026-08-18 06:28:23,989 INFO ncaa_identity: contest_id=398246 teams 2493/2493 matched, players 6666/7008 matched
2026-08-18 06:28:28,364 INFO ncaa_identity: contest_id=398450 teams 1492/2927 matched, players 3067/8308 matched
2026-08-18 06:28:29,376 INFO ncaa_identity: contest_id=398480 teams 2691/2691 matched, players 7067/7547 matched
2026-08-18 06:28:30,238 INFO ncaa_identity: contest_id=398499 teams 2605/2605 matched, players 7324/7336 matched
2026-08-18 06:28:30,980 INFO ncaa_identity: contest_id=398542 teams 1274/2412 matched, players 3512/6828 matched
2026-08-18 06:28:31,988 INFO ncaa_identity: contest_id=398561 teams 2463/2463 matched, players 6538/6921 matched
2026-08-18 06:28:32,733 INFO ncaa_identity: contest_id=398582 teams 2389/2389 matched, players 6041/6705 matched
2026-08-18 06:28:33,437 INFO ncaa_identity: contest_id=398743 teams 1984/1984 matched, players 4917/5548 matched
2026-08-18 06:28:34,385 INFO ncaa_identity: contest_id=398801 teams 2979/2979 matched, players 7900/8521 matched
2026-08-18 06:28:35,288 INFO ncaa_identity: contest_id=398819 teams 2127/2127 matched, players 5567/5946 matched
2026-08-18 06:28:37,615 INFO ncaa_identity: contest_id=398885 teams 2424/2424 matched, players 5418/6859 matched
2026-08-18 06:28:38,481 INFO ncaa_identity: contest_id=398899 teams 2765/2765 matched, players 7084/7752 matched
2026-08-18 06:28:39,526 INFO ncaa_identity: contest_id=398956 teams 2535/2535 matched, players 6751/7168 matched
2026-08-18 06:28:40,359 INFO ncaa_identity: contest_id=399025 teams 2563/2563 matched, players 6899/7231 matched
2026-08-18 06:28:41,282 INFO ncaa_identity: contest_id=399067 teams 1233/2432 matched, players 3470/6852 matched
2026-08-18 06:28:42,144 INFO ncaa_identity: contest_id=399104 teams 2722/2722 matched, players 7162/7724 matched
2026-08-18 06:28:42,830 INFO ncaa_identity: contest_id=399202 teams 2156/2156 matched, players 5045/6065 matched
2026-08-18 06:28:43,577 INFO ncaa_identity: contest_id=399217 teams 1764/1764 matched, players 4494/4954 matched
2026-08-18 06:28:45,233 INFO ncaa_identity: contest_id=399259 teams 2192/2192 matched, players 6099/6181 matched
2026-08-18 06:28:46,009 INFO ncaa_identity: contest_id=399276 teams 2222/2222 matched, players 6036/6271 matched
2026-08-18 06:28:50,153 INFO ncaa_identity: contest_id=399493 teams 1057/2184 matched, players 2097/6127 matched
2026-08-18 06:28:51,105 INFO ncaa_identity: contest_id=399520 teams 2470/2470 matched, players 6599/7002 matched
2026-08-18 06:28:53,310 INFO ncaa_identity: contest_id=399604 teams 1194/2477 matched, players 3479/7013 matched
2026-08-18 06:28:58,343 INFO ncaa_identity: contest_id=399884 teams 2664/2664 matched, players 7159/7557 matched
2026-08-18 06:29:01,312 INFO ncaa_identity: contest_id=399986 teams 2173/2173 matched, players 5630/6071 matched
2026-08-18 06:29:02,738 INFO ncaa_identity: contest_id=400095 teams 2091/2091 matched, players 5264/5866 matched
2026-08-18 06:29:03,569 INFO ncaa_identity: contest_id=400112 teams 2164/2164 matched, players 5881/6093 matched
2026-08-18 06:29:05,253 INFO ncaa_identity: contest_id=400197 teams 2876/2876 matched, players 7761/8111 matched
2026-08-18 06:29:06,013 INFO ncaa_identity: contest_id=400213 teams 2275/2275 matched, players 5975/6391 matched
2026-08-18 06:29:11,427 INFO ncaa_identity: contest_id=400438 teams 1693/1693 matched, players 3744/4769 matched
2026-08-18 06:29:12,171 INFO ncaa_identity: contest_id=400454 teams 2035/2035 matched, players 5005/5726 matched
2026-08-18 06:29:15,675 INFO ncaa_identity: contest_id=400504 teams 2480/2480 matched, players 6525/6960 matched
2026-08-18 06:29:16,542 INFO ncaa_identity: contest_id=400522 teams 2801/2801 matched, players 7466/7879 matched
2026-08-18 06:29:18,223 INFO ncaa_identity: contest_id=400673 teams 2326/2326 matched, players 5708/6556 matched
2026-08-18 06:29:19,785 INFO ncaa_identity: contest_id=400697 teams 2070/2070 matched, players 5304/5811 matched
2026-08-18 06:29:20,587 INFO ncaa_identity: contest_id=400709 teams 2517/2517 matched, players 6839/7127 matched
2026-08-18 06:29:22,404 INFO ncaa_identity: contest_id=400756 teams 2854/2854 matched, players 7955/8013 matched
2026-08-18 06:29:24,193 INFO ncaa_identity: contest_id=400809 teams 2609/2609 matched, players 7233/7399 matched
2026-08-18 06:29:26,124 INFO ncaa_identity: contest_id=400859 teams 2758/2758 matched, players 6627/7744 matched
2026-08-18 06:29:28,545 INFO ncaa_identity: contest_id=400898 teams 2218/2218 matched, players 6149/6245 matched
2026-08-18 06:29:34,131 INFO ncaa_identity: contest_id=401054 teams 2109/2109 matched, players 5719/5956 matched
2026-08-18 06:29:35,026 INFO ncaa_identity: contest_id=401077 teams 2844/2844 matched, players 7877/7993 matched
2026-08-18 06:29:36,381 INFO ncaa_identity: contest_id=401101 teams 1061/2070 matched, players 2958/5785 matched
2026-08-18 06:29:37,177 INFO ncaa_identity: contest_id=401114 teams 2589/2589 matched, players 6136/7296 matched
2026-08-18 06:29:37,963 INFO ncaa_identity: contest_id=401128 teams 2334/2334 matched, players 5897/6613 matched
2026-08-18 06:29:39,276 INFO ncaa_identity: contest_id=401202 teams 1988/1988 matched, players 5035/5546 matched
2026-08-18 06:29:39,935 INFO ncaa_identity: contest_id=401219 teams 2427/2427 matched, players 6507/6875 matched
2026-08-18 06:29:40,506 INFO ncaa_identity: contest_id=401243 teams 2242/2242 matched, players 5790/6321 matched
2026-08-18 06:29:41,154 INFO ncaa_identity: contest_id=401257 teams 981/1888 matched, players 2654/5294 matched
2026-08-18 06:29:41,687 INFO ncaa_identity: contest_id=401269 teams 1904/1904 matched, players 4735/5382 matched
2026-08-18 06:29:43,097 INFO ncaa_identity: contest_id=401293 teams 2771/2771 matched, players 5558/7813 matched
2026-02026-08-18 06:29:44,055 INFO ncaa_identity: contest_id=401443 teams 2348/2348 matched, players 6402/6565 mat2026-02026-08-18 06:29:44,813 INFO ncaa_identity: contest_id=401457 teams 2459/2459 matched, players 6705/6977 mat2026-08-18 06:29:46,480 INFO ncaa_identity: contest_id=401398 teams 1052/2056 matched, players 2963/5753 matched
2026-08-18 06:29:49,056 INFO ncaa_identity: contest_id=401486 teams 2542/2542 matched, players 6771/7161 matched
2026-08-18 06:29:50,813 INFO ncaa_identity: contest_id=401526 teams 2209/2209 matched, players 5747/6204 matched
2026-08-18 06:29:51,964 INFO ncaa_identity: contest_id=401556 teams 2309/2309 matched, players 5999/6513 matched
2026-08-18 06:29:54,029 INFO ncaa_identity: contest_id=401610 teams 2141/2141 matched, players 5696/6047 matched
2026-08-18 06:29:54,575 INFO ncaa_identity: contest_id=401623 teams 2037/2037 matched, players 4821/5752 matched
parsed=2744 failed=0
ers 5744/5996 matched
2026-08-18 06:29:36,199 INFO ncaa_identity: contest_id=401499 teams 2149/2149 matched, players 5918/6026 matched
2026-08-18 06:29:37,761 INFO ncaa_identity: contest_id=401527 teams 2423/2423 matched, players 6408/6840 matched
2026-08-18 06:29:38,448 INFO ncaa_identity: contest_id=401542 teams 2651/2651 matched, players 7166/7512 matched
2026-08-18 06:29:39,288 INFO ncaa_identity: contest_id=401557 teams 2958/2958 matched, players 7914/8430 matched
2026-08-18 06:29:39,871 INFO ncaa_identity: contest_id=401569 teams 2099/2099 matched, players 4961/5896 matched
2026-08-18 06:29:40,620 INFO ncaa_identity: contest_id=401581 teams 2332/2332 matched, players 6024/6535 matched
2026-08-18 06:29:41,951 INFO ncaa_identity: contest_id=401612 teams 2169/2169 matched, players 5407/6064 matched
2026-08-18 06:29:42,552 INFO ncaa_identity: contest_id=401624 teams 2041/2041 matched, players 5288/5743 matched
parsed=2744 failed=0
ontest_id=401444 teams 2331/2331 matched, players 6535/6568 matched
2026-08-18 06:29:38,136 INFO ncaa_identity: contest_id=401459 teams 975/1963 matched, players 2828/5532 matched
2026-08-18 06:29:39,390 INFO ncaa_identity: contest_id=401494 teams 2416/2416 matched, players 6267/6795 matched
2026-08-18 06:29:39,971 INFO ncaa_identity: contest_id=401506 teams 2088/2088 matched, players 5608/5889 matched
2026-08-18 06:29:40,623 INFO ncaa_identity: contest_id=401521 teams 2192/2192 matched, players 5401/6149 matched
2026-08-18 06:29:41,460 INFO ncaa_identity: contest_id=401537 teams 2477/2477 matched, players 5530/6954 matched
2026-08-18 06:29:42,008 INFO ncaa_identity: contest_id=401551 teams 1829/1829 matched, players 4890/5129 matched
parsed=2743 failed=0
058 matched, players 3826/5829 matched
2026-08-18 06:29:32,904 INFO ncaa_identity: contest_id=401100 teams 2065/2065 matched, players 5142/5808 matched
2026-08-18 06:29:34,688 INFO ncaa_identity: contest_id=401125 teams 2315/2315 matched, players 5139/6510 matched
2026-08-18 06:29:36,107 INFO ncaa_identity: contest_id=401201 teams 2113/2113 matched, players 5577/5953 matched
2026-08-18 06:29:36,837 INFO ncaa_identity: contest_id=401216 teams 2004/2004 matched, players 5116/5647 matched
2026-08-18 06:29:37,554 INFO ncaa_identity: contest_id=401242 teams 2380/2380 matched, players 6554/6723 matched
2026-08-18 06:29:38,288 INFO ncaa_identity: contest_id=401256 teams 1966/1966 matched, players 5145/5521 matched
2026-08-18 06:29:2026-08-18 06:29:40,956 INFO ncaa_identity: contest_id=401385 teams 3306/3306 matched, players 9183/9329 matched
2026-08-18 06:29:42,397 INFO ncaa_identity: contest_id=401433 teams 2372/2372 matched, players 6411/6657 matched
2026-08-18 06:29:46,301 INFO ncaa_identity: contest_id=401533 teams 2278/2278 matched, players 6098/6420 matched
2026-08-18 06:29:47,482 INFO ncaa_identity: contest_id=401561 teams 2487/2487 matched, players 6469/7053 matched
2026-08-18 06:29:48,104 INFO ncaa_identity: contest_id=401573 teams 2108/2108 matched, players 5829/5920 matched
2026-08-18 06:29:48,683 INFO ncaa_identity: contest_id=401585 teams 2642/2642 matched, players 6983/7472 matched
2026-08-18 06:29:50,340 INFO ncaa_identity: contest_id=401628 teams 1969/1969 matched, players 4744/5544 matched
parsed=2744 failed=0
ity: contest_id=401512 teams 2512/2512 matched, players 6333/7132 matched
2026-08-18 06:29:48,047 INFO ncaa_identity: contest_id=401524 teams 2111/2111 matched, players 5539/5880 matched
2026-08-18 06:29:49,120 INFO ncaa_identity: contest_id=401554 teams 2122/2122 matched, players 5845/5965 matched
2026-08-18 06:29:50,230 INFO ncaa_identity: contest_id=401579 teams 2331/2331 matched, players 6086/6613 matched
2026-08-18 06:29:50,875 INFO ncaa_identity: contest_id=401595 teams 2379/2379 matched, players 6710/6772 matched
parsed=2744 failed=0
y: contest_id=401601 teams 2480/2480 matched, players 6404/7046 matched
2026-08-18 06:29:46,285 INFO ncaa_identity: contest_id=401614 teams 2020/2020 matched, players 5200/5700 matched
parsed=2744 failed=0
01271 teams 2180/2180 matched, players 5781/6106 matched
2026-08-18 06:29:42,389 INFO ncaa_identity: contest_id=401283 teams 2295/2295 matched, players 5983/6468 matched
2026-08-18 06:29:43,721 INFO ncaa_identity: contest_id=401307 teams 2258/2258 matched, players 4962/6372 matched
2026-08-18 06:29:44,992 INFO ncaa_identity: contest_id=401335 teams 2032/2032 matched, players 5500/5719 matched
2026-08-18 06:29:47,624 INFO ncaa_identity: contest_id=401452 teams 2081/2081 matched, players 5568/5801 matched
2026-08-18 06:29:48,808 INFO ncaa_identity: contest_id=401488 teams 2461/2461 matched, players 6844/6983 matched
2026-08-18 06:29:52,832 INFO ncaa_identity: contest_id=401582 teams 2067/2067 matched, players 5081/5758 matched
2026-08-18 06:29:53,917 INFO ncaa_identity: contest_id=401613 teams 2598/2598 matched, players 6796/7336 matched
parsed=2744 failed=0
052 teams 2778/2778 matched, players 7220/7861 matched
2026-08-18 06:29:15,487 INFO ncaa_identity: contest_id=401183 teams 2319/2319 matched, players 6117/6513 matched
2026-08-18 06:29:17,212 INFO ncaa_identity: contest_id=401215 teams 1269/2495 matched, players 2384/7009 matched
2026-08-18 06:29:18,005 INFO ncaa_identity: contest_id=401241 teams 2447/2447 matched, players 6484/6894 matched
2026-08-18 06:29:21,705 INFO ncaa_identity: contest_id=401303 teams 2277/2277 matched, players 5852/6433 matched
2026-08-18 06:29:23,297 INFO ncaa_identity: contest_id=401329 teams 2171/2171 matched, players 5138/6138 matched
2026-08-18 06:29:23,981 INFO ncaa_identity: contest_id=401349 teams 1167/2279 matched, players 3285/6495 matched
2026-08-18 06:29:24,717 INFO ncaa_identity: contest_id=401395 teams 2416/2416 matched, players 6777/6816 matched
2026-08-18 06:29:25,807 INFO ncaa_identity: contest_id=401411 teams 2559/2559 matched, players 6846/7167 matched
2026-08-18 06:29:27,521 INFO ncaa_identity: contest_id=401461 teams 2467/2467 matched, players 6644/6938 matched
2026-08-18 06:29:28,395 INFO ncaa_identity: contest_id=401484 teams 2927/2927 matched, players 7598/8273 matched
2026-08-18 06:29:31,782 INFO ncaa_identity: contest_id=401539 teams 2218/2218 matched, players 6205/6268 matched
2026-08-18 06:29:32,658 INFO ncaa_identity: contest_id=401553 teams 2559/2559 matched, players 5638/7202 matched
2026-08-18 06:29:33,535 INFO ncaa_identity: contest_id=401566 teams 2231/2231 matched, players 5785/6245 matched
2026-08-18 06:29:35,798 INFO ncaa_identity: contest_id=401608 teams 2381/2381 matched, players 6649/6709 matched
2026-08-18 06:29:36,628 INFO ncaa_identity: contest_id=401621 teams 2595/2595 matched, players 7165/7340 matched
parsed=2743 failed=0
EXIT=0
