seasons=all bundles=93884 pending=93884 force=True shard=6/10 assigned=9388
2026-08-23 23:51:41,291 INFO ncaa_identity: contest_id=1343394 season=2010 league=wbb -- teams  not built; ids emitted as nulls
2026-08-23 23:51:41,297 INFO ncaa_identity: contest_id=1343394 teams 0/2109 matched, players 0/841 matched
2026-08-23 23:51:42,389 INFO ncaa_identity: contest_id=1343404 season=2010 league=wbb -- teams  not built; ids emitted as nulls
2026-08-23 23:51:42,395 INFO ncaa_identity: contest_id=1343404 teams 0/2452 matched, players 0/972 matched
2026-08-23 23:51:43,503 INFO ncaa_identity: contest_id=1343414 season=2010 league=wbb -- teams  not built; ids emitted as nulls
2026-08-23 23:51:43,510 INFO ncaa_identity: contest_id=1343414 teams 0/2446 matched, players 0/891 matched
2026-08-23 23:51:45,078 INFO ncaa_identity: contest_id=1343424 season=2010 league=wbb -- teams  not built; ids emitted as nulls
2026-08-23 23:51:45,084 INFO ncaa_identity: contest_id=1343424 teams 0/2486 matched, players 0/1024 matched
2026-08-23 23:51:46,316 INFO ncaa_identity: contest_id=1343434 season=2010 league=wbb -- teams  not built; ids emitted as nulls
2026-08-23 23:51:46,321 INFO ncaa_identity: contest_id=1343434 teams 0/2086 matched, players 0/802 matched
2026-08-23 23:51:48,218 INFO ncaa_identity: contest_id=1343444 season=2010 league=wbb -- teams  not built; ids emitted as nulls
2026-08-23 23:51:48,226 INFO ncaa_identity: contest_id=1343444 teams 0/2616 matched, players 0/1011 matched
2026-08-23 23:51:49,280 INFO ncaa_identity: contest_id=1343454 season=2010 league=wbb -- teams  not built; ids emitted as nulls
2026-08-23 23:51:49,284 INFO ncaa_identity: contest_id=1343454 teams 0/1800 matched, players 0/687 matched
2026-08-23 23:51:49,694 WARNING ncaa_parse: family=lineups contest_id=1343464 team=Oakland produced NO good stints (24 bad, roster=11) -- parsed successfully but contributed nothing
2026-08-23 23:51:50,189 INFO ncaa_identity: contest_id=1343464 season=2010 league=wbb -- teams  not built; ids emitted as nulls
2026-08-23 23:51:50,193 INFO ncaa_identity: contest_id=1343464 teams 0/2036 matched, players 0/632 matched
2026-08-23 23:51:51,882 INFO ncaa_identity: contest_id=1343474 season=2010 league=wbb -- teams  not built; ids emitted as nulls
2026-08-23 23:51:51,887 INFO ncaa_identity: contest_id=1343474 teams 0/2262 matched, players 0/900 matched
2026-08-23 23:51:53,011 INFO ncaa_identity: contest_id=1343485 season=2010 league=wbb -- teams  not built; ids emitted as nulls
2026-08-23 23:51:53,016 INFO ncaa_identity: contest_id=1343485 teams 0/2202 matched, players 0/894 matched
2026-08-23 23:51:54,022 INFO ncaa_identity: contest_id=1343495 season=2010 league=wbb -- teams  not built; ids emitted as nulls
2026-08-23 23:51:54,026 INFO ncaa_identity: contest_id=1343495 teams 0/1732 matched, players 0/605 matched
2026-08-23 23:51:55,481 INFO ncaa_identity: contest_id=1343505 season=2010 league=wbb -- teams  not built; ids emitted as nulls
2026-08-23 23:51:55,486 INFO ncaa_identity: contest_id=1343505 teams 0/2296 matched, players 0/920 matched
2026-08-23 23:51:56,498 INFO ncaa_identity: contest_id=1343515 season=2010 league=wbb -- teams  not built; ids emitted as nulls
2026-08-23 23:51:56,504 INFO ncaa_identity: contest_id=1343515 teams 0/2269 matched, players 0/875 matched
2026-08-23 23:51:57,620 INFO ncaa_identity: contest_id=1343525 season=2010 league=wbb -- teams  not built; ids emitted as nulls
2026-08-23 23:51:57,625 INFO ncaa_identity: contest_id=1343525 teams 0/2202 matched, players 0/880 matched
2026-08-23 23:51:58,605 INFO ncaa_identity: contest_id=1343536 season=2010 league=wbb -- teams  not built; ids emitted as nulls
2026-08-23 23:51:58,610 INFO ncaa_identity: contest_id=1343536 teams 0/2040 matched, players 0/732 matched
2026-08-23 23:51:59,814 INFO ncaa_identity: contest_id=1343546 season=2010 league=wbb -- teams  not built; ids emitted as nulls
2026-08-23 23:51:59,820 INFO ncaa_identity: contest_id=1343546 teams 0/2459 matched, players 0/866 matched
2026-08-23 23:52:00,863 INFO ncaa_identity: contest_id=1343557 season=2010 league=wbb -- teams  not built; ids emitted as nulls
2026-08-23 23:52:00,867 INFO ncaa_identity: contest_id=1343557 teams 0/1799 matched, players 0/544 matched
2026-08-23 23:52:01,964 INFO ncaa_identity: contest_id=1343574 season=2010 league=wbb -- teams  not built; ids emitted as nulls
2026-08-23 23:52:01,969 INFO ncaa_identity: contest_id=1343574 teams 0/2200 matched, players 0/729 matched
2026-08-23 23:52:03,104 INFO ncaa_identity: contest_id=1343599 season=2010 league=wbb -- teams  not built; ids emitted as nulls
2026-08-23 23:52:03,111 INFO ncaa_identity: contest_id=1343599 teams 0/2402 matched, players 0/902 matched
2026-08-23 23:52:04,380 INFO ncaa_identity: contest_id=1343634 season=2010 league=wbb -- teams  not built; ids emitted as nulls
2026-08-23 23:52:04,384 INFO ncaa_identity: contest_id=1343634 teams 0/1793 matched, players 0/624 matched
2026-08-23 23:52:05,367 INFO ncaa_identity: contest_id=1343667 season=2010 league=wbb -- teams  not built; ids emitted as nulls
2026-08-23 23:52:05,371 INFO ncaa_identity: contest_id=1343667 teams 0/1834 matched, players 0/625 matched
2026-08-23 23:52:06,949 INFO ncaa_identity: contest_id=1343689 season=2010 league=wbb -- teams  not built; ids emitted as nulls
2026-08-23 23:52:06,955 INFO ncaa_identity: contest_id=1343689 teams 0/2446 matched, players 0/971 matched
2026-08-23 23:52:08,072 INFO ncaa_identity: contest_id=1343700 season=2010 league=wbb -- teams  not built; ids emitted as nulls
2026-08-23 23:52:08,077 INFO ncaa_identity: contest_id=1343700 teams 0/2254 matched, players 0/806 matched
2026-08-23 23:52:09,212 INFO ncaa_identity: contest_id=1343742 season=2010 league=wbb -- teams  not built; ids emitted as nulls
2026-08-23 23:52:09,230 INFO ncaa_identity: contest_id=1343742 teams 0/2347 matched, players 0/6632 matched
2026-08-23 23:52:10,597 INFO ncaa_identity: contest_id=1343779 season=2010 league=wbb -- teams  not built; ids emitted as nulls
2026-08-23 23:52:10,604 INFO ncaa_identity: contest_id=1343779 teams 0/2361 matched, players 0/906 matched
2026-08-23 23:52:11,659 INFO ncaa_identity: contest_id=1343793 season=2010 league=wbb -- teams  not built; ids emitted as nulls
2026-08-23 23:52:11,663 INFO ncaa_identity: contest_id=1343793 teams 0/1770 matched, players 0/577 matched
2026-08-23 23:52:12,555 INFO ncaa_identity: contest_id=1343820 season=2010 league=wbb -- teams  not built; ids emitted as nulls
2026-08-23 23:52:12,559 INFO ncaa_identity: contest_id=1343820 teams 0/1553 matched, players 0/463 matched
2026-08-23 23:52:13,567 INFO ncaa_identity: contest_id=1343867 season=2010 league=wbb -- teams  not built; ids emitted as nulls
2026-08-23 23:52:13,572 INFO ncaa_identity: contest_id=1343867 teams 0/2114 matched, players 0/691 matched
2026-08-23 23:52:14,986 INFO ncaa_identity: contest_id=1343906 season=2010 league=wbb -- teams  not built; ids emitted as nulls
2026-08-23 23:52:14,991 INFO ncaa_identity: contest_id=1343906 teams 0/2054 matched, players 0/749 matched
2026-08-23 23:52:16,212 INFO ncaa_identity: contest_id=1343920 season=2010 league=wbb -- teams  not built; ids emitted as nulls
2026-08-23 23:52:16,216 INFO ncaa_identity: contest_id=1343920 teams 0/1864 matched, players 0/591 matched
2026-08-23 23:52:17,435 INFO ncaa_identity: contest_id=1343968 season=2010 league=wbb -- teams  not built; ids emitted as nulls
2026-08-23 23:52:17,441 INFO ncaa_identity: contest_id=1343968 teams 0/2142 matched, players 0/793 matched
2026-08-23 23:52:19,064 INFO ncaa_identity: contest_id=1344008 season=2010 league=wbb -- teams  not built; ids emitted as nulls
2026-08-23 23:52:19,069 INFO ncaa_identity: contest_id=1344008 teams 0/2304 matched, players 0/902 matched
2026-08-23 23:52:20,271 INFO ncaa_identity: contest_id=1344046 season=2010 league=wbb -- teams  not built; ids emitted as nulls
2026-08-23 23:52:20,278 INFO ncaa_identity: contest_id=1344046 teams 0/2352 matched, players 0/862 matched
2026-08-23 23:52:21,445 INFO ncaa_identity: contest_id=1344058 season=2010 league=wbb -- teams  not built; ids emitted as nulls
2026-08-23 23:52:21,449 INFO ncaa_identity: contest_id=1344058 teams 0/1860 matched, players 0/657 matched
2026-08-23 23:52:22,432 INFO ncaa_identity: contest_id=1344086 season=2010 league=wbb -- teams  not built; ids emitted as nulls
2026-08-23 23:52:22,437 INFO ncaa_identity: contest_id=1344086 teams 0/2192 matched, players 0/789 matched
2026-08-23 23:52:23,559 INFO ncaa_identity: contest_id=1344098 season=2010 league=wbb -- teams  not built; ids emitted as nulls
2026-08-23 23:52:23,566 INFO ncaa_identity: contest_id=1344098 teams 0/2148 matched, players 0/731 matched
2026-08-23 23:52:24,829 INFO ncaa_identity: contest_id=1344125 season=2010 league=wbb -- teams  not built; ids emitted as nulls
2026-08-23 23:52:24,833 INFO ncaa_identity: contest_id=1344125 teams 0/1972 matched, players 0/650 matched
2026-08-23 23:52:25,993 INFO ncaa_identity: contest_id=1344138 season=2010 league=wbb -- teams  not built; ids emitted as nulls
2026-08-23 23:52:25,998 INFO ncaa_identity: contest_id=1344138 teams 0/2300 matched, players 0/890 matched
2026-08-23 23:52:27,228 INFO ncaa_identity: contest_id=1344155 season=2010 league=wbb -- teams  not built; ids emitted as nulls
2026-08-23 23:52:27,233 INFO ncaa_identity: contest_id=1344155 teams 0/2468 matched, players 0/852 matched
2026-08-23 23:52:28,495 INFO ncaa_identity: contest_id=1344167 season=2010 league=wbb -- teams  not built; ids emitted as nulls
2026-08-23 23:52:28,500 INFO ncaa_identity: contest_id=1344167 teams 0/2232 matched, players 0/847 matched
2026-08-23 23:52:29,427 INFO ncaa_identity: contest_id=1344184 season=2010 league=wbb -- teams  not built; ids emitted as nulls
2026-08-23 23:52:29,431 INFO ncaa_identity: contest_id=1344184 teams 0/2022 matched, players 0/635 matched
2026-08-23 23:52:30,703 INFO ncaa_identity: contest_id=1344234 season=2010 league=wbb -- teams  not built; ids emitted as nulls
2026-08-23 23:52:30,708 INFO ncaa_identity: contest_id=1344234 teams 0/1970 matched, players 0/757 matched
2026-08-23 23:52:31,736 INFO ncaa_identity: contest_id=1344270 season=2010 league=wbb -- teams  not built; ids emitted as nulls
2026-08-23 23:52:31,740 INFO ncaa_identity: contest_id=1344270 teams 0/1616 matched, players 0/492 matched
2026-08-23 23:52:33,024 INFO ncaa_identity: contest_id=1344304 season=2010 league=wbb -- teams  not built; ids emitted as nulls
2026-08-23 23:52:33,029 INFO ncaa_identity: contest_id=1344304 teams 0/2082 matched, players 0/802 matched
2026-08-23 23:52:34,594 INFO ncaa_identity: contest_id=1344371 season=2010 league=wbb -- teams  not built; ids emitted as nulls
2026-08-23 23:52:34,600 INFO ncaa_identity: contest_id=1344371 teams 0/2447 matched, players 0/944 matched
2026-08-23 23:52:35,642 INFO ncaa_identity: contest_id=1344456 season=2010 league=wbb -- teams  not built; ids emitted as nulls
2026-08-23 23:52:35,645 INFO ncaa_identity: contest_id=1344456 teams 0/1660 matched, players 0/585 matched
2026-08-23 23:52:36,556 INFO ncaa_identity: contest_id=1344481 season=2010 league=wbb -- teams  not built; ids emitted as nulls
2026-08-23 23:52:36,560 INFO ncaa_identity: contest_id=1344481 teams 0/1724 matched, players 0/581 matched
2026-08-23 23:52:37,855 INFO ncaa_identity: contest_id=1344549 season=2010 league=wbb -- teams  not built; ids emitted as nulls
2026-08-23 23:52:37,860 INFO ncaa_identity: contest_id=1344549 teams 0/1790 matched, players 0/640 matched
2026-08-23 23:52:38,986 INFO ncaa_identity: contest_id=1344591 season=2010 league=wbb -- teams  not built; ids emitted as nulls
2026-08-23 23:52:38,991 INFO ncaa_identity: contest_id=1344591 teams 0/1998 matched, players 0/721 matched
2026-08-23 23:52:40,100 INFO ncaa_identity: contest_id=1344624 season=2010 league=wbb -- teams  not built; ids emitted as nulls
2026-08-23 23:52:40,105 INFO ncaa_identity: contest_id=1344624 teams 0/2008 matched, players 0/737 matched
2026-08-23 23:52:41,537 INFO ncaa_identity: contest_id=1344646 season=2010 league=wbb -- teams  not built; ids emitted as nulls
2026-08-23 23:52:41,542 INFO ncaa_identity: contest_id=1344646 teams 0/1846 matched, players 0/673 matched
2026-08-23 23:52:42,696 INFO ncaa_identity: contest_id=1344743 season=2010 league=wbb -- teams  not built; ids emitted as nulls
2026-08-23 23:52:42,702 INFO ncaa_identity: contest_id=1344743 teams 0/2472 matched, players 0/992 matched
2026-08-23 23:52:44,512 INFO ncaa_identity: contest_id=1344841 season=2010 league=wbb -- teams  not built; ids emitted as nulls
2026-08-23 23:52:44,518 INFO ncaa_identity: contest_id=1344841 teams 0/2262 matched, players 0/812 matched
2026-08-23 23:52:45,855 INFO ncaa_identity: contest_id=1344853 season=2010 league=wbb -- teams  not built; ids emitted as nulls
2026-08-23 23:52:45,859 INFO ncaa_identity: contest_id=1344853 teams 0/1992 matched, players 0/628 matched
2026-08-23 23:52:46,895 INFO ncaa_identity: contest_id=1344881 season=2010 league=wbb -- teams  not built; ids emitted as nulls
2026-08-23 23:52:46,899 INFO ncaa_identity: contest_id=1344881 teams 0/1876 matched, players 0/741 matched
2026-08-23 23:52:48,002 INFO ncaa_identity: contest_id=1344892 season=2010 league=wbb -- teams  not built; ids emitted as nulls
2026-08-23 23:52:48,006 INFO ncaa_identity: contest_id=1344892 teams 0/1882 matched, players 0/665 matched
2026-08-23 23:52:49,376 INFO ncaa_identity: contest_id=1344910 season=2010 league=wbb -- teams  not built; ids emitted as nulls
2026-08-23 23:52:49,384 INFO ncaa_identity: contest_id=1344910 teams 0/2098 matched, players 0/845 matched
2026-08-23 23:52:50,452 INFO ncaa_identity: contest_id=1344920 season=2010 league=wbb -- teams  not built; ids emitted as nulls
2026-08-23 23:52:50,456 INFO ncaa_identity: contest_id=1344920 teams 0/2002 matched, players 0/753 matched
2026-08-23 23:52:51,408 INFO ncaa_identity: contest_id=1344966 season=2010 league=wbb -- teams  not built; ids emitted as nulls
2026-08-23 23:52:51,412 INFO ncaa_identity: contest_id=1344966 teams 0/1920 matched, players 0/595 matched
2026-08-23 23:52:52,994 INFO ncaa_identity: contest_id=1344989 season=2010 league=wbb -- teams  not built; ids emitted as nulls
2026-08-23 23:52:52,999 INFO ncaa_identity: contest_id=1344989 teams 0/2216 matched, players 0/783 matched
2026-08-23 23:52:54,084 INFO ncaa_identity: contest_id=1345012 season=2010 league=wbb -- teams  not built; ids emitted as nulls
2026-08-23 23:52:54,108 INFO ncaa_identity: contest_id=1345012 teams 0/2050 matched, players 0/5777 matched
2026-08-23 23:52:55,315 INFO ncaa_identity: contest_id=1345023 season=2010 league=wbb -- teams  not built; ids emitted as nulls
2026-08-23 23:52:55,321 INFO ncaa_identity: contest_id=1345023 teams 0/2260 matched, players 0/742 matched
2026-08-23 23:52:56,644 INFO ncaa_identity: contest_id=1345065 season=2010 league=wbb -- teams  not built; ids emitted as nulls
2026-08-23 23:52:56,649 INFO ncaa_identity: contest_id=1345065 teams 0/2036 matched, players 0/795 matched
2026-08-23 23:52:57,900 INFO ncaa_identity: contest_id=1345127 season=2010 league=wbb -- teams  not built; ids emitted as nulls
2026-08-23 23:52:57,905 INFO ncaa_identity: contest_id=1345127 teams 0/2073 matched, players 0/810 matched
2026-08-23 23:52:58,814 INFO ncaa_identity: contest_id=1345144 season=2010 league=wbb -- teams  not built; ids emitted as nulls
2026-08-23 23:52:58,819 INFO ncaa_identity: contest_id=1345144 teams 0/1808 matched, players 0/657 matched
2026-08-23 23:52:59,851 INFO ncaa_identity: contest_id=1345214 season=2010 league=wbb -- teams  not built; ids emitted as nulls
2026-08-23 23:52:59,855 INFO ncaa_identity: contest_id=1345214 teams 0/2124 matched, players 0/796 matched
2026-08-23 23:53:01,273 INFO ncaa_identity: contest_id=1345235 season=2010 league=wbb -- teams  not built; ids emitted as nulls
2026-08-23 23:53:01,278 INFO ncaa_identity: contest_id=1345235 teams 0/1666 matched, players 0/666 matched
2026-08-23 23:53:02,499 INFO ncaa_identity: contest_id=1345272 season=2010 league=wbb -- teams  not built; ids emitted as nulls
2026-08-23 23:53:02,505 INFO ncaa_identity: contest_id=1345272 teams 0/2266 matched, players 0/930 matched
2026-08-23 23:53:03,665 INFO ncaa_identity: contest_id=1345333 season=2010 league=wbb -- teams  not built; ids emitted as nulls
2026-08-23 23:53:03,668 INFO ncaa_identity: contest_id=1345333 teams 0/1668 matched, players 0/579 matched
2026-08-23 23:53:04,701 INFO ncaa_identity: contest_id=1345346 season=2010 league=wbb -- teams  not built; ids emitted as nulls
2026-08-23 23:53:04,708 INFO ncaa_identity: contest_id=1345346 teams 0/2005 matched, players 0/755 matched
2026-08-23 23:53:05,622 INFO ncaa_identity: contest_id=1345358 season=2010 league=wbb -- teams  not built; ids emitted as nulls
2026-08-23 23:53:05,629 INFO ncaa_identity: contest_id=1345358 teams 0/1838 matched, players 0/740 matched
2026-08-23 23:53:07,059 INFO ncaa_identity: contest_id=1345376 season=2010 league=wbb -- teams  not built; ids emitted as nulls
2026-08-23 23:53:07,070 INFO ncaa_identity: contest_id=1345376 teams 0/2238 matched, players 0/754 matched
2026-08-23 23:53:08,231 INFO ncaa_identity: contest_id=1345390 season=2010 league=wbb -- teams  not built; ids emitted as nulls
2026-08-23 23:53:08,236 INFO ncaa_identity: contest_id=1345390 teams 0/2006 matched, players 0/857 matched
2026-08-23 23:53:09,418 INFO ncaa_identity: contest_id=1345414 season=2010 league=wbb -- teams  not built; ids emitted as nulls
2026-08-23 23:53:09,427 INFO ncaa_identity: contest_id=1345414 teams 0/2420 matched, players 0/987 matched
2026-08-23 23:53:10,725 INFO ncaa_identity: contest_id=1345427 season=2010 league=wbb -- teams  not built; ids emitted as nulls
2026-08-23 23:53:10,729 INFO ncaa_identity: contest_id=1345427 teams 0/1774 matched, players 0/521 matched
2026-08-23 23:53:11,791 INFO ncaa_identity: contest_id=1345441 season=2010 league=wbb -- teams  not built; ids emitted as nulls
2026-08-23 23:53:11,795 INFO ncaa_identity: contest_id=1345441 teams 0/2032 matched, players 0/768 matched
2026-08-23 23:53:13,045 INFO ncaa_identity: contest_id=1345456 season=2010 league=wbb -- teams  not built; ids emitted as nulls
2026-08-23 23:53:13,050 INFO ncaa_identity: contest_id=1345456 teams 0/2028 matched, players 0/665 matched
2026-08-23 23:53:13,916 INFO ncaa_identity: contest_id=1345474 season=2010 league=wbb -- teams  not built; ids emitted as nulls
2026-08-23 23:53:13,920 INFO ncaa_identity: contest_id=1345474 teams 0/1574 matched, players 0/411 matched
2026-08-23 23:53:14,796 INFO ncaa_identity: contest_id=1345492 season=2010 league=wbb -- teams  not built; ids emitted as nulls
2026-08-23 23:53:14,799 INFO ncaa_identity: contest_id=1345492 teams 0/1778 matched, players 0/512 matched
2026-08-23 23:53:15,832 INFO ncaa_identity: contest_id=1345505 season=2010 league=wbb -- teams  not built; ids emitted as nulls
2026-08-23 23:53:15,836 INFO ncaa_identity: contest_id=1345505 teams 0/2016 matched, players 0/773 matched
2026-08-23 23:53:17,036 INFO ncaa_identity: contest_id=1345524 season=2010 league=wbb -- teams  not built; ids emitted as nulls
2026-08-23 23:53:17,041 INFO ncaa_identity: contest_id=1345524 teams 0/2010 matched, players 0/789 matched
2026-08-23 23:53:18,103 INFO ncaa_identity: contest_id=1345540 season=2010 league=wbb -- teams  not built; ids emitted as nulls
2026-08-23 23:53:18,107 INFO ncaa_identity: contest_id=1345540 teams 0/2272 matched, players 0/751 matched
2026-08-23 23:53:19,089 INFO ncaa_identity: contest_id=1345561 season=2010 league=wbb -- teams  not built; ids emitted as nulls
2026-08-23 23:53:19,093 INFO ncaa_identity: contest_id=1345561 teams 0/2204 matched, players 0/852 matched
2026-08-23 23:53:20,470 INFO ncaa_identity: contest_id=1345576 season=2010 league=wbb -- teams  not built; ids emitted as nulls
2026-08-23 23:53:20,494 INFO ncaa_identity: contest_id=1345576 teams 0/2666 matched, players 0/7462 matched
2026-08-23 23:53:21,752 INFO ncaa_identity: contest_id=1345608 season=2010 league=wbb -- teams  not built; ids emitted as nulls
2026-08-23 23:53:21,758 INFO ncaa_identity: contest_id=1345608 teams 0/2086 matched, players 0/828 matched
2026-08-23 23:53:22,694 INFO ncaa_identity: contest_id=1345666 season=2010 league=wbb -- teams  not built; ids emitted as nulls
2026-08-23 23:53:22,698 INFO ncaa_identity: contest_id=1345666 teams 0/1700 matched, players 0/506 matched
2026-08-23 23:53:23,665 INFO ncaa_identity: contest_id=1345686 season=2010 league=wbb -- teams  not built; ids emitted as nulls
2026-08-23 23:53:23,669 INFO ncaa_identity: contest_id=1345686 teams 0/1725 matched, players 0/619 matched
2026-08-23 23:53:24,882 INFO ncaa_identity: contest_id=1345699 season=2010 league=wbb -- teams  not built; ids emitted as nulls
2026-08-23 23:53:24,891 INFO ncaa_identity: contest_id=1345699 teams 0/2062 matched, players 0/892 matched
2026-08-23 23:53:25,949 INFO ncaa_identity: contest_id=1345744 season=2010 league=wbb -- teams  not built; ids emitted as nulls
2026-08-23 23:53:25,955 INFO ncaa_identity: contest_id=1345744 teams 0/2154 matched, players 0/804 matched
2026-08-23 23:53:26,910 INFO ncaa_identity: contest_id=1345765 season=2010 league=wbb -- teams  not built; ids emitted as nulls
2026-08-23 23:53:26,915 INFO ncaa_identity: contest_id=1345765 teams 0/1890 matched, players 0/635 matched
2026-08-23 23:53:28,363 INFO ncaa_identity: contest_id=1345782 season=2010 league=wbb -- teams  not built; ids emitted as nulls
2026-08-23 23:53:28,369 INFO ncaa_identity: contest_id=1345782 teams 0/2726 matched, players 0/1065 matched
2026-08-23 23:53:29,713 INFO ncaa_identity: contest_id=1345806 season=2010 league=wbb -- teams  not built; ids emitted as nulls
2026-08-23 23:53:29,717 INFO ncaa_identity: contest_id=1345806 teams 0/1764 matched, players 0/579 matched
2026-08-23 23:53:30,768 INFO ncaa_identity: contest_id=1345824 season=2010 league=wbb -- teams  not built; ids emitted as nulls
2026-08-23 23:53:30,772 INFO ncaa_identity: contest_id=1345824 teams 0/1996 matched, players 0/708 matched
2026-08-23 23:53:32,144 INFO ncaa_identity: contest_id=1345845 season=2010 league=wbb -- teams  not built; ids emitted as nulls
2026-08-23 23:53:32,150 INFO ncaa_identity: contest_id=1345845 teams 0/2376 matched, players 0/987 matched
2026-08-23 23:53:33,614 INFO ncaa_identity: contest_id=1345875 season=2010 league=wbb -- teams  not built; ids emitted as nulls
2026-08-23 23:53:33,620 INFO ncaa_identity: contest_id=1345875 teams 0/2524 matched, players 0/845 matched
2026-08-23 23:53:35,220 INFO ncaa_identity: contest_id=1345898 season=2010 league=wbb -- teams  not built; ids emitted as nulls
2026-08-23 23:53:35,227 INFO ncaa_identity: contest_id=1345898 teams 0/1958 matched, players 0/720 matched
2026-08-23 23:53:36,282 INFO ncaa_identity: contest_id=1345925 season=2010 league=wbb -- teams  not built; ids emitted as nulls
2026-08-23 23:53:36,286 INFO ncaa_identity: contest_id=1345925 teams 0/1608 matched, players 0/604 matched
2026-08-23 23:53:37,431 INFO ncaa_identity: contest_id=1345948 season=2010 league=wbb -- teams  not built; ids emitted as nulls
2026-08-23 23:53:37,437 INFO ncaa_identity: contest_id=1345948 teams 0/2602 matched, players 0/912 matched
2026-08-23 23:53:38,740 INFO ncaa_identity: contest_id=1346002 season=2010 league=wbb -- teams  not built; ids emitted as nulls
2026-08-23 23:53:38,748 INFO ncaa_identity: contest_id=1346002 teams 0/2136 matched, players 0/875 matched
2026-08-23 23:53:38,860 INFO 5 starters not found for period 1; using estimate
2026-08-23 23:53:38,861 INFO 5 starters not found for period 1; using estimate
2026-08-23 23:53:38,862 INFO 5 starters not found for period 2; using estimate
2026-08-23 23:53:38,862 INFO 5 starters not found for period 2; using estimate
2026-08-23 23:53:39,836 INFO ncaa_identity: contest_id=1346048 season=2010 league=wbb -- teams  not built; ids emitted as nulls
2026-08-23 23:53:39,845 INFO ncaa_identity: contest_id=1346048 teams 0/1963 matched, players 0/3991 matched
2026-08-23 23:53:40,952 INFO ncaa_identity: contest_id=1346085 season=2010 league=wbb -- teams  not built; ids emitted as nulls
2026-08-23 23:53:40,957 INFO ncaa_identity: contest_id=1346085 teams 0/2248 matched, players 0/768 matched
2026-08-23 23:53:42,269 INFO ncaa_identity: contest_id=1346124 season=2010 league=wbb -- teams  not built; ids emitted as nulls
2026-08-23 23:53:42,274 INFO ncaa_identity: contest_id=1346124 teams 0/2002 matched, players 0/677 matched
2026-08-23 23:53:42,368 INFO 5 starters not found for period 1; using estimate
2026-08-23 23:53:42,369 INFO 5 starters not found for period 1; using estimate
2026-08-23 23:53:42,369 INFO 5 starters not found for period 2; using estimate
2026-08-23 23:53:42,370 INFO 5 starters not found for period 2; using estimate
2026-08-23 23:53:43,322 INFO ncaa_identity: contest_id=1346169 season=2010 league=wbb -- teams  not built; ids emitted as nulls
2026-08-23 23:53:43,330 INFO ncaa_identity: contest_id=1346169 teams 0/1833 matched, players 0/2865 matched
2026-08-23 23:53:44,454 INFO ncaa_identity: contest_id=1346205 season=2010 league=wbb -- teams  not built; ids emitted as nulls
2026-08-23 23:53:44,460 INFO ncaa_identity: contest_id=1346205 teams 0/2422 matched, players 0/857 matched
2026-08-23 23:53:45,783 INFO ncaa_identity: contest_id=1346239 season=2010 league=wbb -- teams  not built; ids emitted as nulls
2026-08-23 23:53:45,788 INFO ncaa_identity: contest_id=1346239 teams 0/2184 matched, players 0/851 matched
2026-08-23 23:53:46,985 INFO ncaa_identity: contest_id=1346261 season=2010 league=wbb -- teams  not built; ids emitted as nulls
2026-08-23 23:53:46,990 INFO ncaa_identity: contest_id=1346261 teams 0/2152 matched, players 0/838 matched
2026-08-23 23:53:48,530 INFO ncaa_identity: contest_id=1346285 season=2010 league=wbb -- teams  not built; ids emitted as nulls
2026-08-23 23:53:48,535 INFO ncaa_identity: contest_id=1346285 teams 0/2208 matched, players 0/732 matched
2026-08-23 23:53:49,700 INFO ncaa_identity: contest_id=1346320 season=2010 league=wbb -- teams  not built; ids emitted as nulls
2026-08-23 23:53:49,705 INFO ncaa_identity: contest_id=1346320 teams 0/1886 matched, players 0/525 matched
2026-08-23 23:53:50,550 INFO ncaa_identity: contest_id=1346354 season=2010 league=wbb -- teams  not built; ids emitted as nulls
2026-08-23 23:53:50,553 INFO ncaa_identity: contest_id=1346354 teams 0/1520 matched, players 0/484 matched
2026-08-23 23:53:51,699 INFO ncaa_identity: contest_id=1346371 season=2010 league=wbb -- teams  not built; ids emitted as nulls
2026-08-23 23:53:51,703 INFO ncaa_identity: contest_id=1346371 teams 0/1840 matched, players 0/601 matched
2026-08-23 23:53:52,689 INFO ncaa_identity: contest_id=1346409 season=2010 league=wbb -- teams  not built; ids emitted as nulls
2026-08-23 23:53:52,694 INFO ncaa_identity: contest_id=1346409 teams 0/2146 matched, players 0/874 matched
2026-08-23 23:53:52,809 INFO 5 starters not found for period 1; using estimate
2026-08-23 23:53:52,810 INFO 5 starters not found for period 1; using estimate
2026-08-23 23:53:52,811 INFO 5 starters not found for period 2; using estimate
2026-08-23 23:53:52,811 INFO 5 starters not found for period 2; using estimate
2026-08-23 23:53:53,622 INFO ncaa_identity: contest_id=1346435 season=2010 league=wbb -- teams  not built; ids emitted as nulls
2026-08-23 23:53:53,632 INFO ncaa_identity: contest_id=1346435 teams 0/2201 matched, players 0/3455 matched
2026-08-23 23:53:54,977 INFO ncaa_identity: contest_id=1346485 season=2010 league=wbb -- teams  not built; ids emitted as nulls
2026-08-23 23:53:54,981 INFO ncaa_identity: contest_id=1346485 teams 0/1870 matched, players 0/724 matched
2026-08-23 23:53:56,229 INFO ncaa_identity: contest_id=1346495 season=2010 league=wbb -- teams  not built; ids emitted as nulls
2026-08-23 23:53:56,234 INFO ncaa_identity: contest_id=1346495 teams 0/2432 matched, players 0/934 matched
2026-08-23 23:53:57,531 INFO ncaa_identity: contest_id=1346535 season=2010 league=wbb -- teams  not built; ids emitted as nulls
2026-08-23 23:53:57,537 INFO ncaa_identity: contest_id=1346535 teams 0/2288 matched, players 0/1000 matched
2026-08-23 23:53:58,721 INFO ncaa_identity: contest_id=1346601 season=2010 league=wbb -- teams  not built; ids emitted as nulls
2026-08-23 23:53:58,726 INFO ncaa_identity: contest_id=1346601 teams 0/2426 matched, players 0/912 matched
2026-08-23 23:54:00,415 INFO ncaa_identity: contest_id=1346611 season=2010 league=wbb -- teams  not built; ids emitted as nulls
2026-08-23 23:54:00,419 INFO ncaa_identity: contest_id=1346611 teams 0/1652 matched, players 0/482 matched
2026-08-23 23:54:01,533 INFO ncaa_identity: contest_id=1346621 season=2010 league=wbb -- teams  not built; ids emitted as nulls
2026-08-23 23:54:01,538 INFO ncaa_identity: contest_id=1346621 teams 0/2350 matched, players 0/949 matched
2026-08-23 23:54:01,645 INFO 5 starters not found for period 1; using estimate
2026-08-23 23:54:01,646 INFO 5 starters not found for period 1; using estimate
2026-08-23 23:54:01,647 INFO 5 starters not found for period 2; using estimate
2026-08-23 23:54:01,647 INFO 5 starters not found for period 2; using estimate
2026-08-23 23:54:02,862 INFO ncaa_identity: contest_id=1346649 season=2010 league=wbb -- teams  not built; ids emitted as nulls
2026-08-23 23:54:02,872 INFO ncaa_identity: contest_id=1346649 teams 0/2250 matched, players 0/3036 matched
2026-08-23 23:54:04,296 INFO ncaa_identity: contest_id=1346667 season=2010 league=wbb -- teams  not built; ids emitted as nulls
2026-08-23 23:54:04,301 INFO ncaa_identity: contest_id=1346667 teams 0/1828 matched, players 0/717 matched
2026-08-23 23:54:05,756 INFO ncaa_identity: contest_id=1346738 season=2010 league=wbb -- teams  not built; ids emitted as nulls
2026-08-23 23:54:05,763 INFO ncaa_identity: contest_id=1346738 teams 0/2504 matched, players 0/1112 matched
2026-08-23 23:54:07,512 INFO ncaa_identity: contest_id=1346781 season=2010 league=wbb -- teams  not built; ids emitted as nulls
2026-08-23 23:54:07,517 INFO ncaa_identity: contest_id=1346781 teams 0/2220 matched, players 0/809 matched
2026-08-23 23:54:08,901 INFO ncaa_identity: contest_id=1346855 season=2010 league=wbb -- teams  not built; ids emitted as nulls
2026-08-23 23:54:08,923 INFO ncaa_identity: contest_id=1346855 teams 0/2565 matched, players 0/7238 matched
2026-08-23 23:54:10,021 INFO ncaa_identity: contest_id=1346881 season=2010 league=wbb -- teams  not built; ids emitted as nulls
2026-08-23 23:54:10,025 INFO ncaa_identity: contest_id=1346881 teams 0/1946 matched, players 0/628 matched
2026-08-23 23:54:11,424 INFO ncaa_identity: contest_id=1346973 season=2010 league=wbb -- teams  not built; ids emitted as nulls
2026-08-23 23:54:11,433 INFO ncaa_identity: contest_id=1346973 teams 0/2042 matched, players 0/684 matched
2026-08-23 23:54:12,533 INFO ncaa_identity: contest_id=1346993 season=2010 league=wbb -- teams  not built; ids emitted as nulls
2026-08-23 23:54:12,538 INFO ncaa_identity: contest_id=1346993 teams 0/1942 matched, players 0/672 matched
2026-08-23 23:54:13,482 INFO ncaa_identity: contest_id=1347003 season=2010 league=wbb -- teams  not built; ids emitted as nulls
2026-08-23 23:54:13,486 INFO ncaa_identity: contest_id=1347003 teams 0/1950 matched, players 0/672 matched
2026-08-23 23:54:15,069 INFO ncaa_identity: contest_id=1347016 season=2010 league=wbb -- teams  not built; ids emitted as nulls
2026-08-23 23:54:15,074 INFO ncaa_identity: contest_id=1347016 teams 0/2246 matched, players 0/911 matched
2026-08-23 23:54:16,398 INFO ncaa_identity: contest_id=1347036 season=2010 league=wbb -- teams  not built; ids emitted as nulls
2026-08-23 23:54:16,403 INFO ncaa_identity: contest_id=1347036 teams 0/1753 matched, players 0/661 matched
2026-08-23 23:54:17,517 INFO ncaa_identity: contest_id=1347048 season=2010 league=wbb -- teams  not built; ids emitted as nulls
2026-08-23 23:54:17,521 INFO ncaa_identity: contest_id=1347048 teams 0/1876 matched, players 0/544 matched
2026-08-23 23:54:18,864 INFO ncaa_identity: contest_id=1347069 season=2010 league=wbb -- teams  not built; ids emitted as nulls
2026-08-23 23:54:18,868 INFO ncaa_identity: contest_id=1347069 teams 0/1916 matched, players 0/731 matched
2026-08-23 23:54:19,915 INFO ncaa_identity: contest_id=1347082 season=2010 league=wbb -- teams  not built; ids emitted as nulls
2026-08-23 23:54:19,919 INFO ncaa_identity: contest_id=1347082 teams 0/1752 matched, players 0/585 matched
2026-08-23 23:54:20,898 INFO ncaa_identity: contest_id=1347134 season=2010 league=wbb -- teams  not built; ids emitted as nulls
2026-08-23 23:54:20,903 INFO ncaa_identity: contest_id=1347134 teams 0/1996 matched, players 0/777 matched
2026-08-23 23:54:22,167 INFO ncaa_identity: contest_id=1347173 season=2010 league=wbb -- teams  not built; ids emitted as nulls
2026-08-23 23:54:22,173 INFO ncaa_identity: contest_id=1347173 teams 0/2372 matched, players 0/789 matched
2026-08-23 23:54:23,220 INFO ncaa_identity: contest_id=1347203 season=2010 league=wbb -- teams  not built; ids emitted as nulls
2026-08-23 23:54:23,224 INFO ncaa_identity: contest_id=1347203 teams 0/1745 matched, players 0/481 matched
2026-08-23 23:54:24,591 INFO ncaa_identity: contest_id=1347232 season=2010 league=wbb -- teams  not built; ids emitted as nulls
2026-08-23 23:54:24,596 INFO ncaa_identity: contest_id=1347232 teams 0/2362 matched, players 0/841 matched
2026-08-23 23:54:25,460 INFO ncaa_identity: contest_id=1347249 season=2010 league=wbb -- teams  not built; ids emitted as nulls
2026-08-23 23:54:25,464 INFO ncaa_identity: contest_id=1347249 teams 0/1686 matched, players 0/607 matched
2026-08-23 23:54:26,282 INFO ncaa_identity: contest_id=1347281 season=2010 league=wbb -- teams  not built; ids emitted as nulls
2026-08-23 23:54:26,286 INFO ncaa_identity: contest_id=1347281 teams 0/1700 matched, players 0/674 matched
2026-08-23 23:54:27,527 INFO ncaa_identity: contest_id=1347313 season=2010 league=wbb -- teams  not built; ids emitted as nulls
2026-08-23 23:54:27,535 INFO ncaa_identity: contest_id=1347313 teams 0/1934 matched, players 0/765 matched
2026-08-23 23:54:28,679 INFO ncaa_identity: contest_id=1347347 season=2010 league=wbb -- teams  not built; ids emitted as nulls
2026-08-23 23:54:28,683 INFO ncaa_identity: contest_id=1347347 teams 0/1788 matched, players 0/530 matched
2026-08-23 23:54:29,601 INFO ncaa_identity: contest_id=1347387 season=2010 league=wbb -- teams  not built; ids emitted as nulls
2026-08-23 23:54:29,606 INFO ncaa_identity: contest_id=1347387 teams 0/1804 matched, players 0/681 matched
2026-08-23 23:54:30,619 INFO ncaa_identity: contest_id=1347446 season=2010 league=wbb -- teams  not built; ids emitted as nulls
2026-08-23 23:54:30,624 INFO ncaa_identity: contest_id=1347446 teams 0/2162 matched, players 0/894 matched
2026-08-23 23:54:32,150 INFO ncaa_identity: contest_id=1347475 season=2010 league=wbb -- teams  not built; ids emitted as nulls
2026-08-23 23:54:32,156 INFO ncaa_identity: contest_id=1347475 teams 0/2542 matched, players 0/1007 matched
2026-08-23 23:54:33,204 INFO ncaa_identity: contest_id=1347541 season=2010 league=wbb -- teams  not built; ids emitted as nulls
2026-08-23 23:54:33,209 INFO ncaa_identity: contest_id=1347541 teams 0/2158 matched, players 0/746 matched
2026-08-23 23:54:34,623 INFO ncaa_identity: contest_id=1347585 season=2010 league=wbb -- teams  not built; ids emitted as nulls
2026-08-23 23:54:34,628 INFO ncaa_identity: contest_id=1347585 teams 0/2298 matched, players 0/851 matched
2026-08-23 23:54:35,515 INFO ncaa_identity: contest_id=1347614 season=2010 league=wbb -- teams  not built; ids emitted as nulls
2026-08-23 23:54:35,520 INFO ncaa_identity: contest_id=1347614 teams 0/1988 matched, players 0/767 matched
2026-08-23 23:54:36,462 INFO ncaa_identity: contest_id=1347680 season=2010 league=wbb -- teams  not built; ids emitted as nulls
2026-08-23 23:54:36,467 INFO ncaa_identity: contest_id=1347680 teams 0/2292 matched, players 0/712 matched
2026-08-23 23:54:37,999 INFO ncaa_identity: contest_id=1347693 season=2010 league=wbb -- teams  not built; ids emitted as nulls
2026-08-23 23:54:38,004 INFO ncaa_identity: contest_id=1347693 teams 0/2185 matched, players 0/781 matched
2026-08-23 23:54:38,959 INFO ncaa_identity: contest_id=1347772 season=2010 league=wbb -- teams  not built; ids emitted as nulls
2026-08-23 23:54:38,963 INFO ncaa_identity: contest_id=1347772 teams 0/1870 matched, players 0/685 matched
2026-08-23 23:54:40,188 INFO ncaa_identity: contest_id=1347787 season=2010 league=wbb -- teams  not built; ids emitted as nulls
2026-08-23 23:54:40,194 INFO ncaa_identity: contest_id=1347787 teams 0/2394 matched, players 0/958 matched
2026-08-23 23:54:41,368 INFO ncaa_identity: contest_id=1347804 season=2010 league=wbb -- teams  not built; ids emitted as nulls
2026-08-23 23:54:41,373 INFO ncaa_identity: contest_id=1347804 teams 0/1712 matched, players 0/680 matched
2026-08-23 23:54:42,646 INFO ncaa_identity: contest_id=1347814 season=2010 league=wbb -- teams  not built; ids emitted as nulls
2026-08-23 23:54:42,650 INFO ncaa_identity: contest_id=1347814 teams 0/2204 matched, players 0/869 matched
2026-08-23 23:54:43,682 INFO ncaa_identity: contest_id=1347831 season=2010 league=wbb -- teams  not built; ids emitted as nulls
2026-08-23 23:54:43,686 INFO ncaa_identity: contest_id=1347831 teams 0/1864 matched, players 0/654 matched
2026-08-23 23:54:44,596 INFO ncaa_identity: contest_id=1347841 season=2010 league=wbb -- teams  not built; ids emitted as nulls
2026-08-23 23:54:44,599 INFO ncaa_identity: contest_id=1347841 teams 0/1366 matched, players 0/359 matched
2026-08-23 23:54:45,700 INFO ncaa_identity: contest_id=1347880 season=2010 league=wbb -- teams  not built; ids emitted as nulls
2026-08-23 23:54:45,704 INFO ncaa_identity: contest_id=1347880 teams 0/2000 matched, players 0/740 matched
2026-08-23 23:54:46,759 INFO ncaa_identity: contest_id=1347910 season=2010 league=wbb -- teams  not built; ids emitted as nulls
2026-08-23 23:54:46,762 INFO ncaa_identity: contest_id=1347910 teams 0/1616 matched, players 0/624 matched
2026-08-23 23:54:48,338 INFO ncaa_identity: contest_id=1347926 season=2010 league=wbb -- teams  not built; ids emitted as nulls
2026-08-23 23:54:48,342 INFO ncaa_identity: contest_id=1347926 teams 0/1813 matched, players 0/630 matched
2026-08-23 23:54:49,197 INFO ncaa_identity: contest_id=1347962 season=2010 league=wbb -- teams  not built; ids emitted as nulls
2026-08-23 23:54:49,200 INFO ncaa_identity: contest_id=1347962 teams 0/1442 matched, players 0/378 matched
2026-08-23 23:54:50,210 INFO ncaa_identity: contest_id=1347976 season=2010 league=wbb -- teams  not built; ids emitted as nulls
2026-08-23 23:54:50,214 INFO ncaa_identity: contest_id=1347976 teams 0/1950 matched, players 0/668 matched
2026-08-23 23:54:51,814 INFO ncaa_identity: contest_id=1347992 season=2010 league=wbb -- teams  not built; ids emitted as nulls
2026-08-23 23:54:51,819 INFO ncaa_identity: contest_id=1347992 teams 0/1984 matched, players 0/696 matched
2026-08-23 23:54:53,039 INFO ncaa_identity: contest_id=1348024 season=2010 league=wbb -- teams  not built; ids emitted as nulls
2026-08-23 23:54:53,044 INFO ncaa_identity: contest_id=1348024 teams 0/2088 matched, players 0/722 matched
2026-08-23 23:54:54,129 INFO ncaa_identity: contest_id=1348042 season=2010 league=wbb -- teams  not built; ids emitted as nulls
2026-08-23 23:54:54,133 INFO ncaa_identity: contest_id=1348042 teams 0/2296 matched, players 0/740 matched
2026-08-23 23:54:55,818 INFO ncaa_identity: contest_id=1348081 season=2010 league=wbb -- teams  not built; ids emitted as nulls
2026-08-23 23:54:55,823 INFO ncaa_identity: contest_id=1348081 teams 0/2062 matched, players 0/772 matched
2026-08-23 23:54:57,114 INFO ncaa_identity: contest_id=1348095 season=2010 league=wbb -- teams  not built; ids emitted as nulls
2026-08-23 23:54:57,119 INFO ncaa_identity: contest_id=1348095 teams 0/2082 matched, players 0/776 matched
2026-08-23 23:54:58,195 INFO ncaa_identity: contest_id=1348157 season=2010 league=wbb -- teams  not built; ids emitted as nulls
2026-08-23 23:54:58,199 INFO ncaa_identity: contest_id=1348157 teams 0/1730 matched, players 0/544 matched
2026-08-23 23:54:59,983 INFO ncaa_identity: contest_id=1348177 season=2010 league=wbb -- teams  not built; ids emitted as nulls
2026-08-23 23:54:59,989 INFO ncaa_identity: contest_id=1348177 teams 0/2082 matched, players 0/717 matched
2026-08-23 23:55:01,016 INFO ncaa_identity: contest_id=1348193 season=2010 league=wbb -- teams  not built; ids emitted as nulls
2026-08-23 23:55:01,021 INFO ncaa_identity: contest_id=1348193 teams 0/1922 matched, players 0/740 matched
2026-08-23 23:55:02,064 INFO ncaa_identity: contest_id=1348203 season=2010 league=wbb -- teams  not built; ids emitted as nulls
2026-08-23 23:55:02,069 INFO ncaa_identity: contest_id=1348203 teams 0/2220 matched, players 0/677 matched
2026-08-23 23:55:03,390 INFO ncaa_identity: contest_id=1348220 season=2010 league=wbb -- teams  not built; ids emitted as nulls
2026-08-23 23:55:03,396 INFO ncaa_identity: contest_id=1348220 teams 0/2246 matched, players 0/965 matched
2026-08-23 23:55:04,571 INFO ncaa_identity: contest_id=1348293 season=2010 league=wbb -- teams  not built; ids emitted as nulls
2026-08-23 23:55:04,576 INFO ncaa_identity: contest_id=1348293 teams 0/1994 matched, players 0/829 matched
2026-08-23 23:55:05,541 INFO ncaa_identity: contest_id=1348309 season=2010 league=wbb -- teams  not built; ids emitted as nulls
2026-08-23 23:55:05,545 INFO ncaa_identity: contest_id=1348309 teams 0/1966 matched, players 0/720 matched
2026-08-23 23:55:06,876 INFO ncaa_identity: contest_id=1348326 season=2010 league=wbb -- teams  not built; ids emitted as nulls
2026-08-23 23:55:06,880 INFO ncaa_identity: contest_id=1348326 teams 0/1774 matched, players 0/504 matched
2026-08-23 23:55:07,920 INFO ncaa_identity: contest_id=1348336 season=2010 league=wbb -- teams  not built; ids emitted as nulls
2026-08-23 23:55:07,924 INFO ncaa_identity: contest_id=1348336 teams 0/1834 matched, players 0/685 matched
2026-08-23 23:55:09,470 INFO ncaa_identity: contest_id=1348348 season=2010 league=wbb -- teams  not built; ids emitted as nulls
2026-08-23 23:55:09,474 INFO ncaa_identity: contest_id=1348348 teams 0/2080 matched, players 0/771 matched
2026-08-23 23:55:10,913 INFO ncaa_identity: contest_id=1348360 season=2010 league=wbb -- teams  not built; ids emitted as nulls
2026-08-23 23:55:10,917 INFO ncaa_identity: contest_id=1348360 teams 0/2039 matched, players 0/715 matched
2026-08-23 23:55:12,158 INFO ncaa_identity: contest_id=1348373 season=2010 league=wbb -- teams  not built; ids emitted as nulls
2026-08-23 23:55:12,163 INFO ncaa_identity: contest_id=1348373 teams 0/1948 matched, players 0/664 matched
2026-08-23 23:55:13,163 INFO ncaa_identity: contest_id=1348402 season=2010 league=wbb -- teams  not built; ids emitted as nulls
2026-08-23 23:55:13,168 INFO ncaa_identity: contest_id=1348402 teams 0/1642 matched, players 0/649 matched
2026-08-23 23:55:14,469 INFO ncaa_identity: contest_id=1348420 season=2010 league=wbb -- teams  not built; ids emitted as nulls
2026-08-23 23:55:14,474 INFO ncaa_identity: contest_id=1348420 teams 0/2094 matched, players 0/824 matched
2026-08-23 23:55:15,469 INFO ncaa_identity: contest_id=1348435 season=2010 league=wbb -- teams  not built; ids emitted as nulls
2026-08-23 23:55:15,473 INFO ncaa_identity: contest_id=1348435 teams 0/1860 matched, players 0/727 matched
2026-08-23 23:55:16,411 INFO ncaa_identity: contest_id=1348454 season=2010 league=wbb -- teams  not built; ids emitted as nulls
2026-08-23 23:55:16,416 INFO ncaa_identity: contest_id=1348454 teams 0/1884 matched, players 0/739 matched
2026-08-23 23:55:17,559 INFO ncaa_identity: contest_id=1348465 season=2010 league=wbb -- teams  not built; ids emitted as nulls
2026-08-23 23:55:17,563 INFO ncaa_identity: contest_id=1348465 teams 0/1986 matched, players 0/739 matched
2026-08-23 23:55:18,917 INFO ncaa_identity: contest_id=1348475 season=2010 league=wbb -- teams  not built; ids emitted as nulls
2026-08-23 23:55:18,922 INFO ncaa_identity: contest_id=1348475 teams 0/2272 matched, players 0/785 matched
2026-08-23 23:55:19,903 INFO ncaa_identity: contest_id=1348507 season=2010 league=wbb -- teams  not built; ids emitted as nulls
2026-08-23 23:55:19,909 INFO ncaa_identity: contest_id=1348507 teams 0/1998 matched, players 0/788 matched
2026-08-23 23:55:20,019 INFO 5 starters not found for period 1; using estimate
2026-08-23 23:55:20,020 INFO 5 starters not found for period 1; using estimate
2026-08-23 23:55:20,020 INFO 5 starters not found for period 2; using estimate
2026-08-23 23:55:20,021 INFO 5 starters not found for period 2; using estimate
2026-08-23 23:55:20,919 INFO ncaa_identity: contest_id=1348523 season=2010 league=wbb -- teams  not built; ids emitted as nulls
2026-08-23 23:55:20,928 INFO ncaa_identity: contest_id=1348523 teams 0/2069 matched, players 0/3227 matched
2026-08-23 23:55:22,109 INFO ncaa_identity: contest_id=1348535 season=2010 league=wbb -- teams  not built; ids emitted as nulls
2026-08-23 23:55:22,115 INFO ncaa_identity: contest_id=1348535 teams 0/2044 matched, players 0/771 matched
2026-08-23 23:55:23,181 INFO ncaa_identity: contest_id=1348545 season=2010 league=wbb -- teams  not built; ids emitted as nulls
2026-08-23 23:55:23,187 INFO ncaa_identity: contest_id=1348545 teams 0/2480 matched, players 0/1127 matched
2026-08-23 23:55:24,229 INFO ncaa_identity: contest_id=1348556 season=2010 league=wbb -- teams  not built; ids emitted as nulls
2026-08-23 23:55:24,234 INFO ncaa_identity: contest_id=1348556 teams 0/2154 matched, players 0/870 matched
2026-08-23 23:55:25,554 INFO ncaa_identity: contest_id=1348578 season=2010 league=wbb -- teams  not built; ids emitted as nulls
2026-08-23 23:55:25,560 INFO ncaa_identity: contest_id=1348578 teams 0/2434 matched, players 0/1098 matched
2026-08-23 23:55:26,588 INFO ncaa_identity: contest_id=1348591 season=2010 league=wbb -- teams  not built; ids emitted as nulls
2026-08-23 23:55:26,592 INFO ncaa_identity: contest_id=1348591 teams 0/1936 matched, players 0/638 matched
2026-08-23 23:55:28,127 INFO ncaa_identity: contest_id=1348607 season=2010 league=wbb -- teams  not built; ids emitted as nulls
2026-08-23 23:55:28,132 INFO ncaa_identity: contest_id=1348607 teams 0/2275 matched, players 0/886 matched
2026-08-23 23:55:29,031 INFO ncaa_identity: contest_id=1348620 season=2010 league=wbb -- teams  not built; ids emitted as nulls
2026-08-23 23:55:29,035 INFO ncaa_identity: contest_id=1348620 teams 0/1508 matched, players 0/445 matched
2026-08-23 23:55:30,048 INFO ncaa_identity: contest_id=1348630 season=2010 league=wbb -- teams  not built; ids emitted as nulls
2026-08-23 23:55:30,052 INFO ncaa_identity: contest_id=1348630 teams 0/2042 matched, players 0/811 matched
2026-08-23 23:55:31,322 INFO ncaa_identity: contest_id=1348641 season=2010 league=wbb -- teams  not built; ids emitted as nulls
2026-08-23 23:55:31,328 INFO ncaa_identity: contest_id=1348641 teams 0/2176 matched, players 0/711 matched
2026-08-23 23:55:32,765 INFO ncaa_identity: contest_id=1348654 season=2010 league=wbb -- teams  not built; ids emitted as nulls
2026-08-23 23:55:32,771 INFO ncaa_identity: contest_id=1348654 teams 0/2304 matched, players 0/881 matched
2026-08-23 23:55:33,745 INFO ncaa_identity: contest_id=1348690 season=2010 league=wbb -- teams  not built; ids emitted as nulls
2026-08-23 23:55:33,749 INFO ncaa_identity: contest_id=1348690 teams 0/1790 matched, players 0/584 matched
2026-08-23 23:55:35,515 INFO ncaa_identity: contest_id=1348702 season=2010 league=wbb -- teams  not built; ids emitted as nulls
2026-08-23 23:55:35,520 INFO ncaa_identity: contest_id=1348702 teams 0/2388 matched, players 0/741 matched
2026-08-23 23:55:36,677 INFO ncaa_identity: contest_id=1348723 season=2010 league=wbb -- teams  not built; ids emitted as nulls
2026-08-23 23:55:36,682 INFO ncaa_identity: contest_id=1348723 teams 0/2078 matched, players 0/720 matched
2026-08-23 23:55:37,734 INFO ncaa_identity: contest_id=1348736 season=2010 league=wbb -- teams  not built; ids emitted as nulls
2026-08-23 23:55:37,739 INFO ncaa_identity: contest_id=1348736 teams 0/2092 matched, players 0/807 matched
2026-08-23 23:55:39,366 INFO ncaa_identity: contest_id=1348753 season=2010 league=wbb -- teams  not built; ids emitted as nulls
2026-08-23 23:55:39,370 INFO ncaa_identity: contest_id=1348753 teams 0/1934 matched, players 0/622 matched
2026-08-23 23:55:40,872 INFO ncaa_identity: contest_id=1348771 season=2010 league=wbb -- teams  not built; ids emitted as nulls
2026-08-23 23:55:40,892 INFO ncaa_identity: contest_id=1348771 teams 0/2499 matched, players 0/7049 matched
2026-08-23 23:55:41,949 INFO ncaa_identity: contest_id=1348809 season=2010 league=wbb -- teams  not built; ids emitted as nulls
2026-08-23 23:55:41,954 INFO ncaa_identity: contest_id=1348809 teams 0/1874 matched, players 0/742 matched
2026-08-23 23:55:43,485 INFO ncaa_identity: contest_id=1348837 season=2010 league=wbb -- teams  not built; ids emitted as nulls
2026-08-23 23:55:43,491 INFO ncaa_identity: contest_id=1348837 teams 0/2174 matched, players 0/865 matched
2026-08-23 23:55:44,550 INFO ncaa_identity: contest_id=1348874 season=2010 league=wbb -- teams  not built; ids emitted as nulls
2026-08-23 23:55:44,561 INFO ncaa_identity: contest_id=1348874 teams 0/2017 matched, players 0/719 matched
2026-08-23 23:55:46,106 INFO ncaa_identity: contest_id=1348892 season=2010 league=wbb -- teams  not built; ids emitted as nulls
2026-08-23 23:55:46,113 INFO ncaa_identity: contest_id=1348892 teams 0/2376 matched, players 0/917 matched
2026-08-23 23:55:47,200 INFO ncaa_identity: contest_id=1348909 season=2010 league=wbb -- teams  not built; ids emitted as nulls
2026-08-23 23:55:47,206 INFO ncaa_identity: contest_id=1348909 teams 0/2192 matched, players 0/915 matched
2026-08-23 23:55:48,406 INFO ncaa_identity: contest_id=1348920 season=2010 league=wbb -- teams  not built; ids emitted as nulls
2026-08-23 23:55:48,411 INFO ncaa_identity: contest_id=1348920 teams 0/2028 matched, players 0/765 matched
2026-08-23 23:55:50,127 INFO ncaa_identity: contest_id=1348938 season=2010 league=wbb -- teams  not built; ids emitted as nulls
2026-08-23 23:55:50,133 INFO ncaa_identity: contest_id=1348938 teams 0/2259 matched, players 0/726 matched
2026-08-23 23:55:51,262 INFO ncaa_identity: contest_id=1348949 season=2010 league=wbb -- teams  not built; ids emitted as nulls
2026-08-23 23:55:51,266 INFO ncaa_identity: contest_id=1348949 teams 0/1566 matched, players 0/473 matched
2026-08-23 23:55:52,354 INFO ncaa_identity: contest_id=1348963 season=2010 league=wbb -- teams  not built; ids emitted as nulls
2026-08-23 23:55:52,359 INFO ncaa_identity: contest_id=1348963 teams 0/2050 matched, players 0/780 matched
2026-08-23 23:55:53,745 INFO ncaa_identity: contest_id=1349032 season=2010 league=wbb -- teams  not built; ids emitted as nulls
2026-08-23 23:55:53,751 INFO ncaa_identity: contest_id=1349032 teams 0/2078 matched, players 0/799 matched
2026-08-23 23:55:54,775 INFO ncaa_identity: contest_id=1349053 season=2010 league=wbb -- teams  not built; ids emitted as nulls
2026-08-23 23:55:54,780 INFO ncaa_identity: contest_id=1349053 teams 0/1882 matched, players 0/565 matched
2026-08-23 23:55:55,976 INFO ncaa_identity: contest_id=1349063 season=2010 league=wbb -- teams  not built; ids emitted as nulls
2026-08-23 23:55:55,985 INFO ncaa_identity: contest_id=1349063 teams 0/1978 matched, players 0/716 matched
2026-08-23 23:55:57,390 INFO ncaa_identity: contest_id=1349095 season=2010 league=wbb -- teams  not built; ids emitted as nulls
2026-08-23 23:55:57,395 INFO ncaa_identity: contest_id=1349095 teams 0/2124 matched, players 0/819 matched
2026-08-23 23:55:58,338 INFO ncaa_identity: contest_id=1349113 season=2010 league=wbb -- teams  not built; ids emitted as nulls
2026-08-23 23:55:58,343 INFO ncaa_identity: contest_id=1349113 teams 0/1784 matched, players 0/702 matched
2026-08-23 23:55:59,369 INFO ncaa_identity: contest_id=1349172 season=2010 league=wbb -- teams  not built; ids emitted as nulls
2026-08-23 23:55:59,375 INFO ncaa_identity: contest_id=1349172 teams 0/2392 matched, players 0/740 matched
2026-08-23 23:56:00,501 INFO ncaa_identity: contest_id=1349186 season=2010 league=wbb -- teams  not built; ids emitted as nulls
2026-08-23 23:56:00,506 INFO ncaa_identity: contest_id=1349186 teams 0/2157 matched, players 0/812 matched
2026-08-23 23:56:01,728 INFO ncaa_identity: contest_id=1349203 season=2010 league=wbb -- teams  not built; ids emitted as nulls
2026-08-23 23:56:01,761 INFO ncaa_identity: contest_id=1349203 teams 0/3051 matched, players 0/8664 matched
2026-08-23 23:56:02,919 INFO ncaa_identity: contest_id=1349213 season=2010 league=wbb -- teams  not built; ids emitted as nulls
2026-08-23 23:56:02,924 INFO ncaa_identity: contest_id=1349213 teams 0/2166 matched, players 0/758 matched
2026-08-23 23:56:03,825 INFO ncaa_identity: contest_id=1349223 season=2010 league=wbb -- teams  not built; ids emitted as nulls
2026-08-23 23:56:03,830 INFO ncaa_identity: contest_id=1349223 teams 0/2118 matched, players 0/825 matched
2026-08-23 23:56:04,962 INFO ncaa_identity: contest_id=1349236 season=2010 league=wbb -- teams  not built; ids emitted as nulls
2026-08-23 23:56:04,968 INFO ncaa_identity: contest_id=1349236 teams 0/2072 matched, players 0/749 matched
2026-08-23 23:56:06,105 INFO ncaa_identity: contest_id=1349272 season=2010 league=wbb -- teams  not built; ids emitted as nulls
2026-08-23 23:56:06,110 INFO ncaa_identity: contest_id=1349272 teams 0/2020 matched, players 0/786 matched
2026-08-23 23:56:06,991 INFO ncaa_identity: contest_id=1349288 season=2010 league=wbb -- teams  not built; ids emitted as nulls
2026-08-23 23:56:06,996 INFO ncaa_identity: contest_id=1349288 teams 0/2074 matched, players 0/803 matched
2026-08-23 23:56:08,181 INFO ncaa_identity: contest_id=1349408 season=2010 league=wbb -- teams  not built; ids emitted as nulls
2026-08-23 23:56:08,186 INFO ncaa_identity: contest_id=1349408 teams 0/2036 matched, players 0/822 matched
2026-08-23 23:56:09,358 INFO ncaa_identity: contest_id=1349428 season=2010 league=wbb -- teams  not built; ids emitted as nulls
2026-08-23 23:56:09,363 INFO ncaa_identity: contest_id=1349428 teams 0/2158 matched, players 0/910 matched
2026-08-23 23:56:10,331 INFO ncaa_identity: contest_id=1349441 season=2010 league=wbb -- teams  not built; ids emitted as nulls
2026-08-23 23:56:10,335 INFO ncaa_identity: contest_id=1349441 teams 0/1828 matched, players 0/667 matched
2026-08-23 23:56:11,405 INFO ncaa_identity: contest_id=1349456 season=2010 league=wbb -- teams  not built; ids emitted as nulls
2026-08-23 23:56:11,408 INFO ncaa_identity: contest_id=1349456 teams 0/1754 matched, players 0/512 matched
2026-08-23 23:56:12,562 INFO ncaa_identity: contest_id=1349527 season=2010 league=wbb -- teams  not built; ids emitted as nulls
2026-08-23 23:56:12,566 INFO ncaa_identity: contest_id=1349527 teams 0/1770 matched, players 0/707 matched
2026-08-23 23:56:13,697 INFO ncaa_identity: contest_id=1349539 season=2010 league=wbb -- teams  not built; ids emitted as nulls
2026-08-23 23:56:13,703 INFO ncaa_identity: contest_id=1349539 teams 0/2046 matched, players 0/764 matched
2026-08-23 23:56:15,274 INFO ncaa_identity: contest_id=1349550 season=2010 league=wbb -- teams  not built; ids emitted as nulls
2026-08-23 23:56:15,279 INFO ncaa_identity: contest_id=1349550 teams 0/2062 matched, players 0/876 matched
2026-08-23 23:56:17,011 INFO ncaa_identity: contest_id=1349568 season=2010 league=wbb -- teams  not built; ids emitted as nulls
2026-08-23 23:56:17,017 INFO ncaa_identity: contest_id=1349568 teams 0/2338 matched, players 0/1004 matched
2026-08-23 23:56:18,279 INFO ncaa_identity: contest_id=1349599 season=2010 league=wbb -- teams  not built; ids emitted as nulls
2026-08-23 23:56:18,285 INFO ncaa_identity: contest_id=1349599 teams 0/2056 matched, players 0/813 matched
2026-08-23 23:56:19,912 INFO ncaa_identity: contest_id=1349609 season=2010 league=wbb -- teams  not built; ids emitted as nulls
2026-08-23 23:56:19,917 INFO ncaa_identity: contest_id=1349609 teams 0/2328 matched, players 0/992 matched
2026-08-23 23:56:20,909 INFO ncaa_identity: contest_id=1349657 season=2010 league=wbb -- teams  not built; ids emitted as nulls
2026-08-23 23:56:20,913 INFO ncaa_identity: contest_id=1349657 teams 0/1982 matched, players 0/819 matched
2026-08-23 23:56:22,358 INFO ncaa_identity: contest_id=1349679 season=2010 league=wbb -- teams  not built; ids emitted as nulls
2026-08-23 23:56:22,363 INFO ncaa_identity: contest_id=1349679 teams 0/2224 matched, players 0/830 matched
2026-08-23 23:56:23,568 INFO ncaa_identity: contest_id=1349717 season=2010 league=wbb -- teams  not built; ids emitted as nulls
2026-08-23 23:56:23,571 INFO ncaa_identity: contest_id=1349717 teams 0/1674 matched, players 0/582 matched
2026-08-23 23:56:24,405 INFO ncaa_identity: contest_id=1349749 season=2010 league=wbb -- teams  not built; ids emitted as nulls
2026-08-23 23:56:24,408 INFO ncaa_identity: contest_id=1349749 teams 0/1422 matched, players 0/373 matched
2026-08-23 23:56:25,590 INFO ncaa_identity: contest_id=1349794 season=2010 league=wbb -- teams  not built; ids emitted as nulls
2026-08-23 23:56:25,595 INFO ncaa_identity: contest_id=1349794 teams 0/2220 matched, players 0/848 matched
2026-08-23 23:56:26,681 INFO ncaa_identity: contest_id=1349859 season=2010 league=wbb -- teams  not built; ids emitted as nulls
2026-08-23 23:56:26,684 INFO ncaa_identity: contest_id=1349859 teams 0/1703 matched, players 0/537 matched
2026-08-23 23:56:27,874 INFO ncaa_identity: contest_id=1349896 season=2010 league=wbb -- teams  not built; ids emitted as nulls
2026-08-23 23:56:27,881 INFO ncaa_identity: contest_id=1349896 teams 0/2564 matched, players 0/1188 matched
2026-08-23 23:56:28,941 INFO ncaa_identity: contest_id=1349924 season=2010 league=wbb -- teams  not built; ids emitted as nulls
2026-08-23 23:56:28,946 INFO ncaa_identity: contest_id=1349924 teams 0/2048 matched, players 0/700 matched
2026-08-23 23:56:30,413 INFO ncaa_identity: contest_id=1349950 season=2010 league=wbb -- teams  not built; ids emitted as nulls
2026-08-23 23:56:30,417 INFO ncaa_identity: contest_id=1349950 teams 0/1742 matched, players 0/549 matched
2026-08-23 23:56:31,429 INFO ncaa_identity: contest_id=1349969 season=2010 league=wbb -- teams  not built; ids emitted as nulls
2026-08-23 23:56:31,434 INFO ncaa_identity: contest_id=1349969 teams 0/1788 matched, players 0/645 matched
2026-08-23 23:56:32,545 INFO ncaa_identity: contest_id=1350003 season=2010 league=wbb -- teams  not built; ids emitted as nulls
2026-08-23 23:56:32,550 INFO ncaa_identity: contest_id=1350003 teams 0/1962 matched, players 0/697 matched
2026-08-23 23:56:33,953 INFO ncaa_identity: contest_id=1350013 season=2010 league=wbb -- teams  not built; ids emitted as nulls
2026-08-23 23:56:33,958 INFO ncaa_identity: contest_id=1350013 teams 0/2054 matched, players 0/697 matched
2026-08-23 23:56:34,933 INFO ncaa_identity: contest_id=1350074 season=2010 league=wbb -- teams  not built; ids emitted as nulls
2026-08-23 23:56:34,937 INFO ncaa_identity: contest_id=1350074 teams 0/2000 matched, players 0/534 matched
2026-08-23 23:56:35,992 INFO ncaa_identity: contest_id=1350102 season=2010 league=wbb -- teams  not built; ids emitted as nulls
2026-08-23 23:56:35,996 INFO ncaa_identity: contest_id=1350102 teams 0/1926 matched, players 0/662 matched
2026-08-23 23:56:37,425 INFO ncaa_identity: contest_id=1350132 season=2010 league=wbb -- teams  not built; ids emitted as nulls
2026-08-23 23:56:37,429 INFO ncaa_identity: contest_id=1350132 teams 0/2045 matched, players 0/798 matched
2026-08-23 23:56:38,674 INFO ncaa_identity: contest_id=1350175 season=2010 league=wbb -- teams  not built; ids emitted as nulls
2026-08-23 23:56:38,680 INFO ncaa_identity: contest_id=1350175 teams 0/2216 matched, players 0/882 matched
2026-08-23 23:56:40,330 INFO ncaa_identity: contest_id=1350222 season=2010 league=wbb -- teams  not built; ids emitted as nulls
2026-08-23 23:56:40,336 INFO ncaa_identity: contest_id=1350222 teams 0/2368 matched, players 0/774 matched
2026-08-23 23:56:41,486 INFO ncaa_identity: contest_id=1350263 season=2010 league=wbb -- teams  not built; ids emitted as nulls
2026-08-23 23:56:41,491 INFO ncaa_identity: contest_id=1350263 teams 0/2284 matched, players 0/973 matched
2026-08-23 23:56:42,692 INFO ncaa_identity: contest_id=1350302 season=2010 league=wbb -- teams  not built; ids emitted as nulls
2026-08-23 23:56:42,697 INFO ncaa_identity: contest_id=1350302 teams 0/1758 matched, players 0/756 matched
2026-08-23 23:56:44,109 INFO ncaa_identity: contest_id=1350316 season=2010 league=wbb -- teams  not built; ids emitted as nulls
2026-08-23 23:56:44,113 INFO ncaa_identity: contest_id=1350316 teams 0/2012 matched, players 0/646 matched
2026-08-23 23:56:45,020 INFO ncaa_identity: contest_id=1350337 season=2010 league=wbb -- teams  not built; ids emitted as nulls
2026-08-23 23:56:45,024 INFO ncaa_identity: contest_id=1350337 teams 0/1910 matched, players 0/667 matched
2026-08-23 23:56:46,035 INFO ncaa_identity: contest_id=1350396 season=2010 league=wbb -- teams  not built; ids emitted as nulls
2026-08-23 23:56:46,041 INFO ncaa_identity: contest_id=1350396 teams 0/2272 matched, players 0/1013 matched
2026-08-23 23:56:47,119 INFO ncaa_identity: contest_id=1350406 season=2010 league=wbb -- teams  not built; ids emitted as nulls
2026-08-23 23:56:47,124 INFO ncaa_identity: contest_id=1350406 teams 0/2090 matched, players 0/794 matched
2026-08-23 23:56:48,425 INFO ncaa_identity: contest_id=1350438 season=2010 league=wbb -- teams  not built; ids emitted as nulls
2026-08-23 23:56:48,431 INFO ncaa_identity: contest_id=1350438 teams 0/1998 matched, players 0/768 matched
2026-08-23 23:56:49,552 INFO ncaa_identity: contest_id=1350467 season=2010 league=wbb -- teams  not built; ids emitted as nulls
2026-08-23 23:56:49,557 INFO ncaa_identity: contest_id=1350467 teams 0/2216 matched, players 0/727 matched
2026-08-23 23:56:50,594 INFO ncaa_identity: contest_id=1350558 season=2010 league=wbb -- teams  not built; ids emitted as nulls
2026-08-23 23:56:50,599 INFO ncaa_identity: contest_id=1350558 teams 0/1872 matched, players 0/714 matched
2026-08-23 23:56:51,938 INFO ncaa_identity: contest_id=1350569 season=2010 league=wbb -- teams  not built; ids emitted as nulls
2026-08-23 23:56:51,942 INFO ncaa_identity: contest_id=1350569 teams 0/1894 matched, players 0/717 matched
2026-08-23 23:56:52,931 INFO ncaa_identity: contest_id=1350584 season=2010 league=wbb -- teams  not built; ids emitted as nulls
2026-08-23 23:56:52,936 INFO ncaa_identity: contest_id=1350584 teams 0/2068 matched, players 0/831 matched
2026-08-23 23:56:53,982 INFO ncaa_identity: contest_id=1350598 season=2010 league=wbb -- teams  not built; ids emitted as nulls
2026-08-23 23:56:53,987 INFO ncaa_identity: contest_id=1350598 teams 0/2162 matched, players 0/828 matched
2026-08-23 23:56:55,194 INFO ncaa_identity: contest_id=1350625 season=2010 league=wbb -- teams  not built; ids emitted as nulls
2026-08-23 23:56:55,198 INFO ncaa_identity: contest_id=1350625 teams 0/2072 matched, players 0/833 matched
2026-08-23 23:56:56,415 INFO ncaa_identity: contest_id=1350652 season=2010 league=wbb -- teams  not built; ids emitted as nulls
2026-08-23 23:56:56,422 INFO ncaa_identity: contest_id=1350652 teams 0/2528 matched, players 0/1072 matched
2026-08-23 23:56:57,922 INFO ncaa_identity: contest_id=1350682 season=2010 league=wbb -- teams  not built; ids emitted as nulls
2026-08-23 23:56:57,927 INFO ncaa_identity: contest_id=1350682 teams 0/2390 matched, players 0/929 matched
2026-08-23 23:56:58,663 INFO ncaa_identity: contest_id=1350731 season=2010 league=wbb -- teams  not built; ids emitted as nulls
2026-08-23 23:56:58,666 INFO ncaa_identity: contest_id=1350731 teams 0/1486 matched, players 0/499 matched
2026-08-23 23:56:59,634 INFO ncaa_identity: contest_id=1350779 season=2010 league=wbb -- teams  not built; ids emitted as nulls
2026-08-23 23:56:59,639 INFO ncaa_identity: contest_id=1350779 teams 0/1790 matched, players 0/603 matched
2026-08-23 23:57:00,870 INFO ncaa_identity: contest_id=1350823 season=2010 league=wbb -- teams  not built; ids emitted as nulls
2026-08-23 23:57:00,874 INFO ncaa_identity: contest_id=1350823 teams 0/1706 matched, players 0/620 matched
2026-08-23 23:57:01,851 INFO ncaa_identity: contest_id=1350849 season=2010 league=wbb -- teams  not built; ids emitted as nulls
2026-08-23 23:57:01,867 INFO ncaa_identity: contest_id=1350849 teams 0/2212 matched, players 0/855 matched
2026-08-23 23:57:02,891 INFO ncaa_identity: contest_id=1350908 season=2010 league=wbb -- teams  not built; ids emitted as nulls
2026-08-23 23:57:02,897 INFO ncaa_identity: contest_id=1350908 teams 0/1894 matched, players 0/690 matched
2026-08-23 23:57:04,183 INFO ncaa_identity: contest_id=1350943 season=2010 league=wbb -- teams  not built; ids emitted as nulls
2026-08-23 23:57:04,187 INFO ncaa_identity: contest_id=1350943 teams 0/1946 matched, players 0/689 matched
2026-08-23 23:57:05,390 INFO ncaa_identity: contest_id=1350995 season=2010 league=wbb -- teams  not built; ids emitted as nulls
2026-08-23 23:57:05,393 INFO ncaa_identity: contest_id=1350995 teams 0/1784 matched, players 0/517 matched
2026-08-23 23:57:06,512 INFO ncaa_identity: contest_id=1351007 season=2010 league=wbb -- teams  not built; ids emitted as nulls
2026-08-23 23:57:06,516 INFO ncaa_identity: contest_id=1351007 teams 0/1907 matched, players 0/683 matched
2026-08-23 23:57:07,967 INFO ncaa_identity: contest_id=1351036 season=2010 league=wbb -- teams  not built; ids emitted as nulls
2026-08-23 23:57:07,973 INFO ncaa_identity: contest_id=1351036 teams 0/2138 matched, players 0/752 matched
2026-08-23 23:57:09,094 INFO ncaa_identity: contest_id=1351068 season=2010 league=wbb -- teams  not built; ids emitted as nulls
2026-08-23 23:57:09,099 INFO ncaa_identity: contest_id=1351068 teams 0/2169 matched, players 0/763 matched
2026-08-23 23:57:10,142 INFO ncaa_identity: contest_id=1351095 season=2010 league=wbb -- teams  not built; ids emitted as nulls
2026-08-23 23:57:10,146 INFO ncaa_identity: contest_id=1351095 teams 0/1842 matched, players 0/742 matched
2026-08-23 23:57:11,582 INFO ncaa_identity: contest_id=1351107 season=2010 league=wbb -- teams  not built; ids emitted as nulls
2026-08-23 23:57:11,587 INFO ncaa_identity: contest_id=1351107 teams 0/1870 matched, players 0/711 matched
2026-08-23 23:57:12,552 INFO ncaa_identity: contest_id=1351195 season=2010 league=wbb -- teams  not built; ids emitted as nulls
2026-08-23 23:57:12,556 INFO ncaa_identity: contest_id=1351195 teams 0/1984 matched, players 0/740 matched
2026-08-23 23:57:14,391 INFO ncaa_identity: contest_id=1351248 season=2010 league=wbb -- teams  not built; ids emitted as nulls
2026-08-23 23:57:14,398 INFO ncaa_identity: contest_id=1351248 teams 0/2660 matched, players 0/959 matched
2026-08-23 23:57:15,575 INFO ncaa_identity: contest_id=1351258 season=2010 league=wbb -- teams  not built; ids emitted as nulls
2026-08-23 23:57:15,579 INFO ncaa_identity: contest_id=1351258 teams 0/2000 matched, players 0/726 matched
2026-08-23 23:57:16,832 INFO ncaa_identity: contest_id=1351275 season=2010 league=wbb -- teams  not built; ids emitted as nulls
2026-08-23 23:57:16,837 INFO ncaa_identity: contest_id=1351275 teams 0/1940 matched, players 0/746 matched
2026-08-23 23:57:17,970 INFO ncaa_identity: contest_id=1351285 season=2010 league=wbb -- teams  not built; ids emitted as nulls
2026-08-23 23:57:17,974 INFO ncaa_identity: contest_id=1351285 teams 0/1567 matched, players 0/517 matched
2026-08-23 23:57:18,994 INFO ncaa_identity: contest_id=1351315 season=2010 league=wbb -- teams  not built; ids emitted as nulls
2026-08-23 23:57:18,999 INFO ncaa_identity: contest_id=1351315 teams 0/1956 matched, players 0/567 matched
2026-08-23 23:57:19,949 INFO ncaa_identity: contest_id=1351350 season=2010 league=wbb -- teams  not built; ids emitted as nulls
2026-08-23 23:57:19,953 INFO ncaa_identity: contest_id=1351350 teams 0/1695 matched, players 0/653 matched
2026-08-23 23:57:21,031 INFO ncaa_identity: contest_id=1351425 season=2010 league=wbb -- teams  not built; ids emitted as nulls
2026-08-23 23:57:21,034 INFO ncaa_identity: contest_id=1351425 teams 0/1680 matched, players 0/500 matched
2026-08-23 23:57:21,815 INFO ncaa_identity: contest_id=1351454 season=2010 league=wbb -- teams  not built; ids emitted as nulls
2026-08-23 23:57:21,818 INFO ncaa_identity: contest_id=1351454 teams 0/1462 matched, players 0/553 matched
2026-08-23 23:57:22,839 INFO ncaa_identity: contest_id=1351477 season=2010 league=wbb -- teams  not built; ids emitted as nulls
2026-08-23 23:57:22,844 INFO ncaa_identity: contest_id=1351477 teams 0/2014 matched, players 0/762 matched
2026-08-23 23:57:23,687 INFO ncaa_identity: contest_id=1351487 season=2010 league=wbb -- teams  not built; ids emitted as nulls
2026-08-23 23:57:23,690 INFO ncaa_identity: contest_id=1351487 teams 0/1446 matched, players 0/441 matched
2026-08-23 23:57:24,954 INFO ncaa_identity: contest_id=1351527 season=2010 league=wbb -- teams  not built; ids emitted as nulls
2026-08-23 23:57:24,958 INFO ncaa_identity: contest_id=1351527 teams 0/2116 matched, players 0/697 matched
2026-08-23 23:57:26,058 INFO ncaa_identity: contest_id=1351550 season=2010 league=wbb -- teams  not built; ids emitted as nulls
2026-08-23 23:57:26,064 INFO ncaa_identity: contest_id=1351550 teams 0/1937 matched, players 0/810 matched
2026-08-23 23:57:27,005 INFO ncaa_identity: contest_id=1351656 season=2010 league=wbb -- teams  not built; ids emitted as nulls
2026-08-23 23:57:27,010 INFO ncaa_identity: contest_id=1351656 teams 0/2002 matched, players 0/811 matched
2026-08-23 23:57:28,430 INFO ncaa_identity: contest_id=1351668 season=2010 league=wbb -- teams  not built; ids emitted as nulls
2026-08-23 23:57:28,436 INFO ncaa_identity: contest_id=1351668 teams 0/2396 matched, players 0/1000 matched
2026-08-23 23:57:29,613 INFO ncaa_identity: contest_id=1351680 season=2010 league=wbb -- teams  not built; ids emitted as nulls
2026-08-23 23:57:29,618 INFO ncaa_identity: contest_id=1351680 teams 0/1958 matched, players 0/634 matched
2026-08-23 23:57:30,712 INFO ncaa_identity: contest_id=1351697 season=2010 league=wbb -- teams  not built; ids emitted as nulls
2026-08-23 23:57:30,717 INFO ncaa_identity: contest_id=1351697 teams 0/2070 matched, players 0/829 matched
2026-08-23 23:57:31,984 INFO ncaa_identity: contest_id=1351722 season=2010 league=wbb -- teams  not built; ids emitted as nulls
2026-08-23 23:57:31,995 INFO ncaa_identity: contest_id=1351722 teams 0/2226 matched, players 0/754 matched
2026-08-23 23:57:33,012 INFO ncaa_identity: contest_id=1351733 season=2010 league=wbb -- teams  not built; ids emitted as nulls
2026-08-23 23:57:33,016 INFO ncaa_identity: contest_id=1351733 teams 0/1735 matched, players 0/515 matched
2026-08-23 23:57:34,115 INFO ncaa_identity: contest_id=1351744 season=2010 league=wbb -- teams  not built; ids emitted as nulls
2026-08-23 23:57:34,119 INFO ncaa_identity: contest_id=1351744 teams 0/1796 matched, players 0/736 matched
2026-08-23 23:57:35,402 INFO ncaa_identity: contest_id=1351761 season=2010 league=wbb -- teams  not built; ids emitted as nulls
2026-08-23 23:57:35,409 INFO ncaa_identity: contest_id=1351761 teams 0/2450 matched, players 0/970 matched
2026-08-23 23:57:36,628 INFO ncaa_identity: contest_id=1351884 season=2010 league=wbb -- teams  not built; ids emitted as nulls
2026-08-23 23:57:36,633 INFO ncaa_identity: contest_id=1351884 teams 0/2112 matched, players 0/782 matched
2026-08-23 23:57:38,632 INFO ncaa_identity: contest_id=1351982 season=2010 league=wbb -- teams  not built; ids emitted as nulls
2026-08-23 23:57:38,637 INFO ncaa_identity: contest_id=1351982 teams 0/2045 matched, players 0/881 matched
2026-08-23 23:57:40,001 INFO ncaa_identity: contest_id=1352008 season=2010 league=wbb -- teams  not built; ids emitted as nulls
2026-08-23 23:57:40,006 INFO ncaa_identity: contest_id=1352008 teams 0/2098 matched, players 0/755 matched
2026-08-23 23:57:40,906 INFO ncaa_identity: contest_id=1352043 season=2010 league=wbb -- teams  not built; ids emitted as nulls
2026-08-23 23:57:40,910 INFO ncaa_identity: contest_id=1352043 teams 0/1586 matched, players 0/658 matched
2026-08-23 23:57:42,044 INFO ncaa_identity: contest_id=1352088 season=2010 league=wbb -- teams  not built; ids emitted as nulls
2026-08-23 23:57:42,048 INFO ncaa_identity: contest_id=1352088 teams 0/2024 matched, players 0/693 matched
2026-08-23 23:57:42,942 INFO ncaa_identity: contest_id=1352142 season=2010 league=wbb -- teams  not built; ids emitted as nulls
2026-08-23 23:57:42,946 INFO ncaa_identity: contest_id=1352142 teams 0/1686 matched, players 0/587 matched
2026-08-23 23:57:43,826 INFO ncaa_identity: contest_id=1352155 season=2010 league=wbb -- teams  not built; ids emitted as nulls
2026-08-23 23:57:43,830 INFO ncaa_identity: contest_id=1352155 teams 0/2042 matched, players 0/807 matched
2026-08-23 23:57:45,177 INFO ncaa_identity: contest_id=1352189 season=2010 league=wbb -- teams  not built; ids emitted as nulls
2026-08-23 23:57:45,182 INFO ncaa_identity: contest_id=1352189 teams 0/2152 matched, players 0/895 matched
2026-08-23 23:57:46,210 INFO ncaa_identity: contest_id=1352203 season=2010 league=wbb -- teams  not built; ids emitted as nulls
2026-08-23 23:57:46,216 INFO ncaa_identity: contest_id=1352203 teams 0/2094 matched, players 0/774 matched
2026-08-23 23:57:47,606 INFO ncaa_identity: contest_id=1352216 season=2010 league=wbb -- teams  not built; ids emitted as nulls
2026-08-23 23:57:47,611 INFO ncaa_identity: contest_id=1352216 teams 0/2122 matched, players 0/567 matched
2026-08-23 23:57:48,790 INFO ncaa_identity: contest_id=1352274 season=2010 league=wbb -- teams  not built; ids emitted as nulls
2026-08-23 23:57:48,793 INFO ncaa_identity: contest_id=1352274 teams 0/1566 matched, players 0/585 matched
2026-08-23 23:57:49,984 INFO ncaa_identity: contest_id=1352305 season=2010 league=wbb -- teams  not built; ids emitted as nulls
2026-08-23 23:57:49,989 INFO ncaa_identity: contest_id=1352305 teams 0/2270 matched, players 0/778 matched
2026-08-23 23:57:51,265 INFO ncaa_identity: contest_id=1352470 season=2010 league=wbb -- teams  not built; ids emitted as nulls
2026-08-23 23:57:51,270 INFO ncaa_identity: contest_id=1352470 teams 0/1924 matched, players 0/657 matched
2026-08-23 23:57:52,567 INFO ncaa_identity: contest_id=1352533 season=2010 league=wbb -- teams  not built; ids emitted as nulls
2026-08-23 23:57:52,572 INFO ncaa_identity: contest_id=1352533 teams 0/2226 matched, players 0/772 matched
2026-08-23 23:57:53,763 INFO ncaa_identity: contest_id=1352543 season=2010 league=wbb -- teams  not built; ids emitted as nulls
2026-08-23 23:57:53,769 INFO ncaa_identity: contest_id=1352543 teams 0/1972 matched, players 0/719 matched
2026-08-23 23:57:55,712 INFO ncaa_identity: contest_id=1352558 season=2010 league=wbb -- teams  not built; ids emitted as nulls
2026-08-23 23:57:55,717 INFO ncaa_identity: contest_id=1352558 teams 0/2236 matched, players 0/905 matched
2026-08-23 23:57:57,100 INFO ncaa_identity: contest_id=1352578 season=2010 league=wbb -- teams  not built; ids emitted as nulls
2026-08-23 23:57:57,107 INFO ncaa_identity: contest_id=1352578 teams 0/2660 matched, players 0/1046 matched
2026-08-23 23:57:58,545 INFO ncaa_identity: contest_id=1352601 season=2010 league=wbb -- teams  not built; ids emitted as nulls
2026-08-23 23:57:58,550 INFO ncaa_identity: contest_id=1352601 teams 0/1974 matched, players 0/760 matched
2026-08-23 23:57:59,836 INFO ncaa_identity: contest_id=1352613 season=2010 league=wbb -- teams  not built; ids emitted as nulls
2026-08-23 23:57:59,841 INFO ncaa_identity: contest_id=1352613 teams 0/1714 matched, players 0/550 matched
2026-08-23 23:58:01,035 INFO ncaa_identity: contest_id=1352652 season=2010 league=wbb -- teams  not built; ids emitted as nulls
2026-08-23 23:58:01,039 INFO ncaa_identity: contest_id=1352652 teams 0/1664 matched, players 0/653 matched
2026-08-23 23:58:02,167 INFO ncaa_identity: contest_id=1352662 season=2010 league=wbb -- teams  not built; ids emitted as nulls
2026-08-23 23:58:02,171 INFO ncaa_identity: contest_id=1352662 teams 0/1862 matched, players 0/704 matched
2026-08-23 23:58:03,565 INFO ncaa_identity: contest_id=1352672 season=2010 league=wbb -- teams  not built; ids emitted as nulls
2026-08-23 23:58:03,570 INFO ncaa_identity: contest_id=1352672 teams 0/1972 matched, players 0/764 matched
2026-08-23 23:58:04,708 INFO ncaa_identity: contest_id=1352688 season=2010 league=wbb -- teams  not built; ids emitted as nulls
2026-08-23 23:58:04,712 INFO ncaa_identity: contest_id=1352688 teams 0/1842 matched, players 0/667 matched
2026-08-23 23:58:05,833 INFO ncaa_identity: contest_id=1352775 season=2010 league=wbb -- teams  not built; ids emitted as nulls
2026-08-23 23:58:05,839 INFO ncaa_identity: contest_id=1352775 teams 0/1923 matched, players 0/680 matched
2026-08-23 23:58:07,312 INFO ncaa_identity: contest_id=1352787 season=2010 league=wbb -- teams  not built; ids emitted as nulls
2026-08-23 23:58:07,316 INFO ncaa_identity: contest_id=1352787 teams 0/1836 matched, players 0/614 matched
2026-08-23 23:58:08,420 INFO ncaa_identity: contest_id=1352801 season=2010 league=wbb -- teams  not built; ids emitted as nulls
2026-08-23 23:58:08,425 INFO ncaa_identity: contest_id=1352801 teams 0/2216 matched, players 0/851 matched
2026-08-23 23:58:09,639 INFO ncaa_identity: contest_id=1352816 season=2010 league=wbb -- teams  not built; ids emitted as nulls
2026-08-23 23:58:09,643 INFO ncaa_identity: contest_id=1352816 teams 0/2116 matched, players 0/786 matched
2026-08-23 23:58:11,084 INFO ncaa_identity: contest_id=1352844 season=2010 league=wbb -- teams  not built; ids emitted as nulls
2026-08-23 23:58:11,088 INFO ncaa_identity: contest_id=1352844 teams 0/1680 matched, players 0/620 matched
2026-08-23 23:58:12,197 INFO ncaa_identity: contest_id=1352858 season=2010 league=wbb -- teams  not built; ids emitted as nulls
2026-08-23 23:58:12,202 INFO ncaa_identity: contest_id=1352858 teams 0/2058 matched, players 0/801 matched
2026-08-23 23:58:13,156 INFO ncaa_identity: contest_id=1352884 season=2010 league=wbb -- teams  not built; ids emitted as nulls
2026-08-23 23:58:13,162 INFO ncaa_identity: contest_id=1352884 teams 0/1846 matched, players 0/569 matched
2026-08-23 23:58:14,680 INFO ncaa_identity: contest_id=1352953 season=2010 league=wbb -- teams  not built; ids emitted as nulls
2026-08-23 23:58:14,684 INFO ncaa_identity: contest_id=1352953 teams 0/1991 matched, players 0/702 matched
2026-08-23 23:58:15,764 INFO ncaa_identity: contest_id=1353016 season=2010 league=wbb -- teams  not built; ids emitted as nulls
2026-08-23 23:58:15,768 INFO ncaa_identity: contest_id=1353016 teams 0/1830 matched, players 0/620 matched
2026-08-23 23:58:17,037 INFO ncaa_identity: contest_id=1353062 season=2010 league=wbb -- teams  not built; ids emitted as nulls
2026-08-23 23:58:17,042 INFO ncaa_identity: contest_id=1353062 teams 0/2116 matched, players 0/779 matched
2026-08-23 23:58:18,222 INFO ncaa_identity: contest_id=1353109 season=2010 league=wbb -- teams  not built; ids emitted as nulls
2026-08-23 23:58:18,227 INFO ncaa_identity: contest_id=1353109 teams 0/1776 matched, players 0/614 matched
2026-08-23 23:58:19,067 INFO ncaa_identity: contest_id=1353123 season=2010 league=wbb -- teams  not built; ids emitted as nulls
2026-08-23 23:58:19,071 INFO ncaa_identity: contest_id=1353123 teams 0/1450 matched, players 0/399 matched
2026-08-23 23:58:20,140 INFO ncaa_identity: contest_id=1353137 season=2010 league=wbb -- teams  not built; ids emitted as nulls
2026-08-23 23:58:20,144 INFO ncaa_identity: contest_id=1353137 teams 0/2104 matched, players 0/763 matched
2026-08-23 23:58:21,473 INFO ncaa_identity: contest_id=1353190 season=2010 league=wbb -- teams  not built; ids emitted as nulls
2026-08-23 23:58:21,478 INFO ncaa_identity: contest_id=1353190 teams 0/2234 matched, players 0/759 matched
2026-08-23 23:58:22,599 INFO ncaa_identity: contest_id=1353200 season=2010 league=wbb -- teams  not built; ids emitted as nulls
2026-08-23 23:58:22,603 INFO ncaa_identity: contest_id=1353200 teams 0/1828 matched, players 0/614 matched
2026-08-23 23:58:23,838 INFO ncaa_identity: contest_id=1353210 season=2010 league=wbb -- teams  not built; ids emitted as nulls
2026-08-23 23:58:23,843 INFO ncaa_identity: contest_id=1353210 teams 0/1956 matched, players 0/648 matched
2026-08-23 23:58:25,272 INFO ncaa_identity: contest_id=1353237 season=2010 league=wbb -- teams  not built; ids emitted as nulls
2026-08-23 23:58:25,278 INFO ncaa_identity: contest_id=1353237 teams 0/2442 matched, players 0/862 matched
2026-08-23 23:58:26,480 INFO ncaa_identity: contest_id=1353262 season=2010 league=wbb -- teams  not built; ids emitted as nulls
2026-08-23 23:58:26,486 INFO ncaa_identity: contest_id=1353262 teams 0/2098 matched, players 0/725 matched
2026-08-23 23:58:27,975 INFO ncaa_identity: contest_id=1353307 season=2010 league=wbb -- teams  not built; ids emitted as nulls
2026-08-23 23:58:27,979 INFO ncaa_identity: contest_id=1353307 teams 0/1998 matched, players 0/774 matched
2026-08-23 23:58:29,151 INFO ncaa_identity: contest_id=1353391 season=2010 league=wbb -- teams  not built; ids emitted as nulls
2026-08-23 23:58:29,155 INFO ncaa_identity: contest_id=1353391 teams 0/1790 matched, players 0/592 matched
2026-08-23 23:58:30,156 INFO ncaa_identity: contest_id=1353432 season=2010 league=wbb -- teams  not built; ids emitted as nulls
2026-08-23 23:58:30,160 INFO ncaa_identity: contest_id=1353432 teams 0/1844 matched, players 0/491 matched
2026-08-23 23:58:31,395 INFO ncaa_identity: contest_id=1353472 season=2010 league=wbb -- teams  not built; ids emitted as nulls
2026-08-23 23:58:31,400 INFO ncaa_identity: contest_id=1353472 teams 0/2274 matched, players 0/830 matched
2026-08-23 23:58:32,394 INFO ncaa_identity: contest_id=1353483 season=2010 league=wbb -- teams  not built; ids emitted as nulls
2026-08-23 23:58:32,400 INFO ncaa_identity: contest_id=1353483 teams 0/2414 matched, players 0/916 matched
2026-08-23 23:58:33,262 INFO ncaa_identity: contest_id=1353493 season=2010 league=wbb -- teams  not built; ids emitted as nulls
2026-08-23 23:58:33,266 INFO ncaa_identity: contest_id=1353493 teams 0/1887 matched, players 0/735 matched
2026-08-23 23:58:34,443 INFO ncaa_identity: contest_id=1353518 season=2010 league=wbb -- teams  not built; ids emitted as nulls
2026-08-23 23:58:34,448 INFO ncaa_identity: contest_id=1353518 teams 0/1950 matched, players 0/683 matched
2026-08-23 23:58:34,563 INFO 5 starters not found for period 1; using estimate
2026-08-23 23:58:34,563 INFO 5 starters not found for period 1; using estimate
2026-08-23 23:58:34,564 INFO 5 starters not found for period 2; using estimate
2026-08-23 23:58:34,564 INFO 5 starters not found for period 2; using estimate
2026-08-23 23:58:35,444 INFO ncaa_identity: contest_id=1353579 season=2010 league=wbb -- teams  not built; ids emitted as nulls
2026-08-23 23:58:35,453 INFO ncaa_identity: contest_id=1353579 teams 0/2121 matched, players 0/3283 matched
2026-08-23 23:58:36,743 INFO ncaa_identity: contest_id=1353615 season=2010 league=wbb -- teams  not built; ids emitted as nulls
2026-08-23 23:58:36,748 INFO ncaa_identity: contest_id=1353615 teams 0/2153 matched, players 0/844 matched
2026-08-23 23:58:37,892 INFO ncaa_identity: contest_id=1353649 season=2010 league=wbb -- teams  not built; ids emitted as nulls
2026-08-23 23:58:37,896 INFO ncaa_identity: contest_id=1353649 teams 0/2058 matched, players 0/759 matched
2026-08-23 23:58:38,954 INFO ncaa_identity: contest_id=1353675 season=2010 league=wbb -- teams  not built; ids emitted as nulls
2026-08-23 23:58:38,959 INFO ncaa_identity: contest_id=1353675 teams 0/2068 matched, players 0/744 matched
2026-08-23 23:58:39,816 INFO ncaa_identity: contest_id=1353686 season=2010 league=wbb -- teams  not built; ids emitted as nulls
2026-08-23 23:58:39,820 INFO ncaa_identity: contest_id=1353686 teams 0/1622 matched, players 0/481 matched
2026-08-23 23:58:41,140 INFO ncaa_identity: contest_id=1353717 season=2010 league=wbb -- teams  not built; ids emitted as nulls
2026-08-23 23:58:41,144 INFO ncaa_identity: contest_id=1353717 teams 0/1750 matched, players 0/636 matched
2026-08-23 23:58:42,230 INFO ncaa_identity: contest_id=1353728 season=2010 league=wbb -- teams  not built; ids emitted as nulls
2026-08-23 23:58:42,235 INFO ncaa_identity: contest_id=1353728 teams 0/2062 matched, players 0/758 matched
2026-08-23 23:58:43,605 INFO ncaa_identity: contest_id=1353830 season=2010 league=wbb -- teams  not built; ids emitted as nulls
2026-08-23 23:58:43,610 INFO ncaa_identity: contest_id=1353830 teams 0/2118 matched, players 0/677 matched
2026-08-23 23:58:44,544 INFO ncaa_identity: contest_id=1353850 season=2010 league=wbb -- teams  not built; ids emitted as nulls
2026-08-23 23:58:44,549 INFO ncaa_identity: contest_id=1353850 teams 0/1734 matched, players 0/667 matched
2026-08-23 23:58:45,653 INFO ncaa_identity: contest_id=1353865 season=2010 league=wbb -- teams  not built; ids emitted as nulls
2026-08-23 23:58:45,658 INFO ncaa_identity: contest_id=1353865 teams 0/2040 matched, players 0/729 matched
2026-08-23 23:58:46,845 INFO ncaa_identity: contest_id=1353875 season=2010 league=wbb -- teams  not built; ids emitted as nulls
2026-08-23 23:58:46,849 INFO ncaa_identity: contest_id=1353875 teams 0/2150 matched, players 0/836 matched
2026-08-23 23:58:48,369 INFO ncaa_identity: contest_id=1353902 season=2010 league=wbb -- teams  not built; ids emitted as nulls
2026-08-23 23:58:48,374 INFO ncaa_identity: contest_id=1353902 teams 0/2200 matched, players 0/898 matched
2026-08-23 23:58:49,604 INFO ncaa_identity: contest_id=1353951 season=2010 league=wbb -- teams  not built; ids emitted as nulls
2026-08-23 23:58:49,609 INFO ncaa_identity: contest_id=1353951 teams 0/2106 matched, players 0/725 matched
2026-08-23 23:58:50,575 INFO ncaa_identity: contest_id=1353961 season=2010 league=wbb -- teams  not built; ids emitted as nulls
2026-08-23 23:58:50,580 INFO ncaa_identity: contest_id=1353961 teams 0/1936 matched, players 0/801 matched
2026-08-23 23:58:51,763 INFO ncaa_identity: contest_id=1354030 season=2010 league=wbb -- teams  not built; ids emitted as nulls
2026-08-23 23:58:51,767 INFO ncaa_identity: contest_id=1354030 teams 0/1726 matched, players 0/558 matched
2026-08-23 23:58:52,876 INFO ncaa_identity: contest_id=1354130 season=2010 league=wbb -- teams  not built; ids emitted as nulls
2026-08-23 23:58:52,881 INFO ncaa_identity: contest_id=1354130 teams 0/2146 matched, players 0/814 matched
2026-08-23 23:58:54,053 INFO ncaa_identity: contest_id=1354196 season=2010 league=wbb -- teams  not built; ids emitted as nulls
2026-08-23 23:58:54,057 INFO ncaa_identity: contest_id=1354196 teams 0/1796 matched, players 0/503 matched
2026-08-23 23:58:55,547 INFO ncaa_identity: contest_id=1354206 season=2010 league=wbb -- teams  not built; ids emitted as nulls
2026-08-23 23:58:55,552 INFO ncaa_identity: contest_id=1354206 teams 0/1984 matched, players 0/800 matched
2026-08-23 23:58:56,518 INFO ncaa_identity: contest_id=1354216 season=2010 league=wbb -- teams  not built; ids emitted as nulls
2026-08-23 23:58:56,522 INFO ncaa_identity: contest_id=1354216 teams 0/1564 matched, players 0/544 matched
2026-08-23 23:58:57,530 INFO ncaa_identity: contest_id=1354272 season=2010 league=wbb -- teams  not built; ids emitted as nulls
2026-08-23 23:58:57,534 INFO ncaa_identity: contest_id=1354272 teams 0/2028 matched, players 0/689 matched
2026-08-23 23:58:59,051 INFO ncaa_identity: contest_id=1354312 season=2010 league=wbb -- teams  not built; ids emitted as nulls
2026-08-23 23:58:59,056 INFO ncaa_identity: contest_id=1354312 teams 0/1968 matched, players 0/728 matched
2026-08-23 23:59:00,099 INFO ncaa_identity: contest_id=1354348 season=2010 league=wbb -- teams  not built; ids emitted as nulls
2026-08-23 23:59:00,105 INFO ncaa_identity: contest_id=1354348 teams 0/2298 matched, players 0/859 matched
2026-08-23 23:59:00,991 INFO ncaa_identity: contest_id=1354371 season=2010 league=wbb -- teams  not built; ids emitted as nulls
2026-08-23 23:59:00,997 INFO ncaa_identity: contest_id=1354371 teams 0/1592 matched, players 0/569 matched
2026-08-23 23:59:02,578 INFO ncaa_identity: contest_id=1354381 season=2010 league=wbb -- teams  not built; ids emitted as nulls
2026-08-23 23:59:02,583 INFO ncaa_identity: contest_id=1354381 teams 0/2306 matched, players 0/729 matched
2026-08-23 23:59:03,606 INFO ncaa_identity: contest_id=1354391 season=2010 league=wbb -- teams  not built; ids emitted as nulls
2026-08-23 23:59:03,617 INFO ncaa_identity: contest_id=1354391 teams 0/1826 matched, players 0/492 matched
2026-08-23 23:59:04,766 INFO ncaa_identity: contest_id=1354425 season=2010 league=wbb -- teams  not built; ids emitted as nulls
2026-08-23 23:59:04,771 INFO ncaa_identity: contest_id=1354425 teams 0/1924 matched, players 0/653 matched
2026-08-23 23:59:06,486 INFO ncaa_identity: contest_id=1354483 season=2010 league=wbb -- teams  not built; ids emitted as nulls
2026-08-23 23:59:06,491 INFO ncaa_identity: contest_id=1354483 teams 0/2170 matched, players 0/786 matched
2026-08-23 23:59:07,630 INFO ncaa_identity: contest_id=1354524 season=2010 league=wbb -- teams  not built; ids emitted as nulls
2026-08-23 23:59:07,643 INFO ncaa_identity: contest_id=1354524 teams 0/1808 matched, players 0/687 matched
2026-08-23 23:59:08,866 INFO ncaa_identity: contest_id=1354536 season=2010 league=wbb -- teams  not built; ids emitted as nulls
2026-08-23 23:59:08,870 INFO ncaa_identity: contest_id=1354536 teams 0/1800 matched, players 0/706 matched
2026-08-23 23:59:10,368 INFO ncaa_identity: contest_id=1354547 season=2010 league=wbb -- teams  not built; ids emitted as nulls
2026-08-23 23:59:10,373 INFO ncaa_identity: contest_id=1354547 teams 0/2010 matched, players 0/745 matched
2026-08-23 23:59:11,490 INFO ncaa_identity: contest_id=1354566 season=2010 league=wbb -- teams  not built; ids emitted as nulls
2026-08-23 23:59:11,496 INFO ncaa_identity: contest_id=1354566 teams 0/2340 matched, players 0/936 matched
2026-08-23 23:59:12,648 INFO ncaa_identity: contest_id=1354586 season=2010 league=wbb -- teams  not built; ids emitted as nulls
2026-08-23 23:59:12,652 INFO ncaa_identity: contest_id=1354586 teams 0/1721 matched, players 0/620 matched
2026-08-23 23:59:13,828 INFO ncaa_identity: contest_id=1354607 season=2010 league=wbb -- teams  not built; ids emitted as nulls
2026-08-23 23:59:13,833 INFO ncaa_identity: contest_id=1354607 teams 0/2054 matched, players 0/761 matched
2026-08-23 23:59:15,071 INFO ncaa_identity: contest_id=1354634 season=2010 league=wbb -- teams  not built; ids emitted as nulls
2026-08-23 23:59:15,077 INFO ncaa_identity: contest_id=1354634 teams 0/2350 matched, players 0/1005 matched
2026-08-23 23:59:16,213 INFO ncaa_identity: contest_id=1354661 season=2010 league=wbb -- teams  not built; ids emitted as nulls
2026-08-23 23:59:16,218 INFO ncaa_identity: contest_id=1354661 teams 0/2076 matched, players 0/791 matched
2026-08-23 23:59:17,301 INFO ncaa_identity: contest_id=1354687 season=2010 league=wbb -- teams  not built; ids emitted as nulls
2026-08-23 23:59:17,304 INFO ncaa_identity: contest_id=1354687 teams 0/1570 matched, players 0/410 matched
2026-08-23 23:59:18,155 INFO ncaa_identity: contest_id=1354716 season=2010 league=wbb -- teams  not built; ids emitted as nulls
2026-08-23 23:59:18,159 INFO ncaa_identity: contest_id=1354716 teams 0/1966 matched, players 0/747 matched
2026-08-23 23:59:19,087 INFO ncaa_identity: contest_id=1354771 season=2010 league=wbb -- teams  not built; ids emitted as nulls
2026-08-23 23:59:19,092 INFO ncaa_identity: contest_id=1354771 teams 0/1922 matched, players 0/798 matched
2026-08-23 23:59:20,260 INFO ncaa_identity: contest_id=1354868 season=2010 league=wbb -- teams  not built; ids emitted as nulls
2026-08-23 23:59:20,264 INFO ncaa_identity: contest_id=1354868 teams 0/1680 matched, players 0/598 matched
2026-08-23 23:59:21,383 INFO ncaa_identity: contest_id=1354881 season=2010 league=wbb -- teams  not built; ids emitted as nulls
2026-08-23 23:59:21,390 INFO ncaa_identity: contest_id=1354881 teams 0/2768 matched, players 0/1145 matched
2026-08-23 23:59:22,723 INFO ncaa_identity: contest_id=1354891 season=2010 league=wbb -- teams  not built; ids emitted as nulls
2026-08-23 23:59:22,730 INFO ncaa_identity: contest_id=1354891 teams 0/2180 matched, players 0/905 matched
2026-08-23 23:59:23,718 INFO ncaa_identity: contest_id=1354907 season=2010 league=wbb -- teams  not built; ids emitted as nulls
2026-08-23 23:59:23,723 INFO ncaa_identity: contest_id=1354907 teams 0/2064 matched, players 0/792 matched
2026-08-23 23:59:24,738 INFO ncaa_identity: contest_id=1354936 season=2010 league=wbb -- teams  not built; ids emitted as nulls
2026-08-23 23:59:24,742 INFO ncaa_identity: contest_id=1354936 teams 0/1869 matched, players 0/516 matched
2026-08-23 23:59:26,099 INFO ncaa_identity: contest_id=1354948 season=2010 league=wbb -- teams  not built; ids emitted as nulls
2026-08-23 23:59:26,105 INFO ncaa_identity: contest_id=1354948 teams 0/2021 matched, players 0/702 matched
2026-08-23 23:59:27,083 INFO ncaa_identity: contest_id=1354958 season=2010 league=wbb -- teams  not built; ids emitted as nulls
2026-08-23 23:59:27,088 INFO ncaa_identity: contest_id=1354958 teams 0/1990 matched, players 0/790 matched
2026-08-23 23:59:28,250 INFO ncaa_identity: contest_id=1355021 season=2010 league=wbb -- teams  not built; ids emitted as nulls
2026-08-23 23:59:28,270 INFO ncaa_identity: contest_id=1355021 teams 0/2270 matched, players 0/6448 matched
2026-08-23 23:59:29,722 INFO ncaa_identity: contest_id=1355111 season=2010 league=wbb -- teams  not built; ids emitted as nulls
2026-08-23 23:59:29,728 INFO ncaa_identity: contest_id=1355111 teams 0/1776 matched, players 0/637 matched
2026-08-23 23:59:30,680 INFO ncaa_identity: contest_id=1355123 season=2010 league=wbb -- teams  not built; ids emitted as nulls
2026-08-23 23:59:30,684 INFO ncaa_identity: contest_id=1355123 teams 0/1726 matched, players 0/630 matched
2026-08-23 23:59:31,799 INFO ncaa_identity: contest_id=1355133 season=2010 league=wbb -- teams  not built; ids emitted as nulls
2026-08-23 23:59:31,804 INFO ncaa_identity: contest_id=1355133 teams 0/1874 matched, players 0/707 matched
2026-08-23 23:59:32,920 INFO ncaa_identity: contest_id=1355144 season=2010 league=wbb -- teams  not built; ids emitted as nulls
2026-08-23 23:59:32,925 INFO ncaa_identity: contest_id=1355144 teams 0/1962 matched, players 0/739 matched
2026-08-23 23:59:34,066 INFO ncaa_identity: contest_id=1355157 season=2010 league=wbb -- teams  not built; ids emitted as nulls
2026-08-23 23:59:34,071 INFO ncaa_identity: contest_id=1355157 teams 0/1962 matched, players 0/777 matched
2026-08-23 23:59:35,277 INFO ncaa_identity: contest_id=1355235 season=2010 league=wbb -- teams  not built; ids emitted as nulls
2026-08-23 23:59:35,291 INFO ncaa_identity: contest_id=1355235 teams 0/1859 matched, players 0/781 matched
2026-08-23 23:59:36,527 INFO ncaa_identity: contest_id=1355252 season=2010 league=wbb -- teams  not built; ids emitted as nulls
2026-08-23 23:59:36,531 INFO ncaa_identity: contest_id=1355252 teams 0/1764 matched, players 0/600 matched
2026-08-23 23:59:38,051 INFO ncaa_identity: contest_id=1355263 season=2010 league=wbb -- teams  not built; ids emitted as nulls
2026-08-23 23:59:38,056 INFO ncaa_identity: contest_id=1355263 teams 0/2118 matched, players 0/732 matched
2026-08-23 23:59:39,145 INFO ncaa_identity: contest_id=1355273 season=2010 league=wbb -- teams  not built; ids emitted as nulls
2026-08-23 23:59:39,149 INFO ncaa_identity: contest_id=1355273 teams 0/1924 matched, players 0/816 matched
2026-08-23 23:59:40,139 INFO ncaa_identity: contest_id=1355283 season=2010 league=wbb -- teams  not built; ids emitted as nulls
2026-08-23 23:59:40,174 INFO ncaa_identity: contest_id=1355283 teams 0/2538 matched, players 0/7185 matched
2026-08-23 23:59:41,963 INFO ncaa_identity: contest_id=1355293 season=2010 league=wbb -- teams  not built; ids emitted as nulls
2026-08-23 23:59:41,969 INFO ncaa_identity: contest_id=1355293 teams 0/2528 matched, players 0/1042 matched
2026-08-23 23:59:43,153 INFO ncaa_identity: contest_id=1355417 season=2010 league=wbb -- teams  not built; ids emitted as nulls
2026-08-23 23:59:43,163 INFO ncaa_identity: contest_id=1355417 teams 0/1780 matched, players 0/683 matched
2026-08-23 23:59:44,653 INFO ncaa_identity: contest_id=1355512 season=2010 league=wbb -- teams  not built; ids emitted as nulls
2026-08-23 23:59:44,659 INFO ncaa_identity: contest_id=1355512 teams 0/2102 matched, players 0/882 matched
2026-08-23 23:59:45,898 INFO ncaa_identity: contest_id=1355531 season=2010 league=wbb -- teams  not built; ids emitted as nulls
2026-08-23 23:59:45,903 INFO ncaa_identity: contest_id=1355531 teams 0/2144 matched, players 0/809 matched
2026-08-23 23:59:46,833 INFO ncaa_identity: contest_id=1355542 season=2010 league=wbb -- teams  not built; ids emitted as nulls
2026-08-23 23:59:46,837 INFO ncaa_identity: contest_id=1355542 teams 0/1785 matched, players 0/593 matched
2026-08-23 23:59:48,114 INFO ncaa_identity: contest_id=1355553 season=2010 league=wbb -- teams  not built; ids emitted as nulls
2026-08-23 23:59:48,119 INFO ncaa_identity: contest_id=1355553 teams 0/1738 matched, players 0/575 matched
2026-08-23 23:59:49,051 INFO ncaa_identity: contest_id=1355575 season=2010 league=wbb -- teams  not built; ids emitted as nulls
2026-08-23 23:59:49,055 INFO ncaa_identity: contest_id=1355575 teams 0/2030 matched, players 0/724 matched
2026-08-23 23:59:50,237 INFO ncaa_identity: contest_id=1355592 season=2010 league=wbb -- teams  not built; ids emitted as nulls
2026-08-23 23:59:50,241 INFO ncaa_identity: contest_id=1355592 teams 0/2136 matched, players 0/717 matched
2026-08-23 23:59:51,318 INFO ncaa_identity: contest_id=1355605 season=2010 league=wbb -- teams  not built; ids emitted as nulls
2026-08-23 23:59:51,323 INFO ncaa_identity: contest_id=1355605 teams 0/1880 matched, players 0/640 matched
2026-08-23 23:59:52,737 INFO ncaa_identity: contest_id=1355634 season=2010 league=wbb -- teams  not built; ids emitted as nulls
2026-08-23 23:59:52,744 INFO ncaa_identity: contest_id=1355634 teams 0/2416 matched, players 0/1082 matched
2026-08-23 23:59:53,817 INFO ncaa_identity: contest_id=1355686 season=2010 league=wbb -- teams  not built; ids emitted as nulls
2026-08-23 23:59:53,822 INFO ncaa_identity: contest_id=1355686 teams 0/1886 matched, players 0/590 matched
2026-08-23 23:59:55,012 INFO ncaa_identity: contest_id=1355793 season=2010 league=wbb -- teams  not built; ids emitted as nulls
2026-08-23 23:59:55,017 INFO ncaa_identity: contest_id=1355793 teams 0/2182 matched, players 0/760 matched
2026-08-23 23:59:56,313 INFO ncaa_identity: contest_id=1355878 season=2010 league=wbb -- teams  not built; ids emitted as nulls
2026-08-23 23:59:56,316 INFO ncaa_identity: contest_id=1355878 teams 0/1758 matched, players 0/587 matched
2026-08-23 23:59:57,285 INFO ncaa_identity: contest_id=1355903 season=2010 league=wbb -- teams  not built; ids emitted as nulls
2026-08-23 23:59:57,293 INFO ncaa_identity: contest_id=1355903 teams 0/1976 matched, players 0/783 matched
2026-08-23 23:59:58,356 INFO ncaa_identity: contest_id=1355932 season=2010 league=wbb -- teams  not built; ids emitted as nulls
2026-08-23 23:59:58,360 INFO ncaa_identity: contest_id=1355932 teams 0/2078 matched, players 0/673 matched
2026-08-23 23:59:59,810 INFO ncaa_identity: contest_id=1355954 season=2010 league=wbb -- teams  not built; ids emitted as nulls
2026-08-23 23:59:59,814 INFO ncaa_identity: contest_id=1355954 teams 0/2076 matched, players 0/748 matched
2026-08-24 00:00:01,050 INFO ncaa_identity: contest_id=1355976 season=2010 league=wbb -- teams  not built; ids emitted as nulls
2026-08-24 00:00:01,054 INFO ncaa_identity: contest_id=1355976 teams 0/1858 matched, players 0/662 matched
2026-08-24 00:00:02,081 INFO ncaa_identity: contest_id=1355986 season=2010 league=wbb -- teams  not built; ids emitted as nulls
2026-08-24 00:00:02,086 INFO ncaa_identity: contest_id=1355986 teams 0/1828 matched, players 0/707 matched
2026-08-24 00:00:03,455 INFO ncaa_identity: contest_id=1355998 season=2010 league=wbb -- teams  not built; ids emitted as nulls
2026-08-24 00:00:03,460 INFO ncaa_identity: contest_id=1355998 teams 0/2116 matched, players 0/868 matched
2026-08-24 00:00:04,551 INFO ncaa_identity: contest_id=1356012 season=2010 league=wbb -- teams  not built; ids emitted as nulls
2026-08-24 00:00:04,556 INFO ncaa_identity: contest_id=1356012 teams 0/1978 matched, players 0/724 matched
2026-08-24 00:00:05,605 INFO ncaa_identity: contest_id=1356050 season=2010 league=wbb -- teams  not built; ids emitted as nulls
2026-08-24 00:00:05,611 INFO ncaa_identity: contest_id=1356050 teams 0/2218 matched, players 0/877 matched
2026-08-24 00:00:07,134 INFO ncaa_identity: contest_id=1356105 season=2010 league=wbb -- teams  not built; ids emitted as nulls
2026-08-24 00:00:07,139 INFO ncaa_identity: contest_id=1356105 teams 0/2058 matched, players 0/767 matched
2026-08-24 00:00:08,244 INFO ncaa_identity: contest_id=1356180 season=2010 league=wbb -- teams  not built; ids emitted as nulls
2026-08-24 00:00:08,248 INFO ncaa_identity: contest_id=1356180 teams 0/1814 matched, players 0/687 matched
2026-08-24 00:00:09,379 INFO ncaa_identity: contest_id=1356216 season=2010 league=wbb -- teams  not built; ids emitted as nulls
2026-08-24 00:00:09,383 INFO ncaa_identity: contest_id=1356216 teams 0/2000 matched, players 0/584 matched
2026-08-24 00:00:10,562 INFO ncaa_identity: contest_id=1356324 season=2010 league=wbb -- teams  not built; ids emitted as nulls
2026-08-24 00:00:10,566 INFO ncaa_identity: contest_id=1356324 teams 0/1896 matched, players 0/495 matched
2026-08-24 00:00:11,645 INFO ncaa_identity: contest_id=1356338 season=2010 league=wbb -- teams  not built; ids emitted as nulls
2026-08-24 00:00:11,650 INFO ncaa_identity: contest_id=1356338 teams 0/1875 matched, players 0/862 matched
2026-08-24 00:00:12,561 INFO ncaa_identity: contest_id=1356367 season=2010 league=wbb -- teams  not built; ids emitted as nulls
2026-08-24 00:00:12,564 INFO ncaa_identity: contest_id=1356367 teams 0/1713 matched, players 0/553 matched
2026-08-24 00:00:13,987 INFO ncaa_identity: contest_id=1356383 season=2010 league=wbb -- teams  not built; ids emitted as nulls
2026-08-24 00:00:13,992 INFO ncaa_identity: contest_id=1356383 teams 0/2232 matched, players 0/897 matched
2026-08-24 00:00:15,120 INFO ncaa_identity: contest_id=1356411 season=2010 league=wbb -- teams  not built; ids emitted as nulls
2026-08-24 00:00:15,126 INFO ncaa_identity: contest_id=1356411 teams 0/2268 matched, players 0/929 matched
2026-08-24 00:00:16,153 INFO ncaa_identity: contest_id=1356432 season=2010 league=wbb -- teams  not built; ids emitted as nulls
2026-08-24 00:00:16,157 INFO ncaa_identity: contest_id=1356432 teams 0/1892 matched, players 0/660 matched
2026-08-24 00:00:17,433 INFO ncaa_identity: contest_id=1356447 season=2010 league=wbb -- teams  not built; ids emitted as nulls
2026-08-24 00:00:17,437 INFO ncaa_identity: contest_id=1356447 teams 0/1698 matched, players 0/451 matched
2026-08-24 00:00:18,404 INFO ncaa_identity: contest_id=1356494 season=2010 league=wbb -- teams  not built; ids emitted as nulls
2026-08-24 00:00:18,408 INFO ncaa_identity: contest_id=1356494 teams 0/1706 matched, players 0/609 matched
2026-08-24 00:00:19,477 INFO ncaa_identity: contest_id=1356538 season=2010 league=wbb -- teams  not built; ids emitted as nulls
2026-08-24 00:00:19,481 INFO ncaa_identity: contest_id=1356538 teams 0/1722 matched, players 0/549 matched
2026-08-24 00:00:20,626 INFO ncaa_identity: contest_id=1356623 season=2010 league=wbb -- teams  not built; ids emitted as nulls
2026-08-24 00:00:20,630 INFO ncaa_identity: contest_id=1356623 teams 0/1880 matched, players 0/723 matched
2026-08-24 00:00:21,754 INFO ncaa_identity: contest_id=1356646 season=2010 league=wbb -- teams  not built; ids emitted as nulls
2026-08-24 00:00:21,759 INFO ncaa_identity: contest_id=1356646 teams 0/2444 matched, players 0/1004 matched
2026-08-24 00:00:22,763 INFO ncaa_identity: contest_id=1356669 season=2010 league=wbb -- teams  not built; ids emitted as nulls
2026-08-24 00:00:22,770 INFO ncaa_identity: contest_id=1356669 teams 0/2144 matched, players 0/735 matched
2026-08-24 00:00:24,207 INFO ncaa_identity: contest_id=1356708 season=2010 league=wbb -- teams  not built; ids emitted as nulls
2026-08-24 00:00:24,211 INFO ncaa_identity: contest_id=1356708 teams 0/2086 matched, players 0/756 matched
2026-08-24 00:00:25,098 INFO ncaa_identity: contest_id=1356793 season=2010 league=wbb -- teams  not built; ids emitted as nulls
2026-08-24 00:00:25,102 INFO ncaa_identity: contest_id=1356793 teams 0/1894 matched, players 0/634 matched
2026-08-24 00:00:26,000 INFO ncaa_identity: contest_id=1356816 season=2010 league=wbb -- teams  not built; ids emitted as nulls
2026-08-24 00:00:26,005 INFO ncaa_identity: contest_id=1356816 teams 0/1808 matched, players 0/717 matched
2026-08-24 00:00:27,313 INFO ncaa_identity: contest_id=1356875 season=2010 league=wbb -- teams  not built; ids emitted as nulls
2026-08-24 00:00:27,318 INFO ncaa_identity: contest_id=1356875 teams 0/2132 matched, players 0/758 matched
2026-08-24 00:00:28,160 INFO ncaa_identity: contest_id=1356923 season=2010 league=wbb -- teams  not built; ids emitted as nulls
2026-08-24 00:00:28,166 INFO ncaa_identity: contest_id=1356923 teams 0/1622 matched, players 0/596 matched
2026-08-24 00:00:29,176 INFO ncaa_identity: contest_id=1356943 season=2010 league=wbb -- teams  not built; ids emitted as nulls
2026-08-24 00:00:29,181 INFO ncaa_identity: contest_id=1356943 teams 0/2126 matched, players 0/790 matched
2026-08-24 00:00:30,247 INFO ncaa_identity: contest_id=1356959 season=2010 league=wbb -- teams  not built; ids emitted as nulls
2026-08-24 00:00:30,252 INFO ncaa_identity: contest_id=1356959 teams 0/1974 matched, players 0/796 matched
2026-08-24 00:00:31,805 INFO ncaa_identity: contest_id=1356970 season=2010 league=wbb -- teams  not built; ids emitted as nulls
2026-08-24 00:00:31,811 INFO ncaa_identity: contest_id=1356970 teams 0/2404 matched, players 0/912 matched
2026-08-24 00:00:32,967 INFO ncaa_identity: contest_id=1356980 season=2010 league=wbb -- teams  not built; ids emitted as nulls
2026-08-24 00:00:32,972 INFO ncaa_identity: contest_id=1356980 teams 0/2195 matched, players 0/891 matched
2026-08-24 00:00:34,429 INFO ncaa_identity: contest_id=1357010 season=2010 league=wbb -- teams  not built; ids emitted as nulls
2026-08-24 00:00:34,445 INFO ncaa_identity: contest_id=1357010 teams 0/2096 matched, players 0/822 matched
2026-08-24 00:00:35,336 INFO ncaa_identity: contest_id=1357022 season=2010 league=wbb -- teams  not built; ids emitted as nulls
2026-08-24 00:00:35,339 INFO ncaa_identity: contest_id=1357022 teams 0/1624 matched, players 0/494 matched
2026-08-24 00:00:36,263 INFO ncaa_identity: contest_id=1357038 season=2010 league=wbb -- teams  not built; ids emitted as nulls
2026-08-24 00:00:36,270 INFO ncaa_identity: contest_id=1357038 teams 0/1562 matched, players 0/544 matched
2026-08-24 00:00:37,550 INFO ncaa_identity: contest_id=1357060 season=2010 league=wbb -- teams  not built; ids emitted as nulls
2026-08-24 00:00:37,555 INFO ncaa_identity: contest_id=1357060 teams 0/2081 matched, players 0/726 matched
2026-08-24 00:00:38,827 INFO ncaa_identity: contest_id=1357076 season=2010 league=wbb -- teams  not built; ids emitted as nulls
2026-08-24 00:00:38,832 INFO ncaa_identity: contest_id=1357076 teams 0/2290 matched, players 0/885 matched
2026-08-24 00:00:40,252 INFO ncaa_identity: contest_id=1357087 season=2010 league=wbb -- teams  not built; ids emitted as nulls
2026-08-24 00:00:40,257 INFO ncaa_identity: contest_id=1357087 teams 0/2366 matched, players 0/1017 matched
2026-08-24 00:00:41,056 INFO ncaa_identity: contest_id=1357112 season=2010 league=wbb -- teams  not built; ids emitted as nulls
2026-08-24 00:00:41,060 INFO ncaa_identity: contest_id=1357112 teams 0/1816 matched, players 0/559 matched
2026-08-24 00:00:41,951 INFO ncaa_identity: contest_id=1357136 season=2010 league=wbb -- teams  not built; ids emitted as nulls
2026-08-24 00:00:41,955 INFO ncaa_identity: contest_id=1357136 teams 0/1740 matched, players 0/632 matched
2026-08-24 00:00:43,286 INFO ncaa_identity: contest_id=1357225 season=2010 league=wbb -- teams  not built; ids emitted as nulls
2026-08-24 00:00:43,291 INFO ncaa_identity: contest_id=1357225 teams 0/2230 matched, players 0/793 matched
2026-08-24 00:00:44,352 INFO ncaa_identity: contest_id=1357237 season=2010 league=wbb -- teams  not built; ids emitted as nulls
2026-08-24 00:00:44,357 INFO ncaa_identity: contest_id=1357237 teams 0/1950 matched, players 0/729 matched
2026-08-24 00:00:45,303 INFO ncaa_identity: contest_id=1357274 season=2010 league=wbb -- teams  not built; ids emitted as nulls
2026-08-24 00:00:45,308 INFO ncaa_identity: contest_id=1357274 teams 0/1856 matched, players 0/680 matched
2026-08-24 00:00:46,497 INFO ncaa_identity: contest_id=1357308 season=2010 league=wbb -- teams  not built; ids emitted as nulls
2026-08-24 00:00:46,502 INFO ncaa_identity: contest_id=1357308 teams 0/1972 matched, players 0/781 matched
2026-08-24 00:00:47,553 INFO ncaa_identity: contest_id=1357347 season=2010 league=wbb -- teams  not built; ids emitted as nulls
2026-08-24 00:00:47,558 INFO ncaa_identity: contest_id=1357347 teams 0/2238 matched, players 0/811 matched
2026-08-24 00:00:48,600 INFO ncaa_identity: contest_id=1357357 season=2010 league=wbb -- teams  not built; ids emitted as nulls
2026-08-24 00:00:48,605 INFO ncaa_identity: contest_id=1357357 teams 0/2038 matched, players 0/875 matched
2026-08-24 00:00:50,217 INFO ncaa_identity: contest_id=1357367 season=2010 league=wbb -- teams  not built; ids emitted as nulls
2026-08-24 00:00:50,221 INFO ncaa_identity: contest_id=1357367 teams 0/1872 matched, players 0/675 matched
2026-08-24 00:00:51,438 INFO ncaa_identity: contest_id=1357383 season=2010 league=wbb -- teams  not built; ids emitted as nulls
2026-08-24 00:00:51,443 INFO ncaa_identity: contest_id=1357383 teams 0/1896 matched, players 0/636 matched
2026-08-24 00:00:52,648 INFO ncaa_identity: contest_id=1357401 season=2010 league=wbb -- teams  not built; ids emitted as nulls
2026-08-24 00:00:52,653 INFO ncaa_identity: contest_id=1357401 teams 0/1852 matched, players 0/715 matched
2026-08-24 00:00:54,152 INFO ncaa_identity: contest_id=1357443 season=2010 league=wbb -- teams  not built; ids emitted as nulls
2026-08-24 00:00:54,163 INFO ncaa_identity: contest_id=1357443 teams 0/1780 matched, players 0/609 matched
2026-08-24 00:00:55,504 INFO ncaa_identity: contest_id=1357456 season=2010 league=wbb -- teams  not built; ids emitted as nulls
2026-08-24 00:00:55,510 INFO ncaa_identity: contest_id=1357456 teams 0/2062 matched, players 0/765 matched
2026-08-24 00:00:56,648 INFO ncaa_identity: contest_id=1357478 season=2010 league=wbb -- teams  not built; ids emitted as nulls
2026-08-24 00:00:56,652 INFO ncaa_identity: contest_id=1357478 teams 0/1888 matched, players 0/691 matched
2026-08-24 00:00:58,199 INFO ncaa_identity: contest_id=1357511 season=2010 league=wbb -- teams  not built; ids emitted as nulls
2026-08-24 00:00:58,203 INFO ncaa_identity: contest_id=1357511 teams 0/1774 matched, players 0/632 matched
2026-08-24 00:00:59,369 INFO ncaa_identity: contest_id=1357568 season=2010 league=wbb -- teams  not built; ids emitted as nulls
2026-08-24 00:00:59,374 INFO ncaa_identity: contest_id=1357568 teams 0/1816 matched, players 0/554 matched
2026-08-24 00:00:59,528 INFO 5 starters not found for period 1; using estimate
2026-08-24 00:00:59,529 INFO 5 starters not found for period 1; using estimate
2026-08-24 00:00:59,530 INFO 5 starters not found for period 2; using estimate
2026-08-24 00:00:59,532 INFO 5 starters not found for period 2; using estimate
2026-08-24 00:01:00,518 INFO ncaa_identity: contest_id=1357607 season=2010 league=wbb -- teams  not built; ids emitted as nulls
2026-08-24 00:01:00,527 INFO ncaa_identity: contest_id=1357607 teams 0/2415 matched, players 0/2699 matched
2026-08-24 00:01:01,959 INFO ncaa_identity: contest_id=1357629 season=2010 league=wbb -- teams  not built; ids emitted as nulls
2026-08-24 00:01:01,963 INFO ncaa_identity: contest_id=1357629 teams 0/1910 matched, players 0/722 matched
2026-08-24 00:01:03,237 INFO ncaa_identity: contest_id=1357644 season=2010 league=wbb -- teams  not built; ids emitted as nulls
2026-08-24 00:01:03,244 INFO ncaa_identity: contest_id=1357644 teams 0/2328 matched, players 0/927 matched
2026-08-24 00:01:04,526 INFO ncaa_identity: contest_id=1357655 season=2010 league=wbb -- teams  not built; ids emitted as nulls
2026-08-24 00:01:04,540 INFO ncaa_identity: contest_id=1357655 teams 0/1914 matched, players 0/685 matched
2026-08-24 00:01:06,499 INFO ncaa_identity: contest_id=1357667 season=2010 league=wbb -- teams  not built; ids emitted as nulls
2026-08-24 00:01:06,504 INFO ncaa_identity: contest_id=1357667 teams 0/2080 matched, players 0/767 matched
2026-08-24 00:01:07,930 INFO ncaa_identity: contest_id=1357712 season=2010 league=wbb -- teams  not built; ids emitted as nulls
2026-08-24 00:01:07,935 INFO ncaa_identity: contest_id=1357712 teams 0/2142 matched, players 0/659 matched
2026-08-24 00:01:09,391 INFO ncaa_identity: contest_id=1357726 season=2010 league=wbb -- teams  not built; ids emitted as nulls
2026-08-24 00:01:09,395 INFO ncaa_identity: contest_id=1357726 teams 0/1774 matched, players 0/650 matched
2026-08-24 00:01:10,792 INFO ncaa_identity: contest_id=1357758 season=2010 league=wbb -- teams  not built; ids emitted as nulls
2026-08-24 00:01:10,796 INFO ncaa_identity: contest_id=1357758 teams 0/1936 matched, players 0/745 matched
2026-08-24 00:01:11,809 INFO ncaa_identity: contest_id=1357774 season=2010 league=wbb -- teams  not built; ids emitted as nulls
2026-08-24 00:01:11,814 INFO ncaa_identity: contest_id=1357774 teams 0/1932 matched, players 0/782 matched
2026-08-24 00:01:13,054 INFO ncaa_identity: contest_id=1357784 season=2010 league=wbb -- teams  not built; ids emitted as nulls
2026-08-24 00:01:13,058 INFO ncaa_identity: contest_id=1357784 teams 0/1904 matched, players 0/608 matched
2026-08-24 00:01:14,228 INFO ncaa_identity: contest_id=1357811 season=2010 league=wbb -- teams  not built; ids emitted as nulls
2026-08-24 00:01:14,244 INFO ncaa_identity: contest_id=1357811 teams 0/1671 matched, players 0/498 matched
2026-08-24 00:01:15,931 INFO ncaa_identity: contest_id=1357846 season=2010 league=wbb -- teams  not built; ids emitted as nulls
2026-08-24 00:01:15,936 INFO ncaa_identity: contest_id=1357846 teams 0/1859 matched, players 0/700 matched
2026-08-24 00:01:17,357 INFO ncaa_identity: contest_id=1357867 season=2010 league=wbb -- teams  not built; ids emitted as nulls
2026-08-24 00:01:17,361 INFO ncaa_identity: contest_id=1357867 teams 0/1682 matched, players 0/543 matched
2026-08-24 00:01:18,521 INFO ncaa_identity: contest_id=1357881 season=2010 league=wbb -- teams  not built; ids emitted as nulls
2026-08-24 00:01:18,525 INFO ncaa_identity: contest_id=1357881 teams 0/1962 matched, players 0/730 matched
2026-08-24 00:01:18,622 INFO 5 starters not found for period 1; using estimate
2026-08-24 00:01:18,622 INFO 5 starters not found for period 1; using estimate
2026-08-24 00:01:18,623 INFO 5 starters not found for period 2; using estimate
2026-08-24 00:01:18,623 INFO 5 starters not found for period 2; using estimate
2026-08-24 00:01:19,748 INFO ncaa_identity: contest_id=1357891 season=2010 league=wbb -- teams  not built; ids emitted as nulls
2026-08-24 00:01:19,755 INFO ncaa_identity: contest_id=1357891 teams 0/1593 matched, players 0/2465 matched
2026-08-24 00:01:21,056 INFO ncaa_identity: contest_id=1357915 season=2010 league=wbb -- teams  not built; ids emitted as nulls
2026-08-24 00:01:21,060 INFO ncaa_identity: contest_id=1357915 teams 0/1712 matched, players 0/592 matched
2026-08-24 00:01:22,330 INFO ncaa_identity: contest_id=1357927 season=2010 league=wbb -- teams  not built; ids emitted as nulls
2026-08-24 00:01:22,334 INFO ncaa_identity: contest_id=1357927 teams 0/1825 matched, players 0/577 matched
2026-08-24 00:01:23,840 INFO ncaa_identity: contest_id=1357952 season=2010 league=wbb -- teams  not built; ids emitted as nulls
2026-08-24 00:01:23,845 INFO ncaa_identity: contest_id=1357952 teams 0/2100 matched, players 0/770 matched
2026-08-24 00:01:25,338 INFO ncaa_identity: contest_id=1357982 season=2010 league=wbb -- teams  not built; ids emitted as nulls
2026-08-24 00:01:25,352 INFO ncaa_identity: contest_id=1357982 teams 0/2037 matched, players 0/646 matched
2026-08-24 00:01:26,517 INFO ncaa_identity: contest_id=1358003 season=2010 league=wbb -- teams  not built; ids emitted as nulls
2026-08-24 00:01:26,521 INFO ncaa_identity: contest_id=1358003 teams 0/1744 matched, players 0/670 matched
2026-08-24 00:01:27,608 INFO ncaa_identity: contest_id=1358024 season=2010 league=wbb -- teams  not built; ids emitted as nulls
2026-08-24 00:01:27,612 INFO ncaa_identity: contest_id=1358024 teams 0/1872 matched, players 0/617 matched
2026-08-24 00:01:29,169 INFO ncaa_identity: contest_id=1358044 season=2010 league=wbb -- teams  not built; ids emitted as nulls
2026-08-24 00:01:29,173 INFO ncaa_identity: contest_id=1358044 teams 0/1802 matched, players 0/636 matched
2026-08-24 00:01:30,434 INFO ncaa_identity: contest_id=1358055 season=2010 league=wbb -- teams  not built; ids emitted as nulls
2026-08-24 00:01:30,438 INFO ncaa_identity: contest_id=1358055 teams 0/2002 matched, players 0/518 matched
2026-08-24 00:01:31,835 INFO ncaa_identity: contest_id=1358068 season=2010 league=wbb -- teams  not built; ids emitted as nulls
2026-08-24 00:01:31,839 INFO ncaa_identity: contest_id=1358068 teams 0/2108 matched, players 0/666 matched
2026-08-24 00:01:33,458 INFO ncaa_identity: contest_id=1358084 season=2010 league=wbb -- teams  not built; ids emitted as nulls
2026-08-24 00:01:33,463 INFO ncaa_identity: contest_id=1358084 teams 0/2134 matched, players 0/868 matched
2026-08-24 00:01:34,882 INFO ncaa_identity: contest_id=1358100 season=2010 league=wbb -- teams  not built; ids emitted as nulls
2026-08-24 00:01:34,887 INFO ncaa_identity: contest_id=1358100 teams 0/2086 matched, players 0/716 matched
2026-08-24 00:01:35,997 INFO ncaa_identity: contest_id=1358123 season=2010 league=wbb -- teams  not built; ids emitted as nulls
2026-08-24 00:01:36,000 INFO ncaa_identity: contest_id=1358123 teams 0/1489 matched, players 0/484 matched
2026-08-24 00:01:37,891 INFO ncaa_identity: contest_id=1358151 season=2010 league=wbb -- teams  not built; ids emitted as nulls
2026-08-24 00:01:37,896 INFO ncaa_identity: contest_id=1358151 teams 0/2320 matched, players 0/864 matched
2026-08-24 00:01:39,174 INFO ncaa_identity: contest_id=1358178 season=2010 league=wbb -- teams  not built; ids emitted as nulls
2026-08-24 00:01:39,177 INFO ncaa_identity: contest_id=1358178 teams 0/1856 matched, players 0/683 matched
2026-08-24 00:01:40,798 INFO ncaa_identity: contest_id=1358193 season=2010 league=wbb -- teams  not built; ids emitted as nulls
2026-08-24 00:01:40,802 INFO ncaa_identity: contest_id=1358193 teams 0/1902 matched, players 0/647 matched
2026-08-24 00:01:41,931 INFO ncaa_identity: contest_id=1358213 season=2010 league=wbb -- teams  not built; ids emitted as nulls
2026-08-24 00:01:41,935 INFO ncaa_identity: contest_id=1358213 teams 0/1774 matched, players 0/664 matched
2026-08-24 00:01:43,467 INFO ncaa_identity: contest_id=1358227 season=2010 league=wbb -- teams  not built; ids emitted as nulls
2026-08-24 00:01:43,471 INFO ncaa_identity: contest_id=1358227 teams 0/2120 matched, players 0/764 matched
2026-08-24 00:01:44,886 INFO ncaa_identity: contest_id=1358244 season=2010 league=wbb -- teams  not built; ids emitted as nulls
2026-08-24 00:01:44,890 INFO ncaa_identity: contest_id=1358244 teams 0/1666 matched, players 0/674 matched
2026-08-24 00:01:46,221 INFO ncaa_identity: contest_id=1358255 season=2010 league=wbb -- teams  not built; ids emitted as nulls
2026-08-24 00:01:46,226 INFO ncaa_identity: contest_id=1358255 teams 0/1980 matched, players 0/716 matched
2026-08-24 00:01:47,806 INFO ncaa_identity: contest_id=1358273 season=2010 league=wbb -- teams  not built; ids emitted as nulls
2026-08-24 00:01:47,811 INFO ncaa_identity: contest_id=1358273 teams 0/2214 matched, players 0/1009 matched
2026-08-24 00:01:49,469 INFO ncaa_identity: contest_id=1358296 season=2010 league=wbb -- teams  not built; ids emitted as nulls
2026-08-24 00:01:49,474 INFO ncaa_identity: contest_id=1358296 teams 0/2031 matched, players 0/724 matched
2026-08-24 00:01:50,602 INFO ncaa_identity: contest_id=1358320 season=2010 league=wbb -- teams  not built; ids emitted as nulls
2026-08-24 00:01:50,606 INFO ncaa_identity: contest_id=1358320 teams 0/1766 matched, players 0/638 matched
2026-08-24 00:01:51,541 INFO ncaa_identity: contest_id=1358332 season=2010 league=wbb -- teams  not built; ids emitted as nulls
2026-08-24 00:01:51,545 INFO ncaa_identity: contest_id=1358332 teams 0/1938 matched, players 0/706 matched
2026-08-24 00:01:52,997 INFO ncaa_identity: contest_id=1358351 season=2010 league=wbb -- teams  not built; ids emitted as nulls
2026-08-24 00:01:53,001 INFO ncaa_identity: contest_id=1358351 teams 0/1830 matched, players 0/667 matched
2026-08-24 00:01:54,519 INFO ncaa_identity: contest_id=1358366 season=2010 league=wbb -- teams  not built; ids emitted as nulls
2026-08-24 00:01:54,524 INFO ncaa_identity: contest_id=1358366 teams 0/2002 matched, players 0/824 matched
2026-08-24 00:01:55,762 INFO ncaa_identity: contest_id=1358378 season=2010 league=wbb -- teams  not built; ids emitted as nulls
2026-08-24 00:01:55,767 INFO ncaa_identity: contest_id=1358378 teams 0/2095 matched, players 0/839 matched
2026-08-24 00:01:56,985 INFO ncaa_identity: contest_id=1358395 season=2010 league=wbb -- teams  not built; ids emitted as nulls
2026-08-24 00:01:56,996 INFO ncaa_identity: contest_id=1358395 teams 0/2056 matched, players 0/853 matched
2026-08-24 00:01:58,676 INFO ncaa_identity: contest_id=1358408 season=2010 league=wbb -- teams  not built; ids emitted as nulls
2026-08-24 00:01:58,681 INFO ncaa_identity: contest_id=1358408 teams 0/2147 matched, players 0/880 matched
2026-08-24 00:01:59,992 INFO ncaa_identity: contest_id=1358423 season=2010 league=wbb -- teams  not built; ids emitted as nulls
2026-08-24 00:01:59,998 INFO ncaa_identity: contest_id=1358423 teams 0/2218 matched, players 0/725 matched
2026-08-24 00:02:01,345 INFO ncaa_identity: contest_id=1358434 season=2010 league=wbb -- teams  not built; ids emitted as nulls
2026-08-24 00:02:01,351 INFO ncaa_identity: contest_id=1358434 teams 0/2278 matched, players 0/946 matched
2026-08-24 00:02:02,938 INFO ncaa_identity: contest_id=1358444 season=2010 league=wbb -- teams  not built; ids emitted as nulls
2026-08-24 00:02:02,942 INFO ncaa_identity: contest_id=1358444 teams 0/2266 matched, players 0/748 matched
2026-08-24 00:02:04,130 INFO ncaa_identity: contest_id=1358454 season=2010 league=wbb -- teams  not built; ids emitted as nulls
2026-08-24 00:02:04,133 INFO ncaa_identity: contest_id=1358454 teams 0/1716 matched, players 0/580 matched
2026-08-24 00:02:05,243 INFO ncaa_identity: contest_id=1358465 season=2010 league=wbb -- teams  not built; ids emitted as nulls
2026-08-24 00:02:05,248 INFO ncaa_identity: contest_id=1358465 teams 0/2298 matched, players 0/829 matched
2026-08-24 00:02:06,632 INFO ncaa_identity: contest_id=1358475 season=2010 league=wbb -- teams  not built; ids emitted as nulls
2026-08-24 00:02:06,635 INFO ncaa_identity: contest_id=1358475 teams 0/1776 matched, players 0/524 matched
2026-08-24 00:02:08,127 INFO ncaa_identity: contest_id=1358488 season=2010 league=wbb -- teams  not built; ids emitted as nulls
2026-08-24 00:02:08,132 INFO ncaa_identity: contest_id=1358488 teams 0/1976 matched, players 0/756 matched
2026-08-24 00:02:09,180 INFO ncaa_identity: contest_id=1358498 season=2010 league=wbb -- teams  not built; ids emitted as nulls
2026-08-24 00:02:09,184 INFO ncaa_identity: contest_id=1358498 teams 0/1706 matched, players 0/708 matched
2026-08-24 00:02:10,809 INFO ncaa_identity: contest_id=1358513 season=2010 league=wbb -- teams  not built; ids emitted as nulls
2026-08-24 00:02:10,815 INFO ncaa_identity: contest_id=1358513 teams 0/2290 matched, players 0/919 matched
2026-08-24 00:02:12,064 INFO ncaa_identity: contest_id=1358548 season=2010 league=wbb -- teams  not built; ids emitted as nulls
2026-08-24 00:02:12,069 INFO ncaa_identity: contest_id=1358548 teams 0/1878 matched, players 0/744 matched
2026-08-24 00:02:13,314 INFO ncaa_identity: contest_id=1358565 season=2010 league=wbb -- teams  not built; ids emitted as nulls
2026-08-24 00:02:13,319 INFO ncaa_identity: contest_id=1358565 teams 0/2120 matched, players 0/765 matched
2026-08-24 00:02:14,706 INFO ncaa_identity: contest_id=1358582 season=2010 league=wbb -- teams  not built; ids emitted as nulls
2026-08-24 00:02:14,725 INFO ncaa_identity: contest_id=1358582 teams 0/2215 matched, players 0/6244 matched
2026-08-24 00:02:15,962 INFO ncaa_identity: contest_id=1358606 season=2010 league=wbb -- teams  not built; ids emitted as nulls
2026-08-24 00:02:15,966 INFO ncaa_identity: contest_id=1358606 teams 0/1766 matched, players 0/450 matched
2026-08-24 00:02:16,947 INFO ncaa_identity: contest_id=1358622 season=2010 league=wbb -- teams  not built; ids emitted as nulls
2026-08-24 00:02:16,951 INFO ncaa_identity: contest_id=1358622 teams 0/1678 matched, players 0/499 matched
2026-08-24 00:02:18,287 INFO ncaa_identity: contest_id=1358636 season=2010 league=wbb -- teams  not built; ids emitted as nulls
2026-08-24 00:02:18,291 INFO ncaa_identity: contest_id=1358636 teams 0/1806 matched, players 0/609 matched
2026-08-24 00:02:19,594 INFO ncaa_identity: contest_id=1358656 season=2010 league=wbb -- teams  not built; ids emitted as nulls
2026-08-24 00:02:19,598 INFO ncaa_identity: contest_id=1358656 teams 0/1841 matched, players 0/642 matched
2026-08-24 00:02:20,584 INFO ncaa_identity: contest_id=1358666 season=2010 league=wbb -- teams  not built; ids emitted as nulls
2026-08-24 00:02:20,587 INFO ncaa_identity: contest_id=1358666 teams 0/1860 matched, players 0/724 matched
2026-08-24 00:02:22,043 INFO ncaa_identity: contest_id=1358676 season=2010 league=wbb -- teams  not built; ids emitted as nulls
2026-08-24 00:02:22,048 INFO ncaa_identity: contest_id=1358676 teams 0/1930 matched, players 0/685 matched
2026-08-24 00:02:23,104 INFO ncaa_identity: contest_id=1358686 season=2010 league=wbb -- teams  not built; ids emitted as nulls
2026-08-24 00:02:23,108 INFO ncaa_identity: contest_id=1358686 teams 0/1872 matched, players 0/535 matched
2026-08-24 00:02:24,405 INFO ncaa_identity: contest_id=1358700 season=2010 league=wbb -- teams  not built; ids emitted as nulls
2026-08-24 00:02:24,410 INFO ncaa_identity: contest_id=1358700 teams 0/2336 matched, players 0/956 matched
2026-08-24 00:02:25,892 INFO ncaa_identity: contest_id=1358711 season=2010 league=wbb -- teams  not built; ids emitted as nulls
2026-08-24 00:02:25,897 INFO ncaa_identity: contest_id=1358711 teams 0/1977 matched, players 0/826 matched
2026-08-24 00:02:27,151 INFO ncaa_identity: contest_id=1358721 season=2010 league=wbb -- teams  not built; ids emitted as nulls
2026-08-24 00:02:27,155 INFO ncaa_identity: contest_id=1358721 teams 0/2218 matched, players 0/843 matched
2026-08-24 00:02:28,469 INFO ncaa_identity: contest_id=1358731 season=2010 league=wbb -- teams  not built; ids emitted as nulls
2026-08-24 00:02:28,473 INFO ncaa_identity: contest_id=1358731 teams 0/1928 matched, players 0/774 matched
2026-08-24 00:02:29,486 INFO ncaa_identity: contest_id=1358742 season=2010 league=wbb -- teams  not built; ids emitted as nulls
2026-08-24 00:02:29,490 INFO ncaa_identity: contest_id=1358742 teams 0/1650 matched, players 0/617 matched
2026-08-24 00:02:30,658 INFO ncaa_identity: contest_id=1358754 season=2010 league=wbb -- teams  not built; ids emitted as nulls
2026-08-24 00:02:30,661 INFO ncaa_identity: contest_id=1358754 teams 0/1582 matched, players 0/493 matched
2026-08-24 00:02:32,116 INFO ncaa_identity: contest_id=1358768 season=2010 league=wbb -- teams  not built; ids emitted as nulls
2026-08-24 00:02:32,120 INFO ncaa_identity: contest_id=1358768 teams 0/2206 matched, players 0/607 matched
2026-08-24 00:02:33,361 INFO ncaa_identity: contest_id=1358779 season=2010 league=wbb -- teams  not built; ids emitted as nulls
2026-08-24 00:02:33,365 INFO ncaa_identity: contest_id=1358779 teams 0/1782 matched, players 0/608 matched
2026-08-24 00:02:34,507 INFO ncaa_identity: contest_id=1358789 season=2010 league=wbb -- teams  not built; ids emitted as nulls
2026-08-24 00:02:34,513 INFO ncaa_identity: contest_id=1358789 teams 0/2046 matched, players 0/731 matched
2026-08-24 00:02:35,576 INFO ncaa_identity: contest_id=1358799 season=2010 league=wbb -- teams  not built; ids emitted as nulls
2026-08-24 00:02:35,580 INFO ncaa_identity: contest_id=1358799 teams 0/1846 matched, players 0/563 matched
2026-08-24 00:02:37,277 INFO ncaa_identity: contest_id=878036 teams 2393/2393 matched, players 6195/6764 matched
2026-08-24 00:02:38,672 INFO ncaa_identity: contest_id=878053 teams 1997/1997 matched, players 774/780 matched
2026-08-24 00:02:40,379 INFO ncaa_identity: contest_id=878063 teams 1230/2396 matched, players 3412/6767 matched
2026-08-24 00:02:41,687 INFO ncaa_identity: contest_id=878077 teams 1142/2316 matched, players 3226/6530 matched
2026-08-24 00:02:42,903 INFO ncaa_identity: contest_id=878087 teams 2356/2356 matched, players 6168/6666 matched
2026-08-24 00:02:49,033 INFO ncaa_identity: contest_id=878134 teams 2777/2777 matched, players 7531/7846 matched
2026-08-24 00:02:50,408 INFO ncaa_identity: contest_id=878151 teams 1317/2419 matched, players 3523/6818 matched
2026-08-24 00:02:54,685 INFO ncaa_identity: contest_id=878194 teams 2444/2444 matched, players 6807/6850 matched
2026-08-24 00:02:57,577 INFO ncaa_identity: contest_id=878232 teams 2261/2261 matched, players 6081/6349 matched
2026-08-24 00:02:58,823 INFO ncaa_identity: contest_id=878252 teams 1142/2237 matched, players 2786/6287 matched
2026-08-24 00:03:00,537 INFO ncaa_identity: contest_id=878270 teams 1424/2833 matched, players 4010/8013 matched
2026-08-24 00:03:07,046 INFO ncaa_identity: contest_id=878345 teams 2983/2983 matched, players 8123/8444 matched
2026-08-24 00:03:08,515 INFO ncaa_identity: contest_id=878360 teams 2594/2594 matched, players 6073/7325 matched
2026-08-24 00:03:10,589 INFO ncaa_identity: contest_id=878372 teams 1493/2854 matched, players 4000/8064 matched
2026-08-24 00:03:12,205 INFO ncaa_identity: contest_id=878409 teams 1532/3037 matched, players 4298/8589 matched
2026-08-24 00:03:16,969 INFO ncaa_identity: contest_id=878531 teams 1210/2342 matched, players 3274/6609 matched
2026-08-24 00:03:22,618 INFO ncaa_identity: contest_id=878662 teams 1298/2589 matched, players 3726/7265 matched
2026-08-24 00:03:24,462 INFO ncaa_identity: contest_id=878697 teams 2994/2994 matched, players 8139/8444 matched
2026-08-24 00:03:26,248 INFO ncaa_identity: contest_id=878727 teams 3257/3257 matched, players 8781/9269 matched
2026-08-24 00:03:32,634 INFO ncaa_identity: contest_id=878817 teams 2602/2602 matched, players 7073/7383 matched
2026-08-24 00:03:34,172 INFO ncaa_identity: contest_id=878846 teams 2685/2685 matched, players 7224/7582 matched
2026-08-24 00:03:38,497 INFO ncaa_identity: contest_id=878925 teams 999/2002 matched, players 2834/5616 matched
2026-08-24 00:03:40,013 INFO ncaa_identity: contest_id=878950 teams 2580/2580 matched, players 6977/7269 matched
2026-08-24 00:03:44,418 INFO ncaa_identity: contest_id=879046 teams 2470/2470 matched, players 6577/6938 matched
2026-08-24 00:03:47,740 INFO ncaa_identity: contest_id=879181 teams 2664/2664 matched, players 7138/7503 matched
2026-08-24 00:03:49,545 INFO ncaa_identity: contest_id=879230 teams 2754/2754 matched, players 7111/7717 matched
2026-08-24 00:03:52,881 INFO ncaa_identity: contest_id=879320 teams 2428/2428 matched, players 6366/6816 matched
2026-08-24 00:03:58,940 INFO ncaa_identity: contest_id=879552 teams 2527/2527 matched, players 6795/7081 matched
2026-08-24 00:04:04,133 INFO ncaa_identity: contest_id=879603 teams 2730/2730 matched, players 7301/7743 matched
2026-08-24 00:04:07,430 INFO ncaa_identity: contest_id=879671 teams 2440/2440 matched, players 6433/6854 matched
2026-08-24 00:04:08,788 INFO ncaa_identity: contest_id=879689 teams 1824/1824 matched, players 5076/5117 matched
2026-08-24 00:04:11,689 INFO ncaa_identity: contest_id=879721 teams 2130/2130 matched, players 5767/5951 matched
2026-08-24 00:04:12,882 INFO ncaa_identity: contest_id=879747 teams 2467/2467 matched, players 6589/7007 matched
2026-08-24 00:04:15,993 INFO ncaa_identity: contest_id=879807 teams 2829/2829 matched, players 7181/8011 matched
2026-08-24 00:04:17,524 INFO ncaa_identity: contest_id=879850 teams 1141/2329 matched, players 2829/6551 matched
2026-08-24 00:04:19,207 INFO ncaa_identity: contest_id=879894 teams 0/2277 matched, players 0/6403 matched
2026-08-24 00:04:23,694 INFO ncaa_identity: contest_id=880028 teams 2657/2657 matched, players 7299/7563 matched
2026-08-24 00:04:25,028 INFO ncaa_identity: contest_id=880046 teams 897/1697 matched, players 253/455 matched
2026-08-24 00:04:26,683 INFO ncaa_identity: contest_id=880065 teams 2503/2503 matched, players 6883/7055 matched
2026-08-24 00:04:29,753 INFO ncaa_identity: contest_id=880099 teams 2526/2526 matched, players 6885/7081 matched
2026-08-24 00:04:31,273 INFO ncaa_identity: contest_id=880114 teams 1296/2503 matched, players 3540/7062 matched
2026-08-24 00:04:34,099 INFO ncaa_identity: contest_id=880151 teams 2418/2418 matched, players 6468/6746 matched
2026-08-24 00:04:35,582 INFO ncaa_identity: contest_id=880168 teams 3238/3238 matched, players 8992/9177 matched
2026-08-24 00:04:42,150 INFO ncaa_identity: contest_id=880229 teams 2929/2929 matched, players 7846/8277 matched
2026-08-24 00:04:43,568 INFO 5 starters not found for period 3; using estimate
2026-08-24 00:04:46,263 INFO ncaa_identity: contest_id=880325 teams 2232/2232 matched, players 5784/6307 matched
2026-08-24 00:04:48,094 INFO ncaa_identity: contest_id=880370 teams 1454/2907 matched, players 4115/8197 matched
2026-08-24 00:04:51,355 INFO ncaa_identity: contest_id=880412 teams 2560/2560 matched, players 6611/7227 matched
2026-08-24 00:04:52,655 INFO ncaa_identity: contest_id=880431 teams 2641/2641 matched, players 7370/7490 matched
2026-08-24 00:04:58,643 INFO ncaa_identity: contest_id=880502 teams 2565/2565 matched, players 6308/7214 matched
2026-08-24 00:05:00,040 INFO ncaa_identity: contest_id=880522 teams 2831/2831 matched, players 7749/8030 matched
2026-08-24 00:05:03,059 INFO ncaa_identity: contest_id=880567 teams 2819/2819 matched, players 7587/8006 matched
2026-08-24 00:05:06,578 INFO ncaa_identity: contest_id=880609 teams 2404/2404 matched, players 6642/6748 matched
2026-08-24 00:05:07,820 INFO ncaa_identity: contest_id=880649 teams 2370/2370 matched, players 6564/6686 matched
2026-08-24 00:05:09,641 INFO ncaa_identity: contest_id=880689 teams 1533/3107 matched, players 4353/8755 matched
2026-08-24 00:05:18,681 INFO ncaa_identity: contest_id=880900 teams 2436/2436 matched, players 6640/6838 matched
2026-08-24 00:05:20,370 INFO ncaa_identity: contest_id=880921 teams 1943/1943 matched, players 5129/5481 matched
2026-08-24 00:05:22,826 INFO ncaa_identity: contest_id=880990 teams 2653/2653 matched, players 6702/7465 matched
2026-08-24 00:05:24,369 INFO ncaa_identity: contest_id=881025 teams 2493/2493 matched, players 6569/7027 matched
2026-08-24 00:05:25,725 INFO ncaa_identity: contest_id=881052 teams 2445/2445 matched, players 6528/6898 matched
2026-08-24 00:05:27,208 INFO ncaa_identity: contest_id=881090 teams 1186/2304 matched, players 3255/6521 matched
2026-08-24 00:05:29,036 INFO ncaa_identity: contest_id=881116 teams 2919/2919 matched, players 7210/8226 matched
2026-08-24 00:05:31,544 INFO ncaa_identity: contest_id=881168 teams 2465/2465 matched, players 6834/6919 matched
2026-08-24 00:05:36,058 INFO ncaa_identity: contest_id=881289 teams 1096/2273 matched, players 3194/6420 matched
2026-08-24 00:05:37,135 INFO ncaa_identity: contest_id=881333 teams 2023/2023 matched, players 5352/5705 matched
2026-08-24 00:05:38,889 INFO ncaa_identity: contest_id=881389 teams 2455/2455 matched, players 6285/6912 matched
2026-08-24 00:05:40,182 INFO ncaa_identity: contest_id=881439 teams 2395/2395 matched, players 6584/6729 matched
2026-08-24 00:05:43,361 INFO ncaa_identity: contest_id=881527 teams 2209/2209 matched, players 5922/6208 matched
2026-08-24 00:05:49,330 INFO ncaa_identity: contest_id=881673 teams 2349/2349 matched, players 6579/6621 matched
2026-08-24 00:05:53,567 INFO ncaa_identity: contest_id=881717 teams 2413/2413 matched, players 6542/6808 matched
2026-08-24 00:05:58,020 INFO ncaa_identity: contest_id=881792 teams 1424/2813 matched, players 3666/7888 matched
2026-08-24 00:06:01,846 INFO ncaa_identity: contest_id=881873 teams 1132/2209 matched, players 3096/6224 matched
2026-08-24 00:06:05,821 INFO ncaa_identity: contest_id=881967 teams 2907/2907 matched, players 7890/8256 matched
2026-08-24 00:06:07,487 INFO ncaa_identity: contest_id=882016 teams 2667/2667 matched, players 7027/7543 matched
2026-08-24 00:06:08,664 INFO ncaa_identity: contest_id=882044 teams 1032/2067 matched, players 2911/5805 matched
2026-08-24 00:06:10,929 WARNING ncaa_parse: family=lineups contest_id=882107 team=Minnesota produced NO good stints (2 bad, roster=9) -- parsed successfully but contributed nothing
2026-08-24 00:06:11,523 INFO ncaa_identity: contest_id=882107 teams 1469/1469 matched, players 287/389 matched
2026-08-24 00:06:16,286 INFO ncaa_identity: contest_id=882233 teams 2597/2597 matched, players 7143/7289 matched
2026-08-24 00:06:19,704 INFO ncaa_identity: contest_id=882268 teams 2533/2533 matched, players 6845/7147 matched
2026-08-24 00:06:26,429 INFO ncaa_identity: contest_id=882511 teams 2683/2683 matched, players 5953/7572 matched
2026-08-24 00:06:27,750 INFO ncaa_identity: contest_id=882528 teams 3172/3172 matched, players 7950/9012 matched
2026-08-24 00:06:28,970 INFO ncaa_identity: contest_id=882546 teams 2307/2307 matched, players 6436/6482 matched
2026-08-24 00:06:30,412 INFO ncaa_identity: contest_id=882565 teams 2292/2292 matched, players 6049/6412 matched
2026-08-24 00:06:31,700 INFO ncaa_identity: contest_id=882582 teams 2430/2430 matched, players 6653/6849 matched
2026-08-24 00:06:34,596 INFO ncaa_identity: contest_id=882654 teams 2783/2783 matched, players 7005/7817 matched
2026-08-24 00:06:35,881 INFO ncaa_identity: contest_id=882683 teams 2437/2437 matched, players 6682/6868 matched
2026-08-24 00:06:37,357 INFO ncaa_identity: contest_id=882713 teams 1149/2337 matched, players 3323/6631 matched
2026-08-24 00:06:40,649 INFO ncaa_identity: contest_id=882759 teams 1178/2208 matched, players 3225/6195 matched
2026-08-24 00:06:46,888 INFO ncaa_identity: contest_id=882929 teams 1195/2290 matched, players 3289/6442 matched
2026-08-24 00:06:48,588 INFO ncaa_identity: contest_id=882944 teams 2495/2495 matched, players 6552/7071 matched
2026-08-24 00:06:50,539 INFO ncaa_identity: contest_id=882977 teams 1396/1396 matched, players 357/386 matched
2026-08-24 00:06:52,418 INFO ncaa_identity: contest_id=882997 teams 2552/2552 matched, players 6246/7215 matched
2026-08-24 00:06:53,929 INFO ncaa_identity: contest_id=883031 teams 2649/2649 matched, players 6577/7480 matched
2026-08-24 00:07:04,301 INFO ncaa_identity: contest_id=883164 teams 2514/2514 matched, players 6843/7087 matched
2026-08-24 00:07:09,293 INFO ncaa_identity: contest_id=883217 teams 2136/2136 matched, players 5663/6032 matched
2026-08-24 00:07:10,850 INFO ncaa_identity: contest_id=883231 teams 1196/2299 matched, players 3274/6427 matched
2026-08-24 00:07:12,515 INFO ncaa_identity: contest_id=883254 teams 2571/2571 matched, players 7049/7234 matched
2026-08-24 00:07:18,511 INFO ncaa_identity: contest_id=883301 teams 1318/2627 matched, players 3417/7429 matched
2026-08-24 00:07:20,372 INFO ncaa_identity: contest_id=883316 teams 2409/2409 matched, players 5830/6731 matched
2026-08-24 00:07:27,719 INFO ncaa_identity: contest_id=883379 teams 1344/2620 matched, players 3783/7416 matched
2026-08-24 00:07:30,440 INFO ncaa_identity: contest_id=883402 teams 2027/2027 matched, players 5299/5624 matched
2026-08-24 00:07:45,078 INFO ncaa_identity: contest_id=883563 teams 2240/2240 matched, players 5385/6313 matched
2026-08-24 00:07:48,031 INFO ncaa_identity: contest_id=883605 teams 2525/2525 matched, players 6696/7127 matched
2026-08-24 00:07:51,233 INFO ncaa_identity: contest_id=883655 teams 2460/2460 matched, players 6717/6947 matched
2026-08-24 00:07:56,625 INFO ncaa_identity: contest_id=883740 teams 2225/2225 matched, players 5701/6209 matched
2026-08-24 00:07:58,147 INFO ncaa_identity: contest_id=883753 teams 1313/2550 matched, players 3607/7185 matched
2026-08-24 00:08:08,426 WARNING ncaa_parse: family=lineups contest_id=883936 team=Sam Houston SKIPPED (1 parse error(s)): Duplicate players after widening: LatishaMorgan <- ['Morgan, LaTisha', 'Morgan, LaTisha'] (roster of 12)
2026-08-24 00:08:09,016 INFO ncaa_identity: contest_id=883936 teams 2862/2862 matched, players 7538/8035 matched
2026-08-24 00:08:11,862 INFO ncaa_identity: contest_id=883964 teams 1724/1724 matched, players 343/459 matched
2026-08-24 00:08:13,028 INFO ncaa_identity: contest_id=883996 teams 2149/2149 matched, players 5884/6058 matched
2026-08-24 00:08:20,973 INFO ncaa_identity: contest_id=884076 teams 2262/2262 matched, players 6019/6383 matched
2026-08-24 00:08:22,458 INFO ncaa_identity: contest_id=884111 teams 2420/2420 matched, players 6657/6803 matched
2026-08-24 00:08:23,846 INFO ncaa_identity: contest_id=884167 teams 3162/3162 matched, players 8631/9001 matched
2026-08-24 00:08:25,181 INFO ncaa_identity: contest_id=884188 teams 2293/2293 matched, players 6054/6459 matched
2026-08-24 00:08:27,492 INFO ncaa_identity: contest_id=884288 teams 1168/2378 matched, players 3369/6718 matched
2026-08-24 00:08:28,919 INFO ncaa_identity: contest_id=884309 teams 2381/2381 matched, players 6537/6647 matched
2026-08-24 00:08:35,469 INFO ncaa_identity: contest_id=884520 teams 2371/2371 matched, players 6502/6688 matched
2026-08-24 00:08:37,764 INFO ncaa_identity: contest_id=884563 teams 2564/2564 matched, players 6918/7245 matched
2026-08-24 00:08:40,846 INFO ncaa_identity: contest_id=884616 teams 0/2375 matched, players 0/6714 matched
2026-08-24 00:08:43,368 INFO ncaa_identity: contest_id=884665 teams 1889/1889 matched, players 4828/5315 matched
2026-08-24 00:08:48,088 INFO ncaa_identity: contest_id=884784 teams 1671/1671 matched, players 416/450 matched
2026-08-24 00:08:50,583 INFO ncaa_identity: contest_id=884859 teams 2390/2390 matched, players 5839/6705 matched
2026-08-24 00:08:57,091 INFO ncaa_identity: contest_id=885011 teams 2440/2440 matched, players 5421/6864 matched
2026-08-24 00:09:03,007 INFO ncaa_identity: contest_id=885162 teams 2417/2417 matched, players 6630/6802 matched
2026-08-24 00:09:06,931 INFO ncaa_identity: contest_id=885221 teams 2404/2404 matched, players 6443/6815 matched
2026-08-24 00:09:08,095 INFO ncaa_identity: contest_id=885243 teams 2579/2579 matched, players 6761/7276 matched
2026-08-24 00:09:10,049 INFO ncaa_identity: contest_id=885256 teams 2240/2240 matched, players 6247/6270 matched
2026-08-24 00:09:13,093 INFO ncaa_identity: contest_id=885302 teams 2229/2229 matched, players 6245/6283 matched
2026-08-24 00:09:14,451 INFO ncaa_identity: contest_id=885357 teams 2294/2294 matched, players 6424/6452 matched
2026-08-24 00:09:15,718 INFO ncaa_identity: contest_id=885424 teams 1968/1968 matched, players 5432/5511 matched
2026-08-24 00:09:20,281 INFO ncaa_identity: contest_id=885540 teams 2431/2431 matched, players 6408/6869 matched
2026-08-24 00:09:32,225 INFO ncaa_identity: contest_id=885809 teams 2252/2252 matched, players 5460/6323 matched
2026-08-24 00:09:33,417 INFO ncaa_identity: contest_id=885862 teams 2174/2174 matched, players 5546/6127 matched
2026-08-24 00:09:35,056 INFO ncaa_identity: contest_id=885880 teams 2419/2419 matched, players 5527/6837 matched
2026-08-24 00:09:37,910 INFO ncaa_identity: contest_id=885907 teams 1401/2759 matched, players 3925/7808 matched
2026-08-24 00:09:39,066 INFO ncaa_identity: contest_id=885993 teams 2280/2280 matched, players 5928/6402 matched
2026-08-24 00:09:55,946 INFO ncaa_identity: contest_id=886341 teams 2353/2353 matched, players 5770/6647 matched
2026-08-24 00:09:57,357 INFO ncaa_identity: contest_id=886376 teams 2752/2752 matched, players 7621/7763 matched
2026-08-24 00:09:58,905 INFO ncaa_identity: contest_id=886408 teams 1198/2353 matched, players 3347/6659 matched
2026-08-24 00:10:00,216 INFO ncaa_identity: contest_id=886446 teams 2468/2468 matched, players 6462/6979 matched
2026-08-24 00:10:03,142 INFO ncaa_identity: contest_id=886544 teams 2390/2390 matched, players 6151/6786 matched
2026-08-24 00:10:05,453 INFO ncaa_identity: contest_id=886613 teams 2166/2166 matched, players 5975/6051 matched
2026-08-24 00:10:08,591 INFO ncaa_identity: contest_id=886714 teams 2765/2765 matched, players 7596/7866 matched
2026-08-24 00:10:10,627 INFO ncaa_identity: contest_id=886734 teams 2522/2522 matched, players 6926/7083 matched
2026-08-24 00:10:15,953 INFO ncaa_identity: contest_id=886879 teams 1802/1802 matched, players 4286/5076 matched
2026-08-24 00:10:24,135 INFO ncaa_identity: contest_id=887137 teams 2633/2633 matched, players 7211/7443 matched
2026-08-24 00:10:26,037 WARNING ncaa_parse: family=lineups contest_id=887171 team=Sam Houston SKIPPED (1 parse error(s)): Duplicate players after widening: LatishaMorgan <- ['Morgan, LaTisha', 'Morgan, LaTisha'] (roster of 13)
2026-08-24 00:10:26,720 WARNING ncaa_parse: family=shots contest_id=887171 team=Sam Houston SKIPPED (1 parse error(s)): Duplicate players after widening: LatishaMorgan <- ['Morgan, LaTisha', 'Morgan, LaTisha'] (roster of 13)
2026-08-24 00:10:26,805 INFO ncaa_identity: contest_id=887171 teams 2494/2494 matched, players 6705/7000 matched
2026-08-24 00:10:32,796 INFO ncaa_identity: contest_id=887334 teams 2064/2064 matched, players 4859/5774 matched
2026-08-24 00:10:38,654 INFO ncaa_identity: contest_id=887412 teams 2308/2308 matched, players 6423/6509 matched
2026-08-24 00:10:39,880 INFO ncaa_identity: contest_id=887442 teams 2437/2437 matched, players 6826/6842 matched
2026-08-24 00:10:41,608 INFO ncaa_identity: contest_id=887459 teams 2265/2265 matched, players 6296/6363 matched
2026-08-24 00:10:44,641 INFO ncaa_identity: contest_id=887497 teams 2541/2541 matched, players 6719/7149 matched
2026-08-24 00:10:48,473 INFO ncaa_identity: contest_id=887660 teams 2127/2127 matched, players 5524/5987 matched
2026-08-24 00:10:50,808 INFO ncaa_identity: contest_id=887706 teams 2220/2220 matched, players 5827/6216 matched
2026-08-24 00:10:52,998 WARNING ncaa_parse: family=lineups contest_id=887774 team=Northwestern produced NO good stints (2 bad, roster=8) -- parsed successfully but contributed nothing
2026-08-24 00:10:53,437 INFO ncaa_identity: contest_id=887774 teams 1588/1588 matched, players 305/421 matched
2026-08-24 00:10:56,057 INFO ncaa_identity: contest_id=887835 teams 2314/2314 matched, players 6069/6526 matched
2026-08-24 00:10:59,723 INFO ncaa_identity: contest_id=887927 teams 2318/2318 matched, players 6485/6517 matched
2026-08-24 00:11:00,835 INFO ncaa_identity: contest_id=887998 teams 1116/2275 matched, players 3234/6412 matched
2026-08-24 00:11:03,301 INFO ncaa_identity: contest_id=888062 teams 2203/2203 matched, players 5920/6196 matched
2026-08-24 00:11:04,625 INFO ncaa_identity: contest_id=888089 teams 2516/2516 matched, players 6449/7117 matched
2026-08-24 00:11:07,836 INFO ncaa_identity: contest_id=888185 teams 1227/2342 matched, players 3416/6671 matched
2026-08-24 00:11:11,834 INFO ncaa_identity: contest_id=888261 teams 2174/2174 matched, players 5585/6139 matched
2026-08-24 00:11:18,504 INFO ncaa_identity: contest_id=888376 teams 2349/2349 matched, players 6302/6545 matched
2026-08-24 00:11:27,847 INFO ncaa_identity: contest_id=888540 teams 2355/2355 matched, players 6175/6547 matched
2026-08-24 00:11:29,234 INFO ncaa_identity: contest_id=888555 teams 1413/2722 matched, players 3797/7609 matched
2026-08-24 00:11:32,490 INFO ncaa_identity: contest_id=888627 teams 1084/2198 matched, players 3074/6179 matched
2026-08-24 00:11:38,997 INFO ncaa_identity: contest_id=888807 teams 2379/2379 matched, players 6111/6684 matched
2026-08-24 00:11:46,185 INFO ncaa_identity: contest_id=888937 teams 0/2301 matched, players 0/6484 matched
2026-08-24 00:11:47,584 INFO ncaa_identity: contest_id=889020 teams 1991/1991 matched, players 5204/5578 matched
2026-08-24 00:11:49,049 INFO ncaa_identity: contest_id=889060 teams 2542/2542 matched, players 7161/7180 matched
2026-08-24 00:11:55,240 INFO ncaa_identity: contest_id=889193 teams 1203/2399 matched, players 3388/6795 matched
2026-08-24 00:11:56,592 INFO ncaa_identity: contest_id=889209 teams 2686/2686 matched, players 6997/7528 matched
2026-08-24 00:11:58,985 INFO ncaa_identity: contest_id=889243 teams 1961/1961 matched, players 5217/5520 matched
2026-08-24 00:12:04,778 INFO ncaa_identity: contest_id=889450 teams 2594/2594 matched, players 6861/7324 matched
2026-08-24 00:12:19,666 INFO ncaa_identity: contest_id=889759 teams 2499/2499 matched, players 6439/7061 matched
2026-08-24 00:12:21,477 INFO ncaa_identity: contest_id=889800 teams 1165/2308 matched, players 2972/6515 matched
2026-08-24 00:12:23,098 INFO ncaa_identity: contest_id=889831 teams 2384/2384 matched, players 6602/6709 matched
2026-08-24 00:12:28,668 INFO ncaa_identity: contest_id=889968 teams 2383/2383 matched, players 6543/6755 matched
2026-08-24 00:12:30,159 INFO ncaa_identity: contest_id=889982 teams 2118/2118 matched, players 5630/5989 matched
2026-08-24 00:12:34,133 INFO ncaa_identity: contest_id=890098 teams 1998/1998 matched, players 5397/5577 matched
2026-08-24 00:12:35,380 INFO ncaa_identity: contest_id=890142 teams 2273/2273 matched, players 6164/6406 matched
2026-08-24 00:12:36,739 INFO ncaa_identity: contest_id=890189 teams 1950/1950 matched, players 743/749 matched
2026-08-24 00:12:45,140 INFO ncaa_identity: contest_id=890409 teams 2068/2068 matched, players 5737/5779 matched
2026-08-24 00:12:49,493 INFO ncaa_identity: contest_id=890504 teams 2536/2536 matched, players 6790/7154 matched
2026-08-24 00:12:51,834 INFO ncaa_identity: contest_id=890526 teams 2689/2689 matched, players 7490/7625 matched
2026-08-24 00:12:59,380 INFO ncaa_identity: contest_id=890595 teams 2664/2664 matched, players 6845/7519 matched
2026-08-24 00:13:10,073 INFO ncaa_identity: contest_id=890660 teams 1195/2356 matched, players 3307/6605 matched
2026-08-24 00:13:13,613 INFO ncaa_identity: contest_id=890679 teams 2242/2242 matched, players 5428/6327 matched
2026-08-24 00:13:31,600 INFO ncaa_identity: contest_id=890938 teams 2352/2352 matched, players 6376/6648 matched
2026-08-24 00:13:39,216 INFO ncaa_identity: contest_id=891049 teams 2100/2100 matched, players 5448/5946 matched
2026-08-24 00:13:44,929 INFO ncaa_identity: contest_id=891129 teams 2558/2558 matched, players 6863/7250 matched
2026-08-24 00:13:48,209 INFO ncaa_identity: contest_id=891229 teams 1364/2636 matched, players 3605/7431 matched
2026-08-24 00:13:52,568 WARNING ncaa_parse: family=lineups contest_id=891421 team=Sam Houston SKIPPED (1 parse error(s)): Duplicate players after widening: LatishaMorgan <- ['Morgan, LaTisha', 'Morgan, LaTisha'] (roster of 13)
2026-08-24 00:13:53,313 WARNING ncaa_parse: family=shots contest_id=891421 team=Sam Houston SKIPPED (1 parse error(s)): Duplicate players after widening: LatishaMorgan <- ['Morgan, LaTisha', 'Morgan, LaTisha'] (roster of 13)
2026-08-24 00:13:53,400 INFO ncaa_identity: contest_id=891421 teams 2278/2278 matched, players 6141/6417 matched
2026-08-24 00:14:00,491 INFO ncaa_identity: contest_id=891589 teams 2553/2553 matched, players 6685/7190 matched
2026-08-24 00:14:07,014 INFO ncaa_identity: contest_id=891698 teams 2385/2385 matched, players 6224/6726 matched
2026-08-24 00:14:08,355 INFO ncaa_identity: contest_id=891711 teams 2466/2466 matched, players 6797/6949 matched
2026-08-24 00:14:09,885 INFO ncaa_identity: contest_id=891725 teams 2234/2234 matched, players 5762/6225 matched
2026-08-24 00:14:12,611 INFO ncaa_identity: contest_id=891762 teams 2173/2173 matched, players 5914/6126 matched
2026-08-24 00:14:13,919 INFO ncaa_identity: contest_id=891776 teams 2818/2818 matched, players 7674/7971 matched
2026-08-24 00:14:15,579 INFO ncaa_identity: contest_id=891811 teams 1252/2475 matched, players 3552/6986 matched
2026-08-24 00:14:16,775 INFO ncaa_identity: contest_id=891887 teams 2455/2455 matched, players 6709/6916 matched
2026-08-24 00:14:19,165 INFO ncaa_identity: contest_id=891953 teams 2349/2349 matched, players 6207/6648 matched
2026-08-24 00:14:22,715 INFO ncaa_identity: contest_id=892042 teams 2095/2095 matched, players 5825/5888 matched
2026-08-24 00:14:24,839 INFO ncaa_identity: contest_id=892064 teams 2319/2319 matched, players 5602/6530 matched
2026-08-24 00:14:30,394 INFO ncaa_identity: contest_id=892180 teams 2266/2266 matched, players 6334/6383 matched
2026-08-24 00:14:32,991 INFO ncaa_identity: contest_id=892258 teams 2158/2158 matched, players 5597/6091 matched
2026-08-24 00:14:37,831 INFO ncaa_identity: contest_id=892350 teams 2307/2307 matched, players 6022/6502 matched
2026-08-24 00:14:40,557 INFO ncaa_identity: contest_id=892385 teams 2616/2616 matched, players 7209/7421 matched
2026-08-24 00:14:42,467 INFO ncaa_identity: contest_id=892401 teams 1419/2784 matched, players 3918/7875 matched
2026-08-24 00:14:46,641 INFO ncaa_identity: contest_id=892460 teams 1993/1993 matched, players 4889/5611 matched
2026-08-24 00:14:50,791 INFO ncaa_identity: contest_id=892533 teams 2250/2250 matched, players 6294/6354 matched
2026-08-24 00:14:52,034 INFO ncaa_identity: contest_id=892546 teams 1946/1946 matched, players 5364/5441 matched
2026-08-24 00:14:57,707 INFO ncaa_identity: contest_id=892601 teams 2023/2023 matched, players 5020/5715 matched
2026-08-24 00:15:08,452 INFO ncaa_identity: contest_id=892771 teams 2357/2357 matched, players 6622/6653 matched
2026-08-24 00:15:13,399 INFO ncaa_identity: contest_id=892856 teams 2689/2689 matched, players 7283/7638 matched
2026-08-24 00:15:20,258 INFO ncaa_identity: contest_id=892942 teams 2265/2265 matched, players 6241/6346 matched
2026-08-24 00:15:22,921 INFO ncaa_identity: contest_id=892966 teams 2234/2234 matched, players 5866/6282 matched
2026-08-24 00:15:24,167 INFO ncaa_identity: contest_id=892979 teams 2073/2073 matched, players 5631/5855 matched
2026-08-24 00:15:25,729 INFO ncaa_identity: contest_id=892994 teams 2602/2602 matched, players 6712/7338 matched
2026-08-24 00:15:29,456 INFO ncaa_identity: contest_id=893051 teams 1143/2305 matched, players 3272/6490 matched
2026-08-24 00:15:33,653 INFO ncaa_identity: contest_id=893096 teams 2246/2246 matched, players 5618/6334 matched
2026-08-24 00:15:39,155 INFO ncaa_identity: contest_id=893136 teams 2352/2352 matched, players 6266/6612 matched
2026-08-24 00:15:40,559 INFO ncaa_identity: contest_id=893146 teams 2887/2887 matched, players 8006/8150 matched
2026-08-24 00:15:42,553 WARNING ncaa_parse: family=lineups contest_id=893166 team=Houston produced NO good stints (18 bad, roster=10) -- parsed successfully but contributed nothing
2026-08-24 00:15:43,054 WARNING ncaa_parse: family=lineups contest_id=893166 team=UTEP produced NO good stints (28 bad, roster=9) -- parsed successfully but contributed nothing
2026-08-24 00:15:45,412 INFO ncaa_identity: contest_id=893188 teams 1940/1940 matched, players 4972/5468 matched
2026-08-24 00:15:48,461 INFO ncaa_identity: contest_id=893235 teams 1957/1957 matched, players 5363/5512 matched
2026-08-24 00:15:51,177 INFO ncaa_identity: contest_id=893276 teams 2085/2085 matched, players 5403/5845 matched
2026-08-24 00:15:59,105 INFO ncaa_identity: contest_id=893365 teams 2156/2156 matched, players 6040/6073 matched
2026-08-24 00:16:05,060 INFO ncaa_identity: contest_id=893411 teams 2618/2618 matched, players 7294/7368 matched
2026-08-24 00:16:12,050 INFO ncaa_identity: contest_id=893468 teams 2256/2256 matched, players 5774/6385 matched
2026-08-24 00:16:14,591 INFO ncaa_identity: contest_id=805028 teams 2336/2336 matched, players 6503/6560 matched
2026-08-24 00:16:16,486 INFO ncaa_identity: contest_id=805038 teams 1316/2525 matched, players 3659/7150 matched
2026-08-24 00:16:24,275 INFO ncaa_identity: contest_id=805085 teams 2390/2390 matched, players 6426/6704 matched
2026-08-24 00:16:25,538 INFO ncaa_identity: contest_id=805098 teams 2078/2078 matched, players 5495/5857 matched
2026-08-24 00:16:27,015 INFO ncaa_identity: contest_id=805109 teams 2663/2663 matched, players 6950/7510 matched
2026-08-24 00:16:28,442 INFO ncaa_identity: contest_id=805120 teams 2418/2418 matched, players 5399/6804 matched
2026-08-24 00:16:29,760 INFO ncaa_identity: contest_id=805135 teams 1008/1991 matched, players 2389/5590 matched
2026-08-24 00:16:31,035 INFO ncaa_identity: contest_id=805156 teams 1361/2678 matched, players 3522/7507 matched
2026-08-24 00:16:36,713 INFO ncaa_identity: contest_id=805232 teams 2201/2201 matched, players 5991/6156 matched
2026-08-24 00:16:41,190 INFO ncaa_identity: contest_id=805338 teams 2098/2098 matched, players 5347/5866 matched
2026-08-24 00:16:42,653 INFO ncaa_identity: contest_id=805348 teams 2480/2480 matched, players 6921/6972 matched
2026-08-24 00:16:45,891 INFO ncaa_identity: contest_id=805374 teams 3111/3111 matched, players 8561/8815 matched
2026-08-24 00:16:49,130 INFO ncaa_identity: contest_id=805399 teams 1489/2925 matched, players 4104/8253 matched
2026-08-24 00:16:50,344 INFO ncaa_identity: contest_id=805411 teams 2524/2524 matched, players 6998/7110 matched
2026-08-24 00:16:51,684 INFO ncaa_identity: contest_id=805433 teams 2694/2694 matched, players 6473/7605 matched
2026-08-24 00:16:57,334 INFO ncaa_identity: contest_id=805510 teams 2671/2671 matched, players 7102/7529 matched
2026-08-24 00:16:58,758 INFO ncaa_identity: contest_id=805537 teams 2775/2775 matched, players 7406/7836 matched
2026-08-24 00:17:00,597 INFO ncaa_identity: contest_id=805581 teams 1581/3176 matched, players 4084/8977 matched
2026-08-24 00:17:01,826 INFO ncaa_identity: contest_id=805719 teams 1275/2551 matched, players 3377/7224 matched
2026-08-24 00:17:03,159 INFO ncaa_identity: contest_id=805732 teams 1994/1994 matched, players 5588/5619 matched
2026-08-24 00:17:10,393 INFO ncaa_identity: contest_id=805840 teams 2699/2699 matched, players 7545/7614 matched
2026-08-24 00:17:11,582 INFO ncaa_identity: contest_id=805852 teams 2613/2613 matched, players 7140/7409 matched
2026-08-24 00:17:14,278 INFO ncaa_identity: contest_id=805889 teams 1185/2383 matched, players 2859/6758 matched
2026-08-24 00:17:16,040 INFO ncaa_identity: contest_id=805910 teams 2390/2390 matched, players 6609/6724 matched
2026-08-24 00:17:18,667 INFO ncaa_identity: contest_id=805962 teams 1501/1501 matched, players 386/401 matched
2026-08-24 00:17:21,411 INFO ncaa_identity: contest_id=806037 teams 2367/2367 matched, players 6201/6659 matched
2026-08-24 00:17:25,064 INFO ncaa_identity: contest_id=806195 teams 2193/2193 matched, players 6010/6170 matched
2026-08-24 00:17:27,577 INFO ncaa_identity: contest_id=806242 teams 2698/2698 matched, players 7124/7649 matched
2026-08-24 00:17:32,529 INFO ncaa_identity: contest_id=806547 teams 2493/2493 matched, players 7029/7063 matched
2026-08-24 00:17:35,487 INFO ncaa_identity: contest_id=806576 teams 2919/2919 matched, players 7849/8251 matched
2026-08-24 00:17:39,279 INFO ncaa_identity: contest_id=806658 teams 2388/2388 matched, players 6591/6698 matched
2026-08-24 00:17:40,760 INFO ncaa_identity: contest_id=806669 teams 1243/2403 matched, players 3380/6802 matched
2026-08-24 00:17:43,244 INFO ncaa_identity: contest_id=806732 teams 2113/2113 matched, players 5641/5932 matched
2026-08-24 00:17:44,646 INFO ncaa_identity: contest_id=806766 teams 2692/2692 matched, players 7246/7555 matched
2026-08-24 00:17:47,644 INFO ncaa_identity: contest_id=806816 teams 1571/3042 matched, players 4361/8613 matched
2026-08-24 00:17:48,869 INFO ncaa_identity: contest_id=806840 teams 2369/2369 matched, players 5780/6647 matched
2026-08-24 00:17:50,196 INFO ncaa_identity: contest_id=806922 teams 1175/2297 matched, players 3278/6473 matched
2026-08-24 00:17:51,397 INFO ncaa_identity: contest_id=806996 teams 1059/2137 matched, players 2787/5993 matched
2026-08-24 00:17:52,688 INFO ncaa_identity: contest_id=807009 teams 2679/2679 matched, players 7344/7536 matched
2026-08-24 00:17:55,533 INFO ncaa_identity: contest_id=807056 teams 2914/2914 matched, players 8027/8256 matched
2026-08-24 00:17:56,995 INFO ncaa_identity: contest_id=807074 teams 2177/2177 matched, players 5443/6125 matched
2026-08-24 00:17:58,505 INFO ncaa_identity: contest_id=807088 teams 2949/2949 matched, players 7880/8291 matched
2026-08-24 00:18:00,120 INFO ncaa_identity: contest_id=807100 teams 1223/2477 matched, players 3050/6899 matched
2026-08-24 00:18:01,308 INFO ncaa_identity: contest_id=807116 teams 2591/2591 matched, players 6933/7284 matched
2026-08-24 00:18:06,834 INFO ncaa_identity: contest_id=807191 teams 2701/2701 matched, players 7456/7588 matched
2026-08-24 00:18:11,933 INFO ncaa_identity: contest_id=807273 teams 2015/2015 matched, players 5577/5662 matched
2026-08-24 00:18:13,281 INFO ncaa_identity: contest_id=807291 teams 1158/2307 matched, players 3221/6515 matched
2026-08-24 00:18:14,341 INFO ncaa_identity: contest_id=807312 teams 2063/2063 matched, players 5430/5768 matched
2026-08-24 00:18:18,543 INFO ncaa_identity: contest_id=807423 teams 2567/2567 matched, players 6942/7269 matched
2026-08-24 00:18:20,009 INFO ncaa_identity: contest_id=807448 teams 2187/2187 matched, players 5519/6124 matched
2026-08-24 00:18:21,089 INFO ncaa_identity: contest_id=807467 teams 2090/2090 matched, players 5351/5869 matched
2026-08-24 00:18:22,593 INFO ncaa_identity: contest_id=807485 teams 1348/2659 matched, players 3703/7491 matched
2026-08-24 00:18:24,932 INFO ncaa_identity: contest_id=807527 teams 2286/2286 matched, players 6115/6437 matched
2026-08-24 00:18:26,697 INFO ncaa_identity: contest_id=807541 teams 2535/2535 matched, players 6559/7149 matched
2026-08-24 00:18:31,792 INFO ncaa_identity: contest_id=807671 teams 985/1954 matched, players 387/722 matched
2026-08-24 00:18:36,792 INFO ncaa_identity: contest_id=807769 teams 3042/3042 matched, players 7968/8537 matched
2026-08-24 00:18:39,912 INFO ncaa_identity: contest_id=807863 teams 2579/2579 matched, players 7042/7251 matched
2026-08-24 00:18:49,646 INFO ncaa_identity: contest_id=808072 teams 2785/2785 matched, players 7440/7832 matched
2026-08-24 00:18:50,841 INFO ncaa_identity: contest_id=808089 teams 2421/2421 matched, players 6581/6824 matched
2026-08-24 00:18:52,531 INFO ncaa_identity: contest_id=808136 teams 1547/3013 matched, players 4348/8548 matched
2026-08-24 00:18:58,223 INFO ncaa_identity: contest_id=808280 teams 2401/2401 matched, players 6706/6740 matched
2026-08-24 00:19:02,781 INFO ncaa_identity: contest_id=808397 teams 2965/2965 matched, players 7665/8364 matched
2026-08-24 00:19:03,876 INFO ncaa_identity: contest_id=808418 teams 1982/1982 matched, players 739/741 matched
2026-08-24 00:19:05,084 INFO ncaa_identity: contest_id=808437 teams 1302/2499 matched, players 3336/7003 matched
2026-08-24 00:19:06,453 INFO ncaa_identity: contest_id=808560 teams 1289/2587 matched, players 3606/7308 matched
2026-08-24 00:19:07,834 INFO ncaa_identity: contest_id=808596 teams 2350/2350 matched, players 6330/6621 matched
2026-08-24 00:19:09,449 INFO ncaa_identity: contest_id=808650 teams 2463/2463 matched, players 6694/6913 matched
2026-08-24 00:19:16,761 INFO ncaa_identity: contest_id=808748 teams 1915/1915 matched, players 4983/5402 matched
2026-08-24 00:19:18,270 INFO ncaa_identity: contest_id=808764 teams 2731/2731 matched, players 7339/7779 matched
2026-08-24 00:19:20,606 INFO ncaa_identity: contest_id=808828 teams 2084/2084 matched, players 5376/5840 matched
2026-08-24 00:19:23,313 INFO ncaa_identity: contest_id=808940 teams 2494/2494 matched, players 6726/7020 matched
2026-08-24 00:19:28,692 INFO ncaa_identity: contest_id=809091 teams 2119/2119 matched, players 5622/5986 matched
2026-08-24 00:19:32,884 INFO ncaa_identity: contest_id=809166 teams 2496/2496 matched, players 6936/7029 matched
2026-08-24 00:19:44,991 INFO ncaa_identity: contest_id=809590 teams 2585/2585 matched, players 6882/7284 matched
2026-08-24 00:19:46,401 INFO ncaa_identity: contest_id=809603 teams 2544/2544 matched, players 6850/7149 matched
2026-08-24 00:19:47,698 INFO ncaa_identity: contest_id=809613 teams 2775/2775 matched, players 7601/7838 matched
2026-08-24 00:19:50,552 INFO ncaa_identity: contest_id=809635 teams 2321/2321 matched, players 6401/6529 matched
2026-08-24 00:19:53,699 INFO ncaa_identity: contest_id=809693 teams 1194/2467 matched, players 3437/6980 matched
2026-08-24 00:19:55,139 INFO ncaa_identity: contest_id=809720 teams 2349/2349 matched, players 6045/6546 matched
2026-08-24 00:19:56,569 INFO ncaa_identity: contest_id=809769 teams 2184/2184 matched, players 6093/6151 matched
2026-08-24 00:19:57,725 INFO ncaa_identity: contest_id=809787 teams 2501/2501 matched, players 6949/7028 matched
2026-08-24 00:19:58,909 INFO ncaa_identity: contest_id=809816 teams 2404/2404 matched, players 6669/6794 matched
2026-08-24 00:20:01,840 INFO ncaa_identity: contest_id=809868 teams 2598/2598 matched, players 6946/7302 matched
2026-08-24 00:20:03,387 INFO ncaa_identity: contest_id=809884 teams 2509/2509 matched, players 6898/7072 matched
2026-08-24 00:20:04,543 INFO ncaa_identity: contest_id=809955 teams 2625/2625 matched, players 7354/7437 matched
2026-08-24 00:20:05,665 INFO ncaa_identity: contest_id=809979 teams 2779/2779 matched, players 7424/7847 matched
2026-08-24 00:20:07,001 INFO ncaa_identity: contest_id=810002 teams 2208/2208 matched, players 5921/6235 matched
2026-08-24 00:20:09,348 INFO ncaa_identity: contest_id=810128 teams 2328/2328 matched, players 5852/6566 matched
2026-08-24 00:20:10,419 INFO ncaa_identity: contest_id=810148 teams 1887/1887 matched, players 5044/5328 matched
2026-08-24 00:20:16,170 INFO ncaa_identity: contest_id=810198 teams 2948/2948 matched, players 7520/8365 matched
2026-08-24 00:20:17,826 INFO ncaa_identity: contest_id=810236 teams 2472/2472 matched, players 6609/6961 matched
2026-08-24 00:20:19,976 INFO ncaa_identity: contest_id=810274 teams 923/1883 matched, players 2633/5270 matched
2026-08-24 00:20:21,527 INFO ncaa_identity: contest_id=810286 teams 2260/2260 matched, players 5942/6360 matched
2026-08-24 00:20:24,939 INFO ncaa_identity: contest_id=810334 teams 1757/3865 matched, players 4642/11077 matched
2026-08-24 00:20:26,131 INFO ncaa_identity: contest_id=810371 teams 2647/2647 matched, players 7173/7466 matched
2026-08-24 00:20:27,595 INFO ncaa_identity: contest_id=810386 teams 2228/2228 matched, players 5850/6307 matched
2026-08-24 00:20:34,043 INFO ncaa_identity: contest_id=810451 teams 3312/3312 matched, players 9152/9344 matched
2026-08-24 00:20:36,625 INFO ncaa_identity: contest_id=810481 teams 2431/2431 matched, players 6084/6869 matched
2026-08-24 00:20:41,300 INFO ncaa_identity: contest_id=810512 teams 2606/2606 matched, players 7302/7317 matched
2026-08-24 00:20:43,588 INFO ncaa_identity: contest_id=810536 teams 2308/2308 matched, players 6396/6493 matched
2026-08-24 00:20:45,040 INFO ncaa_identity: contest_id=810556 teams 1120/2314 matched, players 2899/6536 matched
2026-08-24 00:20:46,045 INFO ncaa_identity: contest_id=810566 teams 2011/2011 matched, players 5493/5614 matched
2026-08-24 00:20:48,966 INFO ncaa_identity: contest_id=810587 teams 2046/2046 matched, players 5191/5781 matched
2026-08-24 00:20:50,249 INFO ncaa_identity: contest_id=810598 teams 2550/2550 matched, players 6589/7190 matched
2026-08-24 00:20:51,819 INFO ncaa_identity: contest_id=810618 teams 2468/2468 matched, players 6366/6954 matched
2026-08-24 00:20:54,551 INFO ncaa_identity: contest_id=810641 teams 2421/2421 matched, players 6404/6783 matched
2026-08-24 00:20:55,851 INFO ncaa_identity: contest_id=810652 teams 2303/2303 matched, players 6317/6518 matched
2026-08-24 00:20:57,190 INFO ncaa_identity: contest_id=810663 teams 2280/2280 matched, players 6415/6449 matched
2026-08-24 00:20:58,722 INFO ncaa_identity: contest_id=810683 teams 1083/2195 matched, players 2695/6146 matched
2026-08-24 00:21:07,041 INFO ncaa_identity: contest_id=810777 teams 2714/2714 matched, players 7272/7578 matched
2026-08-24 00:21:09,947 INFO ncaa_identity: contest_id=810843 teams 3008/3008 matched, players 7976/8500 matched
2026-08-24 00:21:12,906 INFO ncaa_identity: contest_id=810902 teams 2424/2424 matched, players 6196/6847 matched
2026-08-24 00:21:14,058 INFO ncaa_identity: contest_id=810920 teams 2568/2568 matched, players 6626/7243 matched
2026-08-24 00:21:15,505 INFO ncaa_identity: contest_id=810935 teams 2200/2200 matched, players 5278/6239 matched
2026-08-24 00:21:16,888 INFO ncaa_identity: contest_id=810994 teams 1104/2218 matched, players 3157/6229 matched
2026-08-24 00:21:18,411 INFO ncaa_identity: contest_id=811030 teams 2356/2356 matched, players 6564/6654 matched
2026-08-24 00:21:29,117 INFO ncaa_identity: contest_id=811222 teams 1458/2801 matched, players 4013/7930 matched
2026-08-24 00:21:30,474 INFO ncaa_identity: contest_id=811241 teams 2421/2421 matched, players 5723/6757 matched
2026-08-24 00:21:33,191 INFO ncaa_identity: contest_id=811272 teams 2269/2269 matched, players 6091/6360 matched
2026-08-24 00:21:34,502 INFO ncaa_identity: contest_id=811283 teams 2604/2604 matched, players 7178/7338 matched
2026-08-24 00:21:37,142 INFO ncaa_identity: contest_id=811330 teams 1226/2493 matched, players 3536/7034 matched
2026-08-24 00:21:39,974 INFO ncaa_identity: contest_id=811396 teams 1138/2192 matched, players 2680/6157 matched
2026-08-24 00:21:41,229 INFO ncaa_identity: contest_id=811443 teams 1145/2284 matched, players 3262/6420 matched
2026-08-24 00:21:48,377 INFO ncaa_identity: contest_id=811645 teams 2399/2399 matched, players 6663/6736 matched
2026-08-24 00:21:50,973 INFO ncaa_identity: contest_id=811681 teams 2603/2603 matched, players 6699/7369 matched
2026-08-24 00:21:52,500 INFO ncaa_identity: contest_id=811703 teams 2842/2842 matched, players 7547/8035 matched
2026-08-24 00:21:53,682 INFO ncaa_identity: contest_id=811716 teams 2247/2247 matched, players 6074/6306 matched
2026-08-24 00:21:56,447 INFO ncaa_identity: contest_id=811810 teams 2383/2383 matched, players 6245/6718 matched
2026-08-24 00:22:04,786 INFO ncaa_identity: contest_id=812049 teams 2120/2120 matched, players 5815/5985 matched
2026-08-24 00:22:06,234 INFO ncaa_identity: contest_id=812073 teams 1279/2511 matched, players 3580/7120 matched
2026-08-24 00:22:08,470 INFO ncaa_identity: contest_id=812113 teams 2349/2349 matched, players 6016/6613 matched
2026-08-24 00:22:10,977 INFO ncaa_identity: contest_id=812252 teams 2416/2416 matched, players 6319/6742 matched
2026-08-24 00:22:12,550 INFO ncaa_identity: contest_id=812314 teams 2483/2483 matched, players 6917/6964 matched
2026-08-24 00:22:14,094 INFO ncaa_identity: contest_id=812330 teams 2826/2826 matched, players 7569/7976 matched
2026-08-24 00:22:20,591 INFO ncaa_identity: contest_id=812425 teams 2753/2753 matched, players 7713/7771 matched
2026-08-24 00:22:22,365 INFO ncaa_identity: contest_id=812449 teams 3324/3324 matched, players 8761/9388 matched
2026-08-24 00:22:28,555 INFO ncaa_identity: contest_id=812678 teams 2468/2468 matched, players 6422/6919 matched
2026-08-24 00:22:32,300 INFO ncaa_identity: contest_id=812787 teams 2231/2231 matched, players 6009/6279 matched
2026-08-24 00:22:33,624 INFO ncaa_identity: contest_id=812812 teams 2356/2356 matched, players 5851/6677 matched
2026-08-24 00:22:37,781 INFO ncaa_identity: contest_id=812927 teams 2615/2615 matched, players 7058/7373 matched
2026-08-24 00:22:39,583 INFO ncaa_identity: contest_id=813000 teams 2487/2487 matched, players 6176/7003 matched
2026-08-24 00:22:42,841 INFO ncaa_identity: contest_id=813054 teams 3448/3448 matched, players 8459/9810 matched
2026-08-24 00:22:48,075 INFO ncaa_identity: contest_id=813173 teams 2448/2448 matched, players 6642/6900 matched
2026-08-24 00:22:50,991 INFO ncaa_identity: contest_id=813222 teams 2753/2753 matched, players 7293/7753 matched
2026-08-24 00:22:52,181 INFO ncaa_identity: contest_id=813236 teams 2417/2417 matched, players 6363/6835 matched
2026-08-24 00:23:05,355 INFO ncaa_identity: contest_id=813550 teams 1185/2432 matched, players 2938/6825 matched
2026-08-24 00:23:09,570 INFO ncaa_identity: contest_id=813706 teams 2441/2441 matched, players 6314/6891 matched
2026-08-24 00:23:10,921 INFO ncaa_identity: contest_id=813740 teams 2421/2421 matched, players 6372/6841 matched
2026-08-24 00:23:12,189 INFO ncaa_identity: contest_id=813774 teams 2412/2412 matched, players 6111/6825 matched
2026-08-24 00:23:15,978 INFO ncaa_identity: contest_id=813913 teams 2416/2416 matched, players 6524/6767 matched
2026-08-24 00:23:19,200 INFO ncaa_identity: contest_id=813944 teams 2529/2529 matched, players 6734/7082 matched
2026-08-24 00:23:20,654 INFO ncaa_identity: contest_id=813962 teams 2242/2242 matched, players 5775/6295 matched
2026-08-24 00:23:21,780 INFO ncaa_identity: contest_id=813977 teams 1170/2455 matched, players 3388/6833 matched
2026-08-24 00:23:24,404 INFO ncaa_identity: contest_id=814072 teams 2248/2248 matched, players 5749/6337 matched
2026-08-24 00:23:25,630 INFO ncaa_identity: contest_id=814150 teams 2246/2246 matched, players 6221/6309 matched
2026-08-24 00:23:27,199 INFO ncaa_identity: contest_id=814181 teams 2291/2291 matched, players 6084/6470 matched
2026-08-24 00:23:28,890 INFO ncaa_identity: contest_id=814214 teams 2159/2159 matched, players 5524/6048 matched
2026-08-24 00:23:31,559 INFO ncaa_identity: contest_id=814279 teams 2017/2017 matched, players 5140/5672 matched
2026-08-24 00:23:39,878 INFO ncaa_identity: contest_id=814511 teams 2495/2495 matched, players 5455/7025 matched
2026-08-24 00:23:41,135 INFO ncaa_identity: contest_id=814567 teams 2547/2547 matched, players 6872/7226 matched
2026-08-24 00:23:45,089 INFO ncaa_identity: contest_id=814602 teams 2469/2469 matched, players 6716/6942 matched
2026-08-24 00:23:46,530 INFO ncaa_identity: contest_id=814626 teams 2402/2402 matched, players 6465/6771 matched
2026-08-24 00:23:55,340 INFO ncaa_identity: contest_id=814847 teams 2538/2538 matched, players 6700/7171 matched
2026-08-24 00:23:58,508 INFO ncaa_identity: contest_id=814912 teams 2485/2485 matched, players 6706/7027 matched
2026-08-24 00:24:01,499 INFO ncaa_identity: contest_id=815002 teams 2641/2641 matched, players 7143/7418 matched
2026-08-24 00:24:07,014 INFO ncaa_identity: contest_id=815106 teams 1384/1384 matched, players 328/375 matched
2026-08-24 00:24:08,401 INFO ncaa_identity: contest_id=815149 teams 1957/1957 matched, players 4817/5494 matched
2026-08-24 00:24:11,243 INFO ncaa_identity: contest_id=815242 teams 3092/3092 matched, players 8194/8763 matched
2026-08-24 00:24:13,913 INFO ncaa_identity: contest_id=815290 teams 2911/2911 matched, players 7562/8216 matched
2026-08-24 00:24:15,417 INFO ncaa_identity: contest_id=815315 teams 2019/2019 matched, players 5296/5663 matched
2026-08-24 00:24:19,713 INFO ncaa_identity: contest_id=815400 teams 2311/2311 matched, players 5907/6492 matched
2026-08-24 00:24:21,130 INFO ncaa_identity: contest_id=815434 teams 2369/2369 matched, players 6510/6700 matched
2026-08-24 00:24:29,663 INFO ncaa_identity: contest_id=815693 teams 2546/2546 matched, players 6807/7162 matched
2026-08-24 00:24:38,042 INFO ncaa_identity: contest_id=815845 teams 2336/2336 matched, players 6377/6567 matched
2026-08-24 00:24:39,497 INFO ncaa_identity: contest_id=815908 teams 2083/2083 matched, players 5732/5871 matched
2026-08-24 00:24:41,333 INFO ncaa_identity: contest_id=815948 teams 2120/2120 matched, players 5758/5908 matched
2026-08-24 00:24:45,732 INFO ncaa_identity: contest_id=816092 teams 2272/2272 matched, players 6077/6430 matched
2026-08-24 00:24:47,033 INFO ncaa_identity: contest_id=816107 teams 1283/2446 matched, players 2770/6919 matched
2026-08-24 00:24:50,603 INFO ncaa_identity: contest_id=816137 teams 2365/2365 matched, players 6155/6638 matched
2026-08-24 00:24:56,776 INFO ncaa_identity: contest_id=816326 teams 1920/1920 matched, players 4400/5440 matched
2026-08-24 00:24:59,803 INFO ncaa_identity: contest_id=816370 teams 2540/2540 matched, players 6789/7129 matched
2026-08-24 00:25:01,286 INFO ncaa_identity: contest_id=816407 teams 2035/2035 matched, players 5485/5714 matched
2026-08-24 00:25:06,232 INFO ncaa_identity: contest_id=816478 teams 2110/2110 matched, players 5059/5921 matched
2026-08-24 00:25:07,670 INFO ncaa_identity: contest_id=816505 teams 2514/2514 matched, players 6423/7059 matched
2026-08-24 00:25:09,198 INFO ncaa_identity: contest_id=816531 teams 2315/2315 matched, players 6075/6467 matched
2026-08-24 00:25:10,811 INFO ncaa_identity: contest_id=816555 teams 2414/2414 matched, players 6604/6810 matched
2026-08-24 00:25:12,317 INFO ncaa_identity: contest_id=816569 teams 2287/2287 matched, players 6050/6468 matched
2026-08-24 00:25:20,069 INFO ncaa_identity: contest_id=816814 teams 2768/2768 matched, players 6602/7746 matched
2026-08-24 00:25:25,287 INFO ncaa_identity: contest_id=816852 teams 1437/2929 matched, players 3180/8265 matched
2026-08-24 00:25:30,033 INFO ncaa_identity: contest_id=817035 teams 1161/2393 matched, players 3315/6722 matched
2026-08-24 00:25:31,217 INFO ncaa_identity: contest_id=817074 teams 2175/2175 matched, players 6072/6124 matched
2026-08-24 00:25:35,461 INFO ncaa_identity: contest_id=817195 teams 2369/2369 matched, players 6396/6667 matched
2026-08-24 00:25:37,092 INFO ncaa_identity: contest_id=817207 teams 2335/2335 matched, players 6070/6611 matched
2026-08-24 00:25:41,024 INFO ncaa_identity: contest_id=817307 teams 2405/2405 matched, players 6608/6795 matched
2026-08-24 00:25:44,005 INFO ncaa_identity: contest_id=817406 teams 2505/2505 matched, players 7025/7043 matched
2026-08-24 00:25:45,425 INFO ncaa_identity: contest_id=817431 teams 2153/2153 matched, players 5937/6058 matched
2026-08-24 00:25:46,767 INFO ncaa_identity: contest_id=817459 teams 2198/2198 matched, players 5983/6199 matched
2026-08-24 00:25:49,591 INFO ncaa_identity: contest_id=817524 teams 2259/2259 matched, players 5805/6366 matched
2026-08-24 00:25:51,464 INFO ncaa_identity: contest_id=817544 teams 2757/2757 matched, players 7278/7817 matched
2026-08-24 00:25:56,177 INFO ncaa_identity: contest_id=817615 teams 2556/2556 matched, players 7111/7187 matched
2026-08-24 00:26:04,577 INFO ncaa_identity: contest_id=817856 teams 2302/2302 matched, players 6330/6502 matched
2026-08-24 00:26:07,299 INFO ncaa_identity: contest_id=817888 teams 2084/2084 matched, players 5433/5885 matched
2026-08-24 00:26:12,369 INFO ncaa_identity: contest_id=817972 teams 2110/2110 matched, players 5505/5923 matched
2026-08-24 00:26:16,740 INFO ncaa_identity: contest_id=818109 teams 1911/1911 matched, players 661/681 matched
2026-08-24 00:26:18,130 INFO ncaa_identity: contest_id=818144 teams 2088/2088 matched, players 5813/5853 matched
2026-08-24 00:26:22,065 INFO ncaa_identity: contest_id=818263 teams 705/1410 matched, players 176/373 matched
2026-08-24 00:26:30,787 INFO ncaa_identity: contest_id=818394 teams 2110/2110 matched, players 4825/5950 matched
2026-08-24 00:26:35,244 INFO ncaa_identity: contest_id=818516 teams 2361/2361 matched, players 6535/6674 matched
2026-08-24 00:26:38,084 INFO ncaa_identity: contest_id=818569 teams 2661/2661 matched, players 6803/7495 matched
2026-08-24 00:26:39,542 INFO ncaa_identity: contest_id=818589 teams 2147/2147 matched, players 5475/6077 matched
2026-08-24 00:26:41,405 INFO ncaa_identity: contest_id=818605 teams 2385/2385 matched, players 6335/6717 matched
2026-08-24 00:26:42,802 INFO ncaa_identity: contest_id=818631 teams 2088/2088 matched, players 5820/5905 matched
2026-08-24 00:26:50,829 INFO ncaa_identity: contest_id=818893 teams 2353/2353 matched, players 6385/6658 matched
2026-08-24 00:26:59,024 INFO ncaa_identity: contest_id=818970 teams 2732/2732 matched, players 7203/7708 matched
2026-08-24 00:27:05,465 INFO ncaa_identity: contest_id=819140 teams 2329/2329 matched, players 5565/6617 matched
2026-08-24 00:27:09,258 INFO ncaa_identity: contest_id=819231 teams 2892/2892 matched, players 8054/8237 matched
2026-08-24 00:27:10,988 INFO ncaa_identity: contest_id=819244 teams 2839/2839 matched, players 7750/8075 matched
2026-08-24 00:27:12,420 INFO ncaa_identity: contest_id=819258 teams 2295/2295 matched, players 5895/6424 matched
2026-08-24 00:27:15,358 INFO ncaa_identity: contest_id=819295 teams 2589/2589 matched, players 7115/7342 matched
2026-08-24 00:27:19,625 INFO ncaa_identity: contest_id=819435 teams 2164/2164 matched, players 5797/6084 matched
2026-08-24 00:27:22,272 INFO ncaa_identity: contest_id=819468 teams 2140/2140 matched, players 5500/6000 matched
2026-08-24 00:27:27,059 INFO ncaa_identity: contest_id=819510 teams 2703/2703 matched, players 7507/7646 matched
2026-08-24 00:27:31,475 INFO ncaa_identity: contest_id=819549 teams 1928/1928 matched, players 5330/5398 matched
2026-08-24 00:27:34,827 INFO ncaa_identity: contest_id=819650 teams 2348/2348 matched, players 6030/6637 matched
2026-08-24 00:27:42,362 INFO ncaa_identity: contest_id=819755 teams 2374/2374 matched, players 6287/6670 matched
2026-08-24 00:27:43,516 INFO ncaa_identity: contest_id=819765 teams 1136/2215 matched, players 3092/6257 matched
2026-08-24 00:27:47,249 INFO ncaa_identity: contest_id=819808 teams 2495/2495 matched, players 6451/7085 matched
2026-08-24 00:27:48,818 INFO ncaa_identity: contest_id=819843 teams 2335/2335 matched, players 6203/6590 matched
2026-08-24 00:27:51,478 INFO ncaa_identity: contest_id=819900 teams 2548/2548 matched, players 6754/7215 matched
2026-08-24 00:27:53,937 INFO ncaa_identity: contest_id=819921 teams 2090/2090 matched, players 5780/5892 matched
2026-08-24 00:28:00,618 INFO ncaa_identity: contest_id=820005 teams 2486/2486 matched, players 6714/6944 matched
2026-08-24 00:28:05,864 INFO ncaa_identity: contest_id=820103 teams 1344/2734 matched, players 3903/7731 matched
2026-08-24 00:28:14,074 INFO ncaa_identity: contest_id=820163 teams 2709/2709 matched, players 6974/7669 matched
2026-08-24 00:28:16,102 INFO ncaa_identity: contest_id=820210 teams 3104/3104 matched, players 7805/8755 matched
2026-08-24 00:28:21,506 INFO ncaa_identity: contest_id=820277 teams 2777/2777 matched, players 7176/7805 matched
2026-08-24 00:28:27,308 INFO ncaa_identity: contest_id=820323 teams 2684/2684 matched, players 6907/7542 matched
2026-08-24 00:28:31,033 INFO ncaa_identity: contest_id=820355 teams 2305/2305 matched, players 6284/6481 matched
2026-08-24 00:28:35,423 INFO ncaa_identity: contest_id=820390 teams 2738/2738 matched, players 6623/7719 matched
2026-08-24 00:28:38,759 INFO ncaa_identity: contest_id=820438 teams 2566/2566 matched, players 6680/7252 matched
2026-08-24 00:28:43,525 INFO ncaa_identity: contest_id=820500 teams 2296/2296 matched, players 5950/6465 matched
2026-08-24 00:28:45,059 INFO ncaa_identity: contest_id=820512 teams 2182/2182 matched, players 5631/6088 matched
2026-08-24 00:28:48,105 INFO ncaa_identity: contest_id=820545 teams 2920/2920 matched, players 7680/8244 matched
2026-08-24 00:28:49,617 INFO ncaa_identity: contest_id=820555 teams 2607/2607 matched, players 6814/7333 matched
2026-08-24 00:28:51,682 WARNING ncaa_parse: family=lineups contest_id=820581 team=Rutgers produced NO good stints (27 bad, roster=10) -- parsed successfully but contributed nothing
2026-08-24 00:28:52,188 WARNING ncaa_parse: family=lineups contest_id=820581 team=Gonzaga produced NO good stints (33 bad, roster=9) -- parsed successfully but contributed nothing
2026-08-24 00:28:57,601 INFO ncaa_identity: contest_id=820614 teams 2673/2673 matched, players 6878/7497 matched
2026-08-24 00:29:00,067 WARNING ncaa_parse: family=lineups contest_id=820634 team=Miami (FL) produced NO good stints (17 bad, roster=10) -- parsed successfully but contributed nothing
2026-08-24 00:29:00,482 WARNING ncaa_parse: family=lineups contest_id=820634 team=Gonzaga produced NO good stints (24 bad, roster=9) -- parsed successfully but contributed nothing
2026-08-24 00:29:01,402 WARNING ncaa_parse: family=lineups contest_id=820644 team=Duke produced NO good stints (15 bad, roster=8) -- parsed successfully but contributed nothing
2026-08-24 00:29:01,768 WARNING ncaa_parse: family=lineups contest_id=820644 team=Vanderbilt produced NO good stints (15 bad, roster=9) -- parsed successfully but contributed nothing
2026-08-24 00:29:07,064 INFO ncaa_identity: contest_id=820681 teams 2333/2333 matched, players 6096/6581 matched
2026-08-24 00:29:08,936 INFO ncaa_identity: contest_id=622586 teams 2413/2413 matched, players 6442/6776 matched
2026-08-24 00:29:13,709 INFO ncaa_identity: contest_id=622621 teams 2722/2722 matched, players 7278/7630 matched
2026-08-24 00:29:17,214 INFO ncaa_identity: contest_id=622643 teams 1409/2770 matched, players 3691/7786 matched
2026-08-24 00:29:18,496 INFO ncaa_identity: contest_id=622653 teams 2340/2340 matched, players 6441/6588 matched
2026-08-24 00:29:20,085 INFO ncaa_identity: contest_id=622663 teams 2316/2316 matched, players 5854/6504 matched
2026-08-24 00:29:21,372 INFO ncaa_identity: contest_id=622674 teams 2144/2144 matched, players 5776/6026 matched
2026-08-24 00:29:22,598 INFO ncaa_identity: contest_id=622685 teams 2301/2301 matched, players 5677/6467 matched
2026-08-24 00:29:25,626 INFO ncaa_identity: contest_id=622724 teams 1461/2924 matched, players 4201/8259 matched
2026-08-24 00:29:30,998 INFO ncaa_identity: contest_id=622801 teams 2348/2348 matched, players 6391/6634 matched
2026-08-24 00:29:32,354 INFO ncaa_identity: contest_id=622847 teams 2569/2569 matched, players 6540/7270 matched
2026-08-24 00:29:35,406 INFO ncaa_identity: contest_id=622901 teams 2279/2279 matched, players 5446/6407 matched
2026-08-24 00:29:36,868 INFO ncaa_identity: contest_id=622914 teams 2821/2821 matched, players 7772/7945 matched
2026-08-24 00:29:40,248 INFO ncaa_identity: contest_id=622940 teams 2485/2485 matched, players 6043/7024 matched
2026-08-24 00:29:43,303 INFO ncaa_identity: contest_id=622974 teams 2413/2413 matched, players 6442/6824 matched
2026-08-24 00:29:44,812 INFO ncaa_identity: contest_id=622986 teams 2670/2670 matched, players 7029/7545 matched
2026-08-24 00:29:47,952 INFO ncaa_identity: contest_id=623010 teams 0/2428 matched, players 0/6821 matched
2026-08-24 00:29:49,236 INFO ncaa_identity: contest_id=623033 teams 2141/2141 matched, players 5599/6031 matched
2026-08-24 00:29:52,408 INFO ncaa_identity: contest_id=623059 teams 2619/2619 matched, players 6847/7383 matched
2026-08-24 00:29:54,122 INFO ncaa_identity: contest_id=623089 teams 1432/2815 matched, players 3545/7941 matched
2026-08-24 00:30:00,445 INFO ncaa_identity: contest_id=623164 teams 1286/2557 matched, players 3655/7241 matched
2026-08-24 00:30:02,095 INFO ncaa_identity: contest_id=623187 teams 2202/2202 matched, players 5769/6242 matched
2026-08-24 00:30:03,549 INFO ncaa_identity: contest_id=623211 teams 2600/2600 matched, players 7199/7344 matched
2026-08-24 00:30:06,449 INFO ncaa_identity: contest_id=623264 teams 2643/2643 matched, players 6913/7489 matched
2026-08-24 00:30:14,014 INFO ncaa_identity: contest_id=623525 teams 1436/2917 matched, players 4101/8251 matched
2026-08-24 00:30:21,388 INFO ncaa_identity: contest_id=623653 teams 2766/2766 matched, players 7377/7749 matched
2026-08-24 00:30:22,799 INFO ncaa_identity: contest_id=623821 teams 1303/2564 matched, players 2806/7199 matched
2026-08-24 00:30:24,502 INFO ncaa_identity: contest_id=623881 teams 2697/2697 matched, players 6428/7635 matched
2026-08-24 00:30:25,855 INFO ncaa_identity: contest_id=623893 teams 1203/2321 matched, players 3320/6525 matched
2026-08-24 00:30:29,427 INFO ncaa_identity: contest_id=623914 teams 2573/2573 matched, players 7153/7215 matched
2026-08-24 00:30:32,357 INFO ncaa_identity: contest_id=623979 teams 2301/2301 matched, players 6135/6507 matched
2026-08-24 00:30:33,621 INFO ncaa_identity: contest_id=624005 teams 2554/2554 matched, players 6991/7201 matched
2026-08-24 00:30:36,821 INFO ncaa_identity: contest_id=624059 teams 1956/1956 matched, players 695/763 matched
2026-08-24 00:30:41,715 INFO ncaa_identity: contest_id=624146 teams 2615/2615 matched, players 7102/7376 matched
2026-08-24 00:30:43,192 INFO ncaa_identity: contest_id=624169 teams 2526/2526 matched, players 6946/7116 matched
2026-08-24 00:30:46,324 INFO ncaa_identity: contest_id=624318 teams 2421/2421 matched, players 6670/6838 matched
2026-08-24 00:30:47,556 INFO ncaa_identity: contest_id=624331 teams 2148/2148 matched, players 5868/6071 matched
2026-08-24 00:30:50,295 INFO ncaa_identity: contest_id=624357 teams 1158/2281 matched, players 3226/6411 matched
2026-08-24 00:30:53,569 INFO ncaa_identity: contest_id=624394 teams 2364/2364 matched, players 5640/6682 matched
2026-08-24 00:30:55,451 INFO ncaa_identity: contest_id=624407 teams 2544/2544 matched, players 6435/7168 matched
2026-08-24 00:30:57,297 INFO ncaa_identity: contest_id=624418 teams 2649/2649 matched, players 6952/7428 matched
2026-08-24 00:30:58,825 INFO ncaa_identity: contest_id=624430 teams 2489/2489 matched, players 6329/6999 matched
2026-08-24 00:31:00,637 INFO ncaa_identity: contest_id=624442 teams 2586/2586 matched, players 7233/7286 matched
2026-08-24 00:31:05,112 INFO ncaa_identity: contest_id=624517 teams 2470/2470 matched, players 6593/6925 matched
2026-08-24 00:31:06,414 INFO ncaa_identity: contest_id=624545 teams 2070/2070 matched, players 5348/5796 matched
2026-08-24 00:31:10,690 INFO ncaa_identity: contest_id=624612 teams 2594/2594 matched, players 6678/7305 matched
2026-08-24 00:31:14,454 INFO ncaa_identity: contest_id=624697 teams 2523/2523 matched, players 7076/7146 matched
2026-08-24 00:31:15,814 INFO ncaa_identity: contest_id=624719 teams 1972/1972 matched, players 5125/5507 matched
2026-08-24 00:31:17,281 INFO ncaa_identity: contest_id=624745 teams 2858/2858 matched, players 7746/8146 matched
2026-08-24 00:31:18,692 INFO ncaa_identity: contest_id=624766 teams 2010/2010 matched, players 5477/5660 matched
2026-08-24 00:31:20,221 INFO ncaa_identity: contest_id=624797 teams 2662/2662 matched, players 6812/7530 matched
2026-08-24 00:31:21,817 INFO ncaa_identity: contest_id=624816 teams 2326/2326 matched, players 6259/6598 matched
2026-08-24 00:31:23,004 INFO ncaa_identity: contest_id=624837 teams 1829/1829 matched, players 4396/5164 matched
2026-08-24 00:31:26,592 INFO ncaa_identity: contest_id=624879 teams 1200/2397 matched, players 3379/6757 matched
2026-08-24 00:31:29,575 INFO ncaa_identity: contest_id=624945 teams 2153/2153 matched, players 5844/6093 matched
2026-08-24 00:31:30,979 INFO ncaa_identity: contest_id=624993 teams 2319/2319 matched, players 6211/6498 matched
2026-08-24 00:31:32,528 INFO ncaa_identity: contest_id=625018 teams 2742/2742 matched, players 7522/7723 matched
2026-08-24 00:31:37,209 INFO ncaa_identity: contest_id=625149 teams 2756/2756 matched, players 7499/7796 matched
2026-08-24 00:31:38,570 INFO ncaa_identity: contest_id=625173 teams 2381/2381 matched, players 6378/6766 matched
2026-08-24 00:31:43,053 INFO ncaa_identity: contest_id=625236 teams 2470/2470 matched, players 6583/6994 matched
2026-08-24 00:31:46,328 INFO ncaa_identity: contest_id=625340 teams 2631/2631 matched, players 6847/7390 matched
2026-08-24 00:31:51,716 INFO ncaa_identity: contest_id=625452 teams 2883/2883 matched, players 7777/8136 matched
2026-08-24 00:31:55,191 INFO ncaa_identity: contest_id=625512 teams 2929/2929 matched, players 7697/8287 matched
2026-08-24 00:32:00,246 INFO ncaa_identity: contest_id=625603 teams 2528/2528 matched, players 6148/7123 matched
2026-08-24 00:32:01,563 INFO ncaa_identity: contest_id=625634 teams 2430/2430 matched, players 6327/6827 matched
2026-08-24 00:32:13,330 INFO ncaa_identity: contest_id=625951 teams 2405/2405 matched, players 6242/6810 matched
2026-08-24 00:32:18,865 INFO ncaa_identity: contest_id=625994 teams 3066/3066 matched, players 8274/8653 matched
2026-08-24 00:32:20,339 INFO ncaa_identity: contest_id=626026 teams 2608/2608 matched, players 7000/7355 matched
2026-08-24 00:32:27,179 INFO ncaa_identity: contest_id=626167 teams 3030/3030 matched, players 8041/8630 matched
2026-08-24 00:32:36,346 INFO ncaa_identity: contest_id=626323 teams 1323/2602 matched, players 3680/7326 matched
2026-08-24 00:32:38,028 INFO ncaa_identity: contest_id=626339 teams 1386/2768 matched, players 3855/7800 matched
2026-08-24 00:32:40,016 INFO ncaa_identity: contest_id=626419 teams 2837/2837 matched, players 7264/7989 matched
2026-08-24 00:32:41,157 INFO ncaa_identity: contest_id=626449 teams 2092/2092 matched, players 5483/5908 matched
2026-08-24 00:32:42,753 INFO ncaa_identity: contest_id=626496 teams 1237/2368 matched, players 3079/6629 matched
2026-08-24 00:32:45,182 INFO ncaa_identity: contest_id=626548 teams 2350/2350 matched, players 6350/6610 matched
2026-08-24 00:32:47,287 INFO ncaa_identity: contest_id=626626 teams 2503/2503 matched, players 6483/7039 matched
2026-08-24 00:32:56,887 INFO ncaa_identity: contest_id=626928 teams 2845/2845 matched, players 7806/8055 matched
2026-08-24 00:33:00,087 INFO ncaa_identity: contest_id=626951 teams 2621/2621 matched, players 6946/7408 matched
2026-08-24 00:33:01,407 INFO ncaa_identity: contest_id=626964 teams 2362/2362 matched, players 6057/6677 matched
2026-08-24 00:33:03,110 INFO ncaa_identity: contest_id=626984 teams 1246/2472 matched, players 3476/6954 matched
2026-08-24 00:33:06,298 INFO ncaa_identity: contest_id=627050 teams 2473/2473 matched, players 6848/6937 matched
2026-08-24 00:33:09,580 INFO ncaa_identity: contest_id=627139 teams 2451/2451 matched, players 5912/6905 matched
2026-08-24 00:33:12,676 INFO ncaa_identity: contest_id=627208 teams 1262/2472 matched, players 2932/6891 matched
2026-08-24 00:33:19,538 INFO ncaa_identity: contest_id=627413 teams 1323/2596 matched, players 3389/7344 matched
2026-08-24 00:33:27,618 INFO ncaa_identity: contest_id=627499 teams 2249/2249 matched, players 6277/6313 matched
2026-08-24 00:33:30,818 INFO ncaa_identity: contest_id=627547 teams 1979/1979 matched, players 4900/5582 matched
2026-08-24 00:33:40,193 INFO ncaa_identity: contest_id=627767 teams 2877/2877 matched, players 7493/8162 matched
2026-08-24 00:33:45,024 INFO ncaa_identity: contest_id=627852 teams 2646/2646 matched, players 6884/7459 matched
2026-08-24 00:33:46,466 INFO ncaa_identity: contest_id=627872 teams 2262/2262 matched, players 5397/6405 matched
2026-08-24 00:33:49,906 INFO ncaa_identity: contest_id=627896 teams 2769/2769 matched, players 6922/7803 matched
2026-08-24 00:33:52,733 INFO ncaa_identity: contest_id=627927 teams 1237/2433 matched, players 3411/6882 matched
2026-08-24 00:34:06,219 INFO ncaa_identity: contest_id=628024 teams 2500/2500 matched, players 6973/7087 matched
2026-08-24 00:34:11,159 INFO ncaa_identity: contest_id=628058 teams 2736/2736 matched, players 7261/7728 matched
2026-08-24 00:34:14,448 INFO ncaa_identity: contest_id=628085 teams 2345/2345 matched, players 6299/6652 matched
2026-08-24 00:34:26,908 INFO ncaa_identity: contest_id=628235 teams 2301/2301 matched, players 6360/6497 matched
2026-08-24 00:34:35,382 INFO ncaa_identity: contest_id=628379 teams 2903/2903 matched, players 7797/8207 matched
2026-08-24 00:34:38,656 INFO ncaa_identity: contest_id=628430 teams 2712/2712 matched, players 6555/7671 matched
2026-08-24 00:34:45,214 INFO ncaa_identity: contest_id=628543 teams 2525/2525 matched, players 6702/7124 matched
2026-08-24 00:34:47,964 INFO ncaa_identity: contest_id=628583 teams 2236/2236 matched, players 5878/6321 matched
2026-08-24 00:34:50,813 INFO ncaa_identity: contest_id=628660 teams 2320/2320 matched, players 6339/6499 matched
2026-08-24 00:34:55,648 INFO ncaa_identity: contest_id=628722 teams 2895/2895 matched, players 7577/8196 matched
2026-08-24 00:34:56,892 INFO ncaa_identity: contest_id=628777 teams 2414/2414 matched, players 6452/6778 matched
2026-08-24 00:35:00,386 INFO ncaa_identity: contest_id=628813 teams 2733/2733 matched, players 7080/7717 matched
2026-08-24 00:35:02,490 INFO ncaa_identity: contest_id=628837 teams 2709/2709 matched, players 6953/7638 matched
2026-08-24 00:35:03,993 INFO ncaa_identity: contest_id=628851 teams 2370/2370 matched, players 6127/6704 matched
2026-08-24 00:35:07,179 INFO ncaa_identity: contest_id=628933 teams 1085/2184 matched, players 3008/6075 matched
2026-08-24 00:35:08,822 INFO ncaa_identity: contest_id=628978 teams 2606/2606 matched, players 6311/7360 matched
2026-08-24 00:35:10,539 INFO ncaa_identity: contest_id=629006 teams 2384/2384 matched, players 5456/6727 matched
2026-08-24 00:35:13,310 INFO ncaa_identity: contest_id=629088 teams 2329/2329 matched, players 6330/6512 matched
2026-08-24 00:35:15,925 INFO ncaa_identity: contest_id=629159 teams 2849/2849 matched, players 7699/8068 matched
2026-08-24 00:35:17,798 INFO ncaa_identity: contest_id=629187 teams 2544/2544 matched, players 6235/7162 matched
2026-08-24 00:35:22,266 INFO ncaa_identity: contest_id=629270 teams 2169/2169 matched, players 5949/6096 matched
2026-08-24 00:35:25,252 INFO ncaa_identity: contest_id=629453 teams 2695/2695 matched, players 7546/7631 matched
2026-08-24 00:35:31,111 INFO ncaa_identity: contest_id=629502 teams 1994/1994 matched, players 5263/5612 matched
2026-08-24 00:35:32,433 INFO ncaa_identity: contest_id=629528 teams 2619/2619 matched, players 6476/7423 matched
2026-08-24 00:35:35,281 INFO ncaa_identity: contest_id=629571 teams 2175/2175 matched, players 6056/6096 matched
2026-08-24 00:35:36,908 INFO ncaa_identity: contest_id=629605 teams 1314/2565 matched, players 3725/7234 matched
2026-08-24 00:35:38,456 INFO ncaa_identity: contest_id=629649 teams 2287/2287 matched, players 6227/6387 matched
2026-08-24 00:35:40,890 INFO ncaa_identity: contest_id=629752 teams 2018/2018 matched, players 5227/5640 matched
2026-08-24 00:35:42,253 INFO ncaa_identity: contest_id=629808 teams 2383/2383 matched, players 6012/6691 matched
2026-08-24 00:35:48,444 INFO ncaa_identity: contest_id=629947 teams 1090/2238 matched, players 3071/6298 matched
2026-08-24 00:35:49,868 INFO ncaa_identity: contest_id=629965 teams 2874/2874 matched, players 7439/8152 matched
2026-08-24 00:35:56,161 INFO ncaa_identity: contest_id=630180 teams 2395/2395 matched, players 6431/6746 matched
2026-08-24 00:36:03,874 INFO ncaa_identity: contest_id=630328 teams 2279/2279 matched, players 6085/6397 matched
2026-08-24 00:36:06,580 INFO ncaa_identity: contest_id=630380 teams 2138/2138 matched, players 5906/6006 matched
2026-08-24 00:36:10,196 INFO ncaa_identity: contest_id=630493 teams 2938/2938 matched, players 7516/8259 matched
2026-08-24 00:36:17,785 INFO ncaa_identity: contest_id=630636 teams 2256/2256 matched, players 6096/6340 matched
2026-08-24 00:36:19,638 INFO ncaa_identity: contest_id=630655 teams 1123/2108 matched, players 2991/5934 matched
2026-08-24 00:36:21,976 INFO ncaa_identity: contest_id=630692 teams 1244/2454 matched, players 2991/6865 matched
2026-08-24 00:36:23,670 INFO ncaa_identity: contest_id=630721 teams 2466/2466 matched, players 5700/6896 matched
2026-08-24 00:36:25,200 INFO ncaa_identity: contest_id=630768 teams 2422/2422 matched, players 6746/6838 matched
2026-08-24 00:36:26,602 INFO ncaa_identity: contest_id=630847 teams 2334/2334 matched, players 6255/6570 matched
2026-08-24 00:36:33,677 INFO ncaa_identity: contest_id=631061 teams 2081/2081 matched, players 5407/5857 matched
2026-08-24 00:36:37,259 INFO ncaa_identity: contest_id=631092 teams 2265/2265 matched, players 5876/6325 matched
2026-08-24 00:36:38,981 INFO ncaa_identity: contest_id=631114 teams 2692/2692 matched, players 7188/7605 matched
2026-08-24 00:36:50,595 INFO ncaa_identity: contest_id=631382 teams 2061/2061 matched, players 5405/5792 matched
2026-08-24 00:36:52,165 INFO ncaa_identity: contest_id=631422 teams 1884/1884 matched, players 4895/5323 matched
2026-08-24 00:36:55,356 INFO ncaa_identity: contest_id=631487 teams 2066/2066 matched, players 5525/5814 matched
2026-08-24 00:37:00,131 INFO ncaa_identity: contest_id=631678 teams 1282/2562 matched, players 3049/7214 matched
2026-08-24 00:37:07,768 INFO ncaa_identity: contest_id=631747 teams 2029/2029 matched, players 5669/5709 matched
2026-08-24 00:37:09,659 INFO ncaa_identity: contest_id=631773 teams 2577/2577 matched, players 6560/7242 matched
2026-08-24 00:37:11,262 INFO ncaa_identity: contest_id=631801 teams 1259/2540 matched, players 2976/7153 matched
2026-08-24 00:37:12,609 INFO ncaa_identity: contest_id=631818 teams 1881/1881 matched, players 4872/5323 matched
2026-08-24 00:37:14,062 INFO ncaa_identity: contest_id=631877 teams 2027/2027 matched, players 717/719 matched
2026-08-24 00:37:15,361 INFO ncaa_identity: contest_id=631945 teams 2359/2359 matched, players 6325/6646 matched
2026-08-24 00:37:18,479 INFO ncaa_identity: contest_id=632037 teams 2000/2000 matched, players 5192/5625 matched
2026-08-24 00:37:19,782 INFO ncaa_identity: contest_id=632069 teams 927/1916 matched, players 2652/5375 matched
2026-08-24 00:37:27,246 INFO ncaa_identity: contest_id=632219 teams 2625/2625 matched, players 7030/7356 matched
2026-08-24 00:37:28,841 INFO ncaa_identity: contest_id=632230 teams 2712/2712 matched, players 7547/7654 matched
2026-08-24 00:37:31,700 INFO ncaa_identity: contest_id=632336 teams 2205/2205 matched, players 5868/6202 matched
2026-08-24 00:37:33,256 INFO ncaa_identity: contest_id=632390 teams 2013/2013 matched, players 5363/5658 matched
2026-08-24 00:37:35,112 INFO ncaa_identity: contest_id=632425 teams 2501/2501 matched, players 6980/7035 matched
2026-08-24 00:37:36,292 INFO ncaa_identity: contest_id=632466 teams 2003/2003 matched, players 5527/5641 matched
2026-08-24 00:37:40,588 INFO ncaa_identity: contest_id=632548 teams 1127/2212 matched, players 3067/6210 matched
2026-08-24 00:37:42,528 INFO ncaa_identity: contest_id=632585 teams 2756/2756 matched, players 7621/7801 matched
2026-08-24 00:37:56,291 INFO ncaa_identity: contest_id=632868 teams 2663/2663 matched, players 6475/7546 matched
2026-08-24 00:37:58,018 INFO ncaa_identity: contest_id=632900 teams 1268/2557 matched, players 3300/7206 matched
2026-08-24 00:38:00,600 INFO ncaa_identity: contest_id=632927 teams 2349/2349 matched, players 6269/6677 matched
2026-08-24 00:38:06,177 INFO ncaa_identity: contest_id=633135 teams 2348/2348 matched, players 6186/6621 matched
2026-08-24 00:38:13,636 INFO ncaa_identity: contest_id=633265 teams 2554/2554 matched, players 6811/7243 matched
2026-08-24 00:38:15,034 INFO ncaa_identity: contest_id=633280 teams 2293/2293 matched, players 5904/6479 matched
2026-08-24 00:38:16,447 INFO ncaa_identity: contest_id=633293 teams 2389/2389 matched, players 6453/6733 matched
2026-08-24 00:38:21,378 INFO ncaa_identity: contest_id=633489 teams 2023/2023 matched, players 5443/5685 matched
2026-08-24 00:38:28,621 INFO ncaa_identity: contest_id=633547 teams 2132/2132 matched, players 5831/6033 matched
2026-08-24 00:38:33,555 INFO ncaa_identity: contest_id=633577 teams 2547/2547 matched, players 6137/7169 matched
2026-08-24 00:38:38,225 INFO ncaa_identity: contest_id=633622 teams 1975/1975 matched, players 5530/5551 matched
2026-08-24 00:38:43,439 INFO ncaa_identity: contest_id=633638 teams 2176/2176 matched, players 5931/6156 matched
2026-08-24 00:38:48,192 INFO ncaa_identity: contest_id=633662 teams 2420/2420 matched, players 6335/6849 matched
2026-08-24 00:38:52,510 INFO ncaa_identity: contest_id=633701 teams 2300/2300 matched, players 6069/6485 matched
2026-08-24 00:38:55,953 INFO ncaa_identity: contest_id=633719 teams 2296/2296 matched, players 5882/6457 matched
2026-08-24 00:39:15,620 INFO ncaa_identity: contest_id=633945 teams 2280/2280 matched, players 6128/6461 matched
2026-08-24 00:39:29,470 INFO ncaa_identity: contest_id=633998 teams 1999/1999 matched, players 5385/5623 matched
2026-08-24 00:39:34,334 INFO ncaa_identity: contest_id=634013 teams 1129/2195 matched, players 2618/6171 matched
2026-08-24 00:39:38,867 INFO ncaa_identity: contest_id=634029 teams 2626/2626 matched, players 6208/7402 matched
2026-08-24 00:39:43,557 INFO ncaa_identity: contest_id=634069 teams 2131/2131 matched, players 5721/5991 matched
2026-08-24 00:39:48,029 INFO ncaa_identity: contest_id=634161 teams 1934/1934 matched, players 4641/5440 matched
2026-08-24 00:39:51,272 INFO ncaa_identity: contest_id=634212 teams 2293/2293 matched, players 5993/6462 matched
2026-08-24 00:39:51,743 INFO 5 starters not found for period 4; using estimate
2026-08-24 00:39:51,743 INFO 5 starters not found for period 4; using estimate
2026-08-24 00:39:57,118 INFO ncaa_identity: contest_id=634316 teams 3143/3143 matched, players 8252/8852 matched
2026-08-24 00:40:07,010 INFO ncaa_identity: contest_id=634350 teams 2644/2644 matched, players 7028/7503 matched
2026-08-24 00:40:20,724 INFO ncaa_identity: contest_id=634400 teams 2196/2196 matched, players 6125/6144 matched
2026-08-24 00:40:24,535 INFO ncaa_identity: contest_id=634415 teams 2262/2262 matched, players 6141/6418 matched
2026-08-24 00:40:33,303 INFO ncaa_identity: contest_id=634539 teams 1131/2272 matched, players 3188/6447 matched
2026-08-24 00:40:38,937 INFO ncaa_identity: contest_id=634588 teams 2271/2271 matched, players 5875/6375 matched
2026-08-24 00:40:44,991 INFO ncaa_identity: contest_id=634691 teams 1629/1629 matched, players 590/604 matched
2026-08-24 00:40:48,244 INFO ncaa_identity: contest_id=634740 teams 2394/2394 matched, players 6324/6722 matched
2026-08-24 00:40:57,749 INFO ncaa_identity: contest_id=634967 teams 1921/1921 matched, players 4943/5420 matched
2026-08-24 00:41:02,812 INFO ncaa_identity: contest_id=635044 teams 2468/2468 matched, players 5932/6926 matched
2026-08-24 00:41:10,473 INFO ncaa_identity: contest_id=635287 teams 1730/1730 matched, players 4260/4890 matched
2026-08-24 00:41:11,654 INFO ncaa_identity: contest_id=635383 teams 1581/1581 matched, players 437/480 matched
2026-08-24 00:41:13,464 INFO ncaa_identity: contest_id=635400 teams 2565/2565 matched, players 7134/7205 matched
2026-08-24 00:41:19,574 INFO ncaa_identity: contest_id=635443 teams 1586/3121 matched, players 4449/8830 matched
2026-08-24 00:41:22,656 INFO ncaa_identity: contest_id=635498 teams 1188/2271 matched, players 2824/6408 matched
2026-08-24 00:41:27,517 INFO ncaa_identity: contest_id=635638 teams 2451/2451 matched, players 5793/6895 matched
2026-08-24 00:41:28,946 INFO ncaa_identity: contest_id=635670 teams 1205/2452 matched, players 2954/6898 matched
2026-08-24 00:41:33,848 INFO ncaa_identity: contest_id=635761 teams 1175/2359 matched, players 3301/6675 matched
2026-08-24 00:41:35,641 INFO ncaa_identity: contest_id=635791 teams 1508/2955 matched, players 4190/8336 matched
2026-08-24 00:41:36,781 INFO ncaa_identity: contest_id=635815 teams 2343/2343 matched, players 6454/6649 matched
2026-08-24 00:41:40,894 INFO ncaa_identity: contest_id=635958 teams 2120/2120 matched, players 5547/5959 matched
2026-08-24 00:41:45,969 INFO ncaa_identity: contest_id=636067 teams 2341/2341 matched, players 6285/6589 matched
2026-08-24 00:41:47,604 INFO ncaa_identity: contest_id=636078 teams 2566/2566 matched, players 6819/7246 matched
2026-08-24 00:42:00,236 INFO ncaa_identity: contest_id=636277 teams 1107/2226 matched, players 2966/6263 matched
2026-08-24 00:42:07,536 INFO ncaa_identity: contest_id=636375 teams 2762/2762 matched, players 7686/7851 matched
2026-08-24 00:42:08,879 INFO ncaa_identity: contest_id=636390 teams 1934/1934 matched, players 5409/5435 matched
2026-08-24 00:42:10,648 INFO ncaa_identity: contest_id=636403 teams 2269/2269 matched, players 6075/6395 matched
2026-08-24 00:42:12,251 INFO ncaa_identity: contest_id=636419 teams 2513/2513 matched, players 6487/7055 matched
2026-08-24 00:42:21,427 INFO ncaa_identity: contest_id=636641 teams 1936/1936 matched, players 4551/5463 matched
2026-08-24 00:42:27,201 INFO ncaa_identity: contest_id=636709 teams 2216/2216 matched, players 5772/6213 matched
2026-08-24 00:42:28,688 INFO ncaa_identity: contest_id=636728 teams 1868/1868 matched, players 5177/5288 matched
2026-08-24 00:42:31,602 INFO ncaa_identity: contest_id=636877 teams 2447/2447 matched, players 6788/6872 matched
2026-08-24 00:42:35,837 INFO ncaa_identity: contest_id=636907 teams 2258/2258 matched, players 6138/6330 matched
2026-08-24 00:42:40,212 INFO ncaa_identity: contest_id=636951 teams 2101/2101 matched, players 5452/5903 matched
2026-08-24 00:42:41,415 INFO ncaa_identity: contest_id=636966 teams 2596/2596 matched, players 6482/7302 matched
2026-08-24 00:42:46,210 INFO ncaa_identity: contest_id=637048 teams 2139/2139 matched, players 5978/6020 matched
2026-08-24 00:42:49,193 INFO ncaa_identity: contest_id=637119 teams 2367/2367 matched, players 6172/6693 matched
2026-08-24 00:42:55,480 INFO ncaa_identity: contest_id=637165 teams 2422/2422 matched, players 6491/6840 matched
2026-08-24 00:42:57,062 INFO ncaa_identity: contest_id=637180 teams 2482/2482 matched, players 6319/7008 matched
2026-08-24 00:43:01,136 INFO ncaa_identity: contest_id=637236 teams 2011/2011 matched, players 5617/5645 matched
2026-08-24 00:43:02,514 INFO ncaa_identity: contest_id=637300 teams 2515/2515 matched, players 6013/7044 matched
2026-08-24 00:43:05,696 INFO ncaa_identity: contest_id=637325 teams 2364/2364 matched, players 6607/6655 matched
2026-08-24 00:43:13,089 INFO ncaa_identity: contest_id=637387 teams 1998/1998 matched, players 5509/5624 matched
2026-08-24 00:43:14,200 INFO ncaa_identity: contest_id=637398 teams 2077/2077 matched, players 5597/5822 matched
2026-08-24 00:43:17,148 INFO ncaa_identity: contest_id=637422 teams 2329/2329 matched, players 6298/6563 matched
2026-08-24 00:43:20,941 INFO ncaa_identity: contest_id=637543 teams 2164/2164 matched, players 5779/6058 matched
2026-08-24 00:43:22,231 INFO ncaa_identity: contest_id=637553 teams 2232/2232 matched, players 5776/6285 matched
2026-08-24 00:43:23,914 INFO ncaa_identity: contest_id=637563 teams 2330/2330 matched, players 5938/6539 matched
2026-08-24 00:43:26,305 INFO ncaa_identity: contest_id=637594 teams 1841/1841 matched, players 4733/5186 matched
2026-08-24 00:43:27,711 INFO ncaa_identity: contest_id=637604 teams 2148/2148 matched, players 5060/6063 matched
2026-08-24 00:43:33,436 INFO ncaa_identity: contest_id=637685 teams 2619/2619 matched, players 7252/7380 matched
2026-08-24 00:43:45,868 INFO ncaa_identity: contest_id=637813 teams 1824/1824 matched, players 4536/5155 matched
2026-08-24 00:43:47,189 INFO ncaa_identity: contest_id=637829 teams 2285/2285 matched, players 6189/6442 matched
2026-08-24 00:43:52,894 INFO ncaa_identity: contest_id=637885 teams 2077/2077 matched, players 5229/5849 matched
2026-08-24 00:43:54,578 INFO ncaa_identity: contest_id=637895 teams 1203/2432 matched, players 3404/6852 matched
2026-08-24 00:43:56,075 INFO ncaa_identity: contest_id=637905 teams 2266/2266 matched, players 5773/6353 matched
2026-08-24 00:43:57,677 INFO ncaa_identity: contest_id=637921 teams 2292/2292 matched, players 5964/6431 matched
2026-08-24 00:43:59,119 INFO ncaa_identity: contest_id=637945 teams 2594/2594 matched, players 6747/7345 matched
2026-08-24 00:44:04,554 INFO ncaa_identity: contest_id=638004 teams 2230/2230 matched, players 5572/6276 matched
2026-08-24 00:44:07,311 WARNING ncaa_parse: family=lineups contest_id=638038 team=Notre Dame produced NO good stints (11 bad, roster=8) -- parsed successfully but contributed nothing
2026-08-24 00:44:07,631 WARNING ncaa_parse: family=lineups contest_id=638038 team=UConn produced NO good stints (18 bad, roster=8) -- parsed successfully but contributed nothing
2026-08-24 00:44:08,044 INFO ncaa_identity: contest_id=638038 teams 1868/1868 matched, players 4780/5237 matched
2026-08-24 00:44:09,578 INFO ncaa_identity: contest_id=638048 teams 2581/2581 matched, players 6962/7299 matched
2026-08-24 00:44:10,753 INFO ncaa_identity: contest_id=638058 teams 2652/2652 matched, players 6987/7482 matched
2026-08-24 00:44:13,537 INFO ncaa_identity: contest_id=638082 teams 2582/2582 matched, players 7241/7314 matched
2026-08-24 00:44:14,858 INFO ncaa_identity: contest_id=638093 teams 2300/2300 matched, players 5588/6489 matched
2026-08-24 00:44:16,025 INFO ncaa_identity: contest_id=638106 teams 1915/1915 matched, players 5287/5383 matched
2026-08-24 00:44:21,537 INFO ncaa_identity: contest_id=638195 teams 2075/2075 matched, players 4937/5755 matched
2026-08-24 00:44:24,581 INFO ncaa_identity: contest_id=638230 teams 2306/2306 matched, players 5640/6485 matched
2026-08-24 00:44:27,442 INFO ncaa_identity: contest_id=638250 teams 2642/2642 matched, players 6189/7480 matched
2026-08-24 00:44:37,600 INFO ncaa_identity: contest_id=638320 teams 2289/2289 matched, players 6424/6454 matched
2026-08-24 00:44:43,423 INFO ncaa_identity: contest_id=638367 teams 2277/2277 matched, players 5889/6438 matched
2026-08-24 00:44:46,895 INFO ncaa_identity: contest_id=541420 teams 2307/2307 matched, players 5944/6524 matched
2026-08-24 00:44:48,587 INFO ncaa_identity: contest_id=541431 teams 2497/2497 matched, players 6370/7038 matched
2026-08-24 00:44:52,924 INFO ncaa_identity: contest_id=541463 teams 2653/2653 matched, players 7009/7488 matched
2026-08-24 00:44:57,652 INFO ncaa_identity: contest_id=541500 teams 1387/2742 matched, players 3767/7637 matched
2026-08-24 00:44:59,341 INFO ncaa_identity: contest_id=541523 teams 1460/2828 matched, players 4021/7967 matched
2026-08-24 00:45:00,691 INFO ncaa_identity: contest_id=541534 teams 1215/2430 matched, players 3474/6830 matched
2026-08-24 00:45:02,893 INFO ncaa_identity: contest_id=541565 teams 4324/4324 matched, players 12093/12464 matched
2026-08-24 00:45:07,149 INFO ncaa_identity: contest_id=541626 teams 1033/2045 matched, players 2546/5742 matched
2026-08-24 00:45:08,681 INFO ncaa_identity: contest_id=541660 teams 1322/2577 matched, players 3699/7308 matched
2026-08-24 00:45:09,924 INFO ncaa_identity: contest_id=541695 teams 1990/1990 matched, players 5471/5596 matched
2026-08-24 00:45:13,122 INFO ncaa_identity: contest_id=541737 teams 2720/2720 matched, players 7273/7697 matched
2026-08-24 00:45:14,510 INFO ncaa_identity: contest_id=541748 teams 2492/2492 matched, players 6555/7045 matched
2026-08-24 00:45:16,070 INFO ncaa_identity: contest_id=541759 teams 2439/2439 matched, players 6145/6874 matched
2026-08-24 00:45:21,242 INFO ncaa_identity: contest_id=541821 teams 2461/2461 matched, players 6867/6953 matched
2026-08-24 00:45:22,952 INFO ncaa_identity: contest_id=541834 teams 2626/2626 matched, players 7084/7403 matched
2026-08-24 00:45:27,059 INFO ncaa_identity: contest_id=541876 teams 2433/2433 matched, players 6425/6860 matched
2026-08-24 00:45:34,849 INFO ncaa_identity: contest_id=541987 teams 2797/2797 matched, players 6736/7866 matched
2026-08-24 00:45:36,290 INFO ncaa_identity: contest_id=541997 teams 2428/2428 matched, players 6531/6836 matched
2026-08-24 00:45:39,376 INFO ncaa_identity: contest_id=542018 teams 2652/2652 matched, players 6913/7509 matched
2026-08-24 00:45:40,724 INFO ncaa_identity: contest_id=542031 teams 2509/2509 matched, players 6665/7070 matched
2026-08-24 00:45:42,388 INFO ncaa_identity: contest_id=542058 teams 2617/2617 matched, players 6946/7363 matched
2026-08-24 00:45:48,134 INFO ncaa_identity: contest_id=542193 teams 1198/2385 matched, players 3224/6661 matched
2026-08-24 00:45:49,725 INFO ncaa_identity: contest_id=542301 teams 1992/1992 matched, players 5492/5576 matched
2026-08-24 00:45:53,113 INFO ncaa_identity: contest_id=542352 teams 2548/2548 matched, players 6733/7180 matched
2026-08-24 00:45:54,737 INFO ncaa_identity: contest_id=542371 teams 2531/2531 matched, players 6753/7200 matched
2026-08-24 00:45:56,668 INFO ncaa_identity: contest_id=542476 teams 2882/2882 matched, players 8015/8142 matched
2026-08-24 00:45:58,477 INFO ncaa_identity: contest_id=542643 teams 2369/2369 matched, players 6157/6663 matched
2026-08-24 00:46:02,876 INFO ncaa_identity: contest_id=542685 teams 2829/2829 matched, players 7797/7997 matched
2026-08-24 00:46:04,286 INFO ncaa_identity: contest_id=542700 teams 2343/2343 matched, players 5984/6583 matched
2026-08-24 00:46:05,519 INFO ncaa_identity: contest_id=542712 teams 2492/2492 matched, players 6797/7019 matched
2026-08-24 00:46:07,914 INFO ncaa_identity: contest_id=542764 teams 2787/2787 matched, players 7515/7836 matched
2026-08-24 00:46:12,946 INFO ncaa_identity: contest_id=542828 teams 2718/2718 matched, players 6914/7688 matched
2026-08-24 00:46:14,432 INFO ncaa_identity: contest_id=542858 teams 2936/2936 matched, players 7679/8251 matched
2026-08-24 00:46:17,667 INFO ncaa_identity: contest_id=542936 teams 1274/2575 matched, players 3214/7262 matched
2026-08-24 00:46:19,556 INFO ncaa_identity: contest_id=542987 teams 1138/2325 matched, players 3547/6561 matched
2026-08-24 00:46:20,799 INFO ncaa_identity: contest_id=543009 teams 2031/2031 matched, players 5446/5676 matched
2026-08-24 00:46:23,589 INFO ncaa_identity: contest_id=543046 teams 2354/2354 matched, players 6122/6651 matched
2026-08-24 00:46:25,101 INFO ncaa_identity: contest_id=543096 teams 1416/2819 matched, players 3332/7972 matched
2026-08-24 00:46:26,553 INFO ncaa_identity: contest_id=543132 teams 2241/2241 matched, players 5829/6372 matched
2026-08-24 00:46:30,035 INFO ncaa_identity: contest_id=543169 teams 1271/2501 matched, players 3486/7041 matched
2026-08-24 00:46:38,268 INFO ncaa_identity: contest_id=543362 teams 2307/2307 matched, players 6170/6531 matched
2026-08-24 00:46:39,839 INFO ncaa_identity: contest_id=543376 teams 1876/1876 matched, players 5146/5254 matched
2026-08-24 00:46:42,586 INFO ncaa_identity: contest_id=543436 teams 1874/1874 matched, players 4904/5316 matched
2026-08-24 00:46:45,687 INFO ncaa_identity: contest_id=543489 teams 2971/2971 matched, players 8274/8436 matched
2026-08-24 00:46:48,499 INFO ncaa_identity: contest_id=543672 teams 2068/2068 matched, players 5555/5828 matched
2026-08-24 00:46:50,087 INFO ncaa_identity: contest_id=543710 teams 1307/2609 matched, players 3656/7386 matched
2026-08-24 00:46:54,301 INFO ncaa_identity: contest_id=543745 teams 1757/1757 matched, players 4587/4951 matched
2026-08-24 00:46:57,103 INFO ncaa_identity: contest_id=543789 teams 1228/2398 matched, players 3413/6774 matched
2026-08-24 00:46:58,471 INFO ncaa_identity: contest_id=543815 teams 2772/2772 matched, players 7644/7791 matched
2026-08-24 00:47:02,918 INFO ncaa_identity: contest_id=543932 teams 2612/2612 matched, players 6870/7350 matched
2026-08-24 00:47:06,048 INFO ncaa_identity: contest_id=544028 teams 1295/2611 matched, players 3667/7370 matched
2026-08-24 00:47:07,617 INFO ncaa_identity: contest_id=544087 teams 1165/2326 matched, players 3341/6573 matched
2026-08-24 00:47:08,996 INFO ncaa_identity: contest_id=544098 teams 2289/2289 matched, players 6380/6419 matched
2026-08-24 00:47:12,444 INFO ncaa_identity: contest_id=544136 teams 2332/2332 matched, players 6343/6614 matched
2026-08-24 00:47:14,041 INFO ncaa_identity: contest_id=544146 teams 2467/2467 matched, players 6704/6958 matched
2026-08-24 00:47:15,659 INFO ncaa_identity: contest_id=544158 teams 2390/2390 matched, players 6185/6705 matched
2026-08-24 00:47:31,456 INFO ncaa_identity: contest_id=544415 teams 2276/2276 matched, players 5721/6419 matched
2026-08-24 00:47:35,304 INFO ncaa_identity: contest_id=544464 teams 1088/2210 matched, players 3067/6211 matched
2026-08-24 00:47:41,870 INFO ncaa_identity: contest_id=544541 teams 4282/4282 matched, players 12244/12266 matched
2026-08-24 00:47:43,540 INFO ncaa_identity: contest_id=544560 teams 2266/2266 matched, players 5886/6377 matched
2026-08-24 00:47:49,723 INFO ncaa_identity: contest_id=544684 teams 2636/2636 matched, players 6219/7433 matched
2026-08-24 00:47:51,345 INFO ncaa_identity: contest_id=544703 teams 2648/2648 matched, players 6973/7525 matched
2026-08-24 00:47:52,718 INFO ncaa_identity: contest_id=544731 teams 2474/2474 matched, players 6399/6979 matched
2026-08-24 00:47:54,347 INFO ncaa_identity: contest_id=544806 teams 2029/2029 matched, players 4850/5703 matched
2026-08-24 00:47:59,245 INFO ncaa_identity: contest_id=544875 teams 2375/2375 matched, players 6311/6704 matched
2026-08-24 00:48:00,772 INFO ncaa_identity: contest_id=544896 teams 2317/2317 matched, players 6516/6537 matched
2026-08-24 00:48:04,233 INFO ncaa_identity: contest_id=544998 teams 1547/3173 matched, players 4419/8989 matched
2026-08-24 00:48:05,666 INFO ncaa_identity: contest_id=545028 teams 2266/2266 matched, players 5775/6346 matched
2026-08-24 00:48:07,515 INFO ncaa_identity: contest_id=545043 teams 2888/2888 matched, players 8034/8214 matched
2026-08-24 00:48:09,202 INFO ncaa_identity: contest_id=545101 teams 1241/2409 matched, players 3400/6806 matched
2026-08-24 00:48:12,372 INFO ncaa_identity: contest_id=545194 teams 2568/2568 matched, players 7100/7294 matched
2026-08-24 00:48:14,132 INFO ncaa_identity: contest_id=545222 teams 2441/2441 matched, players 6457/6882 matched
2026-08-24 00:48:15,485 INFO ncaa_identity: contest_id=545259 teams 2216/2216 matched, players 5708/6250 matched
2026-08-24 00:48:22,484 INFO ncaa_identity: contest_id=545480 teams 2685/2685 matched, players 5933/7616 matched
2026-08-24 00:48:27,857 INFO ncaa_identity: contest_id=545614 teams 2351/2351 matched, players 6069/6662 matched
2026-08-24 00:48:29,411 INFO ncaa_identity: contest_id=545630 teams 2268/2268 matched, players 5844/6380 matched
2026-08-24 00:48:30,551 INFO ncaa_identity: contest_id=545663 teams 2413/2413 matched, players 6062/6788 matched
2026-08-24 00:48:34,118 INFO ncaa_identity: contest_id=545772 teams 2381/2381 matched, players 6264/6716 matched
2026-08-24 00:48:37,042 INFO ncaa_identity: contest_id=545869 teams 2894/2894 matched, players 7962/8145 matched
2026-08-24 00:48:38,832 INFO ncaa_identity: contest_id=545910 teams 2994/2994 matched, players 7748/8460 matched
2026-08-24 00:48:41,787 INFO ncaa_identity: contest_id=545947 teams 3075/3075 matched, players 8022/8722 matched
2026-08-24 00:48:42,825 INFO ncaa_identity: contest_id=546045 teams 2544/2544 matched, players 6856/7151 matched
2026-08-24 00:48:53,833 INFO ncaa_identity: contest_id=546212 teams 1418/2650 matched, players 3815/7447 matched
2026-08-24 00:48:54,874 INFO ncaa_identity: contest_id=546257 teams 2325/2325 matched, players 6153/6532 matched
2026-08-24 00:48:58,148 INFO ncaa_identity: contest_id=546306 teams 1348/2656 matched, players 3770/7488 matched
2026-08-24 00:48:59,665 INFO ncaa_identity: contest_id=546344 teams 2688/2688 matched, players 7199/7615 matched
2026-08-24 00:49:00,800 INFO ncaa_identity: contest_id=546365 teams 2464/2464 matched, players 6364/6936 matched
2026-08-24 00:49:03,567 INFO ncaa_identity: contest_id=546406 teams 2706/2706 matched, players 7473/7643 matched
2026-08-24 00:49:05,149 INFO ncaa_identity: contest_id=546440 teams 2620/2620 matched, players 6585/7394 matched
2026-08-24 00:49:06,917 INFO ncaa_identity: contest_id=546462 teams 2663/2663 matched, players 7325/7537 matched
2026-08-24 00:49:11,014 INFO ncaa_identity: contest_id=546540 teams 2781/2781 matched, players 6283/7852 matched
2026-08-24 00:49:12,281 INFO ncaa_identity: contest_id=546557 teams 2648/2648 matched, players 6886/7491 matched
2026-08-24 00:49:14,097 INFO ncaa_identity: contest_id=546568 teams 3157/3157 matched, players 8132/8961 matched
2026-08-24 00:49:15,322 INFO ncaa_identity: contest_id=546603 teams 1171/2240 matched, players 3205/6338 matched
2026-08-24 00:49:28,953 INFO ncaa_identity: contest_id=546792 teams 1504/2997 matched, players 3933/8435 matched
2026-08-24 00:49:30,666 INFO ncaa_identity: contest_id=546818 teams 1466/2990 matched, players 4161/8506 matched
2026-08-24 00:49:33,222 INFO ncaa_identity: contest_id=546866 teams 2072/2072 matched, players 5700/5864 matched
2026-08-24 00:49:34,715 INFO ncaa_identity: contest_id=546879 teams 2276/2276 matched, players 6079/6385 matched
2026-08-24 00:49:36,109 INFO ncaa_identity: contest_id=546900 teams 2444/2444 matched, players 6728/6892 matched
2026-08-24 00:49:37,909 INFO ncaa_identity: contest_id=546922 teams 2462/2462 matched, players 6588/6916 matched
2026-08-24 00:49:39,337 INFO ncaa_identity: contest_id=546935 teams 2364/2364 matched, players 6469/6635 matched
2026-08-24 00:49:40,709 INFO ncaa_identity: contest_id=546946 teams 2312/2312 matched, players 6169/6518 matched
2026-08-24 00:49:43,614 INFO ncaa_identity: contest_id=546969 teams 2332/2332 matched, players 6488/6589 matched
2026-08-24 00:49:45,196 INFO ncaa_identity: contest_id=546994 teams 2719/2719 matched, players 7088/7679 matched
2026-08-24 00:49:46,557 INFO ncaa_identity: contest_id=547021 teams 3261/3261 matched, players 8540/9170 matched
2026-08-24 00:49:48,365 INFO ncaa_identity: contest_id=547035 teams 2494/2494 matched, players 6561/7054 matched
2026-08-24 00:49:49,769 INFO ncaa_identity: contest_id=547046 teams 2672/2672 matched, players 7465/7528 matched
2026-08-24 00:49:54,903 INFO ncaa_identity: contest_id=547097 teams 1298/2520 matched, players 3647/7102 matched
2026-08-24 00:49:59,096 INFO ncaa_identity: contest_id=547166 teams 1515/2999 matched, players 4215/8467 matched
2026-08-24 00:50:00,563 INFO ncaa_identity: contest_id=547184 teams 1100/2204 matched, players 3090/6191 matched
2026-08-24 00:50:03,411 INFO ncaa_identity: contest_id=547223 teams 1335/2636 matched, players 3725/7412 matched
2026-08-24 00:50:09,704 INFO ncaa_identity: contest_id=547321 teams 3291/3291 matched, players 8688/9320 matched
2026-08-24 00:50:11,279 INFO ncaa_identity: contest_id=547342 teams 2460/2460 matched, players 6561/6888 matched
2026-08-24 00:50:16,418 INFO ncaa_identity: contest_id=547377 teams 3036/3036 matched, players 8236/8569 matched
2026-08-24 00:50:19,384 INFO ncaa_identity: contest_id=547401 teams 2297/2297 matched, players 5342/6494 matched
2026-08-24 00:50:21,038 INFO ncaa_identity: contest_id=547417 teams 1187/2334 matched, players 3132/6553 matched
2026-08-24 00:50:23,722 INFO ncaa_identity: contest_id=547505 teams 2269/2269 matched, players 6118/6388 matched
2026-08-24 00:50:26,616 INFO ncaa_identity: contest_id=547582 teams 2260/2260 matched, players 5915/6337 matched
2026-08-24 00:50:31,603 INFO ncaa_identity: contest_id=547694 teams 1317/2493 matched, players 3206/7048 matched
2026-08-24 00:50:33,205 INFO ncaa_identity: contest_id=547727 teams 2545/2545 matched, players 7143/7207 matched
2026-08-24 00:50:40,986 INFO ncaa_identity: contest_id=547976 teams 2234/2234 matched, players 5909/6281 matched
2026-08-24 00:50:42,605 INFO ncaa_identity: contest_id=547992 teams 2615/2615 matched, players 6998/7417 matched
2026-08-24 00:50:46,490 INFO ncaa_identity: contest_id=548047 teams 2365/2365 matched, players 6203/6654 matched
2026-08-24 00:50:47,823 INFO ncaa_identity: contest_id=548109 teams 2696/2696 matched, players 7254/7576 matched
2026-08-24 00:50:49,304 INFO ncaa_identity: contest_id=548149 teams 2456/2456 matched, players 6136/6885 matched
2026-08-24 00:50:51,877 INFO ncaa_identity: contest_id=548230 teams 1997/1997 matched, players 4789/5611 matched
2026-08-24 00:50:53,292 INFO ncaa_identity: contest_id=548258 teams 2816/2816 matched, players 6968/7959 matched
2026-08-24 00:50:57,667 INFO ncaa_identity: contest_id=548390 teams 2358/2358 matched, players 5730/6593 matched
2026-08-24 00:50:58,932 INFO ncaa_identity: contest_id=548407 teams 2307/2307 matched, players 5676/6477 matched
2026-08-24 00:51:03,623 INFO ncaa_identity: contest_id=548514 teams 2119/2119 matched, players 5144/6004 matched
2026-08-24 00:51:04,950 INFO ncaa_identity: contest_id=548592 teams 2511/2511 matched, players 6705/7099 matched
2026-08-24 00:51:05,995 INFO ncaa_identity: contest_id=548651 teams 2190/2190 matched, players 5791/6200 matched
2026-08-24 00:51:11,699 INFO ncaa_identity: contest_id=548772 teams 2654/2654 matched, players 6873/7471 matched
2026-08-24 00:51:14,533 INFO ncaa_identity: contest_id=548813 teams 2809/2809 matched, players 7097/7942 matched
2026-08-24 00:51:15,779 INFO ncaa_identity: contest_id=548843 teams 2408/2408 matched, players 6565/6747 matched
2026-08-24 00:51:17,532 INFO ncaa_identity: contest_id=548865 teams 2637/2637 matched, players 7088/7460 matched
2026-08-24 00:51:18,886 INFO ncaa_identity: contest_id=548879 teams 2481/2481 matched, players 6941/6985 matched
2026-08-24 00:51:21,187 INFO ncaa_identity: contest_id=549068 teams 2440/2440 matched, players 6674/6888 matched
2026-08-24 00:51:22,404 INFO ncaa_identity: contest_id=549090 teams 1250/2481 matched, players 3258/6975 matched
2026-08-24 00:51:28,007 INFO ncaa_identity: contest_id=549153 teams 1360/2718 matched, players 3765/7709 matched
2026-08-24 00:51:29,421 INFO ncaa_identity: contest_id=549175 teams 2761/2761 matched, players 7204/7805 matched
2026-08-24 00:51:32,050 INFO ncaa_identity: contest_id=549245 teams 2487/2487 matched, players 6318/6984 matched
2026-08-24 00:51:34,758 INFO ncaa_identity: contest_id=549359 teams 2345/2345 matched, players 5462/6572 matched
2026-08-24 00:51:35,885 INFO ncaa_identity: contest_id=549385 teams 1961/1961 matched, players 5150/5529 matched
2026-08-24 00:51:37,038 INFO ncaa_identity: contest_id=549414 teams 2279/2279 matched, players 6320/6374 matched
2026-08-24 00:51:39,631 INFO ncaa_identity: contest_id=549512 teams 2338/2338 matched, players 6190/6635 matched
2026-08-24 00:51:43,422 INFO ncaa_identity: contest_id=549564 teams 2510/2510 matched, players 6799/7053 matched
2026-08-24 00:51:50,301 INFO ncaa_identity: contest_id=549755 teams 2224/2224 matched, players 5589/6174 matched
2026-08-24 00:51:51,385 INFO ncaa_identity: contest_id=549785 teams 2211/2211 matched, players 5914/6221 matched
2026-08-24 00:51:54,141 INFO ncaa_identity: contest_id=549833 teams 1253/2430 matched, players 3457/6837 matched
2026-08-24 00:51:55,208 INFO ncaa_identity: contest_id=549855 teams 2166/2166 matched, players 5363/6125 matched
2026-08-24 00:51:56,654 INFO ncaa_identity: contest_id=549872 teams 2791/2791 matched, players 7453/7890 matched
2026-08-24 00:51:57,894 INFO ncaa_identity: contest_id=549900 teams 1204/2368 matched, players 3360/6637 matched
2026-08-24 00:52:00,696 INFO ncaa_identity: contest_id=549952 teams 2652/2652 matched, players 6831/7482 matched
2026-08-24 00:52:01,827 INFO ncaa_identity: contest_id=549973 teams 2414/2414 matched, players 6510/6797 matched
2026-08-24 00:52:03,287 INFO ncaa_identity: contest_id=550081 teams 2604/2604 matched, players 6734/7295 matched
2026-08-24 00:52:04,519 INFO ncaa_identity: contest_id=550172 teams 2671/2671 matched, players 7531/7534 matched
2026-08-24 00:52:07,139 INFO ncaa_identity: contest_id=550204 teams 2336/2336 matched, players 6285/6605 matched
2026-08-24 00:52:08,568 INFO ncaa_identity: contest_id=550216 teams 2969/2969 matched, players 8270/8399 matched
2026-08-24 00:52:12,281 INFO ncaa_identity: contest_id=550269 teams 2457/2457 matched, players 6602/6943 matched
2026-08-24 00:52:15,246 INFO ncaa_identity: contest_id=550349 teams 2484/2484 matched, players 6100/7000 matched
2026-08-24 00:52:16,766 INFO ncaa_identity: contest_id=550397 teams 2788/2788 matched, players 7497/7884 matched
2026-08-24 00:52:20,583 INFO ncaa_identity: contest_id=550490 teams 2211/2211 matched, players 6100/6203 matched
2026-08-24 00:52:24,323 INFO ncaa_identity: contest_id=550611 teams 2205/2205 matched, players 5900/6222 matched
2026-08-24 00:52:28,073 INFO ncaa_identity: contest_id=550663 teams 1753/1753 matched, players 4730/4913 matched
2026-08-24 00:52:30,752 INFO ncaa_identity: contest_id=550785 teams 3130/3130 matched, players 8837/8873 matched
2026-08-24 00:52:31,931 INFO ncaa_identity: contest_id=550855 teams 2594/2594 matched, players 7063/7357 matched
2026-08-24 00:52:34,962 INFO ncaa_identity: contest_id=550910 teams 3358/3358 matched, players 9351/9551 matched
2026-08-24 00:52:36,431 INFO ncaa_identity: contest_id=550930 teams 1274/2566 matched, players 3560/7234 matched
2026-08-24 00:52:40,271 INFO ncaa_identity: contest_id=551012 teams 2198/2198 matched, players 5974/6170 matched
2026-08-24 00:52:41,470 INFO ncaa_identity: contest_id=551033 teams 2259/2259 matched, players 5845/6335 matched
2026-08-24 00:52:42,974 INFO ncaa_identity: contest_id=551054 teams 2458/2458 matched, players 6766/6856 matched
2026-08-24 00:52:46,274 INFO ncaa_identity: contest_id=551261 teams 1590/1590 matched, players 582/585 matched
2026-08-24 00:52:50,519 INFO ncaa_identity: contest_id=551296 teams 2565/2565 matched, players 6943/7237 matched
2026-08-24 00:52:57,063 INFO ncaa_identity: contest_id=551411 teams 930/1917 matched, players 2696/5363 matched
2026-08-24 00:52:59,590 INFO ncaa_identity: contest_id=551515 teams 1025/2001 matched, players 2859/5620 matched
2026-08-24 00:53:00,886 INFO ncaa_identity: contest_id=551539 teams 2398/2398 matched, players 5713/6772 matched
2026-08-24 00:53:07,195 INFO ncaa_identity: contest_id=551691 teams 1346/2648 matched, players 3175/7491 matched
2026-08-24 00:53:08,680 INFO ncaa_identity: contest_id=551705 teams 2302/2302 matched, players 6404/6496 matched
2026-08-24 00:53:11,280 INFO ncaa_identity: contest_id=551795 teams 2440/2440 matched, players 6003/6900 matched
2026-08-24 00:53:12,935 INFO ncaa_identity: contest_id=551823 teams 2596/2596 matched, players 6911/7331 matched
2026-08-24 00:53:16,567 INFO ncaa_identity: contest_id=551948 teams 1956/1956 matched, players 5004/5471 matched
2026-08-24 00:53:18,892 INFO ncaa_identity: contest_id=551988 teams 2431/2431 matched, players 5850/6865 matched
2026-08-24 00:53:20,276 INFO ncaa_identity: contest_id=552016 teams 2203/2203 matched, players 5824/6201 matched
2026-08-24 00:53:22,791 INFO ncaa_identity: contest_id=552054 teams 2349/2349 matched, players 5756/6601 matched
2026-08-24 00:53:23,954 INFO ncaa_identity: contest_id=552082 teams 2428/2428 matched, players 6679/6834 matched
2026-08-24 00:53:26,508 INFO ncaa_identity: contest_id=552125 teams 2441/2441 matched, players 6648/6883 matched
2026-08-24 00:53:29,159 INFO ncaa_identity: contest_id=552307 teams 1199/2415 matched, players 2814/6810 matched
2026-08-24 00:53:31,474 INFO ncaa_identity: contest_id=552357 teams 2499/2499 matched, players 6734/7065 matched
2026-08-24 00:53:36,999 INFO ncaa_identity: contest_id=552423 teams 2024/2024 matched, players 5122/5673 matched
2026-08-24 00:53:41,554 INFO ncaa_identity: contest_id=552581 teams 2331/2331 matched, players 6342/6520 matched
2026-08-24 00:53:42,832 INFO ncaa_identity: contest_id=552606 teams 2293/2293 matched, players 6193/6455 matched
2026-08-24 00:53:44,421 INFO ncaa_identity: contest_id=552653 teams 2695/2695 matched, players 7227/7654 matched
2026-08-24 00:53:53,631 INFO ncaa_identity: contest_id=552891 teams 2580/2580 matched, players 6957/7277 matched
2026-08-24 00:53:54,899 INFO ncaa_identity: contest_id=552956 teams 2509/2509 matched, players 6359/7031 matched
2026-08-24 00:54:03,807 INFO ncaa_identity: contest_id=553137 teams 2229/2229 matched, players 5510/6288 matched
2026-08-24 00:54:04,937 INFO ncaa_identity: contest_id=553168 teams 2290/2290 matched, players 5990/6477 matched
2026-08-24 00:54:09,030 INFO ncaa_identity: contest_id=553356 teams 1302/2771 matched, players 3120/7856 matched
2026-08-24 00:54:10,495 INFO ncaa_identity: contest_id=553408 teams 1043/2055 matched, players 2867/5754 matched
2026-08-24 00:54:24,882 INFO ncaa_identity: contest_id=553696 teams 2303/2303 matched, players 5989/6499 matched
2026-08-24 00:54:29,228 INFO ncaa_identity: contest_id=553819 teams 2330/2330 matched, players 6233/6597 matched
2026-08-24 00:54:36,305 INFO ncaa_identity: contest_id=553955 teams 2872/2872 matched, players 8137/8138 matched
2026-08-24 00:54:38,698 INFO ncaa_identity: contest_id=554038 teams 2439/2439 matched, players 5927/6842 matched
2026-08-24 00:54:48,162 INFO ncaa_identity: contest_id=554204 teams 2329/2329 matched, players 6200/6599 matched
2026-08-24 00:54:49,276 INFO ncaa_identity: contest_id=554221 teams 2040/2040 matched, players 5469/5722 matched
2026-08-24 00:54:55,941 INFO ncaa_identity: contest_id=554479 teams 2414/2414 matched, players 6353/6817 matched
2026-08-24 00:54:59,473 INFO ncaa_identity: contest_id=554541 teams 1938/1938 matched, players 5047/5432 matched
2026-08-24 00:55:04,749 INFO ncaa_identity: contest_id=554721 teams 2418/2418 matched, players 6743/6803 matched
2026-08-24 00:55:06,177 INFO ncaa_identity: contest_id=554743 teams 1209/2356 matched, players 3323/6647 matched
2026-08-24 00:55:07,815 INFO ncaa_identity: contest_id=554768 teams 2415/2415 matched, players 6257/6821 matched
2026-08-24 00:55:10,482 INFO ncaa_identity: contest_id=554890 teams 2100/2100 matched, players 5613/5908 matched
2026-08-24 00:55:14,594 INFO ncaa_identity: contest_id=554940 teams 1176/2367 matched, players 2678/6684 matched
2026-08-24 00:55:22,694 INFO ncaa_identity: contest_id=555158 teams 1038/2008 matched, players 2487/5596 matched
2026-08-24 00:55:24,003 INFO ncaa_identity: contest_id=555183 teams 1916/1916 matched, players 5058/5428 matched
2026-08-24 00:55:33,240 INFO ncaa_identity: contest_id=555385 teams 2162/2162 matched, players 5582/6088 matched
2026-08-24 00:55:35,386 INFO ncaa_identity: contest_id=555529 teams 2010/2010 matched, players 5581/5676 matched
2026-08-24 00:55:36,996 INFO ncaa_identity: contest_id=555541 teams 2570/2570 matched, players 6813/7208 matched
2026-08-24 00:55:43,246 INFO ncaa_identity: contest_id=555605 teams 1425/2879 matched, players 3325/8109 matched
2026-08-24 00:55:45,571 INFO ncaa_identity: contest_id=555737 teams 2539/2539 matched, players 6263/7153 matched
2026-08-24 00:55:49,364 INFO ncaa_identity: contest_id=555776 teams 1886/1886 matched, players 5009/5281 matched
2026-08-24 00:55:53,482 INFO ncaa_identity: contest_id=555858 teams 2628/2628 matched, players 6795/7420 matched
2026-08-24 00:55:57,814 INFO ncaa_identity: contest_id=555896 teams 1195/2425 matched, players 3363/6797 matched
2026-08-24 00:56:00,482 INFO ncaa_identity: contest_id=555986 teams 2570/2570 matched, players 6238/7274 matched
2026-08-24 00:56:01,582 INFO ncaa_identity: contest_id=556001 teams 2285/2285 matched, players 6326/6442 matched
2026-08-24 00:56:08,211 INFO ncaa_identity: contest_id=556124 teams 2271/2271 matched, players 5777/6435 matched
2026-08-24 00:56:09,363 INFO ncaa_identity: contest_id=556136 teams 2310/2310 matched, players 6298/6532 matched
2026-08-24 00:56:11,970 INFO ncaa_identity: contest_id=556160 teams 2445/2445 matched, players 6862/6917 matched
2026-08-24 00:56:13,162 INFO ncaa_identity: contest_id=556170 teams 1295/2485 matched, players 3577/7009 matched
2026-08-24 00:56:14,794 INFO ncaa_identity: contest_id=556180 teams 2107/2107 matched, players 5630/5900 matched
2026-08-24 00:56:17,173 INFO ncaa_identity: contest_id=556229 teams 1718/1718 matched, players 596/628 matched
2026-08-24 00:56:20,086 INFO ncaa_identity: contest_id=556349 teams 1978/1978 matched, players 5482/5584 matched
2026-08-24 00:56:25,337 INFO ncaa_identity: contest_id=556410 teams 2270/2270 matched, players 6121/6390 matched
2026-08-24 00:56:28,107 INFO ncaa_identity: contest_id=556439 teams 2498/2498 matched, players 6684/7058 matched
2026-08-24 00:56:30,301 INFO ncaa_identity: contest_id=556476 teams 2087/2087 matched, players 5813/5869 matched
2026-08-24 00:56:31,956 INFO ncaa_identity: contest_id=556486 teams 2137/2137 matched, players 5667/6013 matched
2026-08-24 00:56:34,897 INFO ncaa_identity: contest_id=556537 teams 2536/2536 matched, players 6474/7149 matched
2026-08-24 00:56:36,297 INFO ncaa_identity: contest_id=556547 teams 2305/2305 matched, players 5803/6476 matched
2026-08-24 00:56:38,132 INFO ncaa_identity: contest_id=556557 teams 1132/2256 matched, players 3163/6361 matched
2026-08-24 00:56:40,805 INFO ncaa_identity: contest_id=556581 teams 2139/2139 matched, players 5894/6005 matched
2026-08-24 00:56:59,060 INFO ncaa_identity: contest_id=556712 teams 1910/1910 matched, players 5131/5416 matched
2026-08-24 00:57:06,599 INFO ncaa_identity: contest_id=556749 teams 1886/1886 matched, players 4805/5278 matched
2026-08-24 00:57:22,012 INFO ncaa_identity: contest_id=556792 teams 2207/2207 matched, players 5653/6204 matched
2026-08-24 00:57:30,741 INFO ncaa_identity: contest_id=556847 teams 2451/2451 matched, players 6463/6956 matched
2026-08-24 00:57:33,691 INFO ncaa_identity: contest_id=556870 teams 1958/1958 matched, players 5085/5534 matched
2026-08-24 00:57:43,482 INFO ncaa_identity: contest_id=556915 teams 2198/2198 matched, players 5772/6190 matched
2026-08-24 00:57:47,776 INFO ncaa_identity: contest_id=556928 teams 2093/2093 matched, players 5423/5885 matched
2026-08-24 00:58:30,439 INFO ncaa_identity: contest_id=557057 teams 2592/2592 matched, players 6522/7298 matched
2026-08-24 00:58:35,078 INFO ncaa_identity: contest_id=557076 teams 2481/2481 matched, players 6428/7011 matched
2026-08-24 00:58:46,532 INFO ncaa_identity: contest_id=557145 teams 1283/2617 matched, players 2644/7377 matched
2026-08-24 00:59:00,583 INFO ncaa_identity: contest_id=557190 teams 2232/2232 matched, players 6128/6264 matched
2026-08-24 00:59:03,827 INFO ncaa_identity: contest_id=557203 teams 2374/2374 matched, players 6220/6698 matched
2026-08-24 00:59:11,033 INFO ncaa_identity: contest_id=557226 teams 2213/2213 matched, players 5095/6249 matched
2026-08-24 00:59:15,429 INFO ncaa_identity: contest_id=557240 teams 2198/2198 matched, players 5676/6205 matched
2026-08-24 00:59:19,645 INFO ncaa_identity: contest_id=557250 teams 1239/2404 matched, players 3208/6760 matched
2026-08-24 00:59:24,116 INFO ncaa_identity: contest_id=557260 teams 2292/2292 matched, players 6104/6460 matched
2026-08-24 00:59:32,777 INFO ncaa_identity: contest_id=557280 teams 2524/2524 matched, players 6246/7127 matched
2026-08-24 00:59:37,090 INFO ncaa_identity: contest_id=557296 teams 2949/2949 matched, players 7646/8322 matched
2026-08-24 00:59:48,577 INFO ncaa_identity: contest_id=385632 teams 2405/2405 matched, players 5959/6737 matched
2026-08-24 00:59:57,158 INFO ncaa_identity: contest_id=385658 teams 2361/2361 matched, players 5757/6686 matched
2026-08-24 01:00:01,099 INFO ncaa_identity: contest_id=385670 teams 1463/2866 matched, players 4055/8064 matched
2026-08-24 01:00:10,382 INFO ncaa_identity: contest_id=385693 teams 2132/2132 matched, players 5521/5943 matched
2026-08-24 01:00:13,641 INFO ncaa_identity: contest_id=385706 teams 2448/2448 matched, players 6635/6892 matched
2026-08-24 01:00:22,512 INFO ncaa_identity: contest_id=385728 teams 1036/2129 matched, players 3013/5993 matched
2026-08-24 01:00:35,642 INFO ncaa_identity: contest_id=385807 teams 1283/2593 matched, players 3298/7342 matched
2026-08-24 01:00:40,378 INFO ncaa_identity: contest_id=385945 teams 2427/2427 matched, players 6474/6847 matched
2026-08-24 01:00:42,116 INFO ncaa_identity: contest_id=386041 teams 1330/2561 matched, players 3579/7209 matched
2026-08-24 01:00:48,133 INFO ncaa_identity: contest_id=386262 teams 2517/2517 matched, players 6635/7079 matched
2026-08-24 01:00:49,705 INFO ncaa_identity: contest_id=386277 teams 1214/2384 matched, players 3395/6699 matched
2026-08-24 01:00:54,089 INFO ncaa_identity: contest_id=386348 teams 2757/2757 matched, players 6615/7799 matched
2026-08-24 01:00:55,534 INFO ncaa_identity: contest_id=386455 teams 2632/2632 matched, players 6539/7467 matched
2026-08-24 01:00:58,121 INFO ncaa_identity: contest_id=386479 teams 2276/2276 matched, players 6417/6459 matched
2026-08-24 01:01:00,523 INFO ncaa_identity: contest_id=386528 teams 1050/1914 matched, players 393/706 matched
2026-08-24 01:01:02,013 INFO ncaa_identity: contest_id=386546 teams 2275/2275 matched, players 6035/6391 matched
2026-08-24 01:01:03,080 INFO ncaa_identity: contest_id=386564 teams 2087/2087 matched, players 4935/5848 matched
2026-08-24 01:01:04,388 INFO ncaa_identity: contest_id=386576 teams 2451/2451 matched, players 5998/6892 matched
2026-08-24 01:01:05,721 INFO ncaa_identity: contest_id=386593 teams 1540/2961 matched, players 4273/8324 matched
2026-08-24 01:01:07,203 INFO ncaa_identity: contest_id=386641 teams 1492/2870 matched, players 4192/8160 matched
2026-08-24 01:01:08,424 INFO ncaa_identity: contest_id=386692 teams 2187/2187 matched, players 4940/6166 matched
2026-08-24 01:01:11,028 INFO ncaa_identity: contest_id=386735 teams 2338/2338 matched, players 6087/6583 matched
2026-08-24 01:01:12,383 INFO ncaa_identity: contest_id=386754 teams 2543/2543 matched, players 5748/7172 matched
2026-08-24 01:01:13,715 INFO ncaa_identity: contest_id=386808 teams 1397/2753 matched, players 3931/7814 matched
2026-08-24 01:01:18,053 INFO ncaa_identity: contest_id=386896 teams 1982/1982 matched, players 5324/5584 matched
2026-08-24 01:01:19,561 INFO ncaa_identity: contest_id=386928 teams 1443/2882 matched, players 4165/8114 matched
2026-08-24 01:01:21,154 INFO ncaa_identity: contest_id=386959 teams 2488/2488 matched, players 7013/7067 matched
2026-08-24 01:01:22,437 INFO ncaa_identity: contest_id=386978 teams 2364/2364 matched, players 6311/6654 matched
2026-08-24 01:01:23,971 INFO ncaa_identity: contest_id=386993 teams 2048/2048 matched, players 712/730 matched
2026-08-24 01:01:25,058 INFO ncaa_identity: contest_id=387010 teams 1966/1966 matched, players 5480/5512 matched
2026-08-24 01:01:26,775 INFO ncaa_identity: contest_id=387048 teams 1643/3264 matched, players 4633/9217 matched
2026-08-24 01:01:28,528 INFO ncaa_identity: contest_id=387115 teams 2471/2471 matched, players 6188/6973 matched
2026-08-24 01:01:31,535 INFO ncaa_identity: contest_id=387191 teams 2816/2816 matched, players 7418/8018 matched
2026-08-24 01:01:32,840 INFO ncaa_identity: contest_id=387220 teams 2768/2768 matched, players 7292/7805 matched
2026-08-24 01:01:34,843 INFO ncaa_identity: contest_id=387238 teams 2975/2975 matched, players 8083/8411 matched
2026-08-24 01:01:36,087 INFO ncaa_identity: contest_id=387279 teams 2338/2338 matched, players 6331/6587 matched
2026-08-24 01:01:43,648 INFO ncaa_identity: contest_id=387518 teams 2644/2644 matched, players 6509/7443 matched
2026-08-24 01:01:45,632 INFO ncaa_identity: contest_id=387530 teams 3477/3477 matched, players 9298/9933 matched
2026-08-24 01:01:48,544 INFO ncaa_identity: contest_id=387582 teams 2322/2322 matched, players 5479/6567 matched
2026-08-24 01:01:49,860 INFO ncaa_identity: contest_id=387597 teams 2279/2279 matched, players 6358/6405 matched
2026-08-24 01:01:51,691 INFO ncaa_identity: contest_id=387616 teams 1436/2788 matched, players 3211/7872 matched
2026-08-24 01:01:54,813 INFO ncaa_identity: contest_id=387692 teams 1436/2855 matched, players 4054/8045 matched
2026-08-24 01:01:56,151 INFO ncaa_identity: contest_id=387716 teams 2459/2459 matched, players 6043/6923 matched
2026-08-24 01:01:57,430 INFO ncaa_identity: contest_id=387734 teams 2399/2399 matched, players 5961/6752 matched
2026-08-24 01:01:58,977 INFO ncaa_identity: contest_id=387759 teams 2130/2130 matched, players 5574/6027 matched
2026-08-24 01:02:00,442 INFO ncaa_identity: contest_id=387783 teams 2725/2725 matched, players 7092/7673 matched
2026-08-24 01:02:02,019 INFO ncaa_identity: contest_id=387863 teams 1941/1941 matched, players 735/737 matched
2026-08-24 01:02:03,365 INFO ncaa_identity: contest_id=387949 teams 1095/2172 matched, players 3015/6119 matched
2026-08-24 01:02:04,778 INFO ncaa_identity: contest_id=387959 teams 2168/2168 matched, players 5824/6095 matched
2026-08-24 01:02:07,969 INFO ncaa_identity: contest_id=387990 teams 2086/2086 matched, players 5302/5897 matched
2026-08-24 01:02:09,299 INFO ncaa_identity: contest_id=388012 teams 2441/2441 matched, players 6820/6849 matched
2026-08-24 01:02:11,071 INFO ncaa_identity: contest_id=388022 teams 2646/2646 matched, players 6810/7410 matched
2026-08-24 01:02:13,789 INFO ncaa_identity: contest_id=388045 teams 2447/2447 matched, players 6601/6925 matched
2026-08-24 01:02:15,231 INFO ncaa_identity: contest_id=388058 teams 2246/2246 matched, players 5985/6222 matched
2026-08-24 01:02:18,096 INFO ncaa_identity: contest_id=388107 teams 2236/2236 matched, players 6136/6272 matched
2026-08-24 01:02:20,900 INFO ncaa_identity: contest_id=388135 teams 1875/1875 matched, players 610/660 matched
2026-08-24 01:02:24,985 INFO ncaa_identity: contest_id=388186 teams 1199/2412 matched, players 3220/6776 matched
2026-08-24 01:02:26,494 INFO ncaa_identity: contest_id=388208 teams 2992/2992 matched, players 8509/8521 matched
2026-08-24 01:02:31,646 INFO ncaa_identity: contest_id=388340 teams 2580/2580 matched, players 7004/7295 matched
2026-08-24 01:02:32,939 INFO ncaa_identity: contest_id=388360 teams 2547/2547 matched, players 6461/7126 matched
2026-08-24 01:02:35,740 INFO ncaa_identity: contest_id=388390 teams 2421/2421 matched, players 6299/6837 matched
2026-08-24 01:02:38,717 INFO ncaa_identity: contest_id=388442 teams 2418/2418 matched, players 6258/6817 matched
2026-08-24 01:02:41,733 INFO ncaa_identity: contest_id=388472 teams 1996/1996 matched, players 5163/5623 matched
2026-08-24 01:02:43,197 INFO ncaa_identity: contest_id=388499 teams 1371/2727 matched, players 3862/7646 matched
2026-08-24 01:02:46,873 INFO ncaa_identity: contest_id=388571 teams 2366/2366 matched, players 5672/6626 matched
2026-08-24 01:02:48,380 INFO ncaa_identity: contest_id=388626 teams 2521/2521 matched, players 6474/7126 matched
2026-08-24 01:02:51,657 INFO ncaa_identity: contest_id=388660 teams 1216/2388 matched, players 3396/6738 matched
2026-08-24 01:02:53,122 INFO ncaa_identity: contest_id=388675 teams 2385/2385 matched, players 5348/6678 matched
2026-08-24 01:02:54,809 INFO ncaa_identity: contest_id=388709 teams 1293/2548 matched, players 3634/7202 matched
2026-08-24 01:02:56,187 INFO ncaa_identity: contest_id=388747 teams 2499/2499 matched, players 6713/7042 matched
2026-08-24 01:03:00,972 INFO ncaa_identity: contest_id=388814 teams 2020/2020 matched, players 5351/5710 matched
2026-08-24 01:03:05,823 INFO ncaa_identity: contest_id=388894 teams 1452/2754 matched, players 4042/7752 matched
2026-08-24 01:03:07,243 INFO ncaa_identity: contest_id=388974 teams 1370/2711 matched, players 3857/7650 matched
2026-08-24 01:03:10,755 INFO ncaa_identity: contest_id=389013 teams 2375/2375 matched, players 6342/6637 matched
2026-08-24 01:03:12,004 INFO ncaa_identity: contest_id=389088 teams 1046/2107 matched, players 2813/5927 matched
2026-08-24 01:03:13,227 INFO ncaa_identity: contest_id=389115 teams 2043/2043 matched, players 5696/5715 matched
2026-08-24 01:03:16,092 INFO ncaa_identity: contest_id=389186 teams 2410/2410 matched, players 5831/6811 matched
2026-08-24 01:03:20,799 INFO ncaa_identity: contest_id=389286 teams 2842/2842 matched, players 7543/8011 matched
2026-08-24 01:03:21,841 INFO ncaa_identity: contest_id=389304 teams 1694/1694 matched, players 4255/4735 matched
2026-08-24 01:03:25,712 INFO ncaa_identity: contest_id=389452 teams 2365/2365 matched, players 6216/6632 matched
2026-08-24 01:03:30,160 INFO ncaa_identity: contest_id=389591 teams 1121/2226 matched, players 3110/6223 matched
2026-08-24 01:03:35,687 INFO ncaa_identity: contest_id=389635 teams 1061/2193 matched, players 3065/6169 matched
2026-08-24 01:03:38,876 INFO ncaa_identity: contest_id=389687 teams 1188/2323 matched, players 2922/6503 matched
2026-08-24 01:03:43,520 INFO ncaa_identity: contest_id=389786 teams 1945/1945 matched, players 4531/5448 matched
2026-08-24 01:03:44,847 INFO ncaa_identity: contest_id=389801 teams 2826/2826 matched, players 7686/7930 matched
2026-08-24 01:03:46,557 INFO ncaa_identity: contest_id=389830 teams 1174/2309 matched, players 3337/6536 matched
2026-08-24 01:03:49,508 INFO ncaa_identity: contest_id=389892 teams 0/2384 matched, players 0/6757 matched
2026-08-24 01:03:51,049 INFO ncaa_identity: contest_id=389920 teams 2454/2454 matched, players 6783/6911 matched
2026-08-24 01:03:52,412 INFO ncaa_identity: contest_id=389982 teams 2102/2102 matched, players 5682/5908 matched
2026-08-24 01:03:55,610 INFO ncaa_identity: contest_id=390025 teams 2444/2444 matched, players 6766/6858 matched
2026-08-24 01:03:56,803 INFO ncaa_identity: contest_id=390057 teams 2465/2465 matched, players 6683/6949 matched
2026-08-24 01:03:58,550 INFO ncaa_identity: contest_id=390154 teams 1305/2586 matched, players 3449/7333 matched
2026-08-24 01:04:01,429 INFO ncaa_identity: contest_id=390224 teams 2422/2422 matched, players 6098/6836 matched
2026-08-24 01:04:02,799 INFO ncaa_identity: contest_id=390234 teams 2243/2243 matched, players 6162/6356 matched
2026-08-24 01:04:04,031 INFO ncaa_identity: contest_id=390249 teams 2275/2275 matched, players 5824/6427 matched
2026-08-24 01:04:05,697 INFO ncaa_identity: contest_id=390261 teams 2901/2901 matched, players 7738/8204 matched
2026-08-24 01:04:10,256 INFO ncaa_identity: contest_id=390316 teams 2381/2381 matched, players 6480/6707 matched
2026-08-24 01:04:11,740 INFO ncaa_identity: contest_id=390337 teams 1393/2682 matched, players 3786/7538 matched
2026-08-24 01:04:13,571 INFO ncaa_identity: contest_id=390374 teams 1353/2698 matched, players 3843/7662 matched
2026-08-24 01:04:15,206 INFO ncaa_identity: contest_id=390396 teams 2808/2808 matched, players 7579/7911 matched
2026-08-24 01:04:18,347 INFO ncaa_identity: contest_id=390455 teams 1441/2795 matched, players 3980/7916 matched
2026-08-24 01:04:21,630 INFO ncaa_identity: contest_id=390516 teams 3114/3114 matched, players 8597/8824 matched
2026-08-24 01:04:23,017 INFO ncaa_identity: contest_id=390530 teams 2169/2169 matched, players 5639/6156 matched
2026-08-24 01:04:24,497 INFO ncaa_identity: contest_id=390553 teams 1055/2043 matched, players 2913/5751 matched
2026-08-24 01:04:25,877 INFO ncaa_identity: contest_id=390595 teams 2464/2464 matched, players 6638/6914 matched
2026-08-24 01:04:29,207 INFO ncaa_identity: contest_id=390631 teams 1112/2154 matched, players 3070/6065 matched
2026-08-24 01:04:30,997 INFO ncaa_identity: contest_id=390690 teams 2606/2606 matched, players 7309/7322 matched
2026-08-24 01:04:33,454 INFO ncaa_identity: contest_id=390720 teams 2189/2189 matched, players 5695/6146 matched
2026-08-24 01:04:36,523 INFO ncaa_identity: contest_id=390773 teams 2516/2516 matched, players 6991/7080 matched
2026-08-24 01:04:39,743 INFO ncaa_identity: contest_id=390829 teams 2436/2436 matched, players 6330/6856 matched
2026-08-24 01:04:44,500 INFO ncaa_identity: contest_id=390885 teams 2803/2803 matched, players 7830/7924 matched
2026-08-24 01:04:45,546 INFO ncaa_identity: contest_id=390898 teams 2046/2046 matched, players 5403/5785 matched
2026-08-24 01:04:46,775 INFO ncaa_identity: contest_id=390973 teams 1205/2377 matched, players 3410/6721 matched
2026-08-24 01:04:48,186 INFO ncaa_identity: contest_id=391005 teams 2358/2358 matched, players 6229/6661 matched
2026-08-24 01:04:49,266 INFO ncaa_identity: contest_id=391034 teams 1992/1992 matched, players 5297/5583 matched
2026-08-24 01:04:50,890 INFO ncaa_identity: contest_id=391053 teams 2341/2341 matched, players 6102/6644 matched
2026-08-24 01:04:53,601 INFO ncaa_identity: contest_id=391077 teams 2635/2635 matched, players 6920/7458 matched
2026-08-24 01:04:55,595 INFO ncaa_identity: contest_id=391091 teams 2451/2451 matched, players 6588/6894 matched
2026-08-24 01:04:58,509 INFO ncaa_identity: contest_id=391113 teams 2620/2620 matched, players 7297/7378 matched
2026-08-24 01:05:03,878 INFO ncaa_identity: contest_id=391168 teams 2273/2273 matched, players 5929/6366 matched
2026-08-24 01:05:05,210 INFO ncaa_identity: contest_id=391179 teams 1349/2708 matched, players 3877/7718 matched
2026-08-24 01:05:06,449 INFO ncaa_identity: contest_id=391198 teams 2494/2494 matched, players 6905/7040 matched
2026-08-24 01:05:08,028 INFO ncaa_identity: contest_id=391212 teams 2812/2812 matched, players 7494/7989 matched
2026-08-24 01:05:09,553 INFO ncaa_identity: contest_id=391223 teams 2733/2733 matched, players 7497/7682 matched
2026-08-24 01:05:12,344 INFO ncaa_identity: contest_id=391243 teams 1511/3079 matched, players 3827/8735 matched
2026-08-24 01:05:14,947 INFO ncaa_identity: contest_id=391279 teams 2700/2700 matched, players 7240/7663 matched
2026-08-24 01:05:20,874 INFO ncaa_identity: contest_id=391327 teams 2593/2593 matched, players 7106/7323 matched
2026-08-24 01:05:22,175 INFO ncaa_identity: contest_id=391350 teams 1287/2459 matched, players 3534/6955 matched
2026-08-24 01:05:23,872 INFO ncaa_identity: contest_id=391388 teams 2671/2671 matched, players 6690/7540 matched
2026-08-24 01:05:25,434 INFO ncaa_identity: contest_id=391414 teams 2586/2586 matched, players 7217/7254 matched
2026-08-24 01:05:26,695 INFO ncaa_identity: contest_id=391430 teams 1152/2252 matched, players 3246/6340 matched
2026-08-24 01:05:28,558 INFO ncaa_identity: contest_id=391441 teams 2909/2909 matched, players 7976/8229 matched
2026-08-24 01:05:29,954 INFO ncaa_identity: contest_id=391455 teams 2521/2521 matched, players 6692/7132 matched
2026-08-24 01:05:34,063 INFO ncaa_identity: contest_id=391563 teams 2048/2048 matched, players 5384/5770 matched
2026-08-24 01:05:35,806 INFO ncaa_identity: contest_id=391579 teams 2434/2434 matched, players 5852/6831 matched
2026-08-24 01:05:44,867 INFO ncaa_identity: contest_id=391724 teams 2134/2134 matched, players 5898/5980 matched
2026-08-24 01:05:46,420 INFO ncaa_identity: contest_id=391745 teams 2189/2189 matched, players 5582/6184 matched
2026-08-24 01:05:47,795 INFO ncaa_identity: contest_id=391796 teams 2467/2467 matched, players 5729/6923 matched
2026-08-24 01:05:50,657 INFO ncaa_identity: contest_id=391853 teams 2611/2611 matched, players 6630/7328 matched
2026-08-24 01:05:57,433 INFO ncaa_identity: contest_id=391969 teams 2330/2330 matched, players 6254/6561 matched
2026-08-24 01:06:00,011 INFO ncaa_identity: contest_id=392151 teams 2322/2322 matched, players 5781/6557 matched
2026-08-24 01:06:01,210 INFO ncaa_identity: contest_id=392164 teams 2776/2776 matched, players 7418/7865 matched
2026-08-24 01:06:04,954 INFO ncaa_identity: contest_id=392216 teams 2363/2363 matched, players 6008/6648 matched
2026-08-24 01:06:06,244 INFO ncaa_identity: contest_id=392227 teams 2404/2404 matched, players 6673/6766 matched
2026-08-24 01:06:07,573 INFO ncaa_identity: contest_id=392260 teams 1939/1939 matched, players 4898/5417 matched
2026-08-24 01:06:08,917 INFO ncaa_identity: contest_id=392286 teams 2683/2683 matched, players 5054/7608 matched
2026-08-24 01:06:10,621 INFO ncaa_identity: contest_id=392311 teams 1347/2705 matched, players 2935/7625 matched
2026-08-24 01:06:12,995 INFO ncaa_identity: contest_id=392383 teams 2409/2409 matched, players 6413/6739 matched
2026-08-24 01:06:14,437 INFO ncaa_identity: contest_id=392421 teams 2336/2336 matched, players 6098/6605 matched
2026-08-24 01:06:15,779 INFO ncaa_identity: contest_id=392489 teams 2392/2392 matched, players 6441/6756 matched
2026-08-24 01:06:18,501 INFO ncaa_identity: contest_id=392548 teams 2047/2047 matched, players 5267/5774 matched
2026-08-24 01:06:25,801 INFO ncaa_identity: contest_id=392722 teams 2486/2486 matched, players 7005/7027 matched
2026-08-24 01:06:30,804 INFO ncaa_identity: contest_id=392849 teams 2516/2516 matched, players 6693/7153 matched
2026-08-24 01:06:32,015 INFO ncaa_identity: contest_id=392869 teams 2118/2118 matched, players 5726/5965 matched
2026-08-24 01:06:33,409 INFO ncaa_identity: contest_id=392930 teams 2212/2212 matched, players 5947/6249 matched
2026-08-24 01:06:36,455 INFO ncaa_identity: contest_id=392989 teams 2429/2429 matched, players 6523/6814 matched
2026-08-24 01:06:39,123 INFO ncaa_identity: contest_id=393046 teams 1628/1628 matched, players 4439/4511 matched
2026-08-24 01:06:42,144 INFO ncaa_identity: contest_id=393087 teams 2141/2141 matched, players 5946/6030 matched
2026-08-24 01:06:45,067 INFO ncaa_identity: contest_id=393134 teams 2524/2524 matched, players 6927/7111 matched
2026-08-24 01:06:46,259 INFO ncaa_identity: contest_id=393158 teams 2296/2296 matched, players 6189/6450 matched
2026-08-24 01:06:47,545 INFO ncaa_identity: contest_id=393273 teams 2452/2452 matched, players 5904/6918 matched
2026-08-24 01:06:48,922 INFO ncaa_identity: contest_id=393358 teams 2131/2131 matched, players 5627/6019 matched
2026-08-24 01:06:51,012 INFO ncaa_identity: contest_id=393379 teams 2266/2266 matched, players 5841/6446 matched
2026-08-24 01:06:54,756 INFO ncaa_identity: contest_id=393429 teams 2398/2398 matched, players 6422/6798 matched
2026-08-24 01:06:57,466 INFO ncaa_identity: contest_id=393465 teams 2739/2739 matched, players 7364/7749 matched
2026-08-24 01:07:00,240 INFO ncaa_identity: contest_id=393607 teams 2238/2238 matched, players 5718/6313 matched
2026-08-24 01:07:02,916 INFO ncaa_identity: contest_id=393675 teams 2043/2043 matched, players 5510/5740 matched
2026-08-24 01:07:04,062 INFO ncaa_identity: contest_id=393715 teams 1135/2288 matched, players 3246/6443 matched
2026-08-24 01:07:08,683 INFO ncaa_identity: contest_id=393814 teams 2286/2286 matched, players 5885/6437 matched
2026-08-24 01:07:13,307 INFO ncaa_identity: contest_id=393858 teams 2668/2668 matched, players 6990/7569 matched
2026-08-24 01:07:18,426 INFO ncaa_identity: contest_id=394037 teams 2772/2772 matched, players 6634/7872 matched
2026-08-24 01:07:23,440 INFO ncaa_identity: contest_id=394148 teams 2569/2569 matched, players 4780/7233 matched
2026-08-24 01:07:24,846 INFO ncaa_identity: contest_id=394167 teams 2300/2300 matched, players 6190/6531 matched
2026-08-24 01:07:26,051 INFO ncaa_identity: contest_id=394201 teams 2420/2420 matched, players 6777/6884 matched
2026-08-24 01:07:27,500 INFO ncaa_identity: contest_id=394217 teams 2338/2338 matched, players 5638/6565 matched
2026-08-24 01:07:28,845 INFO ncaa_identity: contest_id=394241 teams 1303/2683 matched, players 3364/7585 matched
2026-08-24 01:07:34,546 INFO ncaa_identity: contest_id=394477 teams 2332/2332 matched, players 6372/6561 matched
2026-08-24 01:07:35,744 INFO ncaa_identity: contest_id=394491 teams 2361/2361 matched, players 6280/6664 matched
2026-08-24 01:07:38,654 INFO ncaa_identity: contest_id=394523 teams 3049/3049 matched, players 7448/8646 matched
2026-08-24 01:07:40,094 INFO ncaa_identity: contest_id=394543 teams 2309/2309 matched, players 5724/6489 matched
2026-08-24 01:07:41,652 INFO ncaa_identity: contest_id=394558 teams 2458/2458 matched, players 5591/6912 matched
2026-08-24 01:07:42,765 INFO ncaa_identity: contest_id=394571 teams 2315/2315 matched, players 6353/6490 matched
2026-08-24 01:07:45,440 INFO ncaa_identity: contest_id=394691 teams 2580/2580 matched, players 6983/7320 matched
2026-08-24 01:07:48,466 INFO ncaa_identity: contest_id=394766 teams 2567/2567 matched, players 6660/7256 matched
2026-08-24 01:07:58,657 INFO ncaa_identity: contest_id=394948 teams 2498/2498 matched, players 6700/7054 matched
2026-08-24 01:08:01,419 INFO ncaa_identity: contest_id=395063 teams 1922/1922 matched, players 5098/5384 matched
2026-08-24 01:08:03,806 INFO ncaa_identity: contest_id=395144 teams 2102/2102 matched, players 5874/5914 matched
2026-08-24 01:08:07,740 INFO ncaa_identity: contest_id=395223 teams 2107/2107 matched, players 4955/5923 matched
2026-08-24 01:08:12,719 INFO ncaa_identity: contest_id=395289 teams 2363/2363 matched, players 6461/6673 matched
2026-08-24 01:08:18,778 INFO ncaa_identity: contest_id=395524 teams 2419/2419 matched, players 6474/6832 matched
2026-08-24 01:08:20,819 INFO ncaa_identity: contest_id=395553 teams 2809/2809 matched, players 5312/7909 matched
2026-08-24 01:08:22,274 INFO ncaa_identity: contest_id=395566 teams 1122/2298 matched, players 3224/6481 matched
2026-08-24 01:08:27,215 INFO ncaa_identity: contest_id=395636 teams 2138/2138 matched, players 5288/5993 matched
2026-08-24 01:08:28,815 INFO ncaa_identity: contest_id=395649 teams 2383/2383 matched, players 6414/6694 matched
2026-08-24 01:08:31,765 INFO ncaa_identity: contest_id=395710 teams 2099/2099 matched, players 5810/5833 matched
2026-08-24 01:08:32,989 INFO ncaa_identity: contest_id=395744 teams 2082/2082 matched, players 5813/5868 matched
2026-08-24 01:08:34,810 INFO ncaa_identity: contest_id=395783 teams 3002/3002 matched, players 8488/8519 matched
2026-08-24 01:08:36,136 INFO ncaa_identity: contest_id=395892 teams 1202/2393 matched, players 3421/6759 matched
2026-08-24 01:08:37,524 INFO ncaa_identity: contest_id=395905 teams 2573/2573 matched, players 6782/7258 matched
2026-08-24 01:08:39,293 INFO ncaa_identity: contest_id=395928 teams 2545/2545 matched, players 6841/7196 matched
2026-08-24 01:08:40,862 INFO ncaa_identity: contest_id=395941 teams 1231/2411 matched, players 3326/6685 matched
2026-08-24 01:08:42,735 INFO ncaa_identity: contest_id=395954 teams 2340/2340 matched, players 6381/6603 matched
2026-08-24 01:08:50,121 INFO ncaa_identity: contest_id=396163 teams 2265/2265 matched, players 5234/6349 matched
2026-08-24 01:08:53,120 INFO ncaa_identity: contest_id=396209 teams 1807/1807 matched, players 674/679 matched
2026-08-24 01:08:54,924 INFO ncaa_identity: contest_id=396243 teams 1300/2556 matched, players 3677/7214 matched
2026-08-24 01:08:58,478 INFO ncaa_identity: contest_id=396300 teams 1095/2278 matched, players 3180/6430 matched
2026-08-24 01:08:59,938 INFO ncaa_identity: contest_id=396314 teams 2205/2205 matched, players 5450/6204 matched
2026-08-24 01:09:01,288 INFO ncaa_identity: contest_id=396344 teams 2303/2303 matched, players 6168/6511 matched
2026-08-24 01:09:03,055 INFO ncaa_identity: contest_id=396368 teams 2779/2779 matched, players 7158/7805 matched
2026-08-24 01:09:05,605 INFO ncaa_identity: contest_id=396428 teams 2017/2017 matched, players 5277/5679 matched
2026-08-24 01:09:08,128 INFO ncaa_identity: contest_id=396616 teams 2335/2335 matched, players 6183/6605 matched
2026-08-24 01:09:09,967 INFO ncaa_identity: contest_id=396627 teams 2562/2562 matched, players 6787/7260 matched
2026-08-24 01:09:11,484 INFO ncaa_identity: contest_id=396639 teams 2751/2751 matched, players 7210/7729 matched
2026-08-24 01:09:14,344 INFO ncaa_identity: contest_id=396677 teams 2361/2361 matched, players 5749/6645 matched
2026-08-24 01:09:15,778 INFO ncaa_identity: contest_id=396693 teams 1801/1801 matched, players 4316/5018 matched
2026-08-24 01:09:18,742 INFO ncaa_identity: contest_id=396815 teams 1202/2433 matched, players 3191/6824 matched
2026-08-24 01:09:20,302 INFO ncaa_identity: contest_id=396862 teams 2374/2374 matched, players 6265/6703 matched
2026-08-24 01:09:22,940 INFO ncaa_identity: contest_id=396928 teams 2257/2257 matched, players 6185/6374 matched
2026-08-24 01:09:24,611 INFO ncaa_identity: contest_id=397014 teams 2408/2408 matched, players 5778/6825 matched
2026-08-24 01:09:25,842 INFO ncaa_identity: contest_id=397027 teams 2126/2126 matched, players 5852/5998 matched
2026-08-24 01:09:27,382 INFO ncaa_identity: contest_id=397043 teams 2346/2346 matched, players 6395/6641 matched
2026-08-24 01:09:30,560 INFO ncaa_identity: contest_id=397076 teams 2202/2202 matched, players 6126/6201 matched
2026-08-24 01:09:32,001 INFO ncaa_identity: contest_id=397088 teams 2251/2251 matched, players 6181/6338 matched
2026-08-24 01:09:33,198 INFO ncaa_identity: contest_id=397153 teams 2240/2240 matched, players 5574/6312 matched
2026-08-24 01:09:37,296 INFO ncaa_identity: contest_id=397270 teams 2253/2253 matched, players 5586/6372 matched
2026-08-24 01:09:41,842 INFO ncaa_identity: contest_id=397345 teams 2864/2864 matched, players 5963/8058 matched
2026-08-24 01:09:43,314 INFO ncaa_identity: contest_id=397373 teams 1076/2149 matched, players 2786/6040 matched
2026-08-24 01:09:46,037 INFO ncaa_identity: contest_id=397417 teams 2194/2194 matched, players 6038/6192 matched
2026-08-24 01:09:51,046 INFO ncaa_identity: contest_id=397495 teams 2675/2675 matched, players 6899/7528 matched
2026-08-24 01:09:54,046 INFO ncaa_identity: contest_id=397703 teams 2436/2436 matched, players 6661/6854 matched
2026-08-24 01:09:58,425 INFO ncaa_identity: contest_id=397745 teams 2449/2449 matched, players 6631/6910 matched
2026-08-24 01:10:02,387 INFO ncaa_identity: contest_id=397798 teams 1532/1532 matched, players 612/616 matched
2026-08-24 01:10:04,008 INFO ncaa_identity: contest_id=397820 teams 2176/2176 matched, players 4922/6149 matched
2026-08-24 01:10:05,509 INFO ncaa_identity: contest_id=397848 teams 2637/2637 matched, players 7133/7397 matched
2026-08-24 01:10:10,716 INFO ncaa_identity: contest_id=397958 teams 2196/2196 matched, players 5632/6200 matched
2026-08-24 01:10:12,192 INFO ncaa_identity: contest_id=397980 teams 2232/2232 matched, players 6068/6275 matched
2026-08-24 01:10:16,787 INFO ncaa_identity: contest_id=398147 teams 2362/2362 matched, players 6438/6687 matched
2026-08-24 01:10:20,784 INFO ncaa_identity: contest_id=398176 teams 2338/2338 matched, players 6563/6609 matched
2026-08-24 01:10:22,397 INFO ncaa_identity: contest_id=398190 teams 2600/2600 matched, players 7008/7330 matched
2026-08-24 01:10:25,220 INFO ncaa_identity: contest_id=398280 teams 2549/2549 matched, players 6734/7221 matched
2026-08-24 01:10:32,459 INFO ncaa_identity: contest_id=398454 teams 1979/1979 matched, players 5400/5585 matched
2026-08-24 01:10:34,148 INFO ncaa_identity: contest_id=398483 teams 2131/2131 matched, players 5679/6042 matched
2026-08-24 01:10:37,057 INFO ncaa_identity: contest_id=398523 teams 2468/2468 matched, players 6623/6925 matched
2026-08-24 01:10:38,800 INFO ncaa_identity: contest_id=398554 teams 2592/2592 matched, players 7217/7332 matched
2026-08-24 01:10:44,054 INFO ncaa_identity: contest_id=398766 teams 2517/2517 matched, players 5479/7149 matched
2026-08-24 01:10:47,547 INFO ncaa_identity: contest_id=398816 teams 2117/2117 matched, players 5703/5976 matched
2026-08-24 01:10:51,812 INFO ncaa_identity: contest_id=398867 teams 2054/2054 matched, players 5744/5793 matched
2026-08-24 01:10:53,653 INFO ncaa_identity: contest_id=398886 teams 2347/2347 matched, players 6140/6591 matched
2026-08-24 01:10:54,964 INFO ncaa_identity: contest_id=398898 teams 1783/1783 matched, players 4965/4977 matched
2026-08-24 01:10:56,347 INFO ncaa_identity: contest_id=398943 teams 2172/2172 matched, players 6027/6128 matched
2026-08-24 01:11:02,356 INFO ncaa_identity: contest_id=399106 teams 2783/2783 matched, players 7040/7845 matched
2026-08-24 01:11:03,779 INFO ncaa_identity: contest_id=399201 teams 2366/2366 matched, players 6404/6668 matched
2026-08-24 01:11:05,010 INFO ncaa_identity: contest_id=399213 teams 2146/2146 matched, players 5594/6079 matched
2026-08-24 01:11:06,493 INFO ncaa_identity: contest_id=399232 teams 2070/2070 matched, players 5315/5867 matched
2026-08-24 01:11:08,002 INFO ncaa_identity: contest_id=399247 teams 2552/2552 matched, players 6972/7184 matched
2026-08-24 01:11:17,156 INFO ncaa_identity: contest_id=399445 teams 2090/2090 matched, players 5659/5885 matched
2026-08-24 01:11:19,832 INFO ncaa_identity: contest_id=399495 teams 2468/2468 matched, players 6815/6987 matched
2026-08-24 01:11:25,546 INFO ncaa_identity: contest_id=399589 teams 2572/2572 matched, players 6546/7190 matched
2026-08-24 01:11:31,535 INFO ncaa_identity: contest_id=399749 teams 2157/2157 matched, players 5296/6048 matched
2026-08-24 01:11:34,455 INFO ncaa_identity: contest_id=399861 teams 2331/2331 matched, players 6425/6551 matched
2026-08-24 01:11:35,641 INFO ncaa_identity: contest_id=399873 teams 1887/1887 matched, players 4963/5293 matched
2026-08-24 01:11:36,849 INFO ncaa_identity: contest_id=399885 teams 2101/2101 matched, players 5515/5918 matched
2026-08-24 01:11:39,381 INFO ncaa_identity: contest_id=399932 teams 947/1952 matched, players 2693/5509 matched
2026-08-24 01:11:42,637 INFO ncaa_identity: contest_id=399975 teams 2176/2176 matched, players 4856/6111 matched
2026-08-24 01:11:45,667 INFO ncaa_identity: contest_id=400079 teams 2604/2604 matched, players 7030/7389 matched
2026-08-24 01:11:46,839 INFO ncaa_identity: contest_id=400093 teams 2421/2421 matched, players 6136/6834 matched
2026-08-24 01:11:49,786 INFO ncaa_identity: contest_id=400176 teams 2553/2553 matched, players 7028/7229 matched
2026-08-24 01:11:55,445 INFO ncaa_identity: contest_id=400230 teams 2451/2451 matched, players 6840/6909 matched
2026-08-24 01:11:56,893 INFO ncaa_identity: contest_id=400245 teams 2334/2334 matched, players 5864/6592 matched
2026-08-24 01:11:59,677 INFO ncaa_identity: contest_id=400330 teams 1267/2579 matched, players 3631/7289 matched
2026-08-24 01:12:01,197 INFO ncaa_identity: contest_id=400341 teams 2694/2694 matched, players 7309/7614 matched
2026-08-24 01:12:03,993 INFO ncaa_identity: contest_id=400418 teams 2484/2484 matched, players 6611/7015 matched
2026-08-24 01:12:06,744 INFO ncaa_identity: contest_id=400446 teams 1942/1942 matched, players 4983/5454 matched
2026-08-24 01:12:08,109 INFO ncaa_identity: contest_id=400460 teams 2758/2758 matched, players 7191/7796 matched
2026-08-24 01:12:09,506 INFO ncaa_identity: contest_id=400470 teams 2296/2296 matched, players 5630/6444 matched
2026-08-24 01:12:11,080 INFO ncaa_identity: contest_id=400481 teams 1921/1921 matched, players 4705/5385 matched
2026-08-24 01:12:14,097 INFO ncaa_identity: contest_id=400501 teams 2211/2211 matched, players 6123/6232 matched
2026-08-24 01:12:15,508 INFO ncaa_identity: contest_id=400516 teams 2314/2314 matched, players 4851/6508 matched
2026-08-24 01:12:22,990 INFO ncaa_identity: contest_id=400694 teams 2631/2631 matched, players 6805/7464 matched
2026-08-24 01:12:24,192 INFO ncaa_identity: contest_id=400704 teams 2251/2251 matched, players 6174/6353 matched
2026-08-24 01:12:26,777 INFO ncaa_identity: contest_id=400747 teams 1965/1965 matched, players 4150/5546 matched
2026-08-24 01:12:27,990 INFO ncaa_identity: contest_id=400757 teams 1129/2221 matched, players 2608/6248 matched
2026-08-24 01:12:36,106 INFO ncaa_identity: contest_id=400872 teams 1055/2076 matched, players 2917/5789 matched
2026-08-24 01:12:37,847 INFO ncaa_identity: contest_id=400882 teams 2456/2456 matched, players 5642/6904 matched
2026-08-24 01:12:39,205 INFO ncaa_identity: contest_id=400892 teams 2531/2531 matched, players 6075/7071 matched
2026-08-24 01:12:40,844 INFO ncaa_identity: contest_id=400918 teams 2427/2427 matched, players 6782/6787 matched
2026-08-24 01:12:42,425 INFO ncaa_identity: contest_id=400935 teams 2235/2235 matched, players 4932/6252 matched
2026-08-24 01:12:45,232 INFO ncaa_identity: contest_id=400957 teams 2379/2379 matched, players 6259/6702 matched
2026-08-24 01:12:49,592 INFO ncaa_identity: contest_id=401021 teams 2264/2264 matched, players 6017/6390 matched
2026-08-24 01:12:53,663 INFO ncaa_identity: contest_id=401078 teams 2479/2479 matched, players 6656/6988 matched
2026-08-24 01:12:56,154 INFO ncaa_identity: contest_id=401098 teams 2498/2498 matched, players 6036/7036 matched
2026-08-24 01:12:59,149 INFO ncaa_identity: contest_id=401119 teams 2921/2921 matched, players 7510/8276 matched
2026-08-24 01:13:00,566 INFO ncaa_identity: contest_id=401153 teams 2280/2280 matched, players 5993/6406 matched
2026-08-24 01:13:03,288 INFO ncaa_identity: contest_id=401201 teams 2113/2113 matched, players 5577/5953 matched
2026-08-24 01:13:04,620 INFO ncaa_identity: contest_id=401214 teams 2037/2037 matched, players 4531/5724 matched
2026-08-24 01:13:05,843 INFO ncaa_identity: contest_id=401238 teams 2595/2595 matched, players 6882/7335 matched
2026-08-24 01:13:07,210 INFO ncaa_identity: contest_id=401250 teams 2263/2263 matched, players 5953/6375 matched
2026-08-24 01:13:08,483 INFO ncaa_identity: contest_id=401260 teams 2360/2360 matched, players 6193/6660 matched
2026-08-24 01:13:23,687 INFO ncaa_identity: contest_id=401433 teams 2372/2372 matched, players 6411/6657 matched
2026-08-24 01:13:26,725 INFO ncaa_identity: contest_id=401472 teams 2315/2315 matched, players 4987/6476 matched
2026-08-24 01:13:35,843 INFO ncaa_identity: contest_id=401542 teams 2651/2651 matched, players 7166/7512 matched
2026-08-24 01:13:36,988 INFO ncaa_identity: contest_id=401554 teams 2122/2122 matched, players 5845/5965 matched
2026-08-24 01:13:41,865 INFO ncaa_identity: contest_id=401585 teams 2644/2644 matched, players 6990/7479 matched
2026-08-24 01:13:42,018 INFO 5 starters not found for period 3; using estimate
2026-08-24 01:13:43,286 INFO ncaa_identity: contest_id=401601 teams 2480/2480 matched, players 6404/7046 matched
2026-08-24 01:13:44,967 INFO ncaa_identity: contest_id=401612 teams 2189/2189 matched, players 5481/6137 matched
2026-08-24 01:13:48,255 INFO ncaa_identity: contest_id=459378 teams 2876/2876 matched, players 6926/8147 matched
2026-08-24 01:13:49,626 INFO ncaa_identity: contest_id=459390 teams 944/1888 matched, players 318/660 matched
2026-08-24 01:13:52,891 INFO ncaa_identity: contest_id=459417 teams 1303/2572 matched, players 3715/7259 matched
2026-08-24 01:13:54,647 INFO ncaa_identity: contest_id=459433 teams 1419/2803 matched, players 4065/7949 matched
2026-08-24 01:13:56,287 INFO ncaa_identity: contest_id=459450 teams 3410/3410 matched, players 9588/9591 matched
2026-08-24 01:13:58,366 INFO ncaa_identity: contest_id=459467 teams 1446/2766 matched, players 3962/7776 matched
2026-08-24 01:13:59,826 INFO ncaa_identity: contest_id=459479 teams 1307/2599 matched, players 3675/7336 matched
2026-08-24 01:14:01,540 INFO ncaa_identity: contest_id=459505 teams 1255/2495 matched, players 3503/6981 matched
2026-08-24 01:14:03,667 INFO ncaa_identity: contest_id=459524 teams 1403/2825 matched, players 3935/7986 matched
2026-08-24 01:14:07,092 INFO ncaa_identity: contest_id=459562 teams 1178/2311 matched, players 3008/6501 matched
2026-08-24 01:14:10,464 INFO ncaa_identity: contest_id=459600 teams 2273/2273 matched, players 5286/6425 matched
2026-08-24 01:14:12,034 INFO ncaa_identity: contest_id=459672 teams 2443/2443 matched, players 6716/6895 matched
2026-08-24 01:14:13,667 INFO ncaa_identity: contest_id=459724 teams 1032/2072 matched, players 2880/5751 matched
2026-08-24 01:14:15,035 INFO ncaa_identity: contest_id=459777 teams 2345/2345 matched, players 5729/6604 matched
2026-08-24 01:14:18,190 INFO ncaa_identity: contest_id=459957 teams 1125/2153 matched, players 3036/6103 matched
2026-08-24 01:14:20,273 INFO ncaa_identity: contest_id=459974 teams 3045/3045 matched, players 8320/8664 matched
2026-08-24 01:14:21,669 INFO ncaa_identity: contest_id=459988 teams 2288/2288 matched, players 5903/6435 matched
2026-08-24 01:14:25,032 INFO ncaa_identity: contest_id=460017 teams 3081/3081 matched, players 8244/8679 matched
2026-08-24 01:14:26,705 INFO ncaa_identity: contest_id=460034 teams 2852/2852 matched, players 8028/8089 matched
2026-08-24 01:14:28,091 INFO ncaa_identity: contest_id=460058 teams 2220/2220 matched, players 5220/6299 matched
2026-08-24 01:14:31,098 INFO ncaa_identity: contest_id=460129 teams 2785/2785 matched, players 7709/7870 matched
2026-08-24 01:14:32,705 INFO ncaa_identity: contest_id=460143 teams 1191/2382 matched, players 3430/6745 matched
2026-08-24 01:14:35,961 INFO ncaa_identity: contest_id=460177 teams 1598/3259 matched, players 4111/9250 matched
2026-08-24 01:14:37,783 INFO ncaa_identity: contest_id=460204 teams 2406/2406 matched, players 6743/6751 matched
2026-08-24 01:14:42,012 INFO ncaa_identity: contest_id=460276 teams 1368/2693 matched, players 3851/7590 matched
2026-08-24 01:14:43,950 INFO ncaa_identity: contest_id=460335 teams 1629/3388 matched, players 4652/9648 matched
2026-08-24 01:14:46,810 INFO ncaa_identity: contest_id=460393 teams 2307/2307 matched, players 6112/6517 matched
2026-08-24 01:14:54,883 INFO ncaa_identity: contest_id=460538 teams 2812/2812 matched, players 7883/7931 matched
2026-08-24 01:14:56,475 INFO ncaa_identity: contest_id=460562 teams 1143/2230 matched, players 3221/6305 matched
2026-08-24 01:14:57,685 INFO ncaa_identity: contest_id=460577 teams 2134/2134 matched, players 5720/6010 matched
2026-08-24 01:14:59,339 INFO ncaa_identity: contest_id=460597 teams 2829/2829 matched, players 7633/8015 matched
2026-08-24 01:15:00,821 INFO ncaa_identity: contest_id=460638 teams 1245/2532 matched, players 3562/7131 matched
2026-08-24 01:15:02,884 INFO ncaa_identity: contest_id=460662 teams 1224/2407 matched, players 3392/6768 matched
2026-08-24 01:15:04,198 INFO ncaa_identity: contest_id=460686 teams 2335/2335 matched, players 6220/6576 matched
2026-08-24 01:15:06,882 INFO ncaa_identity: contest_id=460810 teams 1204/2311 matched, players 507/904 matched
2026-08-24 01:15:08,536 INFO ncaa_identity: contest_id=460833 teams 2316/2316 matched, players 6096/6538 matched
2026-08-24 01:15:10,044 INFO ncaa_identity: contest_id=460878 teams 2491/2491 matched, players 6958/7106 matched
2026-08-24 01:15:13,479 INFO ncaa_identity: contest_id=460950 teams 2560/2560 matched, players 6428/7174 matched
2026-08-24 01:15:15,170 INFO ncaa_identity: contest_id=460991 teams 2263/2263 matched, players 6037/6385 matched
2026-08-24 01:15:16,604 INFO ncaa_identity: contest_id=461044 teams 2635/2635 matched, players 7005/7417 matched
2026-08-24 01:15:20,287 INFO ncaa_identity: contest_id=461201 teams 1561/3106 matched, players 3891/8783 matched
2026-08-24 01:15:28,503 INFO ncaa_identity: contest_id=461307 teams 2491/2491 matched, players 6293/6978 matched
2026-08-24 01:15:29,862 INFO ncaa_identity: contest_id=461335 teams 2379/2379 matched, players 6181/6726 matched
2026-08-24 01:15:31,822 INFO ncaa_identity: contest_id=461348 teams 1472/2832 matched, players 4022/8018 matched
2026-08-24 01:15:35,219 INFO ncaa_identity: contest_id=461386 teams 2623/2623 matched, players 6433/7454 matched
2026-08-24 01:15:36,523 INFO ncaa_identity: contest_id=461417 teams 1909/1909 matched, players 4980/5376 matched
2026-08-24 01:15:38,183 INFO ncaa_identity: contest_id=461446 teams 2181/2181 matched, players 5617/6128 matched
2026-08-24 01:15:41,340 INFO ncaa_identity: contest_id=461515 teams 1207/2446 matched, players 3435/6913 matched
2026-08-24 01:15:42,878 INFO ncaa_identity: contest_id=461562 teams 2413/2413 matched, players 6224/6800 matched
2026-08-24 01:15:45,856 INFO ncaa_identity: contest_id=461686 teams 2493/2493 matched, players 6656/7037 matched
2026-08-24 01:15:50,941 INFO ncaa_identity: contest_id=461742 teams 2727/2727 matched, players 7294/7748 matched
2026-08-24 01:15:52,282 INFO ncaa_identity: contest_id=461757 teams 2516/2516 matched, players 6782/7105 matched
2026-08-24 01:15:53,969 INFO ncaa_identity: contest_id=461769 teams 2326/2326 matched, players 6490/6579 matched
2026-08-24 01:15:55,239 INFO ncaa_identity: contest_id=461784 teams 2208/2208 matched, players 6068/6273 matched
2026-08-24 01:15:56,828 INFO ncaa_identity: contest_id=461798 teams 2549/2549 matched, players 7012/7121 matched
2026-08-24 01:15:58,254 INFO ncaa_identity: contest_id=461817 teams 2544/2544 matched, players 6352/7152 matched
2026-08-24 01:16:04,546 INFO ncaa_identity: contest_id=461884 teams 2234/2234 matched, players 6169/6248 matched
2026-08-24 01:16:15,880 INFO ncaa_identity: contest_id=462073 teams 2216/2216 matched, players 5899/6274 matched
2026-08-24 01:16:21,681 INFO ncaa_identity: contest_id=462121 teams 2423/2423 matched, players 6600/6818 matched
2026-08-24 01:16:26,313 INFO ncaa_identity: contest_id=462175 teams 1160/2239 matched, players 3198/6319 matched
2026-08-24 01:16:28,153 INFO ncaa_identity: contest_id=462200 teams 2400/2400 matched, players 6447/6740 matched
2026-08-24 01:16:29,888 INFO ncaa_identity: contest_id=462227 teams 2415/2415 matched, players 6331/6823 matched
2026-08-24 01:16:34,876 INFO ncaa_identity: contest_id=462294 teams 2627/2627 matched, players 7147/7411 matched
2026-08-24 01:16:39,184 INFO ncaa_identity: contest_id=462407 teams 1158/2343 matched, players 3269/6561 matched
2026-08-24 01:16:43,540 INFO ncaa_identity: contest_id=462500 teams 2169/2169 matched, players 5775/6099 matched
2026-08-24 01:16:45,425 INFO ncaa_identity: contest_id=462521 teams 2573/2573 matched, players 6544/7243 matched
2026-08-24 01:16:46,716 INFO ncaa_identity: contest_id=462553 teams 2020/2020 matched, players 5346/5630 matched
2026-08-24 01:16:51,765 INFO ncaa_identity: contest_id=462625 teams 1350/2580 matched, players 3739/7288 matched
2026-08-24 01:16:53,646 INFO ncaa_identity: contest_id=462672 teams 2236/2236 matched, players 6236/6311 matched
2026-08-24 01:16:55,509 INFO ncaa_identity: contest_id=462725 teams 2405/2405 matched, players 6566/6775 matched
2026-08-24 01:17:00,194 INFO ncaa_identity: contest_id=462797 teams 2188/2188 matched, players 5784/6164 matched
2026-08-24 01:17:06,207 INFO ncaa_identity: contest_id=462943 teams 2453/2453 matched, players 6563/6998 matched
2026-08-24 01:17:07,517 INFO ncaa_identity: contest_id=462987 teams 2343/2343 matched, players 5842/6582 matched
2026-08-24 01:17:10,747 INFO ncaa_identity: contest_id=463034 teams 2453/2453 matched, players 6530/6915 matched
2026-08-24 01:17:18,634 INFO ncaa_identity: contest_id=463326 teams 2221/2221 matched, players 5006/6248 matched
2026-08-24 01:17:22,108 INFO ncaa_identity: contest_id=463379 teams 2547/2547 matched, players 6886/7230 matched
2026-08-24 01:17:25,374 INFO ncaa_identity: contest_id=463401 teams 2656/2656 matched, players 7294/7510 matched
2026-08-24 01:17:27,266 INFO ncaa_identity: contest_id=463414 teams 2325/2325 matched, players 6357/6506 matched
2026-08-24 01:17:30,379 INFO 5 starters not found for period 6; using estimate
2026-08-24 01:17:33,500 INFO ncaa_identity: contest_id=463488 teams 2419/2419 matched, players 6274/6842 matched
2026-08-24 01:17:35,334 INFO ncaa_identity: contest_id=463512 teams 1173/2346 matched, players 3249/6537 matched
2026-08-24 01:17:36,902 INFO ncaa_identity: contest_id=463542 teams 2180/2180 matched, players 5440/6157 matched
2026-08-24 01:17:38,625 INFO ncaa_identity: contest_id=463591 teams 1297/2576 matched, players 3603/7266 matched
2026-08-24 01:17:43,265 INFO ncaa_identity: contest_id=463675 teams 1835/1835 matched, players 5074/5141 matched
2026-08-24 01:17:46,583 INFO ncaa_identity: contest_id=463750 teams 2417/2417 matched, players 6398/6756 matched
2026-08-24 01:17:49,645 INFO ncaa_identity: contest_id=463858 teams 1972/1972 matched, players 5509/5565 matched
2026-08-24 01:17:51,228 INFO ncaa_identity: contest_id=463885 teams 2326/2326 matched, players 6510/6630 matched
2026-08-24 01:17:52,516 INFO ncaa_identity: contest_id=463917 teams 1923/1923 matched, players 5280/5415 matched
2026-08-24 01:17:56,893 INFO ncaa_identity: contest_id=464077 teams 2052/2052 matched, players 594/724 matched
2026-08-24 01:17:58,913 INFO ncaa_identity: contest_id=464102 teams 0/3299 matched, players 0/9342 matched
2026-08-24 01:18:07,692 INFO ncaa_identity: contest_id=464218 teams 1352/2602 matched, players 3672/7337 matched
2026-08-24 01:18:09,433 INFO ncaa_identity: contest_id=464237 teams 1250/2489 matched, players 3489/7036 matched
2026-08-24 01:18:14,989 INFO ncaa_identity: contest_id=464320 teams 2094/2094 matched, players 5432/5913 matched
2026-08-24 01:18:26,675 INFO ncaa_identity: contest_id=464529 teams 1124/2319 matched, players 3227/6525 matched
2026-08-24 01:18:28,614 INFO ncaa_identity: contest_id=464550 teams 2385/2385 matched, players 6583/6690 matched
2026-08-24 01:18:29,889 INFO ncaa_identity: contest_id=464576 teams 1136/2371 matched, players 2686/6706 matched
2026-08-24 01:18:36,556 INFO ncaa_identity: contest_id=464680 teams 2356/2356 matched, players 5717/6682 matched
2026-08-24 01:18:39,937 INFO ncaa_identity: contest_id=464774 teams 1222/2491 matched, players 3517/6997 matched
2026-08-24 01:18:43,015 INFO ncaa_identity: contest_id=464846 teams 2301/2301 matched, players 6004/6484 matched
2026-08-24 01:18:44,892 INFO ncaa_identity: contest_id=464857 teams 2355/2355 matched, players 6396/6669 matched
2026-08-24 01:18:51,246 INFO ncaa_identity: contest_id=464930 teams 1228/2414 matched, players 3477/6838 matched
2026-08-24 01:18:52,658 INFO ncaa_identity: contest_id=464953 teams 2562/2562 matched, players 6639/7247 matched
2026-08-24 01:18:56,023 INFO ncaa_identity: contest_id=464983 teams 1984/1984 matched, players 5485/5531 matched
2026-08-24 01:18:57,579 INFO ncaa_identity: contest_id=464993 teams 1168/2413 matched, players 3424/6804 matched
2026-08-24 01:18:58,992 INFO ncaa_identity: contest_id=465004 teams 1212/2398 matched, players 3187/6730 matched
2026-08-24 01:19:02,022 INFO ncaa_identity: contest_id=465026 teams 2507/2507 matched, players 6866/7021 matched
2026-08-24 01:19:03,850 INFO ncaa_identity: contest_id=465042 teams 1326/2703 matched, players 3689/7701 matched
2026-08-24 01:19:05,413 INFO ncaa_identity: contest_id=465057 teams 2522/2522 matched, players 5970/7105 matched
2026-08-24 01:19:07,471 INFO ncaa_identity: contest_id=465068 teams 2819/2819 matched, players 7530/7958 matched
2026-08-24 01:19:18,424 INFO ncaa_identity: contest_id=465152 teams 2740/2740 matched, players 7419/7711 matched
2026-08-24 01:19:20,241 INFO ncaa_identity: contest_id=465182 teams 1258/2521 matched, players 3010/7087 matched
2026-08-24 01:19:25,285 INFO ncaa_identity: contest_id=465226 teams 2264/2264 matched, players 5695/6352 matched
2026-08-24 01:19:26,966 INFO ncaa_identity: contest_id=465245 teams 2283/2283 matched, players 5317/6425 matched
2026-08-24 01:19:30,249 INFO ncaa_identity: contest_id=465319 teams 2810/2810 matched, players 7640/7990 matched
2026-08-24 01:19:35,056 INFO ncaa_identity: contest_id=465376 teams 2259/2259 matched, players 5843/6410 matched
2026-08-24 01:19:36,728 INFO ncaa_identity: contest_id=465390 teams 2202/2202 matched, players 5813/6213 matched
2026-08-24 01:19:38,043 INFO ncaa_identity: contest_id=465426 teams 1091/2120 matched, players 2598/5965 matched
2026-08-24 01:19:41,878 INFO ncaa_identity: contest_id=465502 teams 1370/2643 matched, players 3734/7430 matched
2026-08-24 01:19:43,375 INFO ncaa_identity: contest_id=465521 teams 2391/2391 matched, players 6432/6737 matched
2026-08-24 01:19:46,563 INFO ncaa_identity: contest_id=465582 teams 1237/2516 matched, players 3540/7137 matched
2026-08-24 01:19:48,384 INFO ncaa_identity: contest_id=465600 teams 2566/2566 matched, players 6716/7224 matched
2026-08-24 01:19:50,005 INFO ncaa_identity: contest_id=465629 teams 1158/2328 matched, players 3020/6549 matched
2026-08-24 01:19:51,523 INFO ncaa_identity: contest_id=465647 teams 2420/2420 matched, players 5708/6832 matched
2026-08-24 01:19:53,081 INFO ncaa_identity: contest_id=465665 teams 2291/2291 matched, players 5980/6501 matched
2026-08-24 01:19:54,764 INFO ncaa_identity: contest_id=465699 teams 2322/2322 matched, players 6224/6513 matched
2026-08-24 01:19:56,524 INFO ncaa_identity: contest_id=465728 teams 2524/2524 matched, players 6836/7098 matched
2026-08-24 01:19:59,765 INFO ncaa_identity: contest_id=465776 teams 2631/2631 matched, players 6845/7448 matched
2026-08-24 01:20:02,633 INFO ncaa_identity: contest_id=465870 teams 2305/2305 matched, players 5879/6497 matched
2026-08-24 01:20:08,948 INFO ncaa_identity: contest_id=465970 teams 2252/2252 matched, players 6150/6349 matched
2026-08-24 01:20:12,360 INFO ncaa_identity: contest_id=466021 teams 2237/2237 matched, players 6229/6281 matched
2026-08-24 01:20:19,740 INFO ncaa_identity: contest_id=466143 teams 1207/2412 matched, players 2949/6724 matched
2026-08-24 01:20:21,444 INFO ncaa_identity: contest_id=466199 teams 2555/2555 matched, players 7022/7209 matched
2026-08-24 01:20:24,775 INFO ncaa_identity: contest_id=466314 teams 1245/2503 matched, players 3571/7083 matched
2026-08-24 01:20:26,196 INFO ncaa_identity: contest_id=466343 teams 1143/2273 matched, players 3245/6436 matched
2026-08-24 01:20:42,468 INFO ncaa_identity: contest_id=466634 teams 2155/2155 matched, players 5894/6067 matched
2026-08-24 01:20:47,814 INFO ncaa_identity: contest_id=466747 teams 2404/2404 matched, players 6548/6752 matched
2026-08-24 01:20:51,546 INFO ncaa_identity: contest_id=466803 teams 2416/2416 matched, players 5919/6823 matched
2026-08-24 01:20:56,506 INFO ncaa_identity: contest_id=466945 teams 2276/2276 matched, players 6302/6373 matched
2026-08-24 01:20:59,750 INFO ncaa_identity: contest_id=467058 teams 2225/2225 matched, players 5838/6289 matched
2026-08-24 01:21:01,485 INFO ncaa_identity: contest_id=467100 teams 2481/2481 matched, players 6118/6981 matched
2026-08-24 01:21:05,202 INFO ncaa_identity: contest_id=467155 teams 2680/2680 matched, players 7217/7542 matched
2026-08-24 01:21:10,289 INFO ncaa_identity: contest_id=467194 teams 3307/3307 matched, players 8937/9317 matched
2026-08-24 01:21:11,870 INFO ncaa_identity: contest_id=467212 teams 2315/2315 matched, players 6287/6528 matched
2026-08-24 01:21:13,334 INFO ncaa_identity: contest_id=467232 teams 2487/2487 matched, players 6961/6991 matched
2026-08-24 01:21:19,444 INFO ncaa_identity: contest_id=467412 teams 2229/2229 matched, players 6225/6243 matched
2026-08-24 01:21:21,135 INFO ncaa_identity: contest_id=467458 teams 2148/2148 matched, players 5588/6060 matched
2026-08-24 01:21:24,487 INFO ncaa_identity: contest_id=467547 teams 2615/2615 matched, players 6914/7385 matched
2026-08-24 01:21:26,194 INFO ncaa_identity: contest_id=467585 teams 2457/2457 matched, players 6542/6910 matched
2026-08-24 01:21:28,124 INFO ncaa_identity: contest_id=467600 teams 2281/2281 matched, players 5977/6435 matched
2026-08-24 01:21:29,580 INFO ncaa_identity: contest_id=467624 teams 1987/1987 matched, players 5447/5578 matched
2026-08-24 01:21:32,888 INFO ncaa_identity: contest_id=467688 teams 2637/2637 matched, players 7380/7421 matched
2026-08-24 01:21:35,032 INFO ncaa_identity: contest_id=467720 teams 2331/2331 matched, players 6506/6550 matched
2026-08-24 01:21:36,484 INFO ncaa_identity: contest_id=467749 teams 2167/2167 matched, players 5689/6128 matched
2026-08-24 01:21:42,117 INFO ncaa_identity: contest_id=467855 teams 2880/2880 matched, players 7547/8110 matched
2026-08-24 01:21:43,763 INFO ncaa_identity: contest_id=467884 teams 2474/2474 matched, players 6409/6948 matched
2026-08-24 01:21:48,587 INFO ncaa_identity: contest_id=468001 teams 2229/2229 matched, players 5742/6286 matched
2026-08-24 01:21:50,435 INFO ncaa_identity: contest_id=468045 teams 3109/3109 matched, players 8656/8843 matched
2026-08-24 01:21:52,156 INFO ncaa_identity: contest_id=468081 teams 2195/2195 matched, players 5319/6203 matched
2026-08-24 01:21:55,597 INFO ncaa_identity: contest_id=468194 teams 2266/2266 matched, players 6054/6402 matched
2026-08-24 01:21:58,512 INFO ncaa_identity: contest_id=468268 teams 2467/2467 matched, players 6326/6942 matched
2026-08-24 01:22:00,126 INFO ncaa_identity: contest_id=468279 teams 2564/2564 matched, players 6672/7240 matched
2026-08-24 01:22:02,964 INFO ncaa_identity: contest_id=468302 teams 2554/2554 matched, players 6510/7261 matched
2026-08-24 01:22:06,062 INFO ncaa_identity: contest_id=468337 teams 2350/2350 matched, players 6463/6619 matched
2026-08-24 01:22:09,174 INFO ncaa_identity: contest_id=468387 teams 2200/2200 matched, players 6000/6155 matched
2026-08-24 01:22:11,914 INFO ncaa_identity: contest_id=468503 teams 1783/1783 matched, players 699/702 matched
2026-08-24 01:22:15,116 INFO ncaa_identity: contest_id=468570 teams 2353/2353 matched, players 6066/6543 matched
2026-08-24 01:22:18,762 INFO ncaa_identity: contest_id=468690 teams 1223/2304 matched, players 3147/6447 matched
2026-08-24 01:22:20,570 INFO ncaa_identity: contest_id=468709 teams 2403/2403 matched, players 6673/6776 matched
2026-08-24 01:22:29,277 INFO ncaa_identity: contest_id=468838 teams 2984/2984 matched, players 8199/8493 matched
2026-08-24 01:22:35,180 INFO ncaa_identity: contest_id=469005 teams 2236/2236 matched, players 5877/6295 matched
2026-08-24 01:22:38,057 INFO ncaa_identity: contest_id=469069 teams 2430/2430 matched, players 6432/6868 matched
2026-08-24 01:22:40,029 INFO ncaa_identity: contest_id=469110 teams 2367/2367 matched, players 6552/6614 matched
2026-08-24 01:22:41,312 INFO ncaa_identity: contest_id=469137 teams 2441/2441 matched, players 6769/6907 matched
2026-08-24 01:22:42,806 INFO ncaa_identity: contest_id=469177 teams 2223/2223 matched, players 5844/6280 matched
2026-08-24 01:22:44,118 INFO ncaa_identity: contest_id=469228 teams 2166/2166 matched, players 5642/6138 matched
2026-08-24 01:22:45,975 INFO ncaa_identity: contest_id=469254 teams 2022/2022 matched, players 5606/5618 matched
2026-08-24 01:22:47,555 INFO ncaa_identity: contest_id=469279 teams 2327/2327 matched, players 6085/6559 matched
2026-08-24 01:22:50,701 INFO ncaa_identity: contest_id=469303 teams 2188/2188 matched, players 5898/6194 matched
2026-08-24 01:22:52,667 INFO ncaa_identity: contest_id=469321 teams 2516/2516 matched, players 6352/7093 matched
2026-08-24 01:22:54,050 INFO ncaa_identity: contest_id=469335 teams 2446/2446 matched, players 6383/6961 matched
2026-08-24 01:22:55,926 INFO ncaa_identity: contest_id=469369 teams 2342/2342 matched, players 961/963 matched
2026-08-24 01:22:57,158 INFO ncaa_identity: contest_id=469394 teams 2170/2170 matched, players 5935/6080 matched
2026-08-24 01:23:00,081 INFO ncaa_identity: contest_id=469474 teams 2067/2067 matched, players 5113/5831 matched
2026-08-24 01:23:06,921 INFO ncaa_identity: contest_id=469630 teams 1161/2352 matched, players 3333/6688 matched
2026-08-24 01:23:08,497 INFO ncaa_identity: contest_id=469694 teams 1869/1869 matched, players 4386/5253 matched
2026-08-24 01:23:15,000 INFO ncaa_identity: contest_id=469805 teams 2548/2548 matched, players 6985/7226 matched
2026-08-24 01:23:16,310 INFO ncaa_identity: contest_id=469833 teams 2414/2414 matched, players 6590/6827 matched
2026-08-24 01:23:17,822 INFO ncaa_identity: contest_id=469860 teams 2258/2258 matched, players 5813/6382 matched
2026-08-24 01:23:25,708 INFO ncaa_identity: contest_id=470017 teams 2472/2472 matched, players 6516/6993 matched
2026-08-24 01:23:31,753 INFO ncaa_identity: contest_id=470158 teams 2274/2274 matched, players 5514/6401 matched
2026-08-24 01:23:34,914 INFO ncaa_identity: contest_id=470243 teams 2734/2734 matched, players 7609/7677 matched
2026-08-24 01:23:39,950 INFO ncaa_identity: contest_id=470397 teams 1320/2663 matched, players 3750/7568 matched
2026-08-24 01:23:41,882 INFO ncaa_identity: contest_id=470422 teams 2096/2096 matched, players 5826/5887 matched
2026-08-24 01:23:43,224 INFO ncaa_identity: contest_id=470433 teams 2209/2209 matched, players 5876/6207 matched
2026-08-24 01:23:46,330 INFO ncaa_identity: contest_id=470470 teams 2203/2203 matched, players 5927/6168 matched
2026-08-24 01:23:53,663 INFO ncaa_identity: contest_id=470639 teams 2271/2271 matched, players 6060/6394 matched
2026-08-24 01:23:55,586 INFO ncaa_identity: contest_id=470683 teams 971/1962 matched, players 2747/5534 matched
2026-08-24 01:23:58,915 INFO ncaa_identity: contest_id=470789 teams 2461/2461 matched, players 6333/6899 matched
2026-08-24 01:24:05,091 INFO ncaa_identity: contest_id=470898 teams 2157/2157 matched, players 5623/6057 matched
2026-08-24 01:24:10,858 INFO ncaa_identity: contest_id=470996 teams 2235/2235 matched, players 5711/6287 matched
2026-08-24 01:24:14,274 INFO ncaa_identity: contest_id=471076 teams 2849/2849 matched, players 7386/8101 matched
2026-08-24 01:24:17,443 INFO ncaa_identity: contest_id=471132 teams 1957/1957 matched, players 5418/5467 matched
2026-08-24 01:24:18,671 INFO ncaa_identity: contest_id=471160 teams 2339/2339 matched, players 6202/6596 matched
2026-08-24 01:24:20,542 INFO ncaa_identity: contest_id=471212 teams 2680/2680 matched, players 6767/7452 matched
2026-08-24 01:24:21,978 INFO ncaa_identity: contest_id=471262 teams 2183/2183 matched, players 5057/6172 matched
2026-08-24 01:24:26,620 INFO ncaa_identity: contest_id=471353 teams 2427/2427 matched, players 6843/6900 matched
2026-08-24 01:24:28,186 INFO ncaa_identity: contest_id=471425 teams 2987/2987 matched, players 6817/8504 matched
2026-08-24 01:24:42,375 INFO ncaa_identity: contest_id=471640 teams 1452/3021 matched, players 3786/8575 matched
2026-08-24 01:24:48,795 INFO ncaa_identity: contest_id=471835 teams 2180/2180 matched, players 5679/6160 matched
2026-08-24 01:24:50,166 INFO ncaa_identity: contest_id=471887 teams 2206/2206 matched, players 5980/6197 matched
2026-08-24 01:24:51,812 INFO ncaa_identity: contest_id=471937 teams 2361/2361 matched, players 6444/6687 matched
2026-08-24 01:24:54,647 INFO ncaa_identity: contest_id=471971 teams 2101/2101 matched, players 5747/5899 matched
2026-08-24 01:24:57,858 INFO ncaa_identity: contest_id=472010 teams 2584/2584 matched, players 6720/7301 matched
2026-08-24 01:24:59,197 INFO ncaa_identity: contest_id=472047 teams 2516/2516 matched, players 6424/7075 matched
2026-08-24 01:25:01,860 INFO ncaa_identity: contest_id=472108 teams 2169/2169 matched, players 5799/6145 matched
2026-08-24 01:25:06,224 INFO ncaa_identity: contest_id=472228 teams 1101/2241 matched, players 2700/6355 matched
2026-08-24 01:25:08,407 INFO ncaa_identity: contest_id=472260 teams 4336/4336 matched, players 11295/12302 matched
2026-08-24 01:25:10,238 INFO ncaa_identity: contest_id=472284 teams 2749/2749 matched, players 7428/7788 matched
2026-08-24 01:25:20,826 INFO ncaa_identity: contest_id=472395 teams 2396/2396 matched, players 6063/6770 matched
2026-08-24 01:25:25,650 INFO ncaa_identity: contest_id=472429 teams 2464/2464 matched, players 6728/6987 matched
2026-08-24 01:25:44,643 INFO ncaa_identity: contest_id=472641 teams 1869/1869 matched, players 4887/5271 matched
2026-08-24 01:25:57,860 INFO ncaa_identity: contest_id=472682 teams 2005/2005 matched, players 5189/5607 matched
2026-08-24 01:26:07,225 INFO ncaa_identity: contest_id=472715 teams 2434/2434 matched, players 6633/6879 matched
2026-08-24 01:26:12,285 INFO ncaa_identity: contest_id=472734 teams 2290/2290 matched, players 6180/6437 matched
2026-08-24 01:26:14,988 INFO ncaa_identity: contest_id=472760 teams 2158/2158 matched, players 5639/6104 matched
2026-08-24 01:26:24,656 INFO ncaa_identity: contest_id=472865 teams 901/1831 matched, players 2604/5182 matched
2026-08-24 01:26:28,378 INFO ncaa_identity: contest_id=472915 teams 2509/2509 matched, players 6589/7089 matched
2026-08-24 01:26:44,001 INFO ncaa_identity: contest_id=473068 teams 2342/2342 matched, players 6127/6628 matched
2026-08-24 01:26:47,993 INFO ncaa_identity: contest_id=473097 teams 2169/2169 matched, players 5599/6086 matched
2026-08-24 01:26:51,863 INFO ncaa_identity: contest_id=473123 teams 2629/2629 matched, players 6059/7441 matched
2026-08-24 01:26:57,283 INFO ncaa_identity: contest_id=473141 teams 2944/2944 matched, players 7718/8323 matched
2026-08-24 01:27:20,628 INFO ncaa_identity: contest_id=473295 teams 2145/2145 matched, players 6017/6028 matched
2026-08-24 01:27:25,402 INFO ncaa_identity: contest_id=473317 teams 1932/1932 matched, players 691/698 matched
2026-08-24 01:27:29,340 INFO ncaa_identity: contest_id=473341 teams 2376/2376 matched, players 6125/6684 matched
2026-08-24 01:27:42,646 INFO ncaa_identity: contest_id=473471 teams 2182/2182 matched, players 6037/6085 matched
2026-08-24 01:27:51,123 INFO ncaa_identity: contest_id=473553 teams 2142/2142 matched, players 5998/6032 matched
2026-08-24 01:27:55,646 INFO ncaa_identity: contest_id=473614 teams 2482/2482 matched, players 6096/6971 matched
2026-08-24 01:28:08,964 INFO ncaa_identity: contest_id=473723 teams 2218/2218 matched, players 5804/6259 matched
2026-08-24 01:28:22,484 INFO ncaa_identity: contest_id=473765 teams 2429/2429 matched, players 6848/6865 matched
2026-08-24 01:28:36,551 INFO ncaa_identity: contest_id=473816 teams 2151/2151 matched, players 5808/6086 matched
2026-08-24 01:28:40,915 INFO ncaa_identity: contest_id=473858 teams 2575/2575 matched, players 6907/7271 matched
2026-08-24 01:28:54,058 INFO ncaa_identity: contest_id=473962 teams 1999/1999 matched, players 5058/5664 matched
2026-08-24 01:29:03,976 INFO ncaa_identity: contest_id=474001 teams 2273/2273 matched, players 5882/6410 matched
2026-08-24 01:29:08,442 INFO ncaa_identity: contest_id=474060 teams 2340/2340 matched, players 6374/6604 matched
2026-08-24 01:29:16,494 INFO ncaa_identity: contest_id=474092 teams 2514/2514 matched, players 6039/7135 matched
2026-08-24 01:29:18,138 INFO ncaa_identity: contest_id=474113 teams 2041/2041 matched, players 5323/5759 matched
2026-08-24 01:29:28,164 INFO ncaa_identity: contest_id=474316 teams 2451/2451 matched, players 6561/6931 matched
2026-08-24 01:29:35,017 INFO ncaa_identity: contest_id=474390 teams 1968/1968 matched, players 5072/5523 matched
2026-08-24 01:29:36,791 INFO ncaa_identity: contest_id=474404 teams 2870/2870 matched, players 7360/8121 matched
2026-08-24 01:29:38,210 INFO ncaa_identity: contest_id=474422 teams 2313/2313 matched, players 6076/6527 matched
2026-08-24 01:29:40,005 INFO ncaa_identity: contest_id=474440 teams 2429/2429 matched, players 6746/6770 matched
2026-08-24 01:29:41,924 INFO ncaa_identity: contest_id=474523 teams 2583/2583 matched, players 6537/7229 matched
2026-08-24 01:29:43,336 INFO ncaa_identity: contest_id=474541 teams 2407/2407 matched, players 6498/6771 matched
2026-08-24 01:29:45,871 INFO ncaa_identity: contest_id=474562 teams 2249/2249 matched, players 5800/6329 matched
2026-08-24 01:29:48,434 INFO ncaa_identity: contest_id=474604 teams 1809/1809 matched, players 4584/5076 matched
2026-08-24 01:29:55,270 INFO ncaa_identity: contest_id=474694 teams 2165/2165 matched, players 5427/6121 matched
2026-08-24 01:29:58,453 INFO ncaa_identity: contest_id=474733 teams 1290/2567 matched, players 3664/7241 matched
2026-08-24 01:29:58,526 INFO 5 starters not found for period 1; using estimate
2026-08-24 01:29:59,861 INFO ncaa_identity: contest_id=474743 teams 1859/1859 matched, players 5128/5163 matched
2026-08-24 01:30:03,110 INFO ncaa_identity: contest_id=474763 teams 2476/2476 matched, players 6863/6947 matched
2026-08-24 01:30:09,511 INFO ncaa_identity: contest_id=474834 teams 3687/3687 matched, players 10130/10614 matched
2026-08-24 01:30:12,705 INFO ncaa_identity: contest_id=474871 teams 2247/2247 matched, players 5910/6292 matched
2026-08-24 01:30:14,063 INFO ncaa_identity: contest_id=474895 teams 2231/2231 matched, players 5718/6287 matched
2026-08-24 01:30:18,772 INFO ncaa_identity: contest_id=474949 teams 2276/2276 matched, players 6184/6382 matched
2026-08-24 01:30:20,242 INFO ncaa_identity: contest_id=474959 teams 2362/2362 matched, players 6049/6630 matched
2026-08-24 01:30:21,857 INFO ncaa_identity: contest_id=474969 teams 2530/2530 matched, players 6605/7142 matched
2026-08-24 01:30:23,061 INFO ncaa_identity: contest_id=474979 teams 2097/2097 matched, players 5554/5866 matched
2026-08-24 01:30:24,467 INFO ncaa_identity: contest_id=474989 teams 2028/2028 matched, players 5273/5750 matched
2026-08-24 01:30:25,829 INFO ncaa_identity: contest_id=475019 teams 2375/2375 matched, players 6393/6663 matched
2026-08-24 01:30:27,311 INFO ncaa_identity: contest_id=475038 teams 2051/2051 matched, players 5418/5734 matched
2026-08-24 01:30:30,220 INFO ncaa_identity: contest_id=475085 teams 1362/2673 matched, players 3110/7502 matched
2026-08-24 01:30:31,587 INFO ncaa_identity: contest_id=475101 teams 2963/2963 matched, players 7894/8470 matched
2026-08-24 01:30:33,154 INFO ncaa_identity: contest_id=475114 teams 1237/2490 matched, players 3465/7066 matched
2026-08-24 01:30:36,400 WARNING ncaa_parse: family=lineups contest_id=475150 team=UC Santa Barbara produced NO good stints (19 bad, roster=11) -- parsed successfully but contributed nothing
2026-08-24 01:30:36,898 WARNING ncaa_parse: family=lineups contest_id=475150 team=UC Irvine produced NO good stints (26 bad, roster=10) -- parsed successfully but contributed nothing
2026-08-24 01:30:37,385 INFO ncaa_identity: contest_id=475150 teams 2247/2247 matched, players 5916/6235 matched
2026-08-24 01:30:40,258 INFO ncaa_identity: contest_id=475170 teams 2193/2193 matched, players 5711/6185 matched
2026-08-24 01:30:43,507 INFO ncaa_identity: contest_id=475190 teams 3011/3011 matched, players 7470/8509 matched
2026-08-24 01:30:45,232 INFO ncaa_identity: contest_id=475200 teams 2309/2309 matched, players 6359/6496 matched
2026-08-24 01:30:47,026 INFO ncaa_identity: contest_id=475210 teams 1731/3445 matched, players 4852/9774 matched
2026-08-24 01:30:51,856 INFO ncaa_identity: contest_id=475256 teams 1943/1943 matched, players 5425/5488 matched
2026-08-24 01:30:53,010 INFO ncaa_identity: contest_id=475268 teams 1877/1877 matched, players 5087/5281 matched
2026-08-24 01:30:54,602 INFO ncaa_identity: contest_id=475313 teams 2339/2339 matched, players 6089/6597 matched
2026-08-24 01:30:59,063 INFO ncaa_identity: contest_id=475370 teams 2575/2575 matched, players 6101/7211 matched
2026-08-24 01:31:01,018 INFO ncaa_identity: contest_id=475380 teams 2609/2609 matched, players 7196/7399 matched
2026-08-24 01:31:02,533 INFO ncaa_identity: contest_id=475390 teams 2949/2949 matched, players 8190/8344 matched
2026-08-24 01:31:09,955 INFO ncaa_identity: contest_id=475446 teams 2385/2385 matched, players 6276/6732 matched
2026-08-24 01:31:12,652 INFO ncaa_identity: contest_id=475466 teams 2323/2323 matched, players 5979/6532 matched
2026-08-24 01:31:13,805 INFO ncaa_identity: contest_id=475480 teams 2135/2135 matched, players 4695/6033 matched
2026-08-24 01:31:18,518 INFO ncaa_identity: contest_id=314688 teams 2917/2917 matched, players 7815/8226 matched
2026-08-24 01:31:19,978 INFO ncaa_identity: contest_id=314704 teams 1632/3091 matched, players 4446/8706 matched
2026-08-24 01:31:21,653 INFO ncaa_identity: contest_id=314725 teams 1394/2646 matched, players 3474/7500 matched
2026-08-24 01:31:23,452 INFO ncaa_identity: contest_id=314735 teams 3157/3157 matched, players 8457/8943 matched
2026-08-24 01:31:24,934 INFO ncaa_identity: contest_id=314756 teams 2725/2725 matched, players 7511/7723 matched
2026-08-24 01:31:26,600 INFO ncaa_identity: contest_id=314768 teams 2387/2387 matched, players 6558/6711 matched
2026-08-24 01:31:27,875 INFO ncaa_identity: contest_id=314780 teams 2326/2326 matched, players 6078/6556 matched
2026-08-24 01:31:29,534 INFO ncaa_identity: contest_id=314794 teams 1460/2925 matched, players 4125/8225 matched
2026-08-24 01:31:30,785 INFO ncaa_identity: contest_id=314805 teams 1216/2360 matched, players 3345/6641 matched
2026-08-24 01:31:33,664 INFO ncaa_identity: contest_id=314829 teams 1486/2948 matched, players 4191/8353 matched
2026-08-24 01:31:35,354 INFO ncaa_identity: contest_id=314840 teams 2698/2698 matched, players 6779/7588 matched
2026-08-24 01:31:36,645 INFO ncaa_identity: contest_id=314853 teams 2338/2338 matched, players 6497/6602 matched
2026-08-24 01:31:37,971 INFO ncaa_identity: contest_id=314867 teams 2198/2198 matched, players 6035/6224 matched
2026-08-24 01:31:40,800 INFO ncaa_identity: contest_id=314957 teams 1175/2206 matched, players 3192/6235 matched
2026-08-24 01:31:43,762 INFO ncaa_identity: contest_id=315042 teams 2968/2968 matched, players 8313/8317 matched
2026-08-24 01:31:45,200 INFO ncaa_identity: contest_id=315100 teams 1563/3159 matched, players 3929/8963 matched
2026-08-24 01:31:46,766 INFO ncaa_identity: contest_id=315113 teams 1181/2258 matched, players 3196/6356 matched
2026-08-24 01:31:49,655 INFO ncaa_identity: contest_id=315141 teams 2462/2462 matched, players 6425/6916 matched
2026-08-24 01:31:52,437 INFO ncaa_identity: contest_id=315165 teams 2418/2418 matched, players 6345/6812 matched
2026-08-24 01:31:55,324 INFO ncaa_identity: contest_id=315205 teams 2133/2133 matched, players 5600/5995 matched
2026-08-24 01:31:58,102 INFO ncaa_identity: contest_id=315230 teams 2750/2750 matched, players 7258/7758 matched
2026-08-24 01:31:59,499 INFO ncaa_identity: contest_id=315242 teams 1224/2450 matched, players 3469/6877 matched
2026-08-24 01:32:01,368 INFO ncaa_identity: contest_id=315254 teams 2706/2706 matched, players 7367/7653 matched
2026-08-24 01:32:02,572 INFO ncaa_identity: contest_id=315266 teams 2393/2393 matched, players 6481/6695 matched
2026-08-24 01:32:05,805 INFO ncaa_identity: contest_id=315371 teams 1483/2839 matched, players 4089/8041 matched
2026-08-24 01:32:11,806 INFO ncaa_identity: contest_id=315548 teams 2427/2427 matched, players 6444/6840 matched
2026-08-24 01:32:13,178 INFO ncaa_identity: contest_id=315564 teams 1405/2804 matched, players 3987/7939 matched
2026-08-24 01:32:14,728 INFO ncaa_identity: contest_id=315578 teams 2181/2181 matched, players 5319/6112 matched
2026-08-24 01:32:16,074 INFO ncaa_identity: contest_id=315590 teams 1201/2439 matched, players 3409/6815 matched
2026-08-24 01:32:17,540 INFO ncaa_identity: contest_id=315617 teams 2158/2158 matched, players 6063/6083 matched
2026-08-24 01:32:19,107 INFO ncaa_identity: contest_id=315652 teams 1410/2849 matched, players 3908/8019 matched
2026-08-24 01:32:20,657 INFO ncaa_identity: contest_id=315669 teams 2473/2473 matched, players 6694/6960 matched
2026-08-24 01:32:23,840 INFO ncaa_identity: contest_id=315698 teams 1309/2546 matched, players 3373/7154 matched
2026-08-24 01:32:25,564 INFO ncaa_identity: contest_id=315731 teams 2987/2987 matched, players 8046/8405 matched
2026-08-24 01:32:27,489 INFO ncaa_identity: contest_id=315762 teams 1476/2993 matched, players 4178/8463 matched
2026-08-24 01:32:29,539 INFO ncaa_identity: contest_id=315802 teams 2751/2751 matched, players 7484/7787 matched
2026-08-24 01:32:31,031 INFO ncaa_identity: contest_id=315827 teams 1280/2553 matched, players 3206/7178 matched
2026-08-24 01:32:35,822 INFO ncaa_identity: contest_id=316040 teams 2526/2526 matched, players 6858/7125 matched
2026-08-24 01:32:37,503 INFO ncaa_identity: contest_id=316068 teams 2501/2501 matched, players 6579/7023 matched
2026-08-24 01:32:40,442 INFO ncaa_identity: contest_id=316150 teams 2372/2372 matched, players 5759/6672 matched
2026-08-24 01:32:43,798 INFO ncaa_identity: contest_id=316338 teams 2710/2710 matched, players 7473/7694 matched
2026-08-24 01:32:45,948 INFO ncaa_identity: contest_id=316351 teams 2500/2500 matched, players 6562/7049 matched
2026-08-24 01:32:48,129 INFO ncaa_identity: contest_id=316375 teams 2585/2585 matched, players 6987/7228 matched
2026-08-24 01:32:50,732 INFO ncaa_identity: contest_id=316398 teams 2408/2408 matched, players 6246/6750 matched
2026-08-24 01:32:53,977 INFO ncaa_identity: contest_id=316426 teams 3036/3036 matched, players 8193/8587 matched
2026-08-24 01:32:58,272 INFO ncaa_identity: contest_id=316535 teams 1155/2374 matched, players 3390/6706 matched
2026-08-24 01:32:59,546 INFO ncaa_identity: contest_id=316579 teams 2473/2473 matched, players 6460/6992 matched
2026-08-24 01:33:01,164 INFO ncaa_identity: contest_id=316617 teams 1328/2710 matched, players 3485/7622 matched
2026-08-24 01:33:02,450 INFO ncaa_identity: contest_id=316660 teams 1325/2603 matched, players 3645/7361 matched
2026-08-24 01:33:05,401 INFO ncaa_identity: contest_id=316716 teams 1435/2891 matched, players 4094/8176 matched
2026-08-24 01:33:08,596 INFO ncaa_identity: contest_id=316786 teams 2061/2061 matched, players 5400/5807 matched
2026-08-24 01:33:10,345 INFO ncaa_identity: contest_id=316840 teams 2589/2589 matched, players 7157/7275 matched
2026-08-24 01:33:16,040 INFO ncaa_identity: contest_id=316926 teams 2235/2235 matched, players 6053/6307 matched
2026-08-24 01:33:20,407 INFO ncaa_identity: contest_id=316979 teams 2661/2661 matched, players 7097/7513 matched
2026-08-24 01:33:22,451 INFO ncaa_identity: contest_id=316998 teams 2810/2810 matched, players 7494/7940 matched
2026-08-24 01:33:25,858 INFO ncaa_identity: contest_id=317035 teams 2553/2553 matched, players 6940/7120 matched
2026-08-24 01:33:27,784 INFO ncaa_identity: contest_id=317048 teams 2830/2830 matched, players 7406/7958 matched
2026-08-24 01:33:34,011 INFO ncaa_identity: contest_id=317122 teams 2170/2170 matched, players 5843/6120 matched
2026-08-24 01:33:35,536 INFO ncaa_identity: contest_id=317150 teams 2557/2557 matched, players 6608/7217 matched
2026-08-24 01:33:45,792 INFO ncaa_identity: contest_id=317327 teams 2585/2585 matched, players 7057/7311 matched
2026-08-24 01:33:49,372 INFO ncaa_identity: contest_id=317383 teams 1457/2909 matched, players 4075/8186 matched
2026-08-24 01:33:51,092 INFO ncaa_identity: contest_id=317406 teams 2203/2203 matched, players 6056/6230 matched
2026-08-24 01:33:54,615 INFO ncaa_identity: contest_id=317458 teams 1496/3009 matched, players 4300/8510 matched
2026-08-24 01:33:59,367 INFO ncaa_identity: contest_id=317522 teams 1026/2016 matched, players 2657/5670 matched
2026-08-24 01:34:01,034 INFO ncaa_identity: contest_id=317551 teams 2343/2343 matched, players 6314/6572 matched
2026-08-24 01:34:02,355 INFO ncaa_identity: contest_id=317597 teams 1202/2374 matched, players 3038/6665 matched
2026-08-24 01:34:03,967 INFO ncaa_identity: contest_id=317629 teams 1970/1970 matched, players 4999/5543 matched
2026-08-24 01:34:05,425 INFO ncaa_identity: contest_id=317649 teams 2452/2452 matched, players 6923/6936 matched
2026-08-24 01:34:07,443 INFO ncaa_identity: contest_id=317708 teams 1298/2508 matched, players 3549/7043 matched
2026-08-24 01:34:08,965 INFO ncaa_identity: contest_id=317753 teams 2700/2700 matched, players 7274/7606 matched
2026-08-24 01:34:10,667 INFO ncaa_identity: contest_id=317787 teams 1309/2686 matched, players 3825/7608 matched
2026-08-24 01:34:11,989 INFO ncaa_identity: contest_id=317804 teams 1171/2301 matched, players 3242/6498 matched
2026-08-24 01:34:13,698 INFO ncaa_identity: contest_id=317822 teams 2258/2258 matched, players 6227/6314 matched
2026-08-24 01:34:16,863 INFO ncaa_identity: contest_id=317891 teams 2417/2417 matched, players 6316/6855 matched
2026-08-24 01:34:18,401 INFO ncaa_identity: contest_id=317937 teams 2337/2337 matched, players 6245/6597 matched
2026-08-24 01:34:20,374 INFO ncaa_identity: contest_id=317972 teams 2500/2500 matched, players 6493/6986 matched
2026-08-24 01:34:23,730 INFO ncaa_identity: contest_id=318018 teams 2559/2559 matched, players 7011/7212 matched
2026-08-24 01:34:27,392 INFO ncaa_identity: contest_id=318088 teams 2270/2270 matched, players 5920/6384 matched
2026-08-24 01:34:28,853 INFO ncaa_identity: contest_id=318113 teams 2703/2703 matched, players 7175/7623 matched
2026-08-24 01:34:30,668 INFO ncaa_identity: contest_id=318141 teams 1351/2588 matched, players 2885/7323 matched
2026-08-24 01:34:32,106 INFO ncaa_identity: contest_id=318185 teams 2286/2286 matched, players 6075/6414 matched
2026-08-24 01:34:33,702 INFO ncaa_identity: contest_id=318250 teams 2215/2215 matched, players 5750/6235 matched
2026-08-24 01:34:41,878 INFO ncaa_identity: contest_id=318526 teams 2304/2304 matched, players 6172/6403 matched
2026-08-24 01:34:45,479 INFO ncaa_identity: contest_id=318576 teams 2474/2474 matched, players 6828/6976 matched
2026-08-24 01:34:47,080 INFO ncaa_identity: contest_id=318590 teams 2228/2228 matched, players 6039/6285 matched
2026-08-24 01:34:48,449 INFO ncaa_identity: contest_id=318604 teams 2112/2112 matched, players 5843/5967 matched
2026-08-24 01:34:53,259 INFO ncaa_identity: contest_id=318640 teams 1954/1954 matched, players 5033/5497 matched
2026-08-24 01:34:54,962 INFO ncaa_identity: contest_id=318662 teams 2922/2922 matched, players 8179/8298 matched
2026-08-24 01:34:57,992 INFO ncaa_identity: contest_id=318724 teams 2246/2246 matched, players 5898/6356 matched
2026-08-24 01:35:00,155 INFO ncaa_identity: contest_id=318766 teams 1505/2913 matched, players 4125/8244 matched
2026-08-24 01:35:03,721 INFO ncaa_identity: contest_id=318822 teams 2531/2531 matched, players 6664/7114 matched
2026-08-24 01:35:07,309 INFO ncaa_identity: contest_id=318895 teams 2712/2712 matched, players 7580/7641 matched
2026-08-24 01:35:08,730 INFO ncaa_identity: contest_id=318919 teams 2237/2237 matched, players 6275/6326 matched
2026-08-24 01:35:17,431 INFO ncaa_identity: contest_id=319103 teams 2311/2311 matched, players 5889/6508 matched
2026-08-24 01:35:19,061 INFO ncaa_identity: contest_id=319136 teams 2688/2688 matched, players 6678/7633 matched
2026-08-24 01:35:20,675 INFO ncaa_identity: contest_id=319183 teams 1173/2378 matched, players 3373/6740 matched
2026-08-24 01:35:22,192 INFO ncaa_identity: contest_id=319241 teams 1178/2314 matched, players 3309/6524 matched
2026-08-24 01:35:23,856 INFO ncaa_identity: contest_id=319306 teams 1141/2295 matched, players 3185/6470 matched
2026-08-24 01:35:25,287 INFO ncaa_identity: contest_id=319329 teams 2473/2473 matched, players 6416/6989 matched
2026-08-24 01:35:26,951 INFO ncaa_identity: contest_id=319359 teams 1432/2783 matched, players 3907/7810 matched
2026-08-24 01:35:28,581 INFO ncaa_identity: contest_id=319385 teams 2303/2303 matched, players 5798/6438 matched
2026-08-24 01:35:31,393 INFO ncaa_identity: contest_id=319499 teams 2261/2261 matched, players 5989/6344 matched
2026-08-24 01:35:36,459 INFO ncaa_identity: contest_id=319540 teams 1173/2306 matched, players 3269/6459 matched
2026-08-24 01:35:41,263 INFO ncaa_identity: contest_id=319578 teams 1695/3258 matched, players 4678/9289 matched
2026-08-24 01:35:44,293 INFO ncaa_identity: contest_id=319641 teams 2464/2464 matched, players 6579/6958 matched
2026-08-24 01:35:45,347 INFO ncaa_identity: contest_id=319664 teams 1190/2378 matched, players 3186/6717 matched
2026-08-24 01:35:46,569 INFO ncaa_identity: contest_id=319704 teams 1200/2359 matched, players 3408/6652 matched
2026-08-24 01:35:48,235 INFO ncaa_identity: contest_id=319722 teams 2463/2463 matched, players 6923/7002 matched
2026-08-24 01:35:49,628 INFO ncaa_identity: contest_id=319762 teams 2358/2358 matched, players 6640/6661 matched
2026-08-24 01:35:52,331 INFO ncaa_identity: contest_id=319815 teams 1243/2429 matched, players 3468/6815 matched
2026-08-24 01:35:55,514 INFO ncaa_identity: contest_id=319876 teams 1373/2704 matched, players 3752/7635 matched
2026-08-24 01:35:57,121 INFO ncaa_identity: contest_id=319918 teams 1168/2260 matched, players 3027/6351 matched
2026-08-24 01:35:58,511 INFO ncaa_identity: contest_id=319977 teams 2679/2679 matched, players 7262/7492 matched
2026-08-24 01:36:00,093 INFO ncaa_identity: contest_id=319997 teams 2346/2346 matched, players 6072/6623 matched
2026-08-24 01:36:01,710 INFO ncaa_identity: contest_id=320029 teams 2732/2732 matched, players 7427/7668 matched
2026-08-24 01:36:04,621 INFO ncaa_identity: contest_id=320108 teams 2491/2491 matched, players 6519/7067 matched
2026-08-24 01:36:05,922 INFO ncaa_identity: contest_id=320129 teams 2429/2429 matched, players 6463/6785 matched
2026-08-24 01:36:07,307 INFO ncaa_identity: contest_id=320144 teams 2286/2286 matched, players 6099/6463 matched
2026-08-24 01:36:08,628 INFO ncaa_identity: contest_id=320157 teams 1187/2452 matched, players 3412/6929 matched
2026-08-24 01:36:10,242 INFO ncaa_identity: contest_id=320173 teams 2859/2859 matched, players 7660/8092 matched
2026-08-24 01:36:11,572 INFO ncaa_identity: contest_id=320200 teams 2313/2313 matched, players 6454/6469 matched
2026-08-24 01:36:13,113 INFO ncaa_identity: contest_id=320236 teams 2602/2602 matched, players 6769/7371 matched
2026-08-24 01:36:17,593 INFO ncaa_identity: contest_id=320332 teams 1961/1961 matched, players 610/680 matched
2026-08-24 01:36:21,839 INFO ncaa_identity: contest_id=320367 teams 2326/2326 matched, players 5922/6559 matched
2026-08-24 01:36:23,942 INFO ncaa_identity: contest_id=320379 teams 2621/2621 matched, players 7257/7374 matched
2026-08-24 01:36:25,660 INFO ncaa_identity: contest_id=320389 teams 3003/3003 matched, players 8113/8593 matched
2026-08-24 01:36:30,351 INFO ncaa_identity: contest_id=320442 teams 2305/2305 matched, players 6289/6450 matched
2026-08-24 01:36:33,362 INFO ncaa_identity: contest_id=320467 teams 2653/2653 matched, players 6537/7492 matched
2026-08-24 01:36:34,776 INFO ncaa_identity: contest_id=320479 teams 1272/2523 matched, players 3560/7098 matched
2026-08-24 01:36:36,629 INFO ncaa_identity: contest_id=320490 teams 2518/2518 matched, players 6990/7083 matched
2026-08-24 01:36:42,818 INFO ncaa_identity: contest_id=320547 teams 3008/3008 matched, players 8085/8530 matched
2026-08-24 01:36:45,989 INFO ncaa_identity: contest_id=320570 teams 2142/2142 matched, players 5727/5981 matched
2026-08-24 01:36:50,175 INFO ncaa_identity: contest_id=320609 teams 1203/2324 matched, players 3362/6575 matched
2026-08-24 01:36:51,849 INFO ncaa_identity: contest_id=320624 teams 2276/2276 matched, players 6317/6446 matched
2026-08-24 01:36:53,436 INFO ncaa_identity: contest_id=320637 teams 2476/2476 matched, players 6530/6955 matched
2026-08-24 01:36:55,396 INFO ncaa_identity: contest_id=320648 teams 2529/2529 matched, players 960/986 matched
2026-08-24 01:37:01,033 INFO ncaa_identity: contest_id=320709 teams 2363/2363 matched, players 6018/6683 matched
2026-08-24 01:37:02,449 INFO ncaa_identity: contest_id=320727 teams 2355/2355 matched, players 6091/6657 matched
2026-08-24 01:37:04,360 INFO ncaa_identity: contest_id=320744 teams 0/2688 matched, players 0/7591 matched
2026-08-24 01:37:05,972 INFO ncaa_identity: contest_id=320756 teams 2242/2242 matched, players 819/842 matched
2026-08-24 01:37:09,326 INFO ncaa_identity: contest_id=320789 teams 2289/2289 matched, players 6095/6465 matched
2026-08-24 01:37:15,397 INFO ncaa_identity: contest_id=320960 teams 2176/2176 matched, players 5555/6134 matched
2026-08-24 01:37:19,031 INFO ncaa_identity: contest_id=321023 teams 2256/2256 matched, players 6168/6373 matched
2026-08-24 01:37:21,211 INFO ncaa_identity: contest_id=321091 teams 1248/2590 matched, players 3683/7254 matched
2026-08-24 01:37:26,018 INFO ncaa_identity: contest_id=321161 teams 2089/2089 matched, players 5243/5888 matched
2026-08-24 01:37:27,916 INFO ncaa_identity: contest_id=321186 teams 2330/2330 matched, players 6163/6560 matched
2026-08-24 01:37:29,552 INFO ncaa_identity: contest_id=321203 teams 2450/2450 matched, players 6120/6916 matched
2026-08-24 01:37:31,243 INFO ncaa_identity: contest_id=321217 teams 1099/2222 matched, players 3157/6280 matched
2026-08-24 01:37:32,415 INFO ncaa_identity: contest_id=321241 teams 2119/2119 matched, players 5816/5999 matched
2026-08-24 01:37:33,820 INFO ncaa_identity: contest_id=321271 teams 2225/2225 matched, players 5811/6276 matched
2026-08-24 01:37:37,782 INFO ncaa_identity: contest_id=321292 teams 2659/2659 matched, players 7185/7483 matched
2026-08-24 01:37:39,217 INFO ncaa_identity: contest_id=321303 teams 2329/2329 matched, players 6112/6595 matched
2026-08-24 01:37:43,333 INFO ncaa_identity: contest_id=321348 teams 2927/2927 matched, players 7966/8268 matched
2026-08-24 01:37:46,724 INFO ncaa_identity: contest_id=321381 teams 2806/2806 matched, players 7231/7948 matched
2026-08-24 01:37:48,525 INFO ncaa_identity: contest_id=321448 teams 2521/2521 matched, players 6741/7112 matched
2026-08-24 01:37:49,855 INFO ncaa_identity: contest_id=321518 teams 2412/2412 matched, players 6728/6791 matched
2026-08-24 01:37:51,635 INFO ncaa_identity: contest_id=321560 teams 2258/2258 matched, players 6110/6381 matched
2026-08-24 01:37:53,302 INFO ncaa_identity: contest_id=321592 teams 2722/2722 matched, players 7146/7664 matched
2026-08-24 01:37:59,721 INFO ncaa_identity: contest_id=321717 teams 2345/2345 matched, players 6160/6528 matched
2026-08-24 01:38:01,596 INFO ncaa_identity: contest_id=321750 teams 2698/2698 matched, players 7366/7596 matched
2026-08-24 01:38:06,052 INFO ncaa_identity: contest_id=321801 teams 2301/2301 matched, players 6297/6477 matched
2026-08-24 01:38:10,973 INFO ncaa_identity: contest_id=321920 teams 2605/2605 matched, players 7005/7322 matched
2026-08-24 01:38:12,481 INFO ncaa_identity: contest_id=321987 teams 2298/2298 matched, players 6436/6438 matched
2026-08-24 01:38:14,561 INFO ncaa_identity: contest_id=322033 teams 2612/2612 matched, players 6749/7324 matched
2026-08-24 01:38:18,286 INFO ncaa_identity: contest_id=322115 teams 2452/2452 matched, players 6785/6936 matched
2026-08-24 01:38:19,791 INFO ncaa_identity: contest_id=322139 teams 2519/2519 matched, players 6673/7153 matched
2026-08-24 01:38:21,632 INFO ncaa_identity: contest_id=322154 teams 2298/2298 matched, players 5937/6493 matched
2026-08-24 01:38:24,618 INFO ncaa_identity: contest_id=322196 teams 2322/2322 matched, players 5531/6478 matched
2026-08-24 01:38:25,823 INFO ncaa_identity: contest_id=322222 teams 2388/2388 matched, players 6255/6771 matched
2026-08-24 01:38:27,674 INFO ncaa_identity: contest_id=322242 teams 2662/2662 matched, players 6977/7509 matched
2026-08-24 01:38:28,846 INFO ncaa_identity: contest_id=322322 teams 1159/2278 matched, players 3040/6486 matched
2026-08-24 01:38:34,673 INFO ncaa_identity: contest_id=322407 teams 2359/2359 matched, players 6278/6647 matched
2026-08-24 01:38:36,402 INFO ncaa_identity: contest_id=322422 teams 2422/2422 matched, players 6415/6833 matched
2026-08-24 01:38:37,871 INFO ncaa_identity: contest_id=322455 teams 2832/2832 matched, players 7960/8008 matched
2026-08-24 01:38:39,917 INFO ncaa_identity: contest_id=322501 teams 2451/2451 matched, players 6805/6846 matched
2026-08-24 01:38:51,439 INFO ncaa_identity: contest_id=322803 teams 2948/2948 matched, players 8119/8322 matched
2026-08-24 01:38:52,804 INFO ncaa_identity: contest_id=322851 teams 2280/2280 matched, players 5515/6422 matched
2026-08-24 01:38:54,350 INFO ncaa_identity: contest_id=322879 teams 2179/2179 matched, players 5664/6176 matched
2026-08-24 01:38:57,504 INFO ncaa_identity: contest_id=322923 teams 2863/2863 matched, players 7975/8063 matched
2026-08-24 01:38:59,222 INFO ncaa_identity: contest_id=322946 teams 2367/2367 matched, players 5760/6675 matched
2026-08-24 01:39:01,013 INFO ncaa_identity: contest_id=322996 teams 2317/2317 matched, players 6064/6562 matched
2026-08-24 01:39:02,633 INFO ncaa_identity: contest_id=323018 teams 2233/2233 matched, players 6050/6271 matched
2026-08-24 01:39:04,352 INFO ncaa_identity: contest_id=323068 teams 2414/2414 matched, players 6437/6774 matched
2026-08-24 01:39:07,000 INFO ncaa_identity: contest_id=323167 teams 2168/2168 matched, players 5884/6076 matched
2026-08-24 01:39:08,620 INFO ncaa_identity: contest_id=323207 teams 1107/2199 matched, players 3092/6146 matched
2026-08-24 01:39:12,966 INFO ncaa_identity: contest_id=323283 teams 2678/2678 matched, players 7515/7530 matched
2026-08-24 01:39:14,847 INFO ncaa_identity: contest_id=323307 teams 2578/2578 matched, players 6757/7267 matched
2026-08-24 01:39:26,661 INFO ncaa_identity: contest_id=323562 teams 2822/2822 matched, players 7674/8062 matched
2026-08-24 01:39:28,138 INFO ncaa_identity: contest_id=323577 teams 2146/2146 matched, players 5621/6023 matched
2026-08-24 01:39:29,658 INFO ncaa_identity: contest_id=323621 teams 2155/2155 matched, players 5983/6077 matched
2026-08-24 01:39:31,022 INFO ncaa_identity: contest_id=323635 teams 2272/2272 matched, players 6227/6413 matched
2026-08-24 01:39:32,604 INFO ncaa_identity: contest_id=323653 teams 2154/2154 matched, players 5771/6075 matched
2026-08-24 01:39:40,864 INFO ncaa_identity: contest_id=323889 teams 2513/2513 matched, players 6992/7088 matched
2026-08-24 01:39:43,816 INFO ncaa_identity: contest_id=323997 teams 2114/2114 matched, players 5860/5945 matched
2026-08-24 01:39:47,028 INFO ncaa_identity: contest_id=324035 teams 2248/2248 matched, players 6082/6293 matched
2026-08-24 01:39:55,446 INFO ncaa_identity: contest_id=324211 teams 2716/2716 matched, players 7353/7681 matched
2026-08-24 01:39:56,819 INFO ncaa_identity: contest_id=324242 teams 2288/2288 matched, players 6071/6478 matched
2026-08-24 01:39:59,920 INFO ncaa_identity: contest_id=324341 teams 2650/2650 matched, players 7097/7470 matched
2026-08-24 01:40:03,560 INFO ncaa_identity: contest_id=324411 teams 2290/2290 matched, players 5964/6434 matched
2026-08-24 01:40:13,274 INFO ncaa_identity: contest_id=324636 teams 2679/2679 matched, players 7061/7600 matched
2026-08-24 01:40:16,461 INFO ncaa_identity: contest_id=324668 teams 2580/2580 matched, players 6993/7288 matched
2026-08-24 01:40:20,635 INFO ncaa_identity: contest_id=324695 teams 2583/2583 matched, players 6371/7218 matched
2026-08-24 01:40:22,572 INFO ncaa_identity: contest_id=324714 teams 2943/2943 matched, players 8086/8333 matched
2026-08-24 01:40:24,024 INFO ncaa_identity: contest_id=324732 teams 2215/2215 matched, players 5320/6209 matched
2026-08-24 01:40:25,775 INFO ncaa_identity: contest_id=324772 teams 1010/1944 matched, players 2600/5484 matched
2026-08-24 01:40:27,237 INFO ncaa_identity: contest_id=324838 teams 2659/2659 matched, players 7083/7524 matched
2026-08-24 01:40:35,245 INFO ncaa_identity: contest_id=325069 teams 2365/2365 matched, players 6110/6676 matched
2026-08-24 01:40:36,362 INFO ncaa_identity: contest_id=325088 teams 2104/2104 matched, players 5781/5885 matched
2026-08-24 01:40:40,696 INFO ncaa_identity: contest_id=325143 teams 2821/2821 matched, players 7856/8004 matched
2026-08-24 01:40:42,442 INFO ncaa_identity: contest_id=325188 teams 2950/2950 matched, players 8256/8312 matched
2026-08-24 01:40:45,250 INFO ncaa_identity: contest_id=325254 teams 2439/2439 matched, players 6838/6902 matched
2026-08-24 01:40:46,657 INFO ncaa_identity: contest_id=325292 teams 1057/2059 matched, players 350/796 matched
2026-08-24 01:40:50,574 INFO ncaa_identity: contest_id=325433 teams 2443/2443 matched, players 6861/6890 matched
2026-08-24 01:40:52,188 INFO ncaa_identity: contest_id=325455 teams 2632/2632 matched, players 7212/7424 matched
2026-08-24 01:40:56,027 INFO ncaa_identity: contest_id=325541 teams 2192/2192 matched, players 5626/6191 matched
2026-08-24 01:40:57,744 INFO ncaa_identity: contest_id=325558 teams 2953/2953 matched, players 6955/8365 matched
2026-08-24 01:40:59,111 INFO ncaa_identity: contest_id=325587 teams 2490/2490 matched, players 7046/7061 matched
2026-08-24 01:41:00,625 INFO ncaa_identity: contest_id=325657 teams 2672/2672 matched, players 6822/7579 matched
2026-08-24 01:41:03,202 INFO ncaa_identity: contest_id=325754 teams 2517/2517 matched, players 6843/7101 matched
2026-08-24 01:41:04,564 INFO ncaa_identity: contest_id=325766 teams 2371/2371 matched, players 6417/6683 matched
2026-08-24 01:41:08,947 INFO ncaa_identity: contest_id=325818 teams 2662/2662 matched, players 7273/7488 matched
2026-08-24 01:41:10,409 INFO ncaa_identity: contest_id=325842 teams 2515/2515 matched, players 6580/7098 matched
2026-08-24 01:41:11,734 INFO ncaa_identity: contest_id=325903 teams 2043/2043 matched, players 5514/5762 matched
2026-08-24 01:41:16,340 INFO ncaa_identity: contest_id=326041 teams 1244/2552 matched, players 2986/7186 matched
2026-08-24 01:41:22,679 INFO ncaa_identity: contest_id=326209 teams 1215/2375 matched, players 3318/6707 matched
2026-08-24 01:41:24,272 INFO ncaa_identity: contest_id=326236 teams 2753/2753 matched, players 6508/7867 matched
2026-08-24 01:41:28,673 INFO 5 starters not found for period 5; using estimate
2026-08-24 01:41:30,127 INFO ncaa_identity: contest_id=326334 teams 2447/2447 matched, players 6305/6916 matched
2026-08-24 01:41:31,453 INFO ncaa_identity: contest_id=326359 teams 2471/2471 matched, players 6549/6949 matched
2026-08-24 01:41:36,554 INFO ncaa_identity: contest_id=326494 teams 2654/2654 matched, players 7415/7539 matched
2026-08-24 01:41:37,838 INFO ncaa_identity: contest_id=326537 teams 1965/1965 matched, players 5498/5500 matched
2026-08-24 01:41:39,245 INFO ncaa_identity: contest_id=326583 teams 1099/2145 matched, players 3017/6084 matched
2026-08-24 01:41:40,990 INFO ncaa_identity: contest_id=326605 teams 2530/2530 matched, players 5993/7201 matched
2026-08-24 01:41:47,091 INFO ncaa_identity: contest_id=326707 teams 2182/2182 matched, players 6136/6163 matched
2026-08-24 01:41:48,537 INFO ncaa_identity: contest_id=326726 teams 2531/2531 matched, players 6633/7121 matched
2026-08-24 01:41:50,210 INFO 5 starters not found for period 3; using estimate
2026-08-24 01:41:51,376 INFO ncaa_identity: contest_id=326858 teams 1699/1699 matched, players 4419/4775 matched
2026-08-24 01:41:52,809 INFO ncaa_identity: contest_id=326877 teams 2173/2173 matched, players 5867/6130 matched
2026-08-24 01:41:55,977 INFO ncaa_identity: contest_id=326902 teams 2299/2299 matched, players 6022/6527 matched
2026-08-24 01:41:57,428 INFO ncaa_identity: contest_id=326916 teams 2580/2580 matched, players 6719/7227 matched
2026-08-24 01:42:00,178 INFO ncaa_identity: contest_id=326952 teams 2305/2305 matched, players 5431/6471 matched
2026-08-24 01:42:07,507 INFO ncaa_identity: contest_id=327209 teams 2303/2303 matched, players 5352/6507 matched
2026-08-24 01:42:09,168 INFO ncaa_identity: contest_id=327255 teams 2555/2555 matched, players 6690/7213 matched
2026-08-24 01:42:12,311 INFO ncaa_identity: contest_id=327302 teams 2388/2388 matched, players 6374/6741 matched
2026-08-24 01:42:15,053 INFO ncaa_identity: contest_id=327336 teams 2480/2480 matched, players 5913/7001 matched
2026-08-24 01:42:20,717 INFO ncaa_identity: contest_id=327458 teams 1973/1973 matched, players 5220/5542 matched
2026-08-24 01:42:22,477 INFO ncaa_identity: contest_id=327513 teams 2610/2610 matched, players 7282/7373 matched
2026-08-24 01:42:25,350 INFO ncaa_identity: contest_id=327619 teams 1099/2153 matched, players 2995/6078 matched
2026-08-24 01:42:29,742 INFO ncaa_identity: contest_id=327698 teams 2382/2382 matched, players 6351/6750 matched
2026-08-24 01:42:31,138 INFO ncaa_identity: contest_id=327720 teams 2565/2565 matched, players 6929/7250 matched
2026-08-24 01:42:33,034 INFO ncaa_identity: contest_id=327743 teams 2001/2001 matched, players 5194/5643 matched
2026-08-24 01:42:34,404 INFO ncaa_identity: contest_id=327773 teams 2301/2301 matched, players 6140/6529 matched
2026-08-24 01:42:36,017 INFO ncaa_identity: contest_id=327836 teams 2776/2776 matched, players 7531/7802 matched
2026-08-24 01:42:37,637 INFO ncaa_identity: contest_id=327879 teams 1377/2781 matched, players 3921/7809 matched
2026-08-24 01:42:39,154 INFO ncaa_identity: contest_id=327934 teams 2285/2285 matched, players 6194/6442 matched
2026-08-24 01:42:40,404 INFO ncaa_identity: contest_id=327954 teams 2258/2258 matched, players 6021/6379 matched
2026-08-24 01:42:47,481 INFO ncaa_identity: contest_id=328007 teams 2466/2466 matched, players 6429/6989 matched
2026-08-24 01:42:57,564 INFO ncaa_identity: contest_id=328244 teams 2174/2174 matched, players 5804/6117 matched
2026-08-24 01:42:59,281 INFO ncaa_identity: contest_id=328267 teams 2353/2353 matched, players 5732/6616 matched
2026-08-24 01:43:02,369 INFO ncaa_identity: contest_id=328382 teams 2391/2391 matched, players 6220/6721 matched
2026-08-24 01:43:04,133 INFO ncaa_identity: contest_id=328406 teams 2615/2615 matched, players 6840/7420 matched
2026-08-24 01:43:07,274 INFO ncaa_identity: contest_id=328436 teams 2468/2468 matched, players 6508/6944 matched
2026-08-24 01:43:08,982 INFO ncaa_identity: contest_id=328453 teams 2326/2326 matched, players 6287/6612 matched
2026-08-24 01:43:10,629 INFO ncaa_identity: contest_id=328494 teams 2370/2370 matched, players 6318/6639 matched
2026-08-24 01:43:12,643 INFO ncaa_identity: contest_id=328519 teams 2656/2656 matched, players 7443/7511 matched
2026-08-24 01:43:14,122 INFO ncaa_identity: contest_id=328534 teams 2719/2719 matched, players 7604/7691 matched
2026-08-24 01:43:17,851 INFO ncaa_identity: contest_id=328644 teams 2512/2512 matched, players 6513/7029 matched
2026-08-24 01:43:19,649 INFO ncaa_identity: contest_id=328694 teams 2042/2042 matched, players 5661/5775 matched
2026-08-24 01:43:21,585 INFO ncaa_identity: contest_id=328731 teams 3239/3239 matched, players 8754/9162 matched
2026-08-24 01:43:24,870 INFO ncaa_identity: contest_id=328784 teams 1979/1979 matched, players 4857/5536 matched
2026-08-24 01:43:26,263 INFO ncaa_identity: contest_id=328808 teams 1239/2508 matched, players 3081/7114 matched
2026-08-24 01:43:29,095 INFO ncaa_identity: contest_id=328842 teams 2444/2444 matched, players 6322/6914 matched
2026-08-24 01:43:31,354 INFO ncaa_identity: contest_id=328861 teams 2561/2561 matched, players 6915/7223 matched
2026-08-24 01:43:37,444 INFO ncaa_identity: contest_id=329035 teams 2491/2491 matched, players 6639/7065 matched
2026-08-24 01:43:40,991 INFO ncaa_identity: contest_id=329058 teams 2240/2240 matched, players 6310/6345 matched
2026-08-24 01:43:42,977 INFO ncaa_identity: contest_id=329079 teams 2500/2500 matched, players 6870/7052 matched
2026-08-24 01:43:44,462 INFO ncaa_identity: contest_id=329095 teams 2166/2166 matched, players 5800/6086 matched
2026-08-24 01:43:46,053 INFO ncaa_identity: contest_id=329106 teams 1314/2628 matched, players 3790/7451 matched
2026-08-24 01:43:54,272 INFO ncaa_identity: contest_id=329282 teams 2168/2168 matched, players 5831/6115 matched
2026-08-24 01:43:59,315 INFO ncaa_identity: contest_id=329385 teams 2243/2243 matched, players 6009/6288 matched
2026-08-24 01:44:00,702 INFO ncaa_identity: contest_id=329405 teams 2193/2193 matched, players 5371/6210 matched
2026-08-24 01:44:02,470 INFO ncaa_identity: contest_id=329418 teams 2247/2247 matched, players 5463/6327 matched
2026-08-24 01:44:04,135 INFO ncaa_identity: contest_id=329438 teams 2524/2524 matched, players 6466/7153 matched
2026-08-24 01:44:11,293 INFO 5 starters not found for period 6; using estimate
2026-08-24 01:44:15,912 INFO ncaa_identity: contest_id=329652 teams 2363/2363 matched, players 5834/6680 matched
2026-08-24 01:44:17,335 INFO ncaa_identity: contest_id=329665 teams 2434/2434 matched, players 6693/6926 matched
2026-08-24 01:44:20,882 INFO ncaa_identity: contest_id=329692 teams 2184/2184 matched, players 5783/6167 matched
2026-08-24 01:44:22,832 INFO ncaa_identity: contest_id=329707 teams 2447/2447 matched, players 6797/6921 matched
2026-08-24 01:44:24,194 INFO ncaa_identity: contest_id=329720 teams 2186/2186 matched, players 5829/6134 matched
2026-08-24 01:44:27,146 INFO ncaa_identity: contest_id=329759 teams 2209/2209 matched, players 5879/6225 matched
2026-08-24 01:44:30,595 INFO ncaa_identity: contest_id=329855 teams 2434/2434 matched, players 6341/6870 matched
2026-08-24 01:44:32,199 INFO ncaa_identity: contest_id=329866 teams 2722/2722 matched, players 7661/7703 matched
2026-08-24 01:44:33,335 INFO ncaa_identity: contest_id=329876 teams 2079/2079 matched, players 5679/5887 matched
2026-08-24 01:44:34,974 INFO ncaa_identity: contest_id=329886 teams 2410/2410 matched, players 6260/6832 matched
2026-08-24 01:44:38,463 INFO ncaa_identity: contest_id=329925 teams 2716/2716 matched, players 7016/7645 matched
2026-08-24 01:44:39,860 INFO ncaa_identity: contest_id=329935 teams 2167/2167 matched, players 5526/6107 matched
2026-08-24 01:44:41,273 INFO ncaa_identity: contest_id=329945 teams 2295/2295 matched, players 6405/6458 matched
2026-08-24 01:44:43,089 INFO ncaa_identity: contest_id=329991 teams 2443/2443 matched, players 6866/6889 matched
2026-08-24 01:44:44,785 INFO ncaa_identity: contest_id=330001 teams 1488/2913 matched, players 3506/8241 matched
2026-08-24 01:44:48,315 INFO ncaa_identity: contest_id=330028 teams 2768/2768 matched, players 7541/7842 matched
2026-08-24 01:44:50,305 INFO ncaa_identity: contest_id=330057 teams 2256/2256 matched, players 5996/6362 matched
2026-08-24 01:44:51,629 INFO ncaa_identity: contest_id=330067 teams 1880/1880 matched, players 5134/5238 matched
2026-08-24 01:44:53,278 INFO ncaa_identity: contest_id=330077 teams 2294/2294 matched, players 6362/6454 matched
2026-08-24 01:44:56,064 INFO ncaa_identity: contest_id=330115 teams 2102/2102 matched, players 5886/5925 matched
2026-08-24 01:44:57,614 INFO ncaa_identity: contest_id=330128 teams 2422/2422 matched, players 6813/6819 matched
2026-08-24 01:45:02,557 INFO ncaa_identity: contest_id=330186 teams 1901/1901 matched, players 5308/5368 matched
2026-08-24 01:45:08,810 INFO ncaa_identity: contest_id=330264 teams 2576/2576 matched, players 6738/7218 matched
2026-08-24 01:45:10,373 INFO ncaa_identity: contest_id=330274 teams 2476/2476 matched, players 6863/6934 matched
2026-08-24 01:45:22,562 INFO ncaa_identity: contest_id=330404 teams 2345/2345 matched, players 6085/6613 matched
2026-08-24 01:45:28,030 INFO ncaa_identity: contest_id=330453 teams 2710/2710 matched, players 7516/7652 matched
2026-08-24 01:45:32,646 INFO ncaa_identity: contest_id=330484 teams 2151/2151 matched, players 5610/6087 matched
2026-08-24 01:45:35,570 INFO ncaa_identity: contest_id=330504 teams 2254/2254 matched, players 5901/6403 matched
2026-08-24 01:45:38,295 INFO ncaa_identity: contest_id=330524 teams 2023/2023 matched, players 5159/5706 matched
2026-08-24 01:45:39,736 INFO ncaa_identity: contest_id=330549 teams 2256/2256 matched, players 6054/6379 matched
2026-08-24 01:45:46,174 INFO ncaa_identity: contest_id=330629 teams 2112/2112 matched, players 5283/5957 matched
2026-08-24 01:45:49,472 INFO ncaa_identity: contest_id=330669 teams 2377/2377 matched, players 5331/6751 matched
2026-08-24 01:45:50,857 INFO ncaa_identity: contest_id=330679 teams 2459/2459 matched, players 6690/6986 matched
2026-08-24 01:45:52,385 INFO ncaa_identity: contest_id=330690 teams 2165/2165 matched, players 5114/6119 matched
2026-08-24 01:45:59,211 INFO ncaa_identity: contest_id=330732 teams 2463/2463 matched, players 6209/6941 matched
2026-08-24 01:46:00,798 INFO ncaa_identity: contest_id=330744 teams 2568/2568 matched, players 6794/7256 matched
2026-08-24 01:46:03,579 INFO ncaa_identity: contest_id=330764 teams 1719/1719 matched, players 4328/4823 matched
2026-08-24 01:46:07,103 INFO ncaa_identity: contest_id=330791 teams 2521/2521 matched, players 6555/7126 matched
2026-08-24 01:46:10,108 INFO ncaa_identity: contest_id=330811 teams 2250/2250 matched, players 6118/6271 matched
2026-08-24 01:46:12,164 INFO ncaa_identity: contest_id=26472 teams 2870/2870 matched, players 7994/8112 matched
2026-08-24 01:46:13,759 INFO ncaa_identity: contest_id=26483 teams 2817/2817 matched, players 7306/7978 matched
2026-08-24 01:46:15,442 INFO ncaa_identity: contest_id=26501 teams 1277/2477 matched, players 3114/6945 matched
2026-08-24 01:46:17,013 INFO ncaa_identity: contest_id=26516 teams 2216/2216 matched, players 5278/6268 matched
2026-08-24 01:46:18,732 INFO ncaa_identity: contest_id=26531 teams 1323/2602 matched, players 3474/7323 matched
2026-08-24 01:46:21,826 INFO ncaa_identity: contest_id=26557 teams 2428/2428 matched, players 6476/6933 matched
2026-08-24 01:46:23,660 INFO ncaa_identity: contest_id=26573 teams 2229/2229 matched, players 5749/6256 matched
2026-08-24 01:46:25,513 INFO ncaa_identity: contest_id=26585 teams 1124/2315 matched, players 3156/6494 matched
2026-08-24 01:46:27,013 INFO ncaa_identity: contest_id=26596 teams 1475/2850 matched, players 4087/8048 matched
2026-08-24 01:46:28,981 INFO ncaa_identity: contest_id=26609 teams 2569/2569 matched, players 6823/7232 matched
2026-08-24 01:46:30,484 INFO ncaa_identity: contest_id=26621 teams 2410/2410 matched, players 5898/6830 matched
2026-08-24 01:46:32,351 INFO ncaa_identity: contest_id=26639 teams 3124/3124 matched, players 8084/8932 matched
2026-08-24 01:46:33,865 INFO ncaa_identity: contest_id=26700 teams 2399/2399 matched, players 6327/6801 matched
2026-08-24 01:46:36,917 INFO ncaa_identity: contest_id=26763 teams 1080/2214 matched, players 3071/6199 matched
2026-08-24 01:46:42,007 INFO ncaa_identity: contest_id=26893 teams 2094/2094 matched, players 5448/5875 matched
2026-08-24 01:46:45,901 INFO ncaa_identity: contest_id=26919 teams 3339/3339 matched, players 9180/9580 matched
2026-08-24 01:46:47,287 INFO ncaa_identity: contest_id=26931 teams 1989/1989 matched, players 5344/5655 matched
2026-08-24 01:46:55,559 INFO ncaa_identity: contest_id=27009 teams 3055/3055 matched, players 8039/8645 matched
2026-08-24 01:46:59,165 INFO ncaa_identity: contest_id=27036 teams 2251/2251 matched, players 807/844 matched
2026-08-24 01:47:04,479 INFO ncaa_identity: contest_id=27088 teams 2407/2407 matched, players 6519/6799 matched
2026-08-24 01:47:05,831 INFO ncaa_identity: contest_id=27105 teams 2259/2259 matched, players 5446/6412 matched
2026-08-24 01:47:09,171 INFO ncaa_identity: contest_id=27190 teams 1215/2419 matched, players 3449/6784 matched
2026-08-24 01:47:10,831 INFO ncaa_identity: contest_id=27218 teams 2283/2283 matched, players 6152/6439 matched
2026-08-24 01:47:12,572 INFO ncaa_identity: contest_id=27255 teams 1210/2382 matched, players 3422/6689 matched
2026-08-24 01:47:14,475 INFO ncaa_identity: contest_id=27290 teams 2629/2629 matched, players 7074/7457 matched
2026-08-24 01:47:15,923 INFO ncaa_identity: contest_id=27355 teams 2478/2478 matched, players 6419/7011 matched
2026-08-24 01:47:17,596 INFO ncaa_identity: contest_id=27379 teams 2043/2043 matched, players 5723/5767 matched
2026-08-24 01:47:19,517 INFO ncaa_identity: contest_id=27394 teams 2920/2920 matched, players 7737/8224 matched
2026-08-24 01:47:21,365 INFO ncaa_identity: contest_id=27412 teams 1161/2275 matched, players 3248/6441 matched
2026-08-24 01:47:22,954 INFO ncaa_identity: contest_id=27427 teams 2511/2511 matched, players 6954/7060 matched
2026-08-24 01:47:26,285 INFO ncaa_identity: contest_id=27484 teams 1078/2166 matched, players 3133/6100 matched
2026-08-24 01:47:29,431 INFO ncaa_identity: contest_id=27543 teams 2385/2385 matched, players 6714/6747 matched
2026-08-24 01:47:31,698 INFO ncaa_identity: contest_id=27574 teams 3235/3235 matched, players 8761/9228 matched
2026-08-24 01:47:36,879 INFO ncaa_identity: contest_id=27775 teams 3006/3006 matched, players 8125/8555 matched
2026-08-24 01:47:38,292 INFO ncaa_identity: contest_id=27807 teams 2337/2337 matched, players 6410/6592 matched
2026-08-24 01:47:41,985 INFO ncaa_identity: contest_id=27917 teams 2372/2372 matched, players 6443/6613 matched
2026-08-24 01:47:45,635 INFO ncaa_identity: contest_id=28072 teams 2259/2259 matched, players 5855/6356 matched
2026-08-24 01:47:47,296 INFO ncaa_identity: contest_id=28095 teams 2258/2258 matched, players 5874/6347 matched
2026-08-24 01:47:48,847 INFO ncaa_identity: contest_id=28108 teams 1223/2362 matched, players 3365/6654 matched
2026-08-24 01:47:52,482 INFO ncaa_identity: contest_id=28134 teams 2556/2556 matched, players 6736/7224 matched
2026-08-24 01:47:54,451 INFO ncaa_identity: contest_id=28149 teams 2411/2411 matched, players 6495/6838 matched
2026-08-24 01:47:55,822 INFO ncaa_identity: contest_id=28214 teams 2060/2060 matched, players 5057/5785 matched
2026-08-24 01:47:57,643 INFO ncaa_identity: contest_id=28238 teams 1305/2607 matched, players 3768/7331 matched
2026-08-24 01:47:58,971 INFO ncaa_identity: contest_id=28254 teams 2352/2352 matched, players 6327/6664 matched
2026-08-24 01:48:00,551 INFO ncaa_identity: contest_id=28298 teams 2171/2171 matched, players 5240/6128 matched
2026-08-24 01:48:05,803 INFO ncaa_identity: contest_id=28421 teams 3097/3097 matched, players 8707/8788 matched
2026-08-24 01:48:07,464 INFO ncaa_identity: contest_id=28468 teams 2075/2075 matched, players 5299/5852 matched
2026-08-24 01:48:09,239 INFO ncaa_identity: contest_id=28502 teams 1908/1908 matched, players 657/682 matched
2026-08-24 01:48:12,847 INFO ncaa_identity: contest_id=28585 teams 1546/3089 matched, players 4388/8752 matched
2026-08-24 01:48:14,766 INFO ncaa_identity: contest_id=28606 teams 2344/2344 matched, players 6121/6583 matched
2026-08-24 01:48:16,441 INFO ncaa_identity: contest_id=28618 teams 1124/2192 matched, players 2608/6137 matched
2026-08-24 01:48:19,911 INFO ncaa_identity: contest_id=28654 teams 2091/2091 matched, players 5432/5889 matched
2026-08-24 01:48:21,769 INFO ncaa_identity: contest_id=28664 teams 2456/2456 matched, players 6629/6955 matched
2026-08-24 01:48:23,349 INFO ncaa_identity: contest_id=28679 teams 3021/3021 matched, players 7434/8516 matched
2026-08-24 01:48:25,233 INFO ncaa_identity: contest_id=28695 teams 2461/2461 matched, players 6541/6942 matched
2026-08-24 01:48:32,074 INFO ncaa_identity: contest_id=28759 teams 2377/2377 matched, players 6253/6721 matched
2026-08-24 01:48:33,260 INFO ncaa_identity: contest_id=28770 teams 2118/2118 matched, players 5883/5965 matched
2026-08-24 01:48:34,922 INFO ncaa_identity: contest_id=28789 teams 2012/2012 matched, players 5573/5609 matched
2026-08-24 01:48:39,929 INFO ncaa_identity: contest_id=28891 teams 1117/2203 matched, players 2595/6180 matched
2026-08-24 01:48:41,761 INFO ncaa_identity: contest_id=28921 teams 2628/2628 matched, players 7268/7436 matched
2026-08-24 01:48:43,623 INFO ncaa_identity: contest_id=28948 teams 1562/2967 matched, players 4309/8441 matched
2026-08-24 01:48:45,404 INFO ncaa_identity: contest_id=28975 teams 2673/2673 matched, players 7174/7551 matched
2026-08-24 01:48:53,807 INFO ncaa_identity: contest_id=29048 teams 2809/2809 matched, players 7133/7873 matched
2026-08-24 01:48:55,839 INFO ncaa_identity: contest_id=29093 teams 2504/2504 matched, players 6611/7037 matched
2026-08-24 01:48:57,524 INFO ncaa_identity: contest_id=29124 teams 2119/2119 matched, players 5763/5981 matched
2026-08-24 01:49:01,039 INFO ncaa_identity: contest_id=29173 teams 2487/2487 matched, players 6732/7028 matched
2026-08-24 01:49:02,319 INFO ncaa_identity: contest_id=29187 teams 1013/2037 matched, players 2826/5716 matched
2026-08-24 01:49:07,595 INFO ncaa_identity: contest_id=29284 teams 1199/2417 matched, players 2726/6812 matched
2026-08-24 01:49:10,949 INFO ncaa_identity: contest_id=29336 teams 1252/2537 matched, players 3570/7181 matched
2026-08-24 01:49:12,295 INFO ncaa_identity: contest_id=29384 teams 2302/2302 matched, players 6400/6499 matched
2026-08-24 01:49:17,707 INFO ncaa_identity: contest_id=29493 teams 2161/2161 matched, players 5616/6112 matched
2026-08-24 01:49:19,374 INFO ncaa_identity: contest_id=29507 teams 2215/2215 matched, players 5976/6277 matched
2026-08-24 01:49:21,336 INFO ncaa_identity: contest_id=29549 teams 2698/2698 matched, players 6800/7628 matched
2026-08-24 01:49:22,935 INFO ncaa_identity: contest_id=29574 teams 2617/2617 matched, players 6803/7425 matched
2026-08-24 01:49:24,535 INFO ncaa_identity: contest_id=29615 teams 2024/2024 matched, players 5329/5718 matched
2026-08-24 01:49:27,393 INFO ncaa_identity: contest_id=29676 teams 2140/2140 matched, players 5927/6054 matched
2026-08-24 01:49:28,676 INFO ncaa_identity: contest_id=29705 teams 1955/1955 matched, players 5449/5519 matched
2026-08-24 01:49:31,443 INFO ncaa_identity: contest_id=29752 teams 2392/2392 matched, players 5935/6735 matched
2026-08-24 01:49:33,626 INFO ncaa_identity: contest_id=29779 teams 2715/2715 matched, players 7317/7674 matched
2026-08-24 01:49:35,092 INFO ncaa_identity: contest_id=29819 teams 2804/2804 matched, players 7507/7960 matched
2026-08-24 01:49:36,906 INFO ncaa_identity: contest_id=29845 teams 2251/2251 matched, players 5943/6343 matched
2026-08-24 01:49:39,986 INFO ncaa_identity: contest_id=29917 teams 2037/2037 matched, players 5434/5735 matched
2026-08-24 01:49:46,866 INFO ncaa_identity: contest_id=30133 teams 2890/2890 matched, players 6876/8231 matched
2026-08-24 01:49:48,533 INFO ncaa_identity: contest_id=30204 teams 2828/2828 matched, players 7346/8010 matched
2026-08-24 01:49:54,332 INFO ncaa_identity: contest_id=30322 teams 3291/3291 matched, players 9090/9324 matched
2026-08-24 01:49:57,552 INFO ncaa_identity: contest_id=30350 teams 2114/2114 matched, players 5513/5945 matched
2026-08-24 01:50:00,600 INFO ncaa_identity: contest_id=30375 teams 2337/2337 matched, players 6350/6565 matched
2026-08-24 01:50:03,489 INFO ncaa_identity: contest_id=30424 teams 2158/2158 matched, players 5671/6096 matched
2026-08-24 01:50:06,304 INFO ncaa_identity: contest_id=30466 teams 2111/2111 matched, players 5674/5907 matched
2026-08-24 01:50:07,649 INFO ncaa_identity: contest_id=30497 teams 1162/2380 matched, players 3283/6728 matched
2026-08-24 01:50:09,308 INFO ncaa_identity: contest_id=30536 teams 1192/2266 matched, players 2939/6409 matched
2026-08-24 01:50:12,782 INFO ncaa_identity: contest_id=30610 teams 1381/2729 matched, players 3883/7770 matched
2026-08-24 01:50:17,810 INFO ncaa_identity: contest_id=30689 teams 0/2962 matched, players 0/8386 matched
2026-08-24 01:50:19,763 INFO ncaa_identity: contest_id=30762 teams 1159/2276 matched, players 3237/6372 matched
2026-08-24 01:50:21,329 INFO ncaa_identity: contest_id=30781 teams 2201/2201 matched, players 6018/6187 matched
2026-08-24 01:50:23,095 INFO ncaa_identity: contest_id=30816 teams 2672/2672 matched, players 7486/7558 matched
2026-08-24 01:50:29,670 INFO ncaa_identity: contest_id=30939 teams 2331/2331 matched, players 6043/6589 matched
2026-08-24 01:50:31,019 INFO ncaa_identity: contest_id=30971 teams 2208/2208 matched, players 6005/6201 matched
2026-08-24 01:50:32,767 INFO ncaa_identity: contest_id=31016 teams 2648/2648 matched, players 6970/7471 matched
2026-08-24 01:50:34,337 INFO ncaa_identity: contest_id=31056 teams 2607/2607 matched, players 6887/7371 matched
2026-08-24 01:50:38,460 INFO ncaa_identity: contest_id=31139 teams 3376/3376 matched, players 8899/9539 matched
2026-08-24 01:50:41,989 INFO ncaa_identity: contest_id=31270 teams 1438/2797 matched, players 3790/7958 matched
2026-08-24 01:50:43,377 INFO ncaa_identity: contest_id=31290 teams 2522/2522 matched, players 7135/7159 matched
2026-08-24 01:50:45,299 INFO ncaa_identity: contest_id=31303 teams 2392/2392 matched, players 6490/6749 matched
2026-08-24 01:50:46,495 INFO ncaa_identity: contest_id=31314 teams 1943/1943 matched, players 5039/5494 matched
2026-08-24 01:50:49,791 INFO ncaa_identity: contest_id=31339 teams 2648/2648 matched, players 6992/7435 matched
2026-08-24 01:50:52,911 INFO ncaa_identity: contest_id=31374 teams 2124/2124 matched, players 5702/5959 matched
2026-08-24 01:50:56,397 INFO ncaa_identity: contest_id=31456 teams 2150/2150 matched, players 5759/6027 matched
2026-08-24 01:50:58,314 INFO ncaa_identity: contest_id=31491 teams 2383/2383 matched, players 874/906 matched
2026-08-24 01:51:00,116 INFO ncaa_identity: contest_id=31549 teams 2612/2612 matched, players 7174/7308 matched
2026-08-24 01:51:02,167 INFO ncaa_identity: contest_id=31575 teams 1158/2281 matched, players 3264/6390 matched
2026-08-24 01:51:03,696 INFO ncaa_identity: contest_id=31601 teams 1353/2602 matched, players 3334/7309 matched
2026-08-24 01:51:05,884 INFO ncaa_identity: contest_id=31627 teams 1194/2388 matched, players 3131/6711 matched
2026-08-24 01:51:09,979 INFO ncaa_identity: contest_id=31756 teams 2189/2189 matched, players 5857/6169 matched
2026-08-24 01:51:11,697 INFO ncaa_identity: contest_id=31797 teams 2486/2486 matched, players 6659/6973 matched
2026-08-24 01:51:15,991 INFO ncaa_identity: contest_id=31883 teams 1952/1952 matched, players 5214/5488 matched
2026-08-24 01:51:25,245 INFO ncaa_identity: contest_id=31979 teams 1385/2817 matched, players 3878/7921 matched
2026-08-24 01:51:27,092 INFO ncaa_identity: contest_id=32011 teams 2746/2746 matched, players 7621/7736 matched
2026-08-24 01:51:30,462 INFO ncaa_identity: contest_id=32067 teams 2666/2666 matched, players 7181/7483 matched
2026-08-24 01:51:34,134 INFO ncaa_identity: contest_id=32144 teams 2513/2513 matched, players 6145/7033 matched
2026-08-24 01:51:37,234 INFO ncaa_identity: contest_id=32189 teams 2035/2035 matched, players 5185/5729 matched
2026-08-24 01:51:38,801 INFO ncaa_identity: contest_id=32231 teams 1337/2643 matched, players 3771/7429 matched
2026-08-24 01:51:40,916 INFO ncaa_identity: contest_id=32261 teams 2381/2381 matched, players 6530/6712 matched
2026-08-24 01:51:42,809 INFO ncaa_identity: contest_id=32272 teams 1290/2600 matched, players 3637/7347 matched
2026-08-24 01:51:46,496 INFO ncaa_identity: contest_id=32299 teams 2677/2677 matched, players 6998/7580 matched
2026-08-24 01:51:48,208 INFO ncaa_identity: contest_id=32318 teams 2209/2209 matched, players 5757/6217 matched
2026-08-24 01:51:49,613 INFO ncaa_identity: contest_id=32348 teams 2243/2243 matched, players 5999/6332 matched
2026-08-24 01:51:52,900 INFO ncaa_identity: contest_id=32370 teams 1149/2242 matched, players 3217/6339 matched
2026-08-24 01:51:54,768 INFO ncaa_identity: contest_id=32381 teams 2416/2416 matched, players 6174/6856 matched
2026-08-24 01:51:56,282 INFO ncaa_identity: contest_id=32391 teams 2542/2542 matched, players 6322/7148 matched
2026-08-24 01:51:58,417 INFO ncaa_identity: contest_id=32401 teams 2809/2809 matched, players 7617/7920 matched
2026-08-24 01:52:03,880 INFO ncaa_identity: contest_id=32439 teams 2593/2593 matched, players 706/831 matched
2026-08-24 01:52:05,396 INFO ncaa_identity: contest_id=32462 teams 2553/2553 matched, players 6598/7187 matched
2026-08-24 01:52:07,039 INFO ncaa_identity: contest_id=32472 teams 2180/2180 matched, players 5404/6122 matched
2026-08-24 01:52:08,685 INFO ncaa_identity: contest_id=32487 teams 2395/2395 matched, players 594/684 matched
2026-08-24 01:52:13,944 INFO ncaa_identity: contest_id=32521 teams 2357/2357 matched, players 6354/6638 matched
2026-08-24 01:52:15,403 INFO ncaa_identity: contest_id=32531 teams 2501/2501 matched, players 6781/7038 matched
2026-08-24 01:52:20,446 INFO ncaa_identity: contest_id=32563 teams 2480/2480 matched, players 6646/7004 matched
2026-08-24 01:52:25,110 INFO ncaa_identity: contest_id=32613 teams 1491/3009 matched, players 4157/8541 matched
2026-08-24 01:52:28,239 INFO ncaa_identity: contest_id=32653 teams 2573/2573 matched, players 6907/7264 matched
2026-08-24 01:52:29,997 INFO ncaa_identity: contest_id=32669 teams 2409/2409 matched, players 6507/6799 matched
2026-08-24 01:52:33,240 INFO ncaa_identity: contest_id=32753 teams 2294/2294 matched, players 6091/6439 matched
2026-08-24 01:52:34,876 INFO ncaa_identity: contest_id=32778 teams 1188/2372 matched, players 3302/6661 matched
2026-08-24 01:52:38,352 INFO ncaa_identity: contest_id=32841 teams 1177/2341 matched, players 3271/6602 matched
2026-08-24 01:52:39,750 INFO ncaa_identity: contest_id=32870 teams 2049/2049 matched, players 5655/5770 matched
2026-08-24 01:52:47,342 INFO ncaa_identity: contest_id=33084 teams 2384/2384 matched, players 6325/6742 matched
2026-08-24 01:52:48,959 INFO ncaa_identity: contest_id=33098 teams 2138/2138 matched, players 5155/6030 matched
2026-08-24 01:52:57,530 INFO ncaa_identity: contest_id=33186 teams 2839/2839 matched, players 7907/7982 matched
2026-08-24 01:53:01,893 INFO ncaa_identity: contest_id=33285 teams 2343/2343 matched, players 6141/6642 matched
2026-08-24 01:53:03,725 INFO ncaa_identity: contest_id=33338 teams 1268/2535 matched, players 3590/7179 matched
2026-08-24 01:53:08,395 INFO ncaa_identity: contest_id=33434 teams 2540/2540 matched, players 6861/7115 matched
2026-08-24 01:53:09,917 INFO ncaa_identity: contest_id=33490 teams 1165/2350 matched, players 3279/6634 matched
2026-08-24 01:53:12,979 INFO ncaa_identity: contest_id=33532 teams 1881/1881 matched, players 609/615 matched
2026-08-24 01:53:16,710 INFO ncaa_identity: contest_id=33584 teams 2334/2334 matched, players 6290/6612 matched
2026-08-24 01:53:17,997 INFO ncaa_identity: contest_id=33597 teams 2098/2098 matched, players 5699/5877 matched
2026-08-24 01:53:22,569 INFO ncaa_identity: contest_id=33686 teams 2816/2816 matched, players 7454/7944 matched
2026-08-24 01:53:23,877 INFO ncaa_identity: contest_id=33738 teams 2432/2432 matched, players 6416/6862 matched
2026-08-24 01:53:26,787 INFO ncaa_identity: contest_id=33808 teams 2089/2089 matched, players 5536/5819 matched
2026-08-24 01:53:28,881 INFO ncaa_identity: contest_id=33835 teams 2908/2908 matched, players 7788/8199 matched
2026-08-24 01:53:30,169 INFO ncaa_identity: contest_id=33861 teams 2241/2241 matched, players 5940/6323 matched
2026-08-24 01:53:32,215 INFO ncaa_identity: contest_id=33882 teams 2760/2760 matched, players 7671/7807 matched
2026-08-24 01:53:33,801 INFO ncaa_identity: contest_id=33926 teams 1134/2291 matched, players 3287/6406 matched
2026-08-24 01:53:36,656 INFO ncaa_identity: contest_id=34010 teams 1203/2327 matched, players 3356/6589 matched
2026-08-24 01:53:38,152 INFO ncaa_identity: contest_id=34045 teams 1834/1834 matched, players 568/587 matched
2026-08-24 01:53:42,868 INFO ncaa_identity: contest_id=34175 teams 2680/2680 matched, players 7078/7580 matched
2026-08-24 01:53:48,162 INFO ncaa_identity: contest_id=34214 teams 2344/2344 matched, players 5781/6622 matched
2026-08-24 01:53:49,875 INFO ncaa_identity: contest_id=34240 teams 2533/2533 matched, players 6218/7153 matched
2026-08-24 01:53:53,457 INFO ncaa_identity: contest_id=34342 teams 2038/2038 matched, players 5494/5722 matched
2026-08-24 01:54:00,317 INFO ncaa_identity: contest_id=34586 teams 2382/2382 matched, players 6159/6720 matched
2026-08-24 01:54:07,238 INFO ncaa_identity: contest_id=34703 teams 2262/2262 matched, players 5388/6406 matched
2026-08-24 01:54:09,329 INFO ncaa_identity: contest_id=34719 teams 2350/2350 matched, players 6475/6604 matched
2026-08-24 01:54:13,824 INFO ncaa_identity: contest_id=34850 teams 1268/2622 matched, players 3639/7447 matched
2026-08-24 01:54:15,275 INFO ncaa_identity: contest_id=34874 teams 2060/2060 matched, players 5445/5775 matched
2026-08-24 01:54:20,024 INFO ncaa_identity: contest_id=34981 teams 2496/2496 matched, players 6922/7002 matched
2026-08-24 01:54:21,552 INFO ncaa_identity: contest_id=35008 teams 2438/2438 matched, players 6515/6903 matched
2026-08-24 01:54:27,769 INFO ncaa_identity: contest_id=35147 teams 2130/2130 matched, players 5153/5995 matched
2026-08-24 01:54:29,293 INFO ncaa_identity: contest_id=35178 teams 2234/2234 matched, players 5774/6273 matched
2026-08-24 01:54:33,965 INFO ncaa_identity: contest_id=35310 teams 2298/2298 matched, players 6313/6528 matched
2026-08-24 01:54:35,371 INFO ncaa_identity: contest_id=35325 teams 2536/2536 matched, players 6765/7140 matched
2026-08-24 01:54:37,082 INFO ncaa_identity: contest_id=35339 teams 2240/2240 matched, players 5397/6371 matched
2026-08-24 01:54:38,591 INFO ncaa_identity: contest_id=35371 teams 2731/2731 matched, players 6664/7731 matched
2026-08-24 01:54:40,112 INFO ncaa_identity: contest_id=35392 teams 2197/2197 matched, players 5665/6185 matched
2026-08-24 01:54:51,211 INFO ncaa_identity: contest_id=35733 teams 2559/2559 matched, players 5822/7235 matched
2026-08-24 01:54:54,348 INFO ncaa_identity: contest_id=35778 teams 2591/2591 matched, players 6919/7310 matched
2026-08-24 01:54:56,193 INFO ncaa_identity: contest_id=35793 teams 2568/2568 matched, players 3791/7272 matched
2026-08-24 01:55:03,024 INFO ncaa_identity: contest_id=35905 teams 2354/2354 matched, players 6535/6647 matched
2026-08-24 01:55:06,338 INFO ncaa_identity: contest_id=35974 teams 1148/2384 matched, players 3257/6726 matched
2026-08-24 01:55:07,473 INFO ncaa_identity: contest_id=36001 teams 1957/1957 matched, players 5245/5489 matched
2026-08-24 01:55:10,734 INFO ncaa_identity: contest_id=36083 teams 3018/3018 matched, players 7640/8527 matched
2026-08-24 01:55:12,283 INFO ncaa_identity: contest_id=36107 teams 2333/2333 matched, players 6453/6590 matched
2026-08-24 01:55:13,333 INFO ncaa_identity: contest_id=36147 teams 2174/2174 matched, players 5760/6160 matched
2026-08-24 01:55:14,602 INFO ncaa_identity: contest_id=36190 teams 1964/1964 matched, players 5546/5550 matched
2026-08-24 01:55:16,101 INFO ncaa_identity: contest_id=36221 teams 2448/2448 matched, players 6513/6881 matched
2026-08-24 01:55:17,479 INFO ncaa_identity: contest_id=36274 teams 2552/2552 matched, players 6437/7203 matched
2026-08-24 01:55:19,053 INFO ncaa_identity: contest_id=36302 teams 2068/2068 matched, players 5357/5803 matched
2026-08-24 01:55:22,344 INFO ncaa_identity: contest_id=36402 teams 2330/2330 matched, players 6036/6599 matched
2026-08-24 01:55:23,547 INFO ncaa_identity: contest_id=36416 teams 2207/2207 matched, players 5899/6206 matched
2026-08-24 01:55:26,596 INFO ncaa_identity: contest_id=36443 teams 2496/2496 matched, players 6755/7017 matched
2026-08-24 01:55:30,252 INFO ncaa_identity: contest_id=36487 teams 2714/2714 matched, players 7381/7669 matched
2026-08-24 01:55:31,952 INFO ncaa_identity: contest_id=36507 teams 2539/2539 matched, players 7008/7176 matched
2026-08-24 01:55:36,501 INFO ncaa_identity: contest_id=36659 teams 2505/2505 matched, players 6846/7079 matched
2026-08-24 01:55:39,805 INFO ncaa_identity: contest_id=36745 teams 2469/2469 matched, players 6949/7022 matched
2026-08-24 01:55:43,181 INFO ncaa_identity: contest_id=36852 teams 2410/2410 matched, players 5834/6849 matched
2026-08-24 01:55:44,808 INFO ncaa_identity: contest_id=36868 teams 2322/2322 matched, players 6096/6576 matched
2026-08-24 01:55:47,797 INFO ncaa_identity: contest_id=36922 teams 2191/2191 matched, players 6072/6198 matched
2026-08-24 01:55:49,016 INFO ncaa_identity: contest_id=36949 teams 2069/2069 matched, players 5813/5844 matched
2026-08-24 01:55:53,945 INFO ncaa_identity: contest_id=37047 teams 2124/2124 matched, players 5802/5998 matched
2026-08-24 01:55:56,874 INFO ncaa_identity: contest_id=37130 teams 2082/2082 matched, players 5561/5849 matched
2026-08-24 01:55:58,591 INFO ncaa_identity: contest_id=37156 teams 1356/2686 matched, players 3394/7627 matched
2026-08-24 01:56:00,032 INFO ncaa_identity: contest_id=37206 teams 2526/2526 matched, players 6882/7126 matched
2026-08-24 01:56:01,722 INFO ncaa_identity: contest_id=37229 teams 2181/2181 matched, players 5530/6116 matched
2026-08-24 01:56:09,075 INFO ncaa_identity: contest_id=37404 teams 2505/2505 matched, players 6777/7090 matched
2026-08-24 01:56:12,223 INFO ncaa_identity: contest_id=37512 teams 2476/2476 matched, players 6546/6972 matched
2026-08-24 01:56:13,849 INFO ncaa_identity: contest_id=37523 teams 2203/2203 matched, players 5736/6232 matched
2026-08-24 01:56:17,162 INFO ncaa_identity: contest_id=37552 teams 2775/2775 matched, players 7410/7873 matched
2026-08-24 01:56:18,548 INFO ncaa_identity: contest_id=37565 teams 2305/2305 matched, players 6508/6533 matched
2026-08-24 01:56:20,439 INFO ncaa_identity: contest_id=37595 teams 2998/2998 matched, players 7618/8395 matched
2026-08-24 01:56:22,411 INFO ncaa_identity: contest_id=37612 teams 1632/3336 matched, players 4555/9426 matched
2026-08-24 01:56:22,540 INFO 5 starters not found for period 5; using estimate
2026-08-24 01:56:23,730 INFO ncaa_identity: contest_id=37681 teams 2313/2313 matched, players 6053/6482 matched
2026-08-24 01:56:25,179 INFO ncaa_identity: contest_id=37759 teams 1075/2114 matched, players 2979/5949 matched
2026-08-24 01:56:26,438 INFO ncaa_identity: contest_id=37798 teams 2261/2261 matched, players 5655/6324 matched
2026-08-24 01:56:30,850 INFO ncaa_identity: contest_id=37916 teams 2517/2517 matched, players 6040/7159 matched
2026-08-24 01:56:32,381 INFO ncaa_identity: contest_id=37935 teams 2089/2089 matched, players 5831/5920 matched
2026-08-24 01:56:36,552 INFO ncaa_identity: contest_id=38014 teams 2360/2360 matched, players 6216/6663 matched
2026-08-24 01:56:38,268 INFO ncaa_identity: contest_id=38032 teams 2188/2188 matched, players 6121/6154 matched
2026-08-24 01:56:43,890 INFO ncaa_identity: contest_id=38165 teams 2425/2425 matched, players 6632/6840 matched
2026-08-24 01:56:45,211 INFO ncaa_identity: contest_id=38206 teams 2339/2339 matched, players 6047/6581 matched
2026-08-24 01:56:46,786 INFO ncaa_identity: contest_id=38243 teams 2367/2367 matched, players 6383/6661 matched
2026-08-24 01:56:49,613 INFO ncaa_identity: contest_id=38307 teams 1165/2275 matched, players 3280/6446 matched
2026-08-24 01:56:50,933 INFO ncaa_identity: contest_id=38341 teams 2098/2098 matched, players 5627/5885 matched
2026-08-24 01:56:53,621 INFO ncaa_identity: contest_id=38434 teams 2363/2363 matched, players 6076/6663 matched
2026-08-24 01:56:54,969 INFO ncaa_identity: contest_id=38457 teams 2015/2015 matched, players 5391/5644 matched
2026-08-24 01:56:59,322 INFO ncaa_identity: contest_id=38609 teams 2010/2010 matched, players 5358/5685 matched
2026-08-24 01:57:02,230 INFO ncaa_identity: contest_id=38635 teams 2735/2735 matched, players 7502/7808 matched
2026-08-24 01:57:06,653 INFO ncaa_identity: contest_id=38684 teams 2563/2563 matched, players 6684/7235 matched
2026-08-24 01:57:08,444 INFO ncaa_identity: contest_id=38705 teams 1208/2467 matched, players 2903/6985 matched
2026-08-24 01:57:11,310 INFO ncaa_identity: contest_id=38802 teams 2278/2278 matched, players 6118/6455 matched
2026-08-24 01:57:15,789 INFO ncaa_identity: contest_id=38888 teams 2694/2694 matched, players 7180/7649 matched
2026-08-24 01:57:20,085 INFO ncaa_identity: contest_id=39025 teams 2429/2429 matched, players 5974/6859 matched
2026-08-24 01:57:21,408 INFO ncaa_identity: contest_id=39051 teams 2367/2367 matched, players 5745/6675 matched
2026-08-24 01:57:24,045 INFO ncaa_identity: contest_id=39103 teams 2364/2364 matched, players 6244/6735 matched
2026-08-24 01:57:25,601 INFO ncaa_identity: contest_id=39142 teams 2458/2458 matched, players 6223/6953 matched
2026-08-24 01:57:28,050 INFO ncaa_identity: contest_id=39202 teams 2150/2150 matched, players 6030/6091 matched
2026-08-24 01:57:29,694 INFO ncaa_identity: contest_id=39236 teams 2328/2328 matched, players 6021/6552 matched
2026-08-24 01:57:33,788 INFO ncaa_identity: contest_id=39352 teams 2644/2644 matched, players 7412/7454 matched
2026-08-24 01:57:35,253 INFO ncaa_identity: contest_id=39390 teams 2703/2703 matched, players 7621/7701 matched
2026-08-24 01:57:39,612 INFO ncaa_identity: contest_id=39498 teams 2451/2451 matched, players 6089/6955 matched
2026-08-24 01:57:41,488 INFO ncaa_identity: contest_id=39525 teams 2466/2466 matched, players 6521/6935 matched
2026-08-24 01:57:46,380 INFO ncaa_identity: contest_id=39626 teams 3191/3191 matched, players 7643/9064 matched
2026-08-24 01:57:47,639 INFO ncaa_identity: contest_id=39711 teams 2061/2061 matched, players 905/936 matched
2026-08-24 01:57:51,723 INFO ncaa_identity: contest_id=39748 teams 2104/2104 matched, players 5766/5966 matched
2026-08-24 01:57:54,894 INFO ncaa_identity: contest_id=39785 teams 2965/2965 matched, players 8161/8378 matched
2026-08-24 01:57:56,800 INFO ncaa_identity: contest_id=39800 teams 2929/2929 matched, players 7759/8281 matched
2026-08-24 01:57:59,964 INFO ncaa_identity: contest_id=39911 teams 2834/2834 matched, players 7228/7993 matched
2026-08-24 01:58:02,749 INFO ncaa_identity: contest_id=39992 teams 2123/2123 matched, players 5903/5911 matched
2026-08-24 01:58:05,454 INFO ncaa_identity: contest_id=40116 teams 2196/2196 matched, players 6064/6137 matched
2026-08-24 01:58:06,495 INFO ncaa_identity: contest_id=40133 teams 1922/1922 matched, players 5022/5453 matched
2026-08-24 01:58:07,867 INFO ncaa_identity: contest_id=40159 teams 2263/2263 matched, players 5900/6375 matched
2026-08-24 01:58:08,941 INFO ncaa_identity: contest_id=40182 teams 1934/1934 matched, players 4943/5424 matched
2026-08-24 01:58:14,677 INFO ncaa_identity: contest_id=40281 teams 2091/2091 matched, players 5674/5986 matched
2026-08-24 01:58:16,425 INFO 5 starters not found for period 5; using estimate
2026-08-24 01:58:17,727 INFO ncaa_identity: contest_id=40335 teams 2955/2955 matched, players 8299/8363 matched
2026-08-24 01:58:21,137 INFO ncaa_identity: contest_id=40391 teams 3093/3093 matched, players 8469/8775 matched
2026-08-24 01:58:22,599 INFO ncaa_identity: contest_id=40417 teams 2209/2209 matched, players 5687/6230 matched
2026-08-24 01:58:23,617 INFO ncaa_identity: contest_id=40451 teams 1895/1895 matched, players 5218/5335 matched
2026-08-24 01:58:28,054 INFO ncaa_identity: contest_id=40538 teams 2042/2042 matched, players 5350/5760 matched
2026-08-24 01:58:29,692 INFO ncaa_identity: contest_id=40577 teams 2475/2475 matched, players 6405/6984 matched
2026-08-24 01:58:35,261 INFO ncaa_identity: contest_id=40779 teams 2299/2299 matched, players 6482/6499 matched
2026-08-24 01:58:42,169 INFO ncaa_identity: contest_id=40847 teams 2491/2491 matched, players 6503/7062 matched
2026-08-24 01:58:47,337 INFO ncaa_identity: contest_id=40994 teams 2542/2542 matched, players 7109/7207 matched
2026-08-24 01:58:48,916 INFO ncaa_identity: contest_id=41012 teams 2434/2434 matched, players 6535/6897 matched
2026-08-24 01:58:50,258 INFO ncaa_identity: contest_id=41028 teams 2414/2414 matched, players 6686/6780 matched
2026-08-24 01:58:51,791 INFO ncaa_identity: contest_id=41085 teams 2107/2107 matched, players 5669/5931 matched
2026-08-24 01:58:57,545 INFO ncaa_identity: contest_id=41165 teams 2394/2394 matched, players 6411/6737 matched
2026-08-24 01:59:00,340 INFO ncaa_identity: contest_id=41236 teams 2339/2339 matched, players 6104/6593 matched
2026-08-24 01:59:01,583 INFO ncaa_identity: contest_id=41253 teams 1847/1847 matched, players 5087/5124 matched
2026-08-24 01:59:03,117 INFO ncaa_identity: contest_id=41265 teams 2444/2444 matched, players 6582/6916 matched
2026-08-24 01:59:05,863 INFO ncaa_identity: contest_id=41338 teams 2059/2059 matched, players 5510/5760 matched
2026-08-24 01:59:08,392 INFO ncaa_identity: contest_id=41387 teams 2326/2326 matched, players 5441/6578 matched
2026-08-24 01:59:09,941 INFO ncaa_identity: contest_id=41397 teams 2574/2574 matched, players 6745/7260 matched
2026-08-24 01:59:11,088 INFO ncaa_identity: contest_id=41417 teams 2397/2397 matched, players 6507/6745 matched
2026-08-24 01:59:12,684 INFO ncaa_identity: contest_id=41441 teams 2733/2733 matched, players 7134/7730 matched
2026-08-24 01:59:14,486 INFO ncaa_identity: contest_id=41458 teams 2499/2499 matched, players 6896/7024 matched
2026-08-24 01:59:15,611 INFO ncaa_identity: contest_id=41475 teams 2107/2107 matched, players 5561/5934 matched
2026-08-24 01:59:18,393 INFO ncaa_identity: contest_id=41510 teams 2673/2673 matched, players 7308/7545 matched
2026-08-24 01:59:19,926 INFO ncaa_identity: contest_id=41596 teams 2313/2313 matched, players 6161/6560 matched
2026-08-24 01:59:28,664 INFO ncaa_identity: contest_id=41677 teams 2818/2818 matched, players 7317/7945 matched
2026-08-24 01:59:30,416 INFO ncaa_identity: contest_id=41687 teams 2332/2332 matched, players 6099/6581 matched
2026-08-24 01:59:30,516 INFO 5 starters not found for period 5; using estimate
2026-08-24 01:59:31,810 INFO ncaa_identity: contest_id=41713 teams 2530/2530 matched, players 6785/7099 matched
2026-08-24 01:59:36,783 INFO ncaa_identity: contest_id=41766 teams 2491/2491 matched, players 6732/7013 matched
2026-08-24 01:59:38,252 INFO ncaa_identity: contest_id=41797 teams 2365/2365 matched, players 6318/6671 matched
2026-08-24 01:59:41,546 INFO ncaa_identity: contest_id=41831 teams 2592/2592 matched, players 7173/7401 matched
2026-08-24 01:59:45,551 INFO ncaa_identity: contest_id=41887 teams 2281/2281 matched, players 6143/6440 matched
2026-08-24 01:59:48,851 INFO ncaa_identity: contest_id=41915 teams 2355/2355 matched, players 6282/6667 matched
2026-08-24 01:59:50,324 INFO ncaa_identity: contest_id=41925 teams 1328/2736 matched, players 3807/7802 matched
2026-08-24 01:59:57,581 INFO ncaa_identity: contest_id=42032 teams 2329/2329 matched, players 6000/6548 matched
2026-08-24 02:00:00,414 INFO ncaa_identity: contest_id=42052 teams 3034/3034 matched, players 8242/8638 matched
2026-08-24 02:00:09,505 INFO ncaa_identity: contest_id=42166 teams 1087/2201 matched, players 3026/6227 matched
2026-08-24 02:00:10,845 INFO ncaa_identity: contest_id=42179 teams 2295/2295 matched, players 6000/6462 matched
2026-08-24 02:00:13,510 INFO ncaa_identity: contest_id=42212 teams 2683/2683 matched, players 7092/7541 matched
2026-08-24 02:00:14,738 INFO ncaa_identity: contest_id=42222 teams 1930/1930 matched, players 5385/5463 matched
2026-08-24 02:00:17,741 INFO ncaa_identity: contest_id=42242 teams 2615/2615 matched, players 7031/7379 matched
2026-08-24 02:00:17,871 INFO 5 starters not found for period 6; using estimate
2026-08-24 02:00:21,069 INFO ncaa_identity: contest_id=42262 teams 2681/2681 matched, players 7204/7596 matched
2026-08-24 02:00:23,963 INFO ncaa_identity: contest_id=42282 teams 2180/2180 matched, players 5585/6143 matched
2026-08-24 02:00:29,777 INFO ncaa_identity: contest_id=42339 teams 1834/1834 matched, players 4706/5171 matched
2026-08-24 02:00:38,299 INFO ncaa_identity: contest_id=42423 teams 1093/2206 matched, players 3145/6227 matched
2026-08-24 02:00:43,555 INFO ncaa_identity: contest_id=42441 teams 2650/2650 matched, players 7175/7471 matched
2026-08-24 02:00:59,978 INFO ncaa_identity: contest_id=42473 teams 2390/2390 matched, players 6227/6677 matched
2026-08-24 02:01:12,125 INFO ncaa_identity: contest_id=42493 teams 2256/2256 matched, players 6259/6371 matched
2026-08-24 02:01:28,910 INFO ncaa_identity: contest_id=42527 teams 2229/2229 matched, players 5983/6276 matched
2026-08-24 02:01:33,685 INFO ncaa_identity: contest_id=42537 teams 2404/2404 matched, players 5783/6774 matched
2026-08-24 02:01:38,220 INFO ncaa_identity: contest_id=42547 teams 2580/2580 matched, players 6672/7332 matched
2026-08-24 02:01:42,834 INFO 5 starters not found for period 4; using estimate
2026-08-24 02:02:02,000 INFO ncaa_identity: contest_id=1618566 teams 1377/2786 matched, players 3881/7836 matched
2026-08-24 02:02:06,716 INFO ncaa_identity: contest_id=1618577 teams 2681/2681 matched, players 7042/7589 matched
2026-08-24 02:02:13,856 INFO ncaa_identity: contest_id=1618587 teams 3368/3368 matched, players 8918/9529 matched
2026-08-24 02:02:19,611 INFO ncaa_identity: contest_id=1618598 teams 1521/3041 matched, players 4230/8542 matched
2026-08-24 02:02:30,972 INFO ncaa_identity: contest_id=1618621 teams 2446/2446 matched, players 6631/6705 matched
2026-08-24 02:02:41,839 INFO ncaa_identity: contest_id=1618642 teams 1476/2837 matched, players 3435/7739 matched
2026-08-24 02:02:46,717 INFO ncaa_identity: contest_id=1618652 teams 1328/2639 matched, players 3631/6973 matched
2026-08-24 02:02:52,078 INFO ncaa_identity: contest_id=1618663 teams 2354/2354 matched, players 6366/6664 matched
2026-08-24 02:02:56,978 INFO ncaa_identity: contest_id=1618674 teams 1281/2560 matched, players 3614/7223 matched
2026-08-24 02:03:14,353 INFO ncaa_identity: contest_id=1618708 teams 1498/2874 matched, players 4101/7963 matched
2026-08-24 02:03:20,328 INFO ncaa_identity: contest_id=1618734 teams 1005/2068 matched, players 2697/5817 matched
2026-08-24 02:03:39,337 INFO ncaa_identity: contest_id=1618794 teams 2961/2961 matched, players 7382/8396 matched
2026-08-24 02:03:50,890 INFO ncaa_identity: contest_id=1618882 teams 2822/2822 matched, players 7512/7743 matched
2026-08-24 02:04:02,657 INFO ncaa_identity: contest_id=1618928 teams 2697/2697 matched, players 7339/7615 matched
2026-08-24 02:04:17,038 INFO ncaa_identity: contest_id=1618965 teams 3669/3669 matched, players 9129/9918 matched
2026-08-24 02:04:28,546 INFO ncaa_identity: contest_id=1619089 teams 2540/2540 matched, players 6944/7176 matched
2026-08-24 02:04:33,511 INFO ncaa_identity: contest_id=1619195 teams 1401/2670 matched, players 135/486 matched
2026-08-24 02:04:49,165 INFO ncaa_identity: contest_id=1619309 teams 2871/2871 matched, players 7591/8078 matched
2026-08-24 02:04:55,137 INFO ncaa_identity: contest_id=1619321 teams 2726/2726 matched, players 7267/7658 matched
2026-08-24 02:05:05,319 INFO ncaa_identity: contest_id=1619355 teams 2488/2488 matched, players 6742/7013 matched
2026-08-24 02:05:16,532 INFO ncaa_identity: contest_id=1619409 teams 2877/2877 matched, players 7765/7770 matched
2026-08-24 02:05:21,638 INFO ncaa_identity: contest_id=1619426 teams 2514/2514 matched, players 6928/7072 matched
2026-08-24 02:05:39,702 INFO ncaa_identity: contest_id=1619541 teams 2564/2564 matched, players 6546/6557 matched
2026-08-24 02:05:46,907 INFO ncaa_identity: contest_id=1619563 teams 3478/3478 matched, players 9571/9589 matched
2026-08-24 02:06:03,742 INFO ncaa_identity: contest_id=1619675 teams 2695/2695 matched, players 7174/7180 matched
2026-08-24 02:06:07,703 INFO ncaa_identity: contest_id=1619692 teams 2178/2178 matched, players 5602/6142 matched
2026-08-24 02:06:17,318 INFO ncaa_identity: contest_id=1619743 teams 2256/2256 matched, players 5025/6321 matched
2026-08-24 02:06:30,746 INFO ncaa_identity: contest_id=1619808 teams 1144/2231 matched, players 3175/6232 matched
2026-08-24 02:06:36,493 INFO ncaa_identity: contest_id=1619975 teams 2334/2334 matched, players 5980/6537 matched
2026-08-24 02:06:39,656 INFO ncaa_identity: contest_id=1620167 teams 1339/2759 matched, players 3574/7790 matched
2026-08-24 02:06:47,400 INFO ncaa_identity: contest_id=1620479 teams 2334/2334 matched, players 6065/6543 matched
2026-08-24 02:06:48,598 INFO ncaa_identity: contest_id=1620497 teams 2321/2321 matched, players 5828/6501 matched
2026-08-24 02:06:53,267 INFO ncaa_identity: contest_id=1620534 teams 2123/2123 matched, players 5771/5942 matched
2026-08-24 02:06:54,620 INFO ncaa_identity: contest_id=1620563 teams 2475/2475 matched, players 6599/6961 matched
2026-08-24 02:06:58,048 INFO ncaa_identity: contest_id=1620611 teams 2557/2557 matched, players 6780/6789 matched
2026-08-24 02:07:00,443 INFO ncaa_identity: contest_id=1620628 teams 0/3162 matched, players 0/8655 matched
2026-08-24 02:07:02,600 INFO ncaa_identity: contest_id=1620664 teams 1632/3171 matched, players 4360/8714 matched
2026-08-24 02:07:08,459 INFO ncaa_identity: contest_id=1620846 teams 1315/2626 matched, players 3600/7248 matched
2026-08-24 02:07:10,811 INFO ncaa_identity: contest_id=1620887 teams 1477/2891 matched, players 3638/8134 matched
2026-08-24 02:07:12,706 INFO ncaa_identity: contest_id=1620903 teams 2679/2679 matched, players 7323/7567 matched
2026-08-24 02:07:15,032 INFO ncaa_identity: contest_id=1620941 teams 2704/2704 matched, players 7098/7418 matched
2026-08-24 02:07:16,922 INFO ncaa_identity: contest_id=1620951 teams 2519/2519 matched, players 7033/7105 matched
2026-08-24 02:07:20,472 INFO ncaa_identity: contest_id=1620990 teams 2563/2563 matched, players 6595/7232 matched
2026-08-24 02:07:25,921 INFO ncaa_identity: contest_id=1621039 teams 2499/2499 matched, players 6510/7050 matched
2026-08-24 02:07:29,572 INFO ncaa_identity: contest_id=1621065 teams 2752/2752 matched, players 7602/7797 matched
2026-08-24 02:07:31,604 INFO ncaa_identity: contest_id=1621091 teams 1942/1942 matched, players 5386/5446 matched
2026-08-24 02:07:33,574 INFO ncaa_identity: contest_id=1621103 teams 2437/2437 matched, players 6855/6881 matched
2026-08-24 02:07:46,540 INFO ncaa_identity: contest_id=1621386 teams 1116/2294 matched, players 2853/6452 matched
2026-08-24 02:07:49,583 INFO ncaa_identity: contest_id=1621449 teams 2261/2261 matched, players 6247/6337 matched
2026-08-24 02:07:54,672 INFO ncaa_identity: contest_id=1621528 teams 2466/2466 matched, players 6571/6941 matched
2026-08-24 02:07:56,462 INFO ncaa_identity: contest_id=1621570 teams 2411/2411 matched, players 6467/6782 matched
2026-08-24 02:08:01,683 INFO ncaa_identity: contest_id=1621681 teams 1224/2432 matched, players 3270/6629 matched
2026-08-24 02:08:04,922 INFO ncaa_identity: contest_id=1621810 teams 2574/2574 matched, players 7098/7254 matched
2026-08-24 02:08:06,464 INFO ncaa_identity: contest_id=1621825 teams 2294/2294 matched, players 6119/6448 matched
2026-08-24 02:08:15,049 INFO ncaa_identity: contest_id=1621982 teams 2605/2605 matched, players 6882/7111 matched
2026-08-24 02:08:19,480 INFO ncaa_identity: contest_id=1622039 teams 1136/2338 matched, players 3119/6541 matched
2026-08-24 02:08:21,107 INFO ncaa_identity: contest_id=1622088 teams 2421/2421 matched, players 6283/6840 matched
2026-08-24 02:08:22,425 INFO ncaa_identity: contest_id=1622110 teams 1367/2751 matched, players 3322/7719 matched
2026-08-24 02:08:25,775 INFO ncaa_identity: contest_id=1622237 teams 2823/2823 matched, players 7102/8012 matched
2026-08-24 02:08:27,201 INFO ncaa_identity: contest_id=1622352 teams 1388/2701 matched, players 3739/7410 matched
2026-08-24 02:08:28,309 INFO ncaa_identity: contest_id=1622404 teams 2099/2099 matched, players 5469/5885 matched
2026-08-24 02:08:29,774 INFO ncaa_identity: contest_id=1622455 teams 3235/3235 matched, players 9122/9156 matched
2026-08-24 02:08:33,033 INFO ncaa_identity: contest_id=1622524 teams 2137/2137 matched, players 5904/6041 matched
2026-08-24 02:08:37,909 INFO ncaa_identity: contest_id=1622562 teams 2771/2771 matched, players 7505/7807 matched
2026-08-24 02:08:41,375 INFO ncaa_identity: contest_id=1622587 teams 2673/2673 matched, players 6949/7530 matched
2026-08-24 02:08:44,618 INFO ncaa_identity: contest_id=1622636 teams 1367/2551 matched, players 3485/6944 matched
2026-08-24 02:08:48,069 INFO ncaa_identity: contest_id=1622716 teams 2835/2835 matched, players 6881/8028 matched
2026-08-24 02:08:49,539 INFO ncaa_identity: contest_id=1622751 teams 2083/2083 matched, players 5525/5821 matched
2026-08-24 02:08:54,733 INFO ncaa_identity: contest_id=1622872 teams 2308/2308 matched, players 6223/6461 matched
2026-08-24 02:08:57,826 INFO ncaa_identity: contest_id=1622913 teams 1131/2204 matched, players 2683/6122 matched
2026-08-24 02:08:59,520 INFO ncaa_identity: contest_id=1622998 teams 2772/2772 matched, players 6704/6736 matched
2026-08-24 02:09:08,489 INFO ncaa_identity: contest_id=1623249 teams 1133/2296 matched, players 3221/6495 matched
2026-08-24 02:09:10,131 INFO ncaa_identity: contest_id=1623285 teams 2647/2647 matched, players 6987/7438 matched
2026-08-24 02:09:11,963 INFO ncaa_identity: contest_id=1623315 teams 2636/2636 matched, players 7139/7490 matched
2026-08-24 02:09:24,478 INFO ncaa_identity: contest_id=1623505 teams 2400/2400 matched, players 6430/6778 matched
2026-08-24 02:09:27,668 INFO ncaa_identity: contest_id=1623554 teams 1295/2610 matched, players 3740/7392 matched
2026-08-24 02:09:28,954 INFO ncaa_identity: contest_id=1623596 teams 2263/2263 matched, players 6074/6390 matched
2026-08-24 02:09:35,359 INFO ncaa_identity: contest_id=1623767 teams 1359/2694 matched, players 3635/7630 matched
2026-08-24 02:09:37,198 INFO ncaa_identity: contest_id=1623788 teams 1434/2785 matched, players 3841/7637 matched
2026-08-24 02:09:38,480 INFO ncaa_identity: contest_id=1623857 teams 2450/2450 matched, players 6384/6901 matched
2026-08-24 02:09:40,218 INFO ncaa_identity: contest_id=1623901 teams 2222/2222 matched, players 4768/6017 matched
2026-08-24 02:09:43,210 INFO ncaa_identity: contest_id=1623978 teams 1757/1757 matched, players 4511/4962 matched
2026-08-24 02:09:44,857 INFO ncaa_identity: contest_id=1624007 teams 2608/2608 matched, players 7025/7428 matched
2026-08-24 02:09:46,668 INFO ncaa_identity: contest_id=1624035 teams 1220/2509 matched, players 3148/6878 matched
2026-08-24 02:09:50,250 INFO ncaa_identity: contest_id=1624067 teams 2580/2580 matched, players 7026/7104 matched
2026-08-24 02:09:51,618 INFO ncaa_identity: contest_id=1624087 teams 2364/2364 matched, players 6132/6690 matched
2026-08-24 02:09:53,733 INFO ncaa_identity: contest_id=1624104 teams 1499/2919 matched, players 4181/8306 matched
2026-08-24 02:10:00,621 INFO ncaa_identity: contest_id=1624282 teams 1320/2594 matched, players 3617/7265 matched
2026-08-24 02:10:02,181 INFO ncaa_identity: contest_id=1624296 teams 2344/2344 matched, players 6288/6398 matched
2026-08-24 02:10:03,556 INFO ncaa_identity: contest_id=1624308 teams 2373/2373 matched, players 6540/6721 matched
2026-08-24 02:10:17,373 INFO ncaa_identity: contest_id=1624515 teams 2715/2715 matched, players 757/865 matched
2026-08-24 02:10:19,518 INFO ncaa_identity: contest_id=1624535 teams 1343/2600 matched, players 3567/7289 matched
[p1_s_e_e] [WARNING] [TeamId(name='Illinois')]v[TeamId(name='Missouri')] Flip court for periods: [[3, 4]] because [total_shots={1: 30, 2: 25, 3: 27, 4: 25} long_shots={3: 27, 4: 25}]
2026-08-24 02:10:29,719 INFO ncaa_identity: contest_id=1624613 teams 1262/2463 matched, players 3414/6748 matched
2026-08-24 02:10:31,568 INFO ncaa_identity: contest_id=1624629 teams 2264/2264 matched, players 637/706 matched
2026-08-24 02:10:33,945 INFO ncaa_identity: contest_id=1624641 teams 3315/3315 matched, players 8570/9069 matched
2026-08-24 02:10:35,747 INFO ncaa_identity: contest_id=1624653 teams 1420/2764 matched, players 3820/7824 matched
2026-08-24 02:10:37,541 INFO ncaa_identity: contest_id=1624663 teams 1445/2888 matched, players 4152/8179 matched
2026-08-24 02:10:40,634 INFO ncaa_identity: contest_id=1624688 teams 2351/2351 matched, players 6355/6435 matched
2026-08-24 02:10:41,998 INFO ncaa_identity: contest_id=1624701 teams 1943/1943 matched, players 4976/5434 matched
2026-08-24 02:10:54,090 INFO ncaa_identity: contest_id=1624898 teams 1276/2607 matched, players 3687/7370 matched
2026-08-24 02:10:55,851 INFO ncaa_identity: contest_id=1624919 teams 2668/2668 matched, players 6402/7470 matched
2026-08-24 02:10:57,763 INFO ncaa_identity: contest_id=1624938 teams 2142/2142 matched, players 5188/5996 matched
2026-08-24 02:10:59,325 INFO ncaa_identity: contest_id=1625003 teams 1385/2714 matched, players 3890/7672 matched
2026-08-24 02:11:02,982 INFO ncaa_identity: contest_id=1625098 teams 1337/2654 matched, players 3694/7290 matched
2026-08-24 02:11:06,544 INFO ncaa_identity: contest_id=1625132 teams 1483/2946 matched, players 4022/8082 matched
2026-08-24 02:11:08,358 INFO ncaa_identity: contest_id=1625150 teams 2560/2560 matched, players 6708/7227 matched
2026-08-24 02:11:10,779 INFO ncaa_identity: contest_id=1625191 teams 1204/2439 matched, players 3271/6596 matched
2026-08-24 02:11:18,649 INFO ncaa_identity: contest_id=1625270 teams 2736/2736 matched, players 6808/7470 matched
2026-08-24 02:11:26,840 INFO ncaa_identity: contest_id=1625470 teams 1509/2959 matched, players 4092/8124 matched
2026-08-24 02:11:35,972 INFO ncaa_identity: contest_id=1625607 teams 2621/2621 matched, players 5534/7114 matched
2026-08-24 02:11:42,660 INFO ncaa_identity: contest_id=1625739 teams 1041/2124 matched, players 2961/5988 matched
2026-08-24 02:11:46,185 INFO ncaa_identity: contest_id=1625823 teams 2606/2606 matched, players 7098/7218 matched
2026-08-24 02:11:48,508 INFO ncaa_identity: contest_id=1625899 teams 2140/2140 matched, players 5436/6000 matched
2026-08-24 02:11:58,797 INFO ncaa_identity: contest_id=1626076 teams 2071/2071 matched, players 5455/5848 matched
2026-08-24 02:12:09,951 INFO ncaa_identity: contest_id=1626211 teams 2933/2933 matched, players 8177/8301 matched
2026-08-24 02:12:11,773 INFO ncaa_identity: contest_id=1626297 teams 2395/2395 matched, players 6456/6780 matched
2026-08-24 02:12:13,164 INFO ncaa_identity: contest_id=1626327 teams 2349/2349 matched, players 6020/6620 matched
2026-08-24 02:12:16,221 INFO ncaa_identity: contest_id=1626459 teams 2122/2122 matched, players 5719/5980 matched
2026-08-24 02:12:17,753 INFO ncaa_identity: contest_id=1626475 teams 2126/2126 matched, players 5829/5995 matched
2026-08-24 02:12:19,532 INFO ncaa_identity: contest_id=1626495 teams 1457/2902 matched, players 4004/8002 matched
2026-08-24 02:12:21,475 INFO ncaa_identity: contest_id=1626536 teams 1838/1838 matched, players 4693/5171 matched
2026-08-24 02:12:22,797 INFO ncaa_identity: contest_id=1626557 teams 2643/2643 matched, players 7235/7236 matched
2026-08-24 02:12:27,043 INFO ncaa_identity: contest_id=1626678 teams 2774/2774 matched, players 6717/7631 matched
2026-08-24 02:12:28,240 INFO ncaa_identity: contest_id=1626693 teams 2542/2542 matched, players 6627/7156 matched
2026-08-24 02:12:29,905 INFO ncaa_identity: contest_id=1626713 teams 2570/2570 matched, players 6925/7056 matched
2026-08-24 02:12:31,575 INFO ncaa_identity: contest_id=1626774 teams 2389/2389 matched, players 6366/6706 matched
2026-08-24 02:12:36,592 INFO ncaa_identity: contest_id=1626909 teams 2277/2277 matched, players 6027/6404 matched
2026-08-24 02:12:47,247 INFO ncaa_identity: contest_id=1627103 teams 2625/2625 matched, players 6802/7385 matched
2026-08-24 02:12:50,650 INFO ncaa_identity: contest_id=1627191 teams 2222/2222 matched, players 5786/6302 matched
2026-08-24 02:12:53,996 INFO ncaa_identity: contest_id=1627252 teams 2596/2596 matched, players 7075/7085 matched
2026-08-24 02:12:55,736 INFO ncaa_identity: contest_id=1627271 teams 1245/2586 matched, players 3518/7095 matched
2026-08-24 02:12:57,021 INFO ncaa_identity: contest_id=1627287 teams 2256/2256 matched, players 6183/6344 matched
2026-08-24 02:12:58,588 INFO ncaa_identity: contest_id=1627299 teams 2584/2584 matched, players 6814/7079 matched
2026-08-24 02:13:03,418 INFO ncaa_identity: contest_id=1627381 teams 2998/2998 matched, players 8389/8517 matched
2026-08-24 02:13:05,027 INFO ncaa_identity: contest_id=1627410 teams 2050/2050 matched, players 5297/5737 matched
2026-08-24 02:13:10,671 INFO ncaa_identity: contest_id=1627588 teams 2199/2199 matched, players 6137/6180 matched
2026-08-24 02:13:15,412 INFO ncaa_identity: contest_id=1627729 teams 2011/2011 matched, players 5108/5684 matched
2026-08-24 02:13:17,377 INFO ncaa_identity: contest_id=1627742 teams 2709/2709 matched, players 7599/7652 matched
2026-08-24 02:13:20,730 INFO ncaa_identity: contest_id=1627769 teams 2019/2019 matched, players 5233/5712 matched
2026-08-24 02:13:30,736 INFO ncaa_identity: contest_id=1627985 teams 1858/1858 matched, players 632/640 matched
2026-08-24 02:13:32,252 INFO ncaa_identity: contest_id=1628060 teams 2072/2072 matched, players 5026/5811 matched
2026-08-24 02:13:33,589 INFO ncaa_identity: contest_id=1628076 teams 2441/2441 matched, players 6303/6900 matched
2026-08-24 02:13:35,391 INFO ncaa_identity: contest_id=1628115 teams 2534/2534 matched, players 6848/7114 matched
2026-08-24 02:13:38,917 INFO ncaa_identity: contest_id=1628170 teams 2425/2425 matched, players 6547/6826 matched
2026-08-24 02:13:40,387 INFO ncaa_identity: contest_id=1628213 teams 2770/2770 matched, players 6909/7820 matched
2026-08-24 02:13:42,490 INFO ncaa_identity: contest_id=1628266 teams 2577/2577 matched, players 6801/7223 matched
2026-08-24 02:13:43,669 INFO ncaa_identity: contest_id=1628303 teams 1999/1999 matched, players 5151/5665 matched
2026-08-24 02:13:47,518 INFO ncaa_identity: contest_id=1628330 teams 1878/1878 matched, players 4952/5269 matched
2026-08-24 02:13:51,870 INFO ncaa_identity: contest_id=1628355 teams 2574/2574 matched, players 7077/7287 matched
2026-08-24 02:13:54,789 INFO ncaa_identity: contest_id=1628395 teams 1242/2442 matched, players 3327/6664 matched
2026-08-24 02:13:56,210 INFO ncaa_identity: contest_id=1628412 teams 2060/2060 matched, players 5364/5784 matched
2026-08-24 02:13:57,646 INFO ncaa_identity: contest_id=1628484 teams 2414/2414 matched, players 5917/6824 matched
2026-08-24 02:13:59,470 INFO ncaa_identity: contest_id=1628603 teams 2477/2477 matched, players 6861/6976 matched
2026-08-24 02:14:09,080 INFO ncaa_identity: contest_id=1628796 teams 2452/2452 matched, players 6360/6936 matched
2026-08-24 02:14:20,704 INFO ncaa_identity: contest_id=1628944 teams 2286/2286 matched, players 6003/6410 matched
2026-08-24 02:14:22,666 INFO ncaa_identity: contest_id=1629026 teams 2227/2227 matched, players 6241/6285 matched
2026-08-24 02:14:26,232 INFO ncaa_identity: contest_id=1629136 teams 2974/2974 matched, players 7938/8479 matched
2026-08-24 02:14:28,803 INFO ncaa_identity: contest_id=1629169 teams 1361/2734 matched, players 3723/7453 matched
2026-08-24 02:14:33,775 INFO ncaa_identity: contest_id=1629216 teams 2888/2888 matched, players 7923/7927 matched
2026-08-24 02:14:35,755 INFO ncaa_identity: contest_id=1629228 teams 2598/2598 matched, players 6423/7355 matched
2026-08-24 02:14:41,932 INFO ncaa_identity: contest_id=1629343 teams 2585/2585 matched, players 6848/7238 matched
2026-08-24 02:14:46,134 INFO ncaa_identity: contest_id=1629394 teams 2383/2383 matched, players 6320/6710 matched
2026-08-24 02:14:48,428 INFO ncaa_identity: contest_id=1629415 teams 2583/2583 matched, players 7004/7091 matched
2026-08-24 02:14:55,411 INFO ncaa_identity: contest_id=1629468 teams 2399/2399 matched, players 6561/6750 matched
2026-08-24 02:14:59,283 INFO ncaa_identity: contest_id=1629535 teams 2179/2179 matched, players 5807/6101 matched
2026-08-24 02:15:02,650 INFO ncaa_identity: contest_id=1629713 teams 2517/2517 matched, players 6387/6931 matched
2026-08-24 02:15:04,492 INFO ncaa_identity: contest_id=1629741 teams 2295/2295 matched, players 6028/6505 matched
2026-08-24 02:15:05,911 INFO ncaa_identity: contest_id=1629764 teams 2311/2311 matched, players 6248/6548 matched
2026-08-24 02:15:07,887 INFO ncaa_identity: contest_id=1629798 teams 2015/2015 matched, players 4570/5690 matched
2026-08-24 02:15:09,348 INFO ncaa_identity: contest_id=1629871 teams 2212/2212 matched, players 5086/6183 matched
2026-08-24 02:15:16,647 INFO ncaa_identity: contest_id=1629918 teams 2039/2039 matched, players 5592/5677 matched
2026-08-24 02:15:18,582 INFO ncaa_identity: contest_id=1629977 teams 2819/2819 matched, players 7612/7988 matched
2026-08-24 02:15:22,684 INFO ncaa_identity: contest_id=1630008 teams 2769/2769 matched, players 7234/7670 matched
2026-08-24 02:15:24,230 INFO ncaa_identity: contest_id=1630071 teams 2291/2291 matched, players 6002/6485 matched
2026-08-24 02:15:32,298 INFO ncaa_identity: contest_id=1630248 teams 2256/2256 matched, players 6081/6368 matched
2026-08-24 02:15:35,791 INFO ncaa_identity: contest_id=1630305 teams 1202/2387 matched, players 3366/6740 matched
2026-08-24 02:15:37,166 INFO ncaa_identity: contest_id=1630331 teams 2150/2150 matched, players 5639/6060 matched
2026-08-24 02:15:51,590 INFO 5 starters not found for period 1; using estimate
2026-08-24 02:15:54,510 INFO ncaa_identity: contest_id=1630532 teams 2449/2449 matched, players 6822/6853 matched
2026-08-24 02:15:57,830 INFO ncaa_identity: contest_id=1630628 teams 2448/2448 matched, players 6756/6921 matched
2026-08-24 02:15:59,385 INFO 5 starters not found for period 5; using estimate
2026-08-24 02:16:00,979 INFO ncaa_identity: contest_id=1630771 teams 2595/2595 matched, players 6972/7339 matched
2026-08-24 02:16:02,075 INFO ncaa_identity: contest_id=1630792 teams 1937/1937 matched, players 5291/5477 matched
2026-08-24 02:16:04,114 INFO ncaa_identity: contest_id=1630831 teams 2186/2186 matched, players 5545/6136 matched
2026-08-24 02:16:10,388 INFO ncaa_identity: contest_id=1630941 teams 2178/2178 matched, players 5644/6146 matched
2026-08-24 02:16:12,160 INFO ncaa_identity: contest_id=1630960 teams 2812/2812 matched, players 6105/7721 matched
2026-08-24 02:16:15,097 INFO ncaa_identity: contest_id=1631035 teams 2153/2153 matched, players 5877/5880 matched
2026-08-24 02:16:21,664 INFO ncaa_identity: contest_id=1631241 teams 2536/2536 matched, players 6660/6954 matched
2026-08-24 02:16:35,617 INFO ncaa_identity: contest_id=1631514 teams 2294/2294 matched, players 6026/6399 matched
2026-08-24 02:16:36,997 INFO ncaa_identity: contest_id=1631532 teams 2254/2254 matched, players 6092/6402 matched
2026-08-24 02:16:41,666 INFO ncaa_identity: contest_id=1631575 teams 2205/2205 matched, players 6051/6052 matched
2026-08-24 02:16:43,120 INFO ncaa_identity: contest_id=1631597 teams 2898/2898 matched, players 8177/8200 matched
2026-08-24 02:16:46,121 INFO ncaa_identity: contest_id=1631664 teams 2368/2368 matched, players 6577/6666 matched
2026-08-24 02:16:47,753 INFO ncaa_identity: contest_id=1631762 teams 2609/2609 matched, players 6406/7310 matched
2026-08-24 02:16:48,932 INFO ncaa_identity: contest_id=1631814 teams 1948/1948 matched, players 5413/5452 matched
2026-08-24 02:16:54,108 INFO ncaa_identity: contest_id=1631900 teams 2614/2614 matched, players 7101/7166 matched
2026-08-24 02:16:59,970 INFO ncaa_identity: contest_id=1632007 teams 2103/2103 matched, players 5073/5936 matched
2026-08-24 02:17:01,445 INFO ncaa_identity: contest_id=1632017 teams 1908/1908 matched, players 657/667 matched
2026-08-24 02:17:11,140 INFO ncaa_identity: contest_id=1632225 teams 2404/2404 matched, players 6351/6557 matched
2026-08-24 02:17:17,027 INFO ncaa_identity: contest_id=1632381 teams 2700/2700 matched, players 7504/7624 matched
2026-08-24 02:17:22,047 INFO ncaa_identity: contest_id=1632481 teams 2260/2260 matched, players 6095/6365 matched
2026-08-24 02:17:23,290 INFO ncaa_identity: contest_id=1632507 teams 2140/2140 matched, players 5528/6008 matched
2026-08-24 02:17:39,826 INFO ncaa_identity: contest_id=1632689 teams 2190/2190 matched, players 6048/6130 matched
2026-08-24 02:17:41,520 INFO ncaa_identity: contest_id=1632702 teams 2058/2058 matched, players 5322/5815 matched
2026-08-24 02:18:01,519 INFO ncaa_identity: contest_id=1632907 teams 1198/2506 matched, players 3327/6852 matched
2026-08-24 02:18:12,269 INFO ncaa_identity: contest_id=1633055 teams 2031/2031 matched, players 5451/5747 matched
2026-08-24 02:18:14,207 INFO ncaa_identity: contest_id=1633070 teams 2509/2509 matched, players 6480/6997 matched
2026-08-24 02:18:19,255 INFO ncaa_identity: contest_id=1633134 teams 2239/2239 matched, players 5900/6288 matched
2026-08-24 02:18:20,830 INFO ncaa_identity: contest_id=1633146 teams 2464/2464 matched, players 6395/6747 matched
2026-08-24 02:18:29,659 INFO ncaa_identity: contest_id=1633200 teams 2424/2424 matched, players 6673/6859 matched
2026-08-24 02:18:32,780 INFO ncaa_identity: contest_id=1633236 teams 2241/2241 matched, players 6189/6341 matched
2026-08-24 02:18:33,984 INFO ncaa_identity: contest_id=1633284 teams 2113/2113 matched, players 5719/5922 matched
2026-08-24 02:18:35,651 INFO ncaa_identity: contest_id=1633297 teams 2567/2567 matched, players 6674/7275 matched
2026-08-24 02:18:38,986 INFO ncaa_identity: contest_id=1633318 teams 2527/2527 matched, players 6476/6952 matched
2026-08-24 02:18:48,506 INFO ncaa_identity: contest_id=1633433 teams 2232/2232 matched, players 6244/6336 matched
2026-08-24 02:18:55,093 INFO ncaa_identity: contest_id=1633499 teams 2494/2494 matched, players 6798/6986 matched
2026-08-24 02:18:56,758 INFO ncaa_identity: contest_id=1633519 teams 1239/2530 matched, players 3517/7113 matched
2026-08-24 02:19:04,287 INFO ncaa_identity: contest_id=1633609 teams 2033/2033 matched, players 5456/5732 matched
2026-08-24 02:19:06,132 INFO ncaa_identity: contest_id=1633627 teams 2397/2397 matched, players 6228/6702 matched
2026-08-24 02:19:09,407 INFO ncaa_identity: contest_id=1633650 teams 2446/2446 matched, players 6719/6871 matched
2026-08-24 02:19:18,580 INFO ncaa_identity: contest_id=1633727 teams 2224/2224 matched, players 6001/6268 matched
2026-08-24 02:19:21,804 INFO ncaa_identity: contest_id=1633747 teams 2262/2262 matched, players 6106/6148 matched
2026-08-24 02:19:26,412 INFO ncaa_identity: contest_id=1633777 teams 2934/2934 matched, players 7858/8064 matched
2026-08-24 02:19:28,466 INFO ncaa_identity: contest_id=1633787 teams 2798/2798 matched, players 5772/7869 matched
2026-08-24 02:19:30,099 INFO ncaa_identity: contest_id=1633797 teams 1359/2755 matched, players 3873/7572 matched
2026-08-24 02:19:31,714 INFO ncaa_identity: contest_id=1633807 teams 1829/1829 matched, players 692/718 matched
2026-08-24 02:19:32,953 INFO ncaa_identity: contest_id=1633817 teams 2125/2125 matched, players 5571/5953 matched
2026-08-24 02:19:36,044 INFO ncaa_identity: contest_id=1633837 teams 2303/2303 matched, players 5810/6426 matched
2026-08-24 02:19:38,838 INFO ncaa_identity: contest_id=1633857 teams 2198/2198 matched, players 5686/6160 matched
2026-08-24 02:19:42,087 INFO ncaa_identity: contest_id=1633877 teams 2675/2675 matched, players 6423/7531 matched
2026-08-24 02:19:46,811 INFO ncaa_identity: contest_id=1638330 teams 1316/2576 matched, players 3653/7277 matched
2026-08-24 02:19:55,508 INFO ncaa_identity: contest_id=1641442 teams 1148/2256 matched, players 2783/6280 matched
2026-08-24 02:19:58,460 INFO ncaa_identity: contest_id=1715529 teams 1154/2295 matched, players 3278/6481 matched
2026-08-24 02:20:00,305 INFO ncaa_identity: contest_id=1715598 teams 2903/2903 matched, players 7098/8234 matched
2026-08-24 02:20:03,308 INFO ncaa_identity: contest_id=1716053 teams 1119/2163 matched, players 3037/6112 matched
2026-08-24 02:20:03,413 INFO 5 starters not found for period 5; using estimate
2026-08-24 02:20:06,687 INFO ncaa_identity: contest_id=1716334 teams 2632/2632 matched, players 7177/7208 matched
2026-08-24 02:20:07,887 INFO ncaa_identity: contest_id=1716371 teams 1982/1982 matched, players 5124/5555 matched
2026-08-24 02:20:09,461 INFO ncaa_identity: contest_id=1716396 teams 2214/2214 matched, players 6049/6259 matched
2026-08-24 02:20:12,468 INFO ncaa_identity: contest_id=1716594 teams 2280/2280 matched, players 6223/6233 matched
2026-08-24 02:20:14,105 INFO ncaa_identity: contest_id=1716606 teams 2204/2204 matched, players 5072/6236 matched
2026-08-24 02:20:17,166 INFO ncaa_identity: contest_id=1716801 teams 2095/2095 matched, players 5347/5865 matched
2026-08-24 02:20:18,409 INFO ncaa_identity: contest_id=1716882 teams 2439/2439 matched, players 6430/6904 matched
2026-08-24 02:20:19,805 INFO ncaa_identity: contest_id=1716935 teams 1955/1955 matched, players 5315/5322 matched
2026-08-24 02:20:24,522 INFO ncaa_identity: contest_id=1717226 teams 1838/1838 matched, players 5038/5146 matched
2026-08-24 02:20:26,250 INFO ncaa_identity: contest_id=1717252 teams 1409/2763 matched, players 3891/7587 matched
2026-08-24 02:20:32,960 INFO ncaa_identity: contest_id=1717876 teams 2342/2342 matched, players 5832/6577 matched
2026-08-24 02:20:39,108 INFO ncaa_identity: contest_id=1718332 teams 2364/2364 matched, players 6340/6443 matched
2026-08-24 02:20:48,132 INFO ncaa_identity: contest_id=1719768 teams 2155/2155 matched, players 6039/6091 matched
2026-08-24 02:20:55,577 INFO ncaa_identity: contest_id=1719875 teams 1990/1990 matched, players 5573/5619 matched
2026-08-24 02:21:06,629 INFO ncaa_identity: contest_id=1781587 teams 1554/3054 matched, players 4224/8379 matched
2026-08-24 02:21:08,300 INFO ncaa_identity: contest_id=1781597 teams 2465/2465 matched, players 6917/6998 matched
2026-08-24 02:21:10,297 INFO ncaa_identity: contest_id=1781607 teams 1482/2810 matched, players 3867/7665 matched
2026-08-24 02:21:12,400 INFO ncaa_identity: contest_id=1781618 teams 1600/3150 matched, players 4231/8745 matched
2026-08-24 02:21:17,019 INFO ncaa_identity: contest_id=1781641 teams 1551/3113 matched, players 3896/8614 matched
2026-08-24 02:21:20,814 INFO ncaa_identity: contest_id=1781661 teams 2895/2895 matched, players 7648/7978 matched
2026-08-24 02:21:22,195 INFO ncaa_identity: contest_id=1781671 teams 2273/2273 matched, players 6132/6445 matched
2026-08-24 02:21:29,029 INFO ncaa_identity: contest_id=1781701 teams 1714/3285 matched, players 4553/9007 matched
2026-08-24 02:21:31,078 INFO ncaa_identity: contest_id=1781712 teams 1134/2215 matched, players 2425/6203 matched
2026-08-24 02:21:32,714 INFO ncaa_identity: contest_id=1781722 teams 3111/3111 matched, players 8555/8559 matched
2026-08-24 02:21:38,799 INFO ncaa_identity: contest_id=1781757 teams 2928/2928 matched, players 8040/8041 matched
2026-08-24 02:21:40,688 INFO ncaa_identity: contest_id=1781825 teams 2702/2702 matched, players 7215/7388 matched
2026-08-24 02:21:51,141 INFO ncaa_identity: contest_id=1782023 teams 1543/2989 matched, players 4192/8204 matched
2026-08-24 02:21:53,218 INFO ncaa_identity: contest_id=1782048 teams 2547/2547 matched, players 7143/7183 matched
2026-08-24 02:21:56,833 INFO ncaa_identity: contest_id=1782125 teams 1447/2868 matched, players 4021/7897 matched
2026-08-24 02:21:58,355 INFO ncaa_identity: contest_id=1782242 teams 2890/2890 matched, players 7265/7930 matched
2026-08-24 02:22:00,412 INFO ncaa_identity: contest_id=1782271 teams 2609/2609 matched, players 6798/7142 matched
2026-08-24 02:22:02,840 INFO ncaa_identity: contest_id=1782298 teams 2646/2646 matched, players 7114/7241 matched
2026-08-24 02:22:04,840 INFO ncaa_identity: contest_id=1782317 teams 3375/3375 matched, players 8805/9301 matched
2026-08-24 02:22:06,669 INFO ncaa_identity: contest_id=1782332 teams 2406/2406 matched, players 6139/6548 matched
2026-08-24 02:22:12,820 INFO ncaa_identity: contest_id=1782410 teams 3084/3084 matched, players 8379/8475 matched
2026-08-24 02:22:16,392 INFO ncaa_identity: contest_id=1782476 teams 1426/2868 matched, players 4027/8093 matched
2026-08-24 02:22:18,138 INFO ncaa_identity: contest_id=1782520 teams 1349/2669 matched, players 3698/7332 matched
2026-08-24 02:22:21,738 INFO ncaa_identity: contest_id=1782610 teams 1538/2956 matched, players 4132/8109 matched
2026-08-24 02:22:26,991 INFO ncaa_identity: contest_id=1782669 teams 2768/2768 matched, players 7299/7614 matched
2026-08-24 02:22:33,832 INFO ncaa_identity: contest_id=1782767 teams 3039/3039 matched, players 7954/8316 matched
2026-08-24 02:22:42,593 INFO ncaa_identity: contest_id=1782924 teams 2675/2675 matched, players 7283/7294 matched
2026-08-24 02:22:46,840 INFO ncaa_identity: contest_id=1783082 teams 1608/3267 matched, players 4484/9013 matched
2026-08-24 02:22:50,989 INFO ncaa_identity: contest_id=1783173 teams 3373/3373 matched, players 9294/9315 matched
2026-08-24 02:23:04,578 INFO ncaa_identity: contest_id=1783472 teams 1376/2732 matched, players 3753/7426 matched
2026-08-24 02:23:08,450 INFO ncaa_identity: contest_id=1783507 teams 2587/2587 matched, players 6879/7061 matched
2026-08-24 02:23:10,320 INFO ncaa_identity: contest_id=1783533 teams 3588/3588 matched, players 9389/9931 matched
2026-08-24 02:23:13,755 INFO ncaa_identity: contest_id=1783590 teams 1461/2975 matched, players 4099/8184 matched
2026-08-24 02:23:15,293 INFO ncaa_identity: contest_id=1783624 teams 2503/2503 matched, players 6832/6840 matched
2026-08-24 02:23:19,323 INFO ncaa_identity: contest_id=1783687 teams 1427/2820 matched, players 3797/7684 matched
2026-08-24 02:23:20,842 INFO ncaa_identity: contest_id=1783699 teams 2859/2859 matched, players 7846/7859 matched
2026-08-24 02:23:24,665 INFO ncaa_identity: contest_id=1783794 teams 2773/2773 matched, players 7367/7646 matched
2026-08-24 02:23:28,346 INFO ncaa_identity: contest_id=1783846 teams 3021/3021 matched, players 8070/8304 matched
2026-08-24 02:23:30,212 INFO ncaa_identity: contest_id=1783887 teams 2819/2819 matched, players 7751/7753 matched
2026-08-24 02:23:48,980 INFO ncaa_identity: contest_id=1784373 teams 2082/2082 matched, players 5170/5619 matched
2026-08-24 02:23:58,270 INFO ncaa_identity: contest_id=1784462 teams 2782/2782 matched, players 7676/7678 matched
2026-08-24 02:24:01,947 INFO ncaa_identity: contest_id=1784488 teams 1373/2640 matched, players 3656/7267 matched
2026-08-24 02:24:03,281 INFO ncaa_identity: contest_id=1784506 teams 2111/2111 matched, players 5585/5923 matched
2026-08-24 02:24:05,192 INFO ncaa_identity: contest_id=1784544 teams 1333/2644 matched, players 3676/7277 matched
2026-08-24 02:24:08,567 INFO ncaa_identity: contest_id=1784579 teams 2852/2852 matched, players 7410/7864 matched
2026-08-24 02:24:19,243 INFO ncaa_identity: contest_id=1784871 teams 2399/2399 matched, players 6513/6763 matched
2026-08-24 02:24:22,537 INFO ncaa_identity: contest_id=1784896 teams 1510/3042 matched, players 4202/8364 matched
2026-08-24 02:24:28,643 INFO ncaa_identity: contest_id=1784960 teams 2223/2223 matched, players 6120/6300 matched
2026-08-24 02:24:37,956 INFO ncaa_identity: contest_id=1785092 teams 2552/2552 matched, players 6814/6947 matched
2026-08-24 02:24:46,504 INFO ncaa_identity: contest_id=1785253 teams 2880/2880 matched, players 7852/7951 matched
2026-08-24 02:24:58,942 INFO ncaa_identity: contest_id=1785474 teams 2771/2771 matched, players 7425/7429 matched
2026-08-24 02:25:02,638 INFO ncaa_identity: contest_id=1785528 teams 1558/2886 matched, players 3995/7850 matched
2026-08-24 02:25:06,067 INFO ncaa_identity: contest_id=1785636 teams 1176/2395 matched, players 3283/6570 matched
2026-08-24 02:25:09,538 INFO ncaa_identity: contest_id=1785680 teams 1360/2642 matched, players 3661/7241 matched
2026-08-24 02:25:11,724 INFO ncaa_identity: contest_id=1785721 teams 1405/2708 matched, players 3571/7490 matched
2026-08-24 02:25:13,462 INFO ncaa_identity: contest_id=1785776 teams 2482/2482 matched, players 6678/6960 matched
2026-08-24 02:25:15,681 INFO ncaa_identity: contest_id=1785793 teams 2554/2554 matched, players 6887/7205 matched
2026-08-24 02:25:17,602 INFO ncaa_identity: contest_id=1785806 teams 2655/2655 matched, players 6820/7258 matched
2026-08-24 02:25:25,166 INFO ncaa_identity: contest_id=1785988 teams 1313/2557 matched, players 3570/7004 matched
2026-08-24 02:25:27,185 INFO ncaa_identity: contest_id=1786047 teams 3127/3127 matched, players 8346/8597 matched
2026-08-24 02:25:31,505 INFO ncaa_identity: contest_id=1786129 teams 3018/3018 matched, players 7382/8284 matched
2026-08-24 02:25:40,176 INFO ncaa_identity: contest_id=1786280 teams 2873/2873 matched, players 7937/7941 matched
2026-08-24 02:25:42,091 INFO ncaa_identity: contest_id=1786290 teams 2259/2259 matched, players 6035/6174 matched
2026-08-24 02:25:48,440 INFO ncaa_identity: contest_id=1786323 teams 3248/3248 matched, players 8660/8959 matched
2026-08-24 02:25:56,686 INFO ncaa_identity: contest_id=1786400 teams 2173/2173 matched, players 5798/6125 matched
2026-08-24 02:26:03,036 INFO ncaa_identity: contest_id=1786451 teams 2313/2313 matched, players 5441/6309 matched
2026-08-24 02:26:08,862 INFO ncaa_identity: contest_id=1786501 teams 2229/2229 matched, players 5517/6224 matched
2026-08-24 02:26:23,472 INFO ncaa_identity: contest_id=1786574 teams 2411/2411 matched, players 6595/6785 matched
2026-08-24 02:26:30,453 INFO ncaa_identity: contest_id=1786644 teams 1383/2650 matched, players 3637/7259 matched
2026-08-24 02:26:38,353 INFO ncaa_identity: contest_id=1786688 teams 2882/2882 matched, players 7340/8144 matched
2026-08-24 02:27:20,608 INFO ncaa_identity: contest_id=1786849 teams 2601/2601 matched, players 6952/7319 matched
2026-08-24 02:28:01,987 INFO ncaa_identity: contest_id=1787031 teams 2537/2537 matched, players 6893/6943 matched
2026-08-24 02:28:09,556 INFO ncaa_identity: contest_id=1787046 teams 1288/2550 matched, players 3622/7176 matched
2026-08-24 02:28:26,567 INFO ncaa_identity: contest_id=1787144 teams 2243/2243 matched, players 6100/6101 matched
2026-08-24 02:28:32,927 INFO ncaa_identity: contest_id=1787167 teams 2328/2328 matched, players 5596/6279 matched
2026-08-24 02:28:39,829 INFO ncaa_identity: contest_id=1787207 teams 2757/2757 matched, players 7332/7605 matched
2026-08-24 02:28:50,084 INFO ncaa_identity: contest_id=1787268 teams 2358/2358 matched, players 5508/6636 matched
2026-08-24 02:28:55,651 INFO ncaa_identity: contest_id=1787282 teams 3072/3072 matched, players 8484/8503 matched
2026-08-24 02:29:14,410 INFO ncaa_identity: contest_id=1787347 teams 2769/2769 matched, players 7548/7661 matched
2026-08-24 02:29:56,472 INFO ncaa_identity: contest_id=1787510 teams 1049/2138 matched, players 2906/5842 matched
2026-08-24 02:30:09,064 INFO ncaa_identity: contest_id=1787550 teams 1428/2838 matched, players 3984/7772 matched
2026-08-24 02:30:55,896 INFO ncaa_identity: contest_id=1787703 teams 1283/2581 matched, players 3655/7321 matched
2026-08-24 02:30:59,815 INFO ncaa_identity: contest_id=1787751 teams 2609/2609 matched, players 7082/7154 matched
2026-08-24 02:31:05,476 INFO ncaa_identity: contest_id=1787795 teams 1213/2400 matched, players 3248/6552 matched
2026-08-24 02:31:07,270 INFO ncaa_identity: contest_id=1787809 teams 2837/2837 matched, players 7673/7983 matched
2026-08-24 02:31:25,874 INFO ncaa_identity: contest_id=1788015 teams 1359/2677 matched, players 3792/7515 matched
2026-08-24 02:31:30,228 INFO ncaa_identity: contest_id=1788033 teams 3423/3423 matched, players 9011/9449 matched
2026-08-24 02:31:43,964 INFO ncaa_identity: contest_id=1788211 teams 2328/2328 matched, players 6336/6349 matched
2026-08-24 02:31:50,232 INFO ncaa_identity: contest_id=1788250 teams 3323/3323 matched, players 8858/9151 matched
2026-08-24 02:31:57,248 INFO ncaa_identity: contest_id=1788372 teams 2165/2165 matched, players 5206/6071 matched
2026-08-24 02:31:59,113 INFO ncaa_identity: contest_id=1788440 teams 2519/2519 matched, players 6357/6891 matched
2026-08-24 02:32:06,881 INFO ncaa_identity: contest_id=1788566 teams 2391/2391 matched, players 6260/6501 matched
2026-08-24 02:32:09,147 INFO ncaa_identity: contest_id=1788597 teams 3034/3034 matched, players 7864/8293 matched
2026-08-24 02:32:11,054 INFO ncaa_identity: contest_id=1788652 teams 2624/2624 matched, players 7143/7145 matched
2026-08-24 02:32:21,304 INFO ncaa_identity: contest_id=1788781 teams 1442/2903 matched, players 4029/7977 matched
2026-08-24 02:32:23,533 INFO ncaa_identity: contest_id=1788796 teams 2390/2390 matched, players 6528/6538 matched
2026-08-24 02:32:31,380 INFO ncaa_identity: contest_id=1788873 teams 1481/2865 matched, players 4066/7857 matched
2026-08-24 02:32:35,866 INFO ncaa_identity: contest_id=1789047 teams 2022/2022 matched, players 5528/5704 matched
2026-08-24 02:32:42,382 INFO ncaa_identity: contest_id=1789144 teams 3165/3165 matched, players 8677/8691 matched
2026-08-24 02:32:55,278 INFO ncaa_identity: contest_id=1789307 teams 1836/1836 matched, players 650/687 matched
2026-08-24 02:32:59,571 INFO ncaa_identity: contest_id=1789375 teams 2853/2853 matched, players 7764/7847 matched
2026-08-24 02:33:13,868 INFO ncaa_identity: contest_id=1789461 teams 2939/2939 matched, players 8083/8091 matched
2026-08-24 02:33:25,538 INFO ncaa_identity: contest_id=1789582 teams 2661/2661 matched, players 7053/7304 matched
2026-08-24 02:33:31,684 INFO ncaa_identity: contest_id=1789608 teams 1265/2538 matched, players 3530/6983 matched
2026-08-24 02:33:37,770 INFO ncaa_identity: contest_id=1789635 teams 1327/2460 matched, players 3340/6718 matched
2026-08-24 02:33:59,352 INFO ncaa_identity: contest_id=1789818 teams 2537/2537 matched, players 6582/7146 matched
2026-08-24 02:34:06,446 INFO ncaa_identity: contest_id=1789839 teams 2630/2630 matched, players 6999/7238 matched
2026-08-24 02:34:18,111 INFO ncaa_identity: contest_id=1789870 teams 2722/2722 matched, players 6973/7483 matched
2026-08-24 02:34:42,007 INFO ncaa_identity: contest_id=1789931 teams 1322/2612 matched, players 3575/7180 matched
2026-08-24 02:34:47,329 INFO ncaa_identity: contest_id=1789996 teams 2481/2481 matched, players 6115/6985 matched
2026-08-24 02:35:15,928 INFO ncaa_identity: contest_id=1790242 teams 2535/2535 matched, players 6336/7107 matched
2026-08-24 02:35:21,708 INFO ncaa_identity: contest_id=1790305 teams 2171/2171 matched, players 5817/5923 matched
2026-08-24 02:35:49,712 INFO ncaa_identity: contest_id=1790380 teams 2286/2286 matched, players 6289/6406 matched
2026-08-24 02:35:55,828 INFO ncaa_identity: contest_id=1790438 teams 2761/2761 matched, players 7437/7831 matched
2026-08-24 02:36:33,709 INFO ncaa_identity: contest_id=1790705 teams 2545/2545 matched, players 6944/6946 matched
2026-08-24 02:36:39,760 INFO ncaa_identity: contest_id=1790731 teams 2382/2382 matched, players 6090/6536 matched
2026-08-24 02:36:44,012 INFO ncaa_identity: contest_id=1790759 teams 2049/2049 matched, players 552/642 matched
2026-08-24 02:37:02,395 INFO ncaa_identity: contest_id=1790925 teams 2294/2294 matched, players 6023/6298 matched
2026-08-24 02:37:13,606 INFO ncaa_identity: contest_id=1790951 teams 2229/2229 matched, players 5648/6081 matched
2026-08-24 02:37:20,310 INFO ncaa_identity: contest_id=1790964 teams 2549/2549 matched, players 6582/7001 matched
2026-08-24 02:37:47,048 INFO ncaa_identity: contest_id=1791186 teams 2205/2205 matched, players 5880/6228 matched
2026-08-24 02:37:56,900 INFO ncaa_identity: contest_id=1791260 teams 1386/2558 matched, players 3510/7011 matched
2026-08-24 02:38:01,084 INFO ncaa_identity: contest_id=1791369 teams 2772/2772 matched, players 7188/7622 matched
2026-08-24 02:38:05,850 INFO ncaa_identity: contest_id=1791393 teams 2427/2427 matched, players 6568/6638 matched
2026-08-24 02:38:23,056 INFO ncaa_identity: contest_id=1791626 teams 2707/2707 matched, players 6921/7422 matched
2026-08-24 02:38:37,510 INFO ncaa_identity: contest_id=1791851 teams 2735/2735 matched, players 7070/7448 matched
2026-08-24 02:38:40,122 INFO ncaa_identity: contest_id=1791896 teams 1526/2901 matched, players 3992/7960 matched
2026-08-24 02:38:46,583 INFO ncaa_identity: contest_id=1791981 teams 2678/2678 matched, players 7055/7603 matched
2026-08-24 02:38:50,200 INFO ncaa_identity: contest_id=1792007 teams 2515/2515 matched, players 6484/6918 matched
2026-08-24 02:38:52,441 INFO ncaa_identity: contest_id=1792020 teams 2365/2365 matched, players 5964/6424 matched
2026-08-24 02:38:55,835 INFO ncaa_identity: contest_id=1792055 teams 1282/2491 matched, players 3589/7006 matched
2026-08-24 02:38:57,261 INFO ncaa_identity: contest_id=1792113 teams 1959/1959 matched, players 5293/5502 matched
2026-08-24 02:39:00,796 INFO ncaa_identity: contest_id=1792241 teams 1557/2888 matched, players 4033/7936 matched
2026-08-24 02:39:04,601 INFO ncaa_identity: contest_id=1792328 teams 2775/2775 matched, players 7043/7596 matched
2026-08-24 02:39:04,769 INFO 5 starters not found for period 5; using estimate
2026-08-24 02:39:09,550 INFO ncaa_identity: contest_id=1792408 teams 2998/2998 matched, players 7812/8219 matched
2026-08-24 02:39:20,823 INFO ncaa_identity: contest_id=1792536 teams 2608/2608 matched, players 7082/7168 matched
2026-08-24 02:39:23,371 INFO ncaa_identity: contest_id=1792562 teams 2822/2822 matched, players 7711/7720 matched
2026-08-24 02:39:29,514 INFO ncaa_identity: contest_id=1792667 teams 2808/2808 matched, players 7289/7710 matched
2026-08-24 02:39:31,351 INFO ncaa_identity: contest_id=1792744 teams 2758/2758 matched, players 7282/7585 matched
2026-08-24 02:39:33,184 INFO ncaa_identity: contest_id=1792767 teams 1937/1937 matched, players 669/678 matched
2026-08-24 02:39:34,621 INFO ncaa_identity: contest_id=1792793 teams 1020/2091 matched, players 2788/5737 matched
2026-08-24 02:39:36,815 INFO ncaa_identity: contest_id=1792822 teams 2659/2659 matched, players 6647/7302 matched
2026-08-24 02:39:38,710 INFO ncaa_identity: contest_id=1792851 teams 2654/2654 matched, players 7084/7442 matched
2026-08-24 02:39:42,253 INFO ncaa_identity: contest_id=1792923 teams 2323/2323 matched, players 5794/6345 matched
2026-08-24 02:39:44,418 INFO ncaa_identity: contest_id=1792977 teams 1937/1937 matched, players 5395/5410 matched
2026-08-24 02:39:46,716 INFO ncaa_identity: contest_id=1793013 teams 2702/2702 matched, players 7040/7430 matched
2026-08-24 02:39:50,768 INFO ncaa_identity: contest_id=1793038 teams 3078/3078 matched, players 8336/8474 matched
2026-08-24 02:39:53,062 INFO ncaa_identity: contest_id=1793054 teams 2769/2769 matched, players 7388/7573 matched
2026-08-24 02:39:56,904 INFO ncaa_identity: contest_id=1793089 teams 3078/3078 matched, players 7995/8467 matched
2026-08-24 02:40:04,063 INFO ncaa_identity: contest_id=1793291 teams 2681/2681 matched, players 7167/7391 matched
2026-08-24 02:40:09,799 INFO ncaa_identity: contest_id=1793418 teams 2611/2611 matched, players 6903/7349 matched
2026-08-24 02:40:20,855 INFO ncaa_identity: contest_id=1793575 teams 2427/2427 matched, players 6744/6864 matched
2026-08-24 02:40:31,872 INFO ncaa_identity: contest_id=1793790 teams 2721/2721 matched, players 7485/7493 matched
2026-08-24 02:40:44,869 INFO ncaa_identity: contest_id=1794053 teams 2571/2571 matched, players 6603/7035 matched
2026-08-24 02:40:48,341 INFO ncaa_identity: contest_id=1794079 teams 2889/2889 matched, players 7478/7960 matched
2026-08-24 02:40:55,753 INFO ncaa_identity: contest_id=1794141 teams 1183/2392 matched, players 3236/6532 matched
2026-08-24 02:41:00,847 INFO ncaa_identity: contest_id=1794313 teams 2635/2635 matched, players 7190/7206 matched
2026-08-24 02:41:09,641 INFO ncaa_identity: contest_id=1794511 teams 2398/2398 matched, players 6106/6574 matched
2026-08-24 02:41:21,473 INFO ncaa_identity: contest_id=1794623 teams 2732/2732 matched, players 7107/7464 matched
2026-08-24 02:41:25,138 INFO ncaa_identity: contest_id=1794659 teams 2867/2867 matched, players 7228/7843 matched
2026-08-24 02:41:27,036 INFO ncaa_identity: contest_id=1794704 teams 1246/2514 matched, players 3402/6885 matched
2026-08-24 02:41:31,147 INFO ncaa_identity: contest_id=1794832 teams 2538/2538 matched, players 6961/6969 matched
2026-08-24 02:41:36,911 INFO ncaa_identity: contest_id=1794916 teams 1387/2698 matched, players 3794/7442 matched
[p1_s_e_e] [WARNING] [TeamId(name='LSU New Orleans')]v[TeamId(name='UIW')] Flip court for periods: [[2]] because [total_shots={1: 35, 2: 25, 3: 23, 4: 30} long_shots={1: 20, 2: 19, 3: 11, 4: 16}]
2026-08-24 02:41:43,050 INFO ncaa_identity: contest_id=1795045 teams 1480/2859 matched, players 3922/7851 matched
2026-08-24 02:41:56,370 INFO ncaa_identity: contest_id=1795175 teams 2037/2037 matched, players 4997/5731 matched
2026-08-24 02:41:59,756 INFO ncaa_identity: contest_id=1795240 teams 2177/2177 matched, players 5468/6104 matched
2026-08-24 02:42:15,668 INFO ncaa_identity: contest_id=1795574 teams 2280/2280 matched, players 6177/6222 matched
2026-08-24 02:42:22,853 INFO ncaa_identity: contest_id=1795653 teams 2563/2563 matched, players 6818/7029 matched
2026-08-24 02:42:26,176 INFO ncaa_identity: contest_id=1795683 teams 2705/2705 matched, players 6817/7456 matched
2026-08-24 02:42:48,592 INFO ncaa_identity: contest_id=1796110 teams 2211/2211 matched, players 6178/6231 matched
2026-08-24 02:42:51,988 INFO ncaa_identity: contest_id=1796136 teams 2347/2347 matched, players 6254/6409 matched
2026-08-24 02:43:04,549 INFO ncaa_identity: contest_id=1796276 teams 2809/2809 matched, players 7395/7701 matched
2026-08-24 02:43:06,223 INFO ncaa_identity: contest_id=1796286 teams 2391/2391 matched, players 6240/6541 matched
2026-08-24 02:43:08,195 INFO ncaa_identity: contest_id=1796296 teams 2849/2849 matched, players 7512/7824 matched
2026-08-24 02:43:09,759 INFO ncaa_identity: contest_id=1796353 teams 2337/2337 matched, players 5995/6377 matched
2026-08-24 02:43:13,620 INFO ncaa_identity: contest_id=1796375 teams 2520/2520 matched, players 6238/7128 matched
2026-08-24 02:43:19,032 INFO ncaa_identity: contest_id=1796418 teams 1204/2525 matched, players 3392/6867 matched
2026-08-24 02:43:22,853 INFO ncaa_identity: contest_id=1796439 teams 2441/2441 matched, players 6438/6672 matched
2026-08-24 02:43:26,079 INFO ncaa_identity: contest_id=1796495 teams 1286/2443 matched, players 3366/6684 matched
2026-08-24 02:43:38,776 INFO ncaa_identity: contest_id=1796622 teams 2270/2270 matched, players 5908/6431 matched
2026-08-24 02:43:40,653 INFO ncaa_identity: contest_id=1796638 teams 3018/3018 matched, players 7825/8258 matched
2026-08-24 02:43:42,584 INFO ncaa_identity: contest_id=1796650 teams 3292/3292 matched, players 8131/9076 matched
2026-08-24 02:43:44,571 INFO ncaa_identity: contest_id=1796661 teams 2523/2523 matched, players 6376/6897 matched
2026-08-24 02:43:54,915 INFO ncaa_identity: contest_id=1796713 teams 2887/2887 matched, players 7627/7925 matched
2026-08-24 02:44:12,160 INFO ncaa_identity: contest_id=1796795 teams 2860/2860 matched, players 7684/7852 matched
2026-08-24 02:44:18,988 INFO ncaa_identity: contest_id=1796827 teams 2974/2974 matched, players 8154/8164 matched
2026-08-24 02:44:23,030 INFO ncaa_identity: contest_id=1796847 teams 2112/2112 matched, players 5471/5979 matched
2026-08-24 02:44:25,220 INFO ncaa_identity: contest_id=1814195 teams 2647/2647 matched, players 7098/7276 matched
2026-08-24 02:44:27,005 INFO ncaa_identity: contest_id=1814637 teams 2439/2439 matched, players 6607/6849 matched
2026-08-24 02:44:36,813 INFO ncaa_identity: contest_id=1817123 teams 2171/2171 matched, players 6041/6050 matched
2026-08-24 02:44:51,171 INFO ncaa_identity: contest_id=1969158 teams 2289/2289 matched, players 6016/6243 matched
2026-08-24 02:45:01,428 INFO ncaa_identity: contest_id=1969600 teams 2051/2051 matched, players 5540/5604 matched
2026-08-24 02:45:03,460 INFO ncaa_identity: contest_id=1969651 teams 2517/2517 matched, players 6288/6888 matched
2026-08-24 02:45:06,705 INFO ncaa_identity: contest_id=1970435 teams 2318/2318 matched, players 5722/6313 matched
2026-08-24 02:45:12,727 INFO ncaa_identity: contest_id=1971221 teams 2883/2883 matched, players 7348/7963 matched
2026-08-24 02:45:21,758 INFO ncaa_identity: contest_id=1978139 teams 2294/2294 matched, players 5156/6301 matched
2026-08-24 02:45:26,088 WARNING ncaa_parse: family=shots contest_id=1978170 team=Bradley SKIPPED (1 parse error(s)): No shot events found [<!DOCTYPE html> <html lang="en"> <head> <meta content="text/html; charset=utf-8" http-equiv="CONTENT-TYPE"/> <meta charset="utf-8"/> <meta...
2026-08-24 02:45:26,211 INFO ncaa_identity: contest_id=1978170 teams 2735/2735 matched, players 7670/7722 matched
2026-08-24 02:45:28,158 INFO ncaa_identity: contest_id=1978183 teams 1594/3181 matched, players 4428/8758 matched
2026-08-24 02:45:30,106 INFO ncaa_identity: contest_id=1978194 teams 2827/2827 matched, players 7356/7562 matched
2026-08-24 02:45:34,009 INFO ncaa_identity: contest_id=1978227 teams 3210/3210 matched, players 8126/8864 matched
2026-08-24 02:45:37,889 INFO ncaa_identity: contest_id=1978279 teams 2447/2447 matched, players 6156/6686 matched
2026-08-24 02:45:39,214 INFO ncaa_identity: contest_id=1978303 teams 2475/2475 matched, players 6455/6739 matched
2026-08-24 02:45:51,187 WARNING ncaa_parse: family=shots contest_id=1978430 team=Old Dominion SKIPPED (1 parse error(s)): No shot events found [<!DOCTYPE html> <html lang="en"> <head> <meta content="text/html; charset=utf-8" http-equiv="CONTENT-TYPE"/> <meta charset="utf-8"/> <meta...
2026-08-24 02:45:53,004 INFO ncaa_identity: contest_id=1978462 teams 1376/2663 matched, players 3702/7301 matched
2026-08-24 02:45:56,763 INFO ncaa_identity: contest_id=1978506 teams 1356/2708 matched, players 3790/7512 matched
2026-08-24 02:46:02,041 WARNING ncaa_parse: family=shots contest_id=1978590 team=Marshall SKIPPED (1 parse error(s)): No shot events found [<!DOCTYPE html> <html lang="en"> <head> <meta content="text/html; charset=utf-8" http-equiv="CONTENT-TYPE"/> <meta charset="utf-8"/> <meta...
2026-08-24 02:46:05,469 WARNING ncaa_parse: family=shots contest_id=1978619 team=South Carolina St. SKIPPED (1 parse error(s)): No shot events found [<!DOCTYPE html> <html lang="en"> <head> <meta content="text/html; charset=utf-8" http-equiv="CONTENT-TYPE"/> <meta charset="utf-8"/> <meta...
2026-08-24 02:46:13,301 INFO ncaa_identity: contest_id=1978706 teams 2582/2582 matched, players 6560/7124 matched
2026-08-24 02:46:16,582 WARNING ncaa_parse: family=shots contest_id=1978742 team=South Carolina St. SKIPPED (1 parse error(s)): No shot events found [<!DOCTYPE html> <html lang="en"> <head> <meta content="text/html; charset=utf-8" http-equiv="CONTENT-TYPE"/> <meta charset="utf-8"/> <meta...
2026-08-24 02:46:16,602 INFO ncaa_identity: contest_id=1978742 teams 1951/1951 matched, players 755/757 matched
2026-08-24 02:46:20,968 INFO ncaa_identity: contest_id=1978800 teams 1482/2940 matched, players 4051/8071 matched
2026-08-24 02:46:36,985 INFO ncaa_identity: contest_id=1978941 teams 2736/2736 matched, players 7355/7356 matched
2026-08-24 02:46:39,352 INFO ncaa_identity: contest_id=1978966 teams 1898/3629 matched, players 5091/10020 matched
2026-08-24 02:46:43,895 INFO ncaa_identity: contest_id=1978997 teams 1270/2529 matched, players 3430/6941 matched
2026-08-24 02:46:45,733 INFO ncaa_identity: contest_id=1979029 teams 2654/2654 matched, players 7142/7200 matched
2026-08-24 02:46:49,697 INFO ncaa_identity: contest_id=1979057 teams 2487/2487 matched, players 6114/6784 matched
2026-08-24 02:46:58,882 INFO ncaa_identity: contest_id=1979127 teams 1403/2643 matched, players 3633/7248 matched
2026-08-24 02:47:01,741 INFO ncaa_identity: contest_id=1979147 teams 3006/3006 matched, players 8232/8244 matched
2026-08-24 02:47:07,735 INFO ncaa_identity: contest_id=1979194 teams 2321/2321 matched, players 6322/6323 matched
2026-08-24 02:47:11,803 INFO ncaa_identity: contest_id=1979228 teams 2698/2698 matched, players 6694/7278 matched
2026-08-24 02:47:14,083 INFO ncaa_identity: contest_id=1979240 teams 3070/3070 matched, players 8494/8500 matched
2026-08-24 02:47:16,144 INFO ncaa_identity: contest_id=1979257 teams 2697/2697 matched, players 7188/7446 matched
2026-08-24 02:47:31,720 WARNING ncaa_parse: family=shots contest_id=1979401 team=Alabama St. SKIPPED (1 parse error(s)): No shot events found [<!DOCTYPE html> <html lang="en"> <head> <meta content="text/html; charset=utf-8" http-equiv="CONTENT-TYPE"/> <meta charset="utf-8"/> <meta...
2026-08-24 02:47:31,822 INFO ncaa_identity: contest_id=1979401 teams 2892/2892 matched, players 7350/8149 matched
2026-08-24 02:47:36,269 INFO ncaa_identity: contest_id=1979441 teams 2842/2842 matched, players 7718/7797 matched
2026-08-24 02:47:49,341 INFO ncaa_identity: contest_id=1979588 teams 2165/2165 matched, players 5866/5875 matched
2026-08-24 02:47:51,858 INFO ncaa_identity: contest_id=1979601 teams 2767/2767 matched, players 6520/7569 matched
2026-08-24 02:47:53,720 INFO ncaa_identity: contest_id=1979613 teams 2578/2578 matched, players 6641/7084 matched
2026-08-24 02:47:59,807 INFO ncaa_identity: contest_id=1979710 teams 2887/2887 matched, players 7751/7937 matched
2026-08-24 02:48:05,353 INFO ncaa_identity: contest_id=1979788 teams 1339/2699 matched, players 3646/7346 matched
2026-08-24 02:48:06,777 WARNING ncaa_parse: family=shots contest_id=1979829 team=Old Dominion SKIPPED (1 parse error(s)): No shot events found [<!DOCTYPE html> <html lang="en"> <head> <meta content="text/html; charset=utf-8" http-equiv="CONTENT-TYPE"/> <meta charset="utf-8"/> <meta...
2026-08-24 02:48:11,236 INFO ncaa_identity: contest_id=1979885 teams 3136/3136 matched, players 8668/8674 matched
2026-08-24 02:48:16,783 WARNING ncaa_parse: family=shots contest_id=1979946 team=Old Dominion SKIPPED (1 parse error(s)): No shot events found [<!DOCTYPE html> <html lang="en"> <head> <meta content="text/html; charset=utf-8" http-equiv="CONTENT-TYPE"/> <meta charset="utf-8"/> <meta...
2026-08-24 02:48:17,166 INFO 5 starters not found for period 4; using estimate
2026-08-24 02:48:18,841 INFO ncaa_identity: contest_id=1979965 teams 2673/2673 matched, players 7060/7311 matched
2026-08-24 02:48:21,371 INFO ncaa_identity: contest_id=1979996 teams 2488/2488 matched, players 6405/6809 matched
2026-08-24 02:48:28,596 INFO ncaa_identity: contest_id=1980086 teams 2948/2948 matched, players 7387/8133 matched
2026-08-24 02:48:32,909 INFO ncaa_identity: contest_id=1980135 teams 2867/2867 matched, players 7319/7882 matched
2026-08-24 02:48:39,454 INFO ncaa_identity: contest_id=1980228 teams 2375/2375 matched, players 5233/6447 matched
2026-08-24 02:48:41,589 INFO ncaa_identity: contest_id=1980270 teams 3119/3119 matched, players 8066/8621 matched
2026-08-24 02:48:45,248 INFO ncaa_identity: contest_id=1980303 teams 1264/2585 matched, players 3537/7085 matched
2026-08-24 02:48:49,194 INFO ncaa_identity: contest_id=1980342 teams 2622/2622 matched, players 6758/7199 matched
2026-08-24 02:48:50,833 INFO ncaa_identity: contest_id=1980363 teams 2528/2528 matched, players 6741/6925 matched
2026-08-24 02:49:03,651 INFO ncaa_identity: contest_id=1980554 teams 2935/2935 matched, players 7690/8106 matched
2026-08-24 02:49:05,594 INFO ncaa_identity: contest_id=1980598 teams 1398/2846 matched, players 3872/7804 matched
2026-08-24 02:49:09,105 WARNING ncaa_parse: family=shots contest_id=1980661 team=Southeast Mo. St. SKIPPED (1 parse error(s)): No shot events found [<!DOCTYPE html> <html lang="en"> <head> <meta content="text/html; charset=utf-8" http-equiv="CONTENT-TYPE"/> <meta charset="utf-8"/> <meta...
2026-08-24 02:49:31,014 INFO ncaa_identity: contest_id=1981010 teams 2558/2558 matched, players 6969/6977 matched
2026-08-24 02:49:32,685 INFO ncaa_identity: contest_id=1981045 teams 2731/2731 matched, players 6447/7512 matched
2026-08-24 02:49:34,110 WARNING ncaa_parse: family=shots contest_id=1981087 team=Marshall SKIPPED (1 parse error(s)): No shot events found [<!DOCTYPE html> <html lang="en"> <head> <meta content="text/html; charset=utf-8" http-equiv="CONTENT-TYPE"/> <meta charset="utf-8"/> <meta...
2026-08-24 02:49:41,677 INFO ncaa_identity: contest_id=1981162 teams 1329/2677 matched, players 3631/7384 matched
2026-08-24 02:49:47,367 INFO ncaa_identity: contest_id=1981218 teams 3044/3044 matched, players 8005/8440 matched
2026-08-24 02:49:56,364 INFO ncaa_identity: contest_id=1981420 teams 1364/2483 matched, players 3471/6819 matched
2026-08-24 02:50:03,991 INFO ncaa_identity: contest_id=1981513 teams 2687/2687 matched, players 7260/7344 matched
2026-08-24 02:50:09,664 INFO ncaa_identity: contest_id=1981576 teams 1497/2981 matched, players 4039/8160 matched
2026-08-24 02:50:24,496 INFO ncaa_identity: contest_id=1981836 teams 2430/2430 matched, players 6180/6664 matched
2026-08-24 02:50:26,278 INFO ncaa_identity: contest_id=1981851 teams 2718/2718 matched, players 6951/7444 matched
2026-08-24 02:50:30,122 INFO ncaa_identity: contest_id=1981915 teams 3120/3120 matched, players 8058/8594 matched
2026-08-24 02:50:32,075 INFO ncaa_identity: contest_id=1981927 teams 2835/2835 matched, players 7523/7787 matched
2026-08-24 02:50:36,606 INFO ncaa_identity: contest_id=1981995 teams 2603/2603 matched, players 6519/7099 matched
2026-08-24 02:50:42,404 INFO ncaa_identity: contest_id=1982101 teams 3103/3103 matched, players 8546/8553 matched
2026-08-24 02:50:47,955 INFO ncaa_identity: contest_id=1982169 teams 2542/2542 matched, players 6904/6975 matched
2026-08-24 02:50:49,990 INFO ncaa_identity: contest_id=1982197 teams 1484/2760 matched, players 3810/7590 matched
2026-08-24 02:50:51,488 INFO ncaa_identity: contest_id=1982220 teams 2764/2764 matched, players 7589/7598 matched
2026-08-24 02:50:53,427 INFO ncaa_identity: contest_id=1982252 teams 2402/2402 matched, players 6477/6525 matched
2026-08-24 02:51:00,890 INFO ncaa_identity: contest_id=1982321 teams 2575/2575 matched, players 6561/7009 matched
2026-08-24 02:51:04,691 INFO ncaa_identity: contest_id=1982348 teams 2547/2547 matched, players 6145/6968 matched
2026-08-24 02:51:10,983 WARNING ncaa_parse: family=shots contest_id=1982449 team=Alabama A&M SKIPPED (1 parse error(s)): No shot events found [<!DOCTYPE html> <html lang="en"> <head> <meta content="text/html; charset=utf-8" http-equiv="CONTENT-TYPE"/> <meta charset="utf-8"/> <meta...
2026-08-24 02:51:13,271 INFO ncaa_identity: contest_id=1982471 teams 3422/3422 matched, players 8569/9444 matched
2026-08-24 02:51:15,407 INFO ncaa_identity: contest_id=1982487 teams 3033/3033 matched, players 8070/8373 matched
2026-08-24 02:51:17,194 INFO ncaa_identity: contest_id=1982498 teams 2502/2502 matched, players 6881/6897 matched
2026-08-24 02:51:32,320 INFO ncaa_identity: contest_id=1987387 teams 2503/2503 matched, players 6414/6856 matched
2026-08-24 02:51:38,119 INFO ncaa_identity: contest_id=1987583 teams 1274/2561 matched, players 3509/7018 matched
2026-08-24 02:51:42,069 INFO ncaa_identity: contest_id=1987866 teams 2431/2431 matched, players 6365/6640 matched
2026-08-24 02:51:44,073 INFO ncaa_identity: contest_id=1987918 teams 2906/2906 matched, players 8015/8018 matched
2026-08-24 02:51:46,409 INFO ncaa_identity: contest_id=1987963 teams 1557/3080 matched, players 4290/8499 matched
2026-08-24 02:51:51,205 INFO ncaa_identity: contest_id=1988068 teams 3191/3191 matched, players 8050/8827 matched
2026-08-24 02:51:58,525 INFO ncaa_identity: contest_id=1989011 teams 4156/4156 matched, players 11323/11546 matched
2026-08-24 02:52:09,100 INFO ncaa_identity: contest_id=1989271 teams 1421/2745 matched, players 3194/7543 matched
2026-08-24 02:52:23,570 INFO ncaa_identity: contest_id=1989454 teams 2699/2699 matched, players 7155/7457 matched
2026-08-24 02:52:25,201 INFO ncaa_identity: contest_id=1989516 teams 1621/3237 matched, players 4430/8965 matched
2026-08-24 02:52:33,259 INFO ncaa_identity: contest_id=1989709 teams 2856/2856 matched, players 7557/7864 matched
2026-08-24 02:52:40,525 INFO ncaa_identity: contest_id=1990005 teams 2874/2874 matched, players 7455/7920 matched
2026-08-24 02:52:42,967 INFO ncaa_identity: contest_id=1990031 teams 2852/2852 matched, players 7472/7882 matched
2026-08-24 02:52:47,162 INFO ncaa_identity: contest_id=1990135 teams 3161/3161 matched, players 8747/8766 matched
2026-08-24 02:52:53,171 INFO ncaa_identity: contest_id=1990180 teams 2522/2522 matched, players 6337/6886 matched
2026-08-24 02:52:59,077 INFO ncaa_identity: contest_id=1990288 teams 2557/2557 matched, players 6641/7018 matched
2026-08-24 02:53:13,081 INFO ncaa_identity: contest_id=1990580 teams 1664/3256 matched, players 4554/8986 matched
2026-08-24 02:53:14,698 INFO ncaa_identity: contest_id=1990596 teams 2304/2304 matched, players 5920/6295 matched
2026-08-24 02:53:19,486 INFO ncaa_identity: contest_id=1990645 teams 2453/2453 matched, players 6725/6739 matched
2026-08-24 02:53:23,260 INFO ncaa_identity: contest_id=1990724 teams 2541/2541 matched, players 6660/6983 matched
2026-08-24 02:53:32,141 INFO ncaa_identity: contest_id=1990871 teams 2353/2353 matched, players 5952/6425 matched
2026-08-24 02:53:33,724 WARNING ncaa_parse: family=shots contest_id=1990887 team=Fresno St. SKIPPED (1 parse error(s)): No shot events found [<!DOCTYPE html> <html lang="en"> <head> <meta content="text/html; charset=utf-8" http-equiv="CONTENT-TYPE"/> <meta charset="utf-8"/> <meta...
2026-08-24 02:53:37,737 INFO ncaa_identity: contest_id=1991013 teams 2616/2616 matched, players 6965/7221 matched
2026-08-24 02:53:39,613 INFO ncaa_identity: contest_id=1991044 teams 2328/2328 matched, players 6198/6417 matched
2026-08-24 02:53:47,874 INFO ncaa_identity: contest_id=1991204 teams 2593/2593 matched, players 7068/7083 matched
2026-08-24 02:53:49,898 INFO ncaa_identity: contest_id=1991215 teams 2538/2538 matched, players 6872/6924 matched
2026-08-24 02:53:56,435 INFO ncaa_identity: contest_id=1991400 teams 2396/2396 matched, players 6007/6519 matched
2026-08-24 02:54:03,911 INFO ncaa_identity: contest_id=1991631 teams 2327/2327 matched, players 6001/6388 matched
2026-08-24 02:54:05,842 INFO ncaa_identity: contest_id=1991701 teams 1319/2620 matched, players 3173/7241 matched
2026-08-24 02:54:10,558 INFO ncaa_identity: contest_id=1991901 teams 3104/3104 matched, players 8542/8551 matched
2026-08-24 02:54:14,861 INFO ncaa_identity: contest_id=1991968 teams 2448/2448 matched, players 6614/6705 matched
2026-08-24 02:54:16,979 INFO ncaa_identity: contest_id=1991978 teams 1999/1999 matched, players 5134/5440 matched
2026-08-24 02:54:21,049 INFO ncaa_identity: contest_id=1992075 teams 2684/2684 matched, players 7132/7378 matched
2026-08-24 02:54:23,045 WARNING ncaa_parse: family=shots contest_id=1992148 team=Campbell SKIPPED (1 parse error(s)): No shot events found [<!DOCTYPE html> <html lang="en"> <head> <meta content="text/html; charset=utf-8" http-equiv="CONTENT-TYPE"/> <meta charset="utf-8"/> <meta...
2026-08-24 02:54:23,145 INFO ncaa_identity: contest_id=1992148 teams 3401/3401 matched, players 9129/9519 matched
2026-08-24 02:54:26,951 INFO ncaa_identity: contest_id=1992357 teams 2804/2804 matched, players 7645/7658 matched
2026-08-24 02:54:31,320 INFO ncaa_identity: contest_id=1992565 teams 2568/2568 matched, players 6600/7007 matched
2026-08-24 02:54:33,438 INFO ncaa_identity: contest_id=1992595 teams 2704/2704 matched, players 6682/7417 matched
2026-08-24 02:54:39,324 INFO ncaa_identity: contest_id=1992664 teams 2326/2326 matched, players 5935/6330 matched
2026-08-24 02:54:42,072 WARNING ncaa_parse: family=shots contest_id=1992694 team=Fresno St. SKIPPED (1 parse error(s)): No shot events found [<!DOCTYPE html> <html lang="en"> <head> <meta content="text/html; charset=utf-8" http-equiv="CONTENT-TYPE"/> <meta charset="utf-8"/> <meta...
2026-08-24 02:54:42,180 INFO ncaa_identity: contest_id=1992694 teams 2112/2112 matched, players 5611/5950 matched
2026-08-24 02:54:44,093 INFO ncaa_identity: contest_id=1992709 teams 2575/2575 matched, players 6648/7029 matched
2026-08-24 02:54:49,260 INFO ncaa_identity: contest_id=1992866 teams 2556/2556 matched, players 6632/6976 matched
2026-08-24 02:54:54,652 INFO ncaa_identity: contest_id=1993052 teams 2620/2620 matched, players 6599/7208 matched
2026-08-24 02:54:56,587 INFO ncaa_identity: contest_id=1993142 teams 2860/2860 matched, players 6734/7825 matched
2026-08-24 02:54:58,303 INFO ncaa_identity: contest_id=1993256 teams 1376/2682 matched, players 3599/7352 matched
2026-08-24 02:55:02,304 INFO ncaa_identity: contest_id=1993355 teams 1315/2587 matched, players 3558/7056 matched
2026-08-24 02:55:06,406 INFO ncaa_identity: contest_id=1993713 teams 3377/3377 matched, players 9017/9253 matched
2026-08-24 02:55:08,263 INFO ncaa_identity: contest_id=1993836 teams 2886/2886 matched, players 7170/7882 matched
2026-08-24 02:55:10,580 INFO ncaa_identity: contest_id=1993974 teams 2140/4106 matched, players 5782/11338 matched
2026-08-24 02:55:14,297 INFO ncaa_identity: contest_id=1994238 teams 2178/2178 matched, players 5362/5957 matched
2026-08-24 02:55:22,183 INFO ncaa_identity: contest_id=1994426 teams 1405/2751 matched, players 3787/7573 matched
2026-08-24 02:55:24,106 INFO ncaa_identity: contest_id=1994550 teams 1276/2539 matched, players 3515/6957 matched
2026-08-24 02:55:26,478 INFO ncaa_identity: contest_id=1994877 teams 3111/3111 matched, players 8013/8530 matched
2026-08-24 02:55:28,194 INFO ncaa_identity: contest_id=1994931 teams 2575/2575 matched, players 6583/7078 matched
2026-08-24 02:55:30,120 INFO ncaa_identity: contest_id=1995086 teams 2751/2751 matched, players 7419/7575 matched
2026-08-24 02:55:31,775 WARNING ncaa_parse: family=shots contest_id=1995177 team=Utah St. SKIPPED (1 parse error(s)): No shot events found [<!DOCTYPE html> <html lang="en"> <head> <meta content="text/html; charset=utf-8" http-equiv="CONTENT-TYPE"/> <meta charset="utf-8"/> <meta...
2026-08-24 02:55:32,062 INFO ncaa_identity: contest_id=1995177 teams 2371/2371 matched, players 6373/6706 matched
2026-08-24 02:55:33,800 INFO ncaa_identity: contest_id=1995326 teams 1442/2742 matched, players 3793/7543 matched
2026-08-24 02:55:35,571 INFO ncaa_identity: contest_id=1995406 teams 1222/2470 matched, players 2909/6756 matched
2026-08-24 02:55:38,597 WARNING ncaa_parse: family=shots contest_id=1995486 team=Bradley SKIPPED (1 parse error(s)): No shot events found [<!DOCTYPE html> <html lang="en"> <head> <meta content="text/html; charset=utf-8" http-equiv="CONTENT-TYPE"/> <meta charset="utf-8"/> <meta...
2026-08-24 02:55:38,740 INFO ncaa_identity: contest_id=1995486 teams 2206/2206 matched, players 6138/6181 matched
2026-08-24 02:55:40,258 WARNING ncaa_parse: family=shots contest_id=1995525 team=Loyola Chicago SKIPPED (1 parse error(s)): No shot events found [<!DOCTYPE html> <html lang="en"> <head> <meta content="text/html; charset=utf-8" http-equiv="CONTENT-TYPE"/> <meta charset="utf-8"/> <meta...
2026-08-24 02:55:40,369 INFO ncaa_identity: contest_id=1995525 teams 2478/2478 matched, players 6744/7042 matched
2026-08-24 02:55:49,831 WARNING ncaa_parse: family=shots contest_id=1995840 team=Campbell SKIPPED (1 parse error(s)): No shot events found [<!DOCTYPE html> <html lang="en"> <head> <meta content="text/html; charset=utf-8" http-equiv="CONTENT-TYPE"/> <meta charset="utf-8"/> <meta...
2026-08-24 02:55:49,965 INFO ncaa_identity: contest_id=1995840 teams 2460/2460 matched, players 6295/6941 matched
2026-08-24 02:55:51,628 WARNING ncaa_parse: family=shots contest_id=1996046 team=Coppin St. SKIPPED (1 parse error(s)): No shot events found [<!DOCTYPE html> <html lang="en"> <head> <meta content="text/html; charset=utf-8" http-equiv="CONTENT-TYPE"/> <meta charset="utf-8"/> <meta...
2026-08-24 02:55:51,715 INFO ncaa_identity: contest_id=1996046 teams 2519/2519 matched, players 6457/7094 matched
2026-08-24 02:55:55,677 INFO ncaa_identity: contest_id=1996282 teams 2729/2729 matched, players 6988/7482 matched
2026-08-24 02:55:59,482 INFO ncaa_identity: contest_id=1996312 teams 2459/2459 matched, players 6066/6733 matched
2026-08-24 02:56:01,392 INFO ncaa_identity: contest_id=1996339 teams 1189/2316 matched, players 2710/6344 matched
2026-08-24 02:56:02,953 INFO ncaa_identity: contest_id=1996353 teams 2534/2534 matched, players 6386/6943 matched
2026-08-24 02:56:06,718 INFO ncaa_identity: contest_id=1996532 teams 2795/2795 matched, players 7193/7699 matched
2026-08-24 02:56:08,464 WARNING ncaa_parse: family=shots contest_id=1996598 team=Loyola Maryland SKIPPED (1 parse error(s)): No shot events found [<!DOCTYPE html> <html lang="en"> <head> <meta content="text/html; charset=utf-8" http-equiv="CONTENT-TYPE"/> <meta charset="utf-8"/> <meta...
2026-08-24 02:56:10,284 WARNING ncaa_parse: family=shots contest_id=1996654 team=Morgan St. SKIPPED (1 parse error(s)): No shot events found [<!DOCTYPE html> <html lang="en"> <head> <meta content="text/html; charset=utf-8" http-equiv="CONTENT-TYPE"/> <meta charset="utf-8"/> <meta...
2026-08-24 02:56:10,348 INFO ncaa_identity: contest_id=1996654 teams 2900/2900 matched, players 7841/8164 matched
2026-08-24 02:56:12,661 INFO ncaa_identity: contest_id=1996806 teams 2793/2793 matched, players 7244/7618 matched
2026-08-24 02:56:14,266 INFO ncaa_identity: contest_id=1997465 teams 2108/2108 matched, players 5022/5748 matched
2026-08-24 02:56:16,186 INFO ncaa_identity: contest_id=1997886 teams 2750/2750 matched, players 7268/7665 matched
2026-08-24 02:56:20,440 WARNING ncaa_parse: family=shots contest_id=2001577 team=Howard SKIPPED (1 parse error(s)): No shot events found [<!DOCTYPE html> <html lang="en"> <head> <meta content="text/html; charset=utf-8" http-equiv="CONTENT-TYPE"/> <meta charset="utf-8"/> <meta...
2026-08-24 02:56:20,638 INFO ncaa_identity: contest_id=2001577 teams 2457/2457 matched, players 6557/6873 matched
2026-08-24 02:56:31,036 INFO ncaa_identity: contest_id=2035385 teams 2084/2084 matched, players 5495/5691 matched
2026-08-24 02:56:32,445 INFO ncaa_identity: contest_id=2041652 teams 1313/2460 matched, players 3458/6706 matched
2026-08-24 02:56:34,676 INFO ncaa_identity: contest_id=2045206 teams 2858/2858 matched, players 7902/7913 matched
2026-08-24 02:56:38,544 WARNING ncaa_parse: family=shots contest_id=2048716 team=Eastern Ky. SKIPPED (1 parse error(s)): No shot events found [<!DOCTYPE html> <html lang="en"> <head> <meta content="text/html; charset=utf-8" http-equiv="CONTENT-TYPE"/> <meta charset="utf-8"/> <meta...
2026-08-24 02:56:38,599 INFO ncaa_identity: contest_id=2048716 teams 2303/2303 matched, players 6034/6465 matched
2026-08-24 02:56:42,024 INFO ncaa_identity: contest_id=2051197 teams 2543/2543 matched, players 6491/6905 matched
2026-08-24 02:56:50,338 INFO ncaa_identity: contest_id=2052506 teams 2574/2574 matched, players 6049/7063 matched
2026-08-24 02:56:51,950 WARNING ncaa_parse: family=shots contest_id=2052716 team=Loyola Maryland SKIPPED (1 parse error(s)): No shot events found [<!DOCTYPE html> <html lang="en"> <head> <meta content="text/html; charset=utf-8" http-equiv="CONTENT-TYPE"/> <meta charset="utf-8"/> <meta...
2026-08-24 02:56:52,100 INFO ncaa_identity: contest_id=2052716 teams 1951/1951 matched, players 5134/5488 matched
2026-08-24 02:56:54,126 INFO ncaa_identity: contest_id=2053434 teams 2443/2443 matched, players 6339/6721 matched
2026-08-24 02:57:01,976 INFO ncaa_identity: contest_id=2055020 teams 2604/2604 matched, players 7114/7129 matched
2026-08-24 02:57:05,465 INFO ncaa_identity: contest_id=2055570 teams 2697/2697 matched, players 6851/7337 matched
2026-08-24 02:57:24,621 INFO ncaa_identity: contest_id=2056539 teams 2565/2565 matched, players 6344/6940 matched
2026-08-24 02:57:40,311 INFO ncaa_identity: contest_id=2060936 teams 2445/2445 matched, players 6179/6725 matched
2026-08-24 02:57:55,382 INFO ncaa_identity: contest_id=2125032 teams 1502/3043 matched, players 4037/8323 matched
2026-08-24 02:57:59,145 INFO ncaa_identity: contest_id=2125052 teams 1351/2690 matched, players 3665/7369 matched
2026-08-24 02:58:01,733 INFO ncaa_identity: contest_id=2125063 teams 1372/2695 matched, players 3802/7393 matched
2026-08-24 02:58:06,304 INFO ncaa_identity: contest_id=2125083 teams 1602/3061 matched, players 4282/8360 matched
2026-08-24 02:58:10,455 INFO ncaa_identity: contest_id=2125105 teams 1576/3152 matched, players 4409/8722 matched
2026-08-24 02:58:12,576 INFO ncaa_identity: contest_id=2125124 teams 1374/2705 matched, players 3385/7404 matched
2026-08-24 02:58:17,077 INFO ncaa_identity: contest_id=2125160 teams 1565/3170 matched, players 4338/8688 matched
2026-08-24 02:58:24,221 INFO ncaa_identity: contest_id=2125215 teams 3007/3007 matched, players 8157/8271 matched
[p1_s_e_e] [WARNING] [TeamId(name='Nevada')]v[TeamId(name="Saint Mary's (CA)")] Flip court for periods: [[2, 3, 4]] because [total_shots={1: 33, 2: 26, 3: 28, 4: 28} long_shots={2: 26, 3: 28, 4: 28}]
2026-08-24 02:58:28,809 INFO ncaa_identity: contest_id=2125244 teams 2724/2724 matched, players 7471/7479 matched
2026-08-24 02:58:31,099 INFO ncaa_identity: contest_id=2125280 teams 2955/2955 matched, players 7580/8125 matched
2026-08-24 02:58:33,396 INFO ncaa_identity: contest_id=2125312 teams 1752/3383 matched, players 4518/9341 matched
2026-08-24 02:58:38,271 INFO ncaa_identity: contest_id=2125344 teams 2684/2684 matched, players 6817/7401 matched
2026-08-24 02:58:45,920 INFO ncaa_identity: contest_id=2125390 teams 2698/2698 matched, players 6780/7416 matched
2026-08-24 02:58:51,801 INFO ncaa_identity: contest_id=2125562 teams 1290/2628 matched, players 3619/7208 matched
2026-08-24 02:59:03,746 INFO ncaa_identity: contest_id=2125849 teams 2832/2832 matched, players 7781/7803 matched
2026-08-24 02:59:09,013 INFO ncaa_identity: contest_id=2125966 teams 2835/2835 matched, players 7710/7727 matched
2026-08-24 02:59:11,599 INFO ncaa_identity: contest_id=2125977 teams 3193/3193 matched, players 8285/8786 matched
2026-08-24 02:59:13,937 INFO ncaa_identity: contest_id=2126000 teams 2578/2578 matched, players 6491/7065 matched
2026-08-24 02:59:16,425 INFO ncaa_identity: contest_id=2126019 teams 1620/3261 matched, players 4477/8969 matched
2026-08-24 02:59:18,669 INFO ncaa_identity: contest_id=2126044 teams 1277/2532 matched, players 3443/6897 matched
2026-08-24 02:59:21,278 INFO ncaa_identity: contest_id=2126056 teams 0/3018 matched, players 0/8300 matched
2026-08-24 02:59:23,430 INFO ncaa_identity: contest_id=2126067 teams 2257/2257 matched, players 6149/6160 matched
2026-08-24 02:59:25,196 INFO ncaa_identity: contest_id=2126103 teams 1169/2223 matched, players 3043/6078 matched
2026-08-24 02:59:27,182 INFO ncaa_identity: contest_id=2126121 teams 1524/3033 matched, players 3966/8358 matched
2026-08-24 02:59:31,235 INFO ncaa_identity: contest_id=2126152 teams 2605/2605 matched, players 6938/7138 matched
2026-08-24 02:59:33,214 INFO ncaa_identity: contest_id=2126164 teams 2742/2742 matched, players 7181/7556 matched
2026-08-24 02:59:35,499 INFO ncaa_identity: contest_id=2126208 teams 3013/3013 matched, players 8305/8324 matched
2026-08-24 02:59:37,677 INFO ncaa_identity: contest_id=2126249 teams 3115/3115 matched, players 8155/8555 matched
2026-08-24 02:59:39,841 INFO ncaa_identity: contest_id=2126292 teams 2547/2547 matched, players 6365/6951 matched
2026-08-24 02:59:41,279 INFO ncaa_identity: contest_id=2126306 teams 1316/2559 matched, players 3557/7014 matched
2026-08-24 02:59:44,476 INFO ncaa_identity: contest_id=2126394 teams 2394/2394 matched, players 6008/6580 matched
2026-08-24 02:59:47,909 INFO ncaa_identity: contest_id=2126445 teams 1156/2334 matched, players 3187/6375 matched
2026-08-24 02:59:58,998 INFO ncaa_identity: contest_id=2126582 teams 2742/2742 matched, players 7243/7450 matched
2026-08-24 03:00:06,579 INFO ncaa_identity: contest_id=2126726 teams 1509/2926 matched, players 4086/8007 matched
2026-08-24 03:00:08,543 INFO ncaa_identity: contest_id=2126737 teams 2753/2753 matched, players 7216/7622 matched
2026-08-24 03:00:12,456 INFO ncaa_identity: contest_id=2126817 teams 2377/2377 matched, players 6206/6498 matched
2026-08-24 03:00:17,056 INFO ncaa_identity: contest_id=2126918 teams 2697/2697 matched, players 7161/7424 matched
2026-08-24 03:00:28,176 WARNING ncaa_parse: family=shots contest_id=2127162 team=Morehead St. SKIPPED (1 parse error(s)): No shot events found [<!DOCTYPE html> <html lang="en"> <head> <meta content="text/html; charset=utf-8" http-equiv="CONTENT-TYPE"/> <meta charset="utf-8"/> <meta...
2026-08-24 03:00:28,246 INFO ncaa_identity: contest_id=2127162 teams 1498/2936 matched, players 4137/8281 matched
2026-08-24 03:00:29,655 WARNING ncaa_parse: family=shots contest_id=2127177 team=Alabama A&M SKIPPED (1 parse error(s)): No shot events found [<!DOCTYPE html> <html lang="en"> <head> <meta content="text/html; charset=utf-8" http-equiv="CONTENT-TYPE"/> <meta charset="utf-8"/> <meta...
2026-08-24 03:00:38,309 INFO ncaa_identity: contest_id=2127419 teams 2319/2319 matched, players 6368/6376 matched
2026-08-24 03:00:43,103 WARNING ncaa_parse: family=shots contest_id=2127494 team=Loyola Chicago SKIPPED (1 parse error(s)): No shot events found [<!DOCTYPE html> <html lang="en"> <head> <meta content="text/html; charset=utf-8" http-equiv="CONTENT-TYPE"/> <meta charset="utf-8"/> <meta...
2026-08-24 03:00:43,326 INFO ncaa_identity: contest_id=2127494 teams 1125/2255 matched, players 3207/6362 matched
2026-08-24 03:00:45,529 INFO ncaa_identity: contest_id=2127518 teams 1623/3115 matched, players 4009/8525 matched
2026-08-24 03:00:50,563 INFO ncaa_identity: contest_id=2127572 teams 2449/2449 matched, players 6611/6682 matched
2026-08-24 03:01:00,080 INFO ncaa_identity: contest_id=2127649 teams 2860/2860 matched, players 7430/7855 matched
2026-08-24 03:01:03,463 INFO ncaa_identity: contest_id=2127689 teams 2412/2412 matched, players 6332/6606 matched
2026-08-24 03:01:15,483 INFO ncaa_identity: contest_id=2127850 teams 2393/2393 matched, players 6427/6545 matched
2026-08-24 03:01:17,198 INFO ncaa_identity: contest_id=2127874 teams 2648/2648 matched, players 6850/7272 matched
2026-08-24 03:01:20,897 INFO ncaa_identity: contest_id=2127925 teams 1327/2734 matched, players 3756/7521 matched
2026-08-24 03:01:22,975 INFO ncaa_identity: contest_id=2127936 teams 3133/3133 matched, players 8158/8660 matched
2026-08-24 03:01:24,288 INFO ncaa_identity: contest_id=2127953 teams 2443/2443 matched, players 6616/6686 matched
2026-08-24 03:01:26,449 INFO ncaa_identity: contest_id=2127975 teams 1465/2927 matched, players 3925/7994 matched
2026-08-24 03:01:30,202 INFO ncaa_identity: contest_id=2128025 teams 2551/2551 matched, players 6995/6996 matched
2026-08-24 03:01:37,493 INFO ncaa_identity: contest_id=2128160 teams 2470/2470 matched, players 6732/6756 matched
2026-08-24 03:01:38,867 INFO ncaa_identity: contest_id=2128202 teams 1191/2455 matched, players 3271/6719 matched
2026-08-24 03:01:43,914 INFO ncaa_identity: contest_id=2128292 teams 1370/2641 matched, players 3754/7272 matched
2026-08-24 03:01:45,818 INFO ncaa_identity: contest_id=2128334 teams 2555/2555 matched, players 6867/7007 matched
2026-08-24 03:01:47,627 INFO ncaa_identity: contest_id=2128358 teams 3100/3100 matched, players 8184/8504 matched
2026-08-24 03:01:49,911 INFO ncaa_identity: contest_id=2128387 teams 2799/2799 matched, players 7277/7668 matched
2026-08-24 03:02:01,338 INFO ncaa_identity: contest_id=2128588 teams 2367/2367 matched, players 5961/6471 matched
2026-08-24 03:02:12,279 INFO ncaa_identity: contest_id=2128873 teams 1324/2643 matched, players 3646/7243 matched
2026-08-24 03:02:19,806 INFO ncaa_identity: contest_id=2129018 teams 3171/3171 matched, players 8563/8745 matched
2026-08-24 03:02:29,752 INFO ncaa_identity: contest_id=2129078 teams 2662/2662 matched, players 6337/7254 matched
2026-08-24 03:02:31,528 INFO ncaa_identity: contest_id=2129095 teams 2543/2543 matched, players 6857/6992 matched
2026-08-24 03:02:37,838 INFO ncaa_identity: contest_id=2129196 teams 3217/3217 matched, players 8498/8885 matched
2026-08-24 03:02:39,562 INFO ncaa_identity: contest_id=2129215 teams 2405/2405 matched, players 6428/6582 matched
2026-08-24 03:02:40,988 INFO ncaa_identity: contest_id=2129228 teams 1409/2717 matched, players 3793/7418 matched
2026-08-24 03:02:44,335 WARNING ncaa_parse: family=shots contest_id=2129314 team=Loyola Chicago SKIPPED (1 parse error(s)): No shot events found [<!DOCTYPE html> <html lang="en"> <head> <meta content="text/html; charset=utf-8" http-equiv="CONTENT-TYPE"/> <meta charset="utf-8"/> <meta...
2026-08-24 03:02:44,475 INFO ncaa_identity: contest_id=2129314 teams 2499/2499 matched, players 6802/7021 matched
2026-08-24 03:02:48,737 INFO ncaa_identity: contest_id=2129399 teams 2956/2956 matched, players 8132/8136 matched
2026-08-24 03:02:50,498 INFO 5 starters not found for period 5; using estimate
2026-08-24 03:03:04,730 INFO ncaa_identity: contest_id=2129723 teams 0/2613 matched, players 0/7080 matched
2026-08-24 03:03:08,924 INFO ncaa_identity: contest_id=2129792 teams 1225/2417 matched, players 3365/6581 matched
2026-08-24 03:03:14,681 INFO ncaa_identity: contest_id=2129835 teams 2589/2589 matched, players 7042/7048 matched
2026-08-24 03:03:20,652 INFO ncaa_identity: contest_id=2129883 teams 1022/1997 matched, players 2717/5382 matched
2026-08-24 03:03:22,988 INFO ncaa_identity: contest_id=2129921 teams 2488/2488 matched, players 6393/6833 matched
2026-08-24 03:03:29,444 INFO ncaa_identity: contest_id=2130003 teams 1370/2668 matched, players 3273/7289 matched
2026-08-24 03:03:33,738 INFO ncaa_identity: contest_id=2130063 teams 1473/3057 matched, players 4119/8405 matched
2026-08-24 03:03:41,038 INFO ncaa_identity: contest_id=2130161 teams 2749/2749 matched, players 7593/7598 matched
2026-08-24 03:03:43,138 INFO ncaa_identity: contest_id=2130182 teams 2621/2621 matched, players 6928/7134 matched
2026-08-24 03:03:56,518 WARNING ncaa_parse: family=shots contest_id=2130344 team=Morehead St. SKIPPED (1 parse error(s)): No shot events found [<!DOCTYPE html> <html lang="en"> <head> <meta content="text/html; charset=utf-8" http-equiv="CONTENT-TYPE"/> <meta charset="utf-8"/> <meta...
2026-08-24 03:03:56,713 INFO ncaa_identity: contest_id=2130344 teams 2022/2022 matched, players 5573/5670 matched
2026-08-24 03:04:27,822 INFO ncaa_identity: contest_id=2130489 teams 1066/2161 matched, players 2985/5906 matched
2026-08-24 03:04:51,678 INFO ncaa_identity: contest_id=2130585 teams 1267/2437 matched, players 3410/6660 matched
2026-08-24 03:05:12,670 INFO ncaa_identity: contest_id=2130655 teams 2977/2977 matched, players 7907/8107 matched
2026-08-24 03:05:18,747 INFO ncaa_identity: contest_id=2130671 teams 2458/2458 matched, players 5815/6717 matched
2026-08-24 03:05:24,980 INFO ncaa_identity: contest_id=2130684 teams 2598/2598 matched, players 7092/7117 matched
2026-08-24 03:05:37,373 INFO ncaa_identity: contest_id=2130723 teams 1403/2817 matched, players 3460/7730 matched
2026-08-24 03:05:58,664 INFO ncaa_identity: contest_id=2130809 teams 1322/2541 matched, players 3553/6970 matched
2026-08-24 03:06:17,659 INFO ncaa_identity: contest_id=2130926 teams 2650/2650 matched, players 6703/7280 matched
2026-08-24 03:06:33,984 INFO ncaa_identity: contest_id=2130953 teams 2011/2011 matched, players 5070/5454 matched
2026-08-24 03:06:40,685 INFO ncaa_identity: contest_id=2131008 teams 3319/3319 matched, players 8758/9155 matched
2026-08-24 03:06:46,290 INFO ncaa_identity: contest_id=2131084 teams 2865/2865 matched, players 7216/7878 matched
2026-08-24 03:06:52,633 INFO ncaa_identity: contest_id=2131101 teams 2501/2501 matched, players 6093/6872 matched
2026-08-24 03:07:08,442 INFO ncaa_identity: contest_id=2131187 teams 2790/2790 matched, players 7208/7668 matched
2026-08-24 03:07:31,259 INFO ncaa_identity: contest_id=2131276 teams 2463/2463 matched, players 6167/6762 matched
2026-08-24 03:07:55,037 INFO ncaa_identity: contest_id=2131374 teams 2736/2736 matched, players 7481/7507 matched
2026-08-24 03:08:26,962 INFO ncaa_identity: contest_id=2131472 teams 2578/2578 matched, players 6549/7112 matched
2026-08-24 03:09:01,518 INFO ncaa_identity: contest_id=2131816 teams 1096/2157 matched, players 2709/5929 matched
2026-08-24 03:09:05,014 INFO ncaa_identity: contest_id=2131846 teams 1200/2496 matched, players 3322/6838 matched
2026-08-24 03:09:21,813 INFO ncaa_identity: contest_id=2131956 teams 3399/3399 matched, players 9261/9344 matched
2026-08-24 03:09:25,976 INFO ncaa_identity: contest_id=2131993 teams 2600/2600 matched, players 6793/7132 matched
2026-08-24 03:09:45,407 INFO ncaa_identity: contest_id=2132284 teams 1001/1946 matched, players 2675/5293 matched
2026-08-24 03:10:00,339 INFO ncaa_identity: contest_id=2132571 teams 2489/2489 matched, players 6552/6826 matched
2026-08-24 03:10:04,808 WARNING ncaa_parse: family=shots contest_id=2132623 team=Texas Southern SKIPPED (1 parse error(s)): No shot events found [<!DOCTYPE html> <html lang="en"> <head> <meta content="text/html; charset=utf-8" http-equiv="CONTENT-TYPE"/> <meta charset="utf-8"/> <meta...
2026-08-24 03:10:07,177 INFO ncaa_identity: contest_id=2132693 teams 2539/2539 matched, players 6915/6999 matched
2026-08-24 03:10:21,141 INFO ncaa_identity: contest_id=2132941 teams 2728/2728 matched, players 6947/7493 matched
2026-08-24 03:10:22,997 INFO ncaa_identity: contest_id=2132956 teams 2728/2728 matched, players 7271/7514 matched
2026-08-24 03:10:36,343 INFO ncaa_identity: contest_id=2133145 teams 2458/2458 matched, players 5897/6726 matched
2026-08-24 03:10:40,124 INFO ncaa_identity: contest_id=2133169 teams 2494/2494 matched, players 6740/6819 matched
2026-08-24 03:10:44,911 INFO ncaa_identity: contest_id=2133196 teams 2641/2641 matched, players 7094/7241 matched
2026-08-24 03:10:47,225 INFO ncaa_identity: contest_id=2133219 teams 2706/2706 matched, players 7029/7434 matched
2026-08-24 03:10:52,418 INFO ncaa_identity: contest_id=2133335 teams 2563/2563 matched, players 6975/7073 matched
2026-08-24 03:10:58,064 INFO ncaa_identity: contest_id=2133426 teams 1272/2557 matched, players 3519/6987 matched
2026-08-24 03:11:10,116 INFO ncaa_identity: contest_id=2133614 teams 2406/2406 matched, players 6610/6617 matched
2026-08-24 03:11:12,629 INFO ncaa_identity: contest_id=2133629 teams 2593/2593 matched, players 6469/7103 matched
2026-08-24 03:11:17,431 INFO ncaa_identity: contest_id=2133674 teams 2661/2661 matched, players 6800/7312 matched
2026-08-24 03:11:33,383 INFO ncaa_identity: contest_id=2133981 teams 2698/2698 matched, players 6707/7429 matched
2026-08-24 03:11:36,452 INFO ncaa_identity: contest_id=2133991 teams 3053/3053 matched, players 8089/8433 matched
2026-08-24 03:11:39,410 INFO ncaa_identity: contest_id=2134053 teams 3038/3038 matched, players 8367/8380 matched
2026-08-24 03:11:41,517 INFO ncaa_identity: contest_id=2134069 teams 2597/2597 matched, players 6416/7115 matched
2026-08-24 03:11:48,137 INFO ncaa_identity: contest_id=2134109 teams 1151/2265 matched, players 2922/5990 matched
2026-08-24 03:11:59,881 WARNING ncaa_parse: family=shots contest_id=2134240 team=Texas Southern SKIPPED (1 parse error(s)): No shot events found [<!DOCTYPE html> <html lang="en"> <head> <meta content="text/html; charset=utf-8" http-equiv="CONTENT-TYPE"/> <meta charset="utf-8"/> <meta...
2026-08-24 03:11:59,965 INFO ncaa_identity: contest_id=2134240 teams 2407/2407 matched, players 6697/6799 matched
2026-08-24 03:12:05,295 INFO ncaa_identity: contest_id=2134438 teams 2058/2058 matched, players 5605/5626 matched
2026-08-24 03:12:07,556 INFO 5 starters not found for period 5; using estimate
2026-08-24 03:12:09,240 INFO ncaa_identity: contest_id=2134482 teams 2445/2445 matched, players 6101/6675 matched
2026-08-24 03:12:11,202 INFO ncaa_identity: contest_id=2134538 teams 2598/2598 matched, players 6316/7127 matched
2026-08-24 03:12:14,903 INFO ncaa_identity: contest_id=2134632 teams 2639/2639 matched, players 7169/7249 matched
2026-08-24 03:12:16,757 INFO ncaa_identity: contest_id=2134643 teams 2414/2414 matched, players 6463/6638 matched
2026-08-24 03:12:21,323 INFO ncaa_identity: contest_id=2134684 teams 3071/3071 matched, players 8018/8449 matched
2026-08-24 03:12:32,115 INFO ncaa_identity: contest_id=2134997 teams 1162/2392 matched, players 3165/6472 matched
2026-08-24 03:12:34,092 INFO ncaa_identity: contest_id=2135007 teams 2940/2940 matched, players 7471/8109 matched
2026-08-24 03:12:35,808 INFO ncaa_identity: contest_id=2135018 teams 2415/2415 matched, players 6132/6593 matched
2026-08-24 03:12:38,051 INFO ncaa_identity: contest_id=2135030 teams 3141/3141 matched, players 8024/8640 matched
2026-08-24 03:12:41,731 INFO ncaa_identity: contest_id=2135100 teams 2788/2788 matched, players 7065/7610 matched
2026-08-24 03:12:50,349 INFO ncaa_identity: contest_id=2135226 teams 1346/2545 matched, players 3454/6951 matched
2026-08-24 03:12:56,993 INFO ncaa_identity: contest_id=2135277 teams 2554/2554 matched, players 6742/7008 matched
2026-08-24 03:12:58,867 INFO ncaa_identity: contest_id=2135288 teams 2660/2660 matched, players 6271/7301 matched
2026-08-24 03:13:00,628 INFO ncaa_identity: contest_id=2135315 teams 2797/2797 matched, players 7417/7770 matched
2026-08-24 03:13:07,822 INFO ncaa_identity: contest_id=2135537 teams 2316/2316 matched, players 5821/6369 matched
2026-08-24 03:13:19,569 INFO ncaa_identity: contest_id=2135720 teams 2452/2452 matched, players 5743/6725 matched
2026-08-24 03:13:25,149 INFO ncaa_identity: contest_id=2135825 teams 2383/2383 matched, players 6303/6502 matched
2026-08-24 03:13:26,740 INFO ncaa_identity: contest_id=2135965 teams 2424/2424 matched, players 6245/6644 matched
2026-08-24 03:13:30,384 INFO ncaa_identity: contest_id=2136018 teams 2906/2906 matched, players 7455/7961 matched
2026-08-24 03:13:33,960 INFO ncaa_identity: contest_id=2136061 teams 2930/2930 matched, players 8006/8112 matched
2026-08-24 03:13:35,791 INFO ncaa_identity: contest_id=2136102 teams 2532/2532 matched, players 6319/6962 matched
2026-08-24 03:13:37,169 INFO ncaa_identity: contest_id=2136116 teams 2437/2437 matched, players 6510/6702 matched
2026-08-24 03:13:50,160 INFO ncaa_identity: contest_id=2136264 teams 2615/2615 matched, players 6553/7161 matched
2026-08-24 03:13:54,128 INFO ncaa_identity: contest_id=2136289 teams 2886/2886 matched, players 7837/7906 matched
2026-08-24 03:13:55,582 INFO ncaa_identity: contest_id=2136321 teams 2392/2392 matched, players 6399/6548 matched
2026-08-24 03:13:59,617 INFO ncaa_identity: contest_id=2136489 teams 2435/2435 matched, players 6174/6650 matched
2026-08-24 03:14:06,695 INFO ncaa_identity: contest_id=2136674 teams 2540/2540 matched, players 6420/6992 matched
2026-08-24 03:14:14,456 INFO ncaa_identity: contest_id=2136736 teams 1328/2701 matched, players 3660/7387 matched
2026-08-24 03:14:26,665 INFO ncaa_identity: contest_id=2137046 teams 2642/2642 matched, players 6678/7244 matched
2026-08-24 03:14:28,889 INFO ncaa_identity: contest_id=2137056 teams 1473/2740 matched, players 3816/7538 matched
2026-08-24 03:14:30,772 INFO ncaa_identity: contest_id=2137100 teams 3190/3190 matched, players 8560/8850 matched
2026-08-24 03:14:35,056 INFO ncaa_identity: contest_id=2137149 teams 2860/2860 matched, players 7765/7890 matched
2026-08-24 03:14:39,122 INFO ncaa_identity: contest_id=2137175 teams 2586/2586 matched, players 6878/7079 matched
2026-08-24 03:14:43,386 INFO ncaa_identity: contest_id=2137249 teams 2758/2758 matched, players 6881/7578 matched
2026-08-24 03:14:52,699 INFO ncaa_identity: contest_id=2137310 teams 2727/2727 matched, players 7403/7497 matched
2026-08-24 03:14:54,903 INFO ncaa_identity: contest_id=2137329 teams 2443/2443 matched, players 6102/6606 matched
2026-08-24 03:14:58,713 INFO ncaa_identity: contest_id=2137472 teams 2731/2731 matched, players 6694/7499 matched
2026-08-24 03:15:04,439 INFO ncaa_identity: contest_id=2137584 teams 2527/2527 matched, players 6545/6774 matched
2026-08-24 03:15:06,141 INFO ncaa_identity: contest_id=2137685 teams 1213/2487 matched, players 3335/6856 matched
2026-08-24 03:15:15,365 WARNING ncaa_parse: family=shots contest_id=2137762 team=Alabama A&M SKIPPED (1 parse error(s)): No shot events found [<!DOCTYPE html> <html lang="en"> <head> <meta content="text/html; charset=utf-8" http-equiv="CONTENT-TYPE"/> <meta charset="utf-8"/> <meta...
2026-08-24 03:15:18,439 INFO ncaa_identity: contest_id=2137856 teams 2302/2302 matched, players 6225/6286 matched
2026-08-24 03:15:19,928 INFO ncaa_identity: contest_id=2137867 teams 2355/2355 matched, players 6327/6489 matched
2026-08-24 03:15:27,069 INFO ncaa_identity: contest_id=2138053 teams 2476/2476 matched, players 6643/6784 matched
2026-08-24 03:15:35,422 INFO ncaa_identity: contest_id=2138172 teams 2859/2859 matched, players 7752/7863 matched
2026-08-24 03:15:37,705 INFO ncaa_identity: contest_id=2138183 teams 2742/2742 matched, players 6857/7495 matched
2026-08-24 03:15:44,618 INFO ncaa_identity: contest_id=2138274 teams 2582/2582 matched, players 6904/7079 matched
2026-08-24 03:15:46,901 INFO ncaa_identity: contest_id=2138290 teams 2742/2742 matched, players 7530/7549 matched
2026-08-24 03:15:49,213 INFO ncaa_identity: contest_id=2138300 teams 2642/2642 matched, players 7190/7228 matched
2026-08-24 03:15:50,590 INFO ncaa_identity: contest_id=2138311 teams 1143/2374 matched, players 3232/6479 matched
2026-08-24 03:16:00,369 WARNING ncaa_parse: family=shots contest_id=2138560 team=Morehead St. SKIPPED (1 parse error(s)): No shot events found [<!DOCTYPE html> <html lang="en"> <head> <meta content="text/html; charset=utf-8" http-equiv="CONTENT-TYPE"/> <meta charset="utf-8"/> <meta...
2026-08-24 03:16:00,425 INFO ncaa_identity: contest_id=2138560 teams 2442/2442 matched, players 6472/6928 matched
2026-08-24 03:16:07,263 INFO ncaa_identity: contest_id=2138685 teams 2933/2933 matched, players 7690/8035 matched
2026-08-24 03:16:10,443 WARNING ncaa_parse: family=shots contest_id=2138711 team=Florida A&M SKIPPED (1 parse error(s)): No shot events found [<!DOCTYPE html> <html lang="en"> <head> <meta content="text/html; charset=utf-8" http-equiv="CONTENT-TYPE"/> <meta charset="utf-8"/> <meta...
2026-08-24 03:16:15,585 INFO ncaa_identity: contest_id=2138766 teams 2454/2454 matched, players 6656/6664 matched
2026-08-24 03:16:22,665 INFO ncaa_identity: contest_id=2138847 teams 2375/2375 matched, players 6393/6512 matched
2026-08-24 03:16:24,581 INFO ncaa_identity: contest_id=2138859 teams 1494/2865 matched, players 4023/7918 matched
2026-08-24 03:16:26,372 INFO ncaa_identity: contest_id=2138917 teams 2898/2898 matched, players 7430/7937 matched
2026-08-24 03:16:31,677 INFO ncaa_identity: contest_id=2138952 teams 2455/2455 matched, players 6357/6735 matched
2026-08-24 03:16:33,095 INFO ncaa_identity: contest_id=2138962 teams 2387/2387 matched, players 5927/6515 matched
2026-08-24 03:16:39,752 INFO ncaa_identity: contest_id=2139020 teams 1247/2452 matched, players 3394/6742 matched
2026-08-24 03:16:44,686 INFO ncaa_identity: contest_id=2139058 teams 3034/3034 matched, players 8379/8394 matched
2026-08-24 03:16:46,702 INFO ncaa_identity: contest_id=2139074 teams 2677/2677 matched, players 6823/7357 matched
2026-08-24 03:16:48,185 INFO ncaa_identity: contest_id=2139104 teams 2283/2283 matched, players 6286/6292 matched
2026-08-24 03:16:49,808 INFO ncaa_identity: contest_id=2139141 teams 2868/2868 matched, players 7362/7910 matched
2026-08-24 03:16:53,404 INFO ncaa_identity: contest_id=2139179 teams 2339/2339 matched, players 5991/6366 matched
2026-08-24 03:16:56,483 WARNING ncaa_parse: family=shots contest_id=2139209 team=Grambling SKIPPED (1 parse error(s)): No shot events found [<!DOCTYPE html> <html lang="en"> <head> <meta content="text/html; charset=utf-8" http-equiv="CONTENT-TYPE"/> <meta charset="utf-8"/> <meta...
2026-08-24 03:17:01,617 INFO ncaa_identity: contest_id=2139256 teams 2520/2520 matched, players 6618/6853 matched
2026-08-24 03:17:04,758 INFO ncaa_identity: contest_id=2139276 teams 2520/2520 matched, players 6825/6903 matched
2026-08-24 03:17:06,803 INFO ncaa_identity: contest_id=2139287 teams 2567/2567 matched, players 6709/7061 matched
2026-08-24 03:17:10,520 INFO ncaa_identity: contest_id=2139307 teams 2833/2833 matched, players 7674/7804 matched
2026-08-24 03:17:12,050 INFO ncaa_identity: contest_id=2139317 teams 2326/2326 matched, players 5809/6370 matched
2026-08-24 03:17:15,653 INFO ncaa_identity: contest_id=2139337 teams 3016/3016 matched, players 7378/8238 matched
2026-08-24 03:17:19,568 INFO ncaa_identity: contest_id=2139358 teams 2325/2325 matched, players 6183/6338 matched
2026-08-24 03:17:27,572 INFO ncaa_identity: contest_id=2139398 teams 2371/2371 matched, players 6223/6506 matched
2026-08-24 03:17:33,226 INFO ncaa_identity: contest_id=2155153 teams 2466/2466 matched, players 6397/6761 matched
2026-08-24 03:17:50,462 INFO ncaa_identity: contest_id=2155519 teams 2286/2286 matched, players 5960/6242 matched
2026-08-24 03:17:55,250 INFO ncaa_identity: contest_id=2157692 teams 2681/2681 matched, players 6782/7339 matched
2026-08-24 03:17:57,106 INFO ncaa_identity: contest_id=2158497 teams 1306/2614 matched, players 3583/7176 matched
2026-08-24 03:17:59,316 INFO ncaa_identity: contest_id=2159998 teams 3107/3107 matched, players 8137/8490 matched
2026-08-24 03:18:00,714 INFO ncaa_identity: contest_id=2161069 teams 1493/3065 matched, players 4137/8421 matched
2026-08-24 03:18:04,079 INFO ncaa_identity: contest_id=2163598 teams 1502/2993 matched, players 4161/8216 matched
2026-08-24 03:18:07,343 INFO ncaa_identity: contest_id=2255101 teams 1266/2474 matched, players 3452/6765 matched
[p1_s_e_e] [WARNING] [TeamId(name='IU Indy')]v[TeamId(name='Robert Morris')] Flip court for periods: [[3, 4]] because [total_shots={1: 32, 2: 23, 3: 26, 4: 30} long_shots={3: 24, 4: 30}]
2026-08-24 03:18:13,541 INFO ncaa_identity: contest_id=2258051 teams 1108/2225 matched, players 2947/6018 matched
2026-08-24 03:18:15,031 INFO ncaa_identity: contest_id=2258077 teams 2673/2673 matched, players 6771/7329 matched
2026-08-24 03:18:21,536 INFO ncaa_identity: contest_id=2258283 teams 1171/2430 matched, players 3176/6660 matched
2026-08-24 03:18:26,407 INFO ncaa_identity: contest_id=2258772 teams 2600/2600 matched, players 6619/7149 matched
2026-08-24 03:18:30,810 INFO ncaa_identity: contest_id=2259060 teams 2507/2507 matched, players 6284/6889 matched
2026-08-24 03:18:32,539 INFO ncaa_identity: contest_id=2259093 teams 2597/2597 matched, players 7058/7155 matched
2026-08-24 03:18:37,283 INFO ncaa_identity: contest_id=2259295 teams 2515/2515 matched, players 6640/6903 matched
2026-08-24 03:18:47,585 INFO ncaa_identity: contest_id=2260486 teams 1938/1938 matched, players 4509/5239 matched
2026-08-24 03:18:51,050 INFO ncaa_identity: contest_id=2260846 teams 1589/2921 matched, players 4065/8020 matched
2026-08-24 03:18:52,981 INFO ncaa_identity: contest_id=2260863 teams 1490/2772 matched, players 3847/7622 matched
2026-08-24 03:18:56,334 WARNING ncaa_parse: family=shots contest_id=2261193 team=Columbia SKIPPED (1 parse error(s)): No shot events found [<!DOCTYPE html> <html lang="en"> <head> <meta content="text/html; charset=utf-8" http-equiv="CONTENT-TYPE"/> <meta charset="utf-8"/> <meta...
2026-08-24 03:18:59,590 INFO ncaa_identity: contest_id=2262840 teams 2678/2678 matched, players 7343/7391 matched
2026-08-24 03:19:03,779 INFO ncaa_identity: contest_id=2262890 teams 2467/2467 matched, players 6734/6744 matched
2026-08-24 03:19:08,850 INFO ncaa_identity: contest_id=2262920 teams 2495/2495 matched, players 6219/6790 matched
2026-08-24 03:19:12,203 INFO ncaa_identity: contest_id=2262993 teams 2815/2815 matched, players 7651/7740 matched
2026-08-24 03:19:15,867 INFO ncaa_identity: contest_id=2263031 teams 2777/2777 matched, players 7492/7645 matched
2026-08-24 03:19:20,317 INFO ncaa_identity: contest_id=2263118 teams 1135/2299 matched, players 3126/6263 matched
2026-08-24 03:19:22,088 INFO ncaa_identity: contest_id=2263142 teams 1213/2312 matched, players 3120/6245 matched
[p1_s_e_e] [WARNING] [TeamId(name='Southern Utah')]v[TeamId(name='New Mexico')] Flip court for periods: [[2, 3, 4]] because [total_shots={1: 37, 2: 35, 3: 33, 4: 36} long_shots={2: 35, 3: 33, 4: 36}]
2026-08-24 03:19:25,703 INFO ncaa_identity: contest_id=2319942 teams 2781/2781 matched, players 6948/7614 matched
2026-08-24 03:19:27,456 INFO ncaa_identity: contest_id=2319953 teams 2924/2924 matched, players 7458/8003 matched
2026-08-24 03:19:29,007 INFO ncaa_identity: contest_id=2319963 teams 1668/3211 matched, players 4330/8887 matched
2026-08-24 03:19:30,718 INFO ncaa_identity: contest_id=2319973 teams 1274/2498 matched, players 3503/6799 matched
2026-08-24 03:19:32,109 INFO ncaa_identity: contest_id=2319983 teams 2706/2706 matched, players 6964/7415 matched
2026-08-24 03:19:33,927 INFO ncaa_identity: contest_id=2319993 teams 2828/2828 matched, players 7722/7734 matched
2026-08-24 03:19:35,791 INFO ncaa_identity: contest_id=2320003 teams 1522/2956 matched, players 4064/8128 matched
2026-08-24 03:19:39,097 INFO ncaa_identity: contest_id=2320024 teams 1475/2869 matched, players 4021/7927 matched
2026-08-24 03:19:40,397 INFO ncaa_identity: contest_id=2320035 teams 1200/2337 matched, players 3294/6383 matched
2026-08-24 03:19:49,789 INFO ncaa_identity: contest_id=2320087 teams 1389/2716 matched, players 3718/7404 matched
2026-08-24 03:19:53,466 INFO ncaa_identity: contest_id=2320110 teams 1505/2989 matched, players 4046/8211 matched
2026-08-24 03:19:54,902 INFO ncaa_identity: contest_id=2320210 teams 1320/2603 matched, players 3673/7184 matched
2026-08-24 03:19:58,713 INFO ncaa_identity: contest_id=2320264 teams 3028/3028 matched, players 8213/8307 matched
2026-08-24 03:20:00,209 INFO ncaa_identity: contest_id=2320274 teams 2685/2685 matched, players 7071/7392 matched
2026-08-24 03:20:05,283 INFO ncaa_identity: contest_id=2320320 teams 2600/2600 matched, players 7011/7147 matched
2026-08-24 03:20:08,323 INFO ncaa_identity: contest_id=2320343 teams 2808/2808 matched, players 7081/7715 matched
2026-08-24 03:20:10,219 INFO ncaa_identity: contest_id=2320357 teams 2347/2347 matched, players 6312/6441 matched
[p1_s_e_e] [WARNING] [TeamId(name='Air Force')]v[TeamId(name='Navy')] Flip court for periods: [[2]] because [total_shots={1: 30, 2: 21, 3: 31, 4: 26} long_shots={2: 21}]
2026-08-24 03:20:13,514 INFO ncaa_identity: contest_id=2320503 teams 2984/2984 matched, players 7979/8173 matched
2026-08-24 03:20:15,235 INFO ncaa_identity: contest_id=2320546 teams 1398/2712 matched, players 3748/7447 matched
2026-08-24 03:20:18,271 INFO ncaa_identity: contest_id=2320627 teams 2715/2715 matched, players 7191/7428 matched
2026-08-24 03:20:21,499 INFO ncaa_identity: contest_id=2320772 teams 1342/2731 matched, players 3507/7458 matched
2026-08-24 03:20:23,483 INFO ncaa_identity: contest_id=2320853 teams 3229/3229 matched, players 8493/8929 matched
2026-08-24 03:20:25,005 INFO ncaa_identity: contest_id=2320964 teams 1361/2685 matched, players 3354/7348 matched
2026-08-24 03:20:27,319 INFO ncaa_identity: contest_id=2320990 teams 4052/4052 matched, players 10339/11174 matched
2026-08-24 03:20:37,872 INFO ncaa_identity: contest_id=2321109 teams 1315/2619 matched, players 3618/7140 matched
2026-08-24 03:20:39,475 INFO ncaa_identity: contest_id=2321134 teams 2812/2812 matched, players 7058/7747 matched
2026-08-24 03:20:42,729 INFO ncaa_identity: contest_id=2321161 teams 2615/2615 matched, players 6925/7227 matched
2026-08-24 03:20:56,886 INFO ncaa_identity: contest_id=2321416 teams 3309/3309 matched, players 8720/9112 matched
2026-08-24 03:21:03,835 INFO ncaa_identity: contest_id=2321496 teams 2889/2889 matched, players 7473/7891 matched
2026-08-24 03:21:23,038 INFO ncaa_identity: contest_id=2321834 teams 2647/2647 matched, players 6979/7266 matched
2026-08-24 03:21:24,839 INFO ncaa_identity: contest_id=2321914 teams 2519/2519 matched, players 6880/6881 matched
2026-08-24 03:21:29,569 INFO ncaa_identity: contest_id=2322093 teams 2735/2735 matched, players 7186/7514 matched
2026-08-24 03:21:45,013 INFO ncaa_identity: contest_id=2322253 teams 1458/2877 matched, players 4025/7928 matched
2026-08-24 03:21:51,045 INFO ncaa_identity: contest_id=2322316 teams 1365/2738 matched, players 3427/7513 matched
2026-08-24 03:21:52,484 INFO ncaa_identity: contest_id=2322440 teams 1197/2343 matched, players 3220/6416 matched
2026-08-24 03:21:55,986 INFO ncaa_identity: contest_id=2322531 teams 2814/2814 matched, players 7439/7718 matched
2026-08-24 03:21:59,422 INFO ncaa_identity: contest_id=2322577 teams 2605/2605 matched, players 7021/7144 matched
2026-08-24 03:22:00,989 INFO ncaa_identity: contest_id=2322592 teams 1264/2597 matched, players 3224/7164 matched
2026-08-24 03:22:13,273 INFO ncaa_identity: contest_id=2322703 teams 2883/2883 matched, players 7684/7975 matched
2026-08-24 03:22:19,144 INFO ncaa_identity: contest_id=2322762 teams 2874/2874 matched, players 7023/7872 matched
2026-08-24 03:22:23,064 INFO ncaa_identity: contest_id=2322791 teams 1324/2667 matched, players 3561/7270 matched
2026-08-24 03:22:26,695 INFO ncaa_identity: contest_id=2322832 teams 3222/3222 matched, players 8597/8844 matched
2026-08-24 03:22:28,587 INFO ncaa_identity: contest_id=2322874 teams 1558/3107 matched, players 4122/8524 matched
2026-08-24 03:22:30,848 INFO ncaa_identity: contest_id=2322902 teams 1327/2648 matched, players 3654/7210 matched
2026-08-24 03:22:41,324 INFO ncaa_identity: contest_id=2323094 teams 2694/2694 matched, players 7225/7226 matched
2026-08-24 03:22:45,588 INFO ncaa_identity: contest_id=2323148 teams 2604/2604 matched, players 6433/7121 matched
2026-08-24 03:22:49,574 INFO ncaa_identity: contest_id=2323225 teams 2256/2256 matched, players 6057/6154 matched
2026-08-24 03:22:51,430 INFO ncaa_identity: contest_id=2323251 teams 2380/2380 matched, players 6101/6495 matched
2026-08-24 03:22:53,783 INFO ncaa_identity: contest_id=2323304 teams 3164/3164 matched, players 8309/8707 matched
2026-08-24 03:22:55,687 INFO ncaa_identity: contest_id=2323335 teams 2561/2561 matched, players 6486/6997 matched
2026-08-24 03:22:57,821 INFO ncaa_identity: contest_id=2323349 teams 1394/2700 matched, players 3809/7346 matched
2026-08-24 03:22:59,880 INFO ncaa_identity: contest_id=2323411 teams 1306/2504 matched, players 3418/6859 matched
2026-08-24 03:23:01,717 INFO ncaa_identity: contest_id=2323448 teams 2759/2759 matched, players 7214/7637 matched
2026-08-24 03:23:03,914 INFO ncaa_identity: contest_id=2323482 teams 2492/2492 matched, players 6428/6821 matched
2026-08-24 03:23:10,260 INFO ncaa_identity: contest_id=2323609 teams 2868/2868 matched, players 7722/7878 matched
2026-08-24 03:23:14,091 INFO ncaa_identity: contest_id=2323656 teams 2994/2994 matched, players 7814/8217 matched
2026-08-24 03:23:16,101 INFO ncaa_identity: contest_id=2323668 teams 2498/2498 matched, players 6547/6781 matched
2026-08-24 03:23:23,574 INFO ncaa_identity: contest_id=2323783 teams 1605/3091 matched, players 4284/8463 matched
2026-08-24 03:23:32,191 INFO ncaa_identity: contest_id=2323968 teams 1404/2676 matched, players 3761/7352 matched
2026-08-24 03:23:52,408 INFO ncaa_identity: contest_id=2324264 teams 1283/2630 matched, players 3584/7245 matched
2026-08-24 03:23:54,179 INFO ncaa_identity: contest_id=2324297 teams 2586/2586 matched, players 6713/7083 matched
2026-08-24 03:24:06,225 INFO ncaa_identity: contest_id=2324526 teams 2837/2837 matched, players 7601/7746 matched
2026-08-24 03:24:13,642 INFO ncaa_identity: contest_id=2324646 teams 1656/3238 matched, players 4470/8947 matched
2026-08-24 03:24:15,520 INFO ncaa_identity: contest_id=2324700 teams 1675/3216 matched, players 4509/8885 matched
2026-08-24 03:24:17,255 INFO ncaa_identity: contest_id=2324722 teams 2571/2571 matched, players 6794/7034 matched
2026-08-24 03:24:25,866 INFO ncaa_identity: contest_id=2325004 teams 1610/3171 matched, players 4327/8740 matched
2026-08-24 03:24:27,894 INFO ncaa_identity: contest_id=2325016 teams 2456/2456 matched, players 6583/6699 matched
2026-08-24 03:24:31,068 INFO ncaa_identity: contest_id=2325053 teams 2434/2434 matched, players 6427/6632 matched
2026-08-24 03:24:33,140 INFO ncaa_identity: contest_id=2325078 teams 1630/3135 matched, players 4427/8635 matched
2026-08-24 03:24:39,437 WARNING ncaa_parse: family=shots contest_id=2325151 team=South Carolina St. SKIPPED (1 parse error(s)): No shot events found [<!DOCTYPE html> <html lang="en"> <head> <meta content="text/html; charset=utf-8" http-equiv="CONTENT-TYPE"/> <meta charset="utf-8"/> <meta...
2026-08-24 03:24:39,510 INFO ncaa_identity: contest_id=2325151 teams 2867/2867 matched, players 7893/8116 matched
2026-08-24 03:24:41,454 INFO ncaa_identity: contest_id=2325169 teams 1235/2427 matched, players 3314/6586 matched
2026-08-24 03:24:51,432 INFO ncaa_identity: contest_id=2325342 teams 1203/2376 matched, players 3318/6553 matched
2026-08-24 03:24:55,116 INFO ncaa_identity: contest_id=2325380 teams 2454/2454 matched, players 6416/6713 matched
2026-08-24 03:25:06,614 INFO ncaa_identity: contest_id=2325649 teams 2796/2796 matched, players 6934/7656 matched
2026-08-24 03:25:08,004 INFO ncaa_identity: contest_id=2325669 teams 2523/2523 matched, players 6620/6943 matched
2026-08-24 03:25:12,471 INFO ncaa_identity: contest_id=2325714 teams 2878/2878 matched, players 7126/7851 matched
2026-08-24 03:25:16,427 INFO ncaa_identity: contest_id=2325746 teams 1252/2528 matched, players 3444/6907 matched
2026-08-24 03:25:20,388 INFO ncaa_identity: contest_id=2325782 teams 2487/2487 matched, players 6286/6819 matched
2026-08-24 03:25:22,245 INFO ncaa_identity: contest_id=2325804 teams 1451/3020 matched, players 4170/8288 matched
2026-08-24 03:25:30,427 INFO ncaa_identity: contest_id=2325941 teams 2686/2686 matched, players 7325/7393 matched
2026-08-24 03:25:32,256 INFO ncaa_identity: contest_id=2325965 teams 2545/2545 matched, players 7013/7015 matched
2026-08-24 03:25:34,369 INFO ncaa_identity: contest_id=2325984 teams 1593/3134 matched, players 4383/8622 matched
2026-08-24 03:25:41,314 INFO ncaa_identity: contest_id=2326052 teams 2677/2677 matched, players 7233/7340 matched
2026-08-24 03:25:43,211 INFO ncaa_identity: contest_id=2326070 teams 2605/2605 matched, players 6963/7101 matched
2026-08-24 03:25:57,334 INFO ncaa_identity: contest_id=2326156 teams 2507/2507 matched, players 6625/6869 matched
2026-08-24 03:25:59,858 INFO ncaa_identity: contest_id=2326169 teams 2634/2634 matched, players 6758/7180 matched
2026-08-24 03:26:03,906 INFO ncaa_identity: contest_id=2326207 teams 2876/2876 matched, players 7838/7949 matched
2026-08-24 03:26:05,830 INFO ncaa_identity: contest_id=2326221 teams 2617/2617 matched, players 6779/7237 matched
2026-08-24 03:26:12,218 INFO ncaa_identity: contest_id=2326301 teams 3208/3208 matched, players 8590/8870 matched
2026-08-24 03:26:21,073 INFO ncaa_identity: contest_id=2326384 teams 2586/2586 matched, players 7093/7107 matched
2026-08-24 03:26:23,270 INFO ncaa_identity: contest_id=2326403 teams 2757/2757 matched, players 7131/7548 matched
2026-08-24 03:26:24,798 INFO ncaa_identity: contest_id=2326417 teams 1241/2474 matched, players 3346/6721 matched
2026-08-24 03:26:30,498 INFO ncaa_identity: contest_id=2326583 teams 1331/2631 matched, players 3580/7257 matched
2026-08-24 03:26:34,222 INFO ncaa_identity: contest_id=2326606 teams 2531/2531 matched, players 6776/6935 matched
2026-08-24 03:26:41,792 INFO ncaa_identity: contest_id=2326709 teams 2153/2153 matched, players 5442/5859 matched
2026-08-24 03:26:46,988 INFO ncaa_identity: contest_id=2326779 teams 2666/2666 matched, players 6861/7368 matched
2026-08-24 03:26:49,006 INFO ncaa_identity: contest_id=2326789 teams 2667/2667 matched, players 7326/7331 matched
2026-08-24 03:26:55,884 INFO ncaa_identity: contest_id=2326855 teams 2371/2371 matched, players 6061/6472 matched
2026-08-24 03:26:57,859 INFO ncaa_identity: contest_id=2326875 teams 3235/3235 matched, players 8510/8907 matched
2026-08-24 03:27:06,497 INFO ncaa_identity: contest_id=2327153 teams 2645/2645 matched, players 6793/7288 matched
2026-08-24 03:27:16,396 INFO ncaa_identity: contest_id=2327304 teams 2459/2459 matched, players 6270/6717 matched
2026-08-24 03:27:19,961 INFO ncaa_identity: contest_id=2327329 teams 2226/2226 matched, players 5590/6079 matched
2026-08-24 03:27:30,231 INFO ncaa_identity: contest_id=2327449 teams 2634/2634 matched, players 6995/7186 matched
2026-08-24 03:27:34,366 INFO ncaa_identity: contest_id=2327474 teams 2542/2542 matched, players 6543/6913 matched
2026-08-24 03:27:39,582 INFO ncaa_identity: contest_id=2327574 teams 2394/2394 matched, players 6390/6555 matched
2026-08-24 03:27:42,870 INFO ncaa_identity: contest_id=2327691 teams 2552/2552 matched, players 6406/6976 matched
2026-08-24 03:27:48,208 INFO ncaa_identity: contest_id=2327811 teams 3030/3030 matched, players 7894/8336 matched
2026-08-24 03:27:50,186 INFO ncaa_identity: contest_id=2327868 teams 1257/2387 matched, players 3184/6493 matched
2026-08-24 03:27:55,984 INFO ncaa_identity: contest_id=2327920 teams 2320/2320 matched, players 6242/6369 matched
2026-08-24 03:28:03,231 INFO ncaa_identity: contest_id=2328045 teams 2343/2343 matched, players 5877/6392 matched
2026-08-24 03:28:10,881 INFO ncaa_identity: contest_id=2328192 teams 2887/2887 matched, players 7557/7963 matched
2026-08-24 03:28:15,754 INFO ncaa_identity: contest_id=2328287 teams 2349/2349 matched, players 6147/6460 matched
2026-08-24 03:28:18,053 INFO ncaa_identity: contest_id=2328297 teams 3284/3284 matched, players 8708/9068 matched
2026-08-24 03:28:33,093 INFO ncaa_identity: contest_id=2328522 teams 2794/2794 matched, players 7128/7673 matched
2026-08-24 03:28:42,576 INFO ncaa_identity: contest_id=2328719 teams 2525/2525 matched, players 6609/6928 matched
2026-08-24 03:28:52,517 INFO ncaa_identity: contest_id=2328872 teams 3254/3254 matched, players 8407/9031 matched
2026-08-24 03:28:57,911 INFO ncaa_identity: contest_id=2328971 teams 2890/2890 matched, players 7302/7992 matched
2026-08-24 03:29:06,065 INFO ncaa_identity: contest_id=2329039 teams 2536/2536 matched, players 6541/6981 matched
2026-08-24 03:29:07,812 INFO ncaa_identity: contest_id=2329079 teams 2603/2603 matched, players 7000/7149 matched
2026-08-24 03:29:15,486 INFO ncaa_identity: contest_id=2329291 teams 2265/2265 matched, players 6147/6238 matched
2026-08-24 03:29:23,211 INFO ncaa_identity: contest_id=2329396 teams 25/2596 matched, players 0/7114 matched
2026-08-24 03:29:24,471 INFO ncaa_identity: contest_id=2329458 teams 2257/2257 matched, players 5760/6205 matched
2026-08-24 03:29:32,490 INFO ncaa_identity: contest_id=2329505 teams 2066/2066 matched, players 5450/5652 matched
2026-08-24 03:29:34,234 INFO ncaa_identity: contest_id=2329519 teams 2510/2510 matched, players 6746/6876 matched
2026-08-24 03:29:39,791 INFO ncaa_identity: contest_id=2329616 teams 2915/2915 matched, players 7691/7955 matched
2026-08-24 03:29:43,746 INFO ncaa_identity: contest_id=2329639 teams 3066/3066 matched, players 8321/8430 matched
2026-08-24 03:30:11,383 WARNING ncaa_parse: family=shots contest_id=2330143 team=South Carolina St. SKIPPED (1 parse error(s)): No shot events found [<!DOCTYPE html> <html lang="en"> <head> <meta content="text/html; charset=utf-8" http-equiv="CONTENT-TYPE"/> <meta charset="utf-8"/> <meta...
2026-08-24 03:30:14,830 INFO ncaa_identity: contest_id=2330317 teams 2302/2302 matched, players 6224/6301 matched
2026-08-24 03:30:26,323 INFO ncaa_identity: contest_id=2330466 teams 1390/2691 matched, players 3349/7365 matched
2026-08-24 03:30:28,411 INFO ncaa_identity: contest_id=2330532 teams 2507/2507 matched, players 6796/6867 matched
2026-08-24 03:30:43,150 INFO ncaa_identity: contest_id=2330695 teams 2555/2555 matched, players 6887/7010 matched
2026-08-24 03:30:55,977 INFO ncaa_identity: contest_id=2330982 teams 3008/3008 matched, players 8019/8254 matched
2026-08-24 03:30:59,811 INFO ncaa_identity: contest_id=2331063 teams 2583/2583 matched, players 6486/7092 matched
2026-08-24 03:31:13,693 INFO ncaa_identity: contest_id=2331262 teams 3134/3134 matched, players 8291/8585 matched
2026-08-24 03:31:22,323 INFO ncaa_identity: contest_id=2331483 teams 2481/2481 matched, players 6433/6797 matched
2026-08-24 03:31:23,860 INFO ncaa_identity: contest_id=2331497 teams 2462/2462 matched, players 6161/6730 matched
2026-08-24 03:31:30,235 INFO ncaa_identity: contest_id=2331600 teams 2391/2391 matched, players 6426/6427 matched
2026-08-24 03:31:41,168 INFO ncaa_identity: contest_id=2331737 teams 2880/2880 matched, players 7086/7942 matched
2026-08-24 03:31:50,211 INFO ncaa_identity: contest_id=2331958 teams 2199/2199 matched, players 5952/5978 matched
2026-08-24 03:32:02,322 INFO ncaa_identity: contest_id=2332175 teams 2610/2610 matched, players 7146/7222 matched
2026-08-24 03:32:04,101 INFO ncaa_identity: contest_id=2332191 teams 2601/2601 matched, players 6694/7125 matched
2026-08-24 03:32:11,578 INFO ncaa_identity: contest_id=2332303 teams 2567/2567 matched, players 6656/7005 matched
2026-08-24 03:32:13,431 INFO ncaa_identity: contest_id=2332414 teams 2724/2724 matched, players 6740/7543 matched
2026-08-24 03:32:18,832 INFO ncaa_identity: contest_id=2332514 teams 3698/3698 matched, players 9851/10217 matched
2026-08-24 03:32:22,575 INFO ncaa_identity: contest_id=2332535 teams 2512/2512 matched, players 6383/6843 matched
2026-08-24 03:32:30,152 INFO ncaa_identity: contest_id=2332639 teams 1365/2814 matched, players 3875/7710 matched
2026-08-24 03:32:32,822 INFO ncaa_identity: contest_id=2332651 teams 3353/3353 matched, players 8803/9238 matched
2026-08-24 03:32:34,554 INFO ncaa_identity: contest_id=2332663 teams 2603/2603 matched, players 7149/7156 matched
2026-08-24 03:32:39,811 INFO ncaa_identity: contest_id=2332760 teams 2500/2500 matched, players 6346/6827 matched
2026-08-24 03:32:45,173 INFO ncaa_identity: contest_id=2332822 teams 2778/2778 matched, players 6971/7617 matched
2026-08-24 03:32:47,144 INFO ncaa_identity: contest_id=2332906 teams 3109/3109 matched, players 8251/8594 matched
2026-08-24 03:32:48,955 INFO ncaa_identity: contest_id=2332977 teams 2068/2068 matched, players 5174/5647 matched
2026-08-24 03:32:50,922 INFO ncaa_identity: contest_id=2333019 teams 3167/3167 matched, players 7385/8666 matched
2026-08-24 03:32:54,961 INFO ncaa_identity: contest_id=2333058 teams 3045/3045 matched, players 7958/8353 matched
2026-08-24 03:33:00,603 INFO ncaa_identity: contest_id=2333193 teams 2587/2587 matched, players 6669/7117 matched
2026-08-24 03:33:05,557 INFO ncaa_identity: contest_id=2333232 teams 1330/2584 matched, players 3604/7088 matched
2026-08-24 03:33:12,536 INFO ncaa_identity: contest_id=2333346 teams 2796/2796 matched, players 7601/7665 matched
2026-08-24 03:33:15,749 INFO ncaa_identity: contest_id=2333479 teams 2907/2907 matched, players 7581/7983 matched
2026-08-24 03:33:23,239 INFO ncaa_identity: contest_id=2333569 teams 1331/2680 matched, players 3657/7350 matched
2026-08-24 03:33:40,139 INFO ncaa_identity: contest_id=2333774 teams 3087/3087 matched, players 7307/8494 matched
2026-08-24 03:33:42,200 INFO ncaa_identity: contest_id=2333786 teams 2705/2705 matched, players 7370/7404 matched
2026-08-24 03:33:43,792 INFO ncaa_identity: contest_id=2333796 teams 2506/2506 matched, players 6356/6890 matched
2026-08-24 03:33:49,118 INFO ncaa_identity: contest_id=2333912 teams 3366/3366 matched, players 8859/9317 matched
2026-08-24 03:33:54,971 INFO ncaa_identity: contest_id=2334042 teams 1480/2961 matched, players 3401/8118 matched
2026-08-24 03:33:56,403 INFO ncaa_identity: contest_id=2334068 teams 2859/2859 matched, players 7710/7862 matched
2026-08-24 03:34:04,033 INFO ncaa_identity: contest_id=2334203 teams 2766/2766 matched, players 7522/7619 matched
2026-08-24 03:34:05,604 INFO ncaa_identity: contest_id=2334215 teams 2492/2492 matched, players 6302/6826 matched
2026-08-24 03:34:12,271 INFO ncaa_identity: contest_id=2334253 teams 3487/3487 matched, players 8387/9618 matched
2026-08-24 03:34:20,770 INFO ncaa_identity: contest_id=2334368 teams 2371/2371 matched, players 6361/6518 matched
2026-08-24 03:34:24,402 INFO ncaa_identity: contest_id=2334390 teams 2531/2531 matched, players 6474/6955 matched
2026-08-24 03:34:36,688 INFO ncaa_identity: contest_id=2334513 teams 2833/2833 matched, players 7557/7828 matched
2026-08-24 03:34:38,535 INFO ncaa_identity: contest_id=2334523 teams 0/2276 matched, players 0/6187 matched
2026-08-24 03:34:45,184 INFO ncaa_identity: contest_id=2334571 teams 2492/2492 matched, players 6637/6860 matched
2026-08-24 03:34:50,350 WARNING ncaa_parse: family=shots contest_id=2334604 team=Morgan St. SKIPPED (1 parse error(s)): No shot events found [<!DOCTYPE html> <html lang="en"> <head> <meta content="text/html; charset=utf-8" http-equiv="CONTENT-TYPE"/> <meta charset="utf-8"/> <meta...
2026-08-24 03:34:52,067 INFO ncaa_identity: contest_id=2334618 teams 2781/2781 matched, players 7342/7639 matched
2026-08-24 03:35:01,212 INFO ncaa_identity: contest_id=2334729 teams 2653/2653 matched, players 7262/7288 matched
2026-08-24 03:35:04,230 INFO ncaa_identity: contest_id=2334774 teams 2137/2137 matched, players 5642/5844 matched
2026-08-24 03:35:08,372 INFO ncaa_identity: contest_id=2334805 teams 2771/2771 matched, players 7491/7568 matched
2026-08-24 03:35:14,954 INFO ncaa_identity: contest_id=2334846 teams 2114/2114 matched, players 5486/5749 matched
2026-08-24 03:35:30,221 INFO ncaa_identity: contest_id=2334927 teams 2476/2476 matched, players 6570/6756 matched
2026-08-24 03:35:34,144 WARNING ncaa_parse: family=shots contest_id=2334947 team=Hampton SKIPPED (1 parse error(s)): No shot events found [<!DOCTYPE html> <html lang="en"> <head> <meta content="text/html; charset=utf-8" http-equiv="CONTENT-TYPE"/> <meta charset="utf-8"/> <meta...
2026-08-24 03:35:34,161 INFO ncaa_identity: contest_id=2334947 teams 2419/2419 matched, players 883/885 matched
2026-08-24 03:35:37,920 INFO ncaa_identity: contest_id=2334967 teams 3140/3140 matched, players 8407/8702 matched
2026-08-24 03:35:39,308 INFO ncaa_identity: contest_id=2334977 teams 2208/2208 matched, players 5519/6044 matched
2026-08-24 03:35:48,689 WARNING ncaa_parse: family=shots contest_id=2352736 team=Morgan St. SKIPPED (1 parse error(s)): No shot events found [<!DOCTYPE html> <html lang="en"> <head> <meta content="text/html; charset=utf-8" http-equiv="CONTENT-TYPE"/> <meta charset="utf-8"/> <meta...
2026-08-24 03:35:48,736 INFO ncaa_identity: contest_id=2352736 teams 1167/2261 matched, players 3214/6317 matched
2026-08-24 03:35:50,218 WARNING ncaa_parse: family=shots contest_id=2354986 team=UT Arlington SKIPPED (1 parse error(s)): No shot events found [<!DOCTYPE html> <html lang="en"> <head> <meta content="text/html; charset=utf-8" http-equiv="CONTENT-TYPE"/> <meta charset="utf-8"/> <meta...
2026-08-24 03:35:50,333 INFO ncaa_identity: contest_id=2354986 teams 1294/2543 matched, players 3600/7214 matched
2026-08-24 03:35:53,849 INFO ncaa_identity: contest_id=2417872 teams 3171/3171 matched, players 8662/8709 matched
2026-08-24 03:36:02,510 INFO ncaa_identity: contest_id=2418467 teams 2708/2708 matched, players 7022/7441 matched
2026-08-24 03:36:11,579 INFO 5 starters not found for period 5; using estimate
2026-08-24 03:36:18,842 INFO ncaa_identity: contest_id=2420377 teams 2633/2633 matched, players 5858/7214 matched
2026-08-24 03:36:18,960 INFO 5 starters not found for period 4; using estimate
2026-08-24 03:36:26,255 INFO ncaa_identity: contest_id=2421071 teams 2704/2704 matched, players 6795/7422 matched
2026-08-24 03:36:28,265 INFO ncaa_identity: contest_id=2421229 teams 2745/2745 matched, players 7078/7546 matched
2026-08-24 03:36:32,288 INFO ncaa_identity: contest_id=2421394 teams 3367/3367 matched, players 8756/9282 matched
2026-08-24 03:36:41,023 INFO ncaa_identity: contest_id=2421930 teams 2571/2571 matched, players 7000/7044 matched
2026-08-24 03:36:47,280 INFO ncaa_identity: contest_id=2424345 teams 2583/2583 matched, players 6590/7071 matched
2026-08-24 03:37:00,809 INFO ncaa_identity: contest_id=2424553 teams 2289/2289 matched, players 5753/6237 matched
2026-08-24 03:37:20,400 INFO ncaa_identity: contest_id=3953940 teams 2640/2640 matched, players 6723/7247 matched
2026-08-24 03:37:22,643 INFO ncaa_identity: contest_id=3954026 teams 2519/2519 matched, players 6426/6843 matched
2026-08-24 03:37:24,473 INFO ncaa_identity: contest_id=3954036 teams 2575/2575 matched, players 6482/7017 matched
2026-08-24 03:37:26,031 INFO ncaa_identity: contest_id=3954048 teams 2927/2927 matched, players 7426/8081 matched
2026-08-24 03:37:42,175 INFO ncaa_identity: contest_id=3954343 teams 2851/2851 matched, players 7480/7847 matched
2026-08-24 03:37:49,321 INFO ncaa_identity: contest_id=3954531 teams 2343/2343 matched, players 5933/6388 matched
2026-08-24 03:37:53,226 INFO ncaa_identity: contest_id=3954587 teams 2448/2448 matched, players 5871/6678 matched
2026-08-24 03:37:57,597 INFO ncaa_identity: contest_id=3954612 teams 2783/2783 matched, players 7399/7619 matched
2026-08-24 03:38:01,776 INFO ncaa_identity: contest_id=3970194 teams 2672/2672 matched, players 6641/7310 matched
2026-08-24 03:38:05,842 INFO ncaa_identity: contest_id=3970214 teams 1368/2696 matched, players 3703/7355 matched
[p1_s_e_e] [WARNING] [TeamId(name='Clemson')]v[TeamId(name='Winthrop')] Flip court for periods: [[3, 4]] because [total_shots={1: 28, 2: 33, 3: 26, 4: 29} long_shots={3: 26, 4: 29}]
2026-08-24 03:38:10,100 INFO ncaa_identity: contest_id=3970235 teams 1327/2763 matched, players 3716/7592 matched
2026-08-24 03:38:14,216 INFO ncaa_identity: contest_id=3970255 teams 1426/2851 matched, players 3872/7801 matched
2026-08-24 03:38:16,287 INFO ncaa_identity: contest_id=3970266 teams 1406/2812 matched, players 3903/7708 matched
2026-08-24 03:38:18,446 INFO ncaa_identity: contest_id=3970276 teams 3330/3330 matched, players 9183/9218 matched
2026-08-24 03:38:20,422 INFO ncaa_identity: contest_id=3970287 teams 1436/2806 matched, players 3868/7648 matched
2026-08-24 03:38:22,405 INFO ncaa_identity: contest_id=3970298 teams 2859/2859 matched, players 7542/7831 matched
2026-08-24 03:38:24,534 INFO ncaa_identity: contest_id=3970309 teams 1628/3146 matched, players 4369/8673 matched
2026-08-24 03:38:26,168 INFO ncaa_identity: contest_id=3970319 teams 1231/2304 matched, players 3289/6305 matched
2026-08-24 03:38:28,542 INFO ncaa_identity: contest_id=3970329 teams 1803/3594 matched, players 4559/9928 matched
2026-08-24 03:38:32,290 INFO ncaa_identity: contest_id=3970350 teams 2819/2819 matched, players 7650/7780 matched
2026-08-24 03:38:34,311 INFO ncaa_identity: contest_id=3970362 teams 1792/3427 matched, players 4769/9452 matched
2026-08-24 03:38:40,380 INFO ncaa_identity: contest_id=3970487 teams 3214/3214 matched, players 8823/8829 matched
2026-08-24 03:38:42,240 INFO ncaa_identity: contest_id=3970497 teams 2534/2534 matched, players 6456/6958 matched
2026-08-24 03:38:48,381 INFO ncaa_identity: contest_id=3970538 teams 3114/3114 matched, players 8286/8554 matched
2026-08-24 03:38:50,018 INFO ncaa_identity: contest_id=3970553 teams 2999/2999 matched, players 8081/8250 matched
2026-08-24 03:39:01,468 INFO ncaa_identity: contest_id=3970898 teams 1485/2855 matched, players 4064/7859 matched
2026-08-24 03:39:03,734 INFO ncaa_identity: contest_id=3970959 teams 3421/3421 matched, players 9354/9370 matched
2026-08-24 03:39:20,250 INFO ncaa_identity: contest_id=3971252 teams 1545/2976 matched, players 3946/8099 matched
2026-08-24 03:39:27,443 INFO ncaa_identity: contest_id=3971346 teams 2996/2996 matched, players 8279/8280 matched
2026-08-24 03:39:29,225 INFO ncaa_identity: contest_id=3971367 teams 1534/3071 matched, players 3724/8390 matched
2026-08-24 03:39:32,539 INFO ncaa_identity: contest_id=3971413 teams 1438/2804 matched, players 3500/7697 matched
2026-08-24 03:39:34,602 INFO ncaa_identity: contest_id=3971435 teams 1304/2592 matched, players 2710/7050 matched
2026-08-24 03:39:38,530 INFO ncaa_identity: contest_id=3971503 teams 2902/2902 matched, players 7904/7905 matched
2026-08-24 03:39:40,549 INFO ncaa_identity: contest_id=3971563 teams 2615/2615 matched, players 6673/7154 matched
2026-08-24 03:39:46,289 INFO ncaa_identity: contest_id=3971650 teams 1506/2851 matched, players 3620/7746 matched
2026-08-24 03:39:52,830 INFO ncaa_identity: contest_id=3971769 teams 2728/2728 matched, players 7113/7466 matched
2026-08-24 03:39:56,857 INFO ncaa_identity: contest_id=3971854 teams 2820/2820 matched, players 7543/7778 matched
2026-08-24 03:40:06,854 INFO ncaa_identity: contest_id=3972162 teams 2604/2604 matched, players 6693/7151 matched
2026-08-24 03:40:13,234 INFO ncaa_identity: contest_id=3972237 teams 1381/2724 matched, players 3737/7466 matched
2026-08-24 03:40:19,155 INFO ncaa_identity: contest_id=3972282 teams 2862/2862 matched, players 7433/7848 matched
2026-08-24 03:40:25,182 INFO ncaa_identity: contest_id=3972348 teams 1167/2266 matched, players 3182/6251 matched
2026-08-24 03:40:27,230 INFO ncaa_identity: contest_id=3972404 teams 1625/3117 matched, players 3761/8549 matched
2026-08-24 03:40:31,156 INFO ncaa_identity: contest_id=3972570 teams 1485/2845 matched, players 3972/7827 matched
2026-08-24 03:40:35,021 INFO ncaa_identity: contest_id=3972616 teams 2499/2499 matched, players 6760/6814 matched
2026-08-24 03:40:39,736 INFO ncaa_identity: contest_id=3972661 teams 1192/2467 matched, players 3347/6748 matched
2026-08-24 03:40:50,948 INFO ncaa_identity: contest_id=3972734 teams 2348/2348 matched, players 5677/6451 matched
2026-08-24 03:40:53,022 INFO ncaa_identity: contest_id=3972755 teams 2466/2466 matched, players 6359/6711 matched
2026-08-24 03:40:54,717 INFO ncaa_identity: contest_id=3972775 teams 2285/2285 matched, players 6128/6173 matched
2026-08-24 03:40:56,536 INFO ncaa_identity: contest_id=3972793 teams 2464/2464 matched, players 6004/6749 matched
2026-08-24 03:41:04,065 INFO ncaa_identity: contest_id=3972862 teams 2612/2612 matched, players 7150/7158 matched
2026-08-24 03:41:05,963 INFO ncaa_identity: contest_id=3972909 teams 2531/2531 matched, players 6750/6944 matched
2026-08-24 03:41:12,203 INFO ncaa_identity: contest_id=3972998 teams 2703/2703 matched, players 7111/7331 matched
2026-08-24 03:41:13,700 INFO ncaa_identity: contest_id=3973026 teams 2257/2257 matched, players 6069/6119 matched
2026-08-24 03:41:15,718 INFO ncaa_identity: contest_id=3973053 teams 2385/2385 matched, players 6381/6546 matched
2026-08-24 03:41:19,298 INFO ncaa_identity: contest_id=3973112 teams 2673/2673 matched, players 7299/7328 matched
2026-08-24 03:41:23,070 INFO ncaa_identity: contest_id=3973194 teams 1291/2559 matched, players 3520/7013 matched
2026-08-24 03:41:34,923 INFO ncaa_identity: contest_id=3973416 teams 2872/2872 matched, players 7817/7882 matched
2026-08-24 03:41:38,845 INFO ncaa_identity: contest_id=3973457 teams 2212/2212 matched, players 5934/6050 matched
2026-08-24 03:41:45,250 INFO ncaa_identity: contest_id=3973580 teams 2671/2671 matched, players 6861/7325 matched
2026-08-24 03:41:52,191 INFO ncaa_identity: contest_id=3973688 teams 2649/2649 matched, players 7255/7281 matched
2026-08-24 03:41:55,950 INFO ncaa_identity: contest_id=3973732 teams 2264/2264 matched, players 5266/6208 matched
2026-08-24 03:41:57,997 INFO ncaa_identity: contest_id=3973771 teams 1324/2559 matched, players 3544/7038 matched
2026-08-24 03:42:01,647 INFO ncaa_identity: contest_id=3973946 teams 1286/2413 matched, players 3407/6589 matched
2026-08-24 03:42:05,342 INFO ncaa_identity: contest_id=3974075 teams 2668/2668 matched, players 6969/7346 matched
2026-08-24 03:42:07,691 INFO ncaa_identity: contest_id=3974086 teams 2800/2800 matched, players 7523/7708 matched
2026-08-24 03:42:21,260 INFO ncaa_identity: contest_id=3974216 teams 2955/2955 matched, players 7808/8123 matched
2026-08-24 03:42:23,181 INFO ncaa_identity: contest_id=3974260 teams 2903/2903 matched, players 7671/7957 matched
2026-08-24 03:42:28,611 INFO ncaa_identity: contest_id=3974312 teams 1507/2880 matched, players 4136/7928 matched
2026-08-24 03:42:32,966 INFO ncaa_identity: contest_id=3974406 teams 3338/3338 matched, players 8669/9170 matched
2026-08-24 03:42:35,490 INFO ncaa_identity: contest_id=3974440 teams 3037/3037 matched, players 7914/8392 matched
2026-08-24 03:42:37,258 INFO ncaa_identity: contest_id=3974479 teams 2362/2362 matched, players 6052/6446 matched
2026-08-24 03:42:42,638 INFO ncaa_identity: contest_id=3974602 teams 2526/2526 matched, players 6442/6911 matched
2026-08-24 03:42:44,503 INFO ncaa_identity: contest_id=3974627 teams 2658/2658 matched, players 6767/7273 matched
2026-08-24 03:42:48,239 INFO ncaa_identity: contest_id=3974756 teams 2538/2538 matched, players 6790/6954 matched
2026-08-24 03:42:51,594 INFO ncaa_identity: contest_id=3974884 teams 2405/2405 matched, players 5561/6573 matched
2026-08-24 03:42:57,848 INFO ncaa_identity: contest_id=3974958 teams 2397/2397 matched, players 6367/6557 matched
2026-08-24 03:42:59,736 INFO ncaa_identity: contest_id=3974973 teams 1372/2721 matched, players 3774/7484 matched
2026-08-24 03:43:05,674 INFO ncaa_identity: contest_id=3975010 teams 1543/3053 matched, players 4264/8367 matched
2026-08-24 03:43:07,408 INFO ncaa_identity: contest_id=3975022 teams 1662/3152 matched, players 4593/8724 matched
2026-08-24 03:43:13,540 INFO ncaa_identity: contest_id=3975128 teams 1260/2463 matched, players 3425/6716 matched
2026-08-24 03:43:15,722 INFO ncaa_identity: contest_id=3975168 teams 2943/2943 matched, players 7868/8122 matched
2026-08-24 03:43:17,545 INFO ncaa_identity: contest_id=3975197 teams 1605/3140 matched, players 4129/8650 matched
2026-08-24 03:43:27,894 INFO ncaa_identity: contest_id=3975337 teams 1525/3032 matched, players 4223/8342 matched
2026-08-24 03:43:40,518 INFO ncaa_identity: contest_id=3975544 teams 2601/2601 matched, players 7095/7102 matched
2026-08-24 03:43:43,920 INFO ncaa_identity: contest_id=3975585 teams 1329/2601 matched, players 3063/7116 matched
2026-08-24 03:43:51,465 INFO ncaa_identity: contest_id=3975681 teams 1396/2816 matched, players 3818/7742 matched
2026-08-24 03:44:02,000 INFO ncaa_identity: contest_id=3975737 teams 1385/2661 matched, players 3748/7315 matched
2026-08-24 03:44:17,333 INFO ncaa_identity: contest_id=3975842 teams 1348/2669 matched, players 3472/7306 matched
2026-08-24 03:44:27,835 INFO ncaa_identity: contest_id=3975875 teams 1162/2265 matched, players 3105/6167 matched
2026-08-24 03:44:45,780 INFO ncaa_identity: contest_id=3975926 teams 2724/2724 matched, players 6669/7456 matched
2026-08-24 03:44:58,106 INFO ncaa_identity: contest_id=3975951 teams 2964/2964 matched, players 6872/8163 matched
2026-08-24 03:45:10,125 INFO ncaa_identity: contest_id=3975976 teams 1935/3857 matched, players 5316/10699 matched
2026-08-24 03:45:14,320 INFO ncaa_identity: contest_id=3975989 teams 1269/2497 matched, players 3473/6812 matched
2026-08-24 03:45:20,450 INFO ncaa_identity: contest_id=3976000 teams 3186/3186 matched, players 8325/8780 matched
2026-08-24 03:45:39,309 INFO ncaa_identity: contest_id=3976038 teams 3109/3109 matched, players 8202/8520 matched
2026-08-24 03:45:54,033 INFO ncaa_identity: contest_id=3976095 teams 2134/2134 matched, players 5703/5803 matched
2026-08-24 03:46:00,542 INFO ncaa_identity: contest_id=3976171 teams 2967/2967 matched, players 7787/8119 matched
2026-08-24 03:46:11,375 INFO ncaa_identity: contest_id=3976205 teams 2730/2730 matched, players 7054/7492 matched
2026-08-24 03:46:17,797 INFO ncaa_identity: contest_id=3976219 teams 2779/2779 matched, players 7586/7587 matched
2026-08-24 03:46:23,771 INFO ncaa_identity: contest_id=3976229 teams 3148/3148 matched, players 7849/8715 matched
2026-08-24 03:46:51,901 INFO ncaa_identity: contest_id=3976408 teams 2545/2545 matched, players 6794/7013 matched
2026-08-24 03:47:16,067 INFO ncaa_identity: contest_id=3976513 teams 1415/2801 matched, players 3734/7684 matched
2026-08-24 03:47:22,508 INFO ncaa_identity: contest_id=3976529 teams 1399/2683 matched, players 3724/7295 matched
2026-08-24 03:47:26,875 INFO ncaa_identity: contest_id=3976550 teams 2710/2710 matched, players 7115/7451 matched
2026-08-24 03:48:11,703 INFO ncaa_identity: contest_id=3976931 teams 2520/2520 matched, players 6741/6888 matched
2026-08-24 03:48:24,936 INFO ncaa_identity: contest_id=3976959 teams 2510/2510 matched, players 6866/6870 matched
2026-08-24 03:48:57,679 INFO ncaa_identity: contest_id=3977078 teams 2825/2825 matched, players 7013/7784 matched
2026-08-24 03:49:08,701 INFO ncaa_identity: contest_id=3977161 teams 2789/2789 matched, players 7415/7693 matched
2026-08-24 03:49:20,712 WARNING ncaa_parse: family=shots contest_id=3977329 team=Delaware St. SKIPPED (1 parse error(s)): No shot events found [<!DOCTYPE html> <html lang="en"> <head> <meta content="text/html; charset=utf-8" http-equiv="CONTENT-TYPE"/> <meta charset="utf-8"/> <meta...
2026-08-24 03:49:31,600 INFO ncaa_identity: contest_id=3977378 teams 2550/2550 matched, players 6958/6975 matched
2026-08-24 03:49:37,167 INFO ncaa_identity: contest_id=3977428 teams 1373/2740 matched, players 3734/7505 matched
2026-08-24 03:49:47,618 INFO ncaa_identity: contest_id=3977488 teams 1245/2451 matched, players 2839/6628 matched
2026-08-24 03:51:06,092 INFO ncaa_identity: contest_id=3977953 teams 2572/2572 matched, players 6950/7085 matched
2026-08-24 03:51:16,168 INFO ncaa_identity: contest_id=3978100 teams 2963/2963 matched, players 8000/8180 matched
2026-08-24 03:51:19,662 INFO ncaa_identity: contest_id=3978208 teams 2500/2500 matched, players 6645/6852 matched
2026-08-24 03:51:21,343 INFO ncaa_identity: contest_id=3978273 teams 2698/2698 matched, players 6852/7408 matched
2026-08-24 03:51:29,022 INFO ncaa_identity: contest_id=3978395 teams 2482/2482 matched, players 6121/6773 matched
2026-08-24 03:51:31,081 INFO ncaa_identity: contest_id=3978471 teams 2738/2738 matched, players 7208/7533 matched
2026-08-24 03:51:40,696 INFO ncaa_identity: contest_id=3978563 teams 2268/2268 matched, players 6052/6138 matched
2026-08-24 03:51:43,110 INFO ncaa_identity: contest_id=3978634 teams 2711/2711 matched, players 7090/7454 matched
2026-08-24 03:51:50,558 INFO ncaa_identity: contest_id=3978857 teams 2465/2465 matched, players 6337/6712 matched
2026-08-24 03:51:54,165 INFO ncaa_identity: contest_id=3978932 teams 2727/2727 matched, players 7172/7515 matched
2026-08-24 03:51:58,893 INFO ncaa_identity: contest_id=3978972 teams 2226/2226 matched, players 5984/6086 matched
2026-08-24 03:52:03,757 INFO ncaa_identity: contest_id=3979061 teams 1152/2265 matched, players 3153/6221 matched
2026-08-24 03:52:09,033 INFO ncaa_identity: contest_id=3979107 teams 2504/2504 matched, players 6314/6881 matched
2026-08-24 03:52:12,757 INFO ncaa_identity: contest_id=3979245 teams 2493/2493 matched, players 6736/6826 matched
2026-08-24 03:52:16,449 INFO ncaa_identity: contest_id=3979317 teams 2777/2777 matched, players 7177/7631 matched
2026-08-24 03:52:23,446 INFO ncaa_identity: contest_id=3979408 teams 3151/3151 matched, players 8390/8680 matched
2026-08-24 03:52:25,694 INFO ncaa_identity: contest_id=3979489 teams 2633/2633 matched, players 7065/7242 matched
2026-08-24 03:52:33,022 INFO ncaa_identity: contest_id=3979561 teams 2691/2691 matched, players 7358/7390 matched
2026-08-24 03:52:46,868 INFO ncaa_identity: contest_id=3979876 teams 2509/2509 matched, players 6241/6880 matched
2026-08-24 03:52:50,836 INFO ncaa_identity: contest_id=3979952 teams 2922/2922 matched, players 7747/8036 matched
2026-08-24 03:53:01,618 INFO ncaa_identity: contest_id=3980084 teams 2641/2641 matched, players 6628/7199 matched
2026-08-24 03:53:19,189 INFO ncaa_identity: contest_id=3980442 teams 1352/2668 matched, players 3622/7296 matched
2026-08-24 03:53:23,638 INFO ncaa_identity: contest_id=3980519 teams 2791/2791 matched, players 7343/7623 matched
2026-08-24 03:53:25,501 INFO ncaa_identity: contest_id=3980536 teams 2588/2588 matched, players 6969/7051 matched
2026-08-24 03:53:33,151 INFO ncaa_identity: contest_id=3980687 teams 2466/2466 matched, players 6276/6778 matched
2026-08-24 03:53:34,565 INFO ncaa_identity: contest_id=3980697 teams 2743/2743 matched, players 7530/7531 matched
2026-08-24 03:53:39,021 INFO ncaa_identity: contest_id=3980891 teams 1167/2252 matched, players 3020/6156 matched
2026-08-24 03:53:40,713 INFO ncaa_identity: contest_id=3980904 teams 2726/2726 matched, players 7160/7469 matched
2026-08-24 03:53:55,633 INFO ncaa_identity: contest_id=3981126 teams 2715/2715 matched, players 6805/7422 matched
2026-08-24 03:54:08,496 WARNING ncaa_parse: family=shots contest_id=3981431 team=South Carolina St. SKIPPED (1 parse error(s)): No shot events found [<!DOCTYPE html> <html lang="en"> <head> <meta content="text/html; charset=utf-8" http-equiv="CONTENT-TYPE"/> <meta charset="utf-8"/> <meta...
2026-08-24 03:54:08,648 INFO ncaa_identity: contest_id=3981431 teams 2971/2971 matched, players 8302/8431 matched
2026-08-24 03:54:12,634 INFO ncaa_identity: contest_id=3981526 teams 2419/2419 matched, players 6187/6639 matched
2026-08-24 03:54:20,329 INFO ncaa_identity: contest_id=3981589 teams 1351/2729 matched, players 3798/7507 matched
2026-08-24 03:54:21,427 INFO ncaa_identity: contest_id=3981623 teams 1698/1698 matched, players 4314/4606 matched
2026-08-24 03:54:28,595 INFO ncaa_identity: contest_id=3981878 teams 2225/2225 matched, players 5997/6095 matched
2026-08-24 03:54:30,643 INFO ncaa_identity: contest_id=3981897 teams 2581/2581 matched, players 6741/7081 matched
2026-08-24 03:54:32,043 INFO ncaa_identity: contest_id=3981907 teams 2747/2747 matched, players 6336/7536 matched
2026-08-24 03:54:33,791 INFO ncaa_identity: contest_id=3981976 teams 2253/2253 matched, players 5612/6164 matched
2026-08-24 03:54:40,639 INFO 5 starters not found for period 5; using estimate
2026-08-24 03:54:45,787 INFO ncaa_identity: contest_id=3982122 teams 3596/3596 matched, players 9448/9912 matched
2026-08-24 03:54:50,899 INFO ncaa_identity: contest_id=3982198 teams 2612/2612 matched, players 7023/7177 matched
2026-08-24 03:54:57,934 INFO ncaa_identity: contest_id=3982404 teams 2207/2207 matched, players 5937/6020 matched
2026-08-24 03:55:06,357 INFO ncaa_identity: contest_id=3982588 teams 2411/2411 matched, players 6258/6585 matched
2026-08-24 03:55:11,400 INFO ncaa_identity: contest_id=3982683 teams 2570/2570 matched, players 6452/7052 matched
2026-08-24 03:55:16,878 INFO ncaa_identity: contest_id=3982865 teams 2404/2404 matched, players 6513/6515 matched
2026-08-24 03:55:21,619 INFO ncaa_identity: contest_id=3982946 teams 2487/2487 matched, players 6409/6763 matched
2026-08-24 03:55:36,311 INFO ncaa_identity: contest_id=3983092 teams 2657/2657 matched, players 7274/7304 matched
2026-08-24 03:55:49,900 INFO ncaa_identity: contest_id=3983365 teams 2164/2164 matched, players 5731/5890 matched
2026-08-24 03:55:51,551 INFO ncaa_identity: contest_id=3983400 teams 2571/2571 matched, players 6653/7018 matched
2026-08-24 03:55:55,589 INFO ncaa_identity: contest_id=3983474 teams 3199/3199 matched, players 8223/8767 matched
2026-08-24 03:56:03,531 INFO ncaa_identity: contest_id=3983529 teams 1598/2953 matched, players 4181/8109 matched
2026-08-24 03:56:07,555 INFO 5 starters not found for period 1; using estimate
2026-08-24 03:56:12,871 INFO ncaa_identity: contest_id=3983643 teams 1434/2891 matched, players 3916/7972 matched
2026-08-24 03:56:14,678 INFO ncaa_identity: contest_id=3983655 teams 1287/2567 matched, players 3490/7044 matched
2026-08-24 03:56:16,316 INFO ncaa_identity: contest_id=3983674 teams 2502/2502 matched, players 6617/6880 matched
2026-08-24 03:56:31,193 INFO ncaa_identity: contest_id=3983823 teams 1152/2312 matched, players 3146/6367 matched
2026-08-24 03:56:34,736 INFO ncaa_identity: contest_id=3983872 teams 2801/2801 matched, players 7203/7707 matched
2026-08-24 03:56:53,936 INFO ncaa_identity: contest_id=3984095 teams 2698/2698 matched, players 7372/7373 matched
2026-08-24 03:56:58,969 INFO ncaa_identity: contest_id=3984135 teams 2941/2941 matched, players 7435/8143 matched
2026-08-24 03:57:04,617 INFO ncaa_identity: contest_id=3984215 teams 1310/2563 matched, players 3275/7022 matched
2026-08-24 03:57:13,929 INFO ncaa_identity: contest_id=3984314 teams 2446/2446 matched, players 6437/6687 matched
2026-08-24 03:57:15,783 INFO ncaa_identity: contest_id=3984324 teams 2188/2188 matched, players 5877/5928 matched
2026-08-24 03:57:31,240 INFO ncaa_identity: contest_id=3984483 teams 2231/2231 matched, players 6001/6134 matched
2026-08-24 03:57:35,896 INFO ncaa_identity: contest_id=3984525 teams 2632/2632 matched, players 6993/7245 matched
2026-08-24 03:57:39,137 INFO ncaa_identity: contest_id=3984563 teams 2931/2931 matched, players 7575/8055 matched
2026-08-24 03:57:44,409 INFO ncaa_identity: contest_id=3984600 teams 2495/2495 matched, players 6550/6838 matched
2026-08-24 03:57:47,893 INFO ncaa_identity: contest_id=3984620 teams 2482/2482 matched, players 6357/6806 matched
2026-08-24 03:57:52,380 INFO ncaa_identity: contest_id=3984650 teams 2579/2579 matched, players 6731/7075 matched
2026-08-24 03:57:57,042 INFO ncaa_identity: contest_id=3984681 teams 1333/2610 matched, players 3546/7153 matched
2026-08-24 03:58:00,102 INFO ncaa_identity: contest_id=3984704 teams 2448/2448 matched, players 6652/6688 matched
2026-08-24 03:58:03,101 WARNING ncaa_parse: family=shots contest_id=3984724 team=Texas Southern SKIPPED (1 parse error(s)): No shot events found [<!DOCTYPE html> <html lang="en"> <head> <meta content="text/html; charset=utf-8" http-equiv="CONTENT-TYPE"/> <meta charset="utf-8"/> <meta...
2026-08-24 03:58:04,743 INFO ncaa_identity: contest_id=3984852 teams 1465/2940 matched, players 3947/8134 matched
2026-08-24 03:58:29,469 INFO ncaa_identity: contest_id=3996562 teams 2703/2703 matched, players 6906/7393 matched
2026-08-24 03:58:35,159 INFO 5 starters not found for period 6; using estimate
2026-08-24 03:58:45,852 INFO ncaa_identity: contest_id=4472403 teams 1605/3101 matched, players 3997/8581 matched
2026-08-24 03:58:52,617 INFO ncaa_identity: contest_id=5246874 teams 2339/2339 matched, players 6004/6381 matched
2026-08-24 03:58:54,180 INFO ncaa_identity: contest_id=5246885 teams 1472/2738 matched, players 3871/7543 matched
2026-08-24 03:59:00,144 INFO ncaa_identity: contest_id=5249236 teams 2738/2738 matched, players 6997/7532 matched
2026-08-24 03:59:02,104 INFO ncaa_identity: contest_id=5249393 teams 2509/2509 matched, players 6351/6890 matched
2026-08-24 03:59:03,837 INFO ncaa_identity: contest_id=5249404 teams 2311/2311 matched, players 5790/6267 matched
2026-08-24 03:59:10,907 INFO ncaa_identity: contest_id=5249785 teams 2761/2761 matched, players 7026/7631 matched
2026-08-24 03:59:12,730 INFO ncaa_identity: contest_id=5249795 teams 2706/2706 matched, players 6913/7421 matched
2026-08-24 03:59:27,833 INFO ncaa_identity: contest_id=5250479 teams 2928/2928 matched, players 7463/7970 matched
2026-08-24 03:59:29,840 INFO ncaa_identity: contest_id=5250495 teams 2495/2495 matched, players 6514/6759 matched
2026-08-24 03:59:31,458 INFO ncaa_identity: contest_id=5250659 teams 2305/2305 matched, players 5936/6307 matched
2026-08-24 03:59:36,806 INFO ncaa_identity: contest_id=5250882 teams 2537/2537 matched, players 6729/6957 matched
[p1_s_e_e] [WARNING] [TeamId(name='Creighton')]v[TeamId(name='UNLV')] Flip court for periods: [[2, 3, 4]] because [total_shots={1: 35, 2: 33, 3: 30, 4: 29} long_shots={1: 18, 2: 33, 3: 30, 4: 29}]
2026-08-24 03:59:56,425 INFO ncaa_identity: contest_id=5254248 teams 2354/2354 matched, players 5833/6434 matched
2026-08-24 04:00:08,072 INFO ncaa_identity: contest_id=5722021 teams 2847/2847 matched, players 7725/7770 matched
2026-08-24 04:00:15,596 INFO ncaa_identity: contest_id=5722062 teams 3038/3038 matched, players 7620/8378 matched
2026-08-24 04:00:17,471 INFO ncaa_identity: contest_id=5722072 teams 2622/2622 matched, players 6676/7206 matched
2026-08-24 04:00:19,159 INFO ncaa_identity: contest_id=5722094 teams 2552/2552 matched, players 6414/6991 matched
2026-08-24 04:00:23,002 INFO ncaa_identity: contest_id=5722339 teams 1352/2695 matched, players 3717/7350 matched
2026-08-24 04:00:48,260 INFO ncaa_identity: contest_id=5722901 teams 1515/2983 matched, players 4226/8234 matched
2026-08-24 04:01:06,869 INFO ncaa_identity: contest_id=5723084 teams 2557/2557 matched, players 6666/6995 matched
2026-08-24 04:01:11,160 INFO ncaa_identity: contest_id=5723135 teams 1633/3174 matched, players 4370/8681 matched
2026-08-24 04:01:15,647 INFO ncaa_identity: contest_id=5723170 teams 1203/2382 matched, players 3256/6503 matched
2026-08-24 04:01:20,546 INFO ncaa_identity: contest_id=5723207 teams 2817/2817 matched, players 7674/7692 matched
2026-08-24 04:01:30,369 INFO ncaa_identity: contest_id=5723302 teams 2740/2740 matched, players 7443/7515 matched
2026-08-24 04:01:35,064 INFO ncaa_identity: contest_id=5723339 teams 2597/2597 matched, players 6808/7156 matched
2026-08-24 04:01:37,424 INFO ncaa_identity: contest_id=5723355 teams 2262/2262 matched, players 5584/6130 matched
2026-08-24 04:02:04,566 INFO ncaa_identity: contest_id=5723566 teams 1394/2787 matched, players 3817/7613 matched
2026-08-24 04:02:07,417 INFO ncaa_identity: contest_id=5723608 teams 1182/2351 matched, players 3167/6403 matched
2026-08-24 04:02:09,111 INFO ncaa_identity: contest_id=5723626 teams 1267/2342 matched, players 3199/6382 matched
2026-08-24 04:02:16,366 INFO ncaa_identity: contest_id=5723687 teams 1392/2729 matched, players 3840/7502 matched
2026-08-24 04:02:29,483 INFO ncaa_identity: contest_id=5723772 teams 2400/2400 matched, players 6524/6570 matched
2026-08-24 04:02:33,696 INFO ncaa_identity: contest_id=5723793 teams 2365/2365 matched, players 6430/6446 matched
2026-08-24 04:02:39,979 INFO ncaa_identity: contest_id=5723863 teams 1204/2405 matched, players 3287/6586 matched
2026-08-24 04:02:46,610 INFO ncaa_identity: contest_id=5723937 teams 2517/2517 matched, players 6456/6908 matched
2026-08-24 04:02:51,459 INFO ncaa_identity: contest_id=5723961 teams 2593/2593 matched, players 6675/7116 matched
2026-08-24 04:03:03,319 INFO ncaa_identity: contest_id=5725842 teams 1578/3058 matched, players 3779/8387 matched
2026-08-24 04:03:12,097 INFO ncaa_identity: contest_id=5725971 teams 2823/2823 matched, players 6954/7746 matched
2026-08-24 04:03:13,823 INFO ncaa_identity: contest_id=5725981 teams 1274/2599 matched, players 3294/7122 matched
2026-08-24 04:03:25,584 INFO ncaa_identity: contest_id=5728273 teams 1480/2789 matched, players 3591/7666 matched
2026-08-24 04:03:29,509 INFO ncaa_identity: contest_id=5728404 teams 2241/2241 matched, players 5919/6134 matched
2026-08-24 04:03:31,601 INFO ncaa_identity: contest_id=5728421 teams 1461/2721 matched, players 3472/7446 matched
2026-08-24 04:03:54,399 INFO ncaa_identity: contest_id=5728759 teams 2802/2802 matched, players 7474/7740 matched
2026-08-24 04:03:55,963 INFO ncaa_identity: contest_id=5728769 teams 2276/2276 matched, players 5893/6213 matched
2026-08-24 04:04:00,351 INFO ncaa_identity: contest_id=5728872 teams 2616/2616 matched, players 7176/7193 matched
2026-08-24 04:04:02,068 INFO ncaa_identity: contest_id=5728887 teams 3336/3336 matched, players 8575/9250 matched
2026-08-24 04:04:03,921 INFO ncaa_identity: contest_id=5728905 teams 2945/2945 matched, players 7495/8184 matched
2026-08-24 04:04:07,462 INFO ncaa_identity: contest_id=5728927 teams 2866/2866 matched, players 7852/7869 matched
2026-08-24 04:04:09,715 INFO ncaa_identity: contest_id=5728938 teams 2802/2802 matched, players 7681/7693 matched
2026-08-24 04:04:12,843 INFO ncaa_identity: contest_id=5728960 teams 2230/2230 matched, players 6083/6097 matched
2026-08-24 04:04:14,265 INFO ncaa_identity: contest_id=5728971 teams 2314/2314 matched, players 6324/6330 matched
2026-08-24 04:04:16,513 INFO ncaa_identity: contest_id=5728982 teams 2749/2749 matched, players 7543/7578 matched
2026-08-24 04:04:38,924 INFO ncaa_identity: contest_id=5729166 teams 2474/2474 matched, players 6699/6785 matched
2026-08-24 04:04:42,328 INFO ncaa_identity: contest_id=5729187 teams 2793/2793 matched, players 7520/7668 matched
2026-08-24 04:04:51,199 INFO ncaa_identity: contest_id=5729339 teams 2897/2897 matched, players 7394/7996 matched
2026-08-24 04:04:55,121 INFO ncaa_identity: contest_id=5729504 teams 2803/2803 matched, players 7578/7738 matched
2026-08-24 04:05:02,268 INFO ncaa_identity: contest_id=5729665 teams 2437/2437 matched, players 6608/6650 matched
2026-08-24 04:05:04,110 INFO ncaa_identity: contest_id=5729681 teams 1537/2941 matched, players 4083/8113 matched
2026-08-24 04:05:05,590 INFO ncaa_identity: contest_id=5729718 teams 1332/2672 matched, players 3702/7330 matched
2026-08-24 04:05:07,235 INFO ncaa_identity: contest_id=5729745 teams 1335/2578 matched, players 3608/7097 matched
2026-08-24 04:05:08,725 INFO ncaa_identity: contest_id=5729772 teams 1508/3021 matched, players 4138/8314 matched
2026-08-24 04:05:14,506 INFO ncaa_identity: contest_id=5729822 teams 1394/2802 matched, players 3782/7654 matched
2026-08-24 04:05:18,217 INFO ncaa_identity: contest_id=5729873 teams 2900/2900 matched, players 7667/7934 matched
2026-08-24 04:05:35,731 INFO ncaa_identity: contest_id=5730209 teams 1384/2625 matched, players 3639/7178 matched
2026-08-24 04:05:37,116 INFO ncaa_identity: contest_id=5730220 teams 18/2317 matched, players 0/6319 matched
2026-08-24 04:05:42,742 INFO ncaa_identity: contest_id=5730289 teams 1566/3026 matched, players 4222/8336 matched
2026-08-24 04:05:45,904 INFO ncaa_identity: contest_id=5730312 teams 2733/2733 matched, players 7079/7433 matched
2026-08-24 04:05:56,777 INFO ncaa_identity: contest_id=5730461 teams 2871/2871 matched, players 7216/7846 matched
2026-08-24 04:05:58,613 INFO ncaa_identity: contest_id=5730496 teams 1409/2803 matched, players 3889/7731 matched
2026-08-24 04:06:08,949 INFO ncaa_identity: contest_id=5730696 teams 1605/3167 matched, players 4423/8743 matched
2026-08-24 04:06:12,140 INFO ncaa_identity: contest_id=5730730 teams 2755/2755 matched, players 7024/7502 matched
2026-08-24 04:06:13,981 INFO ncaa_identity: contest_id=5730746 teams 1487/2951 matched, players 3992/8120 matched
2026-08-24 04:06:30,900 INFO ncaa_identity: contest_id=5731065 teams 1601/3138 matched, players 3830/8633 matched
2026-08-24 04:06:33,107 INFO ncaa_identity: contest_id=5731078 teams 3093/3093 matched, players 8363/8364 matched
2026-08-24 04:06:35,458 INFO ncaa_identity: contest_id=5731091 teams 1523/3051 matched, players 4235/8365 matched
2026-08-24 04:06:38,834 INFO ncaa_identity: contest_id=5731169 teams 1327/2605 matched, players 3560/7133 matched
2026-08-24 04:06:45,804 INFO ncaa_identity: contest_id=5731263 teams 3168/3168 matched, players 8183/8713 matched
2026-08-24 04:06:47,635 INFO ncaa_identity: contest_id=5731290 teams 2659/2659 matched, players 7089/7264 matched
2026-08-24 04:06:49,291 INFO ncaa_identity: contest_id=5731310 teams 2345/2345 matched, players 5959/6434 matched
2026-08-24 04:06:56,599 INFO ncaa_identity: contest_id=5731514 teams 1582/3034 matched, players 4173/8270 matched
2026-08-24 04:07:07,157 INFO ncaa_identity: contest_id=5731603 teams 2343/2343 matched, players 6385/6386 matched
2026-08-24 04:07:12,348 INFO ncaa_identity: contest_id=5731682 teams 2638/2638 matched, players 6805/7271 matched
2026-08-24 04:07:14,319 INFO ncaa_identity: contest_id=5731695 teams 2499/2499 matched, players 6270/6868 matched
2026-08-24 04:07:26,906 INFO ncaa_identity: contest_id=5731798 teams 2833/2833 matched, players 7774/7777 matched
2026-08-24 04:07:35,714 INFO ncaa_identity: contest_id=5731912 teams 2585/2585 matched, players 6650/7049 matched
2026-08-24 04:07:42,217 INFO ncaa_identity: contest_id=5731996 teams 3155/3155 matched, players 7985/8726 matched
2026-08-24 04:07:49,423 INFO ncaa_identity: contest_id=5732082 teams 1305/2556 matched, players 3502/7001 matched
2026-08-24 04:08:04,838 INFO ncaa_identity: contest_id=5732300 teams 2956/2956 matched, players 7889/8120 matched
2026-08-24 04:08:06,491 INFO ncaa_identity: contest_id=5732312 teams 2574/2574 matched, players 7030/7073 matched
2026-08-24 04:08:16,660 INFO ncaa_identity: contest_id=5732842 teams 1115/2259 matched, players 3075/6165 matched
2026-08-24 04:08:18,612 INFO ncaa_identity: contest_id=5732879 teams 0/2549 matched, players 0/6991 matched
2026-08-24 04:08:21,907 INFO ncaa_identity: contest_id=5733139 teams 2642/2642 matched, players 7248/7253 matched
2026-08-24 04:08:33,157 INFO ncaa_identity: contest_id=5733332 teams 2830/2830 matched, players 7757/7788 matched
2026-08-24 04:08:46,281 INFO ncaa_identity: contest_id=5733430 teams 2244/2244 matched, players 5909/6150 matched
2026-08-24 04:08:48,277 INFO ncaa_identity: contest_id=5733442 teams 2420/2420 matched, players 6358/6628 matched
2026-08-24 04:08:50,298 INFO ncaa_identity: contest_id=5733453 teams 2522/2522 matched, players 6474/6896 matched
2026-08-24 04:08:51,901 INFO ncaa_identity: contest_id=5733469 teams 2722/2722 matched, players 7084/7509 matched
2026-08-24 04:08:53,828 INFO ncaa_identity: contest_id=5733479 teams 2623/2623 matched, players 6832/7205 matched
2026-08-24 04:09:05,506 INFO ncaa_identity: contest_id=5733567 teams 3152/3152 matched, players 7959/8722 matched
2026-08-24 04:09:12,099 INFO ncaa_identity: contest_id=5733644 teams 1463/2860 matched, players 3715/7881 matched
2026-08-24 04:09:25,991 INFO ncaa_identity: contest_id=5733748 teams 2848/2848 matched, players 7192/7894 matched
2026-08-24 04:09:35,600 INFO ncaa_identity: contest_id=5733813 teams 2113/2113 matched, players 5726/5750 matched
2026-08-24 04:09:39,286 INFO ncaa_identity: contest_id=5733857 teams 1403/2780 matched, players 3845/7598 matched
2026-08-24 04:10:01,670 INFO ncaa_identity: contest_id=5734172 teams 1529/2921 matched, players 3698/8012 matched
2026-08-24 04:10:03,649 INFO ncaa_identity: contest_id=5734191 teams 1528/2978 matched, players 4064/8140 matched
2026-08-24 04:10:19,160 INFO ncaa_identity: contest_id=5734359 teams 2882/2882 matched, players 7885/7925 matched
2026-08-24 04:10:32,277 INFO ncaa_identity: contest_id=5734546 teams 2512/2512 matched, players 6885/6888 matched
2026-08-24 04:10:33,652 INFO ncaa_identity: contest_id=5734557 teams 2789/2789 matched, players 7652/7666 matched
2026-08-24 04:10:35,573 INFO ncaa_identity: contest_id=5734574 teams 1406/2753 matched, players 3785/7535 matched
2026-08-24 04:10:46,317 INFO ncaa_identity: contest_id=5734737 teams 2857/2857 matched, players 7582/7842 matched
2026-08-24 04:10:48,015 INFO ncaa_identity: contest_id=5734752 teams 2791/2791 matched, players 7208/7702 matched
2026-08-24 04:10:51,511 INFO ncaa_identity: contest_id=5734794 teams 3015/3015 matched, players 7962/8306 matched
2026-08-24 04:11:07,723 INFO ncaa_identity: contest_id=5734978 teams 2303/2303 matched, players 5708/6279 matched
2026-08-24 04:11:18,469 INFO ncaa_identity: contest_id=5735058 teams 3733/3733 matched, players 9924/10236 matched
2026-08-24 04:11:20,502 INFO ncaa_identity: contest_id=5735070 teams 2836/2836 matched, players 7804/7817 matched
2026-08-24 04:11:22,515 INFO ncaa_identity: contest_id=5735114 teams 2717/2717 matched, players 7393/7448 matched
2026-08-24 04:11:45,992 INFO ncaa_identity: contest_id=5735457 teams 2722/2722 matched, players 6952/7446 matched
2026-08-24 04:11:51,267 INFO ncaa_identity: contest_id=5735593 teams 1808/3903 matched, players 5466/10991 matched
2026-08-24 04:11:56,231 INFO ncaa_identity: contest_id=5735628 teams 2848/2848 matched, players 7499/7819 matched
2026-08-24 04:11:59,344 INFO ncaa_identity: contest_id=5735648 teams 1427/2829 matched, players 3814/7775 matched
2026-08-24 04:12:03,665 INFO ncaa_identity: contest_id=5735700 teams 1383/2733 matched, players 3875/7511 matched
2026-08-24 04:12:08,554 INFO ncaa_identity: contest_id=5735781 teams 2888/2888 matched, players 7596/7938 matched
2026-08-24 04:12:12,582 INFO ncaa_identity: contest_id=5735824 teams 1212/2412 matched, players 3286/6595 matched
2026-08-24 04:12:32,024 INFO ncaa_identity: contest_id=5736258 teams 2240/2240 matched, players 5978/6103 matched
2026-08-24 04:12:43,443 INFO ncaa_identity: contest_id=5736383 teams 2330/2330 matched, players 6208/6395 matched
2026-08-24 04:12:45,285 INFO ncaa_identity: contest_id=5736394 teams 2613/2613 matched, players 7024/7133 matched
2026-08-24 04:12:48,967 INFO ncaa_identity: contest_id=5736419 teams 2888/2888 matched, players 7782/7879 matched
2026-08-24 04:12:51,230 INFO ncaa_identity: contest_id=5736437 teams 2872/2872 matched, players 7797/7872 matched
2026-08-24 04:12:53,329 INFO ncaa_identity: contest_id=5736465 teams 2645/2645 matched, players 7174/7243 matched
2026-08-24 04:12:58,338 INFO ncaa_identity: contest_id=5736498 teams 2236/2236 matched, players 5803/6166 matched
2026-08-24 04:13:05,257 INFO ncaa_identity: contest_id=5736540 teams 2984/2984 matched, players 6972/8190 matched
2026-08-24 04:13:18,266 INFO ncaa_identity: contest_id=5736643 teams 2638/2638 matched, players 6719/7236 matched
2026-08-24 04:13:19,822 INFO ncaa_identity: contest_id=5736653 teams 1530/2949 matched, players 4151/8133 matched
2026-08-24 04:13:24,477 INFO ncaa_identity: contest_id=5736687 teams 2783/2783 matched, players 7276/7591 matched
2026-08-24 04:13:33,956 INFO ncaa_identity: contest_id=5736771 teams 1428/2774 matched, players 3836/7622 matched
2026-08-24 04:13:35,679 INFO ncaa_identity: contest_id=5736789 teams 1414/2763 matched, players 3783/7560 matched
2026-08-24 04:13:48,259 INFO ncaa_identity: contest_id=5736953 teams 1396/2757 matched, players 3778/7545 matched
2026-08-24 04:13:50,036 INFO ncaa_identity: contest_id=5736979 teams 2545/2545 matched, players 6943/6989 matched
2026-08-24 04:13:51,500 INFO ncaa_identity: contest_id=5737007 teams 1221/2360 matched, players 3276/6441 matched
2026-08-24 04:14:08,293 INFO ncaa_identity: contest_id=5737144 teams 2969/2969 matched, players 7425/8170 matched
2026-08-24 04:14:16,068 INFO ncaa_identity: contest_id=5737186 teams 1381/2784 matched, players 3859/7619 matched
2026-08-24 04:14:23,893 INFO ncaa_identity: contest_id=5737231 teams 1394/2781 matched, players 3810/7600 matched
2026-08-24 04:14:28,742 INFO ncaa_identity: contest_id=5737268 teams 2804/2804 matched, players 7445/7679 matched
2026-08-24 04:14:39,380 INFO ncaa_identity: contest_id=5737348 teams 2729/2729 matched, players 6985/7461 matched
2026-08-24 04:14:45,667 INFO ncaa_identity: contest_id=5737475 teams 2824/2824 matched, players 6835/7722 matched
2026-08-24 04:14:58,416 INFO ncaa_identity: contest_id=5737639 teams 1248/2449 matched, players 3390/6620 matched
2026-08-24 04:15:00,248 INFO ncaa_identity: contest_id=5737650 teams 1312/2629 matched, players 3639/7092 matched
2026-08-24 04:15:06,260 INFO ncaa_identity: contest_id=5737704 teams 2865/2865 matched, players 6901/7857 matched
2026-08-24 04:15:08,040 INFO ncaa_identity: contest_id=5737745 teams 3245/3245 matched, players 8342/9046 matched
2026-08-24 04:15:11,065 INFO ncaa_identity: contest_id=5737770 teams 1342/2666 matched, players 3635/7365 matched
2026-08-24 04:15:18,885 INFO ncaa_identity: contest_id=5737868 teams 2041/2041 matched, players 5247/5592 matched
2026-08-24 04:15:23,647 INFO ncaa_identity: contest_id=5737910 teams 2621/2621 matched, players 6796/7176 matched
2026-08-24 04:15:26,638 INFO ncaa_identity: contest_id=5737957 teams 2872/2872 matched, players 6920/7953 matched
2026-08-24 04:15:34,900 INFO ncaa_identity: contest_id=5738076 teams 3418/3418 matched, players 8674/9451 matched
2026-08-24 04:15:41,290 INFO ncaa_identity: contest_id=5738644 teams 1441/2846 matched, players 3961/7823 matched
2026-08-24 04:15:46,320 INFO ncaa_identity: contest_id=5740619 teams 1673/3325 matched, players 4202/9200 matched
2026-08-24 04:15:53,066 INFO ncaa_identity: contest_id=5756665 teams 1839/3688 matched, players 5164/10181 matched
2026-08-24 04:15:56,084 INFO ncaa_identity: contest_id=5756686 teams 1368/2664 matched, players 3510/7314 matched
2026-08-24 04:15:57,799 INFO ncaa_identity: contest_id=5756697 teams 2530/2530 matched, players 5709/6937 matched
2026-08-24 04:16:01,979 INFO ncaa_identity: contest_id=5756735 teams 2528/2528 matched, players 6751/6903 matched
2026-08-24 04:16:03,589 INFO ncaa_identity: contest_id=5756745 teams 2463/2463 matched, players 6397/6724 matched
2026-08-24 04:16:08,245 INFO ncaa_identity: contest_id=5763033 teams 1616/3179 matched, players 4402/8729 matched
2026-08-24 04:16:09,692 INFO ncaa_identity: contest_id=5763043 teams 3007/3007 matched, players 7488/8311 matched
2026-08-24 04:16:17,005 INFO ncaa_identity: contest_id=5809682 teams 2526/2526 matched, players 6871/6907 matched
2026-08-24 04:16:18,427 INFO ncaa_identity: contest_id=5809694 teams 2359/2359 matched, players 5951/6483 matched
2026-08-24 04:16:19,963 INFO ncaa_identity: contest_id=5809940 teams 1388/2816 matched, players 3820/7724 matched
2026-08-24 04:16:25,176 INFO ncaa_identity: contest_id=5833935 teams 2679/2679 matched, players 7118/7367 matched
2026-08-24 04:16:43,375 INFO ncaa_identity: contest_id=6358257 teams 2590/2590 matched, players 6674/7070 matched
2026-08-24 04:17:00,182 INFO ncaa_identity: contest_id=6359248 teams 1054/2147 matched, players 2428/5780 matched
2026-08-24 04:17:05,755 INFO ncaa_identity: contest_id=6362057 teams 2716/2716 matched, players 7262/7482 matched
[p1_s_e_e] [WARNING] [TeamId(name='Vanderbilt')]v[TeamId(name='Oregon')] Flip court for periods: [[3, 4, 5]] because [total_shots={1: 27, 2: 22, 3: 33, 4: 31, 5: 12} long_shots={3: 33, 4: 31, 5: 12}]
2026-08-24 04:17:39,752 INFO 5 starters not found for period 6; using estimate
2026-08-24 04:17:43,008 INFO ncaa_identity: contest_id=6391794 teams 2951/2951 matched, players 7837/8169 matched
2026-08-24 04:17:51,130 INFO ncaa_identity: contest_id=6392246 teams 1626/3198 matched, players 4388/8797 matched
2026-08-24 04:17:52,463 INFO ncaa_identity: contest_id=6393074 teams 1318/2590 matched, players 3590/7051 matched
2026-08-24 04:18:04,605 INFO 5 starters not found for period 5; using estimate
2026-08-24 04:18:07,862 INFO 5 starters not found for period 5; using estimate
2026-08-24 04:18:18,633 INFO ncaa_identity: contest_id=6424459 teams 1073/2159 matched, players 2952/5886 matched
2026-08-24 04:18:20,239 INFO ncaa_identity: contest_id=6424473 teams 1091/2164 matched, players 2985/5900 matched
2026-08-24 04:18:34,598 INFO ncaa_identity: contest_id=6428167 teams 3081/3081 matched, players 8120/8457 matched
2026-08-24 04:18:39,397 INFO ncaa_identity: contest_id=6428299 teams 1368/2760 matched, players 3780/7582 matched
2026-08-24 04:18:42,816 INFO ncaa_identity: contest_id=6428406 teams 2915/2915 matched, players 7776/7987 matched
2026-08-24 04:18:45,809 INFO ncaa_identity: contest_id=6428427 teams 2619/2619 matched, players 7171/7175 matched
2026-08-24 04:18:53,402 INFO ncaa_identity: contest_id=6428745 teams 1707/3164 matched, players 4452/8753 matched
2026-08-24 04:18:55,026 INFO ncaa_identity: contest_id=6428764 teams 1589/2968 matched, players 4045/8156 matched
2026-08-24 04:18:56,817 INFO ncaa_identity: contest_id=6428776 teams 1398/2759 matched, players 3808/7599 matched
2026-08-24 04:19:21,547 INFO ncaa_identity: contest_id=6438459 teams 1571/3071 matched, players 4298/8462 matched
2026-08-24 04:19:25,111 INFO ncaa_identity: contest_id=6439010 teams 2744/2744 matched, players 7482/7494 matched
2026-08-24 04:19:50,214 INFO ncaa_identity: contest_id=6439933 teams 1509/3000 matched, players 4090/8235 matched
2026-08-24 04:19:54,155 INFO ncaa_identity: contest_id=6454895 teams 1363/2675 matched, players 3695/7352 matched
2026-08-24 04:20:47,857 INFO ncaa_identity: contest_id=6456816 teams 3170/3170 matched, players 8625/8626 matched
2026-08-24 04:21:06,482 INFO ncaa_identity: contest_id=6457262 teams 1495/2959 matched, players 4001/8058 matched
2026-08-24 04:21:08,329 INFO ncaa_identity: contest_id=6457272 teams 2492/2492 matched, players 6230/6817 matched
2026-08-24 04:21:22,310 INFO ncaa_identity: contest_id=6457935 teams 2649/2649 matched, players 7164/7262 matched
2026-08-24 04:21:37,786 INFO ncaa_identity: contest_id=6458394 teams 1395/2821 matched, players 3911/7745 matched
2026-08-24 04:21:39,498 INFO ncaa_identity: contest_id=6458490 teams 1186/2337 matched, players 3238/6364 matched
2026-08-24 04:21:55,699 INFO 5 starters not found for period 4; using estimate
2026-08-24 04:22:24,340 INFO ncaa_identity: contest_id=6459841 teams 1656/3226 matched, players 4482/8839 matched
2026-08-24 04:22:28,842 INFO ncaa_identity: contest_id=6459919 teams 2445/2445 matched, players 6304/6614 matched
2026-08-24 04:22:43,570 INFO ncaa_identity: contest_id=6460362 teams 1476/2860 matched, players 4011/7851 matched
2026-08-24 04:22:48,723 INFO ncaa_identity: contest_id=6460608 teams 1464/2771 matched, players 3900/7608 matched
2026-08-24 04:23:13,806 INFO ncaa_identity: contest_id=6461643 teams 1396/2748 matched, players 3806/7526 matched
2026-08-24 04:23:28,408 INFO ncaa_identity: contest_id=6461965 teams 1150/2202 matched, players 3012/6005 matched
2026-08-24 04:23:32,976 INFO ncaa_identity: contest_id=6462123 teams 1380/2733 matched, players 3792/7528 matched
2026-08-24 04:24:19,708 INFO ncaa_identity: contest_id=6463718 teams 1649/3325 matched, players 4047/9187 matched
2026-08-24 04:24:21,398 INFO ncaa_identity: contest_id=6463730 teams 2619/2619 matched, players 6649/7222 matched
2026-08-24 04:24:23,097 INFO ncaa_identity: contest_id=6463748 teams 2771/2771 matched, players 7044/7618 matched
2026-08-24 04:24:30,703 INFO ncaa_identity: contest_id=6463944 teams 1774/3495 matched, players 4869/9614 matched
2026-08-24 04:24:32,844 INFO ncaa_identity: contest_id=6463962 teams 1566/3113 matched, players 4254/8512 matched
2026-08-24 04:24:42,962 INFO ncaa_identity: contest_id=6464374 teams 2903/2903 matched, players 7920/7975 matched
2026-08-24 04:24:54,288 INFO ncaa_identity: contest_id=6464625 teams 2678/2678 matched, players 7152/7327 matched
2026-08-24 04:25:29,489 INFO ncaa_identity: contest_id=6466175 teams 1634/3168 matched, players 4992/8706 matched
2026-08-24 04:25:39,216 INFO ncaa_identity: contest_id=6466464 teams 1288/2508 matched, players 3482/6874 matched
2026-08-24 04:25:48,650 INFO ncaa_identity: contest_id=6467455 teams 1214/2496 matched, players 3360/6812 matched
2026-08-24 04:25:54,561 INFO ncaa_identity: contest_id=6467599 teams 2248/2248 matched, players 5887/6136 matched
2026-08-24 04:25:56,342 INFO ncaa_identity: contest_id=6467622 teams 2690/2690 matched, players 7054/7402 matched
2026-08-24 04:25:57,992 INFO ncaa_identity: contest_id=6467664 teams 1201/2363 matched, players 3300/6432 matched
2026-08-24 04:26:03,295 INFO ncaa_identity: contest_id=6467782 teams 1295/2719 matched, players 3739/7452 matched
2026-08-24 04:26:11,858 INFO ncaa_identity: contest_id=6467905 teams 1700/3419 matched, players 4662/9431 matched
2026-08-24 04:26:20,926 INFO ncaa_identity: contest_id=6468111 teams 1450/2810 matched, players 3908/7684 matched
2026-08-24 04:26:27,709 INFO ncaa_identity: contest_id=6468366 teams 1368/2703 matched, players 3709/7389 matched
2026-08-24 04:26:59,181 INFO ncaa_identity: contest_id=6469289 teams 2580/2580 matched, players 6678/7040 matched
2026-08-24 04:27:38,491 INFO ncaa_identity: contest_id=6470952 teams 2881/2881 matched, players 7679/7976 matched
2026-08-24 04:27:58,913 INFO ncaa_identity: contest_id=6472699 teams 1337/2669 matched, players 3620/7264 matched
2026-08-24 04:28:17,197 INFO 5 starters not found for period 5; using estimate
2026-08-24 04:28:19,423 INFO ncaa_identity: contest_id=6473601 teams 2612/2612 matched, players 6747/7154 matched
[p1_s_e_e] [WARNING] [TeamId(name='Tulane')]v[TeamId(name='Campbell')] Flip court for periods: [[2, 3, 4]] because [total_shots={1: 32, 2: 35, 3: 33, 4: 33} long_shots={2: 33, 3: 33, 4: 33}]
2026-08-24 04:29:12,212 INFO ncaa_identity: contest_id=6476271 teams 1929/3658 matched, players 5119/10110 matched
2026-08-24 04:29:19,107 INFO ncaa_identity: contest_id=6476508 teams 1405/2721 matched, players 3793/7457 matched
2026-08-24 04:29:24,188 INFO ncaa_identity: contest_id=6476678 teams 1486/2818 matched, players 3877/7745 matched
2026-08-24 04:29:44,585 INFO ncaa_identity: contest_id=6477413 teams 1546/2975 matched, players 4149/8163 matched
2026-08-24 04:30:20,657 INFO ncaa_identity: contest_id=6478567 teams 1140/2235 matched, players 3116/6114 matched
2026-08-24 04:30:26,346 INFO ncaa_identity: contest_id=6478728 teams 1813/3603 matched, players 4993/9913 matched
2026-08-24 04:30:28,650 INFO ncaa_identity: contest_id=6478738 teams 1571/3129 matched, players 4380/8617 matched
2026-08-24 04:30:30,615 INFO ncaa_identity: contest_id=6478748 teams 2485/2485 matched, players 6393/6769 matched
2026-08-24 04:31:03,564 INFO ncaa_identity: contest_id=6478984 teams 1483/2882 matched, players 4072/7900 matched
2026-08-24 04:31:25,829 INFO ncaa_identity: contest_id=6479341 teams 2816/2816 matched, players 7624/7775 matched
2026-08-24 04:31:49,828 INFO ncaa_identity: contest_id=6480038 teams 1338/2576 matched, players 3663/7140 matched
2026-08-24 04:31:51,535 INFO ncaa_identity: contest_id=6480178 teams 1510/3067 matched, players 4191/8380 matched
2026-08-24 04:32:10,484 INFO ncaa_identity: contest_id=6481459 teams 1829/3465 matched, players 5113/9629 matched
2026-08-24 04:32:12,360 INFO 5 starters not found for period 5; using estimate
2026-08-24 04:32:15,699 INFO ncaa_identity: contest_id=6481567 teams 2723/2723 matched, players 7450/7457 matched
2026-08-24 04:32:30,978 INFO 5 starters not found for period 5; using estimate
2026-08-24 04:32:42,335 INFO ncaa_identity: contest_id=6483064 teams 1273/2537 matched, players 3390/6893 matched
2026-08-24 04:32:50,967 INFO ncaa_identity: contest_id=6483326 teams 1603/3085 matched, players 4326/8480 matched
2026-08-24 04:32:56,578 INFO ncaa_identity: contest_id=6483395 teams 1414/2757 matched, players 3891/7590 matched
2026-08-24 04:33:04,341 INFO ncaa_identity: contest_id=6483759 teams 1546/3045 matched, players 4243/8363 matched
2026-08-24 04:33:06,407 INFO ncaa_identity: contest_id=6483839 teams 1502/3105 matched, players 4217/8592 matched
2026-08-24 04:33:08,399 INFO ncaa_identity: contest_id=6483930 teams 1302/2508 matched, players 3470/6881 matched
2026-08-24 04:33:10,310 INFO ncaa_identity: contest_id=6484161 teams 2114/2114 matched, players 5765/5802 matched
2026-08-24 04:33:18,301 INFO ncaa_identity: contest_id=6484725 teams 1204/2449 matched, players 3280/6708 matched
2026-08-24 04:33:30,476 INFO ncaa_identity: contest_id=6485653 teams 2900/2900 matched, players 7769/7979 matched
2026-08-24 04:33:40,021 INFO ncaa_identity: contest_id=6486611 teams 2567/2567 matched, players 7032/7033 matched
2026-08-24 04:33:41,809 INFO ncaa_identity: contest_id=6486733 teams 1460/2877 matched, players 3987/7907 matched
2026-08-24 04:33:44,146 INFO ncaa_identity: contest_id=6486859 teams 1316/2636 matched, players 3634/7270 matched
2026-08-24 04:33:48,149 INFO ncaa_identity: contest_id=6487711 teams 1320/2508 matched, players 3509/6875 matched
2026-08-24 04:33:56,524 INFO ncaa_identity: contest_id=6490520 teams 1589/3075 matched, players 4329/8464 matched
2026-08-24 04:33:58,560 INFO ncaa_identity: contest_id=6501267 teams 1493/2903 matched, players 4089/7958 matched
2026-08-24 04:34:02,650 INFO ncaa_identity: contest_id=6548202 teams 1291/2628 matched, players 3607/7239 matched
parsed=9388 failed=0
