[2026-08-14 18:07:00] campaign: seasons 2026..2010 (desc), vendor=decodo_patchright, chunk=400, workers=31
[2026-08-14 18:07:00] log -> logs/backfill_range_20260814_180700.log   (watch: tail -f logs/backfill_range_20260814_180700.log)
[2026-08-14 18:07:00] === season 2026 ===
[18:07:00] NCAA WBB backfill: season=2026 workers=31
[18:07:00] watch this run:  tail -f /c/Users/saiem/Documents/GitHub-Data/sdv-dev/wehoop-dev/ncaa-wbb-hoops-raw/logs/backfill_2026_20260814_180700.log
[18:07:00] === skip discover (season 2026 already in schedule_master; delete wbb/schedule_master.parquet to force) ===
[18:07:00] === capture 2026: 31 worker(s), chunk=400 new bundles per worker ===
transport: NCAA_VENDOR=decodo_patchright (canary_vendors.toml; ProxyBonanza not used)
transport: NCAA_VENDOR=decodo_patchright (canary_vendors.toml; ProxyBonanza not used)
transport: NCAA_VENDOR=decodo_patchright (canary_vendors.toml; ProxyBonanza not used)
transport: NCAA_VENDOR=decodo_patchright (canary_vendors.toml; ProxyBonanza not used)
transport: NCAA_VENDOR=decodo_patchright (canary_vendors.toml; ProxyBonanza not used)
transport: NCAA_VENDOR=decodo_patchright (canary_vendors.toml; ProxyBonanza not used)
log -> logs/capture_20260814_180700.log  (watch: tail -f logs/capture_20260814_180700.log)
transport: NCAA_VENDOR=decodo_patchright (canary_vendors.toml; ProxyBonanza not used)
transport: NCAA_VENDOR=decodo_patchright (canary_vendors.toml; ProxyBonanza not used)
log -> logs/capture_20260814_180701.log  (watch: tail -f logs/capture_20260814_180701.log)
log -> logs/capture_20260814_180701.log  (watch: tail -f logs/capture_20260814_180701.log)
log -> logs/capture_20260814_180701.log  (watch: tail -f logs/capture_20260814_180701.log)
transport: NCAA_VENDOR=decodo_patchright (canary_vendors.toml; ProxyBonanza not used)
transport: NCAA_VENDOR=decodo_patchright (canary_vendors.toml; ProxyBonanza not used)
log -> logs/capture_20260814_180701.log  (watch: tail -f logs/capture_20260814_180701.log)
transport: NCAA_VENDOR=decodo_patchright (canary_vendors.toml; ProxyBonanza not used)
log -> logs/capture_20260814_180701.log  (watch: tail -f logs/capture_20260814_180701.log)
transport: NCAA_VENDOR=decodo_patchright (canary_vendors.toml; ProxyBonanza not used)
log -> logs/capture_20260814_180701.log  (watch: tail -f logs/capture_20260814_180701.log)
log -> logs/capture_20260814_180701.log  (watch: tail -f logs/capture_20260814_180701.log)
transport: NCAA_VENDOR=decodo_patchright (canary_vendors.toml; ProxyBonanza not used)
transport: NCAA_VENDOR=decodo_patchright (canary_vendors.toml; ProxyBonanza not used)
transport: NCAA_VENDOR=decodo_patchright (canary_vendors.toml; ProxyBonanza not used)
log -> logs/capture_20260814_180701.log  (watch: tail -f logs/capture_20260814_180701.log)
transport: NCAA_VENDOR=decodo_patchright (canary_vendors.toml; ProxyBonanza not used)
transport: NCAA_VENDOR=decodo_patchright (canary_vendors.toml; ProxyBonanza not used)
log -> logs/capture_20260814_180701.log  (watch: tail -f logs/capture_20260814_180701.log)
log -> logs/capture_20260814_180701.log  (watch: tail -f logs/capture_20260814_180701.log)
log -> logs/capture_20260814_180701.log  (watch: tail -f logs/capture_20260814_180701.log)
transport: NCAA_VENDOR=decodo_patchright (canary_vendors.toml; ProxyBonanza not used)
transport: NCAA_VENDOR=decodo_patchright (canary_vendors.toml; ProxyBonanza not used)
log -> logs/capture_20260814_180701.log  (watch: tail -f logs/capture_20260814_180701.log)
transport: NCAA_VENDOR=decodo_patchright (canary_vendors.toml; ProxyBonanza not used)
log -> logs/capture_20260814_180701.log  (watch: tail -f logs/capture_20260814_180701.log)
log -> logs/capture_20260814_180701.log  (watch: tail -f logs/capture_20260814_180701.log)
log -> logs/capture_20260814_180701.log  (watch: tail -f logs/capture_20260814_180701.log)
transport: NCAA_VENDOR=decodo_patchright (canary_vendors.toml; ProxyBonanza not used)
log -> logs/capture_20260814_180701.log  (watch: tail -f logs/capture_20260814_180701.log)
transport: NCAA_VENDOR=decodo_patchright (canary_vendors.toml; ProxyBonanza not used)
transport: NCAA_VENDOR=decodo_patchright (canary_vendors.toml; ProxyBonanza not used)
log -> logs/capture_20260814_180701.log  (watch: tail -f logs/capture_20260814_180701.log)
log -> logs/capture_20260814_180701.log  (watch: tail -f logs/capture_20260814_180701.log)
transport: NCAA_VENDOR=decodo_patchright (canary_vendors.toml; ProxyBonanza not used)
transport: NCAA_VENDOR=decodo_patchright (canary_vendors.toml; ProxyBonanza not used)
transport: NCAA_VENDOR=decodo_patchright (canary_vendors.toml; ProxyBonanza not used)
transport: NCAA_VENDOR=decodo_patchright (canary_vendors.toml; ProxyBonanza not used)
transport: NCAA_VENDOR=decodo_patchright (canary_vendors.toml; ProxyBonanza not used)
log -> logs/capture_20260814_180701.log  (watch: tail -f logs/capture_20260814_180701.log)
log -> logs/capture_20260814_180701.log  (watch: tail -f logs/capture_20260814_180701.log)
log -> logs/capture_20260814_180701.log  (watch: tail -f logs/capture_20260814_180701.log)
log -> logs/capture_20260814_180701.log  (watch: tail -f logs/capture_20260814_180701.log)
transport: NCAA_VENDOR=decodo_patchright (canary_vendors.toml; ProxyBonanza not used)
transport: NCAA_VENDOR=decodo_patchright (canary_vendors.toml; ProxyBonanza not used)
log -> logs/capture_20260814_180701.log  (watch: tail -f logs/capture_20260814_180701.log)
log -> logs/capture_20260814_180701.log  (watch: tail -f logs/capture_20260814_180701.log)
transport: NCAA_VENDOR=decodo_patchright (canary_vendors.toml; ProxyBonanza not used)
log -> logs/capture_20260814_180701.log  (watch: tail -f logs/capture_20260814_180701.log)
log -> logs/capture_20260814_180701.log  (watch: tail -f logs/capture_20260814_180701.log)
log -> logs/capture_20260814_180701.log  (watch: tail -f logs/capture_20260814_180701.log)
log -> logs/capture_20260814_180701.log  (watch: tail -f logs/capture_20260814_180701.log)
log -> logs/capture_20260814_180701.log  (watch: tail -f logs/capture_20260814_180701.log)
log -> logs/capture_20260814_180701.log  (watch: tail -f logs/capture_20260814_180701.log)
pending=6019 shard=5/31 assigned=194
transport: canary vendor 'decodo_patchright'
2026-08-14 18:07:05,804 INFO vendor decodo_patchright: 64 prox(y/ies), sticky session re-minted -> session-cap1786745225w5
pending=6019 shard=4/31 assigned=195
transport: canary vendor 'decodo_patchright'
2026-08-14 18:07:06,452 INFO vendor decodo_patchright: 64 prox(y/ies), sticky session re-minted -> session-cap1786745226w4
pending=6019 shard=11/31 assigned=194
transport: canary vendor 'decodo_patchright'
2026-08-14 18:07:06,648 INFO vendor decodo_patchright: 64 prox(y/ies), sticky session re-minted -> session-cap1786745226w11
pending=6019 shard=6/31 assigned=194
transport: canary vendor 'decodo_patchright'
2026-08-14 18:07:06,721 INFO vendor decodo_patchright: 64 prox(y/ies), sticky session re-minted -> session-cap1786745226w6
pending=6019 shard=3/31 assigned=195
transport: canary vendor 'decodo_patchright'
2026-08-14 18:07:07,181 INFO vendor decodo_patchright: 64 prox(y/ies), sticky session re-minted -> session-cap1786745227w3
pending=6019 shard=12/31 assigned=194
transport: canary vendor 'decodo_patchright'
pending=6019 shard=0/31 assigned=195
transport: canary vendor 'decodo_patchright'
pending=6019 shard=2/31 assigned=195
transport: canary vendor 'decodo_patchright'
pending=6019 shard=7/31 assigned=194
transport: canary vendor 'decodo_patchright'
pending=6019 shard=8/31 assigned=194
transport: canary vendor 'decodo_patchright'
2026-08-14 18:07:08,078 INFO vendor decodo_patchright: 64 prox(y/ies), sticky session re-minted -> session-cap1786745228w12
2026-08-14 18:07:08,104 INFO vendor decodo_patchright: 64 prox(y/ies), sticky session re-minted -> session-cap1786745228w7
2026-08-14 18:07:08,185 INFO vendor decodo_patchright: 64 prox(y/ies), sticky session re-minted -> session-cap1786745228w8
2026-08-14 18:07:08,379 INFO vendor decodo_patchright: 64 prox(y/ies), sticky session re-minted -> session-cap1786745228w0
2026-08-14 18:07:08,506 INFO vendor decodo_patchright: 64 prox(y/ies), sticky session re-minted -> session-cap1786745228w2
pending=6019 shard=1/31 assigned=195
transport: canary vendor 'decodo_patchright'
2026-08-14 18:07:09,102 INFO vendor decodo_patchright: 64 prox(y/ies), sticky session re-minted -> session-cap1786745229w1
pending=6019 shard=9/31 assigned=194
transport: canary vendor 'decodo_patchright'
2026-08-14 18:07:09,395 INFO vendor decodo_patchright: 64 prox(y/ies), sticky session re-minted -> session-cap1786745229w9
pending=6019 shard=29/31 assigned=194
transport: canary vendor 'decodo_patchright'
2026-08-14 18:07:09,465 INFO vendor decodo_patchright: 64 prox(y/ies), sticky session re-minted -> session-cap1786745229w29
pending=6019 shard=21/31 assigned=194
transport: canary vendor 'decodo_patchright'
2026-08-14 18:07:09,673 INFO vendor decodo_patchright: 64 prox(y/ies), sticky session re-minted -> session-cap1786745229w21
pending=6019 shard=10/31 assigned=194
transport: canary vendor 'decodo_patchright'
pending=6019 shard=28/31 assigned=194
transport: canary vendor 'decodo_patchright'
pending=6019 shard=15/31 assigned=194
transport: canary vendor 'decodo_patchright'
pending=6019 shard=24/31 assigned=194
transport: canary vendor 'decodo_patchright'
pending=6019 shard=19/31 assigned=194
transport: canary vendor 'decodo_patchright'
pending=6019 shard=14/31 assigned=194
transport: canary vendor 'decodo_patchright'
pending=6019 shard=13/31 assigned=194
transport: canary vendor 'decodo_patchright'
pending=6019 shard=27/31 assigned=194
transport: canary vendor 'decodo_patchright'
2026-08-14 18:07:10,873 INFO vendor decodo_patchright: 64 prox(y/ies), sticky session re-minted -> session-cap1786745230w15
2026-08-14 18:07:10,868 INFO vendor decodo_patchright: 64 prox(y/ies), sticky session re-minted -> session-cap1786745230w27
2026-08-14 18:07:11,041 INFO vendor decodo_patchright: 64 prox(y/ies), sticky session re-minted -> session-cap1786745231w10
2026-08-14 18:07:11,131 INFO vendor decodo_patchright: 64 prox(y/ies), sticky session re-minted -> session-cap1786745231w13
2026-08-14 18:07:11,187 INFO vendor decodo_patchright: 64 prox(y/ies), sticky session re-minted -> session-cap1786745231w14
pending=6019 shard=30/31 assigned=194
transport: canary vendor 'decodo_patchright'
2026-08-14 18:07:11,176 INFO vendor decodo_patchright: 64 prox(y/ies), sticky session re-minted -> session-cap1786745231w28
pending=6019 shard=22/31 assigned=194
transport: canary vendor 'decodo_patchright'
2026-08-14 18:07:11,393 INFO vendor decodo_patchright: 64 prox(y/ies), sticky session re-minted -> session-cap1786745231w24
pending=6019 shard=16/31 assigned=194
transport: canary vendor 'decodo_patchright'
2026-08-14 18:07:11,475 INFO vendor decodo_patchright: 64 prox(y/ies), sticky session re-minted -> session-cap1786745231w22
2026-08-14 18:07:11,507 INFO vendor decodo_patchright: 64 prox(y/ies), sticky session re-minted -> session-cap1786745231w16
pending=6019 shard=17/31 assigned=194
transport: canary vendor 'decodo_patchright'
pending=6019 shard=18/31 assigned=194
transport: canary vendor 'decodo_patchright'
pending=6019 shard=23/31 assigned=194
transport: canary vendor 'decodo_patchright'
2026-08-14 18:07:11,710 INFO vendor decodo_patchright: 64 prox(y/ies), sticky session re-minted -> session-cap1786745231w19
2026-08-14 18:07:11,844 INFO vendor decodo_patchright: 64 prox(y/ies), sticky session re-minted -> session-cap1786745231w30
2026-08-14 18:07:11,972 INFO vendor decodo_patchright: 64 prox(y/ies), sticky session re-minted -> session-cap1786745231w17
pending=6019 shard=26/31 assigned=194
transport: canary vendor 'decodo_patchright'
2026-08-14 18:07:12,583 INFO vendor decodo_patchright: 64 prox(y/ies), sticky session re-minted -> session-cap1786745232w26
pending=6019 shard=20/31 assigned=194
transport: canary vendor 'decodo_patchright'
2026-08-14 18:07:12,884 INFO vendor decodo_patchright: 64 prox(y/ies), sticky session re-minted -> session-cap1786745232w23
pending=6019 shard=25/31 assigned=194
transport: canary vendor 'decodo_patchright'
2026-08-14 18:07:13,181 INFO vendor decodo_patchright: 64 prox(y/ies), sticky session re-minted -> session-cap1786745233w18
2026-08-14 18:07:13,319 INFO vendor decodo_patchright: 64 prox(y/ies), sticky session re-minted -> session-cap1786745233w25
2026-08-14 18:07:13,523 INFO vendor decodo_patchright: 64 prox(y/ies), sticky session re-minted -> session-cap1786745233w20
captured=6 skipped=189 failed=0
EXIT=0
captured=6 skipped=188 failed=0
EXIT=0
captured=6 skipped=189 failed=0
EXIT=0
captured=6 skipped=188 failed=0
EXIT=0
captured=6 skipped=188 failed=0
EXIT=0
captured=6 skipped=189 failed=0
captured=6 skipped=188 failed=0
captured=6 skipped=188 failed=0
EXIT=0
EXIT=0
captured=6 skipped=188 failed=0
EXIT=0
EXIT=0
captured=6 skipped=188 failed=0
captured=6 skipped=188 failed=0
captured=6 skipped=189 failed=0
EXIT=0
EXIT=0
EXIT=0
captured=6 skipped=188 failed=0
captured=6 skipped=188 failed=0
EXIT=0
captured=6 skipped=188 failed=0
captured=6 skipped=188 failed=0
EXIT=0
EXIT=0
EXIT=0
captured=6 skipped=188 failed=0
captured=6 skipped=188 failed=0
EXIT=0
EXIT=0
captured=6 skipped=188 failed=0
EXIT=0
captured=6 skipped=188 failed=0
captured=6 skipped=189 failed=0
EXIT=0
EXIT=0
captured=6 skipped=188 failed=0
EXIT=0
captured=7 skipped=187 failed=0
EXIT=0
captured=6 skipped=188 failed=0
EXIT=0
captured=6 skipped=188 failed=0
EXIT=0
captured=7 skipped=187 failed=0
EXIT=0
captured=6 skipped=188 failed=0
EXIT=0
captured=7 skipped=187 failed=0
EXIT=0
captured=7 skipped=187 failed=0
EXIT=0
captured=7 skipped=187 failed=0
EXIT=0
captured=6 skipped=188 failed=0
EXIT=0
[18:11:14] === parse captured bundles -> wbb/json/ ===
log -> logs/parse_20260814_181114.log  (watch: tail -f logs/parse_20260814_181114.log)
318 INFO ncaa_identity: contest_id=6488954 teams 1218/2501 matched, players 3405/6803 matchedpparsed=11 failed=0
590 INFO ncaa_identity: contest_id=6483386 teams 2890/2890 matched, players 7959/7960 matchedparsed=12 failed=0
,625 INFO ncaa_identity: contest_id=6487438 teams 1357/2632 matched, players 3640/7158 matchedpparsed=12 failed=0
EXIT=0
[18:11:41] DONE: captured_bundles=90310 parsed_json=90310 (capture rc=0)
[18:11:41] next -> build the -data parquet (Phase 2, not yet built as of this branch):
[18:11:41]   cd /c/Users/saiem/Documents/GitHub-Data/sdv-dev/wehoop-dev/ncaa-wbb-hoops-raw/../ncaa-wbb-hoops-data && python -m ncaa_wbb_data_build build --dataset all --season 2026
EXIT=0
[2026-08-14 18:11:41] season 2026: COMPLETE (round 1)
[2026-08-14 18:11:41] === season 2025 ===
[18:11:41] NCAA WBB backfill: season=2025 workers=31
[18:11:42] watch this run:  tail -f /c/Users/saiem/Documents/GitHub-Data/sdv-dev/wehoop-dev/ncaa-wbb-hoops-raw/logs/backfill_2025_20260814_181141.log
[18:11:42] === skip discover (season 2025 already in schedule_master; delete wbb/schedule_master.parquet to force) ===
[18:11:42] === capture 2025: 31 worker(s), chunk=400 new bundles per worker ===
transport: NCAA_VENDOR=decodo_patchright (canary_vendors.toml; ProxyBonanza not used)
transport: NCAA_VENDOR=decodo_patchright (canary_vendors.toml; ProxyBonanza not used)
transport: NCAA_VENDOR=decodo_patchright (canary_vendors.toml; ProxyBonanza not used)
transport: NCAA_VENDOR=decodo_patchright (canary_vendors.toml; ProxyBonanza not used)
transport: NCAA_VENDOR=decodo_patchright (canary_vendors.toml; ProxyBonanza not used)
transport: NCAA_VENDOR=decodo_patchright (canary_vendors.toml; ProxyBonanza not used)
log -> logs/capture_20260814_181142.log  (watch: tail -f logs/capture_20260814_181142.log)
log -> logs/capture_20260814_181142.log  (watch: tail -f logs/capture_20260814_181142.log)
transport: NCAA_VENDOR=decodo_patchright (canary_vendors.toml; ProxyBonanza not used)
transport: NCAA_VENDOR=decodo_patchright (canary_vendors.toml; ProxyBonanza not used)
transport: NCAA_VENDOR=decodo_patchright (canary_vendors.toml; ProxyBonanza not used)
transport: NCAA_VENDOR=decodo_patchright (canary_vendors.toml; ProxyBonanza not used)
log -> logs/capture_20260814_181142.log  (watch: tail -f logs/capture_20260814_181142.log)
log -> logs/capture_20260814_181142.log  (watch: tail -f logs/capture_20260814_181142.log)
log -> logs/capture_20260814_181142.log  (watch: tail -f logs/capture_20260814_181142.log)
transport: NCAA_VENDOR=decodo_patchright (canary_vendors.toml; ProxyBonanza not used)
log -> logs/capture_20260814_181142.log  (watch: tail -f logs/capture_20260814_181142.log)
transport: NCAA_VENDOR=decodo_patchright (canary_vendors.toml; ProxyBonanza not used)
transport: NCAA_VENDOR=decodo_patchright (canary_vendors.toml; ProxyBonanza not used)
log -> logs/capture_20260814_181142.log  (watch: tail -f logs/capture_20260814_181142.log)
log -> logs/capture_20260814_181142.log  (watch: tail -f logs/capture_20260814_181142.log)
transport: NCAA_VENDOR=decodo_patchright (canary_vendors.toml; ProxyBonanza not used)
transport: NCAA_VENDOR=decodo_patchright (canary_vendors.toml; ProxyBonanza not used)
log -> logs/capture_20260814_181142.log  (watch: tail -f logs/capture_20260814_181142.log)
transport: NCAA_VENDOR=decodo_patchright (canary_vendors.toml; ProxyBonanza not used)
log -> logs/capture_20260814_181142.log  (watch: tail -f logs/capture_20260814_181142.log)
transport: NCAA_VENDOR=decodo_patchright (canary_vendors.toml; ProxyBonanza not used)
log -> logs/capture_20260814_181142.log  (watch: tail -f logs/capture_20260814_181142.log)
log -> logs/capture_20260814_181142.log  (watch: tail -f logs/capture_20260814_181142.log)
log -> logs/capture_20260814_181142.log  (watch: tail -f logs/capture_20260814_181142.log)
transport: NCAA_VENDOR=decodo_patchright (canary_vendors.toml; ProxyBonanza not used)
transport: NCAA_VENDOR=decodo_patchright (canary_vendors.toml; ProxyBonanza not used)
transport: NCAA_VENDOR=decodo_patchright (canary_vendors.toml; ProxyBonanza not used)
log -> logs/capture_20260814_181142.log  (watch: tail -f logs/capture_20260814_181142.log)
transport: NCAA_VENDOR=decodo_patchright (canary_vendors.toml; ProxyBonanza not used)
log -> logs/capture_20260814_181142.log  (watch: tail -f logs/capture_20260814_181142.log)
log -> logs/capture_20260814_181142.log  (watch: tail -f logs/capture_20260814_181142.log)
transport: NCAA_VENDOR=decodo_patchright (canary_vendors.toml; ProxyBonanza not used)
log -> logs/capture_20260814_181142.log  (watch: tail -f logs/capture_20260814_181142.log)
transport: NCAA_VENDOR=decodo_patchright (canary_vendors.toml; ProxyBonanza not used)
transport: NCAA_VENDOR=decodo_patchright (canary_vendors.toml; ProxyBonanza not used)
transport: NCAA_VENDOR=decodo_patchright (canary_vendors.toml; ProxyBonanza not used)
log -> logs/capture_20260814_181142.log  (watch: tail -f logs/capture_20260814_181142.log)
log -> logs/capture_20260814_181142.log  (watch: tail -f logs/capture_20260814_181142.log)
transport: NCAA_VENDOR=decodo_patchright (canary_vendors.toml; ProxyBonanza not used)
transport: NCAA_VENDOR=decodo_patchright (canary_vendors.toml; ProxyBonanza not used)
transport: NCAA_VENDOR=decodo_patchright (canary_vendors.toml; ProxyBonanza not used)
transport: NCAA_VENDOR=decodo_patchright (canary_vendors.toml; ProxyBonanza not used)
transport: NCAA_VENDOR=decodo_patchright (canary_vendors.toml; ProxyBonanza not used)
log -> logs/capture_20260814_181142.log  (watch: tail -f logs/capture_20260814_181142.log)
log -> logs/capture_20260814_181142.log  (watch: tail -f logs/capture_20260814_181142.log)
log -> logs/capture_20260814_181142.log  (watch: tail -f logs/capture_20260814_181142.log)
log -> logs/capture_20260814_181142.log  (watch: tail -f logs/capture_20260814_181142.log)
transport: NCAA_VENDOR=decodo_patchright (canary_vendors.toml; ProxyBonanza not used)
log -> logs/capture_20260814_181142.log  (watch: tail -f logs/capture_20260814_181142.log)
log -> logs/capture_20260814_181142.log  (watch: tail -f logs/capture_20260814_181142.log)
log -> logs/capture_20260814_181142.log  (watch: tail -f logs/capture_20260814_181142.log)
log -> logs/capture_20260814_181142.log  (watch: tail -f logs/capture_20260814_181142.log)
log -> logs/capture_20260814_181142.log  (watch: tail -f logs/capture_20260814_181142.log)
log -> logs/capture_20260814_181142.log  (watch: tail -f logs/capture_20260814_181142.log)
log -> logs/capture_20260814_181142.log  (watch: tail -f logs/capture_20260814_181142.log)
log -> logs/capture_20260814_181142.log  (watch: tail -f logs/capture_20260814_181142.log)
pending=5960 shard=2/31 assigned=193
transport: canary vendor 'decodo_patchright'
2026-08-14 18:11:47,319 INFO vendor decodo_patchright: 64 prox(y/ies), sticky session re-minted -> session-cap1786745507w2
pending=5960 shard=13/31 assigned=192
transport: canary vendor 'decodo_patchright'
2026-08-14 18:11:47,420 INFO vendor decodo_patchright: 64 prox(y/ies), sticky session re-minted -> session-cap1786745507w13
pending=5960 shard=7/31 assigned=193
transport: canary vendor 'decodo_patchright'
2026-08-14 18:11:48,627 INFO vendor decodo_patchright: 64 prox(y/ies), sticky session re-minted -> session-cap1786745508w7
pending=5960 shard=0/31 assigned=193
transport: canary vendor 'decodo_patchright'
2026-08-14 18:11:48,627 INFO vendor decodo_patchright: 64 prox(y/ies), sticky session re-minted -> session-cap1786745508w0
pending=5960 shard=20/31 assigned=192
transport: canary vendor 'decodo_patchright'
2026-08-14 18:11:48,865 INFO vendor decodo_patchright: 64 prox(y/ies), sticky session re-minted -> session-cap1786745508w20
pending=5960 shard=19/31 assigned=192
transport: canary vendor 'decodo_patchright'
2026-08-14 18:11:50,827 INFO vendor decodo_patchright: 64 prox(y/ies), sticky session re-minted -> session-cap1786745510w19
pending=5960 shard=4/31 assigned=193
transport: canary vendor 'decodo_patchright'
2026-08-14 18:11:51,031 INFO vendor decodo_patchright: 64 prox(y/ies), sticky session re-minted -> session-cap1786745511w4
pending=5960 shard=25/31 assigned=192
transport: canary vendor 'decodo_patchright'
2026-08-14 18:11:51,162 INFO vendor decodo_patchright: 64 prox(y/ies), sticky session re-minted -> session-cap1786745511w25
pending=5960 shard=11/31 assigned=192
transport: canary vendor 'decodo_patchright'
2026-08-14 18:11:51,410 INFO vendor decodo_patchright: 64 prox(y/ies), sticky session re-minted -> session-cap1786745511w11
pending=5960 shard=5/31 assigned=193
transport: canary vendor 'decodo_patchright'
2026-08-14 18:11:51,471 INFO vendor decodo_patchright: 64 prox(y/ies), sticky session re-minted -> session-cap1786745511w5
pending=5960 shard=6/31 assigned=193
transport: canary vendor 'decodo_patchright'
2026-08-14 18:11:51,730 INFO vendor decodo_patchright: 64 prox(y/ies), sticky session re-minted -> session-cap1786745511w6
pending=5960 shard=1/31 assigned=193
transport: canary vendor 'decodo_patchright'
2026-08-14 18:11:51,962 INFO vendor decodo_patchright: 64 prox(y/ies), sticky session re-minted -> session-cap1786745511w1
pending=5960 shard=24/31 assigned=192
transport: canary vendor 'decodo_patchright'
2026-08-14 18:11:52,390 INFO vendor decodo_patchright: 64 prox(y/ies), sticky session re-minted -> session-cap1786745512w24
pending=5960 shard=12/31 assigned=192
transport: canary vendor 'decodo_patchright'
2026-08-14 18:11:53,216 INFO vendor decodo_patchright: 64 prox(y/ies), sticky session re-minted -> session-cap1786745513w12
pending=5960 shard=27/31 assigned=192
transport: canary vendor 'decodo_patchright'
2026-08-14 18:11:53,787 INFO vendor decodo_patchright: 64 prox(y/ies), sticky session re-minted -> session-cap1786745513w27
pending=5960 shard=18/31 assigned=192
transport: canary vendor 'decodo_patchright'
pending=5960 shard=30/31 assigned=192
transport: canary vendor 'decodo_patchright'
pending=5960 shard=26/31 assigned=192
transport: canary vendor 'decodo_patchright'
pending=5960 shard=16/31 assigned=192
transport: canary vendor 'decodo_patchright'
pending=5960 shard=8/31 assigned=192
transport: canary vendor 'decodo_patchright'
2026-08-14 18:11:53,872 INFO vendor decodo_patchright: 64 prox(y/ies), sticky session re-minted -> session-cap1786745513w18
2026-08-14 18:11:53,912 INFO vendor decodo_patchright: 64 prox(y/ies), sticky session re-minted -> session-cap1786745513w16
2026-08-14 18:11:54,183 INFO vendor decodo_patchright: 64 prox(y/ies), sticky session re-minted -> session-cap1786745514w8
2026-08-14 18:11:54,194 INFO vendor decodo_patchright: 64 prox(y/ies), sticky session re-minted -> session-cap1786745514w30
2026-08-14 18:11:54,185 INFO vendor decodo_patchright: 64 prox(y/ies), sticky session re-minted -> session-cap1786745514w26
pending=5960 shard=9/31 assigned=192
transport: canary vendor 'decodo_patchright'
pending=5960 shard=29/31 assigned=192
transport: canary vendor 'decodo_patchright'
2026-08-14 18:11:54,598 INFO vendor decodo_patchright: 64 prox(y/ies), sticky session re-minted -> session-cap1786745514w29
2026-08-14 18:11:54,613 INFO vendor decodo_patchright: 64 prox(y/ies), sticky session re-minted -> session-cap1786745514w9
pending=5960 shard=28/31 assigned=192
transport: canary vendor 'decodo_patchright'
2026-08-14 18:11:54,756 INFO vendor decodo_patchright: 64 prox(y/ies), sticky session re-minted -> session-cap1786745514w28
pending=5960 shard=3/31 assigned=193
transport: canary vendor 'decodo_patchright'
pending=5960 shard=17/31 assigned=192
transport: canary vendor 'decodo_patchright'
2026-08-14 18:11:54,782 INFO vendor decodo_patchright: 64 prox(y/ies), sticky session re-minted -> session-cap1786745514w17
2026-08-14 18:11:54,917 INFO vendor decodo_patchright: 64 prox(y/ies), sticky session re-minted -> session-cap1786745514w3
pending=5960 shard=14/31 assigned=192
transport: canary vendor 'decodo_patchright'
2026-08-14 18:11:55,054 INFO vendor decodo_patchright: 64 prox(y/ies), sticky session re-minted -> session-cap1786745515w14
pending=5960 shard=23/31 assigned=192
transport: canary vendor 'decodo_patchright'
2026-08-14 18:11:55,317 INFO vendor decodo_patchright: 64 prox(y/ies), sticky session re-minted -> session-cap1786745515w23
pending=5960 shard=15/31 assigned=192
transport: canary vendor 'decodo_patchright'
2026-08-14 18:11:55,350 INFO vendor decodo_patchright: 64 prox(y/ies), sticky session re-minted -> session-cap1786745515w15
pending=5960 shard=10/31 assigned=192
transport: canary vendor 'decodo_patchright'
2026-08-14 18:11:55,406 INFO vendor decodo_patchright: 64 prox(y/ies), sticky session re-minted -> session-cap1786745515w10
pending=5960 shard=22/31 assigned=192
transport: canary vendor 'decodo_patchright'
2026-08-14 18:11:55,511 INFO vendor decodo_patchright: 64 prox(y/ies), sticky session re-minted -> session-cap1786745515w22
pending=5960 shard=21/31 assigned=192
transport: canary vendor 'decodo_patchright'
2026-08-14 18:11:55,534 INFO vendor decodo_patchright: 64 prox(y/ies), sticky session re-minted -> session-cap1786745515w21
captured=5 skipped=188 failed=0
EXIT=0
captured=5 skipped=187 failed=0
EXIT=0
captured=5 skipped=188 failed=0
EXIT=0
captured=5 skipped=187 failed=0
EXIT=0
captured=5 skipped=187 failed=0
EXIT=0
captured=5 skipped=187 failed=0
captured=5 skipped=187 failed=0
captured=5 skipped=187 failed=0
EXIT=0
EXIT=0
EXIT=0
captured=5 skipped=188 failed=0
captured=5 skipped=187 failed=0
EXIT=0
EXIT=0
captured=5 skipped=187 failed=0
EXIT=0
captured=5 skipped=187 failed=0
EXIT=0
captured=5 skipped=188 failed=0
captured=5 skipped=187 failed=0
EXIT=0
EXIT=0
captured=5 skipped=187 failed=0
EXIT=0
captured=5 skipped=187 failed=0
EXIT=0
captured=5 skipped=187 failed=0
captured=5 skipped=187 failed=0
EXIT=0
EXIT=0
captured=5 skipped=187 failed=0
EXIT=0
captured=5 skipped=187 failed=0
captured=6 skipped=187 failed=0
EXIT=0
captured=5 skipped=187 failed=0
EXIT=0
EXIT=0
captured=5 skipped=187 failed=0
EXIT=0
captured=6 skipped=186 failed=0
EXIT=0
captured=6 skipped=187 failed=0
EXIT=0
captured=6 skipped=186 failed=0
EXIT=0
captured=6 skipped=187 failed=0
EXIT=0
captured=6 skipped=186 failed=0
EXIT=0
captured=6 skipped=186 failed=0
EXIT=0
captured=6 skipped=187 failed=0
EXIT=0
captured=6 skipped=186 failed=0
EXIT=0
[18:17:09] === parse captured bundles -> wbb/json/ ===
log -> logs/parse_20260814_181710.log  (watch: tail -f logs/parse_20260814_181710.log)
448 INFO ncaa_identity: contest_id=6367007 teams 2432/2432 matched, players 6602/6681 matched
parsed=11 failed=0
,419 INFO ncaa_identity: contest_id=6358135 teams 2433/2433 matched, players 6416/6652 matparsedparsed=10 failed=0
EXIT=0
[18:17:37] DONE: captured_bundles=90474 parsed_json=90474 (capture rc=0)
[18:17:37] next -> build the -data parquet (Phase 2, not yet built as of this branch):
[18:17:37]   cd /c/Users/saiem/Documents/GitHub-Data/sdv-dev/wehoop-dev/ncaa-wbb-hoops-raw/../ncaa-wbb-hoops-data && python -m ncaa_wbb_data_build build --dataset all --season 2025
EXIT=0
[2026-08-14 18:17:37] season 2025: COMPLETE (round 1)
[2026-08-14 18:17:37] === season 2024 ===
[18:17:38] NCAA WBB backfill: season=2024 workers=31
[18:17:38] watch this run:  tail -f /c/Users/saiem/Documents/GitHub-Data/sdv-dev/wehoop-dev/ncaa-wbb-hoops-raw/logs/backfill_2024_20260814_181738.log
[18:17:38] === skip discover (season 2024 already in schedule_master; delete wbb/schedule_master.parquet to force) ===
[18:17:38] === capture 2024: 31 worker(s), chunk=400 new bundles per worker ===
transport: NCAA_VENDOR=decodo_patchright (canary_vendors.toml; ProxyBonanza not used)
transport: NCAA_VENDOR=decodo_patchright (canary_vendors.toml; ProxyBonanza not used)
transport: NCAA_VENDOR=decodo_patchright (canary_vendors.toml; ProxyBonanza not used)
transport: NCAA_VENDOR=decodo_patchright (canary_vendors.toml; ProxyBonanza not used)
transport: NCAA_VENDOR=decodo_patchright (canary_vendors.toml; ProxyBonanza not used)
transport: NCAA_VENDOR=decodo_patchright (canary_vendors.toml; ProxyBonanza not used)
log -> logs/capture_20260814_181738.log  (watch: tail -f logs/capture_20260814_181738.log)
transport: NCAA_VENDOR=decodo_patchright (canary_vendors.toml; ProxyBonanza not used)
log -> logs/capture_20260814_181738.log  (watch: tail -f logs/capture_20260814_181738.log)
transport: NCAA_VENDOR=decodo_patchright (canary_vendors.toml; ProxyBonanza not used)
transport: NCAA_VENDOR=decodo_patchright (canary_vendors.toml; ProxyBonanza not used)
log -> logs/capture_20260814_181738.log  (watch: tail -f logs/capture_20260814_181738.log)
log -> logs/capture_20260814_181738.log  (watch: tail -f logs/capture_20260814_181738.log)
transport: NCAA_VENDOR=decodo_patchright (canary_vendors.toml; ProxyBonanza not used)
log -> logs/capture_20260814_181738.log  (watch: tail -f logs/capture_20260814_181738.log)
log -> logs/capture_20260814_181738.log  (watch: tail -f logs/capture_20260814_181738.log)
transport: NCAA_VENDOR=decodo_patchright (canary_vendors.toml; ProxyBonanza not used)
transport: NCAA_VENDOR=decodo_patchright (canary_vendors.toml; ProxyBonanza not used)
log -> logs/capture_20260814_181738.log  (watch: tail -f logs/capture_20260814_181738.log)
transport: NCAA_VENDOR=decodo_patchright (canary_vendors.toml; ProxyBonanza not used)
transport: NCAA_VENDOR=decodo_patchright (canary_vendors.toml; ProxyBonanza not used)
log -> logs/capture_20260814_181738.log  (watch: tail -f logs/capture_20260814_181738.log)
log -> logs/capture_20260814_181738.log  (watch: tail -f logs/capture_20260814_181738.log)
transport: NCAA_VENDOR=decodo_patchright (canary_vendors.toml; ProxyBonanza not used)
log -> logs/capture_20260814_181738.log  (watch: tail -f logs/capture_20260814_181738.log)
transport: NCAA_VENDOR=decodo_patchright (canary_vendors.toml; ProxyBonanza not used)
transport: NCAA_VENDOR=decodo_patchright (canary_vendors.toml; ProxyBonanza not used)
log -> logs/capture_20260814_181738.log  (watch: tail -f logs/capture_20260814_181738.log)
log -> logs/capture_20260814_181738.log  (watch: tail -f logs/capture_20260814_181738.log)
transport: NCAA_VENDOR=decodo_patchright (canary_vendors.toml; ProxyBonanza not used)
transport: NCAA_VENDOR=decodo_patchright (canary_vendors.toml; ProxyBonanza not used)
log -> logs/capture_20260814_181738.log  (watch: tail -f logs/capture_20260814_181738.log)
transport: NCAA_VENDOR=decodo_patchright (canary_vendors.toml; ProxyBonanza not used)
log -> logs/capture_20260814_181738.log  (watch: tail -f logs/capture_20260814_181738.log)
transport: NCAA_VENDOR=decodo_patchright (canary_vendors.toml; ProxyBonanza not used)
transport: NCAA_VENDOR=decodo_patchright (canary_vendors.toml; ProxyBonanza not used)
transport: NCAA_VENDOR=decodo_patchright (canary_vendors.toml; ProxyBonanza not used)
log -> logs/capture_20260814_181738.log  (watch: tail -f logs/capture_20260814_181738.log)
transport: NCAA_VENDOR=decodo_patchright (canary_vendors.toml; ProxyBonanza not used)
log -> logs/capture_20260814_181738.log  (watch: tail -f logs/capture_20260814_181738.log)
log -> logs/capture_20260814_181738.log  (watch: tail -f logs/capture_20260814_181738.log)
log -> logs/capture_20260814_181738.log  (watch: tail -f logs/capture_20260814_181738.log)
transport: NCAA_VENDOR=decodo_patchright (canary_vendors.toml; ProxyBonanza not used)
log -> logs/capture_20260814_181739.log  (watch: tail -f logs/capture_20260814_181739.log)
transport: NCAA_VENDOR=decodo_patchright (canary_vendors.toml; ProxyBonanza not used)
transport: NCAA_VENDOR=decodo_patchright (canary_vendors.toml; ProxyBonanza not used)
log -> logs/capture_20260814_181739.log  (watch: tail -f logs/capture_20260814_181739.log)
log -> logs/capture_20260814_181739.log  (watch: tail -f logs/capture_20260814_181739.log)
log -> logs/capture_20260814_181739.log  (watch: tail -f logs/capture_20260814_181739.log)
transport: NCAA_VENDOR=decodo_patchright (canary_vendors.toml; ProxyBonanza not used)
transport: NCAA_VENDOR=decodo_patchright (canary_vendors.toml; ProxyBonanza not used)
transport: NCAA_VENDOR=decodo_patchright (canary_vendors.toml; ProxyBonanza not used)
log -> logs/capture_20260814_181739.log  (watch: tail -f logs/capture_20260814_181739.log)
log -> logs/capture_20260814_181739.log  (watch: tail -f logs/capture_20260814_181739.log)
log -> logs/capture_20260814_181739.log  (watch: tail -f logs/capture_20260814_181739.log)
log -> logs/capture_20260814_181739.log  (watch: tail -f logs/capture_20260814_181739.log)
log -> logs/capture_20260814_181739.log  (watch: tail -f logs/capture_20260814_181739.log)
transport: NCAA_VENDOR=decodo_patchright (canary_vendors.toml; ProxyBonanza not used)
log -> logs/capture_20260814_181739.log  (watch: tail -f logs/capture_20260814_181739.log)
log -> logs/capture_20260814_181739.log  (watch: tail -f logs/capture_20260814_181739.log)
log -> logs/capture_20260814_181739.log  (watch: tail -f logs/capture_20260814_181739.log)
log -> logs/capture_20260814_181739.log  (watch: tail -f logs/capture_20260814_181739.log)
pending=5897 shard=10/31 assigned=190
transport: canary vendor 'decodo_patchright'
2026-08-14 18:17:43,836 INFO vendor decodo_patchright: 64 prox(y/ies), sticky session re-minted -> session-cap1786745863w10
pending=5897 shard=7/31 assigned=190
transport: canary vendor 'decodo_patchright'
2026-08-14 18:17:44,351 INFO vendor decodo_patchright: 64 prox(y/ies), sticky session re-minted -> session-cap1786745864w7
pending=5897 shard=12/31 assigned=190
transport: canary vendor 'decodo_patchright'
2026-08-14 18:17:44,935 INFO vendor decodo_patchright: 64 prox(y/ies), sticky session re-minted -> session-cap1786745864w12
pending=5897 shard=3/31 assigned=191
transport: canary vendor 'decodo_patchright'
2026-08-14 18:17:44,997 INFO vendor decodo_patchright: 64 prox(y/ies), sticky session re-minted -> session-cap1786745864w3
pending=5897 shard=6/31 assigned=191
transport: canary vendor 'decodo_patchright'
2026-08-14 18:17:45,538 INFO vendor decodo_patchright: 64 prox(y/ies), sticky session re-minted -> session-cap1786745865w6
pending=5897 shard=8/31 assigned=190
transport: canary vendor 'decodo_patchright'
2026-08-14 18:17:45,566 INFO vendor decodo_patchright: 64 prox(y/ies), sticky session re-minted -> session-cap1786745865w8
pending=5897 shard=1/31 assigned=191
transport: canary vendor 'decodo_patchright'
2026-08-14 18:17:47,310 INFO vendor decodo_patchright: 64 prox(y/ies), sticky session re-minted -> session-cap1786745867w1
pending=5897 shard=2/31 assigned=191
transport: canary vendor 'decodo_patchright'
2026-08-14 18:17:47,557 INFO vendor decodo_patchright: 64 prox(y/ies), sticky session re-minted -> session-cap1786745867w2
pending=5897 shard=15/31 assigned=190
transport: canary vendor 'decodo_patchright'
2026-08-14 18:17:47,733 INFO vendor decodo_patchright: 64 prox(y/ies), sticky session re-minted -> session-cap1786745867w15
pending=5897 shard=4/31 assigned=191
transport: canary vendor 'decodo_patchright'
2026-08-14 18:17:47,891 INFO vendor decodo_patchright: 64 prox(y/ies), sticky session re-minted -> session-cap1786745867w4
pending=5897 shard=26/31 assigned=190
transport: canary vendor 'decodo_patchright'
2026-08-14 18:17:47,959 INFO vendor decodo_patchright: 64 prox(y/ies), sticky session re-minted -> session-cap1786745867w26
pending=5897 shard=13/31 assigned=190
transport: canary vendor 'decodo_patchright'
2026-08-14 18:17:48,161 INFO vendor decodo_patchright: 64 prox(y/ies), sticky session re-minted -> session-cap1786745868w13
pending=5897 shard=11/31 assigned=190
transport: canary vendor 'decodo_patchright'
2026-08-14 18:17:48,191 INFO vendor decodo_patchright: 64 prox(y/ies), sticky session re-minted -> session-cap1786745868w11
pending=5897 shard=9/31 assigned=190
transport: canary vendor 'decodo_patchright'
2026-08-14 18:17:48,244 INFO vendor decodo_patchright: 64 prox(y/ies), sticky session re-minted -> session-cap1786745868w9
pending=5897 shard=30/31 assigned=190
transport: canary vendor 'decodo_patchright'
2026-08-14 18:17:48,633 INFO vendor decodo_patchright: 64 prox(y/ies), sticky session re-minted -> session-cap1786745868w30
pending=5897 shard=17/31 assigned=190
transport: canary vendor 'decodo_patchright'
2026-08-14 18:17:48,715 INFO vendor decodo_patchright: 64 prox(y/ies), sticky session re-minted -> session-cap1786745868w17
pending=5897 shard=23/31 assigned=190
transport: canary vendor 'decodo_patchright'
2026-08-14 18:17:48,994 INFO vendor decodo_patchright: 64 prox(y/ies), sticky session re-minted -> session-cap1786745868w23
pending=5897 shard=29/31 assigned=190
transport: canary vendor 'decodo_patchright'
pending=5897 shard=19/31 assigned=190
transport: canary vendor 'decodo_patchright'
2026-08-14 18:17:49,105 INFO vendor decodo_patchright: 64 prox(y/ies), sticky session re-minted -> session-cap1786745869w19
2026-08-14 18:17:49,154 INFO vendor decodo_patchright: 64 prox(y/ies), sticky session re-minted -> session-cap1786745869w29
pending=5897 shard=20/31 assigned=190
transport: canary vendor 'decodo_patchright'
2026-08-14 18:17:49,411 INFO vendor decodo_patchright: 64 prox(y/ies), sticky session re-minted -> session-cap1786745869w20
pending=5897 shard=21/31 assigned=190
transport: canary vendor 'decodo_patchright'
2026-08-14 18:17:49,506 INFO vendor decodo_patchright: 64 prox(y/ies), sticky session re-minted -> session-cap1786745869w21
pending=5897 shard=27/31 assigned=190
transport: canary vendor 'decodo_patchright'
2026-08-14 18:17:49,622 INFO vendor decodo_patchright: 64 prox(y/ies), sticky session re-minted -> session-cap1786745869w27
pending=5897 shard=0/31 assigned=191
transport: canary vendor 'decodo_patchright'
2026-08-14 18:17:49,712 INFO vendor decodo_patchright: 64 prox(y/ies), sticky session re-minted -> session-cap1786745869w0
pending=5897 shard=28/31 assigned=190
transport: canary vendor 'decodo_patchright'
pending=5897 shard=24/31 assigned=190
transport: canary vendor 'decodo_patchright'
pending=5897 shard=5/31 assigned=191
transport: canary vendor 'decodo_patchright'
2026-08-14 18:17:49,994 INFO vendor decodo_patchright: 64 prox(y/ies), sticky session re-minted -> session-cap1786745869w28
2026-08-14 18:17:50,326 INFO vendor decodo_patchright: 64 prox(y/ies), sticky session re-minted -> session-cap1786745870w24
pending=5897 shard=22/31 assigned=190
transport: canary vendor 'decodo_patchright'
2026-08-14 18:17:50,383 INFO vendor decodo_patchright: 64 prox(y/ies), sticky session re-minted -> session-cap1786745870w22
pending=5897 shard=25/31 assigned=190
transport: canary vendor 'decodo_patchright'
pending=5897 shard=16/31 assigned=190
transport: canary vendor 'decodo_patchright'
pending=5897 shard=18/31 assigned=190
transport: canary vendor 'decodo_patchright'
2026-08-14 18:17:50,698 INFO vendor decodo_patchright: 64 prox(y/ies), sticky session re-minted -> session-cap1786745870w5
pending=5897 shard=14/31 assigned=190
transport: canary vendor 'decodo_patchright'
2026-08-14 18:17:50,794 INFO vendor decodo_patchright: 64 prox(y/ies), sticky session re-minted -> session-cap1786745870w18
2026-08-14 18:17:50,950 INFO vendor decodo_patchright: 64 prox(y/ies), sticky session re-minted -> session-cap1786745870w16
2026-08-14 18:17:50,928 INFO vendor decodo_patchright: 64 prox(y/ies), sticky session re-minted -> session-cap1786745870w25
2026-08-14 18:17:50,903 INFO vendor decodo_patchright: 64 prox(y/ies), sticky session re-minted -> session-cap1786745870w14
captured=30 skipped=160 failed=0
EXIT=0
captured=30 skipped=160 failed=0
EXIT=0
captured=30 skipped=160 failed=0
EXIT=0
captured=30 skipped=161 failed=0
EXIT=0
captured=30 skipped=160 failed=0
EXIT=0
captured=29 skipped=162 failed=0
EXIT=0
captured=30 skipped=161 failed=0
EXIT=0
captured=30 skipped=161 failed=0
EXIT=0
captured=30 skipped=160 failed=0
EXIT=0
captured=30 skipped=160 failed=0
EXIT=0
captured=32 skipped=158 failed=0
EXIT=0
captured=30 skipped=160 failed=0
EXIT=0
captured=30 skipped=160 failed=0
EXIT=0
captured=31 skipped=159 failed=0
EXIT=0
captured=30 skipped=161 failed=0
EXIT=0
captured=30 skipped=160 failed=0
EXIT=0
captured=30 skipped=160 failed=0
EXIT=0
captured=30 skipped=160 failed=0
EXIT=0
captured=30 skipped=161 failed=0
EXIT=0
captured=31 skipped=159 failed=0
EXIT=0
captured=31 skipped=159 failed=0
EXIT=0
captured=31 skipped=159 failed=0
EXIT=0
captured=31 skipped=159 failed=0
EXIT=0
captured=31 skipped=159 failed=0
EXIT=0
captured=31 skipped=159 failed=0
EXIT=0
captured=31 skipped=159 failed=0
EXIT=0
captured=31 skipped=160 failed=0
EXIT=0
captured=30 skipped=160 failed=0
EXIT=0
captured=31 skipped=159 failed=0
EXIT=0
captured=29 skipped=161 failed=0
EXIT=0
captured=30 skipped=160 failed=0
EXIT=0
[18:37:46] === parse captured bundles -> wbb/json/ ===
log -> logs/parse_20260814_183746.log  (watch: tail -f logs/parse_20260814_183746.log)
[p1_s_e_e] [WARNING] [TeamId(name='Creighton')]v[TeamId(name='UNLV')] Flip court for periods: [[2, 3, 4]] because [total_shots={1: 35, 2: 33, 3: 30, 4:parsed=59 failed=0
18, 2: 33, 3: 30, 4: 29}]
parsed=59 failed=0
EXIT=0
[18:39:09] DONE: captured_bundles=91414 parsed_json=91414 (capture rc=0)
[18:39:09] next -> build the -data parquet (Phase 2, not yet built as of this branch):
[18:39:09]   cd /c/Users/saiem/Documents/GitHub-Data/sdv-dev/wehoop-dev/ncaa-wbb-hoops-raw/../ncaa-wbb-hoops-data && python -m ncaa_wbb_data_build build --dataset all --season 2024
EXIT=0
[2026-08-14 18:39:09] season 2024: COMPLETE (round 1)
[2026-08-14 18:39:09] === season 2023 ===
[18:39:10] NCAA WBB backfill: season=2023 workers=31
[18:39:10] watch this run:  tail -f /c/Users/saiem/Documents/GitHub-Data/sdv-dev/wehoop-dev/ncaa-wbb-hoops-raw/logs/backfill_2023_20260814_183910.log
[18:39:10] === skip discover (season 2023 already in schedule_master; delete wbb/schedule_master.parquet to force) ===
[18:39:10] === capture 2023: 31 worker(s), chunk=400 new bundles per worker ===
transport: NCAA_VENDOR=decodo_patchright (canary_vendors.toml; ProxyBonanza not used)
transport: NCAA_VENDOR=decodo_patchright (canary_vendors.toml; ProxyBonanza not used)
transport: NCAA_VENDOR=decodo_patchright (canary_vendors.toml; ProxyBonanza not used)
transport: NCAA_VENDOR=decodo_patchright (canary_vendors.toml; ProxyBonanza not used)
transport: NCAA_VENDOR=decodo_patchright (canary_vendors.toml; ProxyBonanza not used)
transport: NCAA_VENDOR=decodo_patchright (canary_vendors.toml; ProxyBonanza not used)
log -> logs/capture_20260814_183910.log  (watch: tail -f logs/capture_20260814_183910.log)
log -> logs/capture_20260814_183910.log  (watch: tail -f logs/capture_20260814_183910.log)
transport: NCAA_VENDOR=decodo_patchright (canary_vendors.toml; ProxyBonanza not used)
transport: NCAA_VENDOR=decodo_patchright (canary_vendors.toml; ProxyBonanza not used)
transport: NCAA_VENDOR=decodo_patchright (canary_vendors.toml; ProxyBonanza not used)
log -> logs/capture_20260814_183910.log  (watch: tail -f logs/capture_20260814_183910.log)
log -> logs/capture_20260814_183910.log  (watch: tail -f logs/capture_20260814_183910.log)
transport: NCAA_VENDOR=decodo_patchright (canary_vendors.toml; ProxyBonanza not used)
log -> logs/capture_20260814_183910.log  (watch: tail -f logs/capture_20260814_183910.log)
transport: NCAA_VENDOR=decodo_patchright (canary_vendors.toml; ProxyBonanza not used)
log -> logs/capture_20260814_183910.log  (watch: tail -f logs/capture_20260814_183910.log)
transport: NCAA_VENDOR=decodo_patchright (canary_vendors.toml; ProxyBonanza not used)
transport: NCAA_VENDOR=decodo_patchright (canary_vendors.toml; ProxyBonanza not used)
log -> logs/capture_20260814_183910.log  (watch: tail -f logs/capture_20260814_183910.log)
log -> logs/capture_20260814_183910.log  (watch: tail -f logs/capture_20260814_183910.log)
transport: NCAA_VENDOR=decodo_patchright (canary_vendors.toml; ProxyBonanza not used)
transport: NCAA_VENDOR=decodo_patchright (canary_vendors.toml; ProxyBonanza not used)
log -> logs/capture_20260814_183910.log  (watch: tail -f logs/capture_20260814_183910.log)
log -> logs/capture_20260814_183910.log  (watch: tail -f logs/capture_20260814_183910.log)
transport: NCAA_VENDOR=decodo_patchright (canary_vendors.toml; ProxyBonanza not used)
transport: NCAA_VENDOR=decodo_patchright (canary_vendors.toml; ProxyBonanza not used)
log -> logs/capture_20260814_183910.log  (watch: tail -f logs/capture_20260814_183910.log)
transport: NCAA_VENDOR=decodo_patchright (canary_vendors.toml; ProxyBonanza not used)
log -> logs/capture_20260814_183910.log  (watch: tail -f logs/capture_20260814_183910.log)
transport: NCAA_VENDOR=decodo_patchright (canary_vendors.toml; ProxyBonanza not used)
log -> logs/capture_20260814_183910.log  (watch: tail -f logs/capture_20260814_183910.log)
transport: NCAA_VENDOR=decodo_patchright (canary_vendors.toml; ProxyBonanza not used)
log -> logs/capture_20260814_183910.log  (watch: tail -f logs/capture_20260814_183910.log)
log -> logs/capture_20260814_183910.log  (watch: tail -f logs/capture_20260814_183910.log)
transport: NCAA_VENDOR=decodo_patchright (canary_vendors.toml; ProxyBonanza not used)
log -> logs/capture_20260814_183910.log  (watch: tail -f logs/capture_20260814_183910.log)
transport: NCAA_VENDOR=decodo_patchright (canary_vendors.toml; ProxyBonanza not used)
log -> logs/capture_20260814_183910.log  (watch: tail -f logs/capture_20260814_183910.log)
transport: NCAA_VENDOR=decodo_patchright (canary_vendors.toml; ProxyBonanza not used)
transport: NCAA_VENDOR=decodo_patchright (canary_vendors.toml; ProxyBonanza not used)
log -> logs/capture_20260814_183910.log  (watch: tail -f logs/capture_20260814_183910.log)
log -> logs/capture_20260814_183910.log  (watch: tail -f logs/capture_20260814_183910.log)
transport: NCAA_VENDOR=decodo_patchright (canary_vendors.toml; ProxyBonanza not used)
log -> logs/capture_20260814_183910.log  (watch: tail -f logs/capture_20260814_183910.log)
transport: NCAA_VENDOR=decodo_patchright (canary_vendors.toml; ProxyBonanza not used)
transport: NCAA_VENDOR=decodo_patchright (canary_vendors.toml; ProxyBonanza not used)
transport: NCAA_VENDOR=decodo_patchright (canary_vendors.toml; ProxyBonanza not used)
log -> logs/capture_20260814_183910.log  (watch: tail -f logs/capture_20260814_183910.log)
log -> logs/capture_20260814_183910.log  (watch: tail -f logs/capture_20260814_183910.log)
transport: NCAA_VENDOR=decodo_patchright (canary_vendors.toml; ProxyBonanza not used)
log -> logs/capture_20260814_183910.log  (watch: tail -f logs/capture_20260814_183910.log)
log -> logs/capture_20260814_183910.log  (watch: tail -f logs/capture_20260814_183910.log)
transport: NCAA_VENDOR=decodo_patchright (canary_vendors.toml; ProxyBonanza not used)
transport: NCAA_VENDOR=decodo_patchright (canary_vendors.toml; ProxyBonanza not used)
log -> logs/capture_20260814_183910.log  (watch: tail -f logs/capture_20260814_183910.log)
log -> logs/capture_20260814_183910.log  (watch: tail -f logs/capture_20260814_183910.log)
log -> logs/capture_20260814_183910.log  (watch: tail -f logs/capture_20260814_183910.log)
log -> logs/capture_20260814_183910.log  (watch: tail -f logs/capture_20260814_183910.log)
log -> logs/capture_20260814_183910.log  (watch: tail -f logs/capture_20260814_183910.log)
log -> logs/capture_20260814_183910.log  (watch: tail -f logs/capture_20260814_183910.log)
log -> logs/capture_20260814_183911.log  (watch: tail -f logs/capture_20260814_183911.log)
pending=5821 shard=4/31 assigned=188
transport: canary vendor 'decodo_patchright'
2026-08-14 18:39:15,607 INFO vendor decodo_patchright: 64 prox(y/ies), sticky session re-minted -> session-cap1786747155w4
pending=5821 shard=8/31 assigned=188
transport: canary vendor 'decodo_patchright'
2026-08-14 18:39:15,991 INFO vendor decodo_patchright: 64 prox(y/ies), sticky session re-minted -> session-cap1786747155w8
pending=5821 shard=7/31 assigned=188
transport: canary vendor 'decodo_patchright'
2026-08-14 18:39:16,017 INFO vendor decodo_patchright: 64 prox(y/ies), sticky session re-minted -> session-cap1786747156w7
pending=5821 shard=14/31 assigned=188
transport: canary vendor 'decodo_patchright'
2026-08-14 18:39:16,470 INFO vendor decodo_patchright: 64 prox(y/ies), sticky session re-minted -> session-cap1786747156w14
pending=5821 shard=18/31 assigned=188
transport: canary vendor 'decodo_patchright'
2026-08-14 18:39:16,546 INFO vendor decodo_patchright: 64 prox(y/ies), sticky session re-minted -> session-cap1786747156w18
pending=5821 shard=3/31 assigned=188
transport: canary vendor 'decodo_patchright'
2026-08-14 18:39:17,714 INFO vendor decodo_patchright: 64 prox(y/ies), sticky session re-minted -> session-cap1786747157w3
pending=5821 shard=11/31 assigned=188
transport: canary vendor 'decodo_patchright'
2026-08-14 18:39:17,872 INFO vendor decodo_patchright: 64 prox(y/ies), sticky session re-minted -> session-cap1786747157w11
pending=5821 shard=12/31 assigned=188
transport: canary vendor 'decodo_patchright'
2026-08-14 18:39:18,187 INFO vendor decodo_patchright: 64 prox(y/ies), sticky session re-minted -> session-cap1786747158w12
pending=5821 shard=17/31 assigned=188
transport: canary vendor 'decodo_patchright'
2026-08-14 18:39:18,244 INFO vendor decodo_patchright: 64 prox(y/ies), sticky session re-minted -> session-cap1786747158w17
pending=5821 shard=10/31 assigned=188
transport: canary vendor 'decodo_patchright'
pending=5821 shard=1/31 assigned=188
transport: canary vendor 'decodo_patchright'
2026-08-14 18:39:19,084 INFO vendor decodo_patchright: 64 prox(y/ies), sticky session re-minted -> session-cap1786747159w10
pending=5821 shard=0/31 assigned=188
transport: canary vendor 'decodo_patchright'
2026-08-14 18:39:19,082 INFO vendor decodo_patchright: 64 prox(y/ies), sticky session re-minted -> session-cap1786747159w0
2026-08-14 18:39:19,310 INFO vendor decodo_patchright: 64 prox(y/ies), sticky session re-minted -> session-cap1786747159w1
pending=5821 shard=24/31 assigned=187
transport: canary vendor 'decodo_patchright'
pending=5821 shard=20/31 assigned=188
transport: canary vendor 'decodo_patchright'
2026-08-14 18:39:19,520 INFO vendor decodo_patchright: 64 prox(y/ies), sticky session re-minted -> session-cap1786747159w24
2026-08-14 18:39:19,671 INFO vendor decodo_patchright: 64 prox(y/ies), sticky session re-minted -> session-cap1786747159w20
pending=5821 shard=2/31 assigned=188
transport: canary vendor 'decodo_patchright'
2026-08-14 18:39:19,832 INFO vendor decodo_patchright: 64 prox(y/ies), sticky session re-minted -> session-cap1786747159w2
pending=5821 shard=16/31 assigned=188
transport: canary vendor 'decodo_patchright'
pending=5821 shard=9/31 assigned=188
transport: canary vendor 'decodo_patchright'
pending=5821 shard=13/31 assigned=188
transport: canary vendor 'decodo_patchright'
2026-08-14 18:39:20,558 INFO vendor decodo_patchright: 64 prox(y/ies), sticky session re-minted -> session-cap1786747160w13
pending=5821 shard=19/31 assigned=188
transport: canary vendor 'decodo_patchright'
2026-08-14 18:39:20,736 INFO vendor decodo_patchright: 64 prox(y/ies), sticky session re-minted -> session-cap1786747160w16
2026-08-14 18:39:20,737 INFO vendor decodo_patchright: 64 prox(y/ies), sticky session re-minted -> session-cap1786747160w19
pending=5821 shard=6/31 assigned=188
transport: canary vendor 'decodo_patchright'
pending=5821 shard=5/31 assigned=188
transport: canary vendor 'decodo_patchright'
2026-08-14 18:39:20,798 INFO vendor decodo_patchright: 64 prox(y/ies), sticky session re-minted -> session-cap1786747160w9
2026-08-14 18:39:20,973 INFO vendor decodo_patchright: 64 prox(y/ies), sticky session re-minted -> session-cap1786747160w6
pending=5821 shard=26/31 assigned=187
transport: canary vendor 'decodo_patchright'
pending=5821 shard=27/31 assigned=187
transport: canary vendor 'decodo_patchright'
pending=5821 shard=23/31 assigned=188
transport: canary vendor 'decodo_patchright'
pending=5821 shard=21/31 assigned=188
transport: canary vendor 'decodo_patchright'
2026-08-14 18:39:21,198 INFO vendor decodo_patchright: 64 prox(y/ies), sticky session re-minted -> session-cap1786747161w5
pending=5821 shard=29/31 assigned=187
transport: canary vendor 'decodo_patchright'
2026-08-14 18:39:21,421 INFO vendor decodo_patchright: 64 prox(y/ies), sticky session re-minted -> session-cap1786747161w21
pending=5821 shard=28/31 assigned=187
transport: canary vendor 'decodo_patchright'
2026-08-14 18:39:21,750 INFO vendor decodo_patchright: 64 prox(y/ies), sticky session re-minted -> session-cap1786747161w27
2026-08-14 18:39:21,908 INFO vendor decodo_patchright: 64 prox(y/ies), sticky session re-minted -> session-cap1786747161w29
pending=5821 shard=15/31 assigned=188
transport: canary vendor 'decodo_patchright'
pending=5821 shard=22/31 assigned=188
transport: canary vendor 'decodo_patchright'
2026-08-14 18:39:22,255 INFO vendor decodo_patchright: 64 prox(y/ies), sticky session re-minted -> session-cap1786747162w15
2026-08-14 18:39:22,354 INFO vendor decodo_patchright: 64 prox(y/ies), sticky session re-minted -> session-cap1786747162w23
2026-08-14 18:39:22,471 INFO vendor decodo_patchright: 64 prox(y/ies), sticky session re-minted -> session-cap1786747162w22
pending=5821 shard=30/31 assigned=187
transport: canary vendor 'decodo_patchright'
2026-08-14 18:39:22,635 INFO vendor decodo_patchright: 64 prox(y/ies), sticky session re-minted -> session-cap1786747162w26
2026-08-14 18:39:22,872 INFO vendor decodo_patchright: 64 prox(y/ies), sticky session re-minted -> session-cap1786747162w28
2026-08-14 18:39:23,039 INFO vendor decodo_patchright: 64 prox(y/ies), sticky session re-minted -> session-cap1786747163w30
pending=5821 shard=25/31 assigned=187
transport: canary vendor 'decodo_patchright'
2026-08-14 18:39:23,483 INFO vendor decodo_patchright: 64 prox(y/ies), sticky session re-minted -> session-cap1786747163w25
2026-08-14 18:40:00,572 WARNING challenge not cleared for contest_id=2320649 -- bundle not written
captured=10 skipped=178 failed=0
EXIT=0
captured=10 skipped=178 failed=0
EXIT=0
captured=10 skipped=178 failed=0
EXIT=0
captured=10 skipped=178 failed=0
EXIT=0
captured=10 skipped=178 failed=0
EXIT=0
captured=10 skipped=178 failed=0
EXIT=0
captured=11 skipped=177 failed=0
EXIT=0
captured=11 skipped=177 failed=0
EXIT=0
captured=11 skipped=177 failed=0
EXIT=0
captured=12 skipped=176 failed=0
EXIT=0
captured=12 skipped=175 failed=0
EXIT=0
captured=12 skipped=176 failed=0
EXIT=0
captured=11 skipped=177 failed=0
EXIT=0
captured=13 skipped=175 failed=0
EXIT=0
captured=12 skipped=175 failed=0
EXIT=0
captured=12 skipped=176 failed=0
EXIT=0
captured=11 skipped=177 failed=0
captured=12 skipped=175 failed=0
EXIT=0
EXIT=0
captured=13 skipped=174 failed=0
captured=13 skipped=175 failed=0
EXIT=0
EXIT=0
captured=13 skipped=175 failed=0
EXIT=0
captured=12 skipped=174 failed=1
EXIT=0
captured=13 skipped=175 failed=0
EXIT=0
captured=12 skipped=176 failed=0
EXIT=0
captured=13 skipped=175 failed=0
EXIT=0
captured=14 skipped=174 failed=0
EXIT=0
captured=14 skipped=174 failed=0
EXIT=0
captured=12 skipped=175 failed=0
EXIT=0
captured=14 skipped=174 failed=0
EXIT=0
captured=12 skipped=175 failed=0
EXIT=0
EXIT=127
[18:57:32] capture stopped (rc=127) -- a ban/soft-ban hard-stop or Ctrl-C (see the capture log).
[18:57:33]   This is RESUMABLE: cool down (a ban clears in minutes-hours), then re-run this
[18:57:33]   script -- already-captured contests are skipped.
[18:57:33] === parse captured bundles -> wbb/json/ ===
log -> logs/parse_20260814_185733.log  (watch: tail -f logs/parse_20260814_185733.log)
d=2422264 teams 2560/2560 matched, players 6971/6988 matched
2026-08-14 18:58:10,948 INFO ncaa_identity: contest_id=2424566 teams 2621/2621 matched, players 7019/7172 matched
parsed=23 failed=0
EXIT=0
[18:58:11] DONE: captured_bundles=91773 parsed_json=91773 (capture rc=127)
[18:58:11] capture INCOMPLETE (rc=127) -- re-run this script to continue before building.
EXIT=127
[2026-08-14 18:58:11] season 2023: chunk 1 hard-stopped (rc=127), 10 remaining -- cooling 120s
[19:00:12] NCAA WBB backfill: season=2023 workers=31
[19:00:12] watch this run:  tail -f /c/Users/saiem/Documents/GitHub-Data/sdv-dev/wehoop-dev/ncaa-wbb-hoops-raw/logs/backfill_2023_20260814_190012.log
[19:00:12] === skip discover (season 2023 already in schedule_master; delete wbb/schedule_master.parquet to force) ===
[19:00:12] === capture 2023: 31 worker(s), chunk=400 new bundles per worker ===
transport: NCAA_VENDOR=decodo_patchright (canary_vendors.toml; ProxyBonanza not used)
transport: NCAA_VENDOR=decodo_patchright (canary_vendors.toml; ProxyBonanza not used)
transport: NCAA_VENDOR=decodo_patchright (canary_vendors.toml; ProxyBonanza not used)
transport: NCAA_VENDOR=decodo_patchright (canary_vendors.toml; ProxyBonanza not used)
transport: NCAA_VENDOR=decodo_patchright (canary_vendors.toml; ProxyBonanza not used)
log -> logs/capture_20260814_190012.log  (watch: tail -f logs/capture_20260814_190012.log)
transport: NCAA_VENDOR=decodo_patchright (canary_vendors.toml; ProxyBonanza not used)
transport: NCAA_VENDOR=decodo_patchright (canary_vendors.toml; ProxyBonanza not used)
log -> logs/capture_20260814_190012.log  (watch: tail -f logs/capture_20260814_190012.log)
transport: NCAA_VENDOR=decodo_patchright (canary_vendors.toml; ProxyBonanza not used)
log -> logs/capture_20260814_190012.log  (watch: tail -f logs/capture_20260814_190012.log)
transport: NCAA_VENDOR=decodo_patchright (canary_vendors.toml; ProxyBonanza not used)
transport: NCAA_VENDOR=decodo_patchright (canary_vendors.toml; ProxyBonanza not used)
log -> logs/capture_20260814_190012.log  (watch: tail -f logs/capture_20260814_190012.log)
transport: NCAA_VENDOR=decodo_patchright (canary_vendors.toml; ProxyBonanza not used)
log -> logs/capture_20260814_190012.log  (watch: tail -f logs/capture_20260814_190012.log)
log -> logs/capture_20260814_190012.log  (watch: tail -f logs/capture_20260814_190012.log)
log -> logs/capture_20260814_190012.log  (watch: tail -f logs/capture_20260814_190012.log)
transport: NCAA_VENDOR=decodo_patchright (canary_vendors.toml; ProxyBonanza not used)
transport: NCAA_VENDOR=decodo_patchright (canary_vendors.toml; ProxyBonanza not used)
transport: NCAA_VENDOR=decodo_patchright (canary_vendors.toml; ProxyBonanza not used)
log -> logs/capture_20260814_190012.log  (watch: tail -f logs/capture_20260814_190012.log)
transport: NCAA_VENDOR=decodo_patchright (canary_vendors.toml; ProxyBonanza not used)
log -> logs/capture_20260814_190012.log  (watch: tail -f logs/capture_20260814_190012.log)
transport: NCAA_VENDOR=decodo_patchright (canary_vendors.toml; ProxyBonanza not used)
log -> logs/capture_20260814_190012.log  (watch: tail -f logs/capture_20260814_190012.log)
log -> logs/capture_20260814_190012.log  (watch: tail -f logs/capture_20260814_190012.log)
transport: NCAA_VENDOR=decodo_patchright (canary_vendors.toml; ProxyBonanza not used)
transport: NCAA_VENDOR=decodo_patchright (canary_vendors.toml; ProxyBonanza not used)
transport: NCAA_VENDOR=decodo_patchright (canary_vendors.toml; ProxyBonanza not used)
transport: NCAA_VENDOR=decodo_patchright (canary_vendors.toml; ProxyBonanza not used)
log -> logs/capture_20260814_190012.log  (watch: tail -f logs/capture_20260814_190012.log)
log -> logs/capture_20260814_190012.log  (watch: tail -f logs/capture_20260814_190012.log)
log -> logs/capture_20260814_190012.log  (watch: tail -f logs/capture_20260814_190012.log)
transport: NCAA_VENDOR=decodo_patchright (canary_vendors.toml; ProxyBonanza not used)
transport: NCAA_VENDOR=decodo_patchright (canary_vendors.toml; ProxyBonanza not used)
log -> logs/capture_20260814_190012.log  (watch: tail -f logs/capture_20260814_190012.log)
log -> logs/capture_20260814_190012.log  (watch: tail -f logs/capture_20260814_190012.log)
log -> logs/capture_20260814_190012.log  (watch: tail -f logs/capture_20260814_190012.log)
transport: NCAA_VENDOR=decodo_patchright (canary_vendors.toml; ProxyBonanza not used)
transport: NCAA_VENDOR=decodo_patchright (canary_vendors.toml; ProxyBonanza not used)
log -> logs/capture_20260814_190012.log  (watch: tail -f logs/capture_20260814_190012.log)
transport: NCAA_VENDOR=decodo_patchright (canary_vendors.toml; ProxyBonanza not used)
log -> logs/capture_20260814_190012.log  (watch: tail -f logs/capture_20260814_190012.log)
transport: NCAA_VENDOR=decodo_patchright (canary_vendors.toml; ProxyBonanza not used)
log -> logs/capture_20260814_190012.log  (watch: tail -f logs/capture_20260814_190012.log)
transport: NCAA_VENDOR=decodo_patchright (canary_vendors.toml; ProxyBonanza not used)
transport: NCAA_VENDOR=decodo_patchright (canary_vendors.toml; ProxyBonanza not used)
transport: NCAA_VENDOR=decodo_patchright (canary_vendors.toml; ProxyBonanza not used)
transport: NCAA_VENDOR=decodo_patchright (canary_vendors.toml; ProxyBonanza not used)
log -> logs/capture_20260814_190012.log  (watch: tail -f logs/capture_20260814_190012.log)
log -> logs/capture_20260814_190013.log  (watch: tail -f logs/capture_20260814_190013.log)
log -> logs/capture_20260814_190013.log  (watch: tail -f logs/capture_20260814_190013.log)
transport: NCAA_VENDOR=decodo_patchright (canary_vendors.toml; ProxyBonanza not used)
log -> logs/capture_20260814_190013.log  (watch: tail -f logs/capture_20260814_190013.log)
log -> logs/capture_20260814_190013.log  (watch: tail -f logs/capture_20260814_190013.log)
log -> logs/capture_20260814_190013.log  (watch: tail -f logs/capture_20260814_190013.log)
log -> logs/capture_20260814_190013.log  (watch: tail -f logs/capture_20260814_190013.log)
log -> logs/capture_20260814_190013.log  (watch: tail -f logs/capture_20260814_190013.log)
log -> logs/capture_20260814_190013.log  (watch: tail -f logs/capture_20260814_190013.log)
log -> logs/capture_20260814_190013.log  (watch: tail -f logs/capture_20260814_190013.log)
log -> logs/capture_20260814_190013.log  (watch: tail -f logs/capture_20260814_190013.log)
pending=5821 shard=13/31 assigned=188
transport: canary vendor 'decodo_patchright'
2026-08-14 19:00:17,307 INFO vendor decodo_patchright: 64 prox(y/ies), sticky session re-minted -> session-cap1786748417w13
captured=0 skipped=188 failed=0
pending=5821 shard=1/31 assigned=188
transport: canary vendor 'decodo_patchright'
2026-08-14 19:00:17,576 INFO vendor decodo_patchright: 64 prox(y/ies), sticky session re-minted -> session-cap1786748417w1
captured=0 skipped=188 failed=0
pending=5821 shard=5/31 assigned=188
transport: canary vendor 'decodo_patchright'
2026-08-14 19:00:17,994 INFO vendor decodo_patchright: 64 prox(y/ies), sticky session re-minted -> session-cap1786748417w5
captured=0 skipped=188 failed=0
pending=5821 shard=4/31 assigned=188
transport: canary vendor 'decodo_patchright'
pending=5821 shard=3/31 assigned=188
transport: canary vendor 'decodo_patchright'
2026-08-14 19:00:18,539 INFO vendor decodo_patchright: 64 prox(y/ies), sticky session re-minted -> session-cap1786748418w4
pending=5821 shard=11/31 assigned=188
transport: canary vendor 'decodo_patchright'
2026-08-14 19:00:18,539 INFO vendor decodo_patchright: 64 prox(y/ies), sticky session re-minted -> session-cap1786748418w11
captured=0 skipped=188 failed=0
captured=0 skipped=188 failed=0
2026-08-14 19:00:18,617 INFO vendor decodo_patchright: 64 prox(y/ies), sticky session re-minted -> session-cap1786748418w3
captured=0 skipped=188 failed=0
pending=5821 shard=10/31 assigned=188
transport: canary vendor 'decodo_patchright'
2026-08-14 19:00:19,141 INFO vendor decodo_patchright: 64 prox(y/ies), sticky session re-minted -> session-cap1786748419w10
captured=0 skipped=188 failed=0
pending=5821 shard=0/31 assigned=188
transport: canary vendor 'decodo_patchright'
2026-08-14 19:00:19,162 INFO vendor decodo_patchright: 64 prox(y/ies), sticky session re-minted -> session-cap1786748419w0
captured=0 skipped=188 failed=0
pending=5821 shard=8/31 assigned=188
transport: canary vendor 'decodo_patchright'
2026-08-14 19:00:19,198 INFO vendor decodo_patchright: 64 prox(y/ies), sticky session re-minted -> session-cap1786748419w8
captured=0 skipped=188 failed=0
pending=5821 shard=25/31 assigned=187
transport: canary vendor 'decodo_patchright'
2026-08-14 19:00:19,473 INFO vendor decodo_patchright: 64 prox(y/ies), sticky session re-minted -> session-cap1786748419w25
captured=0 skipped=187 failed=0
pending=5821 shard=6/31 assigned=188
transport: canary vendor 'decodo_patchright'
2026-08-14 19:00:19,473 INFO vendor decodo_patchright: 64 prox(y/ies), sticky session re-minted -> session-cap1786748419w6
EXIT=0
EXIT=0
pending=5821 shard=9/31 assigned=188
transport: canary vendor 'decodo_patchright'
2026-08-14 19:00:20,208 INFO vendor decodo_patchright: 64 prox(y/ies), sticky session re-minted -> session-cap1786748420w9
captured=0 skipped=188 failed=0
EXIT=0
EXIT=0
EXIT=0
EXIT=0
pending=5821 shard=23/31 assigned=188
transport: canary vendor 'decodo_patchright'
pending=5821 shard=7/31 assigned=188
transport: canary vendor 'decodo_patchright'
2026-08-14 19:00:20,710 INFO vendor decodo_patchright: 64 prox(y/ies), sticky session re-minted -> session-cap1786748420w7
pending=5821 shard=22/31 assigned=188
transport: canary vendor 'decodo_patchright'
2026-08-14 19:00:20,713 INFO vendor decodo_patchright: 64 prox(y/ies), sticky session re-minted -> session-cap1786748420w22
pending=5821 shard=20/31 assigned=188
transport: canary vendor 'decodo_patchright'
2026-08-14 19:00:20,709 INFO vendor decodo_patchright: 64 prox(y/ies), sticky session re-minted -> session-cap1786748420w20
pending=5821 shard=14/31 assigned=188
transport: canary vendor 'decodo_patchright'
2026-08-14 19:00:20,764 INFO vendor decodo_patchright: 64 prox(y/ies), sticky session re-minted -> session-cap1786748420w14
captured=0 skipped=188 failed=0
captured=0 skipped=188 failed=0
captured=0 skipped=188 failed=0
2026-08-14 19:00:20,754 INFO vendor decodo_patchright: 64 prox(y/ies), sticky session re-minted -> session-cap1786748420w23
captured=0 skipped=188 failed=0
captured=0 skipped=188 failed=0
pending=5821 shard=21/31 assigned=188
transport: canary vendor 'decodo_patchright'
2026-08-14 19:00:20,833 INFO vendor decodo_patchright: 64 prox(y/ies), sticky session re-minted -> session-cap1786748420w21
captured=0 skipped=188 failed=0
pending=5821 shard=26/31 assigned=187
transport: canary vendor 'decodo_patchright'
2026-08-14 19:00:20,971 INFO vendor decodo_patchright: 64 prox(y/ies), sticky session re-minted -> session-cap1786748420w26
captured=0 skipped=187 failed=0
pending=5821 shard=19/31 assigned=188
transport: canary vendor 'decodo_patchright'
pending=5821 shard=30/31 assigned=187
transport: canary vendor 'decodo_patchright'
2026-08-14 19:00:21,099 INFO vendor decodo_patchright: 64 prox(y/ies), sticky session re-minted -> session-cap1786748421w30
2026-08-14 19:00:21,095 INFO vendor decodo_patchright: 64 prox(y/ies), sticky session re-minted -> session-cap1786748421w19
captured=0 skipped=188 failed=0
captured=0 skipped=187 failed=0
pending=5821 shard=2/31 assigned=188
transport: canary vendor 'decodo_patchright'
2026-08-14 19:00:21,196 INFO vendor decodo_patchright: 64 prox(y/ies), sticky session re-minted -> session-cap1786748421w2
pending=5821 shard=24/31 assigned=187
transport: canary vendor 'decodo_patchright'
2026-08-14 19:00:21,197 INFO vendor decodo_patchright: 64 prox(y/ies), sticky session re-minted -> session-cap1786748421w24
captured=0 skipped=187 failed=0
captured=0 skipped=188 failed=0
EXIT=0
pending=5821 shard=16/31 assigned=188
transport: canary vendor 'decodo_patchright'
2026-08-14 19:00:21,263 INFO vendor decodo_patchright: 64 prox(y/ies), sticky session re-minted -> session-cap1786748421w16
captured=0 skipped=188 failed=0
pending=5821 shard=29/31 assigned=187
transport: canary vendor 'decodo_patchright'
2026-08-14 19:00:21,344 INFO vendor decodo_patchright: 64 prox(y/ies), sticky session re-minted -> session-cap1786748421w29
captured=0 skipped=187 failed=0
pending=5821 shard=15/31 assigned=188
transport: canary vendor 'decodo_patchright'
2026-08-14 19:00:21,409 INFO vendor decodo_patchright: 64 prox(y/ies), sticky session re-minted -> session-cap1786748421w15
captured=0 skipped=188 failed=0
pending=5821 shard=28/31 assigned=187
transport: canary vendor 'decodo_patchright'
2026-08-14 19:00:21,462 INFO vendor decodo_patchright: 64 prox(y/ies), sticky session re-minted -> session-cap1786748421w28
pending=5821 shard=27/31 assigned=187
transport: canary vendor 'decodo_patchright'
pending=5821 shard=12/31 assigned=188
transport: canary vendor 'decodo_patchright'
2026-08-14 19:00:21,498 INFO vendor decodo_patchright: 64 prox(y/ies), sticky session re-minted -> session-cap1786748421w12
2026-08-14 19:00:21,498 INFO vendor decodo_patchright: 64 prox(y/ies), sticky session re-minted -> session-cap1786748421w27
captured=0 skipped=187 failed=0
captured=0 skipped=188 failed=0
EXIT=0
EXIT=0
EXIT=0
EXIT=0
EXIT=0
EXIT=0
pending=5821 shard=17/31 assigned=188
transport: canary vendor 'decodo_patchright'
EXIT=0
pending=5821 shard=18/31 assigned=188
transport: canary vendor 'decodo_patchright'
2026-08-14 19:00:21,658 INFO vendor decodo_patchright: 64 prox(y/ies), sticky session re-minted -> session-cap1786748421w18
EXIT=0
EXIT=0
captured=0 skipped=188 failed=0
2026-08-14 19:00:21,680 INFO vendor decodo_patchright: 64 prox(y/ies), sticky session re-minted -> session-cap1786748421w17
EXIT=0
captured=0 skipped=188 failed=0
EXIT=0
EXIT=0
EXIT=0
EXIT=0
EXIT=0
EXIT=0
EXIT=0
EXIT=0
EXIT=0
EXIT=0
EXIT=0
EXIT=0
2026-08-14 19:00:54,741 WARNING challenge not cleared for contest_id=2320649 -- bundle not written
captured=0 skipped=186 failed=1
EXIT=0
captured=9 skipped=179 failed=0
EXIT=0
[19:05:12] === parse captured bundles -> wbb/json/ ===
log -> logs/parse_20260814_190512.log  (watch: tail -f logs/parse_20260814_190512.log)
parsed=1 failed=0
,833 INFO ncaa_identity: contest_id=2334008 teams 3102/3102 matched, players 7950/8545 matched
parsed=1 failed=0
EXIT=0
[19:05:26] DONE: captured_bundles=91782 parsed_json=91782 (capture rc=0)
[19:05:26] next -> build the -data parquet (Phase 2, not yet built as of this branch):
[19:05:26]   cd /c/Users/saiem/Documents/GitHub-Data/sdv-dev/wehoop-dev/ncaa-wbb-hoops-raw/../ncaa-wbb-hoops-data && python -m ncaa_wbb_data_build build --dataset all --season 2023
EXIT=0
[2026-08-14 19:05:27] season 2023: chunk 2 done, 1 remaining -- cooling 60s (fresh sticky session next)
[2026-08-14 19:06:27] season 2023: MAX_ROUNDS=2 reached with 1 remaining -- moving on (re-run later to finish)
[2026-08-14 19:06:27] === season 2022 ===
[19:06:27] NCAA WBB backfill: season=2022 workers=31
[19:06:27] watch this run:  tail -f /c/Users/saiem/Documents/GitHub-Data/sdv-dev/wehoop-dev/ncaa-wbb-hoops-raw/logs/backfill_2022_20260814_190627.log
[19:06:28] === skip discover (season 2022 already in schedule_master; delete wbb/schedule_master.parquet to force) ===
[19:06:28] === capture 2022: 31 worker(s), chunk=400 new bundles per worker ===
transport: NCAA_VENDOR=decodo_patchright (canary_vendors.toml; ProxyBonanza not used)
transport: NCAA_VENDOR=decodo_patchright (canary_vendors.toml; ProxyBonanza not used)
transport: NCAA_VENDOR=decodo_patchright (canary_vendors.toml; ProxyBonanza not used)
transport: NCAA_VENDOR=decodo_patchright (canary_vendors.toml; ProxyBonanza not used)
transport: NCAA_VENDOR=decodo_patchright (canary_vendors.toml; ProxyBonanza not used)
log -> logs/capture_20260814_190628.log  (watch: tail -f logs/capture_20260814_190628.log)
transport: NCAA_VENDOR=decodo_patchright (canary_vendors.toml; ProxyBonanza not used)
transport: NCAA_VENDOR=decodo_patchright (canary_vendors.toml; ProxyBonanza not used)
transport: NCAA_VENDOR=decodo_patchright (canary_vendors.toml; ProxyBonanza not used)
transport: NCAA_VENDOR=decodo_patchright (canary_vendors.toml; ProxyBonanza not used)
log -> logs/capture_20260814_190628.log  (watch: tail -f logs/capture_20260814_190628.log)
log -> logs/capture_20260814_190628.log  (watch: tail -f logs/capture_20260814_190628.log)
log -> logs/capture_20260814_190628.log  (watch: tail -f logs/capture_20260814_190628.log)
transport: NCAA_VENDOR=decodo_patchright (canary_vendors.toml; ProxyBonanza not used)
transport: NCAA_VENDOR=decodo_patchright (canary_vendors.toml; ProxyBonanza not used)
log -> logs/capture_20260814_190628.log  (watch: tail -f logs/capture_20260814_190628.log)
transport: NCAA_VENDOR=decodo_patchright (canary_vendors.toml; ProxyBonanza not used)
transport: NCAA_VENDOR=decodo_patchright (canary_vendors.toml; ProxyBonanza not used)
transport: NCAA_VENDOR=decodo_patchright (canary_vendors.toml; ProxyBonanza not used)
log -> logs/capture_20260814_190628.log  (watch: tail -f logs/capture_20260814_190628.log)
log -> logs/capture_20260814_190628.log  (watch: tail -f logs/capture_20260814_190628.log)
log -> logs/capture_20260814_190628.log  (watch: tail -f logs/capture_20260814_190628.log)
log -> logs/capture_20260814_190628.log  (watch: tail -f logs/capture_20260814_190628.log)
log -> logs/capture_20260814_190628.log  (watch: tail -f logs/capture_20260814_190628.log)
transport: NCAA_VENDOR=decodo_patchright (canary_vendors.toml; ProxyBonanza not used)
transport: NCAA_VENDOR=decodo_patchright (canary_vendors.toml; ProxyBonanza not used)
transport: NCAA_VENDOR=decodo_patchright (canary_vendors.toml; ProxyBonanza not used)
transport: NCAA_VENDOR=decodo_patchright (canary_vendors.toml; ProxyBonanza not used)
transport: NCAA_VENDOR=decodo_patchright (canary_vendors.toml; ProxyBonanza not used)
log -> logs/capture_20260814_190628.log  (watch: tail -f logs/capture_20260814_190628.log)
log -> logs/capture_20260814_190628.log  (watch: tail -f logs/capture_20260814_190628.log)
log -> logs/capture_20260814_190628.log  (watch: tail -f logs/capture_20260814_190628.log)
log -> logs/capture_20260814_190628.log  (watch: tail -f logs/capture_20260814_190628.log)
transport: NCAA_VENDOR=decodo_patchright (canary_vendors.toml; ProxyBonanza not used)
transport: NCAA_VENDOR=decodo_patchright (canary_vendors.toml; ProxyBonanza not used)
log -> logs/capture_20260814_190628.log  (watch: tail -f logs/capture_20260814_190628.log)
transport: NCAA_VENDOR=decodo_patchright (canary_vendors.toml; ProxyBonanza not used)
transport: NCAA_VENDOR=decodo_patchright (canary_vendors.toml; ProxyBonanza not used)
log -> logs/capture_20260814_190628.log  (watch: tail -f logs/capture_20260814_190628.log)
log -> logs/capture_20260814_190628.log  (watch: tail -f logs/capture_20260814_190628.log)
log -> logs/capture_20260814_190628.log  (watch: tail -f logs/capture_20260814_190628.log)
transport: NCAA_VENDOR=decodo_patchright (canary_vendors.toml; ProxyBonanza not used)
transport: NCAA_VENDOR=decodo_patchright (canary_vendors.toml; ProxyBonanza not used)
log -> logs/capture_20260814_190628.log  (watch: tail -f logs/capture_20260814_190628.log)
transport: NCAA_VENDOR=decodo_patchright (canary_vendors.toml; ProxyBonanza not used)
transport: NCAA_VENDOR=decodo_patchright (canary_vendors.toml; ProxyBonanza not used)
transport: NCAA_VENDOR=decodo_patchright (canary_vendors.toml; ProxyBonanza not used)
log -> logs/capture_20260814_190628.log  (watch: tail -f logs/capture_20260814_190628.log)
log -> logs/capture_20260814_190628.log  (watch: tail -f logs/capture_20260814_190628.log)
transport: NCAA_VENDOR=decodo_patchright (canary_vendors.toml; ProxyBonanza not used)
log -> logs/capture_20260814_190628.log  (watch: tail -f logs/capture_20260814_190628.log)
transport: NCAA_VENDOR=decodo_patchright (canary_vendors.toml; ProxyBonanza not used)
log -> logs/capture_20260814_190628.log  (watch: tail -f logs/capture_20260814_190628.log)
transport: NCAA_VENDOR=decodo_patchright (canary_vendors.toml; ProxyBonanza not used)
log -> logs/capture_20260814_190628.log  (watch: tail -f logs/capture_20260814_190628.log)
log -> logs/capture_20260814_190628.log  (watch: tail -f logs/capture_20260814_190628.log)
log -> logs/capture_20260814_190628.log  (watch: tail -f logs/capture_20260814_190628.log)
log -> logs/capture_20260814_190628.log  (watch: tail -f logs/capture_20260814_190628.log)
log -> logs/capture_20260814_190628.log  (watch: tail -f logs/capture_20260814_190628.log)
log -> logs/capture_20260814_190628.log  (watch: tail -f logs/capture_20260814_190628.log)
log -> logs/capture_20260814_190628.log  (watch: tail -f logs/capture_20260814_190628.log)
log -> logs/capture_20260814_190628.log  (watch: tail -f logs/capture_20260814_190628.log)
pending=5511 shard=11/31 assigned=178
transport: canary vendor 'decodo_patchright'
2026-08-14 19:06:33,528 INFO vendor decodo_patchright: 64 prox(y/ies), sticky session re-minted -> session-cap1786748793w11
pending=5511 shard=9/31 assigned=178
transport: canary vendor 'decodo_patchright'
2026-08-14 19:06:34,175 INFO vendor decodo_patchright: 64 prox(y/ies), sticky session re-minted -> session-cap1786748794w9
pending=5511 shard=6/31 assigned=178
transport: canary vendor 'decodo_patchright'
2026-08-14 19:06:34,321 INFO vendor decodo_patchright: 64 prox(y/ies), sticky session re-minted -> session-cap1786748794w6
pending=5511 shard=13/31 assigned=178
transport: canary vendor 'decodo_patchright'
2026-08-14 19:06:34,387 INFO vendor decodo_patchright: 64 prox(y/ies), sticky session re-minted -> session-cap1786748794w13
pending=5511 shard=8/31 assigned=178
transport: canary vendor 'decodo_patchright'
2026-08-14 19:06:34,717 INFO vendor decodo_patchright: 64 prox(y/ies), sticky session re-minted -> session-cap1786748794w8
pending=5511 shard=0/31 assigned=178
transport: canary vendor 'decodo_patchright'
2026-08-14 19:06:34,776 INFO vendor decodo_patchright: 64 prox(y/ies), sticky session re-minted -> session-cap1786748794w0
pending=5511 shard=16/31 assigned=178
transport: canary vendor 'decodo_patchright'
2026-08-14 19:06:34,885 INFO vendor decodo_patchright: 64 prox(y/ies), sticky session re-minted -> session-cap1786748794w16
pending=5511 shard=18/31 assigned=178
transport: canary vendor 'decodo_patchright'
2026-08-14 19:06:34,885 INFO vendor decodo_patchright: 64 prox(y/ies), sticky session re-minted -> session-cap1786748794w18
pending=5511 shard=4/31 assigned=178
transport: canary vendor 'decodo_patchright'
2026-08-14 19:06:35,668 INFO vendor decodo_patchright: 64 prox(y/ies), sticky session re-minted -> session-cap1786748795w4
pending=5511 shard=1/31 assigned=178
transport: canary vendor 'decodo_patchright'
pending=5511 shard=15/31 assigned=178
transport: canary vendor 'decodo_patchright'
2026-08-14 19:06:35,680 INFO vendor decodo_patchright: 64 prox(y/ies), sticky session re-minted -> session-cap1786748795w15
2026-08-14 19:06:35,674 INFO vendor decodo_patchright: 64 prox(y/ies), sticky session re-minted -> session-cap1786748795w1
pending=5511 shard=29/31 assigned=177
transport: canary vendor 'decodo_patchright'
pending=5511 shard=5/31 assigned=178
transport: canary vendor 'decodo_patchright'
2026-08-14 19:06:36,090 INFO vendor decodo_patchright: 64 prox(y/ies), sticky session re-minted -> session-cap1786748796w29
2026-08-14 19:06:36,119 INFO vendor decodo_patchright: 64 prox(y/ies), sticky session re-minted -> session-cap1786748796w5
pending=5511 shard=12/31 assigned=178
transport: canary vendor 'decodo_patchright'
pending=5511 shard=21/31 assigned=178
transport: canary vendor 'decodo_patchright'
2026-08-14 19:06:37,135 INFO vendor decodo_patchright: 64 prox(y/ies), sticky session re-minted -> session-cap1786748797w12
2026-08-14 19:06:37,135 INFO vendor decodo_patchright: 64 prox(y/ies), sticky session re-minted -> session-cap1786748797w21
pending=5511 shard=17/31 assigned=178
transport: canary vendor 'decodo_patchright'
pending=5511 shard=22/31 assigned=178
transport: canary vendor 'decodo_patchright'
pending=5511 shard=10/31 assigned=178
transport: canary vendor 'decodo_patchright'
pending=5511 shard=2/31 assigned=178
transport: canary vendor 'decodo_patchright'
pending=5511 shard=7/31 assigned=178
transport: canary vendor 'decodo_patchright'
2026-08-14 19:06:37,831 INFO vendor decodo_patchright: 64 prox(y/ies), sticky session re-minted -> session-cap1786748797w17
pending=5511 shard=3/31 assigned=178
transport: canary vendor 'decodo_patchright'
2026-08-14 19:06:38,229 INFO vendor decodo_patchright: 64 prox(y/ies), sticky session re-minted -> session-cap1786748798w22
pending=5511 shard=30/31 assigned=177
transport: canary vendor 'decodo_patchright'
2026-08-14 19:06:38,358 INFO vendor decodo_patchright: 64 prox(y/ies), sticky session re-minted -> session-cap1786748798w10
2026-08-14 19:06:38,496 INFO vendor decodo_patchright: 64 prox(y/ies), sticky session re-minted -> session-cap1786748798w3
2026-08-14 19:06:38,458 INFO vendor decodo_patchright: 64 prox(y/ies), sticky session re-minted -> session-cap1786748798w30
2026-08-14 19:06:38,946 INFO vendor decodo_patchright: 64 prox(y/ies), sticky session re-minted -> session-cap1786748798w2
2026-08-14 19:06:39,214 INFO vendor decodo_patchright: 64 prox(y/ies), sticky session re-minted -> session-cap1786748799w7
pending=5511 shard=23/31 assigned=178
transport: canary vendor 'decodo_patchright'
2026-08-14 19:06:39,214 INFO vendor decodo_patchright: 64 prox(y/ies), sticky session re-minted -> session-cap1786748799w23
pending=5511 shard=14/31 assigned=178
transport: canary vendor 'decodo_patchright'
2026-08-14 19:06:39,242 INFO vendor decodo_patchright: 64 prox(y/ies), sticky session re-minted -> session-cap1786748799w14
pending=5511 shard=20/31 assigned=178
transport: canary vendor 'decodo_patchright'
2026-08-14 19:06:39,375 INFO vendor decodo_patchright: 64 prox(y/ies), sticky session re-minted -> session-cap1786748799w20
pending=5511 shard=27/31 assigned=177
transport: canary vendor 'decodo_patchright'
pending=5511 shard=25/31 assigned=177
transport: canary vendor 'decodo_patchright'
2026-08-14 19:06:39,793 INFO vendor decodo_patchright: 64 prox(y/ies), sticky session re-minted -> session-cap1786748799w27
2026-08-14 19:06:39,857 INFO vendor decodo_patchright: 64 prox(y/ies), sticky session re-minted -> session-cap1786748799w25
pending=5511 shard=24/31 assigned=177
transport: canary vendor 'decodo_patchright'
2026-08-14 19:06:40,307 INFO vendor decodo_patchright: 64 prox(y/ies), sticky session re-minted -> session-cap1786748800w24
pending=5511 shard=28/31 assigned=177
transport: canary vendor 'decodo_patchright'
pending=5511 shard=26/31 assigned=177
transport: canary vendor 'decodo_patchright'
2026-08-14 19:06:41,215 INFO vendor decodo_patchright: 64 prox(y/ies), sticky session re-minted -> session-cap1786748801w28
2026-08-14 19:06:41,308 INFO vendor decodo_patchright: 64 prox(y/ies), sticky session re-minted -> session-cap1786748801w26
pending=5511 shard=19/31 assigned=178
transport: canary vendor 'decodo_patchright'
2026-08-14 19:06:42,368 INFO vendor decodo_patchright: 64 prox(y/ies), sticky session re-minted -> session-cap1786748802w19
2026-08-14 19:07:17,629 WARNING challenge not cleared for contest_id=2131660 -- bundle not written
2026-08-14 19:09:36,864 WARNING challenge not cleared for contest_id=2137265 -- bundle not written
2026-08-14 19:10:17,462 WARNING challenge not cleared for contest_id=2138323 -- bundle not written
captured=14 skipped=164 failed=0
EXIT=0
captured=16 skipped=162 failed=0
EXIT=0
captured=15 skipped=163 failed=0
captured=15 skipped=162 failed=0
EXIT=0
EXIT=0
captured=15 skipped=162 failed=1
EXIT=0
captured=15 skipped=163 failed=0
EXIT=0
captured=15 skipped=162 failed=0
EXIT=0
captured=15 skipped=162 failed=0
EXIT=0
captured=15 skipped=162 failed=0
EXIT=0
captured=16 skipped=162 failed=0
EXIT=0
captured=16 skipped=162 failed=0
captured=16 skipped=162 failed=0
EXIT=0
EXIT=0
captured=16 skipped=162 failed=0
EXIT=0
captured=15 skipped=162 failed=0
captured=16 skipped=161 failed=0
EXIT=0
EXIT=0
captured=16 skipped=162 failed=0
EXIT=0
captured=16 skipped=162 failed=0
EXIT=0
captured=17 skipped=161 failed=0
EXIT=0
captured=17 skipped=161 failed=0
EXIT=0
captured=15 skipped=162 failed=0
EXIT=0
captured=15 skipped=163 failed=0
EXIT=0
captured=16 skipped=162 failed=0
EXIT=0
captured=18 skipped=160 failed=0
EXIT=0
captured=17 skipped=161 failed=0
captured=18 skipped=160 failed=0
EXIT=0
EXIT=0
captured=16 skipped=162 failed=0
EXIT=0
captured=18 skipped=160 failed=0
EXIT=0
captured=18 skipped=160 failed=0
EXIT=0
captured=15 skipped=163 failed=0
EXIT=0
captured=18 skipped=159 failed=1
EXIT=0
EXIT=127
[19:29:45] capture stopped (rc=127) -- a ban/soft-ban hard-stop or Ctrl-C (see the capture log).
[19:29:45]   This is RESUMABLE: cool down (a ban clears in minutes-hours), then re-run this
[19:29:45]   script -- already-captured contests are skipped.
[19:29:45] === parse captured bundles -> wbb/json/ ===
log -> logs/parse_20260814_192945.log  (watch: tail -f logs/parse_20260814_192945.log)
=2260861 teams 1109/2164 matched, players 2964/5862 matched
2026-08-14 19:30:31,119 INFO ncaa_identity: contest_id=2262883 teams 2529/2529 matched, players 6604/6888 matched
parsed=31 failed=0
EXIT=0
[19:30:35] DONE: captured_bundles=92276 parsed_json=92276 (capture rc=127)
[19:30:35] capture INCOMPLETE (rc=127) -- re-run this script to continue before building.
EXIT=127
[2026-08-14 19:30:36] season 2022: chunk 1 hard-stopped (rc=127), 6 remaining -- cooling 120s
[19:32:36] NCAA WBB backfill: season=2022 workers=31
[19:32:36] watch this run:  tail -f /c/Users/saiem/Documents/GitHub-Data/sdv-dev/wehoop-dev/ncaa-wbb-hoops-raw/logs/backfill_2022_20260814_193236.log
[19:32:36] === skip discover (season 2022 already in schedule_master; delete wbb/schedule_master.parquet to force) ===
[19:32:36] === capture 2022: 31 worker(s), chunk=400 new bundles per worker ===
transport: NCAA_VENDOR=decodo_patchright (canary_vendors.toml; ProxyBonanza not used)
transport: NCAA_VENDOR=decodo_patchright (canary_vendors.toml; ProxyBonanza not used)
transport: NCAA_VENDOR=decodo_patchright (canary_vendors.toml; ProxyBonanza not used)
transport: NCAA_VENDOR=decodo_patchright (canary_vendors.toml; ProxyBonanza not used)
transport: NCAA_VENDOR=decodo_patchright (canary_vendors.toml; ProxyBonanza not used)
log -> logs/capture_20260814_193237.log  (watch: tail -f logs/capture_20260814_193237.log)
transport: NCAA_VENDOR=decodo_patchright (canary_vendors.toml; ProxyBonanza not used)
log -> logs/capture_20260814_193237.log  (watch: tail -f logs/capture_20260814_193237.log)
transport: NCAA_VENDOR=decodo_patchright (canary_vendors.toml; ProxyBonanza not used)
transport: NCAA_VENDOR=decodo_patchright (canary_vendors.toml; ProxyBonanza not used)
log -> logs/capture_20260814_193237.log  (watch: tail -f logs/capture_20260814_193237.log)
transport: NCAA_VENDOR=decodo_patchright (canary_vendors.toml; ProxyBonanza not used)
log -> logs/capture_20260814_193237.log  (watch: tail -f logs/capture_20260814_193237.log)
transport: NCAA_VENDOR=decodo_patchright (canary_vendors.toml; ProxyBonanza not used)
transport: NCAA_VENDOR=decodo_patchright (canary_vendors.toml; ProxyBonanza not used)
log -> logs/capture_20260814_193237.log  (watch: tail -f logs/capture_20260814_193237.log)
transport: NCAA_VENDOR=decodo_patchright (canary_vendors.toml; ProxyBonanza not used)
transport: NCAA_VENDOR=decodo_patchright (canary_vendors.toml; ProxyBonanza not used)
transport: NCAA_VENDOR=decodo_patchright (canary_vendors.toml; ProxyBonanza not used)
log -> logs/capture_20260814_193237.log  (watch: tail -f logs/capture_20260814_193237.log)
log -> logs/capture_20260814_193237.log  (watch: tail -f logs/capture_20260814_193237.log)
log -> logs/capture_20260814_193237.log  (watch: tail -f logs/capture_20260814_193237.log)
log -> logs/capture_20260814_193237.log  (watch: tail -f logs/capture_20260814_193237.log)
transport: NCAA_VENDOR=decodo_patchright (canary_vendors.toml; ProxyBonanza not used)
log -> logs/capture_20260814_193237.log  (watch: tail -f logs/capture_20260814_193237.log)
log -> logs/capture_20260814_193237.log  (watch: tail -f logs/capture_20260814_193237.log)
transport: NCAA_VENDOR=decodo_patchright (canary_vendors.toml; ProxyBonanza not used)
transport: NCAA_VENDOR=decodo_patchright (canary_vendors.toml; ProxyBonanza not used)
transport: NCAA_VENDOR=decodo_patchright (canary_vendors.toml; ProxyBonanza not used)
transport: NCAA_VENDOR=decodo_patchright (canary_vendors.toml; ProxyBonanza not used)
log -> logs/capture_20260814_193237.log  (watch: tail -f logs/capture_20260814_193237.log)
log -> logs/capture_20260814_193237.log  (watch: tail -f logs/capture_20260814_193237.log)
log -> logs/capture_20260814_193237.log  (watch: tail -f logs/capture_20260814_193237.log)
log -> logs/capture_20260814_193237.log  (watch: tail -f logs/capture_20260814_193237.log)
transport: NCAA_VENDOR=decodo_patchright (canary_vendors.toml; ProxyBonanza not used)
transport: NCAA_VENDOR=decodo_patchright (canary_vendors.toml; ProxyBonanza not used)
transport: NCAA_VENDOR=decodo_patchright (canary_vendors.toml; ProxyBonanza not used)
log -> logs/capture_20260814_193237.log  (watch: tail -f logs/capture_20260814_193237.log)
log -> logs/capture_20260814_193237.log  (watch: tail -f logs/capture_20260814_193237.log)
transport: NCAA_VENDOR=decodo_patchright (canary_vendors.toml; ProxyBonanza not used)
log -> logs/capture_20260814_193237.log  (watch: tail -f logs/capture_20260814_193237.log)
transport: NCAA_VENDOR=decodo_patchright (canary_vendors.toml; ProxyBonanza not used)
transport: NCAA_VENDOR=decodo_patchright (canary_vendors.toml; ProxyBonanza not used)
transport: NCAA_VENDOR=decodo_patchright (canary_vendors.toml; ProxyBonanza not used)
log -> logs/capture_20260814_193237.log  (watch: tail -f logs/capture_20260814_193237.log)
transport: NCAA_VENDOR=decodo_patchright (canary_vendors.toml; ProxyBonanza not used)
log -> logs/capture_20260814_193237.log  (watch: tail -f logs/capture_20260814_193237.log)
transport: NCAA_VENDOR=decodo_patchright (canary_vendors.toml; ProxyBonanza not used)
log -> logs/capture_20260814_193237.log  (watch: tail -f logs/capture_20260814_193237.log)
transport: NCAA_VENDOR=decodo_patchright (canary_vendors.toml; ProxyBonanza not used)
log -> logs/capture_20260814_193237.log  (watch: tail -f logs/capture_20260814_193237.log)
log -> logs/capture_20260814_193237.log  (watch: tail -f logs/capture_20260814_193237.log)
log -> logs/capture_20260814_193237.log  (watch: tail -f logs/capture_20260814_193237.log)
log -> logs/capture_20260814_193237.log  (watch: tail -f logs/capture_20260814_193237.log)
log -> logs/capture_20260814_193237.log  (watch: tail -f logs/capture_20260814_193237.log)
transport: NCAA_VENDOR=decodo_patchright (canary_vendors.toml; ProxyBonanza not used)
log -> logs/capture_20260814_193237.log  (watch: tail -f logs/capture_20260814_193237.log)
log -> logs/capture_20260814_193237.log  (watch: tail -f logs/capture_20260814_193237.log)
transport: NCAA_VENDOR=decodo_patchright (canary_vendors.toml; ProxyBonanza not used)
log -> logs/capture_20260814_193237.log  (watch: tail -f logs/capture_20260814_193237.log)
log -> logs/capture_20260814_193237.log  (watch: tail -f logs/capture_20260814_193237.log)
log -> logs/capture_20260814_193237.log  (watch: tail -f logs/capture_20260814_193237.log)
pending=5511 shard=7/31 assigned=178
transport: canary vendor 'decodo_patchright'
2026-08-14 19:32:42,414 INFO vendor decodo_patchright: 64 prox(y/ies), sticky session re-minted -> session-cap1786750362w7
pending=5511 shard=8/31 assigned=178
transport: canary vendor 'decodo_patchright'
2026-08-14 19:32:43,459 INFO vendor decodo_patchright: 64 prox(y/ies), sticky session re-minted -> session-cap1786750363w8
captured=0 skipped=178 failed=0
pending=5511 shard=13/31 assigned=178
transport: canary vendor 'decodo_patchright'
2026-08-14 19:32:43,614 INFO vendor decodo_patchright: 64 prox(y/ies), sticky session re-minted -> session-cap1786750363w13
captured=0 skipped=178 failed=0
pending=5511 shard=0/31 assigned=178
transport: canary vendor 'decodo_patchright'
2026-08-14 19:32:43,862 INFO vendor decodo_patchright: 64 prox(y/ies), sticky session re-minted -> session-cap1786750363w0
captured=0 skipped=178 failed=0
pending=5511 shard=4/31 assigned=178
transport: canary vendor 'decodo_patchright'
2026-08-14 19:32:43,975 INFO vendor decodo_patchright: 64 prox(y/ies), sticky session re-minted -> session-cap1786750363w4
captured=0 skipped=178 failed=0
EXIT=0
pending=5511 shard=14/31 assigned=178
transport: canary vendor 'decodo_patchright'
2026-08-14 19:32:45,736 INFO vendor decodo_patchright: 64 prox(y/ies), sticky session re-minted -> session-cap1786750365w14
EXIT=0
captured=0 skipped=178 failed=0
pending=5511 shard=9/31 assigned=178
transport: canary vendor 'decodo_patchright'
2026-08-14 19:32:45,855 INFO vendor decodo_patchright: 64 prox(y/ies), sticky session re-minted -> session-cap1786750365w9
captured=0 skipped=178 failed=0
pending=5511 shard=2/31 assigned=178
transport: canary vendor 'decodo_patchright'
2026-08-14 19:32:46,078 INFO vendor decodo_patchright: 64 prox(y/ies), sticky session re-minted -> session-cap1786750366w2
captured=0 skipped=178 failed=0
pending=5511 shard=6/31 assigned=178
transport: canary vendor 'decodo_patchright'
2026-08-14 19:32:46,463 INFO vendor decodo_patchright: 64 prox(y/ies), sticky session re-minted -> session-cap1786750366w6
captured=0 skipped=178 failed=0
pending=5511 shard=1/31 assigned=178
transport: canary vendor 'decodo_patchright'
2026-08-14 19:32:46,603 INFO vendor decodo_patchright: 64 prox(y/ies), sticky session re-minted -> session-cap1786750366w1
pending=5511 shard=10/31 assigned=178
transport: canary vendor 'decodo_patchright'
2026-08-14 19:32:46,572 INFO vendor decodo_patchright: 64 prox(y/ies), sticky session re-minted -> session-cap1786750366w10
captured=0 skipped=178 failed=0
captured=0 skipped=178 failed=0
pending=5511 shard=3/31 assigned=178
transport: canary vendor 'decodo_patchright'
2026-08-14 19:32:46,993 INFO vendor decodo_patchright: 64 prox(y/ies), sticky session re-minted -> session-cap1786750366w3
captured=0 skipped=178 failed=0
pending=5511 shard=16/31 assigned=178
transport: canary vendor 'decodo_patchright'
2026-08-14 19:32:46,992 INFO vendor decodo_patchright: 64 prox(y/ies), sticky session re-minted -> session-cap1786750366w16
captured=0 skipped=178 failed=0
pending=5511 shard=18/31 assigned=178
transport: canary vendor 'decodo_patchright'
2026-08-14 19:32:47,069 INFO vendor decodo_patchright: 64 prox(y/ies), sticky session re-minted -> session-cap1786750367w18
captured=0 skipped=178 failed=0
pending=5511 shard=15/31 assigned=178
transport: canary vendor 'decodo_patchright'
2026-08-14 19:32:47,158 INFO vendor decodo_patchright: 64 prox(y/ies), sticky session re-minted -> session-cap1786750367w15
pending=5511 shard=12/31 assigned=178
transport: canary vendor 'decodo_patchright'
2026-08-14 19:32:47,165 INFO vendor decodo_patchright: 64 prox(y/ies), sticky session re-minted -> session-cap1786750367w12
captured=0 skipped=178 failed=0
pending=5511 shard=30/31 assigned=177
transport: canary vendor 'decodo_patchright'
2026-08-14 19:32:47,281 INFO vendor decodo_patchright: 64 prox(y/ies), sticky session re-minted -> session-cap1786750367w30
captured=0 skipped=177 failed=0
pending=5511 shard=21/31 assigned=178
transport: canary vendor 'decodo_patchright'
EXIT=0
pending=5511 shard=5/31 assigned=178
transport: canary vendor 'decodo_patchright'
2026-08-14 19:32:47,313 INFO vendor decodo_patchright: 64 prox(y/ies), sticky session re-minted -> session-cap1786750367w5
2026-08-14 19:32:47,313 INFO vendor decodo_patchright: 64 prox(y/ies), sticky session re-minted -> session-cap1786750367w21
captured=0 skipped=178 failed=0
captured=0 skipped=178 failed=0
EXIT=0
EXIT=0
pending=5511 shard=28/31 assigned=177
transport: canary vendor 'decodo_patchright'
EXIT=0
pending=5511 shard=26/31 assigned=177
transport: canary vendor 'decodo_patchright'
2026-08-14 19:32:47,473 INFO vendor decodo_patchright: 64 prox(y/ies), sticky session re-minted -> session-cap1786750367w28
2026-08-14 19:32:47,471 INFO vendor decodo_patchright: 64 prox(y/ies), sticky session re-minted -> session-cap1786750367w26
captured=0 skipped=177 failed=0
captured=0 skipped=177 failed=0
pending=5511 shard=25/31 assigned=177
transport: canary vendor 'decodo_patchright'
2026-08-14 19:32:47,507 INFO vendor decodo_patchright: 64 prox(y/ies), sticky session re-minted -> session-cap1786750367w25
captured=0 skipped=177 failed=0
EXIT=0
pending=5511 shard=19/31 assigned=178
transport: canary vendor 'decodo_patchright'
2026-08-14 19:32:47,558 INFO vendor decodo_patchright: 64 prox(y/ies), sticky session re-minted -> session-cap1786750367w19
captured=0 skipped=178 failed=0
pending=5511 shard=22/31 assigned=178
transport: canary vendor 'decodo_patchright'
2026-08-14 19:32:47,623 INFO vendor decodo_patchright: 64 prox(y/ies), sticky session re-minted -> session-cap1786750367w22
captured=0 skipped=178 failed=0
pending=5511 shard=17/31 assigned=178
transport: canary vendor 'decodo_patchright'
EXIT=0
2026-08-14 19:32:47,656 INFO vendor decodo_patchright: 64 prox(y/ies), sticky session re-minted -> session-cap1786750367w17
captured=0 skipped=178 failed=0
EXIT=0
EXIT=0
pending=5511 shard=29/31 assigned=177
transport: canary vendor 'decodo_patchright'
2026-08-14 19:32:47,719 INFO vendor decodo_patchright: 64 prox(y/ies), sticky session re-minted -> session-cap1786750367w29
captured=0 skipped=177 failed=0
pending=5511 shard=23/31 assigned=178
transport: canary vendor 'decodo_patchright'
pending=5511 shard=27/31 assigned=177
transport: canary vendor 'decodo_patchright'
2026-08-14 19:32:47,813 INFO vendor decodo_patchright: 64 prox(y/ies), sticky session re-minted -> session-cap1786750367w27
2026-08-14 19:32:47,819 INFO vendor decodo_patchright: 64 prox(y/ies), sticky session re-minted -> session-cap1786750367w23
captured=0 skipped=177 failed=0
EXIT=0
captured=0 skipped=178 failed=0
pending=5511 shard=11/31 assigned=178
transport: canary vendor 'decodo_patchright'
2026-08-14 19:32:47,856 INFO vendor decodo_patchright: 64 prox(y/ies), sticky session re-minted -> session-cap1786750367w11
EXIT=0
EXIT=0
EXIT=0
EXIT=0
pending=5511 shard=20/31 assigned=178
transport: canary vendor 'decodo_patchright'
2026-08-14 19:32:47,996 INFO vendor decodo_patchright: 64 prox(y/ies), sticky session re-minted -> session-cap1786750367w20
captured=0 skipped=178 failed=0
pending=5511 shard=24/31 assigned=177
transport: canary vendor 'decodo_patchright'
2026-08-14 19:32:48,015 INFO vendor decodo_patchright: 64 prox(y/ies), sticky session re-minted -> session-cap1786750368w24
captured=0 skipped=177 failed=0
EXIT=0
EXIT=0
EXIT=0
EXIT=0
EXIT=0
EXIT=0
EXIT=0
EXIT=0
EXIT=0
EXIT=0
EXIT=0
EXIT=0
EXIT=0
2026-08-14 19:33:20,779 WARNING challenge not cleared for contest_id=2131660 -- bundle not written
2026-08-14 19:33:22,437 WARNING challenge not cleared for contest_id=2138323 -- bundle not written
captured=0 skipped=177 failed=1
EXIT=0
2026-08-14 19:33:48,970 WARNING challenge not cleared for contest_id=2137265 -- bundle not written
captured=0 skipped=177 failed=1
EXIT=0
captured=3 skipped=174 failed=1
EXIT=0
[19:34:59] === parse captured bundles -> wbb/json/ ===
log -> logs/parse_20260814_193459.log  (watch: tail -f logs/parse_20260814_193459.log)
seasons=all bundles=92279 pending=3 force=False shard=5/16 assigned=0
2026-08-14 19:35:11,759 INFO ncaa_identity: contest_id=2258094 teams 2492/2492 matched, players 6540/6785 matched
parsed=1 failed=0
EXIT=0
[19:35:12] DONE: captured_bundles=92279 parsed_json=92279 (capture rc=0)
[19:35:12] next -> build the -data parquet (Phase 2, not yet built as of this branch):
[19:35:12]   cd /c/Users/saiem/Documents/GitHub-Data/sdv-dev/wehoop-dev/ncaa-wbb-hoops-raw/../ncaa-wbb-hoops-data && python -m ncaa_wbb_data_build build --dataset all --season 2022
EXIT=0
[2026-08-14 19:35:12] season 2022: chunk 2 done, 3 remaining -- cooling 60s (fresh sticky session next)
[2026-08-14 19:36:13] season 2022: MAX_ROUNDS=2 reached with 3 remaining -- moving on (re-run later to finish)
[2026-08-14 19:36:13] === season 2021 ===
[19:36:13] NCAA WBB backfill: season=2021 workers=31
[19:36:13] watch this run:  tail -f /c/Users/saiem/Documents/GitHub-Data/sdv-dev/wehoop-dev/ncaa-wbb-hoops-raw/logs/backfill_2021_20260814_193613.log
[19:36:13] === skip discover (season 2021 already in schedule_master; delete wbb/schedule_master.parquet to force) ===
[19:36:13] === capture 2021: 31 worker(s), chunk=400 new bundles per worker ===
transport: NCAA_VENDOR=decodo_patchright (canary_vendors.toml; ProxyBonanza not used)
transport: NCAA_VENDOR=decodo_patchright (canary_vendors.toml; ProxyBonanza not used)
transport: NCAA_VENDOR=decodo_patchright (canary_vendors.toml; ProxyBonanza not used)
transport: NCAA_VENDOR=decodo_patchright (canary_vendors.toml; ProxyBonanza not used)
transport: NCAA_VENDOR=decodo_patchright (canary_vendors.toml; ProxyBonanza not used)
transport: NCAA_VENDOR=decodo_patchright (canary_vendors.toml; ProxyBonanza not used)
transport: NCAA_VENDOR=decodo_patchright (canary_vendors.toml; ProxyBonanza not used)
log -> logs/capture_20260814_193613.log  (watch: tail -f logs/capture_20260814_193613.log)
log -> logs/capture_20260814_193613.log  (watch: tail -f logs/capture_20260814_193613.log)
log -> logs/capture_20260814_193614.log  (watch: tail -f logs/capture_20260814_193614.log)
log -> logs/capture_20260814_193614.log  (watch: tail -f logs/capture_20260814_193614.log)
transport: NCAA_VENDOR=decodo_patchright (canary_vendors.toml; ProxyBonanza not used)
transport: NCAA_VENDOR=decodo_patchright (canary_vendors.toml; ProxyBonanza not used)
log -> logs/capture_20260814_193614.log  (watch: tail -f logs/capture_20260814_193614.log)
transport: NCAA_VENDOR=decodo_patchright (canary_vendors.toml; ProxyBonanza not used)
transport: NCAA_VENDOR=decodo_patchright (canary_vendors.toml; ProxyBonanza not used)
transport: NCAA_VENDOR=decodo_patchright (canary_vendors.toml; ProxyBonanza not used)
transport: NCAA_VENDOR=decodo_patchright (canary_vendors.toml; ProxyBonanza not used)
log -> logs/capture_20260814_193614.log  (watch: tail -f logs/capture_20260814_193614.log)
transport: NCAA_VENDOR=decodo_patchright (canary_vendors.toml; ProxyBonanza not used)
log -> logs/capture_20260814_193614.log  (watch: tail -f logs/capture_20260814_193614.log)
log -> logs/capture_20260814_193614.log  (watch: tail -f logs/capture_20260814_193614.log)
log -> logs/capture_20260814_193614.log  (watch: tail -f logs/capture_20260814_193614.log)
transport: NCAA_VENDOR=decodo_patchright (canary_vendors.toml; ProxyBonanza not used)
transport: NCAA_VENDOR=decodo_patchright (canary_vendors.toml; ProxyBonanza not used)
log -> logs/capture_20260814_193614.log  (watch: tail -f logs/capture_20260814_193614.log)
transport: NCAA_VENDOR=decodo_patchright (canary_vendors.toml; ProxyBonanza not used)
transport: NCAA_VENDOR=decodo_patchright (canary_vendors.toml; ProxyBonanza not used)
log -> logs/capture_20260814_193614.log  (watch: tail -f logs/capture_20260814_193614.log)
transport: NCAA_VENDOR=decodo_patchright (canary_vendors.toml; ProxyBonanza not used)
log -> logs/capture_20260814_193614.log  (watch: tail -f logs/capture_20260814_193614.log)
transport: NCAA_VENDOR=decodo_patchright (canary_vendors.toml; ProxyBonanza not used)
log -> logs/capture_20260814_193614.log  (watch: tail -f logs/capture_20260814_193614.log)
log -> logs/capture_20260814_193614.log  (watch: tail -f logs/capture_20260814_193614.log)
transport: NCAA_VENDOR=decodo_patchright (canary_vendors.toml; ProxyBonanza not used)
transport: NCAA_VENDOR=decodo_patchright (canary_vendors.toml; ProxyBonanza not used)
transport: NCAA_VENDOR=decodo_patchright (canary_vendors.toml; ProxyBonanza not used)
log -> logs/capture_20260814_193614.log  (watch: tail -f logs/capture_20260814_193614.log)
log -> logs/capture_20260814_193614.log  (watch: tail -f logs/capture_20260814_193614.log)
log -> logs/capture_20260814_193614.log  (watch: tail -f logs/capture_20260814_193614.log)
transport: NCAA_VENDOR=decodo_patchright (canary_vendors.toml; ProxyBonanza not used)
log -> logs/capture_20260814_193614.log  (watch: tail -f logs/capture_20260814_193614.log)
transport: NCAA_VENDOR=decodo_patchright (canary_vendors.toml; ProxyBonanza not used)
log -> logs/capture_20260814_193614.log  (watch: tail -f logs/capture_20260814_193614.log)
log -> logs/capture_20260814_193614.log  (watch: tail -f logs/capture_20260814_193614.log)
transport: NCAA_VENDOR=decodo_patchright (canary_vendors.toml; ProxyBonanza not used)
transport: NCAA_VENDOR=decodo_patchright (canary_vendors.toml; ProxyBonanza not used)
log -> logs/capture_20260814_193614.log  (watch: tail -f logs/capture_20260814_193614.log)
log -> logs/capture_20260814_193614.log  (watch: tail -f logs/capture_20260814_193614.log)
transport: NCAA_VENDOR=decodo_patchright (canary_vendors.toml; ProxyBonanza not used)
transport: NCAA_VENDOR=decodo_patchright (canary_vendors.toml; ProxyBonanza not used)
log -> logs/capture_20260814_193614.log  (watch: tail -f logs/capture_20260814_193614.log)
transport: NCAA_VENDOR=decodo_patchright (canary_vendors.toml; ProxyBonanza not used)
log -> logs/capture_20260814_193614.log  (watch: tail -f logs/capture_20260814_193614.log)
transport: NCAA_VENDOR=decodo_patchright (canary_vendors.toml; ProxyBonanza not used)
log -> logs/capture_20260814_193614.log  (watch: tail -f logs/capture_20260814_193614.log)
log -> logs/capture_20260814_193614.log  (watch: tail -f logs/capture_20260814_193614.log)
log -> logs/capture_20260814_193614.log  (watch: tail -f logs/capture_20260814_193614.log)
log -> logs/capture_20260814_193614.log  (watch: tail -f logs/capture_20260814_193614.log)
log -> logs/capture_20260814_193614.log  (watch: tail -f logs/capture_20260814_193614.log)
log -> logs/capture_20260814_193614.log  (watch: tail -f logs/capture_20260814_193614.log)
log -> logs/capture_20260814_193614.log  (watch: tail -f logs/capture_20260814_193614.log)
pending=3823 shard=9/31 assigned=124
transport: canary vendor 'decodo_patchright'
2026-08-14 19:36:19,129 INFO vendor decodo_patchright: 64 prox(y/ies), sticky session re-minted -> session-cap1786750579w9
pending=3823 shard=8/31 assigned=124
transport: canary vendor 'decodo_patchright'
2026-08-14 19:36:20,364 INFO vendor decodo_patchright: 64 prox(y/ies), sticky session re-minted -> session-cap1786750580w8
pending=3823 shard=2/31 assigned=124
transport: canary vendor 'decodo_patchright'
2026-08-14 19:36:20,615 INFO vendor decodo_patchright: 64 prox(y/ies), sticky session re-minted -> session-cap1786750580w2
pending=3823 shard=18/31 assigned=123
transport: canary vendor 'decodo_patchright'
2026-08-14 19:36:20,924 INFO vendor decodo_patchright: 64 prox(y/ies), sticky session re-minted -> session-cap1786750580w18
pending=3823 shard=28/31 assigned=123
transport: canary vendor 'decodo_patchright'
2026-08-14 19:36:21,916 INFO vendor decodo_patchright: 64 prox(y/ies), sticky session re-minted -> session-cap1786750581w28
pending=3823 shard=0/31 assigned=124
transport: canary vendor 'decodo_patchright'
2026-08-14 19:36:22,318 INFO vendor decodo_patchright: 64 prox(y/ies), sticky session re-minted -> session-cap1786750582w0
pending=3823 shard=21/31 assigned=123
transport: canary vendor 'decodo_patchright'
pending=3823 shard=24/31 assigned=123
transport: canary vendor 'decodo_patchright'
2026-08-14 19:36:22,375 INFO vendor decodo_patchright: 64 prox(y/ies), sticky session re-minted -> session-cap1786750582w24
pending=3823 shard=5/31 assigned=124
transport: canary vendor 'decodo_patchright'
2026-08-14 19:36:22,389 INFO vendor decodo_patchright: 64 prox(y/ies), sticky session re-minted -> session-cap1786750582w5
pending=3823 shard=29/31 assigned=123
transport: canary vendor 'decodo_patchright'
2026-08-14 19:36:22,374 INFO vendor decodo_patchright: 64 prox(y/ies), sticky session re-minted -> session-cap1786750582w21
2026-08-14 19:36:22,538 INFO vendor decodo_patchright: 64 prox(y/ies), sticky session re-minted -> session-cap1786750582w29
pending=3823 shard=23/31 assigned=123
transport: canary vendor 'decodo_patchright'
2026-08-14 19:36:22,499 INFO vendor decodo_patchright: 64 prox(y/ies), sticky session re-minted -> session-cap1786750582w23
pending=3823 shard=6/31 assigned=124
transport: canary vendor 'decodo_patchright'
2026-08-14 19:36:22,493 INFO vendor decodo_patchright: 64 prox(y/ies), sticky session re-minted -> session-cap1786750582w6
pending=3823 shard=13/31 assigned=123
transport: canary vendor 'decodo_patchright'
pending=3823 shard=12/31 assigned=123
transport: canary vendor 'decodo_patchright'
2026-08-14 19:36:22,907 INFO vendor decodo_patchright: 64 prox(y/ies), sticky session re-minted -> session-cap1786750582w12
pending=3823 shard=3/31 assigned=124
transport: canary vendor 'decodo_patchright'
2026-08-14 19:36:22,941 INFO vendor decodo_patchright: 64 prox(y/ies), sticky session re-minted -> session-cap1786750582w3
pending=3823 shard=1/31 assigned=124
transport: canary vendor 'decodo_patchright'
pending=3823 shard=15/31 assigned=123
transport: canary vendor 'decodo_patchright'
2026-08-14 19:36:23,291 INFO vendor decodo_patchright: 64 prox(y/ies), sticky session re-minted -> session-cap1786750583w13
2026-08-14 19:36:23,357 INFO vendor decodo_patchright: 64 prox(y/ies), sticky session re-minted -> session-cap1786750583w15
2026-08-14 19:36:23,463 INFO vendor decodo_patchright: 64 prox(y/ies), sticky session re-minted -> session-cap1786750583w1
pending=3823 shard=10/31 assigned=123
transport: canary vendor 'decodo_patchright'
2026-08-14 19:36:24,167 INFO vendor decodo_patchright: 64 prox(y/ies), sticky session re-minted -> session-cap1786750584w10
pending=3823 shard=16/31 assigned=123
transport: canary vendor 'decodo_patchright'
pending=3823 shard=22/31 assigned=123
transport: canary vendor 'decodo_patchright'
pending=3823 shard=17/31 assigned=123
transport: canary vendor 'decodo_patchright'
pending=3823 shard=14/31 assigned=123
transport: canary vendor 'decodo_patchright'
pending=3823 shard=26/31 assigned=123
transport: canary vendor 'decodo_patchright'
2026-08-14 19:36:25,602 INFO vendor decodo_patchright: 64 prox(y/ies), sticky session re-minted -> session-cap1786750585w16
2026-08-14 19:36:25,741 INFO vendor decodo_patchright: 64 prox(y/ies), sticky session re-minted -> session-cap1786750585w22
2026-08-14 19:36:26,034 INFO vendor decodo_patchright: 64 prox(y/ies), sticky session re-minted -> session-cap1786750586w14
pending=3823 shard=7/31 assigned=124
transport: canary vendor 'decodo_patchright'
2026-08-14 19:36:26,058 INFO vendor decodo_patchright: 64 prox(y/ies), sticky session re-minted -> session-cap1786750586w7
2026-08-14 19:36:26,044 INFO vendor decodo_patchright: 64 prox(y/ies), sticky session re-minted -> session-cap1786750586w17
2026-08-14 19:36:26,176 INFO vendor decodo_patchright: 64 prox(y/ies), sticky session re-minted -> session-cap1786750586w26
pending=3823 shard=20/31 assigned=123
transport: canary vendor 'decodo_patchright'
2026-08-14 19:36:26,458 INFO vendor decodo_patchright: 64 prox(y/ies), sticky session re-minted -> session-cap1786750586w20
pending=3823 shard=25/31 assigned=123
transport: canary vendor 'decodo_patchright'
2026-08-14 19:36:27,251 INFO vendor decodo_patchright: 64 prox(y/ies), sticky session re-minted -> session-cap1786750587w25
pending=3823 shard=30/31 assigned=123
transport: canary vendor 'decodo_patchright'
2026-08-14 19:36:27,294 INFO vendor decodo_patchright: 64 prox(y/ies), sticky session re-minted -> session-cap1786750587w30
pending=3823 shard=4/31 assigned=124
transport: canary vendor 'decodo_patchright'
2026-08-14 19:36:27,742 INFO vendor decodo_patchright: 64 prox(y/ies), sticky session re-minted -> session-cap1786750587w4
pending=3823 shard=19/31 assigned=123
transport: canary vendor 'decodo_patchright'
2026-08-14 19:36:28,044 INFO vendor decodo_patchright: 64 prox(y/ies), sticky session re-minted -> session-cap1786750588w19
pending=3823 shard=11/31 assigned=123
transport: canary vendor 'decodo_patchright'
2026-08-14 19:36:28,305 INFO vendor decodo_patchright: 64 prox(y/ies), sticky session re-minted -> session-cap1786750588w11
pending=3823 shard=27/31 assigned=123
transport: canary vendor 'decodo_patchright'
2026-08-14 19:36:30,127 INFO vendor decodo_patchright: 64 prox(y/ies), sticky session re-minted -> session-cap1786750590w27
2026-08-14 19:37:00,821 WARNING challenge not cleared for contest_id=1978826 -- bundle not written
2026-08-14 19:37:28,111 WARNING challenge not cleared for contest_id=1978203 -- bundle not written
2026-08-14 19:37:31,660 WARNING challenge not cleared for contest_id=1981336 -- bundle not written
2026-08-14 19:37:38,415 WARNING challenge not cleared for contest_id=1981334 -- bundle not written
2026-08-14 19:37:59,698 WARNING challenge not cleared for contest_id=1980541 -- bundle not written
2026-08-14 19:38:01,944 WARNING challenge not cleared for contest_id=1989205 -- bundle not written
2026-08-14 19:38:14,375 WARNING challenge not cleared for contest_id=1991227 -- bundle not written
2026-08-14 19:39:21,275 WARNING challenge not cleared for contest_id=1994228 -- bundle not written
captured=9 skipped=114 failed=0
EXIT=0
captured=9 skipped=114 failed=0
EXIT=0
captured=10 skipped=114 failed=0
EXIT=0
captured=8 skipped=115 failed=1
EXIT=0
captured=9 skipped=114 failed=0
EXIT=0
captured=9 skipped=115 failed=0
EXIT=0
captured=9 skipped=114 failed=0
EXIT=0
captured=9 skipped=114 failed=0
EXIT=0
captured=10 skipped=113 failed=0
EXIT=0
captured=10 skipped=113 failed=0
EXIT=0
captured=10 skipped=113 failed=0
captured=10 skipped=114 failed=0
EXIT=0
EXIT=0
captured=10 skipped=114 failed=0
captured=10 skipped=113 failed=0
EXIT=0
EXIT=0
captured=10 skipped=114 failed=0
EXIT=0
captured=10 skipped=114 failed=0
EXIT=0
captured=10 skipped=114 failed=0
EXIT=0
captured=10 skipped=112 failed=1
EXIT=0
captured=11 skipped=112 failed=0
EXIT=0
captured=11 skipped=112 failed=0
captured=11 skipped=113 failed=0
EXIT=0
EXIT=0
captured=11 skipped=112 failed=0
EXIT=0
captured=11 skipped=112 failed=0
EXIT=0
captured=10 skipped=114 failed=0
EXIT=0
captured=11 skipped=112 failed=0
EXIT=0
captured=11 skipped=112 failed=0
EXIT=0
captured=10 skipped=111 failed=2
EXIT=0
captured=9 skipped=112 failed=2
EXIT=0
captured=11 skipped=111 failed=1
EXIT=0
captured=11 skipped=111 failed=1
EXIT=0
captured=11 skipped=112 failed=0
EXIT=0
[19:43:52] === parse captured bundles -> wbb/json/ ===
log -> logs/parse_20260814_194353.log  (watch: tail -f logs/parse_20260814_194353.log)
: contest_id=2060402 teams 2603/2603 matchedparsed=20 failed=0
matched
parsed=19 failed=0
EXIT=0
[19:44:31] DONE: captured_bundles=92590 parsed_json=92590 (capture rc=0)
[19:44:31] next -> build the -data parquet (Phase 2, not yet built as of this branch):
[19:44:31]   cd /c/Users/saiem/Documents/GitHub-Data/sdv-dev/wehoop-dev/ncaa-wbb-hoops-raw/../ncaa-wbb-hoops-data && python -m ncaa_wbb_data_build build --dataset all --season 2021
EXIT=0
[2026-08-14 19:44:31] season 2021: chunk 1 done, 8 remaining -- cooling 60s (fresh sticky session next)
[19:45:32] NCAA WBB backfill: season=2021 workers=31
[19:45:32] watch this run:  tail -f /c/Users/saiem/Documents/GitHub-Data/sdv-dev/wehoop-dev/ncaa-wbb-hoops-raw/logs/backfill_2021_20260814_194532.log
[19:45:32] === skip discover (season 2021 already in schedule_master; delete wbb/schedule_master.parquet to force) ===
[19:45:32] === capture 2021: 31 worker(s), chunk=400 new bundles per worker ===
transport: NCAA_VENDOR=decodo_patchright (canary_vendors.toml; ProxyBonanza not used)
transport: NCAA_VENDOR=decodo_patchright (canary_vendors.toml; ProxyBonanza not used)
transport: NCAA_VENDOR=decodo_patchright (canary_vendors.toml; ProxyBonanza not used)
transport: NCAA_VENDOR=decodo_patchright (canary_vendors.toml; ProxyBonanza not used)
transport: NCAA_VENDOR=decodo_patchright (canary_vendors.toml; ProxyBonanza not used)
transport: NCAA_VENDOR=decodo_patchright (canary_vendors.toml; ProxyBonanza not used)
transport: NCAA_VENDOR=decodo_patchright (canary_vendors.toml; ProxyBonanza not used)
log -> logs/capture_20260814_194532.log  (watch: tail -f logs/capture_20260814_194532.log)
log -> logs/capture_20260814_194532.log  (watch: tail -f logs/capture_20260814_194532.log)
log -> logs/capture_20260814_194532.log  (watch: tail -f logs/capture_20260814_194532.log)
transport: NCAA_VENDOR=decodo_patchright (canary_vendors.toml; ProxyBonanza not used)
transport: NCAA_VENDOR=decodo_patchright (canary_vendors.toml; ProxyBonanza not used)
log -> logs/capture_20260814_194532.log  (watch: tail -f logs/capture_20260814_194532.log)
transport: NCAA_VENDOR=decodo_patchright (canary_vendors.toml; ProxyBonanza not used)
log -> logs/capture_20260814_194532.log  (watch: tail -f logs/capture_20260814_194532.log)
log -> logs/capture_20260814_194532.log  (watch: tail -f logs/capture_20260814_194532.log)
transport: NCAA_VENDOR=decodo_patchright (canary_vendors.toml; ProxyBonanza not used)
transport: NCAA_VENDOR=decodo_patchright (canary_vendors.toml; ProxyBonanza not used)
transport: NCAA_VENDOR=decodo_patchright (canary_vendors.toml; ProxyBonanza not used)
transport: NCAA_VENDOR=decodo_patchright (canary_vendors.toml; ProxyBonanza not used)
log -> logs/capture_20260814_194532.log  (watch: tail -f logs/capture_20260814_194532.log)
transport: NCAA_VENDOR=decodo_patchright (canary_vendors.toml; ProxyBonanza not used)
log -> logs/capture_20260814_194532.log  (watch: tail -f logs/capture_20260814_194532.log)
log -> logs/capture_20260814_194532.log  (watch: tail -f logs/capture_20260814_194532.log)
transport: NCAA_VENDOR=decodo_patchright (canary_vendors.toml; ProxyBonanza not used)
log -> logs/capture_20260814_194532.log  (watch: tail -f logs/capture_20260814_194532.log)
log -> logs/capture_20260814_194532.log  (watch: tail -f logs/capture_20260814_194532.log)
log -> logs/capture_20260814_194532.log  (watch: tail -f logs/capture_20260814_194532.log)
transport: NCAA_VENDOR=decodo_patchright (canary_vendors.toml; ProxyBonanza not used)
transport: NCAA_VENDOR=decodo_patchright (canary_vendors.toml; ProxyBonanza not used)
log -> logs/capture_20260814_194533.log  (watch: tail -f logs/capture_20260814_194533.log)
transport: NCAA_VENDOR=decodo_patchright (canary_vendors.toml; ProxyBonanza not used)
log -> logs/capture_20260814_194533.log  (watch: tail -f logs/capture_20260814_194533.log)
log -> logs/capture_20260814_194533.log  (watch: tail -f logs/capture_20260814_194533.log)
log -> logs/capture_20260814_194533.log  (watch: tail -f logs/capture_20260814_194533.log)
transport: NCAA_VENDOR=decodo_patchright (canary_vendors.toml; ProxyBonanza not used)
transport: NCAA_VENDOR=decodo_patchright (canary_vendors.toml; ProxyBonanza not used)
transport: NCAA_VENDOR=decodo_patchright (canary_vendors.toml; ProxyBonanza not used)
transport: NCAA_VENDOR=decodo_patchright (canary_vendors.toml; ProxyBonanza not used)
transport: NCAA_VENDOR=decodo_patchright (canary_vendors.toml; ProxyBonanza not used)
transport: NCAA_VENDOR=decodo_patchright (canary_vendors.toml; ProxyBonanza not used)
log -> logs/capture_20260814_194533.log  (watch: tail -f logs/capture_20260814_194533.log)
log -> logs/capture_20260814_194533.log  (watch: tail -f logs/capture_20260814_194533.log)
transport: NCAA_VENDOR=decodo_patchright (canary_vendors.toml; ProxyBonanza not used)
log -> logs/capture_20260814_194533.log  (watch: tail -f logs/capture_20260814_194533.log)
transport: NCAA_VENDOR=decodo_patchright (canary_vendors.toml; ProxyBonanza not used)
log -> logs/capture_20260814_194533.log  (watch: tail -f logs/capture_20260814_194533.log)
transport: NCAA_VENDOR=decodo_patchright (canary_vendors.toml; ProxyBonanza not used)
log -> logs/capture_20260814_194533.log  (watch: tail -f logs/capture_20260814_194533.log)
transport: NCAA_VENDOR=decodo_patchright (canary_vendors.toml; ProxyBonanza not used)
log -> logs/capture_20260814_194533.log  (watch: tail -f logs/capture_20260814_194533.log)
log -> logs/capture_20260814_194533.log  (watch: tail -f logs/capture_20260814_194533.log)
log -> logs/capture_20260814_194533.log  (watch: tail -f logs/capture_20260814_194533.log)
log -> logs/capture_20260814_194533.log  (watch: tail -f logs/capture_20260814_194533.log)
transport: NCAA_VENDOR=decodo_patchright (canary_vendors.toml; ProxyBonanza not used)
log -> logs/capture_20260814_194533.log  (watch: tail -f logs/capture_20260814_194533.log)
transport: NCAA_VENDOR=decodo_patchright (canary_vendors.toml; ProxyBonanza not used)
log -> logs/capture_20260814_194533.log  (watch: tail -f logs/capture_20260814_194533.log)
log -> logs/capture_20260814_194533.log  (watch: tail -f logs/capture_20260814_194533.log)
log -> logs/capture_20260814_194533.log  (watch: tail -f logs/capture_20260814_194533.log)
log -> logs/capture_20260814_194533.log  (watch: tail -f logs/capture_20260814_194533.log)
log -> logs/capture_20260814_194533.log  (watch: tail -f logs/capture_20260814_194533.log)
pending=3823 shard=10/31 assigned=123
transport: canary vendor 'decodo_patchright'
2026-08-14 19:45:38,229 INFO vendor decodo_patchright: 64 prox(y/ies), sticky session re-minted -> session-cap1786751138w10
captured=0 skipped=123 failed=0
pending=3823 shard=2/31 assigned=124
transport: canary vendor 'decodo_patchright'
2026-08-14 19:45:38,302 INFO vendor decodo_patchright: 64 prox(y/ies), sticky session re-minted -> session-cap1786751138w2
captured=0 skipped=124 failed=0
pending=3823 shard=11/31 assigned=123
transport: canary vendor 'decodo_patchright'
2026-08-14 19:45:38,572 INFO vendor decodo_patchright: 64 prox(y/ies), sticky session re-minted -> session-cap1786751138w11
pending=3823 shard=9/31 assigned=124
transport: canary vendor 'decodo_patchright'
2026-08-14 19:45:39,608 INFO vendor decodo_patchright: 64 prox(y/ies), sticky session re-minted -> session-cap1786751139w9
captured=0 skipped=124 failed=0
EXIT=0
pending=3823 shard=20/31 assigned=123
transport: canary vendor 'decodo_patchright'
2026-08-14 19:45:39,847 INFO vendor decodo_patchright: 64 prox(y/ies), sticky session re-minted -> session-cap1786751139w20
EXIT=0
pending=3823 shard=17/31 assigned=123
transport: canary vendor 'decodo_patchright'
2026-08-14 19:45:40,312 INFO vendor decodo_patchright: 64 prox(y/ies), sticky session re-minted -> session-cap1786751140w17
captured=0 skipped=123 failed=0
pending=3823 shard=26/31 assigned=123
transport: canary vendor 'decodo_patchright'
2026-08-14 19:45:40,316 INFO vendor decodo_patchright: 64 prox(y/ies), sticky session re-minted -> session-cap1786751140w26
captured=0 skipped=123 failed=0
pending=3823 shard=8/31 assigned=124
transport: canary vendor 'decodo_patchright'
2026-08-14 19:45:40,958 INFO vendor decodo_patchright: 64 prox(y/ies), sticky session re-minted -> session-cap1786751140w8
captured=0 skipped=124 failed=0
pending=3823 shard=0/31 assigned=124
transport: canary vendor 'decodo_patchright'
2026-08-14 19:45:41,043 INFO vendor decodo_patchright: 64 prox(y/ies), sticky session re-minted -> session-cap1786751141w0
captured=0 skipped=124 failed=0
pending=3823 shard=6/31 assigned=124
transport: canary vendor 'decodo_patchright'
2026-08-14 19:45:41,075 INFO vendor decodo_patchright: 64 prox(y/ies), sticky session re-minted -> session-cap1786751141w6
captured=0 skipped=124 failed=0
pending=3823 shard=30/31 assigned=123
transport: canary vendor 'decodo_patchright'
pending=3823 shard=1/31 assigned=124
transport: canary vendor 'decodo_patchright'
2026-08-14 19:45:41,116 INFO vendor decodo_patchright: 64 prox(y/ies), sticky session re-minted -> session-cap1786751141w30
2026-08-14 19:45:41,117 INFO vendor decodo_patchright: 64 prox(y/ies), sticky session re-minted -> session-cap1786751141w1
captured=0 skipped=124 failed=0
captured=0 skipped=123 failed=0
pending=3823 shard=7/31 assigned=124
transport: canary vendor 'decodo_patchright'
pending=3823 shard=29/31 assigned=123
transport: canary vendor 'decodo_patchright'
2026-08-14 19:45:41,261 INFO vendor decodo_patchright: 64 prox(y/ies), sticky session re-minted -> session-cap1786751141w7
2026-08-14 19:45:41,307 INFO vendor decodo_patchright: 64 prox(y/ies), sticky session re-minted -> session-cap1786751141w29
pending=3823 shard=21/31 assigned=123
transport: canary vendor 'decodo_patchright'
2026-08-14 19:45:41,331 INFO vendor decodo_patchright: 64 prox(y/ies), sticky session re-minted -> session-cap1786751141w21
captured=0 skipped=123 failed=0
captured=0 skipped=123 failed=0
pending=3823 shard=4/31 assigned=124
transport: canary vendor 'decodo_patchright'
2026-08-14 19:45:41,499 INFO vendor decodo_patchright: 64 prox(y/ies), sticky session re-minted -> session-cap1786751141w4
captured=0 skipped=124 failed=0
pending=3823 shard=22/31 assigned=123
transport: canary vendor 'decodo_patchright'
2026-08-14 19:45:41,553 INFO vendor decodo_patchright: 64 prox(y/ies), sticky session re-minted -> session-cap1786751141w22
captured=0 skipped=123 failed=0
pending=3823 shard=15/31 assigned=123
transport: canary vendor 'decodo_patchright'
2026-08-14 19:45:41,653 INFO vendor decodo_patchright: 64 prox(y/ies), sticky session re-minted -> session-cap1786751141w15
pending=3823 shard=3/31 assigned=124
transport: canary vendor 'decodo_patchright'
2026-08-14 19:45:41,789 INFO vendor decodo_patchright: 64 prox(y/ies), sticky session re-minted -> session-cap1786751141w3
captured=0 skipped=124 failed=0
EXIT=0
EXIT=0
EXIT=0
EXIT=0
EXIT=0
EXIT=0
EXIT=0
EXIT=0
EXIT=0
EXIT=0
EXIT=0
EXIT=0
EXIT=0
pending=3823 shard=12/31 assigned=123
transport: canary vendor 'decodo_patchright'
pending=3823 shard=25/31 assigned=123
transport: canary vendor 'decodo_patchright'
2026-08-14 19:45:43,107 INFO vendor decodo_patchright: 64 prox(y/ies), sticky session re-minted -> session-cap1786751143w12
2026-08-14 19:45:43,119 INFO vendor decodo_patchright: 64 prox(y/ies), sticky session re-minted -> session-cap1786751143w25
pending=3823 shard=23/31 assigned=123
transport: canary vendor 'decodo_patchright'
captured=0 skipped=123 failed=0
pending=3823 shard=13/31 assigned=123
transport: canary vendor 'decodo_patchright'
2026-08-14 19:45:43,147 INFO vendor decodo_patchright: 64 prox(y/ies), sticky session re-minted -> session-cap1786751143w13
2026-08-14 19:45:43,151 INFO vendor decodo_patchright: 64 prox(y/ies), sticky session re-minted -> session-cap1786751143w23
pending=3823 shard=28/31 assigned=123
transport: canary vendor 'decodo_patchright'
2026-08-14 19:45:43,164 INFO vendor decodo_patchright: 64 prox(y/ies), sticky session re-minted -> session-cap1786751143w28
captured=0 skipped=123 failed=0
pending=3823 shard=27/31 assigned=123
transport: canary vendor 'decodo_patchright'
2026-08-14 19:45:43,186 INFO vendor decodo_patchright: 64 prox(y/ies), sticky session re-minted -> session-cap1786751143w27
captured=0 skipped=123 failed=0
captured=0 skipped=123 failed=0
pending=3823 shard=5/31 assigned=124
transport: canary vendor 'decodo_patchright'
pending=3823 shard=19/31 assigned=123
transport: canary vendor 'decodo_patchright'
2026-08-14 19:45:43,294 INFO vendor decodo_patchright: 64 prox(y/ies), sticky session re-minted -> session-cap1786751143w19
captured=0 skipped=123 failed=0
2026-08-14 19:45:43,302 INFO vendor decodo_patchright: 64 prox(y/ies), sticky session re-minted -> session-cap1786751143w5
captured=0 skipped=124 failed=0
pending=3823 shard=24/31 assigned=123
transport: canary vendor 'decodo_patchright'
2026-08-14 19:45:43,424 INFO vendor decodo_patchright: 64 prox(y/ies), sticky session re-minted -> session-cap1786751143w24
captured=0 skipped=123 failed=0
pending=3823 shard=18/31 assigned=123
transport: canary vendor 'decodo_patchright'
2026-08-14 19:45:43,651 INFO vendor decodo_patchright: 64 prox(y/ies), sticky session re-minted -> session-cap1786751143w18
captured=0 skipped=123 failed=0
pending=3823 shard=16/31 assigned=123
transport: canary vendor 'decodo_patchright'
2026-08-14 19:45:43,671 INFO vendor decodo_patchright: 64 prox(y/ies), sticky session re-minted -> session-cap1786751143w16
captured=0 skipped=123 failed=0
pending=3823 shard=14/31 assigned=123
transport: canary vendor 'decodo_patchright'
2026-08-14 19:45:43,678 INFO vendor decodo_patchright: 64 prox(y/ies), sticky session re-minted -> session-cap1786751143w14
captured=0 skipped=123 failed=0
EXIT=0
EXIT=0
EXIT=0
EXIT=0
EXIT=0
EXIT=0
EXIT=0
EXIT=0
EXIT=0
EXIT=0
2026-08-14 19:46:12,528 WARNING challenge not cleared for contest_id=1981334 -- bundle not written
captured=0 skipped=122 failed=1
EXIT=0
2026-08-14 19:46:15,780 WARNING challenge not cleared for contest_id=1991227 -- bundle not written
captured=0 skipped=122 failed=1
2026-08-14 19:46:16,059 WARNING challenge not cleared for contest_id=1994228 -- bundle not written
EXIT=0
captured=0 skipped=123 failed=1
EXIT=0
2026-08-14 19:46:16,521 WARNING challenge not cleared for contest_id=1981336 -- bundle not written
2026-08-14 19:46:21,014 WARNING challenge not cleared for contest_id=1978826 -- bundle not written
captured=0 skipped=122 failed=1
EXIT=0
2026-08-14 19:46:46,174 WARNING challenge not cleared for contest_id=1989205 -- bundle not written
captured=0 skipped=121 failed=2
EXIT=0
2026-08-14 19:48:34,919 WARNING challenge not cleared for contest_id=1978203 -- bundle not written
2026-08-14 19:49:05,410 WARNING challenge not cleared for contest_id=1980541 -- bundle not written
captured=0 skipped=121 failed=2
EXIT=0
[19:49:05] === parse captured bundles -> wbb/json/ ===
log -> logs/parse_20260814_194905.log  (watch: tail -f logs/parse_20260814_194905.log)
seasons=all bundles=92590 pending=0 force=False shard=6/16 assigned=0
parsed=0 failed=0

EXIT=0
[19:49:17] DONE: captured_bundles=92590 parsed_json=92590 (capture rc=0)
[19:49:17] next -> build the -data parquet (Phase 2, not yet built as of this branch):
[19:49:17]   cd /c/Users/saiem/Documents/GitHub-Data/sdv-dev/wehoop-dev/ncaa-wbb-hoops-raw/../ncaa-wbb-hoops-data && python -m ncaa_wbb_data_build build --dataset all --season 2021
EXIT=0
[2026-08-14 19:49:17] season 2021: round 2 captured nothing (8 left, un-capturable) -- treating as done
[2026-08-14 19:49:17] === season 2020 ===
[19:49:18] NCAA WBB backfill: season=2020 workers=31
[19:49:18] watch this run:  tail -f /c/Users/saiem/Documents/GitHub-Data/sdv-dev/wehoop-dev/ncaa-wbb-hoops-raw/logs/backfill_2020_20260814_194918.log
[19:49:18] === skip discover (season 2020 already in schedule_master; delete wbb/schedule_master.parquet to force) ===
[19:49:18] === capture 2020: 31 worker(s), chunk=400 new bundles per worker ===
transport: NCAA_VENDOR=decodo_patchright (canary_vendors.toml; ProxyBonanza not used)
transport: NCAA_VENDOR=decodo_patchright (canary_vendors.toml; ProxyBonanza not used)
transport: NCAA_VENDOR=decodo_patchright (canary_vendors.toml; ProxyBonanza not used)
transport: NCAA_VENDOR=decodo_patchright (canary_vendors.toml; ProxyBonanza not used)
transport: NCAA_VENDOR=decodo_patchright (canary_vendors.toml; ProxyBonanza not used)
transport: NCAA_VENDOR=decodo_patchright (canary_vendors.toml; ProxyBonanza not used)
transport: NCAA_VENDOR=decodo_patchright (canary_vendors.toml; ProxyBonanza not used)
log -> logs/capture_20260814_194918.log  (watch: tail -f logs/capture_20260814_194918.log)
transport: NCAA_VENDOR=decodo_patchright (canary_vendors.toml; ProxyBonanza not used)
log -> logs/capture_20260814_194918.log  (watch: tail -f logs/capture_20260814_194918.log)
transport: NCAA_VENDOR=decodo_patchright (canary_vendors.toml; ProxyBonanza not used)
log -> logs/capture_20260814_194918.log  (watch: tail -f logs/capture_20260814_194918.log)
log -> logs/capture_20260814_194918.log  (watch: tail -f logs/capture_20260814_194918.log)
transport: NCAA_VENDOR=decodo_patchright (canary_vendors.toml; ProxyBonanza not used)
log -> logs/capture_20260814_194918.log  (watch: tail -f logs/capture_20260814_194918.log)
log -> logs/capture_20260814_194918.log  (watch: tail -f logs/capture_20260814_194918.log)
transport: NCAA_VENDOR=decodo_patchright (canary_vendors.toml; ProxyBonanza not used)
transport: NCAA_VENDOR=decodo_patchright (canary_vendors.toml; ProxyBonanza not used)
transport: NCAA_VENDOR=decodo_patchright (canary_vendors.toml; ProxyBonanza not used)
log -> logs/capture_20260814_194918.log  (watch: tail -f logs/capture_20260814_194918.log)
log -> logs/capture_20260814_194918.log  (watch: tail -f logs/capture_20260814_194918.log)
transport: NCAA_VENDOR=decodo_patchright (canary_vendors.toml; ProxyBonanza not used)
log -> logs/capture_20260814_194918.log  (watch: tail -f logs/capture_20260814_194918.log)
transport: NCAA_VENDOR=decodo_patchright (canary_vendors.toml; ProxyBonanza not used)
transport: NCAA_VENDOR=decodo_patchright (canary_vendors.toml; ProxyBonanza not used)
transport: NCAA_VENDOR=decodo_patchright (canary_vendors.toml; ProxyBonanza not used)
transport: NCAA_VENDOR=decodo_patchright (canary_vendors.toml; ProxyBonanza not used)
log -> logs/capture_20260814_194918.log  (watch: tail -f logs/capture_20260814_194918.log)
log -> logs/capture_20260814_194918.log  (watch: tail -f logs/capture_20260814_194918.log)
log -> logs/capture_20260814_194918.log  (watch: tail -f logs/capture_20260814_194918.log)
log -> logs/capture_20260814_194918.log  (watch: tail -f logs/capture_20260814_194918.log)
transport: NCAA_VENDOR=decodo_patchright (canary_vendors.toml; ProxyBonanza not used)
transport: NCAA_VENDOR=decodo_patchright (canary_vendors.toml; ProxyBonanza not used)
transport: NCAA_VENDOR=decodo_patchright (canary_vendors.toml; ProxyBonanza not used)
transport: NCAA_VENDOR=decodo_patchright (canary_vendors.toml; ProxyBonanza not used)
log -> logs/capture_20260814_194919.log  (watch: tail -f logs/capture_20260814_194919.log)
log -> logs/capture_20260814_194919.log  (watch: tail -f logs/capture_20260814_194919.log)
log -> logs/capture_20260814_194919.log  (watch: tail -f logs/capture_20260814_194919.log)
transport: NCAA_VENDOR=decodo_patchright (canary_vendors.toml; ProxyBonanza not used)
transport: NCAA_VENDOR=decodo_patchright (canary_vendors.toml; ProxyBonanza not used)
log -> logs/capture_20260814_194919.log  (watch: tail -f logs/capture_20260814_194919.log)
transport: NCAA_VENDOR=decodo_patchright (canary_vendors.toml; ProxyBonanza not used)
log -> logs/capture_20260814_194919.log  (watch: tail -f logs/capture_20260814_194919.log)
log -> logs/capture_20260814_194919.log  (watch: tail -f logs/capture_20260814_194919.log)
log -> logs/capture_20260814_194919.log  (watch: tail -f logs/capture_20260814_194919.log)
transport: NCAA_VENDOR=decodo_patchright (canary_vendors.toml; ProxyBonanza not used)
transport: NCAA_VENDOR=decodo_patchright (canary_vendors.toml; ProxyBonanza not used)
transport: NCAA_VENDOR=decodo_patchright (canary_vendors.toml; ProxyBonanza not used)
log -> logs/capture_20260814_194919.log  (watch: tail -f logs/capture_20260814_194919.log)
transport: NCAA_VENDOR=decodo_patchright (canary_vendors.toml; ProxyBonanza not used)
log -> logs/capture_20260814_194919.log  (watch: tail -f logs/capture_20260814_194919.log)
transport: NCAA_VENDOR=decodo_patchright (canary_vendors.toml; ProxyBonanza not used)
log -> logs/capture_20260814_194919.log  (watch: tail -f logs/capture_20260814_194919.log)
log -> logs/capture_20260814_194919.log  (watch: tail -f logs/capture_20260814_194919.log)
log -> logs/capture_20260814_194919.log  (watch: tail -f logs/capture_20260814_194919.log)
transport: NCAA_VENDOR=decodo_patchright (canary_vendors.toml; ProxyBonanza not used)
log -> logs/capture_20260814_194919.log  (watch: tail -f logs/capture_20260814_194919.log)
log -> logs/capture_20260814_194919.log  (watch: tail -f logs/capture_20260814_194919.log)
log -> logs/capture_20260814_194919.log  (watch: tail -f logs/capture_20260814_194919.log)
log -> logs/capture_20260814_194919.log  (watch: tail -f logs/capture_20260814_194919.log)
log -> logs/capture_20260814_194919.log  (watch: tail -f logs/capture_20260814_194919.log)
log -> logs/capture_20260814_194919.log  (watch: tail -f logs/capture_20260814_194919.log)
pending=5433 shard=8/31 assigned=175
transport: canary vendor 'decodo_patchright'
2026-08-14 19:49:23,703 INFO vendor decodo_patchright: 64 prox(y/ies), sticky session re-minted -> session-cap1786751363w8
captured=0 skipped=175 failed=0
pending=5433 shard=5/31 assigned=176
transport: canary vendor 'decodo_patchright'
2026-08-14 19:49:24,336 INFO vendor decodo_patchright: 64 prox(y/ies), sticky session re-minted -> session-cap1786751364w5
captured=0 skipped=176 failed=0
pending=5433 shard=2/31 assigned=176
transport: canary vendor 'decodo_patchright'
2026-08-14 19:49:24,454 INFO vendor decodo_patchright: 64 prox(y/ies), sticky session re-minted -> session-cap1786751364w2
captured=0 skipped=176 failed=0
pending=5433 shard=0/31 assigned=176
transport: canary vendor 'decodo_patchright'
2026-08-14 19:49:24,971 INFO vendor decodo_patchright: 64 prox(y/ies), sticky session re-minted -> session-cap1786751364w0
captured=0 skipped=176 failed=0
pending=5433 shard=14/31 assigned=175
transport: canary vendor 'decodo_patchright'
2026-08-14 19:49:25,171 INFO vendor decodo_patchright: 64 prox(y/ies), sticky session re-minted -> session-cap1786751365w14
pending=5433 shard=3/31 assigned=176
transport: canary vendor 'decodo_patchright'
2026-08-14 19:49:25,133 INFO vendor decodo_patchright: 64 prox(y/ies), sticky session re-minted -> session-cap1786751365w3
captured=0 skipped=176 failed=0
captured=0 skipped=175 failed=0
pending=5433 shard=7/31 assigned=176
transport: canary vendor 'decodo_patchright'
2026-08-14 19:49:25,440 INFO vendor decodo_patchright: 64 prox(y/ies), sticky session re-minted -> session-cap1786751365w7
captured=0 skipped=176 failed=0
EXIT=0
pending=5433 shard=10/31 assigned=175
transport: canary vendor 'decodo_patchright'
2026-08-14 19:49:25,906 INFO vendor decodo_patchright: 64 prox(y/ies), sticky session re-minted -> session-cap1786751365w10
pending=5433 shard=6/31 assigned=176
transport: canary vendor 'decodo_patchright'
2026-08-14 19:49:25,900 INFO vendor decodo_patchright: 64 prox(y/ies), sticky session re-minted -> session-cap1786751365w6
pending=5433 shard=20/31 assigned=175
transport: canary vendor 'decodo_patchright'
2026-08-14 19:49:25,900 INFO vendor decodo_patchright: 64 prox(y/ies), sticky session re-minted -> session-cap1786751365w20
captured=0 skipped=175 failed=0
captured=0 skipped=175 failed=0
pending=5433 shard=9/31 assigned=175
transport: canary vendor 'decodo_patchright'
2026-08-14 19:49:26,188 INFO vendor decodo_patchright: 64 prox(y/ies), sticky session re-minted -> session-cap1786751366w9
captured=0 skipped=175 failed=0
pending=5433 shard=13/31 assigned=175
transport: canary vendor 'decodo_patchright'
2026-08-14 19:49:27,052 INFO vendor decodo_patchright: 64 prox(y/ies), sticky session re-minted -> session-cap1786751367w13
captured=0 skipped=175 failed=0
pending=5433 shard=26/31 assigned=175
transport: canary vendor 'decodo_patchright'
2026-08-14 19:49:27,088 INFO vendor decodo_patchright: 64 prox(y/ies), sticky session re-minted -> session-cap1786751367w26
captured=0 skipped=175 failed=0
pending=5433 shard=23/31 assigned=175
transport: canary vendor 'decodo_patchright'
2026-08-14 19:49:27,254 INFO vendor decodo_patchright: 64 prox(y/ies), sticky session re-minted -> session-cap1786751367w23
EXIT=0
pending=5433 shard=4/31 assigned=176
transport: canary vendor 'decodo_patchright'
2026-08-14 19:49:27,300 INFO vendor decodo_patchright: 64 prox(y/ies), sticky session re-minted -> session-cap1786751367w4
captured=0 skipped=176 failed=0
EXIT=0
EXIT=0
EXIT=0
EXIT=0
pending=5433 shard=11/31 assigned=175
transport: canary vendor 'decodo_patchright'
EXIT=0
pending=5433 shard=22/31 assigned=175
transport: canary vendor 'decodo_patchright'
pending=5433 shard=15/31 assigned=175
transport: canary vendor 'decodo_patchright'
pending=5433 shard=1/31 assigned=176
transport: canary vendor 'decodo_patchright'
2026-08-14 19:49:27,663 INFO vendor decodo_patchright: 64 prox(y/ies), sticky session re-minted -> session-cap1786751367w1
2026-08-14 19:49:27,675 INFO vendor decodo_patchright: 64 prox(y/ies), sticky session re-minted -> session-cap1786751367w15
2026-08-14 19:49:27,685 INFO vendor decodo_patchright: 64 prox(y/ies), sticky session re-minted -> session-cap1786751367w11
captured=0 skipped=176 failed=0
captured=0 skipped=175 failed=0
captured=0 skipped=175 failed=0
pending=5433 shard=19/31 assigned=175
transport: canary vendor 'decodo_patchright'
2026-08-14 19:49:27,803 INFO vendor decodo_patchright: 64 prox(y/ies), sticky session re-minted -> session-cap1786751367w19
captured=0 skipped=175 failed=0
2026-08-14 19:49:27,815 INFO vendor decodo_patchright: 64 prox(y/ies), sticky session re-minted -> session-cap1786751367w22
captured=0 skipped=175 failed=0
pending=5433 shard=29/31 assigned=175
transport: canary vendor 'decodo_patchright'
2026-08-14 19:49:27,911 INFO vendor decodo_patchright: 64 prox(y/ies), sticky session re-minted -> session-cap1786751367w29
captured=0 skipped=175 failed=0
pending=5433 shard=25/31 assigned=175
transport: canary vendor 'decodo_patchright'
2026-08-14 19:49:27,990 INFO vendor decodo_patchright: 64 prox(y/ies), sticky session re-minted -> session-cap1786751367w25
captured=0 skipped=175 failed=0
EXIT=0
EXIT=0
EXIT=0
pending=5433 shard=17/31 assigned=175
transport: canary vendor 'decodo_patchright'
2026-08-14 19:49:28,082 INFO vendor decodo_patchright: 64 prox(y/ies), sticky session re-minted -> session-cap1786751368w17
captured=0 skipped=175 failed=0
pending=5433 shard=18/31 assigned=175
transport: canary vendor 'decodo_patchright'
pending=5433 shard=21/31 assigned=175
transport: canary vendor 'decodo_patchright'
2026-08-14 19:49:28,111 INFO vendor decodo_patchright: 64 prox(y/ies), sticky session re-minted -> session-cap1786751368w21
2026-08-14 19:49:28,100 INFO vendor decodo_patchright: 64 prox(y/ies), sticky session re-minted -> session-cap1786751368w18
captured=0 skipped=175 failed=0
captured=0 skipped=175 failed=0
pending=5433 shard=12/31 assigned=175
transport: canary vendor 'decodo_patchright'
2026-08-14 19:49:28,139 INFO vendor decodo_patchright: 64 prox(y/ies), sticky session re-minted -> session-cap1786751368w12
captured=0 skipped=175 failed=0
EXIT=0
pending=5433 shard=30/31 assigned=175
transport: canary vendor 'decodo_patchright'
2026-08-14 19:49:28,216 INFO vendor decodo_patchright: 64 prox(y/ies), sticky session re-minted -> session-cap1786751368w30
pending=5433 shard=24/31 assigned=175
transport: canary vendor 'decodo_patchright'
EXIT=0
pending=5433 shard=27/31 assigned=175
transport: canary vendor 'decodo_patchright'
2026-08-14 19:49:28,234 INFO vendor decodo_patchright: 64 prox(y/ies), sticky session re-minted -> session-cap1786751368w27
2026-08-14 19:49:28,229 INFO vendor decodo_patchright: 64 prox(y/ies), sticky session re-minted -> session-cap1786751368w24
captured=0 skipped=175 failed=0
captured=0 skipped=175 failed=0
EXIT=0
EXIT=0
pending=5433 shard=16/31 assigned=175
transport: canary vendor 'decodo_patchright'
2026-08-14 19:49:28,364 INFO vendor decodo_patchright: 64 prox(y/ies), sticky session re-minted -> session-cap1786751368w16
captured=0 skipped=175 failed=0
EXIT=0
EXIT=0
EXIT=0
EXIT=0
pending=5433 shard=28/31 assigned=175
transport: canary vendor 'decodo_patchright'
2026-08-14 19:49:28,538 INFO vendor decodo_patchright: 64 prox(y/ies), sticky session re-minted -> session-cap1786751368w28
captured=0 skipped=175 failed=0
EXIT=0
EXIT=0
EXIT=0
EXIT=0
EXIT=0
EXIT=0
EXIT=0
EXIT=0
EXIT=0
EXIT=0
2026-08-14 19:50:03,482 WARNING challenge not cleared for contest_id=1791008 -- bundle not written
captured=0 skipped=174 failed=1
2026-08-14 19:50:03,736 WARNING challenge not cleared for contest_id=1970438 -- bundle not written
captured=0 skipped=174 failed=1
EXIT=0
EXIT=0
2026-08-14 19:50:05,364 WARNING challenge not cleared for contest_id=1784059 -- bundle not written
captured=0 skipped=175 failed=1
EXIT=0
[19:50:05] === parse captured bundles -> wbb/json/ ===
log -> logs/parse_20260814_195005.log  (watch: tail -f logs/parse_20260814_195005.log)
seasons=all bundles=92590 pending=0 force=False shard=10/16 assigned=0
parsed=0 failed=0
EXIT=0
[19:50:17] DONE: captured_bundles=92590 parsed_json=92590 (capture rc=0)
[19:50:17] next -> build the -data parquet (Phase 2, not yet built as of this branch):
[19:50:17]   cd /c/Users/saiem/Documents/GitHub-Data/sdv-dev/wehoop-dev/ncaa-wbb-hoops-raw/../ncaa-wbb-hoops-data && python -m ncaa_wbb_data_build build --dataset all --season 2020
EXIT=0
[2026-08-14 19:50:18] season 2020: round 1 captured nothing (3 left, un-capturable) -- treating as done
[2026-08-14 19:50:18] === season 2019 ===
[19:50:18] NCAA WBB backfill: season=2019 workers=31
[19:50:18] watch this run:  tail -f /c/Users/saiem/Documents/GitHub-Data/sdv-dev/wehoop-dev/ncaa-wbb-hoops-raw/logs/backfill_2019_20260814_195018.log
[19:50:18] === skip discover (season 2019 already in schedule_master; delete wbb/schedule_master.parquet to force) ===
[19:50:18] === capture 2019: 31 worker(s), chunk=400 new bundles per worker ===
transport: NCAA_VENDOR=decodo_patchright (canary_vendors.toml; ProxyBonanza not used)
transport: NCAA_VENDOR=decodo_patchright (canary_vendors.toml; ProxyBonanza not used)
transport: NCAA_VENDOR=decodo_patchright (canary_vendors.toml; ProxyBonanza not used)
transport: NCAA_VENDOR=decodo_patchright (canary_vendors.toml; ProxyBonanza not used)
transport: NCAA_VENDOR=decodo_patchright (canary_vendors.toml; ProxyBonanza not used)
transport: NCAA_VENDOR=decodo_patchright (canary_vendors.toml; ProxyBonanza not used)
transport: NCAA_VENDOR=decodo_patchright (canary_vendors.toml; ProxyBonanza not used)
log -> logs/capture_20260814_195019.log  (watch: tail -f logs/capture_20260814_195019.log)
transport: NCAA_VENDOR=decodo_patchright (canary_vendors.toml; ProxyBonanza not used)
transport: NCAA_VENDOR=decodo_patchright (canary_vendors.toml; ProxyBonanza not used)
log -> logs/capture_20260814_195019.log  (watch: tail -f logs/capture_20260814_195019.log)
transport: NCAA_VENDOR=decodo_patchright (canary_vendors.toml; ProxyBonanza not used)
log -> logs/capture_20260814_195019.log  (watch: tail -f logs/capture_20260814_195019.log)
log -> logs/capture_20260814_195019.log  (watch: tail -f logs/capture_20260814_195019.log)
log -> logs/capture_20260814_195019.log  (watch: tail -f logs/capture_20260814_195019.log)
log -> logs/capture_20260814_195019.log  (watch: tail -f logs/capture_20260814_195019.log)
log -> logs/capture_20260814_195019.log  (watch: tail -f logs/capture_20260814_195019.log)
transport: NCAA_VENDOR=decodo_patchright (canary_vendors.toml; ProxyBonanza not used)
transport: NCAA_VENDOR=decodo_patchright (canary_vendors.toml; ProxyBonanza not used)
log -> logs/capture_20260814_195019.log  (watch: tail -f logs/capture_20260814_195019.log)
log -> logs/capture_20260814_195019.log  (watch: tail -f logs/capture_20260814_195019.log)
transport: NCAA_VENDOR=decodo_patchright (canary_vendors.toml; ProxyBonanza not used)
log -> logs/capture_20260814_195019.log  (watch: tail -f logs/capture_20260814_195019.log)
transport: NCAA_VENDOR=decodo_patchright (canary_vendors.toml; ProxyBonanza not used)
transport: NCAA_VENDOR=decodo_patchright (canary_vendors.toml; ProxyBonanza not used)
transport: NCAA_VENDOR=decodo_patchright (canary_vendors.toml; ProxyBonanza not used)
log -> logs/capture_20260814_195019.log  (watch: tail -f logs/capture_20260814_195019.log)
log -> logs/capture_20260814_195019.log  (watch: tail -f logs/capture_20260814_195019.log)
transport: NCAA_VENDOR=decodo_patchright (canary_vendors.toml; ProxyBonanza not used)
transport: NCAA_VENDOR=decodo_patchright (canary_vendors.toml; ProxyBonanza not used)
transport: NCAA_VENDOR=decodo_patchright (canary_vendors.toml; ProxyBonanza not used)
log -> logs/capture_20260814_195019.log  (watch: tail -f logs/capture_20260814_195019.log)
log -> logs/capture_20260814_195019.log  (watch: tail -f logs/capture_20260814_195019.log)
log -> logs/capture_20260814_195019.log  (watch: tail -f logs/capture_20260814_195019.log)
transport: NCAA_VENDOR=decodo_patchright (canary_vendors.toml; ProxyBonanza not used)
transport: NCAA_VENDOR=decodo_patchright (canary_vendors.toml; ProxyBonanza not used)
transport: NCAA_VENDOR=decodo_patchright (canary_vendors.toml; ProxyBonanza not used)
log -> logs/capture_20260814_195019.log  (watch: tail -f logs/capture_20260814_195019.log)
transport: NCAA_VENDOR=decodo_patchright (canary_vendors.toml; ProxyBonanza not used)
log -> logs/capture_20260814_195019.log  (watch: tail -f logs/capture_20260814_195019.log)
transport: NCAA_VENDOR=decodo_patchright (canary_vendors.toml; ProxyBonanza not used)
transport: NCAA_VENDOR=decodo_patchright (canary_vendors.toml; ProxyBonanza not used)
log -> logs/capture_20260814_195019.log  (watch: tail -f logs/capture_20260814_195019.log)
log -> logs/capture_20260814_195019.log  (watch: tail -f logs/capture_20260814_195019.log)
transport: NCAA_VENDOR=decodo_patchright (canary_vendors.toml; ProxyBonanza not used)
transport: NCAA_VENDOR=decodo_patchright (canary_vendors.toml; ProxyBonanza not used)
log -> logs/capture_20260814_195019.log  (watch: tail -f logs/capture_20260814_195019.log)
transport: NCAA_VENDOR=decodo_patchright (canary_vendors.toml; ProxyBonanza not used)
log -> logs/capture_20260814_195019.log  (watch: tail -f logs/capture_20260814_195019.log)
log -> logs/capture_20260814_195019.log  (watch: tail -f logs/capture_20260814_195019.log)
transport: NCAA_VENDOR=decodo_patchright (canary_vendors.toml; ProxyBonanza not used)
transport: NCAA_VENDOR=decodo_patchright (canary_vendors.toml; ProxyBonanza not used)
log -> logs/capture_20260814_195019.log  (watch: tail -f logs/capture_20260814_195019.log)
log -> logs/capture_20260814_195019.log  (watch: tail -f logs/capture_20260814_195019.log)
transport: NCAA_VENDOR=decodo_patchright (canary_vendors.toml; ProxyBonanza not used)
log -> logs/capture_20260814_195019.log  (watch: tail -f logs/capture_20260814_195019.log)
log -> logs/capture_20260814_195019.log  (watch: tail -f logs/capture_20260814_195019.log)
log -> logs/capture_20260814_195019.log  (watch: tail -f logs/capture_20260814_195019.log)
log -> logs/capture_20260814_195019.log  (watch: tail -f logs/capture_20260814_195019.log)
log -> logs/capture_20260814_195019.log  (watch: tail -f logs/capture_20260814_195019.log)
log -> logs/capture_20260814_195019.log  (watch: tail -f logs/capture_20260814_195019.log)
log -> logs/capture_20260814_195019.log  (watch: tail -f logs/capture_20260814_195019.log)
pending=5658 shard=8/31 assigned=183
transport: canary vendor 'decodo_patchright'
2026-08-14 19:50:23,897 INFO vendor decodo_patchright: 64 prox(y/ies), sticky session re-minted -> session-cap1786751423w8
pending=5658 shard=0/31 assigned=183
transport: canary vendor 'decodo_patchright'
2026-08-14 19:50:24,154 INFO vendor decodo_patchright: 64 prox(y/ies), sticky session re-minted -> session-cap1786751424w0
pending=5658 shard=9/31 assigned=183
transport: canary vendor 'decodo_patchright'
2026-08-14 19:50:25,247 INFO vendor decodo_patchright: 64 prox(y/ies), sticky session re-minted -> session-cap1786751425w9
pending=5658 shard=2/31 assigned=183
transport: canary vendor 'decodo_patchright'
2026-08-14 19:50:25,803 INFO vendor decodo_patchright: 64 prox(y/ies), sticky session re-minted -> session-cap1786751425w2
pending=5658 shard=12/31 assigned=183
transport: canary vendor 'decodo_patchright'
2026-08-14 19:50:25,949 INFO vendor decodo_patchright: 64 prox(y/ies), sticky session re-minted -> session-cap1786751425w12
pending=5658 shard=24/31 assigned=182
transport: canary vendor 'decodo_patchright'
2026-08-14 19:50:26,035 INFO vendor decodo_patchright: 64 prox(y/ies), sticky session re-minted -> session-cap1786751426w24
pending=5658 shard=18/31 assigned=182
transport: canary vendor 'decodo_patchright'
2026-08-14 19:50:26,069 INFO vendor decodo_patchright: 64 prox(y/ies), sticky session re-minted -> session-cap1786751426w18
pending=5658 shard=16/31 assigned=182
transport: canary vendor 'decodo_patchright'
2026-08-14 19:50:26,092 INFO vendor decodo_patchright: 64 prox(y/ies), sticky session re-minted -> session-cap1786751426w16
pending=5658 shard=6/31 assigned=183
transport: canary vendor 'decodo_patchright'
2026-08-14 19:50:26,414 INFO vendor decodo_patchright: 64 prox(y/ies), sticky session re-minted -> session-cap1786751426w6
pending=5658 shard=23/31 assigned=182
transport: canary vendor 'decodo_patchright'
2026-08-14 19:50:28,055 INFO vendor decodo_patchright: 64 prox(y/ies), sticky session re-minted -> session-cap1786751428w23
pending=5658 shard=10/31 assigned=183
transport: canary vendor 'decodo_patchright'
pending=5658 shard=15/31 assigned=183
transport: canary vendor 'decodo_patchright'
pending=5658 shard=28/31 assigned=182
transport: canary vendor 'decodo_patchright'
pending=5658 shard=25/31 assigned=182
transport: canary vendor 'decodo_patchright'
pending=5658 shard=3/31 assigned=183
transport: canary vendor 'decodo_patchright'
2026-08-14 19:50:28,346 INFO vendor decodo_patchright: 64 prox(y/ies), sticky session re-minted -> session-cap1786751428w3
pending=5658 shard=21/31 assigned=182
transport: canary vendor 'decodo_patchright'
2026-08-14 19:50:28,286 INFO vendor decodo_patchright: 64 prox(y/ies), sticky session re-minted -> session-cap1786751428w10
pending=5658 shard=11/31 assigned=183
transport: canary vendor 'decodo_patchright'
2026-08-14 19:50:28,283 INFO vendor decodo_patchright: 64 prox(y/ies), sticky session re-minted -> session-cap1786751428w25
pending=5658 shard=4/31 assigned=183
transport: canary vendor 'decodo_patchright'
2026-08-14 19:50:28,289 INFO vendor decodo_patchright: 64 prox(y/ies), sticky session re-minted -> session-cap1786751428w4
2026-08-14 19:50:28,525 INFO vendor decodo_patchright: 64 prox(y/ies), sticky session re-minted -> session-cap1786751428w28
pending=5658 shard=29/31 assigned=182
transport: canary vendor 'decodo_patchright'
pending=5658 shard=1/31 assigned=183
transport: canary vendor 'decodo_patchright'
pending=5658 shard=27/31 assigned=182
transport: canary vendor 'decodo_patchright'
pending=5658 shard=14/31 assigned=183
transport: canary vendor 'decodo_patchright'
pending=5658 shard=22/31 assigned=182
transport: canary vendor 'decodo_patchright'
2026-08-14 19:50:28,811 INFO vendor decodo_patchright: 64 prox(y/ies), sticky session re-minted -> session-cap1786751428w11
pending=5658 shard=26/31 assigned=182
transport: canary vendor 'decodo_patchright'
2026-08-14 19:50:28,916 INFO vendor decodo_patchright: 64 prox(y/ies), sticky session re-minted -> session-cap1786751428w26
pending=5658 shard=20/31 assigned=182
transport: canary vendor 'decodo_patchright'
2026-08-14 19:50:28,914 INFO vendor decodo_patchright: 64 prox(y/ies), sticky session re-minted -> session-cap1786751428w20
2026-08-14 19:50:29,017 INFO vendor decodo_patchright: 64 prox(y/ies), sticky session re-minted -> session-cap1786751429w21
pending=5658 shard=17/31 assigned=182
transport: canary vendor 'decodo_patchright'
2026-08-14 19:50:29,016 INFO vendor decodo_patchright: 64 prox(y/ies), sticky session re-minted -> session-cap1786751429w22
pending=5658 shard=13/31 assigned=183
transport: canary vendor 'decodo_patchright'
2026-08-14 19:50:29,015 INFO vendor decodo_patchright: 64 prox(y/ies), sticky session re-minted -> session-cap1786751429w15
2026-08-14 19:50:29,094 INFO vendor decodo_patchright: 64 prox(y/ies), sticky session re-minted -> session-cap1786751429w27
2026-08-14 19:50:29,191 INFO vendor decodo_patchright: 64 prox(y/ies), sticky session re-minted -> session-cap1786751429w29
pending=5658 shard=30/31 assigned=182
transport: canary vendor 'decodo_patchright'
pending=5658 shard=7/31 assigned=183
transport: canary vendor 'decodo_patchright'
2026-08-14 19:50:29,298 INFO vendor decodo_patchright: 64 prox(y/ies), sticky session re-minted -> session-cap1786751429w1
pending=5658 shard=19/31 assigned=182
transport: canary vendor 'decodo_patchright'
2026-08-14 19:50:29,327 INFO vendor decodo_patchright: 64 prox(y/ies), sticky session re-minted -> session-cap1786751429w17
2026-08-14 19:50:29,375 INFO vendor decodo_patchright: 64 prox(y/ies), sticky session re-minted -> session-cap1786751429w13
2026-08-14 19:50:29,369 INFO vendor decodo_patchright: 64 prox(y/ies), sticky session re-minted -> session-cap1786751429w30
2026-08-14 19:50:29,394 INFO vendor decodo_patchright: 64 prox(y/ies), sticky session re-minted -> session-cap1786751429w19
2026-08-14 19:50:29,490 INFO vendor decodo_patchright: 64 prox(y/ies), sticky session re-minted -> session-cap1786751429w14
2026-08-14 19:50:29,530 INFO vendor decodo_patchright: 64 prox(y/ies), sticky session re-minted -> session-cap1786751429w7
pending=5658 shard=5/31 assigned=183
transport: canary vendor 'decodo_patchright'
2026-08-14 19:50:29,644 INFO vendor decodo_patchright: 64 prox(y/ies), sticky session re-minted -> session-cap1786751429w5
2026-08-14 19:52:08,656 WARNING challenge not cleared for contest_id=1628345 -- bundle not written
2026-08-14 19:52:45,773 WARNING challenge not cleared for contest_id=1629895 -- bundle not written
2026-08-14 19:53:14,992 WARNING challenge not cleared for contest_id=1630942 -- bundle not written
captured=6 skipped=176 failed=0
EXIT=0
2026-08-14 19:53:50,326 WARNING challenge not cleared for contest_id=1633177 -- bundle not written
2026-08-14 19:53:50,781 WARNING challenge not cleared for contest_id=1633140 -- bundle not written
captured=6 skipped=176 failed=0
EXIT=0
captured=6 skipped=176 failed=0
EXIT=0
2026-08-14 19:54:14,107 WARNING challenge not cleared for contest_id=1716350 -- bundle not written
captured=7 skipped=175 failed=0
EXIT=0
captured=7 skipped=175 failed=0
EXIT=0
captured=7 skipped=176 failed=0
EXIT=0
captured=7 skipped=176 failed=0
EXIT=0
captured=7 skipped=175 failed=0
captured=7 skipped=176 failed=0
EXIT=0
EXIT=0
captured=7 skipped=176 failed=0
captured=7 skipped=176 failed=0
EXIT=0
EXIT=0
captured=7 skipped=176 failed=0
EXIT=0
captured=7 skipped=176 failed=0
EXIT=0
captured=6 skipped=176 failed=0
EXIT=0
captured=7 skipped=176 failed=0
EXIT=0
captured=7 skipped=175 failed=1
EXIT=0
captured=8 skipped=174 failed=0
EXIT=0
captured=7 skipped=175 failed=1
EXIT=0
captured=7 skipped=175 failed=1
EXIT=0
captured=7 skipped=176 failed=0
EXIT=0
captured=7 skipped=175 failed=1
EXIT=0
captured=8 skipped=174 failed=0
EXIT=0
captured=8 skipped=174 failed=0
EXIT=0
captured=8 skipped=174 failed=0
EXIT=0
captured=8 skipped=174 failed=0
EXIT=0
captured=7 skipped=176 failed=0
EXIT=0
captured=7 skipped=176 failed=0
EXIT=0
2026-08-14 19:55:30,881 WARNING challenge not cleared for contest_id=1719781 -- bundle not written
captured=7 skipped=173 failed=2
EXIT=0
captured=7 skipped=175 failed=0
EXIT=0
captured=7 skipped=175 failed=0
EXIT=0
captured=7 skipped=175 failed=1
EXIT=0
[19:57:07] === parse captured bundles -> wbb/json/ ===
log -> logs/parse_20260814_195707.log  (watch: tail -f logs/parse_20260814_195707.log)
parsed=14 failed=0
529 INFO ncaa_identity: contest_id=1719755 teams 2413/2413 matched, players 5968/6585 matched
parsed=14 failed=0
EXIT=0
[19:57:35] DONE: captured_bundles=92808 parsed_json=92808 (capture rc=0)
[19:57:35] next -> build the -data parquet (Phase 2, not yet built as of this branch):
[19:57:35]   cd /c/Users/saiem/Documents/GitHub-Data/sdv-dev/wehoop-dev/ncaa-wbb-hoops-raw/../ncaa-wbb-hoops-data && python -m ncaa_wbb_data_build build --dataset all --season 2019
EXIT=0
[2026-08-14 19:57:35] season 2019: chunk 1 done, 7 remaining -- cooling 60s (fresh sticky session next)
[19:58:36] NCAA WBB backfill: season=2019 workers=31
[19:58:36] watch this run:  tail -f /c/Users/saiem/Documents/GitHub-Data/sdv-dev/wehoop-dev/ncaa-wbb-hoops-raw/logs/backfill_2019_20260814_195835.log
[19:58:36] === skip discover (season 2019 already in schedule_master; delete wbb/schedule_master.parquet to force) ===
[19:58:36] === capture 2019: 31 worker(s), chunk=400 new bundles per worker ===
transport: NCAA_VENDOR=decodo_patchright (canary_vendors.toml; ProxyBonanza not used)
transport: NCAA_VENDOR=decodo_patchright (canary_vendors.toml; ProxyBonanza not used)
transport: NCAA_VENDOR=decodo_patchright (canary_vendors.toml; ProxyBonanza not used)
transport: NCAA_VENDOR=decodo_patchright (canary_vendors.toml; ProxyBonanza not used)
transport: NCAA_VENDOR=decodo_patchright (canary_vendors.toml; ProxyBonanza not used)
transport: NCAA_VENDOR=decodo_patchright (canary_vendors.toml; ProxyBonanza not used)
log -> logs/capture_20260814_195836.log  (watch: tail -f logs/capture_20260814_195836.log)
transport: NCAA_VENDOR=decodo_patchright (canary_vendors.toml; ProxyBonanza not used)
log -> logs/capture_20260814_195836.log  (watch: tail -f logs/capture_20260814_195836.log)
log -> logs/capture_20260814_195836.log  (watch: tail -f logs/capture_20260814_195836.log)
transport: NCAA_VENDOR=decodo_patchright (canary_vendors.toml; ProxyBonanza not used)
transport: NCAA_VENDOR=decodo_patchright (canary_vendors.toml; ProxyBonanza not used)
log -> logs/capture_20260814_195836.log  (watch: tail -f logs/capture_20260814_195836.log)
transport: NCAA_VENDOR=decodo_patchright (canary_vendors.toml; ProxyBonanza not used)
log -> logs/capture_20260814_195836.log  (watch: tail -f logs/capture_20260814_195836.log)
log -> logs/capture_20260814_195836.log  (watch: tail -f logs/capture_20260814_195836.log)
transport: NCAA_VENDOR=decodo_patchright (canary_vendors.toml; ProxyBonanza not used)
transport: NCAA_VENDOR=decodo_patchright (canary_vendors.toml; ProxyBonanza not used)
transport: NCAA_VENDOR=decodo_patchright (canary_vendors.toml; ProxyBonanza not used)
log -> logs/capture_20260814_195836.log  (watch: tail -f logs/capture_20260814_195836.log)
transport: NCAA_VENDOR=decodo_patchright (canary_vendors.toml; ProxyBonanza not used)
log -> logs/capture_20260814_195836.log  (watch: tail -f logs/capture_20260814_195836.log)
transport: NCAA_VENDOR=decodo_patchright (canary_vendors.toml; ProxyBonanza not used)
log -> logs/capture_20260814_195836.log  (watch: tail -f logs/capture_20260814_195836.log)
log -> logs/capture_20260814_195836.log  (watch: tail -f logs/capture_20260814_195836.log)
transport: NCAA_VENDOR=decodo_patchright (canary_vendors.toml; ProxyBonanza not used)
transport: NCAA_VENDOR=decodo_patchright (canary_vendors.toml; ProxyBonanza not used)
transport: NCAA_VENDOR=decodo_patchright (canary_vendors.toml; ProxyBonanza not used)
log -> logs/capture_20260814_195836.log  (watch: tail -f logs/capture_20260814_195836.log)
log -> logs/capture_20260814_195836.log  (watch: tail -f logs/capture_20260814_195836.log)
log -> logs/capture_20260814_195836.log  (watch: tail -f logs/capture_20260814_195836.log)
log -> logs/capture_20260814_195836.log  (watch: tail -f logs/capture_20260814_195836.log)
transport: NCAA_VENDOR=decodo_patchright (canary_vendors.toml; ProxyBonanza not used)
transport: NCAA_VENDOR=decodo_patchright (canary_vendors.toml; ProxyBonanza not used)
transport: NCAA_VENDOR=decodo_patchright (canary_vendors.toml; ProxyBonanza not used)
log -> logs/capture_20260814_195836.log  (watch: tail -f logs/capture_20260814_195836.log)
transport: NCAA_VENDOR=decodo_patchright (canary_vendors.toml; ProxyBonanza not used)
transport: NCAA_VENDOR=decodo_patchright (canary_vendors.toml; ProxyBonanza not used)
log -> logs/capture_20260814_195836.log  (watch: tail -f logs/capture_20260814_195836.log)
log -> logs/capture_20260814_195836.log  (watch: tail -f logs/capture_20260814_195836.log)
transport: NCAA_VENDOR=decodo_patchright (canary_vendors.toml; ProxyBonanza not used)
log -> logs/capture_20260814_195836.log  (watch: tail -f logs/capture_20260814_195836.log)
transport: NCAA_VENDOR=decodo_patchright (canary_vendors.toml; ProxyBonanza not used)
log -> logs/capture_20260814_195836.log  (watch: tail -f logs/capture_20260814_195836.log)
transport: NCAA_VENDOR=decodo_patchright (canary_vendors.toml; ProxyBonanza not used)
transport: NCAA_VENDOR=decodo_patchright (canary_vendors.toml; ProxyBonanza not used)
log -> logs/capture_20260814_195836.log  (watch: tail -f logs/capture_20260814_195836.log)
log -> logs/capture_20260814_195836.log  (watch: tail -f logs/capture_20260814_195836.log)
log -> logs/capture_20260814_195836.log  (watch: tail -f logs/capture_20260814_195836.log)
log -> logs/capture_20260814_195836.log  (watch: tail -f logs/capture_20260814_195836.log)
transport: NCAA_VENDOR=decodo_patchright (canary_vendors.toml; ProxyBonanza not used)
log -> logs/capture_20260814_195836.log  (watch: tail -f logs/capture_20260814_195836.log)
transport: NCAA_VENDOR=decodo_patchright (canary_vendors.toml; ProxyBonanza not used)
transport: NCAA_VENDOR=decodo_patchright (canary_vendors.toml; ProxyBonanza not used)
transport: NCAA_VENDOR=decodo_patchright (canary_vendors.toml; ProxyBonanza not used)
log -> logs/capture_20260814_195836.log  (watch: tail -f logs/capture_20260814_195836.log)
log -> logs/capture_20260814_195836.log  (watch: tail -f logs/capture_20260814_195836.log)
log -> logs/capture_20260814_195836.log  (watch: tail -f logs/capture_20260814_195836.log)
log -> logs/capture_20260814_195836.log  (watch: tail -f logs/capture_20260814_195836.log)
log -> logs/capture_20260814_195836.log  (watch: tail -f logs/capture_20260814_195836.log)
log -> logs/capture_20260814_195836.log  (watch: tail -f logs/capture_20260814_195836.log)
log -> logs/capture_20260814_195836.log  (watch: tail -f logs/capture_20260814_195836.log)
pending=5658 shard=2/31 assigned=183
transport: canary vendor 'decodo_patchright'
2026-08-14 19:58:41,615 INFO vendor decodo_patchright: 64 prox(y/ies), sticky session re-minted -> session-cap1786751921w2
pending=5658 shard=4/31 assigned=183
transport: canary vendor 'decodo_patchright'
2026-08-14 19:58:41,898 INFO vendor decodo_patchright: 64 prox(y/ies), sticky session re-minted -> session-cap1786751921w4
captured=0 skipped=183 failed=0
pending=5658 shard=1/31 assigned=183
transport: canary vendor 'decodo_patchright'
2026-08-14 19:58:41,991 INFO vendor decodo_patchright: 64 prox(y/ies), sticky session re-minted -> session-cap1786751921w1
captured=0 skipped=183 failed=0
pending=5658 shard=10/31 assigned=183
transport: canary vendor 'decodo_patchright'
pending=5658 shard=22/31 assigned=182
transport: canary vendor 'decodo_patchright'
2026-08-14 19:58:42,140 INFO vendor decodo_patchright: 64 prox(y/ies), sticky session re-minted -> session-cap1786751922w22
2026-08-14 19:58:42,151 INFO vendor decodo_patchright: 64 prox(y/ies), sticky session re-minted -> session-cap1786751922w10
captured=0 skipped=183 failed=0
pending=5658 shard=5/31 assigned=183
transport: canary vendor 'decodo_patchright'
2026-08-14 19:58:42,441 INFO vendor decodo_patchright: 64 prox(y/ies), sticky session re-minted -> session-cap1786751922w5
captured=0 skipped=183 failed=0
pending=5658 shard=11/31 assigned=183
transport: canary vendor 'decodo_patchright'
2026-08-14 19:58:42,897 INFO vendor decodo_patchright: 64 prox(y/ies), sticky session re-minted -> session-cap1786751922w11
pending=5658 shard=0/31 assigned=183
transport: canary vendor 'decodo_patchright'
2026-08-14 19:58:43,276 INFO vendor decodo_patchright: 64 prox(y/ies), sticky session re-minted -> session-cap1786751923w0
captured=0 skipped=183 failed=0
EXIT=0
EXIT=0
EXIT=0
EXIT=0
EXIT=0
pending=5658 shard=23/31 assigned=182
transport: canary vendor 'decodo_patchright'
2026-08-14 19:58:44,641 INFO vendor decodo_patchright: 64 prox(y/ies), sticky session re-minted -> session-cap1786751924w23
pending=5658 shard=9/31 assigned=183
transport: canary vendor 'decodo_patchright'
2026-08-14 19:58:44,664 INFO vendor decodo_patchright: 64 prox(y/ies), sticky session re-minted -> session-cap1786751924w9
captured=0 skipped=183 failed=0
captured=0 skipped=182 failed=0
pending=5658 shard=8/31 assigned=183
transport: canary vendor 'decodo_patchright'
2026-08-14 19:58:44,721 INFO vendor decodo_patchright: 64 prox(y/ies), sticky session re-minted -> session-cap1786751924w8
pending=5658 shard=19/31 assigned=182
transport: canary vendor 'decodo_patchright'
pending=5658 shard=24/31 assigned=182
transport: canary vendor 'decodo_patchright'
pending=5658 shard=14/31 assigned=183
transport: canary vendor 'decodo_patchright'
2026-08-14 19:58:44,891 INFO vendor decodo_patchright: 64 prox(y/ies), sticky session re-minted -> session-cap1786751924w24
captured=0 skipped=182 failed=0
pending=5658 shard=3/31 assigned=183
transport: canary vendor 'decodo_patchright'
pending=5658 shard=15/31 assigned=183
transport: canary vendor 'decodo_patchright'
pending=5658 shard=13/31 assigned=183
transport: canary vendor 'decodo_patchright'
2026-08-14 19:58:45,290 INFO vendor decodo_patchright: 64 prox(y/ies), sticky session re-minted -> session-cap1786751925w19
captured=0 skipped=182 failed=0
2026-08-14 19:58:45,359 INFO vendor decodo_patchright: 64 prox(y/ies), sticky session re-minted -> session-cap1786751925w13
captured=0 skipped=183 failed=0
pending=5658 shard=21/31 assigned=182
transport: canary vendor 'decodo_patchright'
2026-08-14 19:58:45,402 INFO vendor decodo_patchright: 64 prox(y/ies), sticky session re-minted -> session-cap1786751925w21
pending=5658 shard=20/31 assigned=182
transport: canary vendor 'decodo_patchright'
2026-08-14 19:58:45,440 INFO vendor decodo_patchright: 64 prox(y/ies), sticky session re-minted -> session-cap1786751925w20
captured=0 skipped=182 failed=0
captured=0 skipped=182 failed=0
2026-08-14 19:58:45,482 INFO vendor decodo_patchright: 64 prox(y/ies), sticky session re-minted -> session-cap1786751925w15
2026-08-14 19:58:45,521 INFO vendor decodo_patchright: 64 prox(y/ies), sticky session re-minted -> session-cap1786751925w3
captured=0 skipped=183 failed=0
pending=5658 shard=12/31 assigned=183
transport: canary vendor 'decodo_patchright'
EXIT=0
2026-08-14 19:58:45,620 INFO vendor decodo_patchright: 64 prox(y/ies), sticky session re-minted -> session-cap1786751925w14
captured=0 skipped=183 failed=0
2026-08-14 19:58:45,653 INFO vendor decodo_patchright: 64 prox(y/ies), sticky session re-minted -> session-cap1786751925w12
pending=5658 shard=17/31 assigned=182
transport: canary vendor 'decodo_patchright'
2026-08-14 19:58:45,727 INFO vendor decodo_patchright: 64 prox(y/ies), sticky session re-minted -> session-cap1786751925w17
captured=0 skipped=182 failed=0
pending=5658 shard=27/31 assigned=182
transport: canary vendor 'decodo_patchright'
pending=5658 shard=7/31 assigned=183
transport: canary vendor 'decodo_patchright'
2026-08-14 19:58:45,793 INFO vendor decodo_patchright: 64 prox(y/ies), sticky session re-minted -> session-cap1786751925w7
captured=0 skipped=183 failed=0
2026-08-14 19:58:45,808 INFO vendor decodo_patchright: 64 prox(y/ies), sticky session re-minted -> session-cap1786751925w27
captured=0 skipped=182 failed=0
EXIT=0
pending=5658 shard=28/31 assigned=182
transport: canary vendor 'decodo_patchright'
2026-08-14 19:58:46,096 INFO vendor decodo_patchright: 64 prox(y/ies), sticky session re-minted -> session-cap1786751926w28
pending=5658 shard=18/31 assigned=182
transport: canary vendor 'decodo_patchright'
2026-08-14 19:58:46,101 INFO vendor decodo_patchright: 64 prox(y/ies), sticky session re-minted -> session-cap1786751926w18
captured=0 skipped=182 failed=0
captured=0 skipped=182 failed=0
EXIT=0
pending=5658 shard=16/31 assigned=182
transport: canary vendor 'decodo_patchright'
EXIT=0
2026-08-14 19:58:46,295 INFO vendor decodo_patchright: 64 prox(y/ies), sticky session re-minted -> session-cap1786751926w16
pending=5658 shard=30/31 assigned=182
transport: canary vendor 'decodo_patchright'
2026-08-14 19:58:46,306 INFO vendor decodo_patchright: 64 prox(y/ies), sticky session re-minted -> session-cap1786751926w30
captured=0 skipped=182 failed=0
captured=0 skipped=182 failed=0
pending=5658 shard=25/31 assigned=182
transport: canary vendor 'decodo_patchright'
2026-08-14 19:58:46,363 INFO vendor decodo_patchright: 64 prox(y/ies), sticky session re-minted -> session-cap1786751926w25
pending=5658 shard=6/31 assigned=183
transport: canary vendor 'decodo_patchright'
captured=0 skipped=182 failed=0
2026-08-14 19:58:46,381 INFO vendor decodo_patchright: 64 prox(y/ies), sticky session re-minted -> session-cap1786751926w6
EXIT=0
captured=0 skipped=183 failed=0
EXIT=0
EXIT=0
pending=5658 shard=29/31 assigned=182
transport: canary vendor 'decodo_patchright'
EXIT=0
2026-08-14 19:58:46,431 INFO vendor decodo_patchright: 64 prox(y/ies), sticky session re-minted -> session-cap1786751926w29
captured=0 skipped=182 failed=0
EXIT=0
pending=5658 shard=26/31 assigned=182
transport: canary vendor 'decodo_patchright'
2026-08-14 19:58:46,529 INFO vendor decodo_patchright: 64 prox(y/ies), sticky session re-minted -> session-cap1786751926w26
EXIT=0
captured=0 skipped=182 failed=0
EXIT=0
EXIT=0
EXIT=0
EXIT=0
EXIT=0
EXIT=0
EXIT=0
EXIT=0
EXIT=0
EXIT=0
2026-08-14 19:59:18,639 WARNING challenge not cleared for contest_id=1633177 -- bundle not written
captured=0 skipped=182 failed=1
EXIT=0
2026-08-14 19:59:19,448 WARNING challenge not cleared for contest_id=1629895 -- bundle not written
2026-08-14 19:59:20,229 WARNING challenge not cleared for contest_id=1630942 -- bundle not written
captured=0 skipped=182 failed=1
EXIT=0
2026-08-14 19:59:23,847 WARNING challenge not cleared for contest_id=1628345 -- bundle not written
captured=0 skipped=182 failed=1
EXIT=0
2026-08-14 19:59:24,897 WARNING challenge not cleared for contest_id=1716350 -- bundle not written
captured=0 skipped=182 failed=1
EXIT=0
2026-08-14 19:59:34,977 WARNING challenge not cleared for contest_id=1633140 -- bundle not written
captured=0 skipped=182 failed=1
EXIT=0
2026-08-14 19:59:51,975 WARNING challenge not cleared for contest_id=1719781 -- bundle not written
captured=0 skipped=180 failed=2
EXIT=0
[19:59:52] === parse captured bundles -> wbb/json/ ===
log -> logs/parse_20260814_195952.log  (watch: tail -f logs/parse_20260814_195952.log)
seasons=all bundles=92808 pending=0 force=False shard=10/16 assigned=0
parsed=0 failed=0
EXIT=0
[20:00:05] DONE: captured_bundles=92808 parsed_json=92808 (capture rc=0)
[20:00:05] next -> build the -data parquet (Phase 2, not yet built as of this branch):
[20:00:05]   cd /c/Users/saiem/Documents/GitHub-Data/sdv-dev/wehoop-dev/ncaa-wbb-hoops-raw/../ncaa-wbb-hoops-data && python -m ncaa_wbb_data_build build --dataset all --season 2019
EXIT=0
[2026-08-14 20:00:05] season 2019: round 2 captured nothing (7 left, un-capturable) -- treating as done
[2026-08-14 20:00:06] === season 2018 ===
[20:00:06] NCAA WBB backfill: season=2018 workers=31
[20:00:06] watch this run:  tail -f /c/Users/saiem/Documents/GitHub-Data/sdv-dev/wehoop-dev/ncaa-wbb-hoops-raw/logs/backfill_2018_20260814_200006.log
[20:00:06] === skip discover (season 2018 already in schedule_master; delete wbb/schedule_master.parquet to force) ===
[20:00:06] === capture 2018: 31 worker(s), chunk=400 new bundles per worker ===
transport: NCAA_VENDOR=decodo_patchright (canary_vendors.toml; ProxyBonanza not used)
transport: NCAA_VENDOR=decodo_patchright (canary_vendors.toml; ProxyBonanza not used)
transport: NCAA_VENDOR=decodo_patchright (canary_vendors.toml; ProxyBonanza not used)
transport: NCAA_VENDOR=decodo_patchright (canary_vendors.toml; ProxyBonanza not used)
transport: NCAA_VENDOR=decodo_patchright (canary_vendors.toml; ProxyBonanza not used)
transport: NCAA_VENDOR=decodo_patchright (canary_vendors.toml; ProxyBonanza not used)
log -> logs/capture_20260814_200006.log  (watch: tail -f logs/capture_20260814_200006.log)
log -> logs/capture_20260814_200006.log  (watch: tail -f logs/capture_20260814_200006.log)
transport: NCAA_VENDOR=decodo_patchright (canary_vendors.toml; ProxyBonanza not used)
log -> logs/capture_20260814_200006.log  (watch: tail -f logs/capture_20260814_200006.log)
transport: NCAA_VENDOR=decodo_patchright (canary_vendors.toml; ProxyBonanza not used)
log -> logs/capture_20260814_200006.log  (watch: tail -f logs/capture_20260814_200006.log)
transport: NCAA_VENDOR=decodo_patchright (canary_vendors.toml; ProxyBonanza not used)
transport: NCAA_VENDOR=decodo_patchright (canary_vendors.toml; ProxyBonanza not used)
log -> logs/capture_20260814_200006.log  (watch: tail -f logs/capture_20260814_200006.log)
log -> logs/capture_20260814_200006.log  (watch: tail -f logs/capture_20260814_200006.log)
transport: NCAA_VENDOR=decodo_patchright (canary_vendors.toml; ProxyBonanza not used)
transport: NCAA_VENDOR=decodo_patchright (canary_vendors.toml; ProxyBonanza not used)
log -> logs/capture_20260814_200006.log  (watch: tail -f logs/capture_20260814_200006.log)
transport: NCAA_VENDOR=decodo_patchright (canary_vendors.toml; ProxyBonanza not used)
transport: NCAA_VENDOR=decodo_patchright (canary_vendors.toml; ProxyBonanza not used)
log -> logs/capture_20260814_200006.log  (watch: tail -f logs/capture_20260814_200006.log)
transport: NCAA_VENDOR=decodo_patchright (canary_vendors.toml; ProxyBonanza not used)
transport: NCAA_VENDOR=decodo_patchright (canary_vendors.toml; ProxyBonanza not used)
transport: NCAA_VENDOR=decodo_patchright (canary_vendors.toml; ProxyBonanza not used)
log -> logs/capture_20260814_200006.log  (watch: tail -f logs/capture_20260814_200006.log)
log -> logs/capture_20260814_200006.log  (watch: tail -f logs/capture_20260814_200006.log)
log -> logs/capture_20260814_200006.log  (watch: tail -f logs/capture_20260814_200006.log)
log -> logs/capture_20260814_200006.log  (watch: tail -f logs/capture_20260814_200006.log)
transport: NCAA_VENDOR=decodo_patchright (canary_vendors.toml; ProxyBonanza not used)
log -> logs/capture_20260814_200006.log  (watch: tail -f logs/capture_20260814_200006.log)
transport: NCAA_VENDOR=decodo_patchright (canary_vendors.toml; ProxyBonanza not used)
log -> logs/capture_20260814_200007.log  (watch: tail -f logs/capture_20260814_200007.log)
log -> logs/capture_20260814_200007.log  (watch: tail -f logs/capture_20260814_200007.log)
transport: NCAA_VENDOR=decodo_patchright (canary_vendors.toml; ProxyBonanza not used)
log -> logs/capture_20260814_200007.log  (watch: tail -f logs/capture_20260814_200007.log)
transport: NCAA_VENDOR=decodo_patchright (canary_vendors.toml; ProxyBonanza not used)
transport: NCAA_VENDOR=decodo_patchright (canary_vendors.toml; ProxyBonanza not used)
log -> logs/capture_20260814_200007.log  (watch: tail -f logs/capture_20260814_200007.log)
transport: NCAA_VENDOR=decodo_patchright (canary_vendors.toml; ProxyBonanza not used)
transport: NCAA_VENDOR=decodo_patchright (canary_vendors.toml; ProxyBonanza not used)
transport: NCAA_VENDOR=decodo_patchright (canary_vendors.toml; ProxyBonanza not used)
log -> logs/capture_20260814_200007.log  (watch: tail -f logs/capture_20260814_200007.log)
log -> logs/capture_20260814_200007.log  (watch: tail -f logs/capture_20260814_200007.log)
log -> logs/capture_20260814_200007.log  (watch: tail -f logs/capture_20260814_200007.log)
log -> logs/capture_20260814_200007.log  (watch: tail -f logs/capture_20260814_200007.log)
transport: NCAA_VENDOR=decodo_patchright (canary_vendors.toml; ProxyBonanza not used)
log -> logs/capture_20260814_200007.log  (watch: tail -f logs/capture_20260814_200007.log)
log -> logs/capture_20260814_200007.log  (watch: tail -f logs/capture_20260814_200007.log)
transport: NCAA_VENDOR=decodo_patchright (canary_vendors.toml; ProxyBonanza not used)
log -> logs/capture_20260814_200007.log  (watch: tail -f logs/capture_20260814_200007.log)
transport: NCAA_VENDOR=decodo_patchright (canary_vendors.toml; ProxyBonanza not used)
log -> logs/capture_20260814_200007.log  (watch: tail -f logs/capture_20260814_200007.log)
transport: NCAA_VENDOR=decodo_patchright (canary_vendors.toml; ProxyBonanza not used)
transport: NCAA_VENDOR=decodo_patchright (canary_vendors.toml; ProxyBonanza not used)
log -> logs/capture_20260814_200007.log  (watch: tail -f logs/capture_20260814_200007.log)
transport: NCAA_VENDOR=decodo_patchright (canary_vendors.toml; ProxyBonanza not used)
log -> logs/capture_20260814_200007.log  (watch: tail -f logs/capture_20260814_200007.log)
log -> logs/capture_20260814_200007.log  (watch: tail -f logs/capture_20260814_200007.log)
log -> logs/capture_20260814_200007.log  (watch: tail -f logs/capture_20260814_200007.log)
log -> logs/capture_20260814_200007.log  (watch: tail -f logs/capture_20260814_200007.log)
log -> logs/capture_20260814_200007.log  (watch: tail -f logs/capture_20260814_200007.log)
pending=5628 shard=1/31 assigned=182
transport: canary vendor 'decodo_patchright'
2026-08-14 20:00:12,014 INFO vendor decodo_patchright: 64 prox(y/ies), sticky session re-minted -> session-cap1786752012w1
pending=5628 shard=2/31 assigned=182
transport: canary vendor 'decodo_patchright'
2026-08-14 20:00:12,999 INFO vendor decodo_patchright: 64 prox(y/ies), sticky session re-minted -> session-cap1786752012w2
pending=5628 shard=30/31 assigned=181
transport: canary vendor 'decodo_patchright'
2026-08-14 20:00:13,546 INFO vendor decodo_patchright: 64 prox(y/ies), sticky session re-minted -> session-cap1786752013w30
pending=5628 shard=6/31 assigned=182
transport: canary vendor 'decodo_patchright'
2026-08-14 20:00:13,608 INFO vendor decodo_patchright: 64 prox(y/ies), sticky session re-minted -> session-cap1786752013w6
pending=5628 shard=12/31 assigned=182
transport: canary vendor 'decodo_patchright'
pending=5628 shard=4/31 assigned=182
transport: canary vendor 'decodo_patchright'
2026-08-14 20:00:13,995 INFO vendor decodo_patchright: 64 prox(y/ies), sticky session re-minted -> session-cap1786752013w12
2026-08-14 20:00:13,985 INFO vendor decodo_patchright: 64 prox(y/ies), sticky session re-minted -> session-cap1786752013w4
pending=5628 shard=17/31 assigned=181
transport: canary vendor 'decodo_patchright'
2026-08-14 20:00:14,125 INFO vendor decodo_patchright: 64 prox(y/ies), sticky session re-minted -> session-cap1786752014w17
pending=5628 shard=3/31 assigned=182
transport: canary vendor 'decodo_patchright'
2026-08-14 20:00:16,282 INFO vendor decodo_patchright: 64 prox(y/ies), sticky session re-minted -> session-cap1786752016w3
pending=5628 shard=26/31 assigned=181
transport: canary vendor 'decodo_patchright'
2026-08-14 20:00:16,943 INFO vendor decodo_patchright: 64 prox(y/ies), sticky session re-minted -> session-cap1786752016w26
pending=5628 shard=18/31 assigned=181
transport: canary vendor 'decodo_patchright'
2026-08-14 20:00:16,967 INFO vendor decodo_patchright: 64 prox(y/ies), sticky session re-minted -> session-cap1786752016w18
pending=5628 shard=24/31 assigned=181
transport: canary vendor 'decodo_patchright'
2026-08-14 20:00:17,063 INFO vendor decodo_patchright: 64 prox(y/ies), sticky session re-minted -> session-cap1786752017w24
pending=5628 shard=7/31 assigned=182
transport: canary vendor 'decodo_patchright'
2026-08-14 20:00:17,170 INFO vendor decodo_patchright: 64 prox(y/ies), sticky session re-minted -> session-cap1786752017w7
pending=5628 shard=15/31 assigned=182
transport: canary vendor 'decodo_patchright'
2026-08-14 20:00:17,187 INFO vendor decodo_patchright: 64 prox(y/ies), sticky session re-minted -> session-cap1786752017w15
pending=5628 shard=22/31 assigned=181
transport: canary vendor 'decodo_patchright'
pending=5628 shard=21/31 assigned=181
transport: canary vendor 'decodo_patchright'
2026-08-14 20:00:17,415 INFO vendor decodo_patchright: 64 prox(y/ies), sticky session re-minted -> session-cap1786752017w22
pending=5628 shard=19/31 assigned=181
transport: canary vendor 'decodo_patchright'
2026-08-14 20:00:17,461 INFO vendor decodo_patchright: 64 prox(y/ies), sticky session re-minted -> session-cap1786752017w21
2026-08-14 20:00:17,535 INFO vendor decodo_patchright: 64 prox(y/ies), sticky session re-minted -> session-cap1786752017w19
pending=5628 shard=11/31 assigned=182
transport: canary vendor 'decodo_patchright'
2026-08-14 20:00:17,669 INFO vendor decodo_patchright: 64 prox(y/ies), sticky session re-minted -> session-cap1786752017w11
pending=5628 shard=29/31 assigned=181
transport: canary vendor 'decodo_patchright'
2026-08-14 20:00:17,826 INFO vendor decodo_patchright: 64 prox(y/ies), sticky session re-minted -> session-cap1786752017w29
pending=5628 shard=5/31 assigned=182
transport: canary vendor 'decodo_patchright'
2026-08-14 20:00:17,964 INFO vendor decodo_patchright: 64 prox(y/ies), sticky session re-minted -> session-cap1786752017w5
pending=5628 shard=16/31 assigned=182
transport: canary vendor 'decodo_patchright'
pending=5628 shard=8/31 assigned=182
transport: canary vendor 'decodo_patchright'
2026-08-14 20:00:18,158 INFO vendor decodo_patchright: 64 prox(y/ies), sticky session re-minted -> session-cap1786752018w16
2026-08-14 20:00:18,155 INFO vendor decodo_patchright: 64 prox(y/ies), sticky session re-minted -> session-cap1786752018w8
pending=5628 shard=28/31 assigned=181
transport: canary vendor 'decodo_patchright'
2026-08-14 20:00:18,331 INFO vendor decodo_patchright: 64 prox(y/ies), sticky session re-minted -> session-cap1786752018w28
pending=5628 shard=13/31 assigned=182
transport: canary vendor 'decodo_patchright'
2026-08-14 20:00:18,348 INFO vendor decodo_patchright: 64 prox(y/ies), sticky session re-minted -> session-cap1786752018w13
pending=5628 shard=25/31 assigned=181
transport: canary vendor 'decodo_patchright'
2026-08-14 20:00:18,423 INFO vendor decodo_patchright: 64 prox(y/ies), sticky session re-minted -> session-cap1786752018w25
pending=5628 shard=14/31 assigned=182
transport: canary vendor 'decodo_patchright'
2026-08-14 20:00:18,436 INFO vendor decodo_patchright: 64 prox(y/ies), sticky session re-minted -> session-cap1786752018w14
pending=5628 shard=0/31 assigned=182
transport: canary vendor 'decodo_patchright'
pending=5628 shard=20/31 assigned=181
transport: canary vendor 'decodo_patchright'
2026-08-14 20:00:18,779 INFO vendor decodo_patchright: 64 prox(y/ies), sticky session re-minted -> session-cap1786752018w0
pending=5628 shard=10/31 assigned=182
transport: canary vendor 'decodo_patchright'
2026-08-14 20:00:19,092 INFO vendor decodo_patchright: 64 prox(y/ies), sticky session re-minted -> session-cap1786752019w20
pending=5628 shard=27/31 assigned=181
transport: canary vendor 'decodo_patchright'
pending=5628 shard=9/31 assigned=182
transport: canary vendor 'decodo_patchright'
2026-08-14 20:00:19,452 INFO vendor decodo_patchright: 64 prox(y/ies), sticky session re-minted -> session-cap1786752019w27
pending=5628 shard=23/31 assigned=181
transport: canary vendor 'decodo_patchright'
2026-08-14 20:00:19,570 INFO vendor decodo_patchright: 64 prox(y/ies), sticky session re-minted -> session-cap1786752019w10
2026-08-14 20:00:19,541 INFO vendor decodo_patchright: 64 prox(y/ies), sticky session re-minted -> session-cap1786752019w9
2026-08-14 20:00:19,646 INFO vendor decodo_patchright: 64 prox(y/ies), sticky session re-minted -> session-cap1786752019w23
2026-08-14 20:00:57,719 WARNING challenge not cleared for contest_id=26622 -- bundle not written
captured=10 skipped=172 failed=0
EXIT=0
captured=10 skipped=172 failed=0
EXIT=0
captured=10 skipped=172 failed=0
EXIT=0
captured=11 skipped=170 failed=0
EXIT=0
captured=11 skipped=171 failed=0
EXIT=0
captured=10 skipped=172 failed=0
EXIT=0
captured=11 skipped=171 failed=0
EXIT=0
captured=10 skipped=172 failed=0
EXIT=0
captured=12 skipped=169 failed=0
EXIT=0
captured=11 skipped=171 failed=0
EXIT=0
captured=11 skipped=170 failed=0
EXIT=0
captured=11 skipped=171 failed=0
EXIT=0
captured=11 skipped=170 failed=0
captured=12 skipped=169 failed=0
EXIT=0
EXIT=0
captured=10 skipped=172 failed=0
EXIT=0
captured=12 skipped=169 failed=0
EXIT=0
captured=11 skipped=170 failed=0
EXIT=0
captured=12 skipped=169 failed=0
EXIT=0
captured=12 skipped=170 failed=0
EXIT=0
captured=12 skipped=169 failed=0
EXIT=0
captured=12 skipped=170 failed=0
EXIT=0
captured=12 skipped=169 failed=0
EXIT=0
captured=12 skipped=169 failed=0
EXIT=0
captured=12 skipped=170 failed=0
EXIT=0
captured=11 skipped=170 failed=0
EXIT=0
captured=12 skipped=169 failed=0
EXIT=0
captured=12 skipped=170 failed=0
EXIT=0
captured=12 skipped=170 failed=0
EXIT=0
captured=11 skipped=171 failed=0
EXIT=0
captured=12 skipped=168 failed=1
EXIT=0
captured=12 skipped=170 failed=0
EXIT=0
[20:10:09] === parse captured bundles -> wbb/json/ ===
log -> logs/parse_20260814_201009.log  (watch: tail -f logs/parse_20260814_201009.log)
05 INFO ncaa_identity: contest_id=41481 teams 2098/2098 matched, players 5836/5912 matched2026-08-14 20:10:43,153 INFO ncaa_identity: contest_id=42044 teams 1074/2137 matched, players 2817/6026 matched
2026-08-14 20:10:43,870 INFO ncaa_identity: contest_id=42439 teams 2064/2064 matched, players 5765/5812 matched
parsed=22 failed=0
EXIT=0
[20:10:44] DONE: captured_bundles=93158 parsed_json=93158 (capture rc=0)
[20:10:44] next -> build the -data parquet (Phase 2, not yet built as of this branch):
[20:10:44]   cd /c/Users/saiem/Documents/GitHub-Data/sdv-dev/wehoop-dev/ncaa-wbb-hoops-raw/../ncaa-wbb-hoops-data && python -m ncaa_wbb_data_build build --dataset all --season 2018
EXIT=0
[2026-08-14 20:10:45] season 2018: chunk 1 done, 1 remaining -- cooling 60s (fresh sticky session next)
[20:11:45] NCAA WBB backfill: season=2018 workers=31
[20:11:45] watch this run:  tail -f /c/Users/saiem/Documents/GitHub-Data/sdv-dev/wehoop-dev/ncaa-wbb-hoops-raw/logs/backfill_2018_20260814_201145.log
[20:11:45] === skip discover (season 2018 already in schedule_master; delete wbb/schedule_master.parquet to force) ===
[20:11:45] === capture 2018: 31 worker(s), chunk=400 new bundles per worker ===
transport: NCAA_VENDOR=decodo_patchright (canary_vendors.toml; ProxyBonanza not used)
transport: NCAA_VENDOR=decodo_patchright (canary_vendors.toml; ProxyBonanza not used)
transport: NCAA_VENDOR=decodo_patchright (canary_vendors.toml; ProxyBonanza not used)
transport: NCAA_VENDOR=decodo_patchright (canary_vendors.toml; ProxyBonanza not used)
transport: NCAA_VENDOR=decodo_patchright (canary_vendors.toml; ProxyBonanza not used)
transport: NCAA_VENDOR=decodo_patchright (canary_vendors.toml; ProxyBonanza not used)
transport: NCAA_VENDOR=decodo_patchright (canary_vendors.toml; ProxyBonanza not used)
log -> logs/capture_20260814_201145.log  (watch: tail -f logs/capture_20260814_201145.log)
log -> logs/capture_20260814_201145.log  (watch: tail -f logs/capture_20260814_201145.log)
transport: NCAA_VENDOR=decodo_patchright (canary_vendors.toml; ProxyBonanza not used)
transport: NCAA_VENDOR=decodo_patchright (canary_vendors.toml; ProxyBonanza not used)
log -> logs/capture_20260814_201145.log  (watch: tail -f logs/capture_20260814_201145.log)
transport: NCAA_VENDOR=decodo_patchright (canary_vendors.toml; ProxyBonanza not used)
log -> logs/capture_20260814_201145.log  (watch: tail -f logs/capture_20260814_201145.log)
transport: NCAA_VENDOR=decodo_patchright (canary_vendors.toml; ProxyBonanza not used)
transport: NCAA_VENDOR=decodo_patchright (canary_vendors.toml; ProxyBonanza not used)
log -> logs/capture_20260814_201145.log  (watch: tail -f logs/capture_20260814_201145.log)
log -> logs/capture_20260814_201145.log  (watch: tail -f logs/capture_20260814_201145.log)
log -> logs/capture_20260814_201145.log  (watch: tail -f logs/capture_20260814_201145.log)
transport: NCAA_VENDOR=decodo_patchright (canary_vendors.toml; ProxyBonanza not used)
transport: NCAA_VENDOR=decodo_patchright (canary_vendors.toml; ProxyBonanza not used)
log -> logs/capture_20260814_201145.log  (watch: tail -f logs/capture_20260814_201145.log)
log -> logs/capture_20260814_201145.log  (watch: tail -f logs/capture_20260814_201145.log)
transport: NCAA_VENDOR=decodo_patchright (canary_vendors.toml; ProxyBonanza not used)
transport: NCAA_VENDOR=decodo_patchright (canary_vendors.toml; ProxyBonanza not used)
transport: NCAA_VENDOR=decodo_patchright (canary_vendors.toml; ProxyBonanza not used)
log -> logs/capture_20260814_201145.log  (watch: tail -f logs/capture_20260814_201145.log)
log -> logs/capture_20260814_201145.log  (watch: tail -f logs/capture_20260814_201145.log)
log -> logs/capture_20260814_201145.log  (watch: tail -f logs/capture_20260814_201145.log)
transport: NCAA_VENDOR=decodo_patchright (canary_vendors.toml; ProxyBonanza not used)
log -> logs/capture_20260814_201145.log  (watch: tail -f logs/capture_20260814_201145.log)
transport: NCAA_VENDOR=decodo_patchright (canary_vendors.toml; ProxyBonanza not used)
log -> logs/capture_20260814_201145.log  (watch: tail -f logs/capture_20260814_201145.log)
transport: NCAA_VENDOR=decodo_patchright (canary_vendors.toml; ProxyBonanza not used)
transport: NCAA_VENDOR=decodo_patchright (canary_vendors.toml; ProxyBonanza not used)
log -> logs/capture_20260814_201146.log  (watch: tail -f logs/capture_20260814_201146.log)
log -> logs/capture_20260814_201146.log  (watch: tail -f logs/capture_20260814_201146.log)
log -> logs/capture_20260814_201146.log  (watch: tail -f logs/capture_20260814_201146.log)
transport: NCAA_VENDOR=decodo_patchright (canary_vendors.toml; ProxyBonanza not used)
log -> logs/capture_20260814_201146.log  (watch: tail -f logs/capture_20260814_201146.log)
transport: NCAA_VENDOR=decodo_patchright (canary_vendors.toml; ProxyBonanza not used)
transport: NCAA_VENDOR=decodo_patchright (canary_vendors.toml; ProxyBonanza not used)
log -> logs/capture_20260814_201146.log  (watch: tail -f logs/capture_20260814_201146.log)
transport: NCAA_VENDOR=decodo_patchright (canary_vendors.toml; ProxyBonanza not used)
transport: NCAA_VENDOR=decodo_patchright (canary_vendors.toml; ProxyBonanza not used)
log -> logs/capture_20260814_201146.log  (watch: tail -f logs/capture_20260814_201146.log)
transport: NCAA_VENDOR=decodo_patchright (canary_vendors.toml; ProxyBonanza not used)
log -> logs/capture_20260814_201146.log  (watch: tail -f logs/capture_20260814_201146.log)
transport: NCAA_VENDOR=decodo_patchright (canary_vendors.toml; ProxyBonanza not used)
log -> logs/capture_20260814_201146.log  (watch: tail -f logs/capture_20260814_201146.log)
transport: NCAA_VENDOR=decodo_patchright (canary_vendors.toml; ProxyBonanza not used)
transport: NCAA_VENDOR=decodo_patchright (canary_vendors.toml; ProxyBonanza not used)
log -> logs/capture_20260814_201146.log  (watch: tail -f logs/capture_20260814_201146.log)
log -> logs/capture_20260814_201146.log  (watch: tail -f logs/capture_20260814_201146.log)
log -> logs/capture_20260814_201146.log  (watch: tail -f logs/capture_20260814_201146.log)
log -> logs/capture_20260814_201146.log  (watch: tail -f logs/capture_20260814_201146.log)
log -> logs/capture_20260814_201146.log  (watch: tail -f logs/capture_20260814_201146.log)
transport: NCAA_VENDOR=decodo_patchright (canary_vendors.toml; ProxyBonanza not used)
log -> logs/capture_20260814_201146.log  (watch: tail -f logs/capture_20260814_201146.log)
log -> logs/capture_20260814_201146.log  (watch: tail -f logs/capture_20260814_201146.log)
log -> logs/capture_20260814_201146.log  (watch: tail -f logs/capture_20260814_201146.log)
log -> logs/capture_20260814_201146.log  (watch: tail -f logs/capture_20260814_201146.log)
pending=5628 shard=13/31 assigned=182
transport: canary vendor 'decodo_patchright'
2026-08-14 20:11:50,452 INFO vendor decodo_patchright: 64 prox(y/ies), sticky session re-minted -> session-cap1786752710w13
captured=0 skipped=182 failed=0
pending=5628 shard=0/31 assigned=182
transport: canary vendor 'decodo_patchright'
2026-08-14 20:11:50,655 INFO vendor decodo_patchright: 64 prox(y/ies), sticky session re-minted -> session-cap1786752710w0
captured=0 skipped=182 failed=0
pending=5628 shard=5/31 assigned=182
transport: canary vendor 'decodo_patchright'
2026-08-14 20:11:51,161 INFO vendor decodo_patchright: 64 prox(y/ies), sticky session re-minted -> session-cap1786752711w5
captured=0 skipped=182 failed=0
pending=5628 shard=1/31 assigned=182
transport: canary vendor 'decodo_patchright'
2026-08-14 20:11:51,945 INFO vendor decodo_patchright: 64 prox(y/ies), sticky session re-minted -> session-cap1786752711w1
captured=0 skipped=182 failed=0
pending=5628 shard=9/31 assigned=182
transport: canary vendor 'decodo_patchright'
2026-08-14 20:11:51,982 INFO vendor decodo_patchright: 64 prox(y/ies), sticky session re-minted -> session-cap1786752711w9
captured=0 skipped=182 failed=0
pending=5628 shard=27/31 assigned=181
transport: canary vendor 'decodo_patchright'
2026-08-14 20:11:52,220 INFO vendor decodo_patchright: 64 prox(y/ies), sticky session re-minted -> session-cap1786752712w27
pending=5628 shard=10/31 assigned=182
transport: canary vendor 'decodo_patchright'
2026-08-14 20:11:52,331 INFO vendor decodo_patchright: 64 prox(y/ies), sticky session re-minted -> session-cap1786752712w10
captured=0 skipped=182 failed=0
pending=5628 shard=4/31 assigned=182
transport: canary vendor 'decodo_patchright'
2026-08-14 20:11:52,419 INFO vendor decodo_patchright: 64 prox(y/ies), sticky session re-minted -> session-cap1786752712w4
captured=0 skipped=182 failed=0
pending=5628 shard=22/31 assigned=181
transport: canary vendor 'decodo_patchright'
2026-08-14 20:11:52,797 INFO vendor decodo_patchright: 64 prox(y/ies), sticky session re-minted -> session-cap1786752712w22
captured=0 skipped=181 failed=0
pending=5628 shard=3/31 assigned=182
transport: canary vendor 'decodo_patchright'
2026-08-14 20:11:52,985 INFO vendor decodo_patchright: 64 prox(y/ies), sticky session re-minted -> session-cap1786752712w3
captured=0 skipped=182 failed=0
pending=5628 shard=7/31 assigned=182
transport: canary vendor 'decodo_patchright'
2026-08-14 20:11:53,098 INFO vendor decodo_patchright: 64 prox(y/ies), sticky session re-minted -> session-cap1786752713w7
captured=0 skipped=182 failed=0
pending=5628 shard=20/31 assigned=181
transport: canary vendor 'decodo_patchright'
2026-08-14 20:11:53,217 INFO vendor decodo_patchright: 64 prox(y/ies), sticky session re-minted -> session-cap1786752713w20
captured=0 skipped=181 failed=0
pending=5628 shard=17/31 assigned=181
transport: canary vendor 'decodo_patchright'
2026-08-14 20:11:53,287 INFO vendor decodo_patchright: 64 prox(y/ies), sticky session re-minted -> session-cap1786752713w17
captured=0 skipped=181 failed=0
pending=5628 shard=21/31 assigned=181
transport: canary vendor 'decodo_patchright'
2026-08-14 20:11:53,289 INFO vendor decodo_patchright: 64 prox(y/ies), sticky session re-minted -> session-cap1786752713w21
captured=0 skipped=181 failed=0
EXIT=0
EXIT=0
EXIT=0
EXIT=0
EXIT=0
EXIT=0
pending=5628 shard=11/31 assigned=182
transport: canary vendor 'decodo_patchright'
2026-08-14 20:11:54,089 INFO vendor decodo_patchright: 64 prox(y/ies), sticky session re-minted -> session-cap1786752714w11
captured=0 skipped=182 failed=0
pending=5628 shard=12/31 assigned=182
transport: canary vendor 'decodo_patchright'
2026-08-14 20:11:54,157 INFO vendor decodo_patchright: 64 prox(y/ies), sticky session re-minted -> session-cap1786752714w12
captured=0 skipped=182 failed=0
EXIT=0
EXIT=0
pending=5628 shard=2/31 assigned=182
transport: canary vendor 'decodo_patchright'
2026-08-14 20:11:54,286 INFO vendor decodo_patchright: 64 prox(y/ies), sticky session re-minted -> session-cap1786752714w2
captured=0 skipped=182 failed=0
pending=5628 shard=6/31 assigned=182
transport: canary vendor 'decodo_patchright'
2026-08-14 20:11:54,374 INFO vendor decodo_patchright: 64 prox(y/ies), sticky session re-minted -> session-cap1786752714w6
captured=0 skipped=182 failed=0
pending=5628 shard=19/31 assigned=181
transport: canary vendor 'decodo_patchright'
2026-08-14 20:11:54,466 INFO vendor decodo_patchright: 64 prox(y/ies), sticky session re-minted -> session-cap1786752714w19
captured=0 skipped=181 failed=0
pending=5628 shard=15/31 assigned=182
transport: canary vendor 'decodo_patchright'
2026-08-14 20:11:54,555 INFO vendor decodo_patchright: 64 prox(y/ies), sticky session re-minted -> session-cap1786752714w15
captured=0 skipped=182 failed=0
pending=5628 shard=8/31 assigned=182
transport: canary vendor 'decodo_patchright'
2026-08-14 20:11:54,737 INFO vendor decodo_patchright: 64 prox(y/ies), sticky session re-minted -> session-cap1786752714w8
captured=0 skipped=182 failed=0
pending=5628 shard=25/31 assigned=181
transport: canary vendor 'decodo_patchright'
pending=5628 shard=16/31 assigned=182
transport: canary vendor 'decodo_patchright'
pending=5628 shard=26/31 assigned=181
transport: canary vendor 'decodo_patchright'
2026-08-14 20:11:54,941 INFO vendor decodo_patchright: 64 prox(y/ies), sticky session re-minted -> session-cap1786752714w25
captured=0 skipped=181 failed=0
2026-08-14 20:11:54,955 INFO vendor decodo_patchright: 64 prox(y/ies), sticky session re-minted -> session-cap1786752714w16
2026-08-14 20:11:54,957 INFO vendor decodo_patchright: 64 prox(y/ies), sticky session re-minted -> session-cap1786752714w26
captured=0 skipped=182 failed=0
captured=0 skipped=181 failed=0
pending=5628 shard=24/31 assigned=181
transport: canary vendor 'decodo_patchright'
2026-08-14 20:11:55,017 INFO vendor decodo_patchright: 64 prox(y/ies), sticky session re-minted -> session-cap1786752715w24
captured=0 skipped=181 failed=0
pending=5628 shard=30/31 assigned=181
transport: canary vendor 'decodo_patchright'
2026-08-14 20:11:55,045 INFO vendor decodo_patchright: 64 prox(y/ies), sticky session re-minted -> session-cap1786752715w30
captured=0 skipped=181 failed=0
pending=5628 shard=28/31 assigned=181
transport: canary vendor 'decodo_patchright'
2026-08-14 20:11:55,140 INFO vendor decodo_patchright: 64 prox(y/ies), sticky session re-minted -> session-cap1786752715w28
pending=5628 shard=29/31 assigned=181
transport: canary vendor 'decodo_patchright'
captured=0 skipped=181 failed=0
2026-08-14 20:11:55,149 INFO vendor decodo_patchright: 64 prox(y/ies), sticky session re-minted -> session-cap1786752715w29
captured=0 skipped=181 failed=0
pending=5628 shard=18/31 assigned=181
transport: canary vendor 'decodo_patchright'
2026-08-14 20:11:55,246 INFO vendor decodo_patchright: 64 prox(y/ies), sticky session re-minted -> session-cap1786752715w18
captured=0 skipped=181 failed=0
pending=5628 shard=14/31 assigned=182
transport: canary vendor 'decodo_patchright'
2026-08-14 20:11:55,291 INFO vendor decodo_patchright: 64 prox(y/ies), sticky session re-minted -> session-cap1786752715w14
captured=0 skipped=182 failed=0
EXIT=0
pending=5628 shard=23/31 assigned=181
transport: canary vendor 'decodo_patchright'
2026-08-14 20:11:55,403 INFO vendor decodo_patchright: 64 prox(y/ies), sticky session re-minted -> session-cap1786752715w23
captured=0 skipped=181 failed=0
EXIT=0
EXIT=0
EXIT=0
EXIT=0
EXIT=0
EXIT=0
EXIT=0
EXIT=0
EXIT=0
EXIT=0
EXIT=0
EXIT=0
EXIT=0
EXIT=0
EXIT=0
EXIT=0
EXIT=0
EXIT=0
EXIT=0
EXIT=0
EXIT=0
2026-08-14 20:12:28,964 WARNING challenge not cleared for contest_id=26622 -- bundle not written
captured=0 skipped=180 failed=1
EXIT=0
[20:12:29] === parse captured bundles -> wbb/json/ ===
log -> logs/parse_20260814_201229.log  (watch: tail -f logs/parse_20260814_201229.log)
seasons=all bundles=93158 pending=0 force=False shard=14/16 assigned=0
parsed=0 failed=0
EXIT=0
[20:12:41] DONE: captured_bundles=93158 parsed_json=93158 (capture rc=0)
[20:12:41] next -> build the -data parquet (Phase 2, not yet built as of this branch):
[20:12:41]   cd /c/Users/saiem/Documents/GitHub-Data/sdv-dev/wehoop-dev/ncaa-wbb-hoops-raw/../ncaa-wbb-hoops-data && python -m ncaa_wbb_data_build build --dataset all --season 2018
EXIT=0
[2026-08-14 20:12:41] season 2018: round 2 captured nothing (1 left, un-capturable) -- treating as done
[2026-08-14 20:12:41] === season 2017 ===
[20:12:41] NCAA WBB backfill: season=2017 workers=31
[20:12:41] watch this run:  tail -f /c/Users/saiem/Documents/GitHub-Data/sdv-dev/wehoop-dev/ncaa-wbb-hoops-raw/logs/backfill_2017_20260814_201241.log
[20:12:42] === skip discover (season 2017 already in schedule_master; delete wbb/schedule_master.parquet to force) ===
[20:12:42] === capture 2017: 31 worker(s), chunk=400 new bundles per worker ===
transport: NCAA_VENDOR=decodo_patchright (canary_vendors.toml; ProxyBonanza not used)
transport: NCAA_VENDOR=decodo_patchright (canary_vendors.toml; ProxyBonanza not used)
transport: NCAA_VENDOR=decodo_patchright (canary_vendors.toml; ProxyBonanza not used)
transport: NCAA_VENDOR=decodo_patchright (canary_vendors.toml; ProxyBonanza not used)
transport: NCAA_VENDOR=decodo_patchright (canary_vendors.toml; ProxyBonanza not used)
transport: NCAA_VENDOR=decodo_patchright (canary_vendors.toml; ProxyBonanza not used)
transport: NCAA_VENDOR=decodo_patchright (canary_vendors.toml; ProxyBonanza not used)
log -> logs/capture_20260814_201242.log  (watch: tail -f logs/capture_20260814_201242.log)
transport: NCAA_VENDOR=decodo_patchright (canary_vendors.toml; ProxyBonanza not used)
log -> logs/capture_20260814_201242.log  (watch: tail -f logs/capture_20260814_201242.log)
log -> logs/capture_20260814_201242.log  (watch: tail -f logs/capture_20260814_201242.log)
log -> logs/capture_20260814_201242.log  (watch: tail -f logs/capture_20260814_201242.log)
transport: NCAA_VENDOR=decodo_patchright (canary_vendors.toml; ProxyBonanza not used)
transport: NCAA_VENDOR=decodo_patchright (canary_vendors.toml; ProxyBonanza not used)
log -> logs/capture_20260814_201242.log  (watch: tail -f logs/capture_20260814_201242.log)
transport: NCAA_VENDOR=decodo_patchright (canary_vendors.toml; ProxyBonanza not used)
log -> logs/capture_20260814_201242.log  (watch: tail -f logs/capture_20260814_201242.log)
log -> logs/capture_20260814_201242.log  (watch: tail -f logs/capture_20260814_201242.log)
transport: NCAA_VENDOR=decodo_patchright (canary_vendors.toml; ProxyBonanza not used)
transport: NCAA_VENDOR=decodo_patchright (canary_vendors.toml; ProxyBonanza not used)
log -> logs/capture_20260814_201242.log  (watch: tail -f logs/capture_20260814_201242.log)
transport: NCAA_VENDOR=decodo_patchright (canary_vendors.toml; ProxyBonanza not used)
transport: NCAA_VENDOR=decodo_patchright (canary_vendors.toml; ProxyBonanza not used)
log -> logs/capture_20260814_201242.log  (watch: tail -f logs/capture_20260814_201242.log)
log -> logs/capture_20260814_201242.log  (watch: tail -f logs/capture_20260814_201242.log)
log -> logs/capture_20260814_201242.log  (watch: tail -f logs/capture_20260814_201242.log)
transport: NCAA_VENDOR=decodo_patchright (canary_vendors.toml; ProxyBonanza not used)
transport: NCAA_VENDOR=decodo_patchright (canary_vendors.toml; ProxyBonanza not used)
transport: NCAA_VENDOR=decodo_patchright (canary_vendors.toml; ProxyBonanza not used)
transport: NCAA_VENDOR=decodo_patchright (canary_vendors.toml; ProxyBonanza not used)
log -> logs/capture_20260814_201242.log  (watch: tail -f logs/capture_20260814_201242.log)
transport: NCAA_VENDOR=decodo_patchright (canary_vendors.toml; ProxyBonanza not used)
log -> logs/capture_20260814_201242.log  (watch: tail -f logs/capture_20260814_201242.log)
log -> logs/capture_20260814_201242.log  (watch: tail -f logs/capture_20260814_201242.log)
transport: NCAA_VENDOR=decodo_patchright (canary_vendors.toml; ProxyBonanza not used)
transport: NCAA_VENDOR=decodo_patchright (canary_vendors.toml; ProxyBonanza not used)
log -> logs/capture_20260814_201242.log  (watch: tail -f logs/capture_20260814_201242.log)
transport: NCAA_VENDOR=decodo_patchright (canary_vendors.toml; ProxyBonanza not used)
log -> logs/capture_20260814_201242.log  (watch: tail -f logs/capture_20260814_201242.log)
transport: NCAA_VENDOR=decodo_patchright (canary_vendors.toml; ProxyBonanza not used)
log -> logs/capture_20260814_201242.log  (watch: tail -f logs/capture_20260814_201242.log)
log -> logs/capture_20260814_201242.log  (watch: tail -f logs/capture_20260814_201242.log)
transport: NCAA_VENDOR=decodo_patchright (canary_vendors.toml; ProxyBonanza not used)
log -> logs/capture_20260814_201242.log  (watch: tail -f logs/capture_20260814_201242.log)
transport: NCAA_VENDOR=decodo_patchright (canary_vendors.toml; ProxyBonanza not used)
log -> logs/capture_20260814_201242.log  (watch: tail -f logs/capture_20260814_201242.log)
transport: NCAA_VENDOR=decodo_patchright (canary_vendors.toml; ProxyBonanza not used)
transport: NCAA_VENDOR=decodo_patchright (canary_vendors.toml; ProxyBonanza not used)
log -> logs/capture_20260814_201242.log  (watch: tail -f logs/capture_20260814_201242.log)
log -> logs/capture_20260814_201242.log  (watch: tail -f logs/capture_20260814_201242.log)
transport: NCAA_VENDOR=decodo_patchright (canary_vendors.toml; ProxyBonanza not used)
transport: NCAA_VENDOR=decodo_patchright (canary_vendors.toml; ProxyBonanza not used)
log -> logs/capture_20260814_201242.log  (watch: tail -f logs/capture_20260814_201242.log)
transport: NCAA_VENDOR=decodo_patchright (canary_vendors.toml; ProxyBonanza not used)
log -> logs/capture_20260814_201242.log  (watch: tail -f logs/capture_20260814_201242.log)
log -> logs/capture_20260814_201242.log  (watch: tail -f logs/capture_20260814_201242.log)
log -> logs/capture_20260814_201242.log  (watch: tail -f logs/capture_20260814_201242.log)
log -> logs/capture_20260814_201242.log  (watch: tail -f logs/capture_20260814_201242.log)
log -> logs/capture_20260814_201242.log  (watch: tail -f logs/capture_20260814_201242.log)
log -> logs/capture_20260814_201242.log  (watch: tail -f logs/capture_20260814_201242.log)
log -> logs/capture_20260814_201242.log  (watch: tail -f logs/capture_20260814_201242.log)
log -> logs/capture_20260814_201242.log  (watch: tail -f logs/capture_20260814_201242.log)
pending=5623 shard=10/31 assigned=182
transport: canary vendor 'decodo_patchright'
2026-08-14 20:12:46,608 INFO vendor decodo_patchright: 64 prox(y/ies), sticky session re-minted -> session-cap1786752766w10
captured=0 skipped=182 failed=0
pending=5623 shard=6/31 assigned=182
transport: canary vendor 'decodo_patchright'
2026-08-14 20:12:46,889 INFO vendor decodo_patchright: 64 prox(y/ies), sticky session re-minted -> session-cap1786752766w6
captured=0 skipped=182 failed=0
pending=5623 shard=17/31 assigned=181
transport: canary vendor 'decodo_patchright'
2026-08-14 20:12:48,072 INFO vendor decodo_patchright: 64 prox(y/ies), sticky session re-minted -> session-cap1786752768w17
captured=0 skipped=181 failed=0
pending=5623 shard=5/31 assigned=182
transport: canary vendor 'decodo_patchright'
pending=5623 shard=2/31 assigned=182
transport: canary vendor 'decodo_patchright'
2026-08-14 20:12:48,319 INFO vendor decodo_patchright: 64 prox(y/ies), sticky session re-minted -> session-cap1786752768w5
EXIT=0
2026-08-14 20:12:48,325 INFO vendor decodo_patchright: 64 prox(y/ies), sticky session re-minted -> session-cap1786752768w2
captured=0 skipped=182 failed=0
pending=5623 shard=8/31 assigned=182
transport: canary vendor 'decodo_patchright'
2026-08-14 20:12:48,365 INFO vendor decodo_patchright: 64 prox(y/ies), sticky session re-minted -> session-cap1786752768w8
captured=0 skipped=182 failed=0
pending=5623 shard=16/31 assigned=181
transport: canary vendor 'decodo_patchright'
2026-08-14 20:12:49,406 INFO vendor decodo_patchright: 64 prox(y/ies), sticky session re-minted -> session-cap1786752769w16
pending=5623 shard=9/31 assigned=182
transport: canary vendor 'decodo_patchright'
captured=0 skipped=181 failed=0
2026-08-14 20:12:49,445 INFO vendor decodo_patchright: 64 prox(y/ies), sticky session re-minted -> session-cap1786752769w9
captured=0 skipped=182 failed=0
pending=5623 shard=3/31 assigned=182
transport: canary vendor 'decodo_patchright'
2026-08-14 20:12:49,476 INFO vendor decodo_patchright: 64 prox(y/ies), sticky session re-minted -> session-cap1786752769w3
captured=0 skipped=182 failed=0
pending=5623 shard=13/31 assigned=181
transport: canary vendor 'decodo_patchright'
2026-08-14 20:12:49,498 INFO vendor decodo_patchright: 64 prox(y/ies), sticky session re-minted -> session-cap1786752769w13
captured=0 skipped=181 failed=0
pending=5623 shard=14/31 assigned=181
transport: canary vendor 'decodo_patchright'
2026-08-14 20:12:49,591 INFO vendor decodo_patchright: 64 prox(y/ies), sticky session re-minted -> session-cap1786752769w14
captured=0 skipped=181 failed=0
pending=5623 shard=23/31 assigned=181
transport: canary vendor 'decodo_patchright'
2026-08-14 20:12:49,620 INFO vendor decodo_patchright: 64 prox(y/ies), sticky session re-minted -> session-cap1786752769w23
captured=0 skipped=181 failed=0
pending=5623 shard=1/31 assigned=182
transport: canary vendor 'decodo_patchright'
2026-08-14 20:12:49,621 INFO vendor decodo_patchright: 64 prox(y/ies), sticky session re-minted -> session-cap1786752769w1
captured=0 skipped=182 failed=0
EXIT=0
pending=5623 shard=24/31 assigned=181
transport: canary vendor 'decodo_patchright'
2026-08-14 20:12:49,720 INFO vendor decodo_patchright: 64 prox(y/ies), sticky session re-minted -> session-cap1786752769w24
pending=5623 shard=7/31 assigned=182
transport: canary vendor 'decodo_patchright'
2026-08-14 20:12:49,720 INFO vendor decodo_patchright: 64 prox(y/ies), sticky session re-minted -> session-cap1786752769w7
captured=0 skipped=182 failed=0
captured=0 skipped=181 failed=0
pending=5623 shard=18/31 assigned=181
transport: canary vendor 'decodo_patchright'
2026-08-14 20:12:49,808 INFO vendor decodo_patchright: 64 prox(y/ies), sticky session re-minted -> session-cap1786752769w18
captured=0 skipped=181 failed=0
pending=5623 shard=11/31 assigned=182
transport: canary vendor 'decodo_patchright'
2026-08-14 20:12:49,908 INFO vendor decodo_patchright: 64 prox(y/ies), sticky session re-minted -> session-cap1786752769w11
pending=5623 shard=0/31 assigned=182
transport: canary vendor 'decodo_patchright'
captured=0 skipped=182 failed=0
2026-08-14 20:12:49,934 INFO vendor decodo_patchright: 64 prox(y/ies), sticky session re-minted -> session-cap1786752769w0
captured=0 skipped=182 failed=0
pending=5623 shard=25/31 assigned=181
transport: canary vendor 'decodo_patchright'
2026-08-14 20:12:50,125 INFO vendor decodo_patchright: 64 prox(y/ies), sticky session re-minted -> session-cap1786752770w25
captured=0 skipped=181 failed=0
pending=5623 shard=15/31 assigned=181
transport: canary vendor 'decodo_patchright'
2026-08-14 20:12:50,228 INFO vendor decodo_patchright: 64 prox(y/ies), sticky session re-minted -> session-cap1786752770w15
captured=0 skipped=181 failed=0
pending=5623 shard=21/31 assigned=181
transport: canary vendor 'decodo_patchright'
2026-08-14 20:12:50,297 INFO vendor decodo_patchright: 64 prox(y/ies), sticky session re-minted -> session-cap1786752770w21
captured=0 skipped=181 failed=0
pending=5623 shard=4/31 assigned=182
transport: canary vendor 'decodo_patchright'
2026-08-14 20:12:50,362 INFO vendor decodo_patchright: 64 prox(y/ies), sticky session re-minted -> session-cap1786752770w4
EXIT=0
EXIT=0
pending=5623 shard=12/31 assigned=181
transport: canary vendor 'decodo_patchright'
2026-08-14 20:12:50,507 INFO vendor decodo_patchright: 64 prox(y/ies), sticky session re-minted -> session-cap1786752770w12
captured=0 skipped=181 failed=0
pending=5623 shard=29/31 assigned=181
transport: canary vendor 'decodo_patchright'
2026-08-14 20:12:50,599 INFO vendor decodo_patchright: 64 prox(y/ies), sticky session re-minted -> session-cap1786752770w29
captured=0 skipped=181 failed=0
EXIT=0
EXIT=0
EXIT=0
EXIT=0
EXIT=0
EXIT=0
EXIT=0
pending=5623 shard=19/31 assigned=181
transport: canary vendor 'decodo_patchright'
2026-08-14 20:12:50,712 INFO vendor decodo_patchright: 64 prox(y/ies), sticky session re-minted -> session-cap1786752770w19
captured=0 skipped=181 failed=0
EXIT=0
EXIT=0
EXIT=0
EXIT=0
EXIT=0
EXIT=0
pending=5623 shard=26/31 assigned=181
transport: canary vendor 'decodo_patchright'
pending=5623 shard=30/31 assigned=181
transport: canary vendor 'decodo_patchright'
2026-08-14 20:12:50,883 INFO vendor decodo_patchright: 64 prox(y/ies), sticky session re-minted -> session-cap1786752770w30
2026-08-14 20:12:50,877 INFO vendor decodo_patchright: 64 prox(y/ies), sticky session re-minted -> session-cap1786752770w26
EXIT=0
captured=0 skipped=181 failed=0
captured=0 skipped=181 failed=0
EXIT=0
pending=5623 shard=27/31 assigned=181
transport: canary vendor 'decodo_patchright'
2026-08-14 20:12:50,932 INFO vendor decodo_patchright: 64 prox(y/ies), sticky session re-minted -> session-cap1786752770w27
EXIT=0
captured=0 skipped=181 failed=0
pending=5623 shard=20/31 assigned=181
transport: canary vendor 'decodo_patchright'
pending=5623 shard=22/31 assigned=181
transport: canary vendor 'decodo_patchright'
2026-08-14 20:12:50,967 INFO vendor decodo_patchright: 64 prox(y/ies), sticky session re-minted -> session-cap1786752770w20
captured=0 skipped=181 failed=0
2026-08-14 20:12:50,969 INFO vendor decodo_patchright: 64 prox(y/ies), sticky session re-minted -> session-cap1786752770w22
captured=0 skipped=181 failed=0
EXIT=0
pending=5623 shard=28/31 assigned=181
transport: canary vendor 'decodo_patchright'
2026-08-14 20:12:51,114 INFO vendor decodo_patchright: 64 prox(y/ies), sticky session re-minted -> session-cap1786752771w28
captured=0 skipped=181 failed=0
EXIT=0
EXIT=0
EXIT=0
EXIT=0
EXIT=0
EXIT=0
EXIT=0
EXIT=0
2026-08-14 20:13:23,009 WARNING challenge not cleared for contest_id=323984 -- bundle not written
captured=0 skipped=181 failed=1
EXIT=0
2026-08-14 20:13:25,273 WARNING challenge not cleared for contest_id=320927 -- bundle not written
captured=0 skipped=181 failed=1
EXIT=0
[20:13:25] === parse captured bundles -> wbb/json/ ===
log -> logs/parse_20260814_201325.log  (watch: tail -f logs/parse_20260814_201325.log)
seasons=all bundles=93158 pending=0 force=False shard=1/16 assigned=0
parsed=0 failed=0

EXIT=0
[20:13:37] DONE: captured_bundles=93158 parsed_json=93158 (capture rc=0)
[20:13:37] next -> build the -data parquet (Phase 2, not yet built as of this branch):
[20:13:37]   cd /c/Users/saiem/Documents/GitHub-Data/sdv-dev/wehoop-dev/ncaa-wbb-hoops-raw/../ncaa-wbb-hoops-data && python -m ncaa_wbb_data_build build --dataset all --season 2017
EXIT=0
[2026-08-14 20:13:37] season 2017: round 1 captured nothing (2 left, un-capturable) -- treating as done
[2026-08-14 20:13:37] === season 2016 ===
[20:13:38] NCAA WBB backfill: season=2016 workers=31
[20:13:38] watch this run:  tail -f /c/Users/saiem/Documents/GitHub-Data/sdv-dev/wehoop-dev/ncaa-wbb-hoops-raw/logs/backfill_2016_20260814_201338.log
[20:13:38] === skip discover (season 2016 already in schedule_master; delete wbb/schedule_master.parquet to force) ===
[20:13:38] === capture 2016: 31 worker(s), chunk=400 new bundles per worker ===
transport: NCAA_VENDOR=decodo_patchright (canary_vendors.toml; ProxyBonanza not used)
transport: NCAA_VENDOR=decodo_patchright (canary_vendors.toml; ProxyBonanza not used)
transport: NCAA_VENDOR=decodo_patchright (canary_vendors.toml; ProxyBonanza not used)
transport: NCAA_VENDOR=decodo_patchright (canary_vendors.toml; ProxyBonanza not used)
transport: NCAA_VENDOR=decodo_patchright (canary_vendors.toml; ProxyBonanza not used)
transport: NCAA_VENDOR=decodo_patchright (canary_vendors.toml; ProxyBonanza not used)
transport: NCAA_VENDOR=decodo_patchright (canary_vendors.toml; ProxyBonanza not used)
log -> logs/capture_20260814_201338.log  (watch: tail -f logs/capture_20260814_201338.log)
transport: NCAA_VENDOR=decodo_patchright (canary_vendors.toml; ProxyBonanza not used)
log -> logs/capture_20260814_201338.log  (watch: tail -f logs/capture_20260814_201338.log)
log -> logs/capture_20260814_201338.log  (watch: tail -f logs/capture_20260814_201338.log)
log -> logs/capture_20260814_201338.log  (watch: tail -f logs/capture_20260814_201338.log)
log -> logs/capture_20260814_201338.log  (watch: tail -f logs/capture_20260814_201338.log)
transport: NCAA_VENDOR=decodo_patchright (canary_vendors.toml; ProxyBonanza not used)
transport: NCAA_VENDOR=decodo_patchright (canary_vendors.toml; ProxyBonanza not used)
transport: NCAA_VENDOR=decodo_patchright (canary_vendors.toml; ProxyBonanza not used)
transport: NCAA_VENDOR=decodo_patchright (canary_vendors.toml; ProxyBonanza not used)
log -> logs/capture_20260814_201338.log  (watch: tail -f logs/capture_20260814_201338.log)
log -> logs/capture_20260814_201338.log  (watch: tail -f logs/capture_20260814_201338.log)
transport: NCAA_VENDOR=decodo_patchright (canary_vendors.toml; ProxyBonanza not used)
transport: NCAA_VENDOR=decodo_patchright (canary_vendors.toml; ProxyBonanza not used)
log -> logs/capture_20260814_201338.log  (watch: tail -f logs/capture_20260814_201338.log)
transport: NCAA_VENDOR=decodo_patchright (canary_vendors.toml; ProxyBonanza not used)
log -> logs/capture_20260814_201338.log  (watch: tail -f logs/capture_20260814_201338.log)
log -> logs/capture_20260814_201338.log  (watch: tail -f logs/capture_20260814_201338.log)
log -> logs/capture_20260814_201338.log  (watch: tail -f logs/capture_20260814_201338.log)
transport: NCAA_VENDOR=decodo_patchright (canary_vendors.toml; ProxyBonanza not used)
log -> logs/capture_20260814_201338.log  (watch: tail -f logs/capture_20260814_201338.log)
transport: NCAA_VENDOR=decodo_patchright (canary_vendors.toml; ProxyBonanza not used)
transport: NCAA_VENDOR=decodo_patchright (canary_vendors.toml; ProxyBonanza not used)
transport: NCAA_VENDOR=decodo_patchright (canary_vendors.toml; ProxyBonanza not used)
log -> logs/capture_20260814_201338.log  (watch: tail -f logs/capture_20260814_201338.log)
transport: NCAA_VENDOR=decodo_patchright (canary_vendors.toml; ProxyBonanza not used)
transport: NCAA_VENDOR=decodo_patchright (canary_vendors.toml; ProxyBonanza not used)
log -> logs/capture_20260814_201338.log  (watch: tail -f logs/capture_20260814_201338.log)
log -> logs/capture_20260814_201338.log  (watch: tail -f logs/capture_20260814_201338.log)
transport: NCAA_VENDOR=decodo_patchright (canary_vendors.toml; ProxyBonanza not used)
transport: NCAA_VENDOR=decodo_patchright (canary_vendors.toml; ProxyBonanza not used)
transport: NCAA_VENDOR=decodo_patchright (canary_vendors.toml; ProxyBonanza not used)
log -> logs/capture_20260814_201338.log  (watch: tail -f logs/capture_20260814_201338.log)
log -> logs/capture_20260814_201338.log  (watch: tail -f logs/capture_20260814_201338.log)
log -> logs/capture_20260814_201338.log  (watch: tail -f logs/capture_20260814_201338.log)
log -> logs/capture_20260814_201338.log  (watch: tail -f logs/capture_20260814_201338.log)
transport: NCAA_VENDOR=decodo_patchright (canary_vendors.toml; ProxyBonanza not used)
transport: NCAA_VENDOR=decodo_patchright (canary_vendors.toml; ProxyBonanza not used)
transport: NCAA_VENDOR=decodo_patchright (canary_vendors.toml; ProxyBonanza not used)
log -> logs/capture_20260814_201338.log  (watch: tail -f logs/capture_20260814_201338.log)
log -> logs/capture_20260814_201338.log  (watch: tail -f logs/capture_20260814_201338.log)
log -> logs/capture_20260814_201338.log  (watch: tail -f logs/capture_20260814_201338.log)
log -> logs/capture_20260814_201338.log  (watch: tail -f logs/capture_20260814_201338.log)
transport: NCAA_VENDOR=decodo_patchright (canary_vendors.toml; ProxyBonanza not used)
transport: NCAA_VENDOR=decodo_patchright (canary_vendors.toml; ProxyBonanza not used)
transport: NCAA_VENDOR=decodo_patchright (canary_vendors.toml; ProxyBonanza not used)
log -> logs/capture_20260814_201338.log  (watch: tail -f logs/capture_20260814_201338.log)
transport: NCAA_VENDOR=decodo_patchright (canary_vendors.toml; ProxyBonanza not used)
log -> logs/capture_20260814_201339.log  (watch: tail -f logs/capture_20260814_201339.log)
log -> logs/capture_20260814_201339.log  (watch: tail -f logs/capture_20260814_201339.log)
log -> logs/capture_20260814_201339.log  (watch: tail -f logs/capture_20260814_201339.log)
log -> logs/capture_20260814_201339.log  (watch: tail -f logs/capture_20260814_201339.log)
log -> logs/capture_20260814_201339.log  (watch: tail -f logs/capture_20260814_201339.log)
log -> logs/capture_20260814_201339.log  (watch: tail -f logs/capture_20260814_201339.log)
log -> logs/capture_20260814_201339.log  (watch: tail -f logs/capture_20260814_201339.log)
pending=5618 shard=4/31 assigned=182
transport: canary vendor 'decodo_patchright'
2026-08-14 20:13:44,014 INFO vendor decodo_patchright: 64 prox(y/ies), sticky session re-minted -> session-cap1786752824w4
pending=5618 shard=8/31 assigned=181
transport: canary vendor 'decodo_patchright'
2026-08-14 20:13:44,017 INFO vendor decodo_patchright: 64 prox(y/ies), sticky session re-minted -> session-cap1786752824w8
captured=0 skipped=182 failed=0
pending=5618 shard=10/31 assigned=181
transport: canary vendor 'decodo_patchright'
pending=5618 shard=3/31 assigned=182
transport: canary vendor 'decodo_patchright'
pending=5618 shard=21/31 assigned=181
transport: canary vendor 'decodo_patchright'
2026-08-14 20:13:44,690 INFO vendor decodo_patchright: 64 prox(y/ies), sticky session re-minted -> session-cap1786752824w10
2026-08-14 20:13:44,701 INFO vendor decodo_patchright: 64 prox(y/ies), sticky session re-minted -> session-cap1786752824w21
captured=0 skipped=181 failed=0
2026-08-14 20:13:44,779 INFO vendor decodo_patchright: 64 prox(y/ies), sticky session re-minted -> session-cap1786752824w3
captured=0 skipped=182 failed=0
pending=5618 shard=9/31 assigned=181
transport: canary vendor 'decodo_patchright'
2026-08-14 20:13:44,779 INFO vendor decodo_patchright: 64 prox(y/ies), sticky session re-minted -> session-cap1786752824w9
pending=5618 shard=13/31 assigned=181
transport: canary vendor 'decodo_patchright'
pending=5618 shard=15/31 assigned=181
transport: canary vendor 'decodo_patchright'
2026-08-14 20:13:45,835 INFO vendor decodo_patchright: 64 prox(y/ies), sticky session re-minted -> session-cap1786752825w15
2026-08-14 20:13:45,834 INFO vendor decodo_patchright: 64 prox(y/ies), sticky session re-minted -> session-cap1786752825w13
captured=0 skipped=181 failed=0
pending=5618 shard=1/31 assigned=182
transport: canary vendor 'decodo_patchright'
pending=5618 shard=19/31 assigned=181
transport: canary vendor 'decodo_patchright'
2026-08-14 20:13:45,949 INFO vendor decodo_patchright: 64 prox(y/ies), sticky session re-minted -> session-cap1786752825w19
2026-08-14 20:13:45,927 INFO vendor decodo_patchright: 64 prox(y/ies), sticky session re-minted -> session-cap1786752825w1
captured=0 skipped=182 failed=0
captured=0 skipped=181 failed=0
pending=5618 shard=7/31 assigned=181
transport: canary vendor 'decodo_patchright'
2026-08-14 20:13:46,000 INFO vendor decodo_patchright: 64 prox(y/ies), sticky session re-minted -> session-cap1786752825w7
captured=0 skipped=181 failed=0
EXIT=0
EXIT=0
EXIT=0
pending=5618 shard=17/31 assigned=181
transport: canary vendor 'decodo_patchright'
2026-08-14 20:13:47,174 INFO vendor decodo_patchright: 64 prox(y/ies), sticky session re-minted -> session-cap1786752827w17
EXIT=0
EXIT=0
EXIT=0
EXIT=0
pending=5618 shard=0/31 assigned=182
transport: canary vendor 'decodo_patchright'
2026-08-14 20:13:47,697 INFO vendor decodo_patchright: 64 prox(y/ies), sticky session re-minted -> session-cap1786752827w0
pending=5618 shard=18/31 assigned=181
transport: canary vendor 'decodo_patchright'
pending=5618 shard=20/31 assigned=181
transport: canary vendor 'decodo_patchright'
2026-08-14 20:13:47,728 INFO vendor decodo_patchright: 64 prox(y/ies), sticky session re-minted -> session-cap1786752827w20
pending=5618 shard=2/31 assigned=182
transport: canary vendor 'decodo_patchright'
captured=0 skipped=181 failed=0
2026-08-14 20:13:47,858 INFO vendor decodo_patchright: 64 prox(y/ies), sticky session re-minted -> session-cap1786752827w2
2026-08-14 20:13:47,862 INFO vendor decodo_patchright: 64 prox(y/ies), sticky session re-minted -> session-cap1786752827w18
captured=0 skipped=181 failed=0
pending=5618 shard=5/31 assigned=182
transport: canary vendor 'decodo_patchright'
captured=0 skipped=182 failed=0
pending=5618 shard=14/31 assigned=181
transport: canary vendor 'decodo_patchright'
2026-08-14 20:13:47,913 INFO vendor decodo_patchright: 64 prox(y/ies), sticky session re-minted -> session-cap1786752827w14
captured=0 skipped=181 failed=0
2026-08-14 20:13:47,947 INFO vendor decodo_patchright: 64 prox(y/ies), sticky session re-minted -> session-cap1786752827w5
captured=0 skipped=182 failed=0
pending=5618 shard=23/31 assigned=181
transport: canary vendor 'decodo_patchright'
pending=5618 shard=28/31 assigned=181
transport: canary vendor 'decodo_patchright'
2026-08-14 20:13:48,053 INFO vendor decodo_patchright: 64 prox(y/ies), sticky session re-minted -> session-cap1786752828w28
captured=0 skipped=181 failed=0
2026-08-14 20:13:48,022 INFO vendor decodo_patchright: 64 prox(y/ies), sticky session re-minted -> session-cap1786752828w23
captured=0 skipped=181 failed=0
pending=5618 shard=11/31 assigned=181
transport: canary vendor 'decodo_patchright'
2026-08-14 20:13:48,157 INFO vendor decodo_patchright: 64 prox(y/ies), sticky session re-minted -> session-cap1786752828w11
captured=0 skipped=181 failed=0
pending=5618 shard=30/31 assigned=181
transport: canary vendor 'decodo_patchright'
2026-08-14 20:13:48,196 INFO vendor decodo_patchright: 64 prox(y/ies), sticky session re-minted -> session-cap1786752828w30
captured=0 skipped=181 failed=0
pending=5618 shard=24/31 assigned=181
transport: canary vendor 'decodo_patchright'
2026-08-14 20:13:48,276 INFO vendor decodo_patchright: 64 prox(y/ies), sticky session re-minted -> session-cap1786752828w24
captured=0 skipped=181 failed=0
pending=5618 shard=27/31 assigned=181
transport: canary vendor 'decodo_patchright'
EXIT=0
2026-08-14 20:13:48,376 INFO vendor decodo_patchright: 64 prox(y/ies), sticky session re-minted -> session-cap1786752828w27
pending=5618 shard=12/31 assigned=181
transport: canary vendor 'decodo_patchright'
2026-08-14 20:13:48,407 INFO vendor decodo_patchright: 64 prox(y/ies), sticky session re-minted -> session-cap1786752828w12
captured=0 skipped=181 failed=0
pending=5618 shard=29/31 assigned=181
transport: canary vendor 'decodo_patchright'
2026-08-14 20:13:48,451 INFO vendor decodo_patchright: 64 prox(y/ies), sticky session re-minted -> session-cap1786752828w29
captured=0 skipped=181 failed=0
EXIT=0
pending=5618 shard=6/31 assigned=182
transport: canary vendor 'decodo_patchright'
2026-08-14 20:13:48,545 INFO vendor decodo_patchright: 64 prox(y/ies), sticky session re-minted -> session-cap1786752828w6
captured=0 skipped=182 failed=0
pending=5618 shard=25/31 assigned=181
transport: canary vendor 'decodo_patchright'
EXIT=0
EXIT=0
2026-08-14 20:13:48,614 INFO vendor decodo_patchright: 64 prox(y/ies), sticky session re-minted -> session-cap1786752828w25
captured=0 skipped=181 failed=0
EXIT=0
EXIT=0
pending=5618 shard=22/31 assigned=181
transport: canary vendor 'decodo_patchright'
2026-08-14 20:13:48,736 INFO vendor decodo_patchright: 64 prox(y/ies), sticky session re-minted -> session-cap1786752828w22
captured=0 skipped=181 failed=0
EXIT=0
pending=5618 shard=16/31 assigned=181
transport: canary vendor 'decodo_patchright'
2026-08-14 20:13:48,794 INFO vendor decodo_patchright: 64 prox(y/ies), sticky session re-minted -> session-cap1786752828w16
captured=0 skipped=181 failed=0
pending=5618 shard=26/31 assigned=181
transport: canary vendor 'decodo_patchright'
2026-08-14 20:13:48,830 INFO vendor decodo_patchright: 64 prox(y/ies), sticky session re-minted -> session-cap1786752828w26
captured=0 skipped=181 failed=0
EXIT=0
EXIT=0
EXIT=0
EXIT=0
EXIT=0
EXIT=0
EXIT=0
EXIT=0
EXIT=0
EXIT=0
2026-08-14 20:14:19,606 WARNING challenge not cleared for contest_id=459386 -- bundle not written
captured=0 skipped=180 failed=1
EXIT=0
2026-08-14 20:14:20,391 WARNING challenge not cleared for contest_id=473750 -- bundle not written
captured=0 skipped=180 failed=1
EXIT=0
2026-08-14 20:14:22,324 WARNING challenge not cleared for contest_id=473957 -- bundle not written
captured=0 skipped=181 failed=1
EXIT=0
2026-08-14 20:14:23,122 WARNING challenge not cleared for contest_id=473426 -- bundle not written
captured=0 skipped=180 failed=1
EXIT=0
2026-08-14 20:14:28,107 WARNING challenge not cleared for contest_id=468353 -- bundle not written
captured=0 skipped=180 failed=1
EXIT=0
2026-08-14 20:14:31,761 WARNING challenge not cleared for contest_id=473969 -- bundle not written
captured=0 skipped=180 failed=1
EXIT=0
2026-08-14 20:15:00,022 WARNING challenge not cleared for contest_id=475084 -- bundle not written
captured=0 skipped=180 failed=1
EXIT=0
[20:15:00] === parse captured bundles -> wbb/json/ ===
log -> logs/parse_20260814_201500.log  (watch: tail -f logs/parse_20260814_201500.log)
seasons=all bundles=93158 pending=0 force=False shard=7/16 assigned=0
parsed=0 failed=0

EXIT=0
[20:15:13] DONE: captured_bundles=93158 parsed_json=93158 (capture rc=0)
[20:15:13] next -> build the -data parquet (Phase 2, not yet built as of this branch):
[20:15:13]   cd /c/Users/saiem/Documents/GitHub-Data/sdv-dev/wehoop-dev/ncaa-wbb-hoops-raw/../ncaa-wbb-hoops-data && python -m ncaa_wbb_data_build build --dataset all --season 2016
EXIT=0
[2026-08-14 20:15:13] season 2016: round 1 captured nothing (7 left, un-capturable) -- treating as done
[2026-08-14 20:15:13] === season 2015 ===
[20:15:14] NCAA WBB backfill: season=2015 workers=31
[20:15:14] watch this run:  tail -f /c/Users/saiem/Documents/GitHub-Data/sdv-dev/wehoop-dev/ncaa-wbb-hoops-raw/logs/backfill_2015_20260814_201514.log
[20:15:14] === skip discover (season 2015 already in schedule_master; delete wbb/schedule_master.parquet to force) ===
[20:15:14] === capture 2015: 31 worker(s), chunk=400 new bundles per worker ===
transport: NCAA_VENDOR=decodo_patchright (canary_vendors.toml; ProxyBonanza not used)
transport: NCAA_VENDOR=decodo_patchright (canary_vendors.toml; ProxyBonanza not used)
transport: NCAA_VENDOR=decodo_patchright (canary_vendors.toml; ProxyBonanza not used)
transport: NCAA_VENDOR=decodo_patchright (canary_vendors.toml; ProxyBonanza not used)
transport: NCAA_VENDOR=decodo_patchright (canary_vendors.toml; ProxyBonanza not used)
transport: NCAA_VENDOR=decodo_patchright (canary_vendors.toml; ProxyBonanza not used)
transport: NCAA_VENDOR=decodo_patchright (canary_vendors.toml; ProxyBonanza not used)
transport: NCAA_VENDOR=decodo_patchright (canary_vendors.toml; ProxyBonanza not used)
log -> logs/capture_20260814_201514.log  (watch: tail -f logs/capture_20260814_201514.log)
log -> logs/capture_20260814_201514.log  (watch: tail -f logs/capture_20260814_201514.log)
log -> logs/capture_20260814_201514.log  (watch: tail -f logs/capture_20260814_201514.log)
log -> logs/capture_20260814_201514.log  (watch: tail -f logs/capture_20260814_201514.log)
transport: NCAA_VENDOR=decodo_patchright (canary_vendors.toml; ProxyBonanza not used)
transport: NCAA_VENDOR=decodo_patchright (canary_vendors.toml; ProxyBonanza not used)
transport: NCAA_VENDOR=decodo_patchright (canary_vendors.toml; ProxyBonanza not used)
log -> logs/capture_20260814_201514.log  (watch: tail -f logs/capture_20260814_201514.log)
log -> logs/capture_20260814_201514.log  (watch: tail -f logs/capture_20260814_201514.log)
transport: NCAA_VENDOR=decodo_patchright (canary_vendors.toml; ProxyBonanza not used)
log -> logs/capture_20260814_201514.log  (watch: tail -f logs/capture_20260814_201514.log)
transport: NCAA_VENDOR=decodo_patchright (canary_vendors.toml; ProxyBonanza not used)
transport: NCAA_VENDOR=decodo_patchright (canary_vendors.toml; ProxyBonanza not used)
transport: NCAA_VENDOR=decodo_patchright (canary_vendors.toml; ProxyBonanza not used)
log -> logs/capture_20260814_201514.log  (watch: tail -f logs/capture_20260814_201514.log)
log -> logs/capture_20260814_201514.log  (watch: tail -f logs/capture_20260814_201514.log)
log -> logs/capture_20260814_201514.log  (watch: tail -f logs/capture_20260814_201514.log)
transport: NCAA_VENDOR=decodo_patchright (canary_vendors.toml; ProxyBonanza not used)
log -> logs/capture_20260814_201514.log  (watch: tail -f logs/capture_20260814_201514.log)
transport: NCAA_VENDOR=decodo_patchright (canary_vendors.toml; ProxyBonanza not used)
transport: NCAA_VENDOR=decodo_patchright (canary_vendors.toml; ProxyBonanza not used)
log -> logs/capture_20260814_201514.log  (watch: tail -f logs/capture_20260814_201514.log)
log -> logs/capture_20260814_201514.log  (watch: tail -f logs/capture_20260814_201514.log)
transport: NCAA_VENDOR=decodo_patchright (canary_vendors.toml; ProxyBonanza not used)
log -> logs/capture_20260814_201514.log  (watch: tail -f logs/capture_20260814_201514.log)
transport: NCAA_VENDOR=decodo_patchright (canary_vendors.toml; ProxyBonanza not used)
log -> logs/capture_20260814_201514.log  (watch: tail -f logs/capture_20260814_201514.log)
transport: NCAA_VENDOR=decodo_patchright (canary_vendors.toml; ProxyBonanza not used)
log -> logs/capture_20260814_201514.log  (watch: tail -f logs/capture_20260814_201514.log)
log -> logs/capture_20260814_201514.log  (watch: tail -f logs/capture_20260814_201514.log)
transport: NCAA_VENDOR=decodo_patchright (canary_vendors.toml; ProxyBonanza not used)
transport: NCAA_VENDOR=decodo_patchright (canary_vendors.toml; ProxyBonanza not used)
transport: NCAA_VENDOR=decodo_patchright (canary_vendors.toml; ProxyBonanza not used)
transport: NCAA_VENDOR=decodo_patchright (canary_vendors.toml; ProxyBonanza not used)
log -> logs/capture_20260814_201514.log  (watch: tail -f logs/capture_20260814_201514.log)
log -> logs/capture_20260814_201514.log  (watch: tail -f logs/capture_20260814_201514.log)
log -> logs/capture_20260814_201514.log  (watch: tail -f logs/capture_20260814_201514.log)
transport: NCAA_VENDOR=decodo_patchright (canary_vendors.toml; ProxyBonanza not used)
transport: NCAA_VENDOR=decodo_patchright (canary_vendors.toml; ProxyBonanza not used)
log -> logs/capture_20260814_201514.log  (watch: tail -f logs/capture_20260814_201514.log)
transport: NCAA_VENDOR=decodo_patchright (canary_vendors.toml; ProxyBonanza not used)
transport: NCAA_VENDOR=decodo_patchright (canary_vendors.toml; ProxyBonanza not used)
log -> logs/capture_20260814_201514.log  (watch: tail -f logs/capture_20260814_201514.log)
log -> logs/capture_20260814_201514.log  (watch: tail -f logs/capture_20260814_201514.log)
log -> logs/capture_20260814_201514.log  (watch: tail -f logs/capture_20260814_201514.log)
transport: NCAA_VENDOR=decodo_patchright (canary_vendors.toml; ProxyBonanza not used)
log -> logs/capture_20260814_201514.log  (watch: tail -f logs/capture_20260814_201514.log)
transport: NCAA_VENDOR=decodo_patchright (canary_vendors.toml; ProxyBonanza not used)
log -> logs/capture_20260814_201514.log  (watch: tail -f logs/capture_20260814_201514.log)
log -> logs/capture_20260814_201515.log  (watch: tail -f logs/capture_20260814_201515.log)
log -> logs/capture_20260814_201515.log  (watch: tail -f logs/capture_20260814_201515.log)
log -> logs/capture_20260814_201515.log  (watch: tail -f logs/capture_20260814_201515.log)
log -> logs/capture_20260814_201515.log  (watch: tail -f logs/capture_20260814_201515.log)
log -> logs/capture_20260814_201515.log  (watch: tail -f logs/capture_20260814_201515.log)
pending=5602 shard=2/31 assigned=181
transport: canary vendor 'decodo_patchright'
pending=5602 shard=0/31 assigned=181
transport: canary vendor 'decodo_patchright'
2026-08-14 20:15:20,026 INFO vendor decodo_patchright: 64 prox(y/ies), sticky session re-minted -> session-cap1786752920w2
2026-08-14 20:15:20,027 INFO vendor decodo_patchright: 64 prox(y/ies), sticky session re-minted -> session-cap1786752920w0
pending=5602 shard=3/31 assigned=181
transport: canary vendor 'decodo_patchright'
2026-08-14 20:15:20,799 INFO vendor decodo_patchright: 64 prox(y/ies), sticky session re-minted -> session-cap1786752920w3
pending=5602 shard=15/31 assigned=181
transport: canary vendor 'decodo_patchright'
2026-08-14 20:15:21,417 INFO vendor decodo_patchright: 64 prox(y/ies), sticky session re-minted -> session-cap1786752921w15
pending=5602 shard=4/31 assigned=181
transport: canary vendor 'decodo_patchright'
2026-08-14 20:15:21,681 INFO vendor decodo_patchright: 64 prox(y/ies), sticky session re-minted -> session-cap1786752921w4
pending=5602 shard=1/31 assigned=181
transport: canary vendor 'decodo_patchright'
2026-08-14 20:15:21,714 INFO vendor decodo_patchright: 64 prox(y/ies), sticky session re-minted -> session-cap1786752921w1
pending=5602 shard=12/31 assigned=181
transport: canary vendor 'decodo_patchright'
2026-08-14 20:15:21,999 INFO vendor decodo_patchright: 64 prox(y/ies), sticky session re-minted -> session-cap1786752921w12
pending=5602 shard=5/31 assigned=181
transport: canary vendor 'decodo_patchright'
2026-08-14 20:15:23,563 INFO vendor decodo_patchright: 64 prox(y/ies), sticky session re-minted -> session-cap1786752923w5
pending=5602 shard=7/31 assigned=181
transport: canary vendor 'decodo_patchright'
2026-08-14 20:15:23,590 INFO vendor decodo_patchright: 64 prox(y/ies), sticky session re-minted -> session-cap1786752923w7
pending=5602 shard=22/31 assigned=180
transport: canary vendor 'decodo_patchright'
2026-08-14 20:15:23,843 INFO vendor decodo_patchright: 64 prox(y/ies), sticky session re-minted -> session-cap1786752923w22
pending=5602 shard=13/31 assigned=181
transport: canary vendor 'decodo_patchright'
2026-08-14 20:15:23,976 INFO vendor decodo_patchright: 64 prox(y/ies), sticky session re-minted -> session-cap1786752923w13
pending=5602 shard=23/31 assigned=180
transport: canary vendor 'decodo_patchright'
pending=5602 shard=20/31 assigned=181
transport: canary vendor 'decodo_patchright'
pending=5602 shard=8/31 assigned=181
transport: canary vendor 'decodo_patchright'
2026-08-14 20:15:24,324 INFO vendor decodo_patchright: 64 prox(y/ies), sticky session re-minted -> session-cap1786752924w8
pending=5602 shard=27/31 assigned=180
transport: canary vendor 'decodo_patchright'
2026-08-14 20:15:24,368 INFO vendor decodo_patchright: 64 prox(y/ies), sticky session re-minted -> session-cap1786752924w27
2026-08-14 20:15:24,324 INFO vendor decodo_patchright: 64 prox(y/ies), sticky session re-minted -> session-cap1786752924w20
pending=5602 shard=17/31 assigned=181
transport: canary vendor 'decodo_patchright'
2026-08-14 20:15:24,370 INFO vendor decodo_patchright: 64 prox(y/ies), sticky session re-minted -> session-cap1786752924w17
2026-08-14 20:15:24,327 INFO vendor decodo_patchright: 64 prox(y/ies), sticky session re-minted -> session-cap1786752924w23
pending=5602 shard=29/31 assigned=180
transport: canary vendor 'decodo_patchright'
pending=5602 shard=14/31 assigned=181
transport: canary vendor 'decodo_patchright'
pending=5602 shard=10/31 assigned=181
transport: canary vendor 'decodo_patchright'
pending=5602 shard=11/31 assigned=181
transport: canary vendor 'decodo_patchright'
pending=5602 shard=16/31 assigned=181
transport: canary vendor 'decodo_patchright'
2026-08-14 20:15:25,242 INFO vendor decodo_patchright: 64 prox(y/ies), sticky session re-minted -> session-cap1786752925w14
2026-08-14 20:15:25,306 INFO vendor decodo_patchright: 64 prox(y/ies), sticky session re-minted -> session-cap1786752925w16
pending=5602 shard=25/31 assigned=180
transport: canary vendor 'decodo_patchright'
2026-08-14 20:15:25,298 INFO vendor decodo_patchright: 64 prox(y/ies), sticky session re-minted -> session-cap1786752925w11
2026-08-14 20:15:25,337 INFO vendor decodo_patchright: 64 prox(y/ies), sticky session re-minted -> session-cap1786752925w29
2026-08-14 20:15:25,313 INFO vendor decodo_patchright: 64 prox(y/ies), sticky session re-minted -> session-cap1786752925w10
2026-08-14 20:15:25,369 INFO vendor decodo_patchright: 64 prox(y/ies), sticky session re-minted -> session-cap1786752925w25
pending=5602 shard=30/31 assigned=180
transport: canary vendor 'decodo_patchright'
2026-08-14 20:15:25,485 INFO vendor decodo_patchright: 64 prox(y/ies), sticky session re-minted -> session-cap1786752925w30
pending=5602 shard=28/31 assigned=180
transport: canary vendor 'decodo_patchright'
pending=5602 shard=9/31 assigned=181
transport: canary vendor 'decodo_patchright'
pending=5602 shard=21/31 assigned=181
transport: canary vendor 'decodo_patchright'
pending=5602 shard=19/31 assigned=181
transport: canary vendor 'decodo_patchright'
pending=5602 shard=26/31 assigned=180
transport: canary vendor 'decodo_patchright'
2026-08-14 20:15:26,926 INFO vendor decodo_patchright: 64 prox(y/ies), sticky session re-minted -> session-cap1786752926w28
2026-08-14 20:15:26,981 INFO vendor decodo_patchright: 64 prox(y/ies), sticky session re-minted -> session-cap1786752926w19
pending=5602 shard=18/31 assigned=181
transport: canary vendor 'decodo_patchright'
pending=5602 shard=24/31 assigned=180
transport: canary vendor 'decodo_patchright'
pending=5602 shard=6/31 assigned=181
transport: canary vendor 'decodo_patchright'
2026-08-14 20:15:27,205 INFO vendor decodo_patchright: 64 prox(y/ies), sticky session re-minted -> session-cap1786752927w6
2026-08-14 20:15:27,202 INFO vendor decodo_patchright: 64 prox(y/ies), sticky session re-minted -> session-cap1786752927w26
2026-08-14 20:15:27,291 INFO vendor decodo_patchright: 64 prox(y/ies), sticky session re-minted -> session-cap1786752927w9
2026-08-14 20:15:27,342 INFO vendor decodo_patchright: 64 prox(y/ies), sticky session re-minted -> session-cap1786752927w24
2026-08-14 20:15:27,365 INFO vendor decodo_patchright: 64 prox(y/ies), sticky session re-minted -> session-cap1786752927w18
2026-08-14 20:15:27,526 INFO vendor decodo_patchright: 64 prox(y/ies), sticky session re-minted -> session-cap1786752927w21
2026-08-14 20:15:56,798 WARNING challenge not cleared for contest_id=386933 -- bundle not written
2026-08-14 20:16:05,332 WARNING challenge not cleared for contest_id=390770 -- bundle not written
2026-08-14 20:16:36,470 WARNING challenge not cleared for contest_id=390992 -- bundle not written
2026-08-14 20:16:36,875 WARNING challenge not cleared for contest_id=390991 -- bundle not written
2026-08-14 20:17:01,233 WARNING challenge not cleared for contest_id=390784 -- bundle not written
2026-08-14 20:17:40,464 WARNING challenge not cleared for contest_id=396701 -- bundle not written
2026-08-14 20:17:49,641 WARNING challenge not cleared for contest_id=397733 -- bundle not written
2026-08-14 20:18:13,902 WARNING challenge not cleared for contest_id=396349 -- bundle not written
captured=6 skipped=175 failed=0
EXIT=0
2026-08-14 20:18:43,346 WARNING challenge not cleared for contest_id=400506 -- bundle not written
captured=6 skipped=175 failed=0
EXIT=0
captured=6 skipped=175 failed=0
EXIT=0
captured=6 skipped=175 failed=0
EXIT=0
captured=6 skipped=175 failed=0
EXIT=0
captured=6 skipped=175 failed=0
EXIT=0
captured=7 skipped=174 failed=0
EXIT=0
captured=6 skipped=175 failed=0
EXIT=0
captured=7 skipped=174 failed=0
EXIT=0
captured=7 skipped=174 failed=0
EXIT=0
captured=6 skipped=174 failed=0
EXIT=0
captured=6 skipped=174 failed=1
EXIT=0
captured=7 skipped=174 failed=0
EXIT=0
captured=7 skipped=173 failed=0
EXIT=0
captured=7 skipped=174 failed=0
EXIT=0
captured=7 skipped=174 failed=0
EXIT=0
2026-08-14 20:19:25,245 WARNING challenge not cleared for contest_id=399561 -- bundle not written
captured=6 skipped=173 failed=1
EXIT=0
captured=7 skipped=173 failed=0
EXIT=0
captured=8 skipped=173 failed=0
EXIT=0
captured=7 skipped=173 failed=0
EXIT=0
captured=8 skipped=173 failed=0
EXIT=0
captured=7 skipped=173 failed=1
EXIT=0
captured=8 skipped=172 failed=0
captured=7 skipped=172 failed=1
EXIT=0
EXIT=0
captured=8 skipped=172 failed=0
EXIT=0
captured=8 skipped=173 failed=0
EXIT=0
captured=7 skipped=172 failed=2
EXIT=0
captured=7 skipped=171 failed=2
EXIT=0
captured=8 skipped=171 failed=2
EXIT=0
captured=7 skipped=174 failed=0
EXIT=0
EXIT=127
[20:30:13] capture stopped (rc=127) -- a ban/soft-ban hard-stop or Ctrl-C (see the capture log).
[20:30:13]   This is RESUMABLE: cool down (a ban clears in minutes-hours), then re-run this
[20:30:13]   script -- already-captured contests are skipped.
[20:30:13] === parse captured bundles -> wbb/json/ ===
log -> logs/parse_20260814_203013.log  (watch: tail -f logs/parse_20260814_203013.log)
seasons=all bundles=93369 pending=211 force=False shard=10/16 assigned=13pparsed=13 failed=0
EXIT=0
[20:30:28] DONE: captured_bundles=93369 parsed_json=93369 (capture rc=127)
[20:30:28] capture INCOMPLETE (rc=127) -- re-run this script to continue before building.
EXIT=127
[2026-08-14 20:30:28] season 2015: chunk 1 hard-stopped (rc=127), 13 remaining -- cooling 120s
[20:32:29] NCAA WBB backfill: season=2015 workers=31
[20:32:29] watch this run:  tail -f /c/Users/saiem/Documents/GitHub-Data/sdv-dev/wehoop-dev/ncaa-wbb-hoops-raw/logs/backfill_2015_20260814_203228.log
[20:32:29] === skip discover (season 2015 already in schedule_master; delete wbb/schedule_master.parquet to force) ===
[20:32:29] === capture 2015: 31 worker(s), chunk=400 new bundles per worker ===
transport: NCAA_VENDOR=decodo_patchright (canary_vendors.toml; ProxyBonanza not used)
transport: NCAA_VENDOR=decodo_patchright (canary_vendors.toml; ProxyBonanza not used)
transport: NCAA_VENDOR=decodo_patchright (canary_vendors.toml; ProxyBonanza not used)
transport: NCAA_VENDOR=decodo_patchright (canary_vendors.toml; ProxyBonanza not used)
transport: NCAA_VENDOR=decodo_patchright (canary_vendors.toml; ProxyBonanza not used)
transport: NCAA_VENDOR=decodo_patchright (canary_vendors.toml; ProxyBonanza not used)
transport: NCAA_VENDOR=decodo_patchright (canary_vendors.toml; ProxyBonanza not used)
log -> logs/capture_20260814_203229.log  (watch: tail -f logs/capture_20260814_203229.log)
log -> logs/capture_20260814_203229.log  (watch: tail -f logs/capture_20260814_203229.log)
log -> logs/capture_20260814_203229.log  (watch: tail -f logs/capture_20260814_203229.log)
transport: NCAA_VENDOR=decodo_patchright (canary_vendors.toml; ProxyBonanza not used)
transport: NCAA_VENDOR=decodo_patchright (canary_vendors.toml; ProxyBonanza not used)
log -> logs/capture_20260814_203229.log  (watch: tail -f logs/capture_20260814_203229.log)
log -> logs/capture_20260814_203229.log  (watch: tail -f logs/capture_20260814_203229.log)
transport: NCAA_VENDOR=decodo_patchright (canary_vendors.toml; ProxyBonanza not used)
transport: NCAA_VENDOR=decodo_patchright (canary_vendors.toml; ProxyBonanza not used)
log -> logs/capture_20260814_203229.log  (watch: tail -f logs/capture_20260814_203229.log)
log -> logs/capture_20260814_203229.log  (watch: tail -f logs/capture_20260814_203229.log)
transport: NCAA_VENDOR=decodo_patchright (canary_vendors.toml; ProxyBonanza not used)
transport: NCAA_VENDOR=decodo_patchright (canary_vendors.toml; ProxyBonanza not used)
transport: NCAA_VENDOR=decodo_patchright (canary_vendors.toml; ProxyBonanza not used)
transport: NCAA_VENDOR=decodo_patchright (canary_vendors.toml; ProxyBonanza not used)
log -> logs/capture_20260814_203229.log  (watch: tail -f logs/capture_20260814_203229.log)
log -> logs/capture_20260814_203229.log  (watch: tail -f logs/capture_20260814_203229.log)
transport: NCAA_VENDOR=decodo_patchright (canary_vendors.toml; ProxyBonanza not used)
log -> logs/capture_20260814_203229.log  (watch: tail -f logs/capture_20260814_203229.log)
log -> logs/capture_20260814_203229.log  (watch: tail -f logs/capture_20260814_203229.log)
transport: NCAA_VENDOR=decodo_patchright (canary_vendors.toml; ProxyBonanza not used)
transport: NCAA_VENDOR=decodo_patchright (canary_vendors.toml; ProxyBonanza not used)
transport: NCAA_VENDOR=decodo_patchright (canary_vendors.toml; ProxyBonanza not used)
transport: NCAA_VENDOR=decodo_patchright (canary_vendors.toml; ProxyBonanza not used)
transport: NCAA_VENDOR=decodo_patchright (canary_vendors.toml; ProxyBonanza not used)
log -> logs/capture_20260814_203229.log  (watch: tail -f logs/capture_20260814_203229.log)
log -> logs/capture_20260814_203229.log  (watch: tail -f logs/capture_20260814_203229.log)
log -> logs/capture_20260814_203229.log  (watch: tail -f logs/capture_20260814_203229.log)
transport: NCAA_VENDOR=decodo_patchright (canary_vendors.toml; ProxyBonanza not used)
log -> logs/capture_20260814_203229.log  (watch: tail -f logs/capture_20260814_203229.log)
log -> logs/capture_20260814_203229.log  (watch: tail -f logs/capture_20260814_203229.log)
transport: NCAA_VENDOR=decodo_patchright (canary_vendors.toml; ProxyBonanza not used)
transport: NCAA_VENDOR=decodo_patchright (canary_vendors.toml; ProxyBonanza not used)
log -> logs/capture_20260814_203229.log  (watch: tail -f logs/capture_20260814_203229.log)
log -> logs/capture_20260814_203229.log  (watch: tail -f logs/capture_20260814_203229.log)
transport: NCAA_VENDOR=decodo_patchright (canary_vendors.toml; ProxyBonanza not used)
log -> logs/capture_20260814_203229.log  (watch: tail -f logs/capture_20260814_203229.log)
log -> logs/capture_20260814_203229.log  (watch: tail -f logs/capture_20260814_203229.log)
log -> logs/capture_20260814_203229.log  (watch: tail -f logs/capture_20260814_203229.log)
log -> logs/capture_20260814_203229.log  (watch: tail -f logs/capture_20260814_203229.log)
transport: NCAA_VENDOR=decodo_patchright (canary_vendors.toml; ProxyBonanza not used)
transport: NCAA_VENDOR=decodo_patchright (canary_vendors.toml; ProxyBonanza not used)
transport: NCAA_VENDOR=decodo_patchright (canary_vendors.toml; ProxyBonanza not used)
log -> logs/capture_20260814_203229.log  (watch: tail -f logs/capture_20260814_203229.log)
log -> logs/capture_20260814_203229.log  (watch: tail -f logs/capture_20260814_203229.log)
transport: NCAA_VENDOR=decodo_patchright (canary_vendors.toml; ProxyBonanza not used)
transport: NCAA_VENDOR=decodo_patchright (canary_vendors.toml; ProxyBonanza not used)
log -> logs/capture_20260814_203230.log  (watch: tail -f logs/capture_20260814_203230.log)
log -> logs/capture_20260814_203230.log  (watch: tail -f logs/capture_20260814_203230.log)
transport: NCAA_VENDOR=decodo_patchright (canary_vendors.toml; ProxyBonanza not used)
log -> logs/capture_20260814_203230.log  (watch: tail -f logs/capture_20260814_203230.log)
log -> logs/capture_20260814_203230.log  (watch: tail -f logs/capture_20260814_203230.log)
log -> logs/capture_20260814_203230.log  (watch: tail -f logs/capture_20260814_203230.log)
log -> logs/capture_20260814_203230.log  (watch: tail -f logs/capture_20260814_203230.log)
log -> logs/capture_20260814_203230.log  (watch: tail -f logs/capture_20260814_203230.log)
pending=5602 shard=3/31 assigned=181
transport: canary vendor 'decodo_patchright'
2026-08-14 20:32:34,954 INFO vendor decodo_patchright: 64 prox(y/ies), sticky session re-minted -> session-cap1786753954w3
captured=0 skipped=181 failed=0
pending=5602 shard=0/31 assigned=181
transport: canary vendor 'decodo_patchright'
2026-08-14 20:32:35,184 INFO vendor decodo_patchright: 64 prox(y/ies), sticky session re-minted -> session-cap1786753955w0
captured=0 skipped=181 failed=0
pending=5602 shard=2/31 assigned=181
transport: canary vendor 'decodo_patchright'
2026-08-14 20:32:35,382 INFO vendor decodo_patchright: 64 prox(y/ies), sticky session re-minted -> session-cap1786753955w2
pending=5602 shard=23/31 assigned=180
transport: canary vendor 'decodo_patchright'
2026-08-14 20:32:36,256 INFO vendor decodo_patchright: 64 prox(y/ies), sticky session re-minted -> session-cap1786753956w23
pending=5602 shard=6/31 assigned=181
transport: canary vendor 'decodo_patchright'
captured=0 skipped=180 failed=0
2026-08-14 20:32:36,278 INFO vendor decodo_patchright: 64 prox(y/ies), sticky session re-minted -> session-cap1786753956w6
captured=0 skipped=181 failed=0
pending=5602 shard=5/31 assigned=181
transport: canary vendor 'decodo_patchright'
2026-08-14 20:32:36,796 INFO vendor decodo_patchright: 64 prox(y/ies), sticky session re-minted -> session-cap1786753956w5
captured=0 skipped=181 failed=0
pending=5602 shard=1/31 assigned=181
transport: canary vendor 'decodo_patchright'
2026-08-14 20:32:36,868 INFO vendor decodo_patchright: 64 prox(y/ies), sticky session re-minted -> session-cap1786753956w1
pending=5602 shard=13/31 assigned=181
transport: canary vendor 'decodo_patchright'
2026-08-14 20:32:37,202 INFO vendor decodo_patchright: 64 prox(y/ies), sticky session re-minted -> session-cap1786753957w13
pending=5602 shard=26/31 assigned=180
transport: canary vendor 'decodo_patchright'
2026-08-14 20:32:37,300 INFO vendor decodo_patchright: 64 prox(y/ies), sticky session re-minted -> session-cap1786753957w26
captured=0 skipped=180 failed=0
pending=5602 shard=19/31 assigned=181
transport: canary vendor 'decodo_patchright'
2026-08-14 20:32:37,330 INFO vendor decodo_patchright: 64 prox(y/ies), sticky session re-minted -> session-cap1786753957w19
captured=0 skipped=181 failed=0
pending=5602 shard=18/31 assigned=181
transport: canary vendor 'decodo_patchright'
2026-08-14 20:32:37,378 INFO vendor decodo_patchright: 64 prox(y/ies), sticky session re-minted -> session-cap1786753957w18
captured=0 skipped=181 failed=0
pending=5602 shard=4/31 assigned=181
transport: canary vendor 'decodo_patchright'
2026-08-14 20:32:38,071 INFO vendor decodo_patchright: 64 prox(y/ies), sticky session re-minted -> session-cap1786753958w4
captured=0 skipped=181 failed=0
EXIT=0
pending=5602 shard=21/31 assigned=181
transport: canary vendor 'decodo_patchright'
2026-08-14 20:32:38,383 INFO vendor decodo_patchright: 64 prox(y/ies), sticky session re-minted -> session-cap1786753958w21
captured=0 skipped=181 failed=0
EXIT=0
EXIT=0
EXIT=0
pending=5602 shard=8/31 assigned=181
transport: canary vendor 'decodo_patchright'
pending=5602 shard=10/31 assigned=181
transport: canary vendor 'decodo_patchright'
2026-08-14 20:32:39,133 INFO vendor decodo_patchright: 64 prox(y/ies), sticky session re-minted -> session-cap1786753959w10
captured=0 skipped=181 failed=0
pending=5602 shard=27/31 assigned=180
transport: canary vendor 'decodo_patchright'
pending=5602 shard=14/31 assigned=181
transport: canary vendor 'decodo_patchright'
pending=5602 shard=15/31 assigned=181
transport: canary vendor 'decodo_patchright'
pending=5602 shard=9/31 assigned=181
transport: canary vendor 'decodo_patchright'
2026-08-14 20:32:39,487 INFO vendor decodo_patchright: 64 prox(y/ies), sticky session re-minted -> session-cap1786753959w8
captured=0 skipped=181 failed=0
pending=5602 shard=11/31 assigned=181
transport: canary vendor 'decodo_patchright'
EXIT=0
2026-08-14 20:32:39,547 INFO vendor decodo_patchright: 64 prox(y/ies), sticky session re-minted -> session-cap1786753959w11
captured=0 skipped=181 failed=0
EXIT=0
pending=5602 shard=7/31 assigned=181
transport: canary vendor 'decodo_patchright'
EXIT=0
EXIT=0
2026-08-14 20:32:39,680 INFO vendor decodo_patchright: 64 prox(y/ies), sticky session re-minted -> session-cap1786753959w9
2026-08-14 20:32:39,689 INFO vendor decodo_patchright: 64 prox(y/ies), sticky session re-minted -> session-cap1786753959w14
2026-08-14 20:32:39,683 INFO vendor decodo_patchright: 64 prox(y/ies), sticky session re-minted -> session-cap1786753959w7
2026-08-14 20:32:39,676 INFO vendor decodo_patchright: 64 prox(y/ies), sticky session re-minted -> session-cap1786753959w27
captured=0 skipped=180 failed=0
captured=0 skipped=181 failed=0
captured=0 skipped=181 failed=0
captured=0 skipped=181 failed=0
2026-08-14 20:32:39,689 INFO vendor decodo_patchright: 64 prox(y/ies), sticky session re-minted -> session-cap1786753959w15
captured=0 skipped=181 failed=0
EXIT=0
pending=5602 shard=22/31 assigned=180
transport: canary vendor 'decodo_patchright'
2026-08-14 20:32:39,753 INFO vendor decodo_patchright: 64 prox(y/ies), sticky session re-minted -> session-cap1786753959w22
pending=5602 shard=16/31 assigned=181
transport: canary vendor 'decodo_patchright'
2026-08-14 20:32:39,781 INFO vendor decodo_patchright: 64 prox(y/ies), sticky session re-minted -> session-cap1786753959w16
captured=0 skipped=181 failed=0
pending=5602 shard=12/31 assigned=181
transport: canary vendor 'decodo_patchright'
2026-08-14 20:32:39,817 INFO vendor decodo_patchright: 64 prox(y/ies), sticky session re-minted -> session-cap1786753959w12
EXIT=0
pending=5602 shard=17/31 assigned=181
transport: canary vendor 'decodo_patchright'
2026-08-14 20:32:40,074 INFO vendor decodo_patchright: 64 prox(y/ies), sticky session re-minted -> session-cap1786753960w17
EXIT=0
pending=5602 shard=29/31 assigned=180
transport: canary vendor 'decodo_patchright'
2026-08-14 20:32:40,188 INFO vendor decodo_patchright: 64 prox(y/ies), sticky session re-minted -> session-cap1786753960w29
EXIT=0
captured=0 skipped=180 failed=0
pending=5602 shard=30/31 assigned=180
transport: canary vendor 'decodo_patchright'
2026-08-14 20:32:40,259 INFO vendor decodo_patchright: 64 prox(y/ies), sticky session re-minted -> session-cap1786753960w30
captured=0 skipped=180 failed=0
EXIT=0
EXIT=0
EXIT=0
pending=5602 shard=24/31 assigned=180
transport: canary vendor 'decodo_patchright'
2026-08-14 20:32:40,452 INFO vendor decodo_patchright: 64 prox(y/ies), sticky session re-minted -> session-cap1786753960w24
pending=5602 shard=28/31 assigned=180
transport: canary vendor 'decodo_patchright'
2026-08-14 20:32:40,452 INFO vendor decodo_patchright: 64 prox(y/ies), sticky session re-minted -> session-cap1786753960w28
captured=0 skipped=180 failed=0
pending=5602 shard=25/31 assigned=180
transport: canary vendor 'decodo_patchright'
2026-08-14 20:32:40,556 INFO vendor decodo_patchright: 64 prox(y/ies), sticky session re-minted -> session-cap1786753960w25
EXIT=0
EXIT=0
EXIT=0
EXIT=0
EXIT=0
EXIT=0
EXIT=0
pending=5602 shard=20/31 assigned=181
transport: canary vendor 'decodo_patchright'
2026-08-14 20:32:41,523 INFO vendor decodo_patchright: 64 prox(y/ies), sticky session re-minted -> session-cap1786753961w20
captured=0 skipped=181 failed=0
EXIT=0
2026-08-14 20:33:10,323 WARNING challenge not cleared for contest_id=386933 -- bundle not written
2026-08-14 20:33:10,732 WARNING challenge not cleared for contest_id=390992 -- bundle not written
2026-08-14 20:33:14,543 WARNING challenge not cleared for contest_id=390770 -- bundle not written
2026-08-14 20:33:14,629 WARNING challenge not cleared for contest_id=397733 -- bundle not written
2026-08-14 20:33:14,746 WARNING challenge not cleared for contest_id=400506 -- bundle not written
captured=0 skipped=179 failed=1
captured=0 skipped=180 failed=1
EXIT=0
EXIT=0
2026-08-14 20:33:15,279 WARNING challenge not cleared for contest_id=390991 -- bundle not written
captured=0 skipped=180 failed=1
EXIT=0
2026-08-14 20:33:16,585 WARNING challenge not cleared for contest_id=396701 -- bundle not written
captured=0 skipped=179 failed=1
EXIT=0
2026-08-14 20:33:39,909 WARNING challenge not cleared for contest_id=396349 -- bundle not written
captured=0 skipped=179 failed=2
EXIT=0
2026-08-14 20:33:41,198 WARNING challenge not cleared for contest_id=390784 -- bundle not written
captured=0 skipped=179 failed=2
EXIT=0
2026-08-14 20:33:45,480 WARNING challenge not cleared for contest_id=399561 -- bundle not written
captured=0 skipped=178 failed=2
EXIT=0
captured=3 skipped=178 failed=0
EXIT=0
[20:34:14] === parse captured bundles -> wbb/json/ ===
log -> logs/parse_20260814_203414.log  (watch: tail -f logs/parse_20260814_203414.log)
seasons=all bundles=93372 pending=3 force=False shard=13/16 assigned=0parsed=1 failed=0

EXIT=0
[20:34:26] DONE: captured_bundles=93372 parsed_json=93372 (capture rc=0)
[20:34:26] next -> build the -data parquet (Phase 2, not yet built as of this branch):
[20:34:26]   cd /c/Users/saiem/Documents/GitHub-Data/sdv-dev/wehoop-dev/ncaa-wbb-hoops-raw/../ncaa-wbb-hoops-data && python -m ncaa_wbb_data_build build --dataset all --season 2015
EXIT=0
[2026-08-14 20:34:26] season 2015: chunk 2 done, 10 remaining -- cooling 60s (fresh sticky session next)
[2026-08-14 20:35:27] season 2015: MAX_ROUNDS=2 reached with 10 remaining -- moving on (re-run later to finish)
[2026-08-14 20:35:27] === season 2014 ===
[20:35:27] NCAA WBB backfill: season=2014 workers=31
[20:35:27] watch this run:  tail -f /c/Users/saiem/Documents/GitHub-Data/sdv-dev/wehoop-dev/ncaa-wbb-hoops-raw/logs/backfill_2014_20260814_203527.log
[20:35:27] === skip discover (season 2014 already in schedule_master; delete wbb/schedule_master.parquet to force) ===
[20:35:27] === capture 2014: 31 worker(s), chunk=400 new bundles per worker ===
transport: NCAA_VENDOR=decodo_patchright (canary_vendors.toml; ProxyBonanza not used)
transport: NCAA_VENDOR=decodo_patchright (canary_vendors.toml; ProxyBonanza not used)
transport: NCAA_VENDOR=decodo_patchright (canary_vendors.toml; ProxyBonanza not used)
transport: NCAA_VENDOR=decodo_patchright (canary_vendors.toml; ProxyBonanza not used)
transport: NCAA_VENDOR=decodo_patchright (canary_vendors.toml; ProxyBonanza not used)
log -> logs/capture_20260814_203527.log  (watch: tail -f logs/capture_20260814_203527.log)
transport: NCAA_VENDOR=decodo_patchright (canary_vendors.toml; ProxyBonanza not used)
transport: NCAA_VENDOR=decodo_patchright (canary_vendors.toml; ProxyBonanza not used)
log -> logs/capture_20260814_203527.log  (watch: tail -f logs/capture_20260814_203527.log)
transport: NCAA_VENDOR=decodo_patchright (canary_vendors.toml; ProxyBonanza not used)
transport: NCAA_VENDOR=decodo_patchright (canary_vendors.toml; ProxyBonanza not used)
log -> logs/capture_20260814_203527.log  (watch: tail -f logs/capture_20260814_203527.log)
transport: NCAA_VENDOR=decodo_patchright (canary_vendors.toml; ProxyBonanza not used)
log -> logs/capture_20260814_203527.log  (watch: tail -f logs/capture_20260814_203527.log)
transport: NCAA_VENDOR=decodo_patchright (canary_vendors.toml; ProxyBonanza not used)
log -> logs/capture_20260814_203527.log  (watch: tail -f logs/capture_20260814_203527.log)
transport: NCAA_VENDOR=decodo_patchright (canary_vendors.toml; ProxyBonanza not used)
log -> logs/capture_20260814_203527.log  (watch: tail -f logs/capture_20260814_203527.log)
log -> logs/capture_20260814_203527.log  (watch: tail -f logs/capture_20260814_203527.log)
transport: NCAA_VENDOR=decodo_patchright (canary_vendors.toml; ProxyBonanza not used)
transport: NCAA_VENDOR=decodo_patchright (canary_vendors.toml; ProxyBonanza not used)
log -> logs/capture_20260814_203528.log  (watch: tail -f logs/capture_20260814_203528.log)
log -> logs/capture_20260814_203528.log  (watch: tail -f logs/capture_20260814_203528.log)
transport: NCAA_VENDOR=decodo_patchright (canary_vendors.toml; ProxyBonanza not used)
transport: NCAA_VENDOR=decodo_patchright (canary_vendors.toml; ProxyBonanza not used)
log -> logs/capture_20260814_203528.log  (watch: tail -f logs/capture_20260814_203528.log)
log -> logs/capture_20260814_203528.log  (watch: tail -f logs/capture_20260814_203528.log)
transport: NCAA_VENDOR=decodo_patchright (canary_vendors.toml; ProxyBonanza not used)
transport: NCAA_VENDOR=decodo_patchright (canary_vendors.toml; ProxyBonanza not used)
log -> logs/capture_20260814_203528.log  (watch: tail -f logs/capture_20260814_203528.log)
log -> logs/capture_20260814_203528.log  (watch: tail -f logs/capture_20260814_203528.log)
log -> logs/capture_20260814_203528.log  (watch: tail -f logs/capture_20260814_203528.log)
transport: NCAA_VENDOR=decodo_patchright (canary_vendors.toml; ProxyBonanza not used)
log -> logs/capture_20260814_203528.log  (watch: tail -f logs/capture_20260814_203528.log)
transport: NCAA_VENDOR=decodo_patchright (canary_vendors.toml; ProxyBonanza not used)
transport: NCAA_VENDOR=decodo_patchright (canary_vendors.toml; ProxyBonanza not used)
transport: NCAA_VENDOR=decodo_patchright (canary_vendors.toml; ProxyBonanza not used)
log -> logs/capture_20260814_203528.log  (watch: tail -f logs/capture_20260814_203528.log)
transport: NCAA_VENDOR=decodo_patchright (canary_vendors.toml; ProxyBonanza not used)
log -> logs/capture_20260814_203528.log  (watch: tail -f logs/capture_20260814_203528.log)
transport: NCAA_VENDOR=decodo_patchright (canary_vendors.toml; ProxyBonanza not used)
transport: NCAA_VENDOR=decodo_patchright (canary_vendors.toml; ProxyBonanza not used)
transport: NCAA_VENDOR=decodo_patchright (canary_vendors.toml; ProxyBonanza not used)
log -> logs/capture_20260814_203528.log  (watch: tail -f logs/capture_20260814_203528.log)
log -> logs/capture_20260814_203528.log  (watch: tail -f logs/capture_20260814_203528.log)
transport: NCAA_VENDOR=decodo_patchright (canary_vendors.toml; ProxyBonanza not used)
log -> logs/capture_20260814_203528.log  (watch: tail -f logs/capture_20260814_203528.log)
transport: NCAA_VENDOR=decodo_patchright (canary_vendors.toml; ProxyBonanza not used)
log -> logs/capture_20260814_203528.log  (watch: tail -f logs/capture_20260814_203528.log)
transport: NCAA_VENDOR=decodo_patchright (canary_vendors.toml; ProxyBonanza not used)
log -> logs/capture_20260814_203528.log  (watch: tail -f logs/capture_20260814_203528.log)
log -> logs/capture_20260814_203528.log  (watch: tail -f logs/capture_20260814_203528.log)
log -> logs/capture_20260814_203528.log  (watch: tail -f logs/capture_20260814_203528.log)
transport: NCAA_VENDOR=decodo_patchright (canary_vendors.toml; ProxyBonanza not used)
log -> logs/capture_20260814_203528.log  (watch: tail -f logs/capture_20260814_203528.log)
log -> logs/capture_20260814_203528.log  (watch: tail -f logs/capture_20260814_203528.log)
transport: NCAA_VENDOR=decodo_patchright (canary_vendors.toml; ProxyBonanza not used)
log -> logs/capture_20260814_203528.log  (watch: tail -f logs/capture_20260814_203528.log)
log -> logs/capture_20260814_203528.log  (watch: tail -f logs/capture_20260814_203528.log)
log -> logs/capture_20260814_203528.log  (watch: tail -f logs/capture_20260814_203528.log)
log -> logs/capture_20260814_203528.log  (watch: tail -f logs/capture_20260814_203528.log)
log -> logs/capture_20260814_203528.log  (watch: tail -f logs/capture_20260814_203528.log)
pending=5588 shard=1/31 assigned=181
transport: canary vendor 'decodo_patchright'
2026-08-14 20:35:32,280 INFO vendor decodo_patchright: 64 prox(y/ies), sticky session re-minted -> session-cap1786754132w1
captured=0 skipped=181 failed=0
pending=5588 shard=0/31 assigned=181
transport: canary vendor 'decodo_patchright'
2026-08-14 20:35:33,236 INFO vendor decodo_patchright: 64 prox(y/ies), sticky session re-minted -> session-cap1786754133w0
captured=0 skipped=181 failed=0
EXIT=0
pending=5588 shard=10/31 assigned=180
transport: canary vendor 'decodo_patchright'
2026-08-14 20:35:34,086 INFO vendor decodo_patchright: 64 prox(y/ies), sticky session re-minted -> session-cap1786754134w10
captured=0 skipped=180 failed=0
pending=5588 shard=15/31 assigned=180
transport: canary vendor 'decodo_patchright'
pending=5588 shard=5/31 assigned=181
transport: canary vendor 'decodo_patchright'
2026-08-14 20:35:34,303 INFO vendor decodo_patchright: 64 prox(y/ies), sticky session re-minted -> session-cap1786754134w15
captured=0 skipped=180 failed=0
2026-08-14 20:35:34,507 INFO vendor decodo_patchright: 64 prox(y/ies), sticky session re-minted -> session-cap1786754134w5
captured=0 skipped=181 failed=0
EXIT=0
pending=5588 shard=13/31 assigned=180
transport: canary vendor 'decodo_patchright'
2026-08-14 20:35:35,345 INFO vendor decodo_patchright: 64 prox(y/ies), sticky session re-minted -> session-cap1786754135w13
captured=0 skipped=180 failed=0
EXIT=0
pending=5588 shard=23/31 assigned=180
transport: canary vendor 'decodo_patchright'
pending=5588 shard=19/31 assigned=180
transport: canary vendor 'decodo_patchright'
2026-08-14 20:35:35,439 INFO vendor decodo_patchright: 64 prox(y/ies), sticky session re-minted -> session-cap1786754135w19
EXIT=0
pending=5588 shard=11/31 assigned=180
transport: canary vendor 'decodo_patchright'
pending=5588 shard=21/31 assigned=180
transport: canary vendor 'decodo_patchright'
pending=5588 shard=18/31 assigned=180
transport: canary vendor 'decodo_patchright'
EXIT=0
captured=0 skipped=180 failed=0
2026-08-14 20:35:35,589 INFO vendor decodo_patchright: 64 prox(y/ies), sticky session re-minted -> session-cap1786754135w23
pending=5588 shard=7/31 assigned=181
transport: canary vendor 'decodo_patchright'
captured=0 skipped=180 failed=0
2026-08-14 20:35:35,729 INFO vendor decodo_patchright: 64 prox(y/ies), sticky session re-minted -> session-cap1786754135w11
captured=0 skipped=180 failed=0
2026-08-14 20:35:35,791 INFO vendor decodo_patchright: 64 prox(y/ies), sticky session re-minted -> session-cap1786754135w21
captured=0 skipped=180 failed=0
pending=5588 shard=3/31 assigned=181
transport: canary vendor 'decodo_patchright'
2026-08-14 20:35:35,826 INFO vendor decodo_patchright: 64 prox(y/ies), sticky session re-minted -> session-cap1786754135w3
2026-08-14 20:35:35,826 INFO vendor decodo_patchright: 64 prox(y/ies), sticky session re-minted -> session-cap1786754135w18
2026-08-14 20:35:35,830 INFO vendor decodo_patchright: 64 prox(y/ies), sticky session re-minted -> session-cap1786754135w7
captured=0 skipped=181 failed=0
captured=0 skipped=180 failed=0
pending=5588 shard=9/31 assigned=180
transport: canary vendor 'decodo_patchright'
pending=5588 shard=17/31 assigned=180
transport: canary vendor 'decodo_patchright'
2026-08-14 20:35:36,002 INFO vendor decodo_patchright: 64 prox(y/ies), sticky session re-minted -> session-cap1786754136w17
captured=0 skipped=180 failed=0
2026-08-14 20:35:35,969 INFO vendor decodo_patchright: 64 prox(y/ies), sticky session re-minted -> session-cap1786754135w9
captured=0 skipped=180 failed=0
pending=5588 shard=12/31 assigned=180
transport: canary vendor 'decodo_patchright'
2026-08-14 20:35:36,051 INFO vendor decodo_patchright: 64 prox(y/ies), sticky session re-minted -> session-cap1786754136w12
captured=0 skipped=180 failed=0
pending=5588 shard=16/31 assigned=180
transport: canary vendor 'decodo_patchright'
2026-08-14 20:35:36,089 INFO vendor decodo_patchright: 64 prox(y/ies), sticky session re-minted -> session-cap1786754136w16
captured=0 skipped=180 failed=0
pending=5588 shard=28/31 assigned=180
transport: canary vendor 'decodo_patchright'
2026-08-14 20:35:36,176 INFO vendor decodo_patchright: 64 prox(y/ies), sticky session re-minted -> session-cap1786754136w28
captured=0 skipped=180 failed=0
pending=5588 shard=24/31 assigned=180
transport: canary vendor 'decodo_patchright'
2026-08-14 20:35:36,253 INFO vendor decodo_patchright: 64 prox(y/ies), sticky session re-minted -> session-cap1786754136w24
captured=0 skipped=180 failed=0
EXIT=0
EXIT=0
pending=5588 shard=8/31 assigned=180
transport: canary vendor 'decodo_patchright'
pending=5588 shard=4/31 assigned=181
transport: canary vendor 'decodo_patchright'
2026-08-14 20:35:36,395 INFO vendor decodo_patchright: 64 prox(y/ies), sticky session re-minted -> session-cap1786754136w8
captured=0 skipped=180 failed=0
2026-08-14 20:35:36,395 INFO vendor decodo_patchright: 64 prox(y/ies), sticky session re-minted -> session-cap1786754136w4
captured=0 skipped=181 failed=0
pending=5588 shard=20/31 assigned=180
transport: canary vendor 'decodo_patchright'
2026-08-14 20:35:36,446 INFO vendor decodo_patchright: 64 prox(y/ies), sticky session re-minted -> session-cap1786754136w20
EXIT=0
captured=0 skipped=180 failed=0
pending=5588 shard=2/31 assigned=181
transport: canary vendor 'decodo_patchright'
2026-08-14 20:35:36,475 INFO vendor decodo_patchright: 64 prox(y/ies), sticky session re-minted -> session-cap1786754136w2
pending=5588 shard=25/31 assigned=180
transport: canary vendor 'decodo_patchright'
2026-08-14 20:35:36,477 INFO vendor decodo_patchright: 64 prox(y/ies), sticky session re-minted -> session-cap1786754136w25
pending=5588 shard=26/31 assigned=180
transport: canary vendor 'decodo_patchright'
2026-08-14 20:35:36,479 INFO vendor decodo_patchright: 64 prox(y/ies), sticky session re-minted -> session-cap1786754136w26
captured=0 skipped=180 failed=0
captured=0 skipped=181 failed=0
EXIT=0
pending=5588 shard=29/31 assigned=180
transport: canary vendor 'decodo_patchright'
2026-08-14 20:35:36,516 INFO vendor decodo_patchright: 64 prox(y/ies), sticky session re-minted -> session-cap1786754136w29
pending=5588 shard=30/31 assigned=180
transport: canary vendor 'decodo_patchright'
2026-08-14 20:35:36,525 INFO vendor decodo_patchright: 64 prox(y/ies), sticky session re-minted -> session-cap1786754136w30
captured=0 skipped=180 failed=0
pending=5588 shard=27/31 assigned=180
transport: canary vendor 'decodo_patchright'
2026-08-14 20:35:36,538 INFO vendor decodo_patchright: 64 prox(y/ies), sticky session re-minted -> session-cap1786754136w27
captured=0 skipped=180 failed=0
EXIT=0
captured=0 skipped=180 failed=0
pending=5588 shard=14/31 assigned=180
transport: canary vendor 'decodo_patchright'
2026-08-14 20:35:36,575 INFO vendor decodo_patchright: 64 prox(y/ies), sticky session re-minted -> session-cap1786754136w14
captured=0 skipped=180 failed=0
EXIT=0
EXIT=0
pending=5588 shard=6/31 assigned=181
transport: canary vendor 'decodo_patchright'
EXIT=0
2026-08-14 20:35:36,628 INFO vendor decodo_patchright: 64 prox(y/ies), sticky session re-minted -> session-cap1786754136w6
captured=0 skipped=181 failed=0
pending=5588 shard=22/31 assigned=180
transport: canary vendor 'decodo_patchright'
EXIT=0
2026-08-14 20:35:36,672 INFO vendor decodo_patchright: 64 prox(y/ies), sticky session re-minted -> session-cap1786754136w22
captured=0 skipped=180 failed=0
EXIT=0
EXIT=0
EXIT=0
EXIT=0
EXIT=0
EXIT=0
EXIT=0
EXIT=0
EXIT=0
EXIT=0
EXIT=0
EXIT=0
EXIT=0
EXIT=0
EXIT=0
2026-08-14 20:36:10,816 WARNING challenge not cleared for contest_id=555052 -- bundle not written
captured=0 skipped=180 failed=1
EXIT=0
2026-08-14 20:36:11,829 WARNING challenge not cleared for contest_id=548953 -- bundle not written
captured=0 skipped=179 failed=1
EXIT=0
[20:36:12] === parse captured bundles -> wbb/json/ ===
log -> logs/parse_20260814_203612.log  (watch: tail -f logs/parse_20260814_203612.log)
seasons=all bundles=93372 pending=0 force=False shard=15/16 assigned=0
parsed=0 failed=0
EXIT=0
[20:36:24] DONE: captured_bundles=93372 parsed_json=93372 (capture rc=0)
[20:36:24] next -> build the -data parquet (Phase 2, not yet built as of this branch):
[20:36:24]   cd /c/Users/saiem/Documents/GitHub-Data/sdv-dev/wehoop-dev/ncaa-wbb-hoops-raw/../ncaa-wbb-hoops-data && python -m ncaa_wbb_data_build build --dataset all --season 2014
EXIT=0
[2026-08-14 20:36:25] season 2014: round 1 captured nothing (2 left, un-capturable) -- treating as done
[2026-08-14 20:36:25] === season 2013 ===
[20:36:25] NCAA WBB backfill: season=2013 workers=31
[20:36:25] watch this run:  tail -f /c/Users/saiem/Documents/GitHub-Data/sdv-dev/wehoop-dev/ncaa-wbb-hoops-raw/logs/backfill_2013_20260814_203625.log
[20:36:25] === skip discover (season 2013 already in schedule_master; delete wbb/schedule_master.parquet to force) ===
[20:36:25] === capture 2013: 31 worker(s), chunk=400 new bundles per worker ===
transport: NCAA_VENDOR=decodo_patchright (canary_vendors.toml; ProxyBonanza not used)
transport: NCAA_VENDOR=decodo_patchright (canary_vendors.toml; ProxyBonanza not used)
transport: NCAA_VENDOR=decodo_patchright (canary_vendors.toml; ProxyBonanza not used)
transport: NCAA_VENDOR=decodo_patchright (canary_vendors.toml; ProxyBonanza not used)
transport: NCAA_VENDOR=decodo_patchright (canary_vendors.toml; ProxyBonanza not used)
transport: NCAA_VENDOR=decodo_patchright (canary_vendors.toml; ProxyBonanza not used)
transport: NCAA_VENDOR=decodo_patchright (canary_vendors.toml; ProxyBonanza not used)
log -> logs/capture_20260814_203626.log  (watch: tail -f logs/capture_20260814_203626.log)
log -> logs/capture_20260814_203626.log  (watch: tail -f logs/capture_20260814_203626.log)
log -> logs/capture_20260814_203626.log  (watch: tail -f logs/capture_20260814_203626.log)
transport: NCAA_VENDOR=decodo_patchright (canary_vendors.toml; ProxyBonanza not used)
transport: NCAA_VENDOR=decodo_patchright (canary_vendors.toml; ProxyBonanza not used)
log -> logs/capture_20260814_203626.log  (watch: tail -f logs/capture_20260814_203626.log)
transport: NCAA_VENDOR=decodo_patchright (canary_vendors.toml; ProxyBonanza not used)
transport: NCAA_VENDOR=decodo_patchright (canary_vendors.toml; ProxyBonanza not used)
log -> logs/capture_20260814_203626.log  (watch: tail -f logs/capture_20260814_203626.log)
log -> logs/capture_20260814_203626.log  (watch: tail -f logs/capture_20260814_203626.log)
transport: NCAA_VENDOR=decodo_patchright (canary_vendors.toml; ProxyBonanza not used)
log -> logs/capture_20260814_203626.log  (watch: tail -f logs/capture_20260814_203626.log)
log -> logs/capture_20260814_203626.log  (watch: tail -f logs/capture_20260814_203626.log)
transport: NCAA_VENDOR=decodo_patchright (canary_vendors.toml; ProxyBonanza not used)
transport: NCAA_VENDOR=decodo_patchright (canary_vendors.toml; ProxyBonanza not used)
transport: NCAA_VENDOR=decodo_patchright (canary_vendors.toml; ProxyBonanza not used)
log -> logs/capture_20260814_203626.log  (watch: tail -f logs/capture_20260814_203626.log)
transport: NCAA_VENDOR=decodo_patchright (canary_vendors.toml; ProxyBonanza not used)
transport: NCAA_VENDOR=decodo_patchright (canary_vendors.toml; ProxyBonanza not used)
transport: NCAA_VENDOR=decodo_patchright (canary_vendors.toml; ProxyBonanza not used)
log -> logs/capture_20260814_203626.log  (watch: tail -f logs/capture_20260814_203626.log)
log -> logs/capture_20260814_203626.log  (watch: tail -f logs/capture_20260814_203626.log)
log -> logs/capture_20260814_203626.log  (watch: tail -f logs/capture_20260814_203626.log)
transport: NCAA_VENDOR=decodo_patchright (canary_vendors.toml; ProxyBonanza not used)
transport: NCAA_VENDOR=decodo_patchright (canary_vendors.toml; ProxyBonanza not used)
transport: NCAA_VENDOR=decodo_patchright (canary_vendors.toml; ProxyBonanza not used)
log -> logs/capture_20260814_203626.log  (watch: tail -f logs/capture_20260814_203626.log)
log -> logs/capture_20260814_203626.log  (watch: tail -f logs/capture_20260814_203626.log)
log -> logs/capture_20260814_203626.log  (watch: tail -f logs/capture_20260814_203626.log)
log -> logs/capture_20260814_203626.log  (watch: tail -f logs/capture_20260814_203626.log)
log -> logs/capture_20260814_203626.log  (watch: tail -f logs/capture_20260814_203626.log)
transport: NCAA_VENDOR=decodo_patchright (canary_vendors.toml; ProxyBonanza not used)
log -> logs/capture_20260814_203626.log  (watch: tail -f logs/capture_20260814_203626.log)
log -> logs/capture_20260814_203626.log  (watch: tail -f logs/capture_20260814_203626.log)
transport: NCAA_VENDOR=decodo_patchright (canary_vendors.toml; ProxyBonanza not used)
transport: NCAA_VENDOR=decodo_patchright (canary_vendors.toml; ProxyBonanza not used)
log -> logs/capture_20260814_203626.log  (watch: tail -f logs/capture_20260814_203626.log)
log -> logs/capture_20260814_203626.log  (watch: tail -f logs/capture_20260814_203626.log)
transport: NCAA_VENDOR=decodo_patchright (canary_vendors.toml; ProxyBonanza not used)
log -> logs/capture_20260814_203626.log  (watch: tail -f logs/capture_20260814_203626.log)
transport: NCAA_VENDOR=decodo_patchright (canary_vendors.toml; ProxyBonanza not used)
transport: NCAA_VENDOR=decodo_patchright (canary_vendors.toml; ProxyBonanza not used)
log -> logs/capture_20260814_203626.log  (watch: tail -f logs/capture_20260814_203626.log)
transport: NCAA_VENDOR=decodo_patchright (canary_vendors.toml; ProxyBonanza not used)
transport: NCAA_VENDOR=decodo_patchright (canary_vendors.toml; ProxyBonanza not used)
transport: NCAA_VENDOR=decodo_patchright (canary_vendors.toml; ProxyBonanza not used)
log -> logs/capture_20260814_203626.log  (watch: tail -f logs/capture_20260814_203626.log)
log -> logs/capture_20260814_203626.log  (watch: tail -f logs/capture_20260814_203626.log)
transport: NCAA_VENDOR=decodo_patchright (canary_vendors.toml; ProxyBonanza not used)
log -> logs/capture_20260814_203626.log  (watch: tail -f logs/capture_20260814_203626.log)
log -> logs/capture_20260814_203626.log  (watch: tail -f logs/capture_20260814_203626.log)
log -> logs/capture_20260814_203626.log  (watch: tail -f logs/capture_20260814_203626.log)
log -> logs/capture_20260814_203626.log  (watch: tail -f logs/capture_20260814_203626.log)
log -> logs/capture_20260814_203626.log  (watch: tail -f logs/capture_20260814_203626.log)
log -> logs/capture_20260814_203626.log  (watch: tail -f logs/capture_20260814_203626.log)
pending=5484 shard=3/31 assigned=177
transport: canary vendor 'decodo_patchright'
2026-08-14 20:36:30,949 INFO vendor decodo_patchright: 64 prox(y/ies), sticky session re-minted -> session-cap1786754190w3
pending=5484 shard=6/31 assigned=177
transport: canary vendor 'decodo_patchright'
2026-08-14 20:36:31,054 INFO vendor decodo_patchright: 64 prox(y/ies), sticky session re-minted -> session-cap1786754191w6
pending=5484 shard=2/31 assigned=177
transport: canary vendor 'decodo_patchright'
2026-08-14 20:36:32,235 INFO vendor decodo_patchright: 64 prox(y/ies), sticky session re-minted -> session-cap1786754192w2
pending=5484 shard=9/31 assigned=177
transport: canary vendor 'decodo_patchright'
2026-08-14 20:36:32,497 INFO vendor decodo_patchright: 64 prox(y/ies), sticky session re-minted -> session-cap1786754192w9
pending=5484 shard=7/31 assigned=177
transport: canary vendor 'decodo_patchright'
2026-08-14 20:36:32,561 INFO vendor decodo_patchright: 64 prox(y/ies), sticky session re-minted -> session-cap1786754192w7
pending=5484 shard=16/31 assigned=177
transport: canary vendor 'decodo_patchright'
pending=5484 shard=4/31 assigned=177
transport: canary vendor 'decodo_patchright'
2026-08-14 20:36:32,839 INFO vendor decodo_patchright: 64 prox(y/ies), sticky session re-minted -> session-cap1786754192w16
2026-08-14 20:36:32,841 INFO vendor decodo_patchright: 64 prox(y/ies), sticky session re-minted -> session-cap1786754192w4
pending=5484 shard=8/31 assigned=177
transport: canary vendor 'decodo_patchright'
2026-08-14 20:36:33,478 INFO vendor decodo_patchright: 64 prox(y/ies), sticky session re-minted -> session-cap1786754193w8
pending=5484 shard=1/31 assigned=177
transport: canary vendor 'decodo_patchright'
2026-08-14 20:36:35,731 INFO vendor decodo_patchright: 64 prox(y/ies), sticky session re-minted -> session-cap1786754195w1
pending=5484 shard=0/31 assigned=177
transport: canary vendor 'decodo_patchright'
2026-08-14 20:36:35,894 INFO vendor decodo_patchright: 64 prox(y/ies), sticky session re-minted -> session-cap1786754195w0
pending=5484 shard=5/31 assigned=177
transport: canary vendor 'decodo_patchright'
2026-08-14 20:36:36,083 INFO vendor decodo_patchright: 64 prox(y/ies), sticky session re-minted -> session-cap1786754196w5
pending=5484 shard=20/31 assigned=177
transport: canary vendor 'decodo_patchright'
2026-08-14 20:36:36,118 INFO vendor decodo_patchright: 64 prox(y/ies), sticky session re-minted -> session-cap1786754196w20
pending=5484 shard=29/31 assigned=176
transport: canary vendor 'decodo_patchright'
2026-08-14 20:36:36,138 INFO vendor decodo_patchright: 64 prox(y/ies), sticky session re-minted -> session-cap1786754196w29
pending=5484 shard=27/31 assigned=177
transport: canary vendor 'decodo_patchright'
2026-08-14 20:36:36,254 INFO vendor decodo_patchright: 64 prox(y/ies), sticky session re-minted -> session-cap1786754196w27
pending=5484 shard=18/31 assigned=177
transport: canary vendor 'decodo_patchright'
pending=5484 shard=28/31 assigned=176
transport: canary vendor 'decodo_patchright'
2026-08-14 20:36:36,364 INFO vendor decodo_patchright: 64 prox(y/ies), sticky session re-minted -> session-cap1786754196w28
pending=5484 shard=26/31 assigned=177
transport: canary vendor 'decodo_patchright'
2026-08-14 20:36:36,392 INFO vendor decodo_patchright: 64 prox(y/ies), sticky session re-minted -> session-cap1786754196w26
2026-08-14 20:36:36,380 INFO vendor decodo_patchright: 64 prox(y/ies), sticky session re-minted -> session-cap1786754196w18
pending=5484 shard=11/31 assigned=177
transport: canary vendor 'decodo_patchright'
2026-08-14 20:36:36,641 INFO vendor decodo_patchright: 64 prox(y/ies), sticky session re-minted -> session-cap1786754196w11
pending=5484 shard=19/31 assigned=177
transport: canary vendor 'decodo_patchright'
pending=5484 shard=21/31 assigned=177
transport: canary vendor 'decodo_patchright'
2026-08-14 20:36:36,926 INFO vendor decodo_patchright: 64 prox(y/ies), sticky session re-minted -> session-cap1786754196w21
pending=5484 shard=10/31 assigned=177
transport: canary vendor 'decodo_patchright'
2026-08-14 20:36:36,926 INFO vendor decodo_patchright: 64 prox(y/ies), sticky session re-minted -> session-cap1786754196w19
2026-08-14 20:36:36,947 INFO vendor decodo_patchright: 64 prox(y/ies), sticky session re-minted -> session-cap1786754196w10
pending=5484 shard=24/31 assigned=177
transport: canary vendor 'decodo_patchright'
2026-08-14 20:36:37,041 INFO vendor decodo_patchright: 64 prox(y/ies), sticky session re-minted -> session-cap1786754197w24
pending=5484 shard=15/31 assigned=177
transport: canary vendor 'decodo_patchright'
pending=5484 shard=12/31 assigned=177
transport: canary vendor 'decodo_patchright'
pending=5484 shard=23/31 assigned=177
transport: canary vendor 'decodo_patchright'
pending=5484 shard=22/31 assigned=177
transport: canary vendor 'decodo_patchright'
2026-08-14 20:36:37,354 INFO vendor decodo_patchright: 64 prox(y/ies), sticky session re-minted -> session-cap1786754197w15
2026-08-14 20:36:37,504 INFO vendor decodo_patchright: 64 prox(y/ies), sticky session re-minted -> session-cap1786754197w12
pending=5484 shard=17/31 assigned=177
transport: canary vendor 'decodo_patchright'
pending=5484 shard=13/31 assigned=177
transport: canary vendor 'decodo_patchright'
pending=5484 shard=14/31 assigned=177
transport: canary vendor 'decodo_patchright'
2026-08-14 20:36:37,856 INFO vendor decodo_patchright: 64 prox(y/ies), sticky session re-minted -> session-cap1786754197w23
pending=5484 shard=30/31 assigned=176
transport: canary vendor 'decodo_patchright'
pending=5484 shard=25/31 assigned=177
transport: canary vendor 'decodo_patchright'
2026-08-14 20:36:38,369 INFO vendor decodo_patchright: 64 prox(y/ies), sticky session re-minted -> session-cap1786754198w22
2026-08-14 20:36:38,526 INFO vendor decodo_patchright: 64 prox(y/ies), sticky session re-minted -> session-cap1786754198w25
2026-08-14 20:36:38,577 INFO vendor decodo_patchright: 64 prox(y/ies), sticky session re-minted -> session-cap1786754198w13
2026-08-14 20:36:39,113 INFO vendor decodo_patchright: 64 prox(y/ies), sticky session re-minted -> session-cap1786754199w30
2026-08-14 20:36:39,197 INFO vendor decodo_patchright: 64 prox(y/ies), sticky session re-minted -> session-cap1786754199w14
2026-08-14 20:36:39,282 INFO vendor decodo_patchright: 64 prox(y/ies), sticky session re-minted -> session-cap1786754199w17
2026-08-14 20:37:07,948 WARNING challenge not cleared for contest_id=624530 -- bundle not written
2026-08-14 20:37:08,134 WARNING challenge not cleared for contest_id=624779 -- bundle not written
2026-08-14 20:37:10,915 WARNING challenge not cleared for contest_id=624532 -- bundle not written
2026-08-14 20:37:12,719 WARNING challenge not cleared for contest_id=627880 -- bundle not written
2026-08-14 20:37:14,579 WARNING challenge not cleared for contest_id=624743 -- bundle not written
2026-08-14 20:37:16,739 WARNING challenge not cleared for contest_id=624531 -- bundle not written
2026-08-14 20:37:19,396 WARNING challenge not cleared for contest_id=627097 -- bundle not written
2026-08-14 20:37:48,806 WARNING challenge not cleared for contest_id=633919 -- bundle not written
captured=3 skipped=174 failed=0
EXIT=0
captured=3 skipped=174 failed=0
captured=3 skipped=174 failed=0
EXIT=0
EXIT=0
captured=3 skipped=174 failed=0
EXIT=0
captured=3 skipped=174 failed=0
EXIT=0
captured=3 skipped=174 failed=0
EXIT=0
captured=3 skipped=174 failed=0
EXIT=0
captured=3 skipped=173 failed=0
EXIT=0
captured=3 skipped=174 failed=0
EXIT=0
captured=3 skipped=173 failed=0
2026-08-14 20:38:23,674 WARNING challenge not cleared for contest_id=637523 -- bundle not written
EXIT=0
captured=3 skipped=173 failed=0
EXIT=0
captured=3 skipped=174 failed=0
EXIT=0
captured=3 skipped=173 failed=1
EXIT=0
captured=3 skipped=173 failed=1
EXIT=0
captured=4 skipped=173 failed=0
EXIT=0
captured=4 skipped=173 failed=0
EXIT=0
captured=3 skipped=173 failed=1
EXIT=0
captured=4 skipped=173 failed=0
EXIT=0
captured=3 skipped=174 failed=0
captured=4 skipped=173 failed=0
EXIT=0
EXIT=0
captured=4 skipped=173 failed=0
EXIT=0
captured=3 skipped=173 failed=1
captured=3 skipped=173 failed=1
EXIT=0
captured=4 skipped=173 failed=0
EXIT=0
EXIT=0
captured=4 skipped=173 failed=0
captured=3 skipped=173 failed=1
EXIT=0
EXIT=0
2026-08-14 20:38:57,793 WARNING challenge not cleared for contest_id=637149 -- bundle not written
captured=4 skipped=172 failed=1
EXIT=0
2026-08-14 20:39:20,919 WARNING challenge not cleared for contest_id=637684 -- bundle not written
captured=3 skipped=173 failed=1
EXIT=0
captured=4 skipped=172 failed=1
EXIT=0
captured=4 skipped=172 failed=1
EXIT=0
captured=4 skipped=172 failed=1
EXIT=0
[20:39:31] === parse captured bundles -> wbb/json/ ===
log -> logs/parse_20260814_203931.log  (watch: tail -f logs/parse_20260814_203931.log)
seasons=all bundles=93476 pending=104 force=False shard=7/16 assigned=7
2026-08-14 20:39:43,543 INFO ncaa_identity: contest_id=637590 teams 3112/3112 matched, players 7994/8830 matched
parsed=7 failed=0
EXIT=0
[20:39:44] DONE: captured_bundles=93476 parsed_json=93476 (capture rc=0)
[20:39:44] next -> build the -data parquet (Phase 2, not yet built as of this branch):
[20:39:44]   cd /c/Users/saiem/Documents/GitHub-Data/sdv-dev/wehoop-dev/ncaa-wbb-hoops-raw/../ncaa-wbb-hoops-data && python -m ncaa_wbb_data_build build --dataset all --season 2013
EXIT=0
[2026-08-14 20:39:44] season 2013: chunk 1 done, 11 remaining -- cooling 60s (fresh sticky session next)
[20:40:44] NCAA WBB backfill: season=2013 workers=31
[20:40:44] watch this run:  tail -f /c/Users/saiem/Documents/GitHub-Data/sdv-dev/wehoop-dev/ncaa-wbb-hoops-raw/logs/backfill_2013_20260814_204044.log
[20:40:45] === skip discover (season 2013 already in schedule_master; delete wbb/schedule_master.parquet to force) ===
[20:40:45] === capture 2013: 31 worker(s), chunk=400 new bundles per worker ===
transport: NCAA_VENDOR=decodo_patchright (canary_vendors.toml; ProxyBonanza not used)
transport: NCAA_VENDOR=decodo_patchright (canary_vendors.toml; ProxyBonanza not used)
transport: NCAA_VENDOR=decodo_patchright (canary_vendors.toml; ProxyBonanza not used)
transport: NCAA_VENDOR=decodo_patchright (canary_vendors.toml; ProxyBonanza not used)
transport: NCAA_VENDOR=decodo_patchright (canary_vendors.toml; ProxyBonanza not used)
log -> logs/capture_20260814_204045.log  (watch: tail -f logs/capture_20260814_204045.log)
transport: NCAA_VENDOR=decodo_patchright (canary_vendors.toml; ProxyBonanza not used)
log -> logs/capture_20260814_204045.log  (watch: tail -f logs/capture_20260814_204045.log)
transport: NCAA_VENDOR=decodo_patchright (canary_vendors.toml; ProxyBonanza not used)
transport: NCAA_VENDOR=decodo_patchright (canary_vendors.toml; ProxyBonanza not used)
log -> logs/capture_20260814_204045.log  (watch: tail -f logs/capture_20260814_204045.log)
log -> logs/capture_20260814_204045.log  (watch: tail -f logs/capture_20260814_204045.log)
transport: NCAA_VENDOR=decodo_patchright (canary_vendors.toml; ProxyBonanza not used)
transport: NCAA_VENDOR=decodo_patchright (canary_vendors.toml; ProxyBonanza not used)
log -> logs/capture_20260814_204045.log  (watch: tail -f logs/capture_20260814_204045.log)
transport: NCAA_VENDOR=decodo_patchright (canary_vendors.toml; ProxyBonanza not used)
transport: NCAA_VENDOR=decodo_patchright (canary_vendors.toml; ProxyBonanza not used)
transport: NCAA_VENDOR=decodo_patchright (canary_vendors.toml; ProxyBonanza not used)
log -> logs/capture_20260814_204045.log  (watch: tail -f logs/capture_20260814_204045.log)
transport: NCAA_VENDOR=decodo_patchright (canary_vendors.toml; ProxyBonanza not used)
log -> logs/capture_20260814_204045.log  (watch: tail -f logs/capture_20260814_204045.log)
transport: NCAA_VENDOR=decodo_patchright (canary_vendors.toml; ProxyBonanza not used)
log -> logs/capture_20260814_204045.log  (watch: tail -f logs/capture_20260814_204045.log)
log -> logs/capture_20260814_204045.log  (watch: tail -f logs/capture_20260814_204045.log)
transport: NCAA_VENDOR=decodo_patchright (canary_vendors.toml; ProxyBonanza not used)
transport: NCAA_VENDOR=decodo_patchright (canary_vendors.toml; ProxyBonanza not used)
transport: NCAA_VENDOR=decodo_patchright (canary_vendors.toml; ProxyBonanza not used)
log -> logs/capture_20260814_204045.log  (watch: tail -f logs/capture_20260814_204045.log)
log -> logs/capture_20260814_204045.log  (watch: tail -f logs/capture_20260814_204045.log)
log -> logs/capture_20260814_204045.log  (watch: tail -f logs/capture_20260814_204045.log)
transport: NCAA_VENDOR=decodo_patchright (canary_vendors.toml; ProxyBonanza not used)
log -> logs/capture_20260814_204045.log  (watch: tail -f logs/capture_20260814_204045.log)
log -> logs/capture_20260814_204045.log  (watch: tail -f logs/capture_20260814_204045.log)
transport: NCAA_VENDOR=decodo_patchright (canary_vendors.toml; ProxyBonanza not used)
transport: NCAA_VENDOR=decodo_patchright (canary_vendors.toml; ProxyBonanza not used)
log -> logs/capture_20260814_204045.log  (watch: tail -f logs/capture_20260814_204045.log)
transport: NCAA_VENDOR=decodo_patchright (canary_vendors.toml; ProxyBonanza not used)
transport: NCAA_VENDOR=decodo_patchright (canary_vendors.toml; ProxyBonanza not used)
log -> logs/capture_20260814_204045.log  (watch: tail -f logs/capture_20260814_204045.log)
log -> logs/capture_20260814_204045.log  (watch: tail -f logs/capture_20260814_204045.log)
log -> logs/capture_20260814_204045.log  (watch: tail -f logs/capture_20260814_204045.log)
transport: NCAA_VENDOR=decodo_patchright (canary_vendors.toml; ProxyBonanza not used)
transport: NCAA_VENDOR=decodo_patchright (canary_vendors.toml; ProxyBonanza not used)
transport: NCAA_VENDOR=decodo_patchright (canary_vendors.toml; ProxyBonanza not used)
log -> logs/capture_20260814_204045.log  (watch: tail -f logs/capture_20260814_204045.log)
log -> logs/capture_20260814_204045.log  (watch: tail -f logs/capture_20260814_204045.log)
log -> logs/capture_20260814_204045.log  (watch: tail -f logs/capture_20260814_204045.log)
transport: NCAA_VENDOR=decodo_patchright (canary_vendors.toml; ProxyBonanza not used)
log -> logs/capture_20260814_204045.log  (watch: tail -f logs/capture_20260814_204045.log)
transport: NCAA_VENDOR=decodo_patchright (canary_vendors.toml; ProxyBonanza not used)
transport: NCAA_VENDOR=decodo_patchright (canary_vendors.toml; ProxyBonanza not used)
log -> logs/capture_20260814_204045.log  (watch: tail -f logs/capture_20260814_204045.log)
transport: NCAA_VENDOR=decodo_patchright (canary_vendors.toml; ProxyBonanza not used)
log -> logs/capture_20260814_204045.log  (watch: tail -f logs/capture_20260814_204045.log)
log -> logs/capture_20260814_204045.log  (watch: tail -f logs/capture_20260814_204045.log)
transport: NCAA_VENDOR=decodo_patchright (canary_vendors.toml; ProxyBonanza not used)
log -> logs/capture_20260814_204045.log  (watch: tail -f logs/capture_20260814_204045.log)
log -> logs/capture_20260814_204045.log  (watch: tail -f logs/capture_20260814_204045.log)
log -> logs/capture_20260814_204045.log  (watch: tail -f logs/capture_20260814_204045.log)
log -> logs/capture_20260814_204045.log  (watch: tail -f logs/capture_20260814_204045.log)
log -> logs/capture_20260814_204045.log  (watch: tail -f logs/capture_20260814_204045.log)
log -> logs/capture_20260814_204045.log  (watch: tail -f logs/capture_20260814_204045.log)
pending=5484 shard=5/31 assigned=177
transport: canary vendor 'decodo_patchright'
2026-08-14 20:40:49,998 INFO vendor decodo_patchright: 64 prox(y/ies), sticky session re-minted -> session-cap1786754449w5
pending=5484 shard=1/31 assigned=177
transport: canary vendor 'decodo_patchright'
2026-08-14 20:40:50,514 INFO vendor decodo_patchright: 64 prox(y/ies), sticky session re-minted -> session-cap1786754450w1
pending=5484 shard=2/31 assigned=177
transport: canary vendor 'decodo_patchright'
2026-08-14 20:40:50,965 INFO vendor decodo_patchright: 64 prox(y/ies), sticky session re-minted -> session-cap1786754450w2
pending=5484 shard=6/31 assigned=177
transport: canary vendor 'decodo_patchright'
2026-08-14 20:40:51,046 INFO vendor decodo_patchright: 64 prox(y/ies), sticky session re-minted -> session-cap1786754451w6
captured=0 skipped=177 failed=0
pending=5484 shard=8/31 assigned=177
transport: canary vendor 'decodo_patchright'
2026-08-14 20:40:51,058 INFO vendor decodo_patchright: 64 prox(y/ies), sticky session re-minted -> session-cap1786754451w8
captured=0 skipped=177 failed=0
pending=5484 shard=4/31 assigned=177
transport: canary vendor 'decodo_patchright'
2026-08-14 20:40:51,395 INFO vendor decodo_patchright: 64 prox(y/ies), sticky session re-minted -> session-cap1786754451w4
pending=5484 shard=0/31 assigned=177
transport: canary vendor 'decodo_patchright'
2026-08-14 20:40:51,403 INFO vendor decodo_patchright: 64 prox(y/ies), sticky session re-minted -> session-cap1786754451w0
captured=0 skipped=177 failed=0
pending=5484 shard=11/31 assigned=177
transport: canary vendor 'decodo_patchright'
2026-08-14 20:40:51,688 INFO vendor decodo_patchright: 64 prox(y/ies), sticky session re-minted -> session-cap1786754451w11
captured=0 skipped=177 failed=0
pending=5484 shard=3/31 assigned=177
transport: canary vendor 'decodo_patchright'
2026-08-14 20:40:51,786 INFO vendor decodo_patchright: 64 prox(y/ies), sticky session re-minted -> session-cap1786754451w3
EXIT=0
EXIT=0
EXIT=0
EXIT=0
pending=5484 shard=18/31 assigned=177
transport: canary vendor 'decodo_patchright'
2026-08-14 20:40:53,417 INFO vendor decodo_patchright: 64 prox(y/ies), sticky session re-minted -> session-cap1786754453w18
pending=5484 shard=17/31 assigned=177
transport: canary vendor 'decodo_patchright'
2026-08-14 20:40:53,472 INFO vendor decodo_patchright: 64 prox(y/ies), sticky session re-minted -> session-cap1786754453w17
pending=5484 shard=24/31 assigned=177
transport: canary vendor 'decodo_patchright'
2026-08-14 20:40:53,646 INFO vendor decodo_patchright: 64 prox(y/ies), sticky session re-minted -> session-cap1786754453w24
captured=0 skipped=177 failed=0
pending=5484 shard=7/31 assigned=177
transport: canary vendor 'decodo_patchright'
2026-08-14 20:40:53,700 INFO vendor decodo_patchright: 64 prox(y/ies), sticky session re-minted -> session-cap1786754453w7
captured=0 skipped=177 failed=0
pending=5484 shard=16/31 assigned=177
transport: canary vendor 'decodo_patchright'
2026-08-14 20:40:53,743 INFO vendor decodo_patchright: 64 prox(y/ies), sticky session re-minted -> session-cap1786754453w16
captured=0 skipped=177 failed=0
pending=5484 shard=14/31 assigned=177
transport: canary vendor 'decodo_patchright'
2026-08-14 20:40:53,835 INFO vendor decodo_patchright: 64 prox(y/ies), sticky session re-minted -> session-cap1786754453w14
captured=0 skipped=177 failed=0
pending=5484 shard=19/31 assigned=177
transport: canary vendor 'decodo_patchright'
2026-08-14 20:40:54,067 INFO vendor decodo_patchright: 64 prox(y/ies), sticky session re-minted -> session-cap1786754454w19
captured=0 skipped=177 failed=0
pending=5484 shard=29/31 assigned=176
transport: canary vendor 'decodo_patchright'
2026-08-14 20:40:54,171 INFO vendor decodo_patchright: 64 prox(y/ies), sticky session re-minted -> session-cap1786754454w29
captured=0 skipped=176 failed=0
pending=5484 shard=20/31 assigned=177
transport: canary vendor 'decodo_patchright'
2026-08-14 20:40:54,316 INFO vendor decodo_patchright: 64 prox(y/ies), sticky session re-minted -> session-cap1786754454w20
EXIT=0
pending=5484 shard=10/31 assigned=177
transport: canary vendor 'decodo_patchright'
2026-08-14 20:40:54,702 INFO vendor decodo_patchright: 64 prox(y/ies), sticky session re-minted -> session-cap1786754454w10
captured=0 skipped=177 failed=0
pending=5484 shard=21/31 assigned=177
transport: canary vendor 'decodo_patchright'
EXIT=0
2026-08-14 20:40:54,738 INFO vendor decodo_patchright: 64 prox(y/ies), sticky session re-minted -> session-cap1786754454w21
captured=0 skipped=177 failed=0
pending=5484 shard=23/31 assigned=177
transport: canary vendor 'decodo_patchright'
2026-08-14 20:40:54,791 INFO vendor decodo_patchright: 64 prox(y/ies), sticky session re-minted -> session-cap1786754454w23
captured=0 skipped=177 failed=0
EXIT=0
pending=5484 shard=27/31 assigned=177
transport: canary vendor 'decodo_patchright'
pending=5484 shard=9/31 assigned=177
transport: canary vendor 'decodo_patchright'
pending=5484 shard=13/31 assigned=177
transport: canary vendor 'decodo_patchright'
pending=5484 shard=25/31 assigned=177
transport: canary vendor 'decodo_patchright'
2026-08-14 20:40:54,975 INFO vendor decodo_patchright: 64 prox(y/ies), sticky session re-minted -> session-cap1786754454w25
2026-08-14 20:40:54,980 INFO vendor decodo_patchright: 64 prox(y/ies), sticky session re-minted -> session-cap1786754454w9
captured=0 skipped=177 failed=0
pending=5484 shard=30/31 assigned=176
transport: canary vendor 'decodo_patchright'
2026-08-14 20:40:55,090 INFO vendor decodo_patchright: 64 prox(y/ies), sticky session re-minted -> session-cap1786754455w27
captured=0 skipped=177 failed=0
2026-08-14 20:40:55,152 INFO vendor decodo_patchright: 64 prox(y/ies), sticky session re-minted -> session-cap1786754455w13
2026-08-14 20:40:55,148 INFO vendor decodo_patchright: 64 prox(y/ies), sticky session re-minted -> session-cap1786754455w30
pending=5484 shard=26/31 assigned=177
transport: canary vendor 'decodo_patchright'
2026-08-14 20:40:55,182 INFO vendor decodo_patchright: 64 prox(y/ies), sticky session re-minted -> session-cap1786754455w26
captured=0 skipped=177 failed=0
captured=0 skipped=176 failed=0
captured=0 skipped=177 failed=0
EXIT=0
pending=5484 shard=15/31 assigned=177
transport: canary vendor 'decodo_patchright'
2026-08-14 20:40:55,259 INFO vendor decodo_patchright: 64 prox(y/ies), sticky session re-minted -> session-cap1786754455w15
pending=5484 shard=22/31 assigned=177
transport: canary vendor 'decodo_patchright'
2026-08-14 20:40:55,314 INFO vendor decodo_patchright: 64 prox(y/ies), sticky session re-minted -> session-cap1786754455w22
captured=0 skipped=177 failed=0
pending=5484 shard=12/31 assigned=177
transport: canary vendor 'decodo_patchright'
2026-08-14 20:40:55,333 INFO vendor decodo_patchright: 64 prox(y/ies), sticky session re-minted -> session-cap1786754455w12
pending=5484 shard=28/31 assigned=176
transport: canary vendor 'decodo_patchright'
2026-08-14 20:40:55,434 INFO vendor decodo_patchright: 64 prox(y/ies), sticky session re-minted -> session-cap1786754455w28
captured=0 skipped=176 failed=0
EXIT=0
EXIT=0
EXIT=0
EXIT=0
EXIT=0
EXIT=0
EXIT=0
EXIT=0
EXIT=0
EXIT=0
EXIT=0
EXIT=0
2026-08-14 20:41:24,147 WARNING challenge not cleared for contest_id=624532 -- bundle not written
captured=0 skipped=176 failed=1
EXIT=0
2026-08-14 20:41:25,658 WARNING challenge not cleared for contest_id=624779 -- bundle not written
captured=0 skipped=176 failed=1
EXIT=0
2026-08-14 20:41:26,323 WARNING challenge not cleared for contest_id=624531 -- bundle not written
captured=0 skipped=176 failed=1
EXIT=0
2026-08-14 20:41:27,889 WARNING challenge not cleared for contest_id=624743 -- bundle not written
captured=0 skipped=176 failed=1
2026-08-14 20:41:28,169 WARNING challenge not cleared for contest_id=627097 -- bundle not written
2026-08-14 20:41:28,218 WARNING challenge not cleared for contest_id=627880 -- bundle not written
EXIT=0
captured=0 skipped=176 failed=1
captured=0 skipped=176 failed=1
EXIT=0
EXIT=0
2026-08-14 20:41:30,460 WARNING challenge not cleared for contest_id=637523 -- bundle not written
2026-08-14 20:41:30,455 WARNING challenge not cleared for contest_id=633919 -- bundle not written
captured=0 skipped=176 failed=1
captured=0 skipped=176 failed=1
EXIT=0
2026-08-14 20:41:30,906 WARNING challenge not cleared for contest_id=624530 -- bundle not written
EXIT=0
captured=0 skipped=176 failed=1
2026-08-14 20:41:31,217 WARNING challenge not cleared for contest_id=637149 -- bundle not written
EXIT=0
captured=0 skipped=176 failed=1
EXIT=0
2026-08-14 20:41:51,921 WARNING challenge not cleared for contest_id=637684 -- bundle not written
captured=0 skipped=176 failed=1
EXIT=0
[20:41:52] === parse captured bundles -> wbb/json/ ===
log -> logs/parse_20260814_204152.log  (watch: tail -f logs/parse_20260814_204152.log)
seasons=all bundles=93476 pending=0 force=False shard=6/16 assigned=0
parsed=0 failed=0

EXIT=0
[20:42:03] DONE: captured_bundles=93476 parsed_json=93476 (capture rc=0)
[20:42:03] next -> build the -data parquet (Phase 2, not yet built as of this branch):
[20:42:03]   cd /c/Users/saiem/Documents/GitHub-Data/sdv-dev/wehoop-dev/ncaa-wbb-hoops-raw/../ncaa-wbb-hoops-data && python -m ncaa_wbb_data_build build --dataset all --season 2013
EXIT=0
[2026-08-14 20:42:04] season 2013: round 2 captured nothing (11 left, un-capturable) -- treating as done
[2026-08-14 20:42:04] === season 2012 ===
[20:42:04] NCAA WBB backfill: season=2012 workers=31
[20:42:04] watch this run:  tail -f /c/Users/saiem/Documents/GitHub-Data/sdv-dev/wehoop-dev/ncaa-wbb-hoops-raw/logs/backfill_2012_20260814_204204.log
[20:42:04] === skip discover (season 2012 already in schedule_master; delete wbb/schedule_master.parquet to force) ===
[20:42:04] === capture 2012: 31 worker(s), chunk=400 new bundles per worker ===
transport: NCAA_VENDOR=decodo_patchright (canary_vendors.toml; ProxyBonanza not used)
transport: NCAA_VENDOR=decodo_patchright (canary_vendors.toml; ProxyBonanza not used)
transport: NCAA_VENDOR=decodo_patchright (canary_vendors.toml; ProxyBonanza not used)
transport: NCAA_VENDOR=decodo_patchright (canary_vendors.toml; ProxyBonanza not used)
transport: NCAA_VENDOR=decodo_patchright (canary_vendors.toml; ProxyBonanza not used)
transport: NCAA_VENDOR=decodo_patchright (canary_vendors.toml; ProxyBonanza not used)
transport: NCAA_VENDOR=decodo_patchright (canary_vendors.toml; ProxyBonanza not used)
log -> logs/capture_20260814_204205.log  (watch: tail -f logs/capture_20260814_204205.log)
transport: NCAA_VENDOR=decodo_patchright (canary_vendors.toml; ProxyBonanza not used)
transport: NCAA_VENDOR=decodo_patchright (canary_vendors.toml; ProxyBonanza not used)
log -> logs/capture_20260814_204205.log  (watch: tail -f logs/capture_20260814_204205.log)
log -> logs/capture_20260814_204205.log  (watch: tail -f logs/capture_20260814_204205.log)
log -> logs/capture_20260814_204205.log  (watch: tail -f logs/capture_20260814_204205.log)
transport: NCAA_VENDOR=decodo_patchright (canary_vendors.toml; ProxyBonanza not used)
log -> logs/capture_20260814_204205.log  (watch: tail -f logs/capture_20260814_204205.log)
transport: NCAA_VENDOR=decodo_patchright (canary_vendors.toml; ProxyBonanza not used)
log -> logs/capture_20260814_204205.log  (watch: tail -f logs/capture_20260814_204205.log)
transport: NCAA_VENDOR=decodo_patchright (canary_vendors.toml; ProxyBonanza not used)
log -> logs/capture_20260814_204205.log  (watch: tail -f logs/capture_20260814_204205.log)
transport: NCAA_VENDOR=decodo_patchright (canary_vendors.toml; ProxyBonanza not used)
transport: NCAA_VENDOR=decodo_patchright (canary_vendors.toml; ProxyBonanza not used)
transport: NCAA_VENDOR=decodo_patchright (canary_vendors.toml; ProxyBonanza not used)
log -> logs/capture_20260814_204205.log  (watch: tail -f logs/capture_20260814_204205.log)
transport: NCAA_VENDOR=decodo_patchright (canary_vendors.toml; ProxyBonanza not used)
log -> logs/capture_20260814_204205.log  (watch: tail -f logs/capture_20260814_204205.log)
log -> logs/capture_20260814_204205.log  (watch: tail -f logs/capture_20260814_204205.log)
log -> logs/capture_20260814_204205.log  (watch: tail -f logs/capture_20260814_204205.log)
transport: NCAA_VENDOR=decodo_patchright (canary_vendors.toml; ProxyBonanza not used)
log -> logs/capture_20260814_204205.log  (watch: tail -f logs/capture_20260814_204205.log)
transport: NCAA_VENDOR=decodo_patchright (canary_vendors.toml; ProxyBonanza not used)
log -> logs/capture_20260814_204205.log  (watch: tail -f logs/capture_20260814_204205.log)
log -> logs/capture_20260814_204205.log  (watch: tail -f logs/capture_20260814_204205.log)
transport: NCAA_VENDOR=decodo_patchright (canary_vendors.toml; ProxyBonanza not used)
transport: NCAA_VENDOR=decodo_patchright (canary_vendors.toml; ProxyBonanza not used)
transport: NCAA_VENDOR=decodo_patchright (canary_vendors.toml; ProxyBonanza not used)
log -> logs/capture_20260814_204205.log  (watch: tail -f logs/capture_20260814_204205.log)
log -> logs/capture_20260814_204205.log  (watch: tail -f logs/capture_20260814_204205.log)
transport: NCAA_VENDOR=decodo_patchright (canary_vendors.toml; ProxyBonanza not used)
transport: NCAA_VENDOR=decodo_patchright (canary_vendors.toml; ProxyBonanza not used)
log -> logs/capture_20260814_204205.log  (watch: tail -f logs/capture_20260814_204205.log)
transport: NCAA_VENDOR=decodo_patchright (canary_vendors.toml; ProxyBonanza not used)
log -> logs/capture_20260814_204205.log  (watch: tail -f logs/capture_20260814_204205.log)
transport: NCAA_VENDOR=decodo_patchright (canary_vendors.toml; ProxyBonanza not used)
log -> logs/capture_20260814_204205.log  (watch: tail -f logs/capture_20260814_204205.log)
log -> logs/capture_20260814_204205.log  (watch: tail -f logs/capture_20260814_204205.log)
log -> logs/capture_20260814_204205.log  (watch: tail -f logs/capture_20260814_204205.log)
transport: NCAA_VENDOR=decodo_patchright (canary_vendors.toml; ProxyBonanza not used)
transport: NCAA_VENDOR=decodo_patchright (canary_vendors.toml; ProxyBonanza not used)
transport: NCAA_VENDOR=decodo_patchright (canary_vendors.toml; ProxyBonanza not used)
transport: NCAA_VENDOR=decodo_patchright (canary_vendors.toml; ProxyBonanza not used)
log -> logs/capture_20260814_204205.log  (watch: tail -f logs/capture_20260814_204205.log)
transport: NCAA_VENDOR=decodo_patchright (canary_vendors.toml; ProxyBonanza not used)
transport: NCAA_VENDOR=decodo_patchright (canary_vendors.toml; ProxyBonanza not used)
log -> logs/capture_20260814_204205.log  (watch: tail -f logs/capture_20260814_204205.log)
log -> logs/capture_20260814_204205.log  (watch: tail -f logs/capture_20260814_204205.log)
log -> logs/capture_20260814_204205.log  (watch: tail -f logs/capture_20260814_204205.log)
log -> logs/capture_20260814_204205.log  (watch: tail -f logs/capture_20260814_204205.log)
log -> logs/capture_20260814_204205.log  (watch: tail -f logs/capture_20260814_204205.log)
log -> logs/capture_20260814_204205.log  (watch: tail -f logs/capture_20260814_204205.log)
log -> logs/capture_20260814_204205.log  (watch: tail -f logs/capture_20260814_204205.log)
log -> logs/capture_20260814_204205.log  (watch: tail -f logs/capture_20260814_204205.log)
log -> logs/capture_20260814_204205.log  (watch: tail -f logs/capture_20260814_204205.log)
pending=5464 shard=7/31 assigned=177
transport: canary vendor 'decodo_patchright'
2026-08-14 20:42:09,996 INFO vendor decodo_patchright: 64 prox(y/ies), sticky session re-minted -> session-cap1786754529w7
pending=5464 shard=2/31 assigned=177
transport: canary vendor 'decodo_patchright'
2026-08-14 20:42:10,039 INFO vendor decodo_patchright: 64 prox(y/ies), sticky session re-minted -> session-cap1786754530w2
pending=5464 shard=8/31 assigned=176
transport: canary vendor 'decodo_patchright'
2026-08-14 20:42:11,708 INFO vendor decodo_patchright: 64 prox(y/ies), sticky session re-minted -> session-cap1786754531w8
pending=5464 shard=21/31 assigned=176
transport: canary vendor 'decodo_patchright'
2026-08-14 20:42:12,535 INFO vendor decodo_patchright: 64 prox(y/ies), sticky session re-minted -> session-cap1786754532w21
pending=5464 shard=3/31 assigned=177
transport: canary vendor 'decodo_patchright'
2026-08-14 20:42:12,578 INFO vendor decodo_patchright: 64 prox(y/ies), sticky session re-minted -> session-cap1786754532w3
pending=5464 shard=1/31 assigned=177
transport: canary vendor 'decodo_patchright'
2026-08-14 20:42:12,783 INFO vendor decodo_patchright: 64 prox(y/ies), sticky session re-minted -> session-cap1786754532w1
pending=5464 shard=5/31 assigned=177
transport: canary vendor 'decodo_patchright'
pending=5464 shard=17/31 assigned=176
transport: canary vendor 'decodo_patchright'
2026-08-14 20:42:13,158 INFO vendor decodo_patchright: 64 prox(y/ies), sticky session re-minted -> session-cap1786754533w5
2026-08-14 20:42:13,351 INFO vendor decodo_patchright: 64 prox(y/ies), sticky session re-minted -> session-cap1786754533w17
pending=5464 shard=12/31 assigned=176
transport: canary vendor 'decodo_patchright'
2026-08-14 20:42:13,425 INFO vendor decodo_patchright: 64 prox(y/ies), sticky session re-minted -> session-cap1786754533w12
pending=5464 shard=22/31 assigned=176
transport: canary vendor 'decodo_patchright'
2026-08-14 20:42:13,574 INFO vendor decodo_patchright: 64 prox(y/ies), sticky session re-minted -> session-cap1786754533w22
pending=5464 shard=15/31 assigned=176
transport: canary vendor 'decodo_patchright'
2026-08-14 20:42:13,738 INFO vendor decodo_patchright: 64 prox(y/ies), sticky session re-minted -> session-cap1786754533w15
pending=5464 shard=27/31 assigned=176
transport: canary vendor 'decodo_patchright'
pending=5464 shard=20/31 assigned=176
transport: canary vendor 'decodo_patchright'
2026-08-14 20:42:13,921 INFO vendor decodo_patchright: 64 prox(y/ies), sticky session re-minted -> session-cap1786754533w27
2026-08-14 20:42:13,964 INFO vendor decodo_patchright: 64 prox(y/ies), sticky session re-minted -> session-cap1786754533w20
pending=5464 shard=10/31 assigned=176
transport: canary vendor 'decodo_patchright'
2026-08-14 20:42:13,985 INFO vendor decodo_patchright: 64 prox(y/ies), sticky session re-minted -> session-cap1786754533w10
pending=5464 shard=25/31 assigned=176
transport: canary vendor 'decodo_patchright'
2026-08-14 20:42:13,995 INFO vendor decodo_patchright: 64 prox(y/ies), sticky session re-minted -> session-cap1786754533w25
pending=5464 shard=30/31 assigned=176
transport: canary vendor 'decodo_patchright'
pending=5464 shard=16/31 assigned=176
transport: canary vendor 'decodo_patchright'
2026-08-14 20:42:14,844 INFO vendor decodo_patchright: 64 prox(y/ies), sticky session re-minted -> session-cap1786754534w16
pending=5464 shard=13/31 assigned=176
transport: canary vendor 'decodo_patchright'
pending=5464 shard=4/31 assigned=177
transport: canary vendor 'decodo_patchright'
2026-08-14 20:42:15,172 INFO vendor decodo_patchright: 64 prox(y/ies), sticky session re-minted -> session-cap1786754535w30
pending=5464 shard=26/31 assigned=176
transport: canary vendor 'decodo_patchright'
2026-08-14 20:42:15,171 INFO vendor decodo_patchright: 64 prox(y/ies), sticky session re-minted -> session-cap1786754535w4
2026-08-14 20:42:15,208 INFO vendor decodo_patchright: 64 prox(y/ies), sticky session re-minted -> session-cap1786754535w26
2026-08-14 20:42:15,218 INFO vendor decodo_patchright: 64 prox(y/ies), sticky session re-minted -> session-cap1786754535w13
pending=5464 shard=19/31 assigned=176
transport: canary vendor 'decodo_patchright'
2026-08-14 20:42:15,230 INFO vendor decodo_patchright: 64 prox(y/ies), sticky session re-minted -> session-cap1786754535w19
pending=5464 shard=0/31 assigned=177
transport: canary vendor 'decodo_patchright'
pending=5464 shard=18/31 assigned=176
transport: canary vendor 'decodo_patchright'
2026-08-14 20:42:16,098 INFO vendor decodo_patchright: 64 prox(y/ies), sticky session re-minted -> session-cap1786754536w0
pending=5464 shard=6/31 assigned=177
transport: canary vendor 'decodo_patchright'
2026-08-14 20:42:16,128 INFO vendor decodo_patchright: 64 prox(y/ies), sticky session re-minted -> session-cap1786754536w6
2026-08-14 20:42:16,324 INFO vendor decodo_patchright: 64 prox(y/ies), sticky session re-minted -> session-cap1786754536w18
pending=5464 shard=14/31 assigned=176
transport: canary vendor 'decodo_patchright'
2026-08-14 20:42:16,494 INFO vendor decodo_patchright: 64 prox(y/ies), sticky session re-minted -> session-cap1786754536w14
pending=5464 shard=11/31 assigned=176
transport: canary vendor 'decodo_patchright'
2026-08-14 20:42:16,659 INFO vendor decodo_patchright: 64 prox(y/ies), sticky session re-minted -> session-cap1786754536w11
pending=5464 shard=23/31 assigned=176
transport: canary vendor 'decodo_patchright'
2026-08-14 20:42:16,739 INFO vendor decodo_patchright: 64 prox(y/ies), sticky session re-minted -> session-cap1786754536w23
pending=5464 shard=29/31 assigned=176
transport: canary vendor 'decodo_patchright'
2026-08-14 20:42:16,789 INFO vendor decodo_patchright: 64 prox(y/ies), sticky session re-minted -> session-cap1786754536w29
pending=5464 shard=28/31 assigned=176
transport: canary vendor 'decodo_patchright'
pending=5464 shard=24/31 assigned=176
transport: canary vendor 'decodo_patchright'
pending=5464 shard=9/31 assigned=176
transport: canary vendor 'decodo_patchright'
2026-08-14 20:42:17,352 INFO vendor decodo_patchright: 64 prox(y/ies), sticky session re-minted -> session-cap1786754537w28
2026-08-14 20:42:17,543 INFO vendor decodo_patchright: 64 prox(y/ies), sticky session re-minted -> session-cap1786754537w9
2026-08-14 20:42:17,601 INFO vendor decodo_patchright: 64 prox(y/ies), sticky session re-minted -> session-cap1786754537w24
2026-08-14 20:43:49,170 WARNING challenge not cleared for contest_id=809323 -- bundle not written
2026-08-14 20:48:05,578 WARNING challenge not cleared for contest_id=818574 -- bundle not written
captured=11 skipped=165 failed=0
EXIT=0
captured=11 skipped=165 failed=0
EXIT=0
captured=11 skipped=165 failed=0
EXIT=0
captured=12 skipped=164 failed=0
EXIT=0
captured=12 skipped=164 failed=0
EXIT=0
captured=12 skipped=164 failed=0
EXIT=0
captured=12 skipped=164 failed=0
EXIT=0
captured=12 skipped=164 failed=0
EXIT=0
captured=12 skipped=164 failed=0
EXIT=0
captured=12 skipped=164 failed=0
EXIT=0
captured=12 skipped=164 failed=0
EXIT=0
2026-08-14 20:48:56,876 WARNING challenge not cleared for contest_id=820324 -- bundle not written
captured=12 skipped=164 failed=0
EXIT=0
2026-08-14 20:49:11,448 WARNING challenge not cleared for contest_id=820299 -- bundle not written
captured=13 skipped=164 failed=0
captured=12 skipped=163 failed=1
captured=13 skipped=163 failed=0
EXIT=0
EXIT=0
EXIT=0
captured=13 skipped=164 failed=0
EXIT=0
captured=13 skipped=164 failed=0
EXIT=0
captured=13 skipped=163 failed=0
EXIT=0
captured=12 skipped=164 failed=0
EXIT=0
captured=12 skipped=164 failed=0
EXIT=0
captured=12 skipped=164 failed=0
EXIT=0
captured=12 skipped=163 failed=1
EXIT=0
captured=13 skipped=163 failed=0
EXIT=0
captured=13 skipped=163 failed=1
EXIT=0
captured=13 skipped=164 failed=0
EXIT=0
captured=13 skipped=164 failed=0
EXIT=0
captured=13 skipped=163 failed=1
EXIT=0
captured=13 skipped=164 failed=0
EXIT=0
captured=12 skipped=164 failed=0
EXIT=0
EXIT=127
EXIT=127
[20:59:00] capture stopped (rc=127) -- a ban/soft-ban hard-stop or Ctrl-C (see the capture log).
[20:59:00]   This is RESUMABLE: cool down (a ban clears in minutes-hours), then re-run this
[20:59:00]   script -- already-captured contests are skipped.
[20:59:00] === parse captured bundles -> wbb/json/ ===
log -> logs/parse_20260814_205900.log  (watch: tail -f logs/parse_20260814_205900.log)
seasons=all bundles=93833 pending=357 force=False shard=11/16 assigned=22parsed=23 failed=0

EXIT=0
[20:59:16] DONE: captured_bundles=93833 parsed_json=93833 (capture rc=127)
[20:59:16] capture INCOMPLETE (rc=127) -- re-run this script to continue before building.
EXIT=127
[2026-08-14 20:59:16] season 2012: chunk 1 hard-stopped (rc=127), 29 remaining -- cooling 120s
[21:01:17] NCAA WBB backfill: season=2012 workers=31
[21:01:17] watch this run:  tail -f /c/Users/saiem/Documents/GitHub-Data/sdv-dev/wehoop-dev/ncaa-wbb-hoops-raw/logs/backfill_2012_20260814_210117.log
[21:01:17] === skip discover (season 2012 already in schedule_master; delete wbb/schedule_master.parquet to force) ===
[21:01:17] === capture 2012: 31 worker(s), chunk=400 new bundles per worker ===
transport: NCAA_VENDOR=decodo_patchright (canary_vendors.toml; ProxyBonanza not used)
transport: NCAA_VENDOR=decodo_patchright (canary_vendors.toml; ProxyBonanza not used)
transport: NCAA_VENDOR=decodo_patchright (canary_vendors.toml; ProxyBonanza not used)
transport: NCAA_VENDOR=decodo_patchright (canary_vendors.toml; ProxyBonanza not used)
transport: NCAA_VENDOR=decodo_patchright (canary_vendors.toml; ProxyBonanza not used)
transport: NCAA_VENDOR=decodo_patchright (canary_vendors.toml; ProxyBonanza not used)
log -> logs/capture_20260814_210117.log  (watch: tail -f logs/capture_20260814_210117.log)
log -> logs/capture_20260814_210117.log  (watch: tail -f logs/capture_20260814_210117.log)
log -> logs/capture_20260814_210117.log  (watch: tail -f logs/capture_20260814_210117.log)
transport: NCAA_VENDOR=decodo_patchright (canary_vendors.toml; ProxyBonanza not used)
log -> logs/capture_20260814_210117.log  (watch: tail -f logs/capture_20260814_210117.log)
transport: NCAA_VENDOR=decodo_patchright (canary_vendors.toml; ProxyBonanza not used)
transport: NCAA_VENDOR=decodo_patchright (canary_vendors.toml; ProxyBonanza not used)
log -> logs/capture_20260814_210117.log  (watch: tail -f logs/capture_20260814_210117.log)
log -> logs/capture_20260814_210117.log  (watch: tail -f logs/capture_20260814_210117.log)
transport: NCAA_VENDOR=decodo_patchright (canary_vendors.toml; ProxyBonanza not used)
log -> logs/capture_20260814_210117.log  (watch: tail -f logs/capture_20260814_210117.log)
log -> logs/capture_20260814_210117.log  (watch: tail -f logs/capture_20260814_210117.log)
transport: NCAA_VENDOR=decodo_patchright (canary_vendors.toml; ProxyBonanza not used)
transport: NCAA_VENDOR=decodo_patchright (canary_vendors.toml; ProxyBonanza not used)
transport: NCAA_VENDOR=decodo_patchright (canary_vendors.toml; ProxyBonanza not used)
log -> logs/capture_20260814_210117.log  (watch: tail -f logs/capture_20260814_210117.log)
transport: NCAA_VENDOR=decodo_patchright (canary_vendors.toml; ProxyBonanza not used)
transport: NCAA_VENDOR=decodo_patchright (canary_vendors.toml; ProxyBonanza not used)
log -> logs/capture_20260814_210117.log  (watch: tail -f logs/capture_20260814_210117.log)
transport: NCAA_VENDOR=decodo_patchright (canary_vendors.toml; ProxyBonanza not used)
transport: NCAA_VENDOR=decodo_patchright (canary_vendors.toml; ProxyBonanza not used)
transport: NCAA_VENDOR=decodo_patchright (canary_vendors.toml; ProxyBonanza not used)
log -> logs/capture_20260814_210117.log  (watch: tail -f logs/capture_20260814_210117.log)
log -> logs/capture_20260814_210117.log  (watch: tail -f logs/capture_20260814_210117.log)
log -> logs/capture_20260814_210117.log  (watch: tail -f logs/capture_20260814_210117.log)
transport: NCAA_VENDOR=decodo_patchright (canary_vendors.toml; ProxyBonanza not used)
transport: NCAA_VENDOR=decodo_patchright (canary_vendors.toml; ProxyBonanza not used)
transport: NCAA_VENDOR=decodo_patchright (canary_vendors.toml; ProxyBonanza not used)
log -> logs/capture_20260814_210117.log  (watch: tail -f logs/capture_20260814_210117.log)
log -> logs/capture_20260814_210117.log  (watch: tail -f logs/capture_20260814_210117.log)
transport: NCAA_VENDOR=decodo_patchright (canary_vendors.toml; ProxyBonanza not used)
log -> logs/capture_20260814_210117.log  (watch: tail -f logs/capture_20260814_210117.log)
log -> logs/capture_20260814_210117.log  (watch: tail -f logs/capture_20260814_210117.log)
transport: NCAA_VENDOR=decodo_patchright (canary_vendors.toml; ProxyBonanza not used)
log -> logs/capture_20260814_210117.log  (watch: tail -f logs/capture_20260814_210117.log)
transport: NCAA_VENDOR=decodo_patchright (canary_vendors.toml; ProxyBonanza not used)
log -> logs/capture_20260814_210118.log  (watch: tail -f logs/capture_20260814_210118.log)
log -> logs/capture_20260814_210118.log  (watch: tail -f logs/capture_20260814_210118.log)
transport: NCAA_VENDOR=decodo_patchright (canary_vendors.toml; ProxyBonanza not used)
transport: NCAA_VENDOR=decodo_patchright (canary_vendors.toml; ProxyBonanza not used)
log -> logs/capture_20260814_210118.log  (watch: tail -f logs/capture_20260814_210118.log)
transport: NCAA_VENDOR=decodo_patchright (canary_vendors.toml; ProxyBonanza not used)
transport: NCAA_VENDOR=decodo_patchright (canary_vendors.toml; ProxyBonanza not used)
log -> logs/capture_20260814_210118.log  (watch: tail -f logs/capture_20260814_210118.log)
transport: NCAA_VENDOR=decodo_patchright (canary_vendors.toml; ProxyBonanza not used)
log -> logs/capture_20260814_210118.log  (watch: tail -f logs/capture_20260814_210118.log)
transport: NCAA_VENDOR=decodo_patchright (canary_vendors.toml; ProxyBonanza not used)
log -> logs/capture_20260814_210118.log  (watch: tail -f logs/capture_20260814_210118.log)
transport: NCAA_VENDOR=decodo_patchright (canary_vendors.toml; ProxyBonanza not used)
log -> logs/capture_20260814_210118.log  (watch: tail -f logs/capture_20260814_210118.log)
log -> logs/capture_20260814_210118.log  (watch: tail -f logs/capture_20260814_210118.log)
log -> logs/capture_20260814_210118.log  (watch: tail -f logs/capture_20260814_210118.log)
log -> logs/capture_20260814_210118.log  (watch: tail -f logs/capture_20260814_210118.log)
log -> logs/capture_20260814_210118.log  (watch: tail -f logs/capture_20260814_210118.log)
log -> logs/capture_20260814_210118.log  (watch: tail -f logs/capture_20260814_210118.log)
log -> logs/capture_20260814_210118.log  (watch: tail -f logs/capture_20260814_210118.log)
pending=5464 shard=3/31 assigned=177
transport: canary vendor 'decodo_patchright'
2026-08-14 21:01:22,491 INFO vendor decodo_patchright: 64 prox(y/ies), sticky session re-minted -> session-cap1786755682w3
captured=0 skipped=177 failed=0
pending=5464 shard=12/31 assigned=176
transport: canary vendor 'decodo_patchright'
2026-08-14 21:01:22,732 INFO vendor decodo_patchright: 64 prox(y/ies), sticky session re-minted -> session-cap1786755682w12
captured=0 skipped=176 failed=0
pending=5464 shard=0/31 assigned=177
transport: canary vendor 'decodo_patchright'
2026-08-14 21:01:23,239 INFO vendor decodo_patchright: 64 prox(y/ies), sticky session re-minted -> session-cap1786755683w0
captured=0 skipped=177 failed=0
pending=5464 shard=11/31 assigned=176
transport: canary vendor 'decodo_patchright'
2026-08-14 21:01:23,216 INFO vendor decodo_patchright: 64 prox(y/ies), sticky session re-minted -> session-cap1786755683w11
captured=0 skipped=176 failed=0
pending=5464 shard=9/31 assigned=176
transport: canary vendor 'decodo_patchright'
2026-08-14 21:01:24,142 INFO vendor decodo_patchright: 64 prox(y/ies), sticky session re-minted -> session-cap1786755684w9
pending=5464 shard=4/31 assigned=177
transport: canary vendor 'decodo_patchright'
2026-08-14 21:01:24,164 INFO vendor decodo_patchright: 64 prox(y/ies), sticky session re-minted -> session-cap1786755684w4
captured=0 skipped=177 failed=0
captured=0 skipped=176 failed=0
pending=5464 shard=16/31 assigned=176
transport: canary vendor 'decodo_patchright'
pending=5464 shard=6/31 assigned=177
transport: canary vendor 'decodo_patchright'
pending=5464 shard=23/31 assigned=176
transport: canary vendor 'decodo_patchright'
2026-08-14 21:01:24,519 INFO vendor decodo_patchright: 64 prox(y/ies), sticky session re-minted -> session-cap1786755684w16
captured=0 skipped=176 failed=0
EXIT=0
2026-08-14 21:01:24,674 INFO vendor decodo_patchright: 64 prox(y/ies), sticky session re-minted -> session-cap1786755684w23
EXIT=0
captured=0 skipped=176 failed=0
2026-08-14 21:01:24,836 INFO vendor decodo_patchright: 64 prox(y/ies), sticky session re-minted -> session-cap1786755684w6
captured=0 skipped=177 failed=0
pending=5464 shard=20/31 assigned=176
transport: canary vendor 'decodo_patchright'
2026-08-14 21:01:25,022 INFO vendor decodo_patchright: 64 prox(y/ies), sticky session re-minted -> session-cap1786755685w20
captured=0 skipped=176 failed=0
pending=5464 shard=17/31 assigned=176
transport: canary vendor 'decodo_patchright'
2026-08-14 21:01:25,139 INFO vendor decodo_patchright: 64 prox(y/ies), sticky session re-minted -> session-cap1786755685w17
captured=0 skipped=176 failed=0
EXIT=0
EXIT=0
pending=5464 shard=13/31 assigned=176
transport: canary vendor 'decodo_patchright'
2026-08-14 21:01:25,387 INFO vendor decodo_patchright: 64 prox(y/ies), sticky session re-minted -> session-cap1786755685w13
captured=0 skipped=176 failed=0
EXIT=0
EXIT=0
pending=5464 shard=2/31 assigned=177
transport: canary vendor 'decodo_patchright'
2026-08-14 21:01:25,603 INFO vendor decodo_patchright: 64 prox(y/ies), sticky session re-minted -> session-cap1786755685w2
captured=0 skipped=177 failed=0
EXIT=0
pending=5464 shard=22/31 assigned=176
transport: canary vendor 'decodo_patchright'
EXIT=0
2026-08-14 21:01:25,937 INFO vendor decodo_patchright: 64 prox(y/ies), sticky session re-minted -> session-cap1786755685w22
EXIT=0
EXIT=0
EXIT=0
pending=5464 shard=1/31 assigned=177
transport: canary vendor 'decodo_patchright'
2026-08-14 21:01:26,110 INFO vendor decodo_patchright: 64 prox(y/ies), sticky session re-minted -> session-cap1786755686w1
captured=0 skipped=177 failed=0
pending=5464 shard=26/31 assigned=176
transport: canary vendor 'decodo_patchright'
pending=5464 shard=15/31 assigned=176
transport: canary vendor 'decodo_patchright'
2026-08-14 21:01:26,144 INFO vendor decodo_patchright: 64 prox(y/ies), sticky session re-minted -> session-cap1786755686w15
2026-08-14 21:01:26,165 INFO vendor decodo_patchright: 64 prox(y/ies), sticky session re-minted -> session-cap1786755686w26
captured=0 skipped=176 failed=0
pending=5464 shard=7/31 assigned=177
transport: canary vendor 'decodo_patchright'
2026-08-14 21:01:26,177 INFO vendor decodo_patchright: 64 prox(y/ies), sticky session re-minted -> session-cap1786755686w7
EXIT=0
pending=5464 shard=5/31 assigned=177
transport: canary vendor 'decodo_patchright'
2026-08-14 21:01:26,252 INFO vendor decodo_patchright: 64 prox(y/ies), sticky session re-minted -> session-cap1786755686w5
EXIT=0
pending=5464 shard=27/31 assigned=176
transport: canary vendor 'decodo_patchright'
pending=5464 shard=19/31 assigned=176
transport: canary vendor 'decodo_patchright'
2026-08-14 21:01:26,270 INFO vendor decodo_patchright: 64 prox(y/ies), sticky session re-minted -> session-cap1786755686w19
pending=5464 shard=18/31 assigned=176
transport: canary vendor 'decodo_patchright'
2026-08-14 21:01:26,276 INFO vendor decodo_patchright: 64 prox(y/ies), sticky session re-minted -> session-cap1786755686w27
2026-08-14 21:01:26,286 INFO vendor decodo_patchright: 64 prox(y/ies), sticky session re-minted -> session-cap1786755686w18
captured=0 skipped=176 failed=0
pending=5464 shard=29/31 assigned=176
transport: canary vendor 'decodo_patchright'
captured=0 skipped=176 failed=0
2026-08-14 21:01:26,308 INFO vendor decodo_patchright: 64 prox(y/ies), sticky session re-minted -> session-cap1786755686w29
captured=0 skipped=176 failed=0
pending=5464 shard=30/31 assigned=176
transport: canary vendor 'decodo_patchright'
pending=5464 shard=8/31 assigned=176
transport: canary vendor 'decodo_patchright'
2026-08-14 21:01:26,330 INFO vendor decodo_patchright: 64 prox(y/ies), sticky session re-minted -> session-cap1786755686w8
pending=5464 shard=10/31 assigned=176
transport: canary vendor 'decodo_patchright'
2026-08-14 21:01:26,327 INFO vendor decodo_patchright: 64 prox(y/ies), sticky session re-minted -> session-cap1786755686w10
2026-08-14 21:01:26,334 INFO vendor decodo_patchright: 64 prox(y/ies), sticky session re-minted -> session-cap1786755686w30
captured=0 skipped=176 failed=0
captured=0 skipped=176 failed=0
pending=5464 shard=24/31 assigned=176
transport: canary vendor 'decodo_patchright'
2026-08-14 21:01:26,390 INFO vendor decodo_patchright: 64 prox(y/ies), sticky session re-minted -> session-cap1786755686w24
captured=0 skipped=176 failed=0
pending=5464 shard=14/31 assigned=176
transport: canary vendor 'decodo_patchright'
2026-08-14 21:01:26,422 INFO vendor decodo_patchright: 64 prox(y/ies), sticky session re-minted -> session-cap1786755686w14
captured=0 skipped=176 failed=0
pending=5464 shard=21/31 assigned=176
transport: canary vendor 'decodo_patchright'
2026-08-14 21:01:26,464 INFO vendor decodo_patchright: 64 prox(y/ies), sticky session re-minted -> session-cap1786755686w21
pending=5464 shard=28/31 assigned=176
transport: canary vendor 'decodo_patchright'
2026-08-14 21:01:26,488 INFO vendor decodo_patchright: 64 prox(y/ies), sticky session re-minted -> session-cap1786755686w28
captured=0 skipped=176 failed=0
captured=0 skipped=176 failed=0
EXIT=0
pending=5464 shard=25/31 assigned=176
transport: canary vendor 'decodo_patchright'
2026-08-14 21:01:26,727 INFO vendor decodo_patchright: 64 prox(y/ies), sticky session re-minted -> session-cap1786755686w25
captured=0 skipped=176 failed=0
EXIT=0
EXIT=0
EXIT=0
EXIT=0
EXIT=0
EXIT=0
EXIT=0
EXIT=0
EXIT=0
EXIT=0
EXIT=0
2026-08-14 21:01:59,538 WARNING challenge not cleared for contest_id=809323 -- bundle not written
captured=0 skipped=176 failed=1
EXIT=0
2026-08-14 21:02:01,395 WARNING challenge not cleared for contest_id=820299 -- bundle not written
captured=0 skipped=175 failed=1
EXIT=0
2026-08-14 21:02:01,955 WARNING challenge not cleared for contest_id=820324 -- bundle not written
captured=0 skipped=175 failed=1
EXIT=0
2026-08-14 21:02:06,518 WARNING challenge not cleared for contest_id=818574 -- bundle not written
captured=0 skipped=176 failed=1
EXIT=0
EXIT=127
EXIT=127
[21:09:44] capture stopped (rc=127) -- a ban/soft-ban hard-stop or Ctrl-C (see the capture log).
[21:09:45]   This is RESUMABLE: cool down (a ban clears in minutes-hours), then re-run this
[21:09:45]   script -- already-captured contests are skipped.
[21:09:45] === parse captured bundles -> wbb/json/ ===
log -> logs/parse_20260814_210945.log  (watch: tail -f logs/parse_20260814_210945.log)
seasons=all bundles=93833 pending=0 force=False shard=11/16 assigned=0
parsed=0 failed=0
EXIT=0
[21:09:57] DONE: captured_bundles=93833 parsed_json=93833 (capture rc=127)
[21:09:57] capture INCOMPLETE (rc=127) -- re-run this script to continue before building.
EXIT=127
[2026-08-14 21:09:58] season 2012: chunk 2 hard-stopped (rc=127), 29 remaining -- cooling 120s
[2026-08-14 21:11:58] season 2012: MAX_ROUNDS=2 reached with 29 remaining -- moving on (re-run later to finish)
[2026-08-14 21:11:58] === season 2011 ===
[21:11:58] NCAA WBB backfill: season=2011 workers=31
[21:11:58] watch this run:  tail -f /c/Users/saiem/Documents/GitHub-Data/sdv-dev/wehoop-dev/ncaa-wbb-hoops-raw/logs/backfill_2011_20260814_211158.log
[21:11:59] === skip discover (season 2011 already in schedule_master; delete wbb/schedule_master.parquet to force) ===
[21:11:59] === capture 2011: 31 worker(s), chunk=400 new bundles per worker ===
transport: NCAA_VENDOR=decodo_patchright (canary_vendors.toml; ProxyBonanza not used)
transport: NCAA_VENDOR=decodo_patchright (canary_vendors.toml; ProxyBonanza not used)
transport: NCAA_VENDOR=decodo_patchright (canary_vendors.toml; ProxyBonanza not used)
transport: NCAA_VENDOR=decodo_patchright (canary_vendors.toml; ProxyBonanza not used)
log -> logs/capture_20260814_211159.log  (watch: tail -f logs/capture_20260814_211159.log)
transport: NCAA_VENDOR=decodo_patchright (canary_vendors.toml; ProxyBonanza not used)
log -> logs/capture_20260814_211159.log  (watch: tail -f logs/capture_20260814_211159.log)
transport: NCAA_VENDOR=decodo_patchright (canary_vendors.toml; ProxyBonanza not used)
transport: NCAA_VENDOR=decodo_patchright (canary_vendors.toml; ProxyBonanza not used)
log -> logs/capture_20260814_211159.log  (watch: tail -f logs/capture_20260814_211159.log)
log -> logs/capture_20260814_211159.log  (watch: tail -f logs/capture_20260814_211159.log)
transport: NCAA_VENDOR=decodo_patchright (canary_vendors.toml; ProxyBonanza not used)
transport: NCAA_VENDOR=decodo_patchright (canary_vendors.toml; ProxyBonanza not used)
log -> logs/capture_20260814_211159.log  (watch: tail -f logs/capture_20260814_211159.log)
transport: NCAA_VENDOR=decodo_patchright (canary_vendors.toml; ProxyBonanza not used)
transport: NCAA_VENDOR=decodo_patchright (canary_vendors.toml; ProxyBonanza not used)
transport: NCAA_VENDOR=decodo_patchright (canary_vendors.toml; ProxyBonanza not used)
log -> logs/capture_20260814_211159.log  (watch: tail -f logs/capture_20260814_211159.log)
transport: NCAA_VENDOR=decodo_patchright (canary_vendors.toml; ProxyBonanza not used)
log -> logs/capture_20260814_211159.log  (watch: tail -f logs/capture_20260814_211159.log)
log -> logs/capture_20260814_211159.log  (watch: tail -f logs/capture_20260814_211159.log)
transport: NCAA_VENDOR=decodo_patchright (canary_vendors.toml; ProxyBonanza not used)
transport: NCAA_VENDOR=decodo_patchright (canary_vendors.toml; ProxyBonanza not used)
transport: NCAA_VENDOR=decodo_patchright (canary_vendors.toml; ProxyBonanza not used)
log -> logs/capture_20260814_211159.log  (watch: tail -f logs/capture_20260814_211159.log)
log -> logs/capture_20260814_211159.log  (watch: tail -f logs/capture_20260814_211159.log)
transport: NCAA_VENDOR=decodo_patchright (canary_vendors.toml; ProxyBonanza not used)
log -> logs/capture_20260814_211159.log  (watch: tail -f logs/capture_20260814_211159.log)
transport: NCAA_VENDOR=decodo_patchright (canary_vendors.toml; ProxyBonanza not used)
log -> logs/capture_20260814_211159.log  (watch: tail -f logs/capture_20260814_211159.log)
log -> logs/capture_20260814_211159.log  (watch: tail -f logs/capture_20260814_211159.log)
log -> logs/capture_20260814_211159.log  (watch: tail -f logs/capture_20260814_211159.log)
transport: NCAA_VENDOR=decodo_patchright (canary_vendors.toml; ProxyBonanza not used)
log -> logs/capture_20260814_211159.log  (watch: tail -f logs/capture_20260814_211159.log)
transport: NCAA_VENDOR=decodo_patchright (canary_vendors.toml; ProxyBonanza not used)
transport: NCAA_VENDOR=decodo_patchright (canary_vendors.toml; ProxyBonanza not used)
transport: NCAA_VENDOR=decodo_patchright (canary_vendors.toml; ProxyBonanza not used)
transport: NCAA_VENDOR=decodo_patchright (canary_vendors.toml; ProxyBonanza not used)
log -> logs/capture_20260814_211159.log  (watch: tail -f logs/capture_20260814_211159.log)
log -> logs/capture_20260814_211159.log  (watch: tail -f logs/capture_20260814_211159.log)
transport: NCAA_VENDOR=decodo_patchright (canary_vendors.toml; ProxyBonanza not used)
transport: NCAA_VENDOR=decodo_patchright (canary_vendors.toml; ProxyBonanza not used)
log -> logs/capture_20260814_211159.log  (watch: tail -f logs/capture_20260814_211159.log)
transport: NCAA_VENDOR=decodo_patchright (canary_vendors.toml; ProxyBonanza not used)
log -> logs/capture_20260814_211159.log  (watch: tail -f logs/capture_20260814_211159.log)
log -> logs/capture_20260814_211159.log  (watch: tail -f logs/capture_20260814_211159.log)
transport: NCAA_VENDOR=decodo_patchright (canary_vendors.toml; ProxyBonanza not used)
log -> logs/capture_20260814_211159.log  (watch: tail -f logs/capture_20260814_211159.log)
log -> logs/capture_20260814_211159.log  (watch: tail -f logs/capture_20260814_211159.log)
transport: NCAA_VENDOR=decodo_patchright (canary_vendors.toml; ProxyBonanza not used)
log -> logs/capture_20260814_211159.log  (watch: tail -f logs/capture_20260814_211159.log)
transport: NCAA_VENDOR=decodo_patchright (canary_vendors.toml; ProxyBonanza not used)
log -> logs/capture_20260814_211159.log  (watch: tail -f logs/capture_20260814_211159.log)
transport: NCAA_VENDOR=decodo_patchright (canary_vendors.toml; ProxyBonanza not used)
log -> logs/capture_20260814_211200.log  (watch: tail -f logs/capture_20260814_211200.log)
transport: NCAA_VENDOR=decodo_patchright (canary_vendors.toml; ProxyBonanza not used)
log -> logs/capture_20260814_211200.log  (watch: tail -f logs/capture_20260814_211200.log)
log -> logs/capture_20260814_211200.log  (watch: tail -f logs/capture_20260814_211200.log)
log -> logs/capture_20260814_211200.log  (watch: tail -f logs/capture_20260814_211200.log)
log -> logs/capture_20260814_211200.log  (watch: tail -f logs/capture_20260814_211200.log)
log -> logs/capture_20260814_211200.log  (watch: tail -f logs/capture_20260814_211200.log)
log -> logs/capture_20260814_211200.log  (watch: tail -f logs/capture_20260814_211200.log)
pending=5461 shard=6/31 assigned=176
transport: canary vendor 'decodo_patchright'
2026-08-14 21:12:05,255 INFO vendor decodo_patchright: 64 prox(y/ies), sticky session re-minted -> session-cap1786756325w6
pending=5461 shard=25/31 assigned=176
transport: canary vendor 'decodo_patchright'
2026-08-14 21:12:06,406 INFO vendor decodo_patchright: 64 prox(y/ies), sticky session re-minted -> session-cap1786756326w25
pending=5461 shard=13/31 assigned=176
transport: canary vendor 'decodo_patchright'
2026-08-14 21:12:06,660 INFO vendor decodo_patchright: 64 prox(y/ies), sticky session re-minted -> session-cap1786756326w13
pending=5461 shard=7/31 assigned=176
transport: canary vendor 'decodo_patchright'
2026-08-14 21:12:06,816 INFO vendor decodo_patchright: 64 prox(y/ies), sticky session re-minted -> session-cap1786756326w7
pending=5461 shard=8/31 assigned=176
transport: canary vendor 'decodo_patchright'
2026-08-14 21:12:06,810 INFO vendor decodo_patchright: 64 prox(y/ies), sticky session re-minted -> session-cap1786756326w8
pending=5461 shard=17/31 assigned=176
transport: canary vendor 'decodo_patchright'
2026-08-14 21:12:06,970 INFO vendor decodo_patchright: 64 prox(y/ies), sticky session re-minted -> session-cap1786756326w17
pending=5461 shard=0/31 assigned=177
transport: canary vendor 'decodo_patchright'
2026-08-14 21:12:08,764 INFO vendor decodo_patchright: 64 prox(y/ies), sticky session re-minted -> session-cap1786756328w0
pending=5461 shard=5/31 assigned=176
transport: canary vendor 'decodo_patchright'
2026-08-14 21:12:09,230 INFO vendor decodo_patchright: 64 prox(y/ies), sticky session re-minted -> session-cap1786756329w5
captured=0 skipped=176 failed=0
pending=5461 shard=3/31 assigned=177
transport: canary vendor 'decodo_patchright'
2026-08-14 21:12:09,260 INFO vendor decodo_patchright: 64 prox(y/ies), sticky session re-minted -> session-cap1786756329w3
pending=5461 shard=18/31 assigned=176
transport: canary vendor 'decodo_patchright'
2026-08-14 21:12:09,542 INFO vendor decodo_patchright: 64 prox(y/ies), sticky session re-minted -> session-cap1786756329w18
pending=5461 shard=2/31 assigned=177
transport: canary vendor 'decodo_patchright'
2026-08-14 21:12:09,737 INFO vendor decodo_patchright: 64 prox(y/ies), sticky session re-minted -> session-cap1786756329w2
captured=0 skipped=177 failed=0
pending=5461 shard=26/31 assigned=176
transport: canary vendor 'decodo_patchright'
2026-08-14 21:12:09,938 INFO vendor decodo_patchright: 64 prox(y/ies), sticky session re-minted -> session-cap1786756329w26
pending=5461 shard=11/31 assigned=176
transport: canary vendor 'decodo_patchright'
2026-08-14 21:12:09,918 INFO vendor decodo_patchright: 64 prox(y/ies), sticky session re-minted -> session-cap1786756329w11
pending=5461 shard=28/31 assigned=176
transport: canary vendor 'decodo_patchright'
2026-08-14 21:12:09,955 INFO vendor decodo_patchright: 64 prox(y/ies), sticky session re-minted -> session-cap1786756329w28
pending=5461 shard=15/31 assigned=176
transport: canary vendor 'decodo_patchright'
2026-08-14 21:12:09,966 INFO vendor decodo_patchright: 64 prox(y/ies), sticky session re-minted -> session-cap1786756329w15
pending=5461 shard=27/31 assigned=176
transport: canary vendor 'decodo_patchright'
pending=5461 shard=20/31 assigned=176
transport: canary vendor 'decodo_patchright'
2026-08-14 21:12:10,165 INFO vendor decodo_patchright: 64 prox(y/ies), sticky session re-minted -> session-cap1786756330w27
2026-08-14 21:12:10,209 INFO vendor decodo_patchright: 64 prox(y/ies), sticky session re-minted -> session-cap1786756330w20
pending=5461 shard=21/31 assigned=176
transport: canary vendor 'decodo_patchright'
pending=5461 shard=23/31 assigned=176
transport: canary vendor 'decodo_patchright'
2026-08-14 21:12:10,758 INFO vendor decodo_patchright: 64 prox(y/ies), sticky session re-minted -> session-cap1786756330w21
pending=5461 shard=22/31 assigned=176
transport: canary vendor 'decodo_patchright'
pending=5461 shard=9/31 assigned=176
transport: canary vendor 'decodo_patchright'
pending=5461 shard=14/31 assigned=176
transport: canary vendor 'decodo_patchright'
2026-08-14 21:12:10,960 INFO vendor decodo_patchright: 64 prox(y/ies), sticky session re-minted -> session-cap1786756330w23
2026-08-14 21:12:11,059 INFO vendor decodo_patchright: 64 prox(y/ies), sticky session re-minted -> session-cap1786756331w22
pending=5461 shard=16/31 assigned=176
transport: canary vendor 'decodo_patchright'
2026-08-14 21:12:11,249 INFO vendor decodo_patchright: 64 prox(y/ies), sticky session re-minted -> session-cap1786756331w9
2026-08-14 21:12:11,355 INFO vendor decodo_patchright: 64 prox(y/ies), sticky session re-minted -> session-cap1786756331w16
2026-08-14 21:12:11,355 INFO vendor decodo_patchright: 64 prox(y/ies), sticky session re-minted -> session-cap1786756331w14
pending=5461 shard=12/31 assigned=176
transport: canary vendor 'decodo_patchright'
2026-08-14 21:12:11,466 INFO vendor decodo_patchright: 64 prox(y/ies), sticky session re-minted -> session-cap1786756331w12
pending=5461 shard=1/31 assigned=177
transport: canary vendor 'decodo_patchright'
2026-08-14 21:12:11,479 INFO vendor decodo_patchright: 64 prox(y/ies), sticky session re-minted -> session-cap1786756331w1
pending=5461 shard=19/31 assigned=176
transport: canary vendor 'decodo_patchright'
2026-08-14 21:12:11,528 INFO vendor decodo_patchright: 64 prox(y/ies), sticky session re-minted -> session-cap1786756331w19
pending=5461 shard=29/31 assigned=176
transport: canary vendor 'decodo_patchright'
2026-08-14 21:12:11,530 INFO vendor decodo_patchright: 64 prox(y/ies), sticky session re-minted -> session-cap1786756331w29
pending=5461 shard=24/31 assigned=176
transport: canary vendor 'decodo_patchright'
2026-08-14 21:12:11,541 INFO vendor decodo_patchright: 64 prox(y/ies), sticky session re-minted -> session-cap1786756331w24
pending=5461 shard=30/31 assigned=176
transport: canary vendor 'decodo_patchright'
EXIT=0
2026-08-14 21:12:11,589 INFO vendor decodo_patchright: 64 prox(y/ies), sticky session re-minted -> session-cap1786756331w30
pending=5461 shard=4/31 assigned=177
transport: canary vendor 'decodo_patchright'
2026-08-14 21:12:11,593 INFO vendor decodo_patchright: 64 prox(y/ies), sticky session re-minted -> session-cap1786756331w4
captured=0 skipped=177 failed=0
captured=0 skipped=176 failed=0
pending=5461 shard=10/31 assigned=176
transport: canary vendor 'decodo_patchright'
2026-08-14 21:12:11,626 INFO vendor decodo_patchright: 64 prox(y/ies), sticky session re-minted -> session-cap1786756331w10
EXIT=0
EXIT=0
EXIT=0
2026-08-14 21:12:42,307 WARNING challenge not cleared for contest_id=884366 -- bundle not written
captured=1 skipped=175 failed=0
2026-08-14 21:12:43,110 WARNING challenge not cleared for contest_id=892899 -- bundle not written
EXIT=0
2026-08-14 21:12:44,761 WARNING challenge not cleared for contest_id=890496 -- bundle not written
captured=1 skipped=175 failed=0
2026-08-14 21:12:45,523 WARNING challenge not cleared for contest_id=881687 -- bundle not written
EXIT=0
captured=1 skipped=175 failed=0
captured=1 skipped=175 failed=0
EXIT=0
EXIT=0
2026-08-14 21:12:46,772 WARNING challenge not cleared for contest_id=886551 -- bundle not written
captured=0 skipped=176 failed=1
2026-08-14 21:12:47,435 WARNING challenge not cleared for contest_id=880075 -- bundle not written
EXIT=0
captured=1 skipped=175 failed=0
EXIT=0
captured=1 skipped=175 failed=0
EXIT=0
captured=1 skipped=175 failed=0
EXIT=0
2026-08-14 21:12:49,642 WARNING challenge not cleared for contest_id=891986 -- bundle not written
captured=0 skipped=175 failed=1
2026-08-14 21:12:49,997 WARNING challenge not cleared for contest_id=886815 -- bundle not written
captured=1 skipped=175 failed=0
captured=1 skipped=175 failed=0
EXIT=0
2026-08-14 21:12:50,302 WARNING challenge not cleared for contest_id=878389 -- bundle not written
EXIT=0
EXIT=0
2026-08-14 21:12:50,812 WARNING challenge not cleared for contest_id=881274 -- bundle not written
captured=0 skipped=176 failed=1
2026-08-14 21:12:51,524 WARNING challenge not cleared for contest_id=878413 -- bundle not written
EXIT=0
captured=1 skipped=175 failed=0
EXIT=0
captured=1 skipped=175 failed=0
2026-08-14 21:12:52,188 WARNING challenge not cleared for contest_id=878377 -- bundle not written
captured=1 skipped=175 failed=0
EXIT=0
2026-08-14 21:12:52,748 WARNING challenge not cleared for contest_id=880057 -- bundle not written
EXIT=0
2026-08-14 21:12:53,567 WARNING challenge not cleared for contest_id=887551 -- bundle not written
captured=1 skipped=174 failed=1
EXIT=0
2026-08-14 21:13:15,231 WARNING challenge not cleared for contest_id=888171 -- bundle not written
captured=0 skipped=174 failed=2
EXIT=0
captured=1 skipped=174 failed=1
EXIT=0
captured=1 skipped=174 failed=1
EXIT=0
captured=1 skipped=174 failed=1
EXIT=0
2026-08-14 21:13:22,858 WARNING challenge not cleared for contest_id=883556 -- bundle not written
2026-08-14 21:13:24,160 WARNING challenge not cleared for contest_id=890517 -- bundle not written
2026-08-14 21:13:25,664 WARNING challenge not cleared for contest_id=885830 -- bundle not written
captured=0 skipped=175 failed=2
captured=1 skipped=174 failed=1
EXIT=0
EXIT=0
2026-08-14 21:13:48,842 WARNING challenge not cleared for contest_id=893078 -- bundle not written
captured=1 skipped=173 failed=2
2026-08-14 21:13:49,014 WARNING challenge not cleared for contest_id=893326 -- bundle not written
captured=1 skipped=173 failed=2
EXIT=0
EXIT=0
captured=1 skipped=173 failed=2
EXIT=0
captured=1 skipped=173 failed=2
EXIT=0
2026-08-14 21:14:24,060 WARNING challenge not cleared for contest_id=883522 -- bundle not written
captured=1 skipped=174 failed=1
EXIT=0
[21:14:56] === parse captured bundles -> wbb/json/ ===
log -> logs/parse_20260814_211456.log  (watch: tail -f logs/parse_20260814_211456.log)
seasons=all bundles=93855 pending=22 force=False shard=15/16 assigned=1pparsed=1 failed=0
EXIT=0
[21:15:08] DONE: captured_bundles=93855 parsed_json=93855 (capture rc=0)
[21:15:08] next -> build the -data parquet (Phase 2, not yet built as of this branch):
[21:15:08]   cd /c/Users/saiem/Documents/GitHub-Data/sdv-dev/wehoop-dev/ncaa-wbb-hoops-raw/../ncaa-wbb-hoops-data && python -m ncaa_wbb_data_build build --dataset all --season 2011
EXIT=0
[2026-08-14 21:15:08] season 2011: chunk 1 done, 21 remaining -- cooling 60s (fresh sticky session next)
[21:16:08] NCAA WBB backfill: season=2011 workers=31
[21:16:09] watch this run:  tail -f /c/Users/saiem/Documents/GitHub-Data/sdv-dev/wehoop-dev/ncaa-wbb-hoops-raw/logs/backfill_2011_20260814_211608.log
[21:16:09] === skip discover (season 2011 already in schedule_master; delete wbb/schedule_master.parquet to force) ===
[21:16:09] === capture 2011: 31 worker(s), chunk=400 new bundles per worker ===
transport: NCAA_VENDOR=decodo_patchright (canary_vendors.toml; ProxyBonanza not used)
transport: NCAA_VENDOR=decodo_patchright (canary_vendors.toml; ProxyBonanza not used)
transport: NCAA_VENDOR=decodo_patchright (canary_vendors.toml; ProxyBonanza not used)
transport: NCAA_VENDOR=decodo_patchright (canary_vendors.toml; ProxyBonanza not used)
transport: NCAA_VENDOR=decodo_patchright (canary_vendors.toml; ProxyBonanza not used)
log -> logs/capture_20260814_211609.log  (watch: tail -f logs/capture_20260814_211609.log)
transport: NCAA_VENDOR=decodo_patchright (canary_vendors.toml; ProxyBonanza not used)
log -> logs/capture_20260814_211609.log  (watch: tail -f logs/capture_20260814_211609.log)
transport: NCAA_VENDOR=decodo_patchright (canary_vendors.toml; ProxyBonanza not used)
transport: NCAA_VENDOR=decodo_patchright (canary_vendors.toml; ProxyBonanza not used)
log -> logs/capture_20260814_211609.log  (watch: tail -f logs/capture_20260814_211609.log)
log -> logs/capture_20260814_211609.log  (watch: tail -f logs/capture_20260814_211609.log)
transport: NCAA_VENDOR=decodo_patchright (canary_vendors.toml; ProxyBonanza not used)
log -> logs/capture_20260814_211609.log  (watch: tail -f logs/capture_20260814_211609.log)
transport: NCAA_VENDOR=decodo_patchright (canary_vendors.toml; ProxyBonanza not used)
transport: NCAA_VENDOR=decodo_patchright (canary_vendors.toml; ProxyBonanza not used)
transport: NCAA_VENDOR=decodo_patchright (canary_vendors.toml; ProxyBonanza not used)
transport: NCAA_VENDOR=decodo_patchright (canary_vendors.toml; ProxyBonanza not used)
transport: NCAA_VENDOR=decodo_patchright (canary_vendors.toml; ProxyBonanza not used)
log -> logs/capture_20260814_211609.log  (watch: tail -f logs/capture_20260814_211609.log)
log -> logs/capture_20260814_211609.log  (watch: tail -f logs/capture_20260814_211609.log)
log -> logs/capture_20260814_211609.log  (watch: tail -f logs/capture_20260814_211609.log)
transport: NCAA_VENDOR=decodo_patchright (canary_vendors.toml; ProxyBonanza not used)
transport: NCAA_VENDOR=decodo_patchright (canary_vendors.toml; ProxyBonanza not used)
log -> logs/capture_20260814_211609.log  (watch: tail -f logs/capture_20260814_211609.log)
transport: NCAA_VENDOR=decodo_patchright (canary_vendors.toml; ProxyBonanza not used)
log -> logs/capture_20260814_211609.log  (watch: tail -f logs/capture_20260814_211609.log)
log -> logs/capture_20260814_211609.log  (watch: tail -f logs/capture_20260814_211609.log)
transport: NCAA_VENDOR=decodo_patchright (canary_vendors.toml; ProxyBonanza not used)
transport: NCAA_VENDOR=decodo_patchright (canary_vendors.toml; ProxyBonanza not used)
transport: NCAA_VENDOR=decodo_patchright (canary_vendors.toml; ProxyBonanza not used)
log -> logs/capture_20260814_211609.log  (watch: tail -f logs/capture_20260814_211609.log)
transport: NCAA_VENDOR=decodo_patchright (canary_vendors.toml; ProxyBonanza not used)
log -> logs/capture_20260814_211609.log  (watch: tail -f logs/capture_20260814_211609.log)
log -> logs/capture_20260814_211609.log  (watch: tail -f logs/capture_20260814_211609.log)
transport: NCAA_VENDOR=decodo_patchright (canary_vendors.toml; ProxyBonanza not used)
log -> logs/capture_20260814_211609.log  (watch: tail -f logs/capture_20260814_211609.log)
log -> logs/capture_20260814_211609.log  (watch: tail -f logs/capture_20260814_211609.log)
transport: NCAA_VENDOR=decodo_patchright (canary_vendors.toml; ProxyBonanza not used)
transport: NCAA_VENDOR=decodo_patchright (canary_vendors.toml; ProxyBonanza not used)
log -> logs/capture_20260814_211609.log  (watch: tail -f logs/capture_20260814_211609.log)
transport: NCAA_VENDOR=decodo_patchright (canary_vendors.toml; ProxyBonanza not used)
log -> logs/capture_20260814_211609.log  (watch: tail -f logs/capture_20260814_211609.log)
log -> logs/capture_20260814_211609.log  (watch: tail -f logs/capture_20260814_211609.log)
transport: NCAA_VENDOR=decodo_patchright (canary_vendors.toml; ProxyBonanza not used)
log -> logs/capture_20260814_211609.log  (watch: tail -f logs/capture_20260814_211609.log)
log -> logs/capture_20260814_211609.log  (watch: tail -f logs/capture_20260814_211609.log)
log -> logs/capture_20260814_211609.log  (watch: tail -f logs/capture_20260814_211609.log)
transport: NCAA_VENDOR=decodo_patchright (canary_vendors.toml; ProxyBonanza not used)
log -> logs/capture_20260814_211609.log  (watch: tail -f logs/capture_20260814_211609.log)
transport: NCAA_VENDOR=decodo_patchright (canary_vendors.toml; ProxyBonanza not used)
transport: NCAA_VENDOR=decodo_patchright (canary_vendors.toml; ProxyBonanza not used)
transport: NCAA_VENDOR=decodo_patchright (canary_vendors.toml; ProxyBonanza not used)
log -> logs/capture_20260814_211609.log  (watch: tail -f logs/capture_20260814_211609.log)
log -> logs/capture_20260814_211609.log  (watch: tail -f logs/capture_20260814_211609.log)
log -> logs/capture_20260814_211609.log  (watch: tail -f logs/capture_20260814_211609.log)
transport: NCAA_VENDOR=decodo_patchright (canary_vendors.toml; ProxyBonanza not used)
log -> logs/capture_20260814_211610.log  (watch: tail -f logs/capture_20260814_211610.log)
log -> logs/capture_20260814_211610.log  (watch: tail -f logs/capture_20260814_211610.log)
log -> logs/capture_20260814_211610.log  (watch: tail -f logs/capture_20260814_211610.log)
log -> logs/capture_20260814_211610.log  (watch: tail -f logs/capture_20260814_211610.log)
log -> logs/capture_20260814_211610.log  (watch: tail -f logs/capture_20260814_211610.log)
pending=5461 shard=4/31 assigned=177
transport: canary vendor 'decodo_patchright'
2026-08-14 21:16:14,574 INFO vendor decodo_patchright: 64 prox(y/ies), sticky session re-minted -> session-cap1786756574w4
captured=0 skipped=177 failed=0
pending=5461 shard=7/31 assigned=176
transport: canary vendor 'decodo_patchright'
2026-08-14 21:16:14,609 INFO vendor decodo_patchright: 64 prox(y/ies), sticky session re-minted -> session-cap1786756574w7
pending=5461 shard=11/31 assigned=176
transport: canary vendor 'decodo_patchright'
2026-08-14 21:16:14,847 INFO vendor decodo_patchright: 64 prox(y/ies), sticky session re-minted -> session-cap1786756574w11
captured=0 skipped=176 failed=0
pending=5461 shard=0/31 assigned=177
transport: canary vendor 'decodo_patchright'
2026-08-14 21:16:15,246 INFO vendor decodo_patchright: 64 prox(y/ies), sticky session re-minted -> session-cap1786756575w0
pending=5461 shard=5/31 assigned=176
transport: canary vendor 'decodo_patchright'
pending=5461 shard=19/31 assigned=176
transport: canary vendor 'decodo_patchright'
2026-08-14 21:16:15,549 INFO vendor decodo_patchright: 64 prox(y/ies), sticky session re-minted -> session-cap1786756575w5
captured=0 skipped=176 failed=0
2026-08-14 21:16:15,562 INFO vendor decodo_patchright: 64 prox(y/ies), sticky session re-minted -> session-cap1786756575w19
pending=5461 shard=22/31 assigned=176
transport: canary vendor 'decodo_patchright'
2026-08-14 21:16:15,796 INFO vendor decodo_patchright: 64 prox(y/ies), sticky session re-minted -> session-cap1786756575w22
EXIT=0
EXIT=0
EXIT=0
pending=5461 shard=3/31 assigned=177
transport: canary vendor 'decodo_patchright'
2026-08-14 21:16:17,105 INFO vendor decodo_patchright: 64 prox(y/ies), sticky session re-minted -> session-cap1786756577w3
pending=5461 shard=16/31 assigned=176
transport: canary vendor 'decodo_patchright'
pending=5461 shard=21/31 assigned=176
transport: canary vendor 'decodo_patchright'
pending=5461 shard=13/31 assigned=176
transport: canary vendor 'decodo_patchright'
pending=5461 shard=29/31 assigned=176
transport: canary vendor 'decodo_patchright'
2026-08-14 21:16:17,308 INFO vendor decodo_patchright: 64 prox(y/ies), sticky session re-minted -> session-cap1786756577w16
captured=0 skipped=176 failed=0
pending=5461 shard=14/31 assigned=176
transport: canary vendor 'decodo_patchright'
2026-08-14 21:16:17,355 INFO vendor decodo_patchright: 64 prox(y/ies), sticky session re-minted -> session-cap1786756577w14
2026-08-14 21:16:17,353 INFO vendor decodo_patchright: 64 prox(y/ies), sticky session re-minted -> session-cap1786756577w21
2026-08-14 21:16:17,406 INFO vendor decodo_patchright: 64 prox(y/ies), sticky session re-minted -> session-cap1786756577w29
2026-08-14 21:16:17,457 INFO vendor decodo_patchright: 64 prox(y/ies), sticky session re-minted -> session-cap1786756577w13
pending=5461 shard=18/31 assigned=176
transport: canary vendor 'decodo_patchright'
2026-08-14 21:16:17,678 INFO vendor decodo_patchright: 64 prox(y/ies), sticky session re-minted -> session-cap1786756577w18
pending=5461 shard=8/31 assigned=176
transport: canary vendor 'decodo_patchright'
2026-08-14 21:16:17,919 INFO vendor decodo_patchright: 64 prox(y/ies), sticky session re-minted -> session-cap1786756577w8
captured=0 skipped=176 failed=0
pending=5461 shard=10/31 assigned=176
transport: canary vendor 'decodo_patchright'
2026-08-14 21:16:17,962 INFO vendor decodo_patchright: 64 prox(y/ies), sticky session re-minted -> session-cap1786756577w10
captured=0 skipped=176 failed=0
pending=5461 shard=9/31 assigned=176
transport: canary vendor 'decodo_patchright'
2026-08-14 21:16:18,439 INFO vendor decodo_patchright: 64 prox(y/ies), sticky session re-minted -> session-cap1786756578w9
captured=0 skipped=176 failed=0
pending=5461 shard=28/31 assigned=176
transport: canary vendor 'decodo_patchright'
EXIT=0
2026-08-14 21:16:18,489 INFO vendor decodo_patchright: 64 prox(y/ies), sticky session re-minted -> session-cap1786756578w28
captured=0 skipped=176 failed=0
pending=5461 shard=25/31 assigned=176
transport: canary vendor 'decodo_patchright'
2026-08-14 21:16:18,651 INFO vendor decodo_patchright: 64 prox(y/ies), sticky session re-minted -> session-cap1786756578w25
captured=0 skipped=176 failed=0
pending=5461 shard=2/31 assigned=177
transport: canary vendor 'decodo_patchright'
2026-08-14 21:16:18,742 INFO vendor decodo_patchright: 64 prox(y/ies), sticky session re-minted -> session-cap1786756578w2
captured=0 skipped=177 failed=0
EXIT=0
pending=5461 shard=15/31 assigned=176
transport: canary vendor 'decodo_patchright'
2026-08-14 21:16:18,879 INFO vendor decodo_patchright: 64 prox(y/ies), sticky session re-minted -> session-cap1786756578w15
pending=5461 shard=27/31 assigned=176
transport: canary vendor 'decodo_patchright'
2026-08-14 21:16:18,891 INFO vendor decodo_patchright: 64 prox(y/ies), sticky session re-minted -> session-cap1786756578w27
pending=5461 shard=17/31 assigned=176
transport: canary vendor 'decodo_patchright'
2026-08-14 21:16:18,913 INFO vendor decodo_patchright: 64 prox(y/ies), sticky session re-minted -> session-cap1786756578w17
captured=0 skipped=176 failed=0
pending=5461 shard=30/31 assigned=176
transport: canary vendor 'decodo_patchright'
2026-08-14 21:16:19,142 INFO vendor decodo_patchright: 64 prox(y/ies), sticky session re-minted -> session-cap1786756579w30
captured=0 skipped=176 failed=0
pending=5461 shard=26/31 assigned=176
transport: canary vendor 'decodo_patchright'
2026-08-14 21:16:19,268 INFO vendor decodo_patchright: 64 prox(y/ies), sticky session re-minted -> session-cap1786756579w26
pending=5461 shard=6/31 assigned=176
transport: canary vendor 'decodo_patchright'
2026-08-14 21:16:19,268 INFO vendor decodo_patchright: 64 prox(y/ies), sticky session re-minted -> session-cap1786756579w6
captured=0 skipped=176 failed=0
pending=5461 shard=24/31 assigned=176
transport: canary vendor 'decodo_patchright'
pending=5461 shard=1/31 assigned=177
transport: canary vendor 'decodo_patchright'
EXIT=0
pending=5461 shard=20/31 assigned=176
transport: canary vendor 'decodo_patchright'
2026-08-14 21:16:19,506 INFO vendor decodo_patchright: 64 prox(y/ies), sticky session re-minted -> session-cap1786756579w1
2026-08-14 21:16:19,503 INFO vendor decodo_patchright: 64 prox(y/ies), sticky session re-minted -> session-cap1786756579w24
pending=5461 shard=12/31 assigned=176
transport: canary vendor 'decodo_patchright'
2026-08-14 21:16:19,632 INFO vendor decodo_patchright: 64 prox(y/ies), sticky session re-minted -> session-cap1786756579w20
captured=0 skipped=176 failed=0
pending=5461 shard=23/31 assigned=176
transport: canary vendor 'decodo_patchright'
2026-08-14 21:16:19,698 INFO vendor decodo_patchright: 64 prox(y/ies), sticky session re-minted -> session-cap1786756579w23
captured=0 skipped=176 failed=0
2026-08-14 21:16:19,752 INFO vendor decodo_patchright: 64 prox(y/ies), sticky session re-minted -> session-cap1786756579w12
captured=0 skipped=176 failed=0
EXIT=0
EXIT=0
EXIT=0
EXIT=0
EXIT=0
EXIT=0
EXIT=0
EXIT=0
EXIT=0
EXIT=0
2026-08-14 21:16:48,264 WARNING challenge not cleared for contest_id=880057 -- bundle not written
2026-08-14 21:16:50,780 WARNING challenge not cleared for contest_id=890496 -- bundle not written
2026-08-14 21:16:51,082 WARNING challenge not cleared for contest_id=878389 -- bundle not written
2026-08-14 21:16:51,943 WARNING challenge not cleared for contest_id=886551 -- bundle not written
2026-08-14 21:16:52,054 WARNING challenge not cleared for contest_id=880075 -- bundle not written
captured=0 skipped=176 failed=1
captured=0 skipped=175 failed=1
EXIT=0
EXIT=0
2026-08-14 21:16:53,260 WARNING challenge not cleared for contest_id=891986 -- bundle not written
captured=0 skipped=175 failed=1
EXIT=0
2026-08-14 21:16:53,972 WARNING challenge not cleared for contest_id=892899 -- bundle not written
captured=0 skipped=175 failed=1
2026-08-14 21:16:54,348 WARNING challenge not cleared for contest_id=881687 -- bundle not written
EXIT=0
captured=0 skipped=175 failed=1
EXIT=0
2026-08-14 21:16:54,855 WARNING challenge not cleared for contest_id=886815 -- bundle not written
captured=0 skipped=175 failed=1
EXIT=0
2026-08-14 21:16:55,858 WARNING challenge not cleared for contest_id=884366 -- bundle not written
2026-08-14 21:16:55,973 WARNING challenge not cleared for contest_id=878413 -- bundle not written
2026-08-14 21:16:57,412 WARNING challenge not cleared for contest_id=881274 -- bundle not written
captured=0 skipped=176 failed=1
2026-08-14 21:16:57,768 WARNING challenge not cleared for contest_id=878377 -- bundle not written
EXIT=0
2026-08-14 21:16:59,983 WARNING challenge not cleared for contest_id=887551 -- bundle not written
captured=0 skipped=175 failed=1
EXIT=0
2026-08-14 21:17:16,840 WARNING challenge not cleared for contest_id=885830 -- bundle not written
captured=0 skipped=175 failed=2
EXIT=0
2026-08-14 21:17:20,623 WARNING challenge not cleared for contest_id=893326 -- bundle not written
captured=0 skipped=174 failed=2
EXIT=0
2026-08-14 21:17:21,876 WARNING challenge not cleared for contest_id=893078 -- bundle not written
captured=0 skipped=174 failed=2
EXIT=0
2026-08-14 21:17:25,164 WARNING challenge not cleared for contest_id=883522 -- bundle not written
captured=0 skipped=175 failed=1
EXIT=0
2026-08-14 21:17:27,534 WARNING challenge not cleared for contest_id=883556 -- bundle not written
captured=0 skipped=174 failed=2
EXIT=0
2026-08-14 21:17:28,361 WARNING challenge not cleared for contest_id=888171 -- bundle not written
captured=0 skipped=174 failed=2
EXIT=0
2026-08-14 21:17:29,934 WARNING challenge not cleared for contest_id=890517 -- bundle not written
captured=0 skipped=174 failed=2
EXIT=0
[21:17:30] === parse captured bundles -> wbb/json/ ===
log -> logs/parse_20260814_211730.log  (watch: tail -f logs/parse_20260814_211730.log)
seasons=all bundles=93855 pending=0 force=False shard=12/16 assigned=0
parsed=0 failed=0
EXIT=0
[21:17:42] DONE: captured_bundles=93855 parsed_json=93855 (capture rc=0)
[21:17:42] next -> build the -data parquet (Phase 2, not yet built as of this branch):
[21:17:42]   cd /c/Users/saiem/Documents/GitHub-Data/sdv-dev/wehoop-dev/ncaa-wbb-hoops-raw/../ncaa-wbb-hoops-data && python -m ncaa_wbb_data_build build --dataset all --season 2011
EXIT=0
[2026-08-14 21:17:42] season 2011: round 2 captured nothing (21 left, un-capturable) -- treating as done
[2026-08-14 21:17:42] === season 2010 ===
[21:17:43] NCAA WBB backfill: season=2010 workers=31
[21:17:43] watch this run:  tail -f /c/Users/saiem/Documents/GitHub-Data/sdv-dev/wehoop-dev/ncaa-wbb-hoops-raw/logs/backfill_2010_20260814_211742.log
[21:17:43] === skip discover (season 2010 already in schedule_master; delete wbb/schedule_master.parquet to force) ===
[21:17:43] === capture 2010: 31 worker(s), chunk=400 new bundles per worker ===
transport: NCAA_VENDOR=decodo_patchright (canary_vendors.toml; ProxyBonanza not used)
transport: NCAA_VENDOR=decodo_patchright (canary_vendors.toml; ProxyBonanza not used)
transport: NCAA_VENDOR=decodo_patchright (canary_vendors.toml; ProxyBonanza not used)
transport: NCAA_VENDOR=decodo_patchright (canary_vendors.toml; ProxyBonanza not used)
transport: NCAA_VENDOR=decodo_patchright (canary_vendors.toml; ProxyBonanza not used)
transport: NCAA_VENDOR=decodo_patchright (canary_vendors.toml; ProxyBonanza not used)
log -> logs/capture_20260814_211743.log  (watch: tail -f logs/capture_20260814_211743.log)
transport: NCAA_VENDOR=decodo_patchright (canary_vendors.toml; ProxyBonanza not used)
transport: NCAA_VENDOR=decodo_patchright (canary_vendors.toml; ProxyBonanza not used)
log -> logs/capture_20260814_211743.log  (watch: tail -f logs/capture_20260814_211743.log)
log -> logs/capture_20260814_211743.log  (watch: tail -f logs/capture_20260814_211743.log)
transport: NCAA_VENDOR=decodo_patchright (canary_vendors.toml; ProxyBonanza not used)
log -> logs/capture_20260814_211743.log  (watch: tail -f logs/capture_20260814_211743.log)
transport: NCAA_VENDOR=decodo_patchright (canary_vendors.toml; ProxyBonanza not used)
log -> logs/capture_20260814_211743.log  (watch: tail -f logs/capture_20260814_211743.log)
log -> logs/capture_20260814_211743.log  (watch: tail -f logs/capture_20260814_211743.log)
transport: NCAA_VENDOR=decodo_patchright (canary_vendors.toml; ProxyBonanza not used)
transport: NCAA_VENDOR=decodo_patchright (canary_vendors.toml; ProxyBonanza not used)
log -> logs/capture_20260814_211743.log  (watch: tail -f logs/capture_20260814_211743.log)
transport: NCAA_VENDOR=decodo_patchright (canary_vendors.toml; ProxyBonanza not used)
log -> logs/capture_20260814_211743.log  (watch: tail -f logs/capture_20260814_211743.log)
log -> logs/capture_20260814_211743.log  (watch: tail -f logs/capture_20260814_211743.log)
transport: NCAA_VENDOR=decodo_patchright (canary_vendors.toml; ProxyBonanza not used)
log -> logs/capture_20260814_211743.log  (watch: tail -f logs/capture_20260814_211743.log)
transport: NCAA_VENDOR=decodo_patchright (canary_vendors.toml; ProxyBonanza not used)
transport: NCAA_VENDOR=decodo_patchright (canary_vendors.toml; ProxyBonanza not used)
transport: NCAA_VENDOR=decodo_patchright (canary_vendors.toml; ProxyBonanza not used)
log -> logs/capture_20260814_211743.log  (watch: tail -f logs/capture_20260814_211743.log)
log -> logs/capture_20260814_211743.log  (watch: tail -f logs/capture_20260814_211743.log)
transport: NCAA_VENDOR=decodo_patchright (canary_vendors.toml; ProxyBonanza not used)
log -> logs/capture_20260814_211743.log  (watch: tail -f logs/capture_20260814_211743.log)
transport: NCAA_VENDOR=decodo_patchright (canary_vendors.toml; ProxyBonanza not used)
transport: NCAA_VENDOR=decodo_patchright (canary_vendors.toml; ProxyBonanza not used)
log -> logs/capture_20260814_211743.log  (watch: tail -f logs/capture_20260814_211743.log)
transport: NCAA_VENDOR=decodo_patchright (canary_vendors.toml; ProxyBonanza not used)
log -> logs/capture_20260814_211743.log  (watch: tail -f logs/capture_20260814_211743.log)
log -> logs/capture_20260814_211743.log  (watch: tail -f logs/capture_20260814_211743.log)
transport: NCAA_VENDOR=decodo_patchright (canary_vendors.toml; ProxyBonanza not used)
transport: NCAA_VENDOR=decodo_patchright (canary_vendors.toml; ProxyBonanza not used)
log -> logs/capture_20260814_211743.log  (watch: tail -f logs/capture_20260814_211743.log)
transport: NCAA_VENDOR=decodo_patchright (canary_vendors.toml; ProxyBonanza not used)
transport: NCAA_VENDOR=decodo_patchright (canary_vendors.toml; ProxyBonanza not used)
log -> logs/capture_20260814_211743.log  (watch: tail -f logs/capture_20260814_211743.log)
transport: NCAA_VENDOR=decodo_patchright (canary_vendors.toml; ProxyBonanza not used)
transport: NCAA_VENDOR=decodo_patchright (canary_vendors.toml; ProxyBonanza not used)
transport: NCAA_VENDOR=decodo_patchright (canary_vendors.toml; ProxyBonanza not used)
log -> logs/capture_20260814_211743.log  (watch: tail -f logs/capture_20260814_211743.log)
log -> logs/capture_20260814_211743.log  (watch: tail -f logs/capture_20260814_211743.log)
transport: NCAA_VENDOR=decodo_patchright (canary_vendors.toml; ProxyBonanza not used)
log -> logs/capture_20260814_211743.log  (watch: tail -f logs/capture_20260814_211743.log)
transport: NCAA_VENDOR=decodo_patchright (canary_vendors.toml; ProxyBonanza not used)
log -> logs/capture_20260814_211743.log  (watch: tail -f logs/capture_20260814_211743.log)
transport: NCAA_VENDOR=decodo_patchright (canary_vendors.toml; ProxyBonanza not used)
log -> logs/capture_20260814_211743.log  (watch: tail -f logs/capture_20260814_211743.log)
log -> logs/capture_20260814_211743.log  (watch: tail -f logs/capture_20260814_211743.log)
log -> logs/capture_20260814_211743.log  (watch: tail -f logs/capture_20260814_211743.log)
log -> logs/capture_20260814_211743.log  (watch: tail -f logs/capture_20260814_211743.log)
log -> logs/capture_20260814_211743.log  (watch: tail -f logs/capture_20260814_211743.log)
log -> logs/capture_20260814_211743.log  (watch: tail -f logs/capture_20260814_211743.log)
log -> logs/capture_20260814_211743.log  (watch: tail -f logs/capture_20260814_211743.log)
log -> logs/capture_20260814_211743.log  (watch: tail -f logs/capture_20260814_211743.log)
log -> logs/capture_20260814_211743.log  (watch: tail -f logs/capture_20260814_211743.log)
pending=5452 shard=20/31 assigned=176
transport: canary vendor 'decodo_patchright'
2026-08-14 21:17:48,882 INFO vendor decodo_patchright: 64 prox(y/ies), sticky session re-minted -> session-cap1786756668w20
pending=5452 shard=17/31 assigned=176
transport: canary vendor 'decodo_patchright'
2026-08-14 21:17:48,995 INFO vendor decodo_patchright: 64 prox(y/ies), sticky session re-minted -> session-cap1786756668w17
pending=5452 shard=10/31 assigned=176
transport: canary vendor 'decodo_patchright'
2026-08-14 21:17:49,310 INFO vendor decodo_patchright: 64 prox(y/ies), sticky session re-minted -> session-cap1786756669w10
pending=5452 shard=25/31 assigned=176
transport: canary vendor 'decodo_patchright'
2026-08-14 21:17:49,501 INFO vendor decodo_patchright: 64 prox(y/ies), sticky session re-minted -> session-cap1786756669w25
pending=5452 shard=13/31 assigned=176
transport: canary vendor 'decodo_patchright'
2026-08-14 21:17:50,418 INFO vendor decodo_patchright: 64 prox(y/ies), sticky session re-minted -> session-cap1786756670w13
pending=5452 shard=15/31 assigned=176
transport: canary vendor 'decodo_patchright'
2026-08-14 21:17:50,428 INFO vendor decodo_patchright: 64 prox(y/ies), sticky session re-minted -> session-cap1786756670w15
pending=5452 shard=22/31 assigned=176
transport: canary vendor 'decodo_patchright'
2026-08-14 21:17:50,483 INFO vendor decodo_patchright: 64 prox(y/ies), sticky session re-minted -> session-cap1786756670w22
pending=5452 shard=18/31 assigned=176
transport: canary vendor 'decodo_patchright'
2026-08-14 21:17:50,512 INFO vendor decodo_patchright: 64 prox(y/ies), sticky session re-minted -> session-cap1786756670w18
pending=5452 shard=0/31 assigned=176
transport: canary vendor 'decodo_patchright'
2026-08-14 21:17:50,804 INFO vendor decodo_patchright: 64 prox(y/ies), sticky session re-minted -> session-cap1786756670w0
pending=5452 shard=27/31 assigned=175
transport: canary vendor 'decodo_patchright'
2026-08-14 21:17:51,275 INFO vendor decodo_patchright: 64 prox(y/ies), sticky session re-minted -> session-cap1786756671w27
pending=5452 shard=19/31 assigned=176
transport: canary vendor 'decodo_patchright'
2026-08-14 21:17:51,772 INFO vendor decodo_patchright: 64 prox(y/ies), sticky session re-minted -> session-cap1786756671w19
pending=5452 shard=3/31 assigned=176
transport: canary vendor 'decodo_patchright'
2026-08-14 21:17:51,843 INFO vendor decodo_patchright: 64 prox(y/ies), sticky session re-minted -> session-cap1786756671w3
pending=5452 shard=12/31 assigned=176
transport: canary vendor 'decodo_patchright'
2026-08-14 21:17:52,077 INFO vendor decodo_patchright: 64 prox(y/ies), sticky session re-minted -> session-cap1786756672w12
pending=5452 shard=14/31 assigned=176
transport: canary vendor 'decodo_patchright'
2026-08-14 21:17:52,328 INFO vendor decodo_patchright: 64 prox(y/ies), sticky session re-minted -> session-cap1786756672w14
pending=5452 shard=9/31 assigned=176
transport: canary vendor 'decodo_patchright'
2026-08-14 21:17:52,965 INFO vendor decodo_patchright: 64 prox(y/ies), sticky session re-minted -> session-cap1786756672w9
pending=5452 shard=11/31 assigned=176
transport: canary vendor 'decodo_patchright'
2026-08-14 21:17:53,144 INFO vendor decodo_patchright: 64 prox(y/ies), sticky session re-minted -> session-cap1786756673w11
pending=5452 shard=2/31 assigned=176
transport: canary vendor 'decodo_patchright'
2026-08-14 21:17:53,683 INFO vendor decodo_patchright: 64 prox(y/ies), sticky session re-minted -> session-cap1786756673w2
pending=5452 shard=5/31 assigned=176
transport: canary vendor 'decodo_patchright'
2026-08-14 21:17:54,455 INFO vendor decodo_patchright: 64 prox(y/ies), sticky session re-minted -> session-cap1786756674w5
pending=5452 shard=24/31 assigned=176
transport: canary vendor 'decodo_patchright'
2026-08-14 21:17:54,585 INFO vendor decodo_patchright: 64 prox(y/ies), sticky session re-minted -> session-cap1786756674w24
pending=5452 shard=7/31 assigned=176
transport: canary vendor 'decodo_patchright'
2026-08-14 21:17:54,579 INFO vendor decodo_patchright: 64 prox(y/ies), sticky session re-minted -> session-cap1786756674w7
pending=5452 shard=6/31 assigned=176
transport: canary vendor 'decodo_patchright'
2026-08-14 21:17:54,629 INFO vendor decodo_patchright: 64 prox(y/ies), sticky session re-minted -> session-cap1786756674w6
pending=5452 shard=26/31 assigned=176
transport: canary vendor 'decodo_patchright'
2026-08-14 21:17:54,747 INFO vendor decodo_patchright: 64 prox(y/ies), sticky session re-minted -> session-cap1786756674w26
pending=5452 shard=1/31 assigned=176
transport: canary vendor 'decodo_patchright'
2026-08-14 21:17:54,936 INFO vendor decodo_patchright: 64 prox(y/ies), sticky session re-minted -> session-cap1786756674w1
pending=5452 shard=30/31 assigned=175
transport: canary vendor 'decodo_patchright'
2026-08-14 21:17:54,965 INFO vendor decodo_patchright: 64 prox(y/ies), sticky session re-minted -> session-cap1786756674w30
pending=5452 shard=4/31 assigned=176
transport: canary vendor 'decodo_patchright'
2026-08-14 21:17:55,085 INFO vendor decodo_patchright: 64 prox(y/ies), sticky session re-minted -> session-cap1786756675w4
pending=5452 shard=28/31 assigned=175
transport: canary vendor 'decodo_patchright'
2026-08-14 21:17:55,311 INFO vendor decodo_patchright: 64 prox(y/ies), sticky session re-minted -> session-cap1786756675w28
pending=5452 shard=23/31 assigned=176
transport: canary vendor 'decodo_patchright'
2026-08-14 21:17:55,455 INFO vendor decodo_patchright: 64 prox(y/ies), sticky session re-minted -> session-cap1786756675w23
pending=5452 shard=21/31 assigned=176
transport: canary vendor 'decodo_patchright'
pending=5452 shard=8/31 assigned=176
transport: canary vendor 'decodo_patchright'
2026-08-14 21:17:55,521 INFO vendor decodo_patchright: 64 prox(y/ies), sticky session re-minted -> session-cap1786756675w8
pending=5452 shard=29/31 assigned=175
transport: canary vendor 'decodo_patchright'
2026-08-14 21:17:55,695 INFO vendor decodo_patchright: 64 prox(y/ies), sticky session re-minted -> session-cap1786756675w21
2026-08-14 21:17:55,924 INFO vendor decodo_patchright: 64 prox(y/ies), sticky session re-minted -> session-cap1786756675w29
pending=5452 shard=16/31 assigned=176
transport: canary vendor 'decodo_patchright'
2026-08-14 21:17:56,922 INFO vendor decodo_patchright: 64 prox(y/ies), sticky session re-minted -> session-cap1786756676w16
2026-08-14 21:18:23,866 WARNING challenge not cleared for contest_id=1352798 -- bundle not written
2026-08-14 21:18:25,642 WARNING challenge not cleared for contest_id=1357627 -- bundle not written
2026-08-14 21:18:25,657 WARNING challenge not cleared for contest_id=1345457 -- bundle not written
2026-08-14 21:18:25,970 WARNING challenge not cleared for contest_id=1356201 -- bundle not written
2026-08-14 21:18:26,289 WARNING challenge not cleared for contest_id=1358217 -- bundle not written
captured=0 skipped=175 failed=1
EXIT=0
2026-08-14 21:18:27,833 WARNING challenge not cleared for contest_id=1349667 -- bundle not written
captured=1 skipped=175 failed=0
EXIT=0
2026-08-14 21:18:28,529 WARNING challenge not cleared for contest_id=1354527 -- bundle not written
2026-08-14 21:18:29,091 WARNING challenge not cleared for contest_id=1351067 -- bundle not written
2026-08-14 21:18:29,374 WARNING challenge not cleared for contest_id=1343476 -- bundle not written
captured=1 skipped=175 failed=0
EXIT=0
2026-08-14 21:18:30,374 WARNING challenge not cleared for contest_id=1352147 -- bundle not written
2026-08-14 21:18:31,515 WARNING challenge not cleared for contest_id=1353127 -- bundle not written
2026-08-14 21:18:31,671 WARNING challenge not cleared for contest_id=1344511 -- bundle not written
2026-08-14 21:18:31,759 WARNING challenge not cleared for contest_id=1353473 -- bundle not written
2026-08-14 21:18:32,665 WARNING challenge not cleared for contest_id=1354962 -- bundle not written
2026-08-14 21:18:33,157 WARNING challenge not cleared for contest_id=1354274 -- bundle not written
2026-08-14 21:18:33,238 WARNING challenge not cleared for contest_id=1348093 -- bundle not written
2026-08-14 21:18:33,679 WARNING challenge not cleared for contest_id=1351681 -- bundle not written
2026-08-14 21:18:33,878 WARNING challenge not cleared for contest_id=1358200 -- bundle not written
2026-08-14 21:18:34,386 WARNING challenge not cleared for contest_id=1353655 -- bundle not written
2026-08-14 21:18:34,442 WARNING challenge not cleared for contest_id=1346536 -- bundle not written
2026-08-14 21:18:34,827 WARNING challenge not cleared for contest_id=1346172 -- bundle not written
2026-08-14 21:18:34,856 WARNING challenge not cleared for contest_id=1357853 -- bundle not written
2026-08-14 21:18:34,876 WARNING challenge not cleared for contest_id=1351724 -- bundle not written
2026-08-14 21:18:37,018 WARNING challenge not cleared for contest_id=1350256 -- bundle not written
2026-08-14 21:18:38,084 WARNING challenge not cleared for contest_id=1353927 -- bundle not written
2026-08-14 21:18:39,041 WARNING challenge not cleared for contest_id=1346275 -- bundle not written
2026-08-14 21:18:39,414 WARNING challenge not cleared for contest_id=1355648 -- bundle not written
2026-08-14 21:18:40,208 WARNING challenge not cleared for contest_id=1355138 -- bundle not written
2026-08-14 21:18:55,371 WARNING challenge not cleared for contest_id=1358399 -- bundle not written
captured=0 skipped=174 failed=2
EXIT=0
2026-08-14 21:18:56,267 WARNING challenge not cleared for contest_id=1350556 -- bundle not written
2026-08-14 21:18:56,851 WARNING challenge not cleared for contest_id=1357636 -- bundle not written
2026-08-14 21:19:00,268 WARNING challenge not cleared for contest_id=1355515 -- bundle not written
2026-08-14 21:19:00,354 WARNING challenge not cleared for contest_id=1353718 -- bundle not written
2026-08-14 21:19:02,764 WARNING challenge not cleared for contest_id=1351985 -- bundle not written
captured=1 skipped=173 failed=1
captured=1 skipped=174 failed=1
2026-08-14 21:19:03,998 WARNING challenge not cleared for contest_id=1351267 -- bundle not written
EXIT=0
EXIT=0
2026-08-14 21:19:04,799 WARNING challenge not cleared for contest_id=1355965 -- bundle not written
captured=1 skipped=174 failed=1
EXIT=0
2026-08-14 21:19:06,015 WARNING challenge not cleared for contest_id=1354665 -- bundle not written
2026-08-14 21:19:06,190 WARNING challenge not cleared for contest_id=1350191 -- bundle not written
2026-08-14 21:19:06,558 WARNING challenge not cleared for contest_id=1353859 -- bundle not written
captured=1 skipped=174 failed=1
captured=1 skipped=174 failed=1
EXIT=0
EXIT=0
captured=1 skipped=174 failed=1
EXIT=0
2026-08-14 21:19:08,443 WARNING challenge not cleared for contest_id=1352802 -- bundle not written
captured=1 skipped=174 failed=1
EXIT=0
2026-08-14 21:19:10,793 WARNING challenge not cleared for contest_id=1354538 -- bundle not written
captured=1 skipped=174 failed=1
EXIT=0
captured=1 skipped=174 failed=1
EXIT=0
2026-08-14 21:19:22,599 WARNING challenge not cleared for contest_id=1358552 -- bundle not written
captured=1 skipped=173 failed=2
EXIT=0
2026-08-14 21:19:24,931 WARNING challenge not cleared for contest_id=1354662 -- bundle not written
2026-08-14 21:19:27,251 WARNING challenge not cleared for contest_id=1358424 -- bundle not written
captured=1 skipped=173 failed=2
EXIT=0
2026-08-14 21:19:28,591 WARNING challenge not cleared for contest_id=1358338 -- bundle not written
captured=1 skipped=173 failed=2
captured=1 skipped=173 failed=2
EXIT=0
EXIT=0
2026-08-14 21:19:30,397 WARNING challenge not cleared for contest_id=1358572 -- bundle not written
captured=1 skipped=173 failed=2
EXIT=0
2026-08-14 21:19:35,390 WARNING challenge not cleared for contest_id=1355541 -- bundle not written
2026-08-14 21:19:35,519 WARNING challenge not cleared for contest_id=1358350 -- bundle not written
captured=1 skipped=172 failed=2
EXIT=0
captured=1 skipped=173 failed=2
EXIT=0
captured=1 skipped=173 failed=2
EXIT=0
captured=1 skipped=173 failed=2
EXIT=0
captured=1 skipped=172 failed=2
EXIT=0
2026-08-14 21:19:39,905 WARNING challenge not cleared for contest_id=1357665 -- bundle not written
captured=1 skipped=173 failed=2
EXIT=0
2026-08-14 21:19:42,598 WARNING challenge not cleared for contest_id=1358707 -- bundle not written
captured=1 skipped=173 failed=2
EXIT=0
captured=1 skipped=172 failed=3
EXIT=0
2026-08-14 21:19:58,380 WARNING challenge not cleared for contest_id=1358392 -- bundle not written
captured=1 skipped=172 failed=3
EXIT=0
2026-08-14 21:20:01,386 WARNING challenge not cleared for contest_id=1358740 -- bundle not written
captured=1 skipped=172 failed=3
EXIT=0
captured=1 skipped=172 failed=2
EXIT=0
2026-08-14 21:20:44,358 WARNING challenge not cleared for contest_id=1358185 -- bundle not written
captured=1 skipped=171 failed=4
EXIT=0
captured=1 skipped=173 failed=2
EXIT=0
[21:21:49] === parse captured bundles -> wbb/json/ ===
log -> logs/parse_20260814_212149.log  (watch: tail -f logs/parse_20260814_212149.log)
2026-08-14 21:22:00,265 INFO ncaa_identity: contest_id=1357882 season=2010 league=wbb -- teams rosters not built; ids emitted as nulls2026-08-14 21:22:01,051 INFO ncaa_identity: contest_id=1358299 season=2010 league=wbb -- teams rosters not built; ids emitted as nulls
2026-08-14 21:22:01,055 INFO ncaa_identity: contest_id=1358299 teams 0/2798 matched, players 0/1106 matched
parsed=2 failed=0
EXIT=0
[21:22:01] DONE: captured_bundles=93884 parsed_json=93884 (capture rc=0)
[21:22:01] next -> build the -data parquet (Phase 2, not yet built as of this branch):
[21:22:01]   cd /c/Users/saiem/Documents/GitHub-Data/sdv-dev/wehoop-dev/ncaa-wbb-hoops-raw/../ncaa-wbb-hoops-data && python -m ncaa_wbb_data_build build --dataset all --season 2010
EXIT=0
[2026-08-14 21:22:02] season 2010: chunk 1 done, 53 remaining -- cooling 60s (fresh sticky session next)
[21:23:02] NCAA WBB backfill: season=2010 workers=31
[21:23:02] watch this run:  tail -f /c/Users/saiem/Documents/GitHub-Data/sdv-dev/wehoop-dev/ncaa-wbb-hoops-raw/logs/backfill_2010_20260814_212302.log
[21:23:02] === skip discover (season 2010 already in schedule_master; delete wbb/schedule_master.parquet to force) ===
[21:23:02] === capture 2010: 31 worker(s), chunk=400 new bundles per worker ===
transport: NCAA_VENDOR=decodo_patchright (canary_vendors.toml; ProxyBonanza not used)
transport: NCAA_VENDOR=decodo_patchright (canary_vendors.toml; ProxyBonanza not used)
transport: NCAA_VENDOR=decodo_patchright (canary_vendors.toml; ProxyBonanza not used)
transport: NCAA_VENDOR=decodo_patchright (canary_vendors.toml; ProxyBonanza not used)
transport: NCAA_VENDOR=decodo_patchright (canary_vendors.toml; ProxyBonanza not used)
transport: NCAA_VENDOR=decodo_patchright (canary_vendors.toml; ProxyBonanza not used)
transport: NCAA_VENDOR=decodo_patchright (canary_vendors.toml; ProxyBonanza not used)
log -> logs/capture_20260814_212302.log  (watch: tail -f logs/capture_20260814_212302.log)
log -> logs/capture_20260814_212302.log  (watch: tail -f logs/capture_20260814_212302.log)
log -> logs/capture_20260814_212302.log  (watch: tail -f logs/capture_20260814_212302.log)
transport: NCAA_VENDOR=decodo_patchright (canary_vendors.toml; ProxyBonanza not used)
log -> logs/capture_20260814_212302.log  (watch: tail -f logs/capture_20260814_212302.log)
transport: NCAA_VENDOR=decodo_patchright (canary_vendors.toml; ProxyBonanza not used)
transport: NCAA_VENDOR=decodo_patchright (canary_vendors.toml; ProxyBonanza not used)
transport: NCAA_VENDOR=decodo_patchright (canary_vendors.toml; ProxyBonanza not used)
log -> logs/capture_20260814_212302.log  (watch: tail -f logs/capture_20260814_212302.log)
log -> logs/capture_20260814_212302.log  (watch: tail -f logs/capture_20260814_212302.log)
log -> logs/capture_20260814_212302.log  (watch: tail -f logs/capture_20260814_212302.log)
transport: NCAA_VENDOR=decodo_patchright (canary_vendors.toml; ProxyBonanza not used)
transport: NCAA_VENDOR=decodo_patchright (canary_vendors.toml; ProxyBonanza not used)
transport: NCAA_VENDOR=decodo_patchright (canary_vendors.toml; ProxyBonanza not used)
transport: NCAA_VENDOR=decodo_patchright (canary_vendors.toml; ProxyBonanza not used)
log -> logs/capture_20260814_212302.log  (watch: tail -f logs/capture_20260814_212302.log)
log -> logs/capture_20260814_212302.log  (watch: tail -f logs/capture_20260814_212302.log)
log -> logs/capture_20260814_212302.log  (watch: tail -f logs/capture_20260814_212302.log)
log -> logs/capture_20260814_212302.log  (watch: tail -f logs/capture_20260814_212302.log)
transport: NCAA_VENDOR=decodo_patchright (canary_vendors.toml; ProxyBonanza not used)
transport: NCAA_VENDOR=decodo_patchright (canary_vendors.toml; ProxyBonanza not used)
transport: NCAA_VENDOR=decodo_patchright (canary_vendors.toml; ProxyBonanza not used)
transport: NCAA_VENDOR=decodo_patchright (canary_vendors.toml; ProxyBonanza not used)
log -> logs/capture_20260814_212303.log  (watch: tail -f logs/capture_20260814_212303.log)
log -> logs/capture_20260814_212303.log  (watch: tail -f logs/capture_20260814_212303.log)
transport: NCAA_VENDOR=decodo_patchright (canary_vendors.toml; ProxyBonanza not used)
transport: NCAA_VENDOR=decodo_patchright (canary_vendors.toml; ProxyBonanza not used)
transport: NCAA_VENDOR=decodo_patchright (canary_vendors.toml; ProxyBonanza not used)
log -> logs/capture_20260814_212303.log  (watch: tail -f logs/capture_20260814_212303.log)
log -> logs/capture_20260814_212303.log  (watch: tail -f logs/capture_20260814_212303.log)
transport: NCAA_VENDOR=decodo_patchright (canary_vendors.toml; ProxyBonanza not used)
log -> logs/capture_20260814_212303.log  (watch: tail -f logs/capture_20260814_212303.log)
transport: NCAA_VENDOR=decodo_patchright (canary_vendors.toml; ProxyBonanza not used)
log -> logs/capture_20260814_212303.log  (watch: tail -f logs/capture_20260814_212303.log)
log -> logs/capture_20260814_212303.log  (watch: tail -f logs/capture_20260814_212303.log)
transport: NCAA_VENDOR=decodo_patchright (canary_vendors.toml; ProxyBonanza not used)
log -> logs/capture_20260814_212303.log  (watch: tail -f logs/capture_20260814_212303.log)
transport: NCAA_VENDOR=decodo_patchright (canary_vendors.toml; ProxyBonanza not used)
transport: NCAA_VENDOR=decodo_patchright (canary_vendors.toml; ProxyBonanza not used)
log -> logs/capture_20260814_212303.log  (watch: tail -f logs/capture_20260814_212303.log)
transport: NCAA_VENDOR=decodo_patchright (canary_vendors.toml; ProxyBonanza not used)
log -> logs/capture_20260814_212303.log  (watch: tail -f logs/capture_20260814_212303.log)
log -> logs/capture_20260814_212303.log  (watch: tail -f logs/capture_20260814_212303.log)
log -> logs/capture_20260814_212303.log  (watch: tail -f logs/capture_20260814_212303.log)
transport: NCAA_VENDOR=decodo_patchright (canary_vendors.toml; ProxyBonanza not used)
transport: NCAA_VENDOR=decodo_patchright (canary_vendors.toml; ProxyBonanza not used)
transport: NCAA_VENDOR=decodo_patchright (canary_vendors.toml; ProxyBonanza not used)
log -> logs/capture_20260814_212303.log  (watch: tail -f logs/capture_20260814_212303.log)
log -> logs/capture_20260814_212303.log  (watch: tail -f logs/capture_20260814_212303.log)
log -> logs/capture_20260814_212303.log  (watch: tail -f logs/capture_20260814_212303.log)
log -> logs/capture_20260814_212303.log  (watch: tail -f logs/capture_20260814_212303.log)
log -> logs/capture_20260814_212303.log  (watch: tail -f logs/capture_20260814_212303.log)
log -> logs/capture_20260814_212303.log  (watch: tail -f logs/capture_20260814_212303.log)
log -> logs/capture_20260814_212303.log  (watch: tail -f logs/capture_20260814_212303.log)
log -> logs/capture_20260814_212303.log  (watch: tail -f logs/capture_20260814_212303.log)
pending=5452 shard=4/31 assigned=176
transport: canary vendor 'decodo_patchright'
2026-08-14 21:23:07,886 INFO vendor decodo_patchright: 64 prox(y/ies), sticky session re-minted -> session-cap1786756987w4
pending=5452 shard=30/31 assigned=175
transport: canary vendor 'decodo_patchright'
2026-08-14 21:23:08,564 INFO vendor decodo_patchright: 64 prox(y/ies), sticky session re-minted -> session-cap1786756988w30
pending=5452 shard=2/31 assigned=176
transport: canary vendor 'decodo_patchright'
2026-08-14 21:23:08,897 INFO vendor decodo_patchright: 64 prox(y/ies), sticky session re-minted -> session-cap1786756988w2
pending=5452 shard=21/31 assigned=176
transport: canary vendor 'decodo_patchright'
2026-08-14 21:23:09,154 INFO vendor decodo_patchright: 64 prox(y/ies), sticky session re-minted -> session-cap1786756989w21
pending=5452 shard=3/31 assigned=176
transport: canary vendor 'decodo_patchright'
2026-08-14 21:23:09,245 INFO vendor decodo_patchright: 64 prox(y/ies), sticky session re-minted -> session-cap1786756989w3
pending=5452 shard=13/31 assigned=176
transport: canary vendor 'decodo_patchright'
2026-08-14 21:23:10,256 INFO vendor decodo_patchright: 64 prox(y/ies), sticky session re-minted -> session-cap1786756990w13
captured=0 skipped=176 failed=0
pending=5452 shard=10/31 assigned=176
transport: canary vendor 'decodo_patchright'
2026-08-14 21:23:10,297 INFO vendor decodo_patchright: 64 prox(y/ies), sticky session re-minted -> session-cap1786756990w10
pending=5452 shard=6/31 assigned=176
transport: canary vendor 'decodo_patchright'
2026-08-14 21:23:10,297 INFO vendor decodo_patchright: 64 prox(y/ies), sticky session re-minted -> session-cap1786756990w6
pending=5452 shard=12/31 assigned=176
transport: canary vendor 'decodo_patchright'
2026-08-14 21:23:10,443 INFO vendor decodo_patchright: 64 prox(y/ies), sticky session re-minted -> session-cap1786756990w12
pending=5452 shard=9/31 assigned=176
transport: canary vendor 'decodo_patchright'
2026-08-14 21:23:10,482 INFO vendor decodo_patchright: 64 prox(y/ies), sticky session re-minted -> session-cap1786756990w9
pending=5452 shard=7/31 assigned=176
transport: canary vendor 'decodo_patchright'
2026-08-14 21:23:10,603 INFO vendor decodo_patchright: 64 prox(y/ies), sticky session re-minted -> session-cap1786756990w7
pending=5452 shard=25/31 assigned=176
transport: canary vendor 'decodo_patchright'
2026-08-14 21:23:10,986 INFO vendor decodo_patchright: 64 prox(y/ies), sticky session re-minted -> session-cap1786756990w25
pending=5452 shard=18/31 assigned=176
transport: canary vendor 'decodo_patchright'
2026-08-14 21:23:11,620 INFO vendor decodo_patchright: 64 prox(y/ies), sticky session re-minted -> session-cap1786756991w18
captured=0 skipped=176 failed=0
pending=5452 shard=5/31 assigned=176
transport: canary vendor 'decodo_patchright'
2026-08-14 21:23:11,703 INFO vendor decodo_patchright: 64 prox(y/ies), sticky session re-minted -> session-cap1786756991w5
pending=5452 shard=16/31 assigned=176
transport: canary vendor 'decodo_patchright'
2026-08-14 21:23:11,797 INFO vendor decodo_patchright: 64 prox(y/ies), sticky session re-minted -> session-cap1786756991w16
EXIT=0
EXIT=0
pending=5452 shard=22/31 assigned=176
transport: canary vendor 'decodo_patchright'
2026-08-14 21:23:14,064 INFO vendor decodo_patchright: 64 prox(y/ies), sticky session re-minted -> session-cap1786756994w22
pending=5452 shard=19/31 assigned=176
transport: canary vendor 'decodo_patchright'
2026-08-14 21:23:14,083 INFO vendor decodo_patchright: 64 prox(y/ies), sticky session re-minted -> session-cap1786756994w19
pending=5452 shard=0/31 assigned=176
transport: canary vendor 'decodo_patchright'
2026-08-14 21:23:14,250 INFO vendor decodo_patchright: 64 prox(y/ies), sticky session re-minted -> session-cap1786756994w0
pending=5452 shard=17/31 assigned=176
transport: canary vendor 'decodo_patchright'
2026-08-14 21:23:14,604 INFO vendor decodo_patchright: 64 prox(y/ies), sticky session re-minted -> session-cap1786756994w17
pending=5452 shard=8/31 assigned=176
transport: canary vendor 'decodo_patchright'
2026-08-14 21:23:14,653 INFO vendor decodo_patchright: 64 prox(y/ies), sticky session re-minted -> session-cap1786756994w8
pending=5452 shard=27/31 assigned=175
transport: canary vendor 'decodo_patchright'
2026-08-14 21:23:14,720 INFO vendor decodo_patchright: 64 prox(y/ies), sticky session re-minted -> session-cap1786756994w27
pending=5452 shard=26/31 assigned=176
transport: canary vendor 'decodo_patchright'
2026-08-14 21:23:14,769 INFO vendor decodo_patchright: 64 prox(y/ies), sticky session re-minted -> session-cap1786756994w26
pending=5452 shard=14/31 assigned=176
transport: canary vendor 'decodo_patchright'
pending=5452 shard=29/31 assigned=175
transport: canary vendor 'decodo_patchright'
2026-08-14 21:23:14,986 INFO vendor decodo_patchright: 64 prox(y/ies), sticky session re-minted -> session-cap1786756994w14
2026-08-14 21:23:14,986 INFO vendor decodo_patchright: 64 prox(y/ies), sticky session re-minted -> session-cap1786756994w29
pending=5452 shard=23/31 assigned=176
transport: canary vendor 'decodo_patchright'
2026-08-14 21:23:15,052 INFO vendor decodo_patchright: 64 prox(y/ies), sticky session re-minted -> session-cap1786756995w23
pending=5452 shard=20/31 assigned=176
transport: canary vendor 'decodo_patchright'
2026-08-14 21:23:15,032 INFO vendor decodo_patchright: 64 prox(y/ies), sticky session re-minted -> session-cap1786756995w20
pending=5452 shard=11/31 assigned=176
transport: canary vendor 'decodo_patchright'
2026-08-14 21:23:15,049 INFO vendor decodo_patchright: 64 prox(y/ies), sticky session re-minted -> session-cap1786756995w11
pending=5452 shard=28/31 assigned=175
transport: canary vendor 'decodo_patchright'
pending=5452 shard=24/31 assigned=176
transport: canary vendor 'decodo_patchright'
2026-08-14 21:23:15,105 INFO vendor decodo_patchright: 64 prox(y/ies), sticky session re-minted -> session-cap1786756995w24
pending=5452 shard=15/31 assigned=176
transport: canary vendor 'decodo_patchright'
2026-08-14 21:23:15,105 INFO vendor decodo_patchright: 64 prox(y/ies), sticky session re-minted -> session-cap1786756995w28
pending=5452 shard=1/31 assigned=176
transport: canary vendor 'decodo_patchright'
2026-08-14 21:23:15,144 INFO vendor decodo_patchright: 64 prox(y/ies), sticky session re-minted -> session-cap1786756995w1
2026-08-14 21:23:15,123 INFO vendor decodo_patchright: 64 prox(y/ies), sticky session re-minted -> session-cap1786756995w15
2026-08-14 21:23:44,150 WARNING challenge not cleared for contest_id=1353655 -- bundle not written
2026-08-14 21:23:45,238 WARNING challenge not cleared for contest_id=1355138 -- bundle not written
captured=0 skipped=175 failed=1
EXIT=0
2026-08-14 21:23:46,082 WARNING challenge not cleared for contest_id=1354527 -- bundle not written
2026-08-14 21:23:46,395 WARNING challenge not cleared for contest_id=1350256 -- bundle not written
2026-08-14 21:23:47,468 WARNING challenge not cleared for contest_id=1351724 -- bundle not written
2026-08-14 21:23:47,501 WARNING challenge not cleared for contest_id=1351681 -- bundle not written
2026-08-14 21:23:47,515 WARNING challenge not cleared for contest_id=1357853 -- bundle not written
captured=0 skipped=175 failed=1
captured=0 skipped=175 failed=1
captured=0 skipped=175 failed=1
2026-08-14 21:23:48,195 WARNING challenge not cleared for contest_id=1345457 -- bundle not written
EXIT=0
EXIT=0
EXIT=0
2026-08-14 21:23:48,668 WARNING challenge not cleared for contest_id=1349667 -- bundle not written
2026-08-14 21:23:48,979 WARNING challenge not cleared for contest_id=1352147 -- bundle not written
2026-08-14 21:23:49,988 WARNING challenge not cleared for contest_id=1356201 -- bundle not written
2026-08-14 21:23:49,996 WARNING challenge not cleared for contest_id=1352798 -- bundle not written
2026-08-14 21:23:50,434 WARNING challenge not cleared for contest_id=1346536 -- bundle not written
captured=0 skipped=175 failed=1
2026-08-14 21:23:50,780 WARNING challenge not cleared for contest_id=1353127 -- bundle not written
EXIT=0
captured=0 skipped=175 failed=1
2026-08-14 21:23:51,062 WARNING challenge not cleared for contest_id=1343476 -- bundle not written
EXIT=0
2026-08-14 21:23:52,178 WARNING challenge not cleared for contest_id=1346172 -- bundle not written
2026-08-14 21:23:52,346 WARNING challenge not cleared for contest_id=1348093 -- bundle not written
2026-08-14 21:23:52,357 WARNING challenge not cleared for contest_id=1353473 -- bundle not written
captured=0 skipped=174 failed=1
2026-08-14 21:23:52,549 WARNING challenge not cleared for contest_id=1346275 -- bundle not written
2026-08-14 21:23:52,537 WARNING challenge not cleared for contest_id=1344511 -- bundle not written
EXIT=0
2026-08-14 21:23:53,112 WARNING challenge not cleared for contest_id=1354274 -- bundle not written
2026-08-14 21:23:53,594 WARNING challenge not cleared for contest_id=1354962 -- bundle not written
2026-08-14 21:23:53,694 WARNING challenge not cleared for contest_id=1355648 -- bundle not written
captured=0 skipped=175 failed=1
EXIT=0
2026-08-14 21:23:55,457 WARNING challenge not cleared for contest_id=1351067 -- bundle not written
2026-08-14 21:23:56,165 WARNING challenge not cleared for contest_id=1353927 -- bundle not written
2026-08-14 21:23:56,228 WARNING challenge not cleared for contest_id=1358200 -- bundle not written
captured=0 skipped=175 failed=1
EXIT=0
2026-08-14 21:23:56,719 WARNING challenge not cleared for contest_id=1358217 -- bundle not written
captured=0 skipped=175 failed=1
EXIT=0
2026-08-14 21:23:59,524 WARNING challenge not cleared for contest_id=1357627 -- bundle not written
2026-08-14 21:24:15,678 WARNING challenge not cleared for contest_id=1353859 -- bundle not written
captured=0 skipped=173 failed=2
EXIT=0
2026-08-14 21:24:17,651 WARNING challenge not cleared for contest_id=1358572 -- bundle not written
2026-08-14 21:24:18,284 WARNING challenge not cleared for contest_id=1352802 -- bundle not written
2026-08-14 21:24:18,780 WARNING challenge not cleared for contest_id=1357636 -- bundle not written
captured=0 skipped=174 failed=2
EXIT=0
2026-08-14 21:24:19,860 WARNING challenge not cleared for contest_id=1350556 -- bundle not written
2026-08-14 21:24:20,824 WARNING challenge not cleared for contest_id=1358552 -- bundle not written
2026-08-14 21:24:20,901 WARNING challenge not cleared for contest_id=1358399 -- bundle not written
captured=0 skipped=174 failed=2
captured=0 skipped=174 failed=2
EXIT=0
EXIT=0
2026-08-14 21:24:21,470 WARNING challenge not cleared for contest_id=1355515 -- bundle not written
captured=0 skipped=174 failed=2
2026-08-14 21:24:21,880 WARNING challenge not cleared for contest_id=1353718 -- bundle not written
EXIT=0
2026-08-14 21:24:23,512 WARNING challenge not cleared for contest_id=1354538 -- bundle not written
captured=0 skipped=174 failed=2
2026-08-14 21:24:23,761 WARNING challenge not cleared for contest_id=1351267 -- bundle not written
captured=0 skipped=174 failed=2
EXIT=0
2026-08-14 21:24:24,122 WARNING challenge not cleared for contest_id=1350191 -- bundle not written
EXIT=0
captured=0 skipped=174 failed=2
2026-08-14 21:24:24,326 WARNING challenge not cleared for contest_id=1358350 -- bundle not written
2026-08-14 21:24:24,374 WARNING challenge not cleared for contest_id=1354665 -- bundle not written
captured=0 skipped=173 failed=2
captured=0 skipped=174 failed=2
EXIT=0
2026-08-14 21:24:24,610 WARNING challenge not cleared for contest_id=1351985 -- bundle not written
EXIT=0
EXIT=0
2026-08-14 21:24:27,142 WARNING challenge not cleared for contest_id=1358424 -- bundle not written
captured=0 skipped=174 failed=2
EXIT=0
2026-08-14 21:24:28,092 WARNING challenge not cleared for contest_id=1358707 -- bundle not written
captured=0 skipped=174 failed=2
EXIT=0
2026-08-14 21:24:29,708 WARNING challenge not cleared for contest_id=1355965 -- bundle not written
captured=0 skipped=174 failed=2
EXIT=0
2026-08-14 21:24:32,412 WARNING challenge not cleared for contest_id=1358338 -- bundle not written
captured=0 skipped=174 failed=2
EXIT=0
2026-08-14 21:24:49,345 WARNING challenge not cleared for contest_id=1358740 -- bundle not written
captured=0 skipped=173 failed=3
EXIT=0
2026-08-14 21:24:49,974 WARNING challenge not cleared for contest_id=1357665 -- bundle not written
2026-08-14 21:24:50,778 WARNING challenge not cleared for contest_id=1354662 -- bundle not written
captured=0 skipped=173 failed=3
EXIT=0
2026-08-14 21:24:53,815 WARNING challenge not cleared for contest_id=1358392 -- bundle not written
captured=0 skipped=173 failed=3
EXIT=0
2026-08-14 21:24:56,534 WARNING challenge not cleared for contest_id=1355541 -- bundle not written
captured=0 skipped=173 failed=2
EXIT=0
2026-08-14 21:25:21,363 WARNING challenge not cleared for contest_id=1358185 -- bundle not written
captured=0 skipped=172 failed=4
EXIT=0
[21:25:21] === parse captured bundles -> wbb/json/ ===
log -> logs/parse_20260814_212521.log  (watch: tail -f logs/parse_20260814_212521.log)
seasons=all bundles=93884 pending=0 force=False shard=8/16 assigned=0
parsed=0 failed=0

EXIT=0
[21:25:35] DONE: captured_bundles=93884 parsed_json=93884 (capture rc=0)
[21:25:35] next -> build the -data parquet (Phase 2, not yet built as of this branch):
[21:25:35]   cd /c/Users/saiem/Documents/GitHub-Data/sdv-dev/wehoop-dev/ncaa-wbb-hoops-raw/../ncaa-wbb-hoops-data && python -m ncaa_wbb_data_build build --dataset all --season 2010
EXIT=0
[2026-08-14 21:25:35] season 2010: round 2 captured nothing (53 left, un-capturable) -- treating as done
[2026-08-14 21:25:35] campaign finished 2026..2010
EXIT=0
